{1} manila_tempest_tests.tests.api.******.test_export_locations_negative.ExportLocationsAPIOnlyNegativeTest.test_get_export_locations_by_nonexistent_share [1.593914s] ... ok
{3} manila_tempest_tests.tests.api.******.test_******_actions_negative.AdminActionsAPIOnlyNegativeTest.test_force_delete_nonexistent_share [0.821033s] ... ok
{1} manila_tempest_tests.tests.api.******.test_export_locations_negative.ExportLocationsAPIOnlyNegativeTest.test_get_export_locations_by_nonexistent_share_instance [0.327352s] ... ok
{3} manila_tempest_tests.tests.api.******.test_******_actions_negative.AdminActionsAPIOnlyNegativeTest.test_force_delete_nonexistent_share_instance [0.570068s] ... ok
{3} manila_tempest_tests.tests.api.******.test_******_actions_negative.AdminActionsAPIOnlyNegativeTest.test_force_delete_nonexistent_snapshot ... SKIPPED: Snapshot tests are disabled.
{3} manila_tempest_tests.tests.api.******.test_******_actions_negative.AdminActionsAPIOnlyNegativeTest.test_migration_API_invalid_microversion_1_migrate_share [0.154194s] ... ok
{3} manila_tempest_tests.tests.api.******.test_******_actions_negative.AdminActionsAPIOnlyNegativeTest.test_migration_API_invalid_microversion_2_migration_complete [0.008536s] ... ok
{3} manila_tempest_tests.tests.api.******.test_******_actions_negative.AdminActionsAPIOnlyNegativeTest.test_migration_API_invalid_microversion_3_reset_task_state [0.006970s] ... ok
{3} manila_tempest_tests.tests.api.******.test_******_actions_negative.AdminActionsAPIOnlyNegativeTest.test_migration_API_invalid_microversion_4_migration_get_progress [0.013439s] ... ok
{3} manila_tempest_tests.tests.api.******.test_******_actions_negative.AdminActionsAPIOnlyNegativeTest.test_migration_API_invalid_microversion_5_migration_cancel [0.008739s] ... ok
{3} manila_tempest_tests.tests.api.******.test_******_actions_negative.AdminActionsAPIOnlyNegativeTest.test_reset_nonexistent_share_instance_state [0.017079s] ... ok
{3} manila_tempest_tests.tests.api.******.test_******_actions_negative.AdminActionsAPIOnlyNegativeTest.test_reset_nonexistent_share_state [0.014488s] ... ok
{3} manila_tempest_tests.tests.api.******.test_******_actions_negative.AdminActionsAPIOnlyNegativeTest.test_reset_nonexistent_snapshot_state ... SKIPPED: Snapshot tests are disabled.
{3} manila_tempest_tests.tests.api.******.test_******_actions_negative.AdminActionsAPIOnlyNegativeTest.test_reset_task_state_share_not_found [0.107586s] ... ok
{3} manila_tempest_tests.tests.api.******.test_******_actions_negative.AdminActionsAPIOnlyNegativeTest.test_try_list_share_instance_with_member [0.012866s] ... ok
{1} setUpClass (manila_tempest_tests.tests.api.******.test_migration.MigrationCancelNFSTest) ... SKIPPED: Share migration tests are disabled.
{1} setUpClass (manila_tempest_tests.tests.api.******.test_migration.MigrationOfShareWithSnapshotNFSTest) ... SKIPPED: Share migration tests are disabled.
{0} manila_tempest_tests.tests.api.******.test_******_actions.AdminActionsTest.test_ensure_share_server_creation_when_dhss_enabled [0.035725s] ... ok
{1} setUpClass (manila_tempest_tests.tests.api.******.test_migration.MigrationOppositeDriverModesNFSTest) ... SKIPPED: Share migration tests are disabled.
{1} setUpClass (manila_tempest_tests.tests.api.******.test_replication.ReplicationAdminTest) ... SKIPPED: Replication tests are disabled.
{1} setUpClass (manila_tempest_tests.tests.api.******.test_share_group_types.ShareGroupTypesTest) ... SKIPPED: Share Group tests disabled.
{1} setUpClass (manila_tempest_tests.tests.api.******.test_share_group_types_negative.ShareGroupTypesAdminNegativeTest) ... SKIPPED: Share Group tests disabled.
{1} setUpClass (manila_tempest_tests.tests.api.******.test_share_manage.ManageHDFSShareTest) ... SKIPPED: hdfs tests are disabled
{1} setUpClass (manila_tempest_tests.tests.api.******.test_share_manage.ManageMapRFSShareTest) ... SKIPPED: maprfs tests are disabled
{1} setUpClass (manila_tempest_tests.tests.api.******.test_share_manage_negative.ManageCIFSShareNegativeTest) ... SKIPPED: cifs tests are disabled
{1} setUpClass (manila_tempest_tests.tests.api.******.test_share_manage_negative.ManageGLUSTERFSShareNegativeTest) ... SKIPPED: glusterfs tests are disabled
{1} setUpClass (manila_tempest_tests.tests.api.******.test_share_manage_negative.ManageMapRFSShareNegativeTest) ... SKIPPED: maprfs tests are disabled
{1} setUpClass (manila_tempest_tests.tests.api.******.test_share_servers.ShareServersAdminTest) ... SKIPPED: Share servers can be tested only with multitenant drivers.
{1} setUpClass (manila_tempest_tests.tests.api.******.test_share_servers_migration.ShareServerMigrationBasicCIFS) ... SKIPPED: cifs tests are disabled.
{1} setUpClass (manila_tempest_tests.tests.api.******.test_share_servers_migration_negative.ShareServerMigrationInvalidParametersNFS) ... SKIPPED: Multitenancy tests are disabled.
{1} manila_tempest_tests.tests.api.******.test_share_servers_negative.ShareServersNegativeAdminTest.test_delete_share_server_with_member [0.164591s] ... ok
{1} manila_tempest_tests.tests.api.******.test_share_servers_negative.ShareServersNegativeAdminTest.test_delete_share_server_with_nonexistent_id [0.322720s] ... ok
{1} manila_tempest_tests.tests.api.******.test_share_servers_negative.ShareServersNegativeAdminTest.test_list_share_servers_with_fake_host [0.078575s] ... ok
{1} manila_tempest_tests.tests.api.******.test_share_servers_negative.ShareServersNegativeAdminTest.test_list_share_servers_with_fake_project [0.058470s] ... ok
{1} manila_tempest_tests.tests.api.******.test_share_servers_negative.ShareServersNegativeAdminTest.test_list_share_servers_with_fake_share_network [0.028755s] ... ok
{3} manila_tempest_tests.tests.api.******.test_******_actions_negative.AdminActionsNegativeTest.test_reset_share_instance_state_to_unacceptable_state [0.009750s] ... ok
{3} manila_tempest_tests.tests.api.******.test_******_actions_negative.AdminActionsNegativeTest.test_reset_share_state_to_unacceptable_state [0.010560s] ... ok
{3} manila_tempest_tests.tests.api.******.test_******_actions_negative.AdminActionsNegativeTest.test_reset_snapshot_state_to_unacceptable_state ... SKIPPED: Snapshot tests are disabled.
{3} manila_tempest_tests.tests.api.******.test_******_actions_negative.AdminActionsNegativeTest.test_reset_task_state_invalid_state [0.010522s] ... ok
{1} manila_tempest_tests.tests.api.******.test_share_servers_negative.ShareServersNegativeAdminTest.test_list_share_servers_with_fake_status [0.171975s] ... ok
{1} manila_tempest_tests.tests.api.******.test_share_servers_negative.ShareServersNegativeAdminTest.test_list_share_servers_with_wrong_filter_key [0.023680s] ... ok
{3} manila_tempest_tests.tests.api.******.test_******_actions_negative.AdminActionsNegativeTest.test_try_force_delete_share_instance_with_member [0.087286s] ... ok
{3} manila_tempest_tests.tests.api.******.test_******_actions_negative.AdminActionsNegativeTest.test_try_force_delete_share_with_member [0.011395s] ... ok
{3} manila_tempest_tests.tests.api.******.test_******_actions_negative.AdminActionsNegativeTest.test_try_force_delete_snapshot_with_member ... SKIPPED: Snapshot tests are disabled.
{1} manila_tempest_tests.tests.api.******.test_share_servers_negative.ShareServersNegativeAdminTest.test_list_share_servers_with_wrong_filter_value [0.021630s] ... ok
{3} manila_tempest_tests.tests.api.******.test_******_actions_negative.AdminActionsNegativeTest.test_try_get_instances_of_share_with_member [0.008633s] ... ok
{3} manila_tempest_tests.tests.api.******.test_******_actions_negative.AdminActionsNegativeTest.test_try_get_share_instance_with_member [0.009011s] ... ok
{1} manila_tempest_tests.tests.api.******.test_share_servers_negative.ShareServersNegativeAdminTest.test_show_share_server_details_with_inexistent_id [0.020320s] ... ok
{3} manila_tempest_tests.tests.api.******.test_******_actions_negative.AdminActionsNegativeTest.test_try_reset_share_instance_state_with_member [0.009577s] ... ok
{3} manila_tempest_tests.tests.api.******.test_******_actions_negative.AdminActionsNegativeTest.test_try_reset_share_state_with_member [0.008557s] ... ok
{3} manila_tempest_tests.tests.api.******.test_******_actions_negative.AdminActionsNegativeTest.test_try_reset_snapshot_state_with_member ... SKIPPED: Snapshot tests are disabled.
{1} manila_tempest_tests.tests.api.******.test_share_servers_negative.ShareServersNegativeAdminTest.test_show_share_server_with_inexistent_id [0.021311s] ... ok
{1} manila_tempest_tests.tests.api.******.test_share_servers_negative.ShareServersNegativeAdminTest.test_try_list_share_servers_with_member [0.009357s] ... ok
{1} manila_tempest_tests.tests.api.******.test_share_servers_negative.ShareServersNegativeAdminTest.test_try_show_share_server_details_with_member [0.007709s] ... ok
{1} manila_tempest_tests.tests.api.******.test_share_servers_negative.ShareServersNegativeAdminTest.test_try_show_share_server_with_member [0.008420s] ... ok
{1} setUpClass (manila_tempest_tests.tests.api.******.test_share_snapshot_instances_negative.SnapshotInstancesNegativeNoResourceTest) ... SKIPPED: Snapshot tests are disabled.
{1} setUpClass (manila_tempest_tests.tests.api.******.test_snapshot_export_locations.SnapshotExportLocationsTest) ... SKIPPED: Snapshot tests are disabled.
{1} setUpClass (manila_tempest_tests.tests.api.******.test_snapshot_manage.ManageGLUSTERFSSnapshotTest) ... SKIPPED: Manage/unmanage snapshot tests are disabled.
{1} setUpClass (manila_tempest_tests.tests.api.******.test_snapshot_manage_negative.ManageCIFSSnapshotNegativeTest) ... SKIPPED: Manage/unmanage snapshot tests are disabled.
{1} setUpClass (manila_tempest_tests.tests.api.******.test_snapshot_manage_negative.ManageMapRFSSnapshotNegativeTest) ... SKIPPED: Manage/unmanage snapshot tests are disabled.
{1} setUpClass (manila_tempest_tests.tests.api.******.test_snapshot_manage_negative.ManageNFSSnapshotNegativeTest) ... SKIPPED: Manage/unmanage snapshot tests are disabled.
{1} manila_tempest_tests.tests.api.******.test_user_messages_negative.UserMessageNegativeTest.test_delete_message_of_other_tenants [7.162967s] ... ok
{1} manila_tempest_tests.tests.api.******.test_user_messages_negative.UserMessageNegativeTest.test_delete_nonexistent_message [6.573656s] ... ok
{1} manila_tempest_tests.tests.api.******.test_user_messages_negative.UserMessageNegativeTest.test_list_messages_with_invalid_time_format [6.553078s] ... ok
{1} manila_tempest_tests.tests.api.******.test_user_messages_negative.UserMessageNegativeTest.test_show_message_of_other_tenants [6.598991s] ... ok
{2} manila_tempest_tests.tests.api.******.test_export_locations_negative.ExportLocationsNegativeTest.test_get_inexistent_share_export_location [0.070977s] ... ok
{2} manila_tempest_tests.tests.api.******.test_export_locations_negative.ExportLocationsNegativeTest.test_get_inexistent_share_instance_export_location [0.070587s] ... ok
{2} manila_tempest_tests.tests.api.******.test_export_locations_negative.ExportLocationsNegativeTest.test_get_share_export_location_by_different_project_user [0.249856s] ... ok
{2} manila_tempest_tests.tests.api.******.test_export_locations_negative.ExportLocationsNegativeTest.test_get_share_instance_export_locations_as_member [0.198567s] ... ok
{2} manila_tempest_tests.tests.api.******.test_export_locations_negative.ExportLocationsNegativeTest.test_list_share_export_locations_by_different_project_user [0.036206s] ... ok
{2} manila_tempest_tests.tests.api.******.test_export_locations_negative.ExportLocationsNegativeTest.test_list_share_instance_export_locations_as_member [0.010044s] ... ok
{1} manila_tempest_tests.tests.api.******.test_user_messages_negative.UserMessageNegativeTest.test_show_nonexistent_message [6.563003s] ... ok
{3} manila_tempest_tests.tests.api.******.test_export_locations.ExportLocationsTest.test_get_share_export_location [0.173795s] ... ok
{3} manila_tempest_tests.tests.api.******.test_export_locations.ExportLocationsTest.test_get_share_export_location_by_member [0.332107s] ... ok
{2} setUpClass (manila_tempest_tests.tests.api.******.test_multi_backend.ShareMultiBackendTest) ... SKIPPED: Manila multi-backend tests are disabled.
{3} manila_tempest_tests.tests.api.******.test_export_locations.ExportLocationsTest.test_get_share_instance_export_location [0.163388s] ... ok
{0} manila_tempest_tests.tests.api.******.test_******_actions.AdminActionsTest.test_extend_share_force_1_True [52.419373s] ... ok
{3} manila_tempest_tests.tests.api.******.test_export_locations.ExportLocationsTest.test_list_share_export_locations [0.113630s] ... ok
{3} manila_tempest_tests.tests.api.******.test_export_locations.ExportLocationsTest.test_list_share_export_locations_by_member [0.121620s] ... ok
{3} manila_tempest_tests.tests.api.******.test_export_locations.ExportLocationsTest.test_list_share_export_locations_with_preferred_flag [0.105937s] ... ok
{3} manila_tempest_tests.tests.api.******.test_export_locations.ExportLocationsTest.test_list_share_instance_export_locations [0.061151s] ... ok
{3} manila_tempest_tests.tests.api.******.test_export_locations.ExportLocationsTest.test_list_share_instance_export_locations_with_preferred_flag [0.059463s] ... ok
{3} manila_tempest_tests.tests.api.******.test_export_locations.ExportLocationsTest.test_share_contains_all_export_locations_of_all_share_instances [0.158584s] ... ok
{3} setUpClass (manila_tempest_tests.tests.api.******.test_migration.MigrationTwoPhaseNFSTest) ... SKIPPED: Share migration tests are disabled.
{1} manila_tempest_tests.tests.api.test_access_rules_metadata.AccessRulesMetadataTest.test_list_access_filter_by_metadata [6.840337s] ... ok
{3} setUpClass (manila_tempest_tests.tests.api.******.test_migration.MigrationWithShareExtendingNFSTest) ... SKIPPED: Share migration tests are disabled.
{3} setUpClass (manila_tempest_tests.tests.api.******.test_migration.MigrationWithShareShrinkingNFSTest) ... SKIPPED: Share migration tests are disabled.
{3} manila_tempest_tests.tests.api.******.test_quotas_negative.SharesAdminQuotasNegativeTest.test_create_share_group_with_exceeding_quota_limit ... SKIPPED: Share Group tests disabled.
{1} manila_tempest_tests.tests.api.test_access_rules_metadata.AccessRulesMetadataTest.test_set_get_delete_access_metadata [6.967466s] ... ok
{1} manila_tempest_tests.tests.api.test_access_rules_metadata.AccessRulesMetadataTest.test_update_metadata_by_key [0.150664s] ... ok
{0} manila_tempest_tests.tests.api.******.test_******_actions.AdminActionsTest.test_extend_share_force_2_False [25.320806s] ... ok
{3} manila_tempest_tests.tests.api.******.test_quotas_negative.SharesAdminQuotasNegativeTest.test_create_share_over_quota_limit [12.584473s] ... ok
{3} manila_tempest_tests.tests.api.******.test_quotas_negative.SharesAdminQuotasNegativeTest.test_create_share_with_size_bigger_than_quota [0.081481s] ... ok
{3} manila_tempest_tests.tests.api.******.test_quotas_negative.SharesAdminQuotasNegativeTest.test_create_snapshot_over_quota_limit ... SKIPPED: Snapshot tests are disabled.
{3} manila_tempest_tests.tests.api.******.test_quotas_negative.SharesAdminQuotasNegativeTest.test_get_quotas_with_empty_tenant_id [0.007026s] ... ok
{3} manila_tempest_tests.tests.api.******.test_quotas_negative.SharesAdminQuotasNegativeTest.test_quotas_providing_share_type_and_user_id_1_show [0.034260s] ... ok
{3} manila_tempest_tests.tests.api.******.test_quotas_negative.SharesAdminQuotasNegativeTest.test_quotas_providing_share_type_and_user_id_2_reset [0.028553s] ... ok
{3} manila_tempest_tests.tests.api.******.test_quotas_negative.SharesAdminQuotasNegativeTest.test_quotas_providing_share_type_and_user_id_3_update [0.053772s] ... ok
{3} manila_tempest_tests.tests.api.******.test_quotas_negative.SharesAdminQuotasNegativeTest.test_reset_quotas_with_empty_tenant_id [0.007245s] ... ok
{3} manila_tempest_tests.tests.api.******.test_quotas_negative.SharesAdminQuotasNegativeTest.test_share_group_quotas_using_too_old_microversion_1_share_groups [0.033737s] ... ok
{3} manila_tempest_tests.tests.api.******.test_quotas_negative.SharesAdminQuotasNegativeTest.test_share_group_quotas_using_too_old_microversion_2_share_group_snapshots [0.022749s] ... ok
{3} manila_tempest_tests.tests.api.******.test_quotas_negative.SharesAdminQuotasNegativeTest.test_share_replica_quotas_using_too_old_microversion_1_share_replicas [0.027437s] ... ok
{3} manila_tempest_tests.tests.api.******.test_quotas_negative.SharesAdminQuotasNegativeTest.test_share_replica_quotas_using_too_old_microversion_2_replica_gigabytes [0.021188s] ... ok
{3} manila_tempest_tests.tests.api.******.test_quotas_negative.SharesAdminQuotasNegativeTest.test_share_type_quotas_using_nonexistent_share_type_1_show [0.015954s] ... ok
{3} manila_tempest_tests.tests.api.******.test_quotas_negative.SharesAdminQuotasNegativeTest.test_share_type_quotas_using_nonexistent_share_type_2_reset [0.014403s] ... ok
{3} manila_tempest_tests.tests.api.******.test_quotas_negative.SharesAdminQuotasNegativeTest.test_share_type_quotas_using_nonexistent_share_type_3_update [0.032360s] ... ok
{3} manila_tempest_tests.tests.api.******.test_quotas_negative.SharesAdminQuotasNegativeTest.test_share_type_quotas_using_too_old_microversion_1_show [0.031833s] ... ok
{3} manila_tempest_tests.tests.api.******.test_quotas_negative.SharesAdminQuotasNegativeTest.test_share_type_quotas_using_too_old_microversion_2_reset [0.029810s] ... ok
{3} manila_tempest_tests.tests.api.******.test_quotas_negative.SharesAdminQuotasNegativeTest.test_share_type_quotas_using_too_old_microversion_3_update [0.050993s] ... ok
{3} manila_tempest_tests.tests.api.******.test_quotas_negative.SharesAdminQuotasNegativeTest.test_show_quota_detail_with_wrong_versions [0.009967s] ... ok
{3} manila_tempest_tests.tests.api.******.test_quotas_negative.SharesAdminQuotasNegativeTest.test_show_quotas_with_wrong_versions_01___quota_sets____2_0____show_quotas__ [0.008787s] ... ok
{3} manila_tempest_tests.tests.api.******.test_quotas_negative.SharesAdminQuotasNegativeTest.test_show_quotas_with_wrong_versions_02___quota_sets____2_0____default_quotas__ [0.007564s] ... ok
{3} manila_tempest_tests.tests.api.******.test_quotas_negative.SharesAdminQuotasNegativeTest.test_show_quotas_with_wrong_versions_03___quota_sets____2_0____reset_quotas__ [0.010018s] ... ok
{3} manila_tempest_tests.tests.api.******.test_quotas_negative.SharesAdminQuotasNegativeTest.test_show_quotas_with_wrong_versions_04___quota_sets____2_0____update_quotas__ [0.007630s] ... ok
{3} manila_tempest_tests.tests.api.******.test_quotas_negative.SharesAdminQuotasNegativeTest.test_show_quotas_with_wrong_versions_05___quota_sets____2_6____show_quotas__ [0.007533s] ... ok
{3} manila_tempest_tests.tests.api.******.test_quotas_negative.SharesAdminQuotasNegativeTest.test_show_quotas_with_wrong_versions_06___quota_sets____2_6____default_quotas__ [0.007526s] ... ok
{3} manila_tempest_tests.tests.api.******.test_quotas_negative.SharesAdminQuotasNegativeTest.test_show_quotas_with_wrong_versions_07___quota_sets____2_6____reset_quotas__ [0.013197s] ... ok
{3} manila_tempest_tests.tests.api.******.test_quotas_negative.SharesAdminQuotasNegativeTest.test_show_quotas_with_wrong_versions_08___quota_sets____2_6____update_quotas__ [0.009046s] ... ok
{3} manila_tempest_tests.tests.api.******.test_quotas_negative.SharesAdminQuotasNegativeTest.test_show_quotas_with_wrong_versions_09___os_quota_sets____2_7____show_quotas__ [0.007813s] ... ok
{3} manila_tempest_tests.tests.api.******.test_quotas_negative.SharesAdminQuotasNegativeTest.test_show_quotas_with_wrong_versions_10___os_quota_sets____2_7____default_quotas__ [0.007574s] ... ok
{3} manila_tempest_tests.tests.api.******.test_quotas_negative.SharesAdminQuotasNegativeTest.test_show_quotas_with_wrong_versions_11___os_quota_sets____2_7____reset_quotas__ [0.006979s] ... ok
{3} manila_tempest_tests.tests.api.******.test_quotas_negative.SharesAdminQuotasNegativeTest.test_show_quotas_with_wrong_versions_12___os_quota_sets____2_7____update_quotas__ [0.007926s] ... ok
{3} manila_tempest_tests.tests.api.******.test_quotas_negative.SharesAdminQuotasNegativeTest.test_try_set_user_quota_gigabytes_bigger_than_tenant_quota [0.049891s] ... ok
{3} manila_tempest_tests.tests.api.******.test_quotas_negative.SharesAdminQuotasNegativeTest.test_try_set_user_quota_replicas_bigger_than_tenant_quota_1_share_replicas [0.069426s] ... ok
{3} manila_tempest_tests.tests.api.******.test_quotas_negative.SharesAdminQuotasNegativeTest.test_try_set_user_quota_replicas_bigger_than_tenant_quota_2_replica_gigabytes [0.059812s] ... ok
{3} manila_tempest_tests.tests.api.******.test_quotas_negative.SharesAdminQuotasNegativeTest.test_try_set_user_quota_share_networks_bigger_than_tenant_quota [0.060426s] ... ok
{3} manila_tempest_tests.tests.api.******.test_quotas_negative.SharesAdminQuotasNegativeTest.test_try_set_user_quota_shares_bigger_than_tenant_quota [0.055474s] ... ok
{3} manila_tempest_tests.tests.api.******.test_quotas_negative.SharesAdminQuotasNegativeTest.test_try_set_user_quota_snap_gigabytes_bigger_than_tenant_quota [0.055564s] ... ok
{3} manila_tempest_tests.tests.api.******.test_quotas_negative.SharesAdminQuotasNegativeTest.test_try_set_user_quota_snaps_bigger_than_tenant_quota [0.051758s] ... ok
{3} manila_tempest_tests.tests.api.******.test_quotas_negative.SharesAdminQuotasNegativeTest.test_try_update_share_type_quota_for_share_groups_1_share_groups [0.051084s] ... ok
{3} manila_tempest_tests.tests.api.******.test_quotas_negative.SharesAdminQuotasNegativeTest.test_try_update_share_type_quota_for_share_groups_2_share_group_snapshots [0.050777s] ... ok
{1} manila_tempest_tests.tests.api.test_extensions.ExtensionsTest.test_extensions [0.086284s] ... ok
{3} manila_tempest_tests.tests.api.******.test_quotas_negative.SharesAdminQuotasNegativeTest.test_try_update_share_type_quota_for_share_networks_1_id [0.066153s] ... ok
{3} manila_tempest_tests.tests.api.******.test_quotas_negative.SharesAdminQuotasNegativeTest.test_try_update_share_type_quota_for_share_networks_2_name [0.067736s] ... ok
{3} manila_tempest_tests.tests.api.******.test_quotas_negative.SharesAdminQuotasNegativeTest.test_update_quota_with_wrong_data_1 [0.028508s] ... ok
{3} manila_tempest_tests.tests.api.******.test_quotas_negative.SharesAdminQuotasNegativeTest.test_update_quota_with_wrong_data_2 [0.030325s] ... ok
{3} manila_tempest_tests.tests.api.******.test_quotas_negative.SharesAdminQuotasNegativeTest.test_update_quota_with_wrong_data_3 [0.031676s] ... ok
{3} manila_tempest_tests.tests.api.******.test_quotas_negative.SharesAdminQuotasNegativeTest.test_update_quota_with_wrong_data_4 [0.026482s] ... ok
{3} manila_tempest_tests.tests.api.******.test_quotas_negative.SharesAdminQuotasNegativeTest.test_update_quota_with_wrong_data_5 [0.031402s] ... ok
{3} manila_tempest_tests.tests.api.******.test_quotas_negative.SharesAdminQuotasNegativeTest.test_update_quota_with_wrong_data_6 [0.028606s] ... ok
{3} manila_tempest_tests.tests.api.******.test_quotas_negative.SharesAdminQuotasNegativeTest.test_update_replica_quotas_wrong_data_1 [0.025912s] ... ok
{3} manila_tempest_tests.tests.api.******.test_quotas_negative.SharesAdminQuotasNegativeTest.test_update_replica_quotas_wrong_data_2 [0.026673s] ... ok
{3} manila_tempest_tests.tests.api.******.test_quotas_negative.SharesAdminQuotasNegativeTest.test_update_sg_quota_with_wrong_data_1 ... SKIPPED: Share Group tests disabled.
{3} manila_tempest_tests.tests.api.******.test_quotas_negative.SharesAdminQuotasNegativeTest.test_update_sg_quota_with_wrong_data_2 ... SKIPPED: Share Group tests disabled.
{3} manila_tempest_tests.tests.api.******.test_quotas_negative.SharesAdminQuotasNegativeTest.test_update_share_type_quotas_bigger_than_project_quota_1_11 [0.135146s] ... ok
{3} manila_tempest_tests.tests.api.******.test_quotas_negative.SharesAdminQuotasNegativeTest.test_update_share_type_quotas_bigger_than_project_quota_2__1 [0.121939s] ... ok
{2} manila_tempest_tests.tests.api.******.test_quotas.SharesAdminQuotasUpdateTest.test_quotas_usages [44.184949s] ... ok
{2} manila_tempest_tests.tests.api.******.test_quotas.SharesAdminQuotasUpdateTest.test_reset_share_type_quotas_1___id___True_ [0.262708s] ... ok
{2} manila_tempest_tests.tests.api.******.test_quotas.SharesAdminQuotasUpdateTest.test_reset_share_type_quotas_2___name___False_ [0.269314s] ... ok
{2} manila_tempest_tests.tests.api.******.test_quotas.SharesAdminQuotasUpdateTest.test_reset_tenant_quotas [0.135774s] ... ok
{2} manila_tempest_tests.tests.api.******.test_quotas.SharesAdminQuotasUpdateTest.test_set_share_type_quota_bigger_than_users_quota [0.208932s] ... ok
{2} manila_tempest_tests.tests.api.******.test_quotas.SharesAdminQuotasUpdateTest.test_share_group_quotas_usages ... SKIPPED: Share Group tests disabled.
{2} manila_tempest_tests.tests.api.******.test_quotas.SharesAdminQuotasUpdateTest.test_unlimited_quota_for_gigabytes [0.082844s] ... ok
{2} manila_tempest_tests.tests.api.******.test_quotas.SharesAdminQuotasUpdateTest.test_unlimited_quota_for_replica_quotas_1_share_replicas [0.070508s] ... ok
{2} manila_tempest_tests.tests.api.******.test_quotas.SharesAdminQuotasUpdateTest.test_unlimited_quota_for_replica_quotas_2_replica_gigabytes [0.084721s] ... ok
{2} manila_tempest_tests.tests.api.******.test_quotas.SharesAdminQuotasUpdateTest.test_unlimited_quota_for_share_groups ... SKIPPED: Share Group tests disabled.
{3} setUpClass (manila_tempest_tests.tests.api.******.test_replication_actions.ReplicationActionsAdminTest) ... SKIPPED: Replication tests are disabled.
{3} setUpClass (manila_tempest_tests.tests.api.******.test_share_manage.ManageGLUSTERFSShareTest) ... SKIPPED: glusterfs tests are disabled
{3} setUpClass (manila_tempest_tests.tests.api.******.test_share_manage_negative.ManageCephFSShareNegativeTest) ... SKIPPED: cephfs tests are disabled
{3} setUpClass (manila_tempest_tests.tests.api.******.test_share_manage_negative.ManageHDFSShareNegativeTest) ... SKIPPED: hdfs tests are disabled
{3} setUpClass (manila_tempest_tests.tests.api.******.test_share_servers_manage.ManageShareServersTest) ... SKIPPED: Multitenancy tests are disabled.
{3} setUpClass (manila_tempest_tests.tests.api.******.test_share_servers_migration.ShareServerMigrationBasicNFS) ... SKIPPED: Multitenancy tests are disabled.
{3} setUpClass (manila_tempest_tests.tests.api.******.test_share_servers_migration_negative.ShareServerErrorStatusOperationCIFS) ... SKIPPED: cifs tests are disabled.
{3} setUpClass (manila_tempest_tests.tests.api.******.test_share_servers_migration_negative.ShareServerMigrationInvalidParametersCIFS) ... SKIPPED: cifs tests are disabled.
{3} setUpClass (manila_tempest_tests.tests.api.******.test_share_servers_migration_negative.ShareServerMigrationStartNegativesCIFS) ... SKIPPED: cifs tests are disabled.
{1} manila_tempest_tests.tests.api.test_metadata_negative.SharesMetadataNegativeTest.test_try_delete_unexisting_metadata [0.061586s] ... ok
{2} manila_tempest_tests.tests.api.******.test_quotas.SharesAdminQuotasUpdateTest.test_unlimited_quota_for_share_networks [0.075893s] ... ok
{1} manila_tempest_tests.tests.api.test_metadata_negative.SharesMetadataNegativeTest.test_try_set_metadata_with_empty_key [0.033826s] ... ok
{1} manila_tempest_tests.tests.api.test_metadata_negative.SharesMetadataNegativeTest.test_try_set_metadata_with_too_big_key [0.034199s] ... ok
{2} manila_tempest_tests.tests.api.******.test_quotas.SharesAdminQuotasUpdateTest.test_unlimited_quota_for_shares [0.073910s] ... ok
{1} manila_tempest_tests.tests.api.test_metadata_negative.SharesMetadataNegativeTest.test_try_set_metadata_with_too_big_value [0.034229s] ... ok
{1} manila_tempest_tests.tests.api.test_metadata_negative.SharesMetadataNegativeTest.test_try_update_metadata_with_empty_key [0.041529s] ... ok
{2} manila_tempest_tests.tests.api.******.test_quotas.SharesAdminQuotasUpdateTest.test_unlimited_quota_for_snapshot_gigabytes [0.078121s] ... ok
{1} manila_tempest_tests.tests.api.test_metadata_negative.SharesMetadataNegativeTest.test_try_update_metadata_with_too_big_key [0.036954s] ... ok
{1} manila_tempest_tests.tests.api.test_metadata_negative.SharesMetadataNegativeTest.test_try_update_metadata_with_too_big_value [0.033415s] ... ok
{2} manila_tempest_tests.tests.api.******.test_quotas.SharesAdminQuotasUpdateTest.test_unlimited_quota_for_snapshots [0.074701s] ... ok
{2} manila_tempest_tests.tests.api.******.test_quotas.SharesAdminQuotasUpdateTest.test_unlimited_user_quota_for_gigabytes [0.099831s] ... ok
{2} manila_tempest_tests.tests.api.******.test_quotas.SharesAdminQuotasUpdateTest.test_unlimited_user_quota_for_replica_quotas_1_share_replicas [0.119186s] ... ok
{2} manila_tempest_tests.tests.api.******.test_quotas.SharesAdminQuotasUpdateTest.test_unlimited_user_quota_for_replica_quotas_2_replica_gigabytes [0.098611s] ... ok
{2} manila_tempest_tests.tests.api.******.test_quotas.SharesAdminQuotasUpdateTest.test_unlimited_user_quota_for_share_group_snapshots ... SKIPPED: Share Group tests disabled.
{2} manila_tempest_tests.tests.api.******.test_quotas.SharesAdminQuotasUpdateTest.test_unlimited_user_quota_for_share_networks [0.156711s] ... ok
{3} manila_tempest_tests.tests.api.******.test_share_types_extra_specs.ExtraSpecsWriteAdminTest.test_delete_one_share_type_extra_spec [0.260067s] ... ok
{2} manila_tempest_tests.tests.api.******.test_quotas.SharesAdminQuotasUpdateTest.test_unlimited_user_quota_for_shares [0.133800s] ... ok
{2} manila_tempest_tests.tests.api.******.test_quotas.SharesAdminQuotasUpdateTest.test_unlimited_user_quota_for_snapshot_gigabytes [0.116137s] ... ok
{3} manila_tempest_tests.tests.api.******.test_share_types_extra_specs.ExtraSpecsWriteAdminTest.test_delete_snapshot_support_extra_spec_1_2_24 [0.232794s] ... ok
{2} manila_tempest_tests.tests.api.******.test_quotas.SharesAdminQuotasUpdateTest.test_unlimited_user_quota_for_snapshots [0.112975s] ... ok
{3} manila_tempest_tests.tests.api.******.test_share_types_extra_specs.ExtraSpecsWriteAdminTest.test_delete_snapshot_support_extra_spec_2_2_90 [0.140681s] ... ok
{3} manila_tempest_tests.tests.api.******.test_share_types_extra_specs.ExtraSpecsWriteAdminTest.test_update_all_share_type_extra_specs [0.081154s] ... ok
{3} manila_tempest_tests.tests.api.******.test_share_types_extra_specs.ExtraSpecsWriteAdminTest.test_update_one_share_type_extra_spec [0.075556s] ... ok
{2} manila_tempest_tests.tests.api.******.test_quotas.SharesAdminQuotasUpdateTest.test_update_share_type_quota_1___id___True_ [0.433037s] ... ok
{2} manila_tempest_tests.tests.api.******.test_quotas.SharesAdminQuotasUpdateTest.test_update_share_type_quota_2___name___False_ [0.409875s] ... ok
{2} manila_tempest_tests.tests.api.******.test_quotas.SharesAdminQuotasUpdateTest.test_update_share_type_quotas_bigger_than_project_quota_1_11 [0.136147s] ... ok
{2} manila_tempest_tests.tests.api.******.test_quotas.SharesAdminQuotasUpdateTest.test_update_share_type_quotas_bigger_than_project_quota_2__1 [0.136239s] ... ok
{2} manila_tempest_tests.tests.api.******.test_quotas.SharesAdminQuotasUpdateTest.test_update_tenant_quota_encryption_keys [0.066204s] ... ok
{2} manila_tempest_tests.tests.api.******.test_quotas.SharesAdminQuotasUpdateTest.test_update_tenant_quota_gigabytes [0.069153s] ... ok
{2} manila_tempest_tests.tests.api.******.test_quotas.SharesAdminQuotasUpdateTest.test_update_tenant_quota_share_groups_1_share_groups ... SKIPPED: Share Group tests disabled.
{2} manila_tempest_tests.tests.api.******.test_quotas.SharesAdminQuotasUpdateTest.test_update_tenant_quota_share_groups_2_share_group_snapshots ... SKIPPED: Share Group tests disabled.
{2} manila_tempest_tests.tests.api.******.test_quotas.SharesAdminQuotasUpdateTest.test_update_tenant_quota_share_networks [0.079182s] ... ok
{2} manila_tempest_tests.tests.api.******.test_quotas.SharesAdminQuotasUpdateTest.test_update_tenant_quota_shares [0.087895s] ... ok
{2} manila_tempest_tests.tests.api.******.test_quotas.SharesAdminQuotasUpdateTest.test_update_tenant_quota_snapshot_gigabytes [0.069177s] ... ok
{2} manila_tempest_tests.tests.api.******.test_quotas.SharesAdminQuotasUpdateTest.test_update_tenant_quota_snapshots [0.075739s] ... ok
{2} manila_tempest_tests.tests.api.******.test_quotas.SharesAdminQuotasUpdateTest.test_update_user_quota_gigabytes [0.089097s] ... ok
{2} manila_tempest_tests.tests.api.******.test_quotas.SharesAdminQuotasUpdateTest.test_update_user_quota_replica_related_1___share_replicas___False_ [0.082498s] ... ok
{2} manila_tempest_tests.tests.api.******.test_quotas.SharesAdminQuotasUpdateTest.test_update_user_quota_replica_related_2___share_replicas___True_ [0.096871s] ... ok
{2} manila_tempest_tests.tests.api.******.test_quotas.SharesAdminQuotasUpdateTest.test_update_user_quota_replica_related_3___replica_gigabytes___False_ [0.085501s] ... ok
{2} manila_tempest_tests.tests.api.******.test_quotas.SharesAdminQuotasUpdateTest.test_update_user_quota_replica_related_4___replica_gigabytes___True_ [0.087532s] ... ok
{2} manila_tempest_tests.tests.api.******.test_quotas.SharesAdminQuotasUpdateTest.test_update_user_quota_share_groups_1_share_groups ... SKIPPED: Share Group tests disabled.
{2} manila_tempest_tests.tests.api.******.test_quotas.SharesAdminQuotasUpdateTest.test_update_user_quota_share_groups_2_share_group_snapshots ... SKIPPED: Share Group tests disabled.
{2} manila_tempest_tests.tests.api.******.test_quotas.SharesAdminQuotasUpdateTest.test_update_user_quota_share_networks [0.101323s] ... ok
{2} manila_tempest_tests.tests.api.******.test_quotas.SharesAdminQuotasUpdateTest.test_update_user_quota_shares [0.098857s] ... ok
{2} manila_tempest_tests.tests.api.******.test_quotas.SharesAdminQuotasUpdateTest.test_update_user_quota_snapshot_gigabytes [0.102254s] ... ok
{2} manila_tempest_tests.tests.api.******.test_quotas.SharesAdminQuotasUpdateTest.test_update_user_quota_snapshots [0.082107s] ... ok
{2} manila_tempest_tests.tests.api.******.test_quotas.SharesAdminQuotasUpdateTest.test_update_user_quotas_bigger_than_project_quota_1_11 [0.122791s] ... ok
{2} manila_tempest_tests.tests.api.******.test_quotas.SharesAdminQuotasUpdateTest.test_update_user_quotas_bigger_than_project_quota_2__1 [0.130190s] ... ok
{3} manila_tempest_tests.tests.api.******.test_share_types_extra_specs_negative.ExtraSpecsAdminNegativeTest.test_try_create_es_with_empty_shr_type_id [0.155451s] ... ok
{3} manila_tempest_tests.tests.api.******.test_share_types_extra_specs_negative.ExtraSpecsAdminNegativeTest.test_try_create_es_with_empty_specs [0.027381s] ... ok
{3} manila_tempest_tests.tests.api.******.test_share_types_extra_specs_negative.ExtraSpecsAdminNegativeTest.test_try_create_es_with_invalid_shr_type_id [0.011306s] ... ok
{3} manila_tempest_tests.tests.api.******.test_share_types_extra_specs_negative.ExtraSpecsAdminNegativeTest.test_try_create_es_with_invalid_specs [0.031908s] ... ok
{3} manila_tempest_tests.tests.api.******.test_share_types_extra_specs_negative.ExtraSpecsAdminNegativeTest.test_try_create_extra_specs_with_user [0.115840s] ... ok
{3} manila_tempest_tests.tests.api.******.test_share_types_extra_specs_negative.ExtraSpecsAdminNegativeTest.test_try_delete_es_key_with_empty_shr_type_id [0.006518s] ... ok
{3} manila_tempest_tests.tests.api.******.test_share_types_extra_specs_negative.ExtraSpecsAdminNegativeTest.test_try_delete_es_key_with_invalid_shr_type_id [0.012808s] ... ok
{3} manila_tempest_tests.tests.api.******.test_share_types_extra_specs_negative.ExtraSpecsAdminNegativeTest.test_try_delete_extra_specs_with_user [0.028674s] ... ok
{3} manila_tempest_tests.tests.api.******.test_share_types_extra_specs_negative.ExtraSpecsAdminNegativeTest.test_try_delete_required_spec_snapshot_support_version_1_2_0 [0.034188s] ... ok
{3} manila_tempest_tests.tests.api.******.test_share_types_extra_specs_negative.ExtraSpecsAdminNegativeTest.test_try_delete_required_spec_snapshot_support_version_2_2_23 [0.035518s] ... ok
{3} manila_tempest_tests.tests.api.******.test_share_types_extra_specs_negative.ExtraSpecsAdminNegativeTest.test_try_delete_spec_driver_handles_share_servers [0.030818s] ... ok
{3} manila_tempest_tests.tests.api.******.test_share_types_extra_specs_negative.ExtraSpecsAdminNegativeTest.test_try_delete_with_invalid_key [0.034211s] ... ok
{3} manila_tempest_tests.tests.api.******.test_share_types_extra_specs_negative.ExtraSpecsAdminNegativeTest.test_try_get_extra_spec_with_empty_key [0.025179s] ... ok
{3} manila_tempest_tests.tests.api.******.test_share_types_extra_specs_negative.ExtraSpecsAdminNegativeTest.test_try_get_extra_spec_with_invalid_key [0.033083s] ... ok
{3} manila_tempest_tests.tests.api.******.test_share_types_extra_specs_negative.ExtraSpecsAdminNegativeTest.test_try_get_extra_spec_with_user [0.026483s] ... ok
{3} manila_tempest_tests.tests.api.******.test_share_types_extra_specs_negative.ExtraSpecsAdminNegativeTest.test_try_get_extra_specs_with_empty_shr_type_id [0.012036s] ... ok
{3} manila_tempest_tests.tests.api.******.test_share_types_extra_specs_negative.ExtraSpecsAdminNegativeTest.test_try_get_extra_specs_with_invalid_shr_type_id [0.012076s] ... ok
{3} manila_tempest_tests.tests.api.******.test_share_types_extra_specs_negative.ExtraSpecsAdminNegativeTest.test_try_get_extra_specs_with_user [0.027505s] ... ok
{3} manila_tempest_tests.tests.api.******.test_share_types_extra_specs_negative.ExtraSpecsAdminNegativeTest.test_try_list_es_with_empty_shr_type_id [0.011317s] ... ok
{3} manila_tempest_tests.tests.api.******.test_share_types_extra_specs_negative.ExtraSpecsAdminNegativeTest.test_try_list_es_with_invalid_shr_type_id [0.011323s] ... ok
{3} manila_tempest_tests.tests.api.******.test_share_types_extra_specs_negative.ExtraSpecsAdminNegativeTest.test_try_list_extra_specs_with_user [0.028270s] ... ok
{3} manila_tempest_tests.tests.api.******.test_share_types_extra_specs_negative.ExtraSpecsAdminNegativeTest.test_try_read_extra_specs_on_share_type_with_user [0.038234s] ... ok
{3} manila_tempest_tests.tests.api.******.test_share_types_extra_specs_negative.ExtraSpecsAdminNegativeTest.test_try_set_too_long_key [0.034369s] ... ok
{3} manila_tempest_tests.tests.api.******.test_share_types_extra_specs_negative.ExtraSpecsAdminNegativeTest.test_try_set_too_long_value_with_creation [0.035139s] ... ok
{3} manila_tempest_tests.tests.api.******.test_share_types_extra_specs_negative.ExtraSpecsAdminNegativeTest.test_try_set_too_long_value_with_update [0.067071s] ... ok
{3} manila_tempest_tests.tests.api.******.test_share_types_extra_specs_negative.ExtraSpecsAdminNegativeTest.test_try_set_too_long_value_with_update_of_one_key [0.056800s] ... ok
{3} manila_tempest_tests.tests.api.******.test_share_types_extra_specs_negative.ExtraSpecsAdminNegativeTest.test_try_update_extra_spec_with_user [0.030624s] ... ok
{3} manila_tempest_tests.tests.api.******.test_share_types_extra_specs_negative.ExtraSpecsAdminNegativeTest.test_try_update_extra_specs_with_user [0.035523s] ... ok
{3} manila_tempest_tests.tests.api.******.test_share_types_extra_specs_negative.ExtraSpecsAdminNegativeTest.test_try_update_spec_with_empty_key [0.029992s] ... ok
{3} manila_tempest_tests.tests.api.******.test_share_types_extra_specs_negative.ExtraSpecsAdminNegativeTest.test_try_update_spec_with_empty_shr_type_id [0.010184s] ... ok
{3} manila_tempest_tests.tests.api.******.test_share_types_extra_specs_negative.ExtraSpecsAdminNegativeTest.test_try_update_spec_with_invalid_shr_type_id [0.013195s] ... ok
{3} manila_tempest_tests.tests.api.******.test_share_types_extra_specs_negative.ExtraSpecsAdminNegativeTest.test_try_update_with_invalid_shr_type_id [0.015261s] ... ok
{3} manila_tempest_tests.tests.api.******.test_share_types_extra_specs_negative.ExtraSpecsAdminNegativeTest.test_try_update_with_invalid_specs [0.033103s] ... ok
{2} setUpClass (manila_tempest_tests.tests.api.******.test_quotas_negative.ReplicaQuotasNegativeTest) ... SKIPPED: Replication tests are disabled.
{2} setUpClass (manila_tempest_tests.tests.api.******.test_share_groups_negative.ShareGroupsNegativeTest) ... SKIPPED: Share Group tests disabled.
{3} setUpClass (manila_tempest_tests.tests.api.******.test_snapshot_manage.ManageNFSSnapshotTest) ... SKIPPED: Manage/unmanage snapshot tests are disabled.
{3} manila_tempest_tests.tests.api.test_limits.ShareLimitsTest.test_limits_keys [0.087323s] ... ok
{3} manila_tempest_tests.tests.api.test_limits.ShareLimitsTest.test_limits_values [0.016938s] ... ok
{3} setUpClass (manila_tempest_tests.tests.api.test_metadata.SharesMetadataCEPHFSTest) ... SKIPPED: CEPHFS filesystem metadata tests are disabled for the cephfs protocol.
{2} manila_tempest_tests.tests.api.******.test_share_instances.ShareInstancesTest.test_get_instances_of_share_v2_3 [0.032048s] ... ok
{2} manila_tempest_tests.tests.api.******.test_share_instances.ShareInstancesTest.test_get_share_instance_1_2_3 [0.050763s] ... ok
{2} manila_tempest_tests.tests.api.******.test_share_instances.ShareInstancesTest.test_get_share_instance_2_2_9 [0.045658s] ... ok
{2} manila_tempest_tests.tests.api.******.test_share_instances.ShareInstancesTest.test_get_share_instance_3_2_10 [0.050198s] ... ok
{2} manila_tempest_tests.tests.api.******.test_share_instances.ShareInstancesTest.test_get_share_instance_4_2_30 [0.044955s] ... ok
{2} manila_tempest_tests.tests.api.******.test_share_instances.ShareInstancesTest.test_get_share_instance_5_2_54 [0.044504s] ... ok
{2} manila_tempest_tests.tests.api.******.test_share_instances.ShareInstancesTest.test_list_share_instances_v2_3 [0.042780s] ... ok
{2} manila_tempest_tests.tests.api.******.test_share_instances.ShareInstancesTest.test_list_share_instances_with_export_location_path_and_id_1_path [0.132808s] ... ok
{2} manila_tempest_tests.tests.api.******.test_share_instances.ShareInstancesTest.test_list_share_instances_with_export_location_path_and_id_2_id [0.139840s] ... ok
{0} manila_tempest_tests.tests.api.******.test_******_actions.AdminActionsTest.test_force_delete_share [40.094003s] ... ok
{1} manila_tempest_tests.tests.api.test_microversions.MicroversionsTest.test_microversions_root_version [0.011401s] ... ok
{1} manila_tempest_tests.tests.api.test_microversions.MicroversionsTest.test_microversions_v2_invalid_version [0.074950s] ... ok
{1} manila_tempest_tests.tests.api.test_microversions.MicroversionsTest.test_microversions_v2_max_version [0.007914s] ... ok
{1} manila_tempest_tests.tests.api.test_microversions.MicroversionsTest.test_microversions_v2_min_version [0.007262s] ... ok
{1} manila_tempest_tests.tests.api.test_microversions.MicroversionsTest.test_microversions_v2_no_version [0.014070s] ... ok
{1} manila_tempest_tests.tests.api.test_microversions.MicroversionsTest.test_microversions_v2_unacceptable_version [0.020879s] ... ok
{1} setUpClass (manila_tempest_tests.tests.api.test_rules.ShareCertRulesForGLUSTERFSTest) ... SKIPPED: Cert rule tests for glusterfs protocol are disabled
{1} setUpClass (manila_tempest_tests.tests.api.test_rules.ShareUserRulesForCIFSTest) ... SKIPPED: USER rule tests for cifs protocol are disabled
{1} manila_tempest_tests.tests.api.test_rules_negative.ShareRulesNegativeTest.test_create_access_rule_ip_to_snapshot ... SKIPPED: Snapshot tests are disabled.
{1} manila_tempest_tests.tests.api.test_rules_negative.ShareRulesNegativeTest.test_create_access_rule_ip_with_wrong_type [0.035396s] ... ok
{1} manila_tempest_tests.tests.api.test_rules_negative.ShareRulesNegativeTest.test_delete_access_rule_with_wrong_id [0.046205s] ... ok
{3} manila_tempest_tests.tests.api.test_metadata.SharesMetadataTest.test_set_and_update_metadata_by_key [40.622680s] ... ok
{0} manila_tempest_tests.tests.api.******.test_******_actions.AdminActionsTest.test_force_delete_share_instance [40.116966s] ... ok
{0} manila_tempest_tests.tests.api.******.test_******_actions.AdminActionsTest.test_force_delete_snapshot ... SKIPPED: Snapshot tests are disabled.
{0} manila_tempest_tests.tests.api.******.test_******_actions.AdminActionsTest.test_reset_share_instance_state_1_error [0.140261s] ... ok
{0} manila_tempest_tests.tests.api.******.test_******_actions.AdminActionsTest.test_reset_share_instance_state_2_available [0.152056s] ... ok
{0} manila_tempest_tests.tests.api.******.test_******_actions.AdminActionsTest.test_reset_share_instance_state_3_error_deleting [0.138666s] ... ok
{0} manila_tempest_tests.tests.api.******.test_******_actions.AdminActionsTest.test_reset_share_instance_state_4_deleting [0.138094s] ... ok
{0} manila_tempest_tests.tests.api.******.test_******_actions.AdminActionsTest.test_reset_share_instance_state_5_creating [0.139740s] ... ok
{0} manila_tempest_tests.tests.api.******.test_******_actions.AdminActionsTest.test_reset_share_state_1_error [0.226679s] ... ok
{0} manila_tempest_tests.tests.api.******.test_******_actions.AdminActionsTest.test_reset_share_state_2_available [0.215524s] ... ok
{2} manila_tempest_tests.tests.api.******.test_share_instances_negative.ShareInstancesNegativeTest.test_list_share_instances_with_export_location_and_invalid_version_1_path [0.032969s] ... ok
{1} setUpClass (manila_tempest_tests.tests.api.test_scheduler_hints_negative.SharesSchedulerHintsNegativeTest) ... SKIPPED: Manila multi-backend is disabled.
{2} manila_tempest_tests.tests.api.******.test_share_instances_negative.ShareInstancesNegativeTest.test_list_share_instances_with_export_location_and_invalid_version_2_id [0.023343s] ... ok
{2} manila_tempest_tests.tests.api.******.test_share_instances_negative.ShareInstancesNegativeTest.test_list_share_instances_with_export_location_not_exist_1_path [0.018268s] ... ok
{2} manila_tempest_tests.tests.api.******.test_share_instances_negative.ShareInstancesNegativeTest.test_list_share_instances_with_export_location_not_exist_2_id [0.027821s] ... ok
{0} manila_tempest_tests.tests.api.******.test_******_actions.AdminActionsTest.test_reset_share_state_3_error_deleting [0.234216s] ... ok
{0} manila_tempest_tests.tests.api.******.test_******_actions.AdminActionsTest.test_reset_share_state_4_deleting [0.224817s] ... ok
{0} manila_tempest_tests.tests.api.******.test_******_actions.AdminActionsTest.test_reset_share_state_5_creating [0.262421s] ... ok
{0} manila_tempest_tests.tests.api.******.test_******_actions.AdminActionsTest.test_reset_share_task_state [0.432105s] ... ok
{0} manila_tempest_tests.tests.api.******.test_******_actions.AdminActionsTest.test_reset_snapshot_state_1_error ... SKIPPED: Snapshot tests are disabled.
{0} manila_tempest_tests.tests.api.******.test_******_actions.AdminActionsTest.test_reset_snapshot_state_2_available ... SKIPPED: Snapshot tests are disabled.
{0} manila_tempest_tests.tests.api.******.test_******_actions.AdminActionsTest.test_reset_snapshot_state_3_error_deleting ... SKIPPED: Snapshot tests are disabled.
{0} manila_tempest_tests.tests.api.******.test_******_actions.AdminActionsTest.test_reset_snapshot_state_4_deleting ... SKIPPED: Snapshot tests are disabled.
{0} manila_tempest_tests.tests.api.******.test_******_actions.AdminActionsTest.test_reset_snapshot_state_5_creating ... SKIPPED: Snapshot tests are disabled.
{1} manila_tempest_tests.tests.api.test_security_services_mapping_negative.SecServicesMappingNegativeTest.test_add_empty_sec_service_id_to_share_network [0.110331s] ... ok
{1} manila_tempest_tests.tests.api.test_security_services_mapping_negative.SecServicesMappingNegativeTest.test_add_nonexistant_sec_service_to_share_network [0.041411s] ... ok
{1} manila_tempest_tests.tests.api.test_security_services_mapping_negative.SecServicesMappingNegativeTest.test_add_sec_service_to_nonexistant_share_network [0.027495s] ... ok
{1} manila_tempest_tests.tests.api.test_security_services_mapping_negative.SecServicesMappingNegativeTest.test_add_sec_service_to_share_network_with_empty_id [0.008187s] ... ok
{1} manila_tempest_tests.tests.api.test_security_services_mapping_negative.SecServicesMappingNegativeTest.test_add_sec_service_twice_to_share_network [0.112904s] ... ok
{1} manila_tempest_tests.tests.api.test_security_services_mapping_negative.SecServicesMappingNegativeTest.test_delete_nonexistant_sec_service_from_share_network [0.063815s] ... ok
{1} manila_tempest_tests.tests.api.test_security_services_mapping_negative.SecServicesMappingNegativeTest.test_delete_nonexistant_ss_from_nonexistant_sn [0.024471s] ... ok
{1} manila_tempest_tests.tests.api.test_security_services_mapping_negative.SecServicesMappingNegativeTest.test_delete_sec_service_from_nonexistant_share_network [0.023531s] ... ok
{1} manila_tempest_tests.tests.api.test_security_services_mapping_negative.SecServicesMappingNegativeTest.test_delete_ss_from_sn_used_by_share_server ... SKIPPED: Only for multitenancy.
{1} manila_tempest_tests.tests.api.test_security_services_mapping_negative.SecServicesMappingNegativeTest.test_list_sec_services_for_nonexistant_share_network [0.061006s] ... ok
{1} manila_tempest_tests.tests.api.test_security_services_mapping_negative.SecServicesMappingNegativeTest.test_try_delete_ss_that_assigned_to_sn [0.518457s] ... ok
{1} manila_tempest_tests.tests.api.test_security_services_mapping_negative.SecServicesMappingNegativeTest.test_try_map_two_ss_with_same_type_to_sn [0.486695s] ... ok
{1} setUpClass (manila_tempest_tests.tests.api.test_share_groups_negative.ShareGroupsNegativeTest) ... SKIPPED: Share Group tests disabled.
{1} manila_tempest_tests.tests.api.test_share_network_subnet_metadata_negative.ShareNetworkSubnetMetadataNegativeTest.test_try_delete_unexisting_metadata [0.331107s] ... ok
{1} manila_tempest_tests.tests.api.test_share_network_subnet_metadata_negative.ShareNetworkSubnetMetadataNegativeTest.test_try_set_metadata_to_unexisting_subnet [0.255224s] ... ok
{1} manila_tempest_tests.tests.api.test_share_network_subnet_metadata_negative.ShareNetworkSubnetMetadataNegativeTest.test_try_set_metadata_with_empty_key [0.011805s] ... ok
{1} manila_tempest_tests.tests.api.test_share_network_subnet_metadata_negative.ShareNetworkSubnetMetadataNegativeTest.test_try_set_metadata_with_too_big_key [0.008906s] ... ok
{1} manila_tempest_tests.tests.api.test_share_network_subnet_metadata_negative.ShareNetworkSubnetMetadataNegativeTest.test_try_set_metadata_with_too_big_value [0.008728s] ... ok
{1} manila_tempest_tests.tests.api.test_share_network_subnet_metadata_negative.ShareNetworkSubnetMetadataNegativeTest.test_try_upd_metadata_with_empty_key [0.009219s] ... ok
{1} manila_tempest_tests.tests.api.test_share_network_subnet_metadata_negative.ShareNetworkSubnetMetadataNegativeTest.test_try_upd_metadata_with_too_big_key [0.009244s] ... ok
{1} manila_tempest_tests.tests.api.test_share_network_subnet_metadata_negative.ShareNetworkSubnetMetadataNegativeTest.test_try_upd_metadata_with_too_big_value [0.008924s] ... ok
{1} manila_tempest_tests.tests.api.test_share_network_subnet_metadata_negative.ShareNetworkSubnetMetadataNegativeTest.test_try_update_all_metadata_to_unexisting_subnet [0.268749s] ... ok
{1} manila_tempest_tests.tests.api.test_share_network_subnets_negative.ShareNetworkSubnetsNegativeTest.test_add_share_network_subnet_az_not_found [0.071436s] ... ok
{1} manila_tempest_tests.tests.api.test_share_network_subnets_negative.ShareNetworkSubnetsNegativeTest.test_add_share_network_subnet_in_same_az_exists_1_True ... SKIPPED: Skipped. Test requires microversion < than '2.70'.
{1} manila_tempest_tests.tests.api.test_share_network_subnets_negative.ShareNetworkSubnetsNegativeTest.test_add_share_network_subnet_in_same_az_exists_2_False ... SKIPPED: Skipped. Test requires microversion < than '2.70'.
{1} manila_tempest_tests.tests.api.test_share_network_subnets_negative.ShareNetworkSubnetsNegativeTest.test_add_share_network_subnet_missing_parameters [0.017445s] ... ok
{1} manila_tempest_tests.tests.api.test_share_network_subnets_negative.ShareNetworkSubnetsNegativeTest.test_add_share_network_subnet_share_network_not_found [0.020181s] ... ok
{1} manila_tempest_tests.tests.api.test_share_network_subnets_negative.ShareNetworkSubnetsNegativeTest.test_delete_contains_shares ... SKIPPED: Can run only with drivers that do handle share servers creation. Skipping.
{1} manila_tempest_tests.tests.api.test_share_network_subnets_negative.ShareNetworkSubnetsNegativeTest.test_delete_contains_unmanaged_share_servers ... SKIPPED: Can run only with drivers that do handle share servers creation. Skipping.
{1} manila_tempest_tests.tests.api.test_share_network_subnets_negative.ShareNetworkSubnetsNegativeTest.test_delete_subnet_not_found [0.032351s] ... ok
{1} manila_tempest_tests.tests.api.test_share_network_subnets_negative.ShareNetworkSubnetsNegativeTest.test_delete_subnet_share_network_not_found [0.028545s] ... ok
{1} manila_tempest_tests.tests.api.test_share_network_subnets_negative.ShareNetworkSubnetsNegativeTest.test_get_deleted_subnet [0.250421s] ... ok
{1} manila_tempest_tests.tests.api.test_share_network_subnets_negative.ShareNetworkSubnetsNegativeTest.test_show_subnet_not_found [0.035852s] ... ok
{1} manila_tempest_tests.tests.api.test_share_network_subnets_negative.ShareNetworkSubnetsNegativeTest.test_show_subnet_share_network_not_found [0.020066s] ... ok
{1} setUpClass (manila_tempest_tests.tests.api.test_share_servers_multiple_subnet_negative.ShareServerMultipleSubNegativeTest) ... SKIPPED: Multitenancy tests are disabled.
{1} manila_tempest_tests.tests.api.test_share_type_availability_zones.ShareTypeAvailabilityZonesTest.test_share_type_azs_create_and_get_share_type_1_az1______az2__az_3__ [0.121951s] ... ok
{1} manila_tempest_tests.tests.api.test_share_type_availability_zones.ShareTypeAvailabilityZonesTest.test_share_type_azs_create_and_get_share_type_2_az1_az2_az_3 [0.100532s] ... ok
{1} manila_tempest_tests.tests.api.test_share_type_availability_zones.ShareTypeAvailabilityZonesTest.test_share_type_azs_create_and_get_share_type_3_az1____az2____az_3 [0.090941s] ... ok
{1} manila_tempest_tests.tests.api.test_share_type_availability_zones.ShareTypeAvailabilityZonesTest.test_share_type_azs_filter_by_availability_zones_1_az1 [0.194052s] ... ok
{1} manila_tempest_tests.tests.api.test_share_type_availability_zones.ShareTypeAvailabilityZonesTest.test_share_type_azs_filter_by_availability_zones_2_az2 [0.191438s] ... ok
{1} manila_tempest_tests.tests.api.test_share_type_availability_zones.ShareTypeAvailabilityZonesTest.test_share_type_azs_filter_by_availability_zones_3_az_3 [0.236861s] ... ok
{1} manila_tempest_tests.tests.api.test_share_type_availability_zones.ShareTypeAvailabilityZonesTest.test_share_type_azs_filter_by_availability_zones_4_az1___az_3 [0.210177s] ... ok
{1} manila_tempest_tests.tests.api.test_share_type_availability_zones.ShareTypeAvailabilityZonesTest.test_share_type_azs_filter_by_availability_zones_5_az_3__az1 [0.209567s] ... ok
{1} manila_tempest_tests.tests.api.test_share_type_availability_zones.ShareTypeAvailabilityZonesTest.test_share_type_azs_filter_by_availability_zones_6_az2__az_3__az1 [0.186969s] ... ok
{0} setUpClass (manila_tempest_tests.tests.api.******.test_migration.MigrationWithDifferentSnapshotSupportNFSTest) ... SKIPPED: Share migration tests are disabled.
{0} setUpClass (manila_tempest_tests.tests.api.******.test_migration_negative.MigrationNegativeTest) ... SKIPPED: Share migration tests are disabled.
{0} manila_tempest_tests.tests.api.******.test_quotas.SharesAdminQuotasTest.test_default_quotas [0.012699s] ... ok
{0} manila_tempest_tests.tests.api.******.test_quotas.SharesAdminQuotasTest.test_show_quotas [0.014237s] ... ok
{0} manila_tempest_tests.tests.api.******.test_quotas.SharesAdminQuotasTest.test_show_quotas_for_user [0.015387s] ... ok
{0} manila_tempest_tests.tests.api.******.test_quotas.SharesAdminQuotasTest.test_show_replica_quotas_for_user_using_too_old_microversion [0.014789s] ... ok
{0} manila_tempest_tests.tests.api.******.test_quotas.SharesAdminQuotasTest.test_show_sg_quotas_for_user_using_too_old_microversion [0.019277s] ... ok
{0} manila_tempest_tests.tests.api.******.test_quotas.SharesAdminQuotasTest.test_show_sg_quotas_using_too_old_microversion [0.015167s] ... ok
{0} manila_tempest_tests.tests.api.******.test_quotas.SharesAdminQuotasTest.test_show_share_type_quotas_1___id___True_ [0.107755s] ... ok
{0} manila_tempest_tests.tests.api.******.test_quotas.SharesAdminQuotasTest.test_show_share_type_quotas_2___name___False_ [0.121900s] ... ok
{0} setUpClass (manila_tempest_tests.tests.api.******.test_scheduler_hints.SharesSchedulerHintsAdminTest) ... SKIPPED: Manila multi-backend tests are disabled.
{0} manila_tempest_tests.tests.api.******.test_scheduler_stats.SchedulerStatsAdminTest.test_pool_list [0.601974s] ... ok
{0} manila_tempest_tests.tests.api.******.test_scheduler_stats.SchedulerStatsAdminTest.test_pool_list_detail [0.532457s] ... ok
{0} manila_tempest_tests.tests.api.******.test_scheduler_stats.SchedulerStatsAdminTest.test_pool_list_detail_with_filters [1.037220s] ... ok
{0} manila_tempest_tests.tests.api.******.test_scheduler_stats.SchedulerStatsAdminTest.test_pool_list_detail_with_filters_negative [0.519127s] ... ok
{0} manila_tempest_tests.tests.api.******.test_scheduler_stats.SchedulerStatsAdminTest.test_pool_list_with_filters [1.046272s] ... ok
{0} manila_tempest_tests.tests.api.******.test_scheduler_stats.SchedulerStatsAdminTest.test_pool_list_with_filters_negative [0.517855s] ... ok
{0} manila_tempest_tests.tests.api.******.test_scheduler_stats.SchedulerStatsAdminTest.test_pool_list_with_share_type_filter_with_detail_1__True___name__ [0.546782s] ... ok
{0} manila_tempest_tests.tests.api.******.test_scheduler_stats.SchedulerStatsAdminTest.test_pool_list_with_share_type_filter_with_detail_2__True___id__ [0.547233s] ... ok
{0} manila_tempest_tests.tests.api.******.test_scheduler_stats.SchedulerStatsAdminTest.test_pool_list_with_share_type_filter_with_detail_3__False___name__ [0.547747s] ... ok
{0} manila_tempest_tests.tests.api.******.test_scheduler_stats.SchedulerStatsAdminTest.test_pool_list_with_share_type_filter_with_detail_4__False___id__ [0.542777s] ... ok
{0} manila_tempest_tests.tests.api.******.test_scheduler_stats.SchedulerStatsAdminTest.test_pool_list_with_share_type_filter_with_detail_negative_1__True___name__ [0.546727s] ... ok
{0} manila_tempest_tests.tests.api.******.test_scheduler_stats.SchedulerStatsAdminTest.test_pool_list_with_share_type_filter_with_detail_negative_2__True___id__ [0.553639s] ... ok
{0} manila_tempest_tests.tests.api.******.test_scheduler_stats.SchedulerStatsAdminTest.test_pool_list_with_share_type_filter_with_detail_negative_3__False___name__ [0.550564s] ... ok
{0} manila_tempest_tests.tests.api.******.test_scheduler_stats.SchedulerStatsAdminTest.test_pool_list_with_share_type_filter_with_detail_negative_4__False___id__ [0.556210s] ... ok
{0} manila_tempest_tests.tests.api.******.test_security_services.SecurityServiceAdminTest.test_list_security_services [0.210519s] ... ok
{0} manila_tempest_tests.tests.api.******.test_security_services.SecurityServiceAdminTest.test_list_security_services_all_tenants [0.140142s] ... ok
{0} manila_tempest_tests.tests.api.******.test_security_services.SecurityServiceAdminTest.test_list_security_services_detailed_filter_by_ss_attributes [0.121364s] ... ok
{0} manila_tempest_tests.tests.api.******.test_security_services.SecurityServiceAdminTest.test_list_security_services_filter_by_share_network ... SKIPPED: Only for multitenancy.
{0} manila_tempest_tests.tests.api.******.test_security_services.SecurityServiceAdminTest.test_list_security_services_invalid_filters [0.109053s] ... ok
{0} manila_tempest_tests.tests.api.******.test_security_services.SecurityServiceAdminTest.test_list_security_services_with_detail_1_2_42 [0.125472s] ... ok
{0} manila_tempest_tests.tests.api.******.test_security_services.SecurityServiceAdminTest.test_list_security_services_with_detail_2_2_44 [0.132418s] ... ok
{0} manila_tempest_tests.tests.api.******.test_security_services.SecurityServiceAdminTest.test_list_security_services_with_detail_3_2_90 [0.157390s] ... ok
{0} manila_tempest_tests.tests.api.******.test_services.ServicesAdminTest.test_get_services_by_all_filters [0.139763s] ... ok
{0} manila_tempest_tests.tests.api.******.test_services.ServicesAdminTest.test_get_services_by_availability_zone [0.041972s] ... ok
{0} manila_tempest_tests.tests.api.******.test_services.ServicesAdminTest.test_get_services_by_binary_name [0.038075s] ... ok
{0} manila_tempest_tests.tests.api.******.test_services.ServicesAdminTest.test_get_services_by_host_name [0.034019s] ... ok
{0} manila_tempest_tests.tests.api.******.test_services.ServicesAdminTest.test_get_services_by_state [0.036268s] ... ok
{0} manila_tempest_tests.tests.api.******.test_services.ServicesAdminTest.test_get_services_by_status [0.040234s] ... ok
{3} manila_tempest_tests.tests.api.test_metadata.SharesMetadataTest.test_set_get_delete_metadata [40.593218s] ... ok
{0} manila_tempest_tests.tests.api.******.test_services.ServicesAdminTest.test_list_services [0.217672s] ... ok
{0} manila_tempest_tests.tests.api.******.test_services_negative.ServicesAdminNegativeTest.test_get_service_by_invalid_binary [0.187620s] ... ok
{0} manila_tempest_tests.tests.api.******.test_services_negative.ServicesAdminNegativeTest.test_get_service_by_invalid_host [0.015442s] ... ok
{0} manila_tempest_tests.tests.api.******.test_services_negative.ServicesAdminNegativeTest.test_get_service_by_invalid_params [0.039266s] ... ok
{0} manila_tempest_tests.tests.api.******.test_services_negative.ServicesAdminNegativeTest.test_get_service_by_invalid_state [0.014061s] ... ok
{0} manila_tempest_tests.tests.api.******.test_services_negative.ServicesAdminNegativeTest.test_get_service_by_invalid_status [0.008815s] ... ok
{0} manila_tempest_tests.tests.api.******.test_services_negative.ServicesAdminNegativeTest.test_get_service_by_invalid_zone [0.010267s] ... ok
{0} manila_tempest_tests.tests.api.******.test_services_negative.ServicesAdminNegativeTest.test_list_services_with_non_******_user [0.098213s] ... ok
{0} manila_tempest_tests.tests.api.******.test_services_negative.ServicesAdminNegativeTest.test_list_services_with_wrong_versions_1___os_services____2_7__ [0.010334s] ... ok
{0} manila_tempest_tests.tests.api.******.test_services_negative.ServicesAdminNegativeTest.test_list_services_with_wrong_versions_2___services____2_6__ [0.007232s] ... ok
{0} manila_tempest_tests.tests.api.******.test_services_negative.ServicesAdminNegativeTest.test_list_services_with_wrong_versions_3___services____2_0__ [0.007477s] ... ok
{0} setUpClass (manila_tempest_tests.tests.api.******.test_share_groups.ShareGroupsTest) ... SKIPPED: Share Group tests disabled.
{0} setUpClass (manila_tempest_tests.tests.api.******.test_share_manage.ManageCIFSShareTest) ... SKIPPED: cifs tests are disabled
{0} setUpClass (manila_tempest_tests.tests.api.******.test_share_manage.ManageCephFSShareTest) ... SKIPPED: cephfs tests are disabled
{0} setUpClass (manila_tempest_tests.tests.api.******.test_share_servers_migration_negative.ShareServerErrorStatusOperationNFS) ... SKIPPED: Multitenancy tests are disabled.
{0} setUpClass (manila_tempest_tests.tests.api.******.test_share_servers_migration_negative.ShareServerMigrationInvalidStatesCIFS) ... SKIPPED: cifs tests are disabled.
{0} setUpClass (manila_tempest_tests.tests.api.******.test_share_snapshot_instances_negative.SnapshotInstancesNegativeTest) ... SKIPPED: Snapshot tests are disabled.
{2} manila_tempest_tests.tests.api.******.test_share_manage.ManageNFSShareTest.test_manage [37.537586s] ... ok
{0} manila_tempest_tests.tests.api.******.test_share_types.ShareTypesAdminTest.test_get_share_with_share_type [15.596889s] ... ok
{0} manila_tempest_tests.tests.api.******.test_share_types.ShareTypesAdminTest.test_private_share_type_access [0.163744s] ... ok
{0} manila_tempest_tests.tests.api.******.test_share_types.ShareTypesAdminTest.test_share_type_create_delete [0.087886s] ... ok
{0} manila_tempest_tests.tests.api.******.test_share_types.ShareTypesAdminTest.test_share_type_create_get_1_2_0 [0.039751s] ... ok
{0} manila_tempest_tests.tests.api.******.test_share_types.ShareTypesAdminTest.test_share_type_create_get_2_2_6 [0.047959s] ... ok
{0} manila_tempest_tests.tests.api.******.test_share_types.ShareTypesAdminTest.test_share_type_create_get_3_2_7 [0.041724s] ... ok
{0} manila_tempest_tests.tests.api.******.test_share_types.ShareTypesAdminTest.test_share_type_create_get_4_2_40 [0.033042s] ... ok
{0} manila_tempest_tests.tests.api.******.test_share_types.ShareTypesAdminTest.test_share_type_create_get_5_2_41 [0.034731s] ... ok
{0} manila_tempest_tests.tests.api.******.test_share_types.ShareTypesAdminTest.test_share_type_create_list_1_2_0 [0.044322s] ... ok
{0} manila_tempest_tests.tests.api.******.test_share_types.ShareTypesAdminTest.test_share_type_create_list_2_2_6 [0.038893s] ... ok
{0} manila_tempest_tests.tests.api.******.test_share_types.ShareTypesAdminTest.test_share_type_create_list_3_2_7 [0.037493s] ... ok
{0} manila_tempest_tests.tests.api.******.test_share_types.ShareTypesAdminTest.test_share_type_create_list_4_2_40 [0.040965s] ... ok
{0} manila_tempest_tests.tests.api.******.test_share_types.ShareTypesAdminTest.test_share_type_create_list_5_2_41 [0.041086s] ... ok
{0} manila_tempest_tests.tests.api.******.test_share_types.ShareTypesAdminTest.test_share_type_create_show_list_with_is_default_key_1_2_45 [0.051061s] ... ok
{0} manila_tempest_tests.tests.api.******.test_share_types.ShareTypesAdminTest.test_share_type_create_show_list_with_is_default_key_2_2_46 [0.060443s] ... ok
{0} manila_tempest_tests.tests.api.******.test_share_types.ShareTypesAdminTest.test_share_type_create_show_list_with_is_default_key_3_2_90 [0.052546s] ... ok
{0} manila_tempest_tests.tests.api.******.test_share_types.ShareTypesAdminTest.test_share_type_create_update_01_2_50_name_description_public [0.042051s] ... ok
{0} manila_tempest_tests.tests.api.******.test_share_types.ShareTypesAdminTest.test_share_type_create_update_02_2_50_name [0.039596s] ... ok
{0} manila_tempest_tests.tests.api.******.test_share_types.ShareTypesAdminTest.test_share_type_create_update_03_2_50_description_public [0.038436s] ... ok
{0} manila_tempest_tests.tests.api.******.test_share_types.ShareTypesAdminTest.test_share_type_create_update_04_2_50_public [0.040286s] ... ok
{0} manila_tempest_tests.tests.api.******.test_share_types.ShareTypesAdminTest.test_share_type_create_update_05_2_50 [0.037697s] ... ok
{0} manila_tempest_tests.tests.api.******.test_share_types.ShareTypesAdminTest.test_share_type_create_update_06_2_90_name_description_public [0.044752s] ... ok
{0} manila_tempest_tests.tests.api.******.test_share_types.ShareTypesAdminTest.test_share_type_create_update_07_2_90_name [0.049288s] ... ok
{0} manila_tempest_tests.tests.api.******.test_share_types.ShareTypesAdminTest.test_share_type_create_update_08_2_90_description [0.034633s] ... ok
{0} manila_tempest_tests.tests.api.******.test_share_types.ShareTypesAdminTest.test_share_type_create_update_09_2_90_public [0.052341s] ... ok
{0} manila_tempest_tests.tests.api.******.test_share_types.ShareTypesAdminTest.test_share_type_create_update_10_2_90 [0.046433s] ... ok
{0} manila_tempest_tests.tests.api.******.test_share_types.ShareTypesAdminTest.test_share_type_unset_description_1___2_50___None______None_ [0.036268s] ... ok
{0} manila_tempest_tests.tests.api.******.test_share_types.ShareTypesAdminTest.test_share_type_unset_description_2___2_90___None______None_ [0.036311s] ... ok
{3} manila_tempest_tests.tests.api.test_metadata.SharesMetadataTest.test_set_metadata_in_share_creation [40.075719s] ... ok
{0} manila_tempest_tests.tests.api.******.test_share_types_extra_specs.ExtraSpecsReadAdminTest.test_get_all_share_type_extra_specs [0.018300s] ... ok
{0} manila_tempest_tests.tests.api.******.test_share_types_extra_specs.ExtraSpecsReadAdminTest.test_get_one_share_type_extra_spec [0.020628s] ... ok
{1} manila_tempest_tests.tests.api.test_share_type_availability_zones.ShareTypeAvailabilityZonesTest.test_share_type_azs_old_version_api_ignores_spec [79.981287s] ... ok
{0} manila_tempest_tests.tests.api.******.test_shares_actions.SharesActionsAdminTest.test_get_share [0.050470s] ... ok
{0} manila_tempest_tests.tests.api.******.test_shares_actions.SharesActionsAdminTest.test_get_snapshot ... SKIPPED: Snapshot tests are disabled.
{0} manila_tempest_tests.tests.api.******.test_shares_actions.SharesActionsAdminTest.test_list_shares [0.062336s] ... ok
{0} manila_tempest_tests.tests.api.******.test_shares_actions.SharesActionsAdminTest.test_list_shares_or_with_detail_filter_by_export_location_1___path___True_ [0.157600s] ... ok
{0} manila_tempest_tests.tests.api.******.test_shares_actions.SharesActionsAdminTest.test_list_shares_or_with_detail_filter_by_export_location_2___id___True_ [0.159316s] ... ok
{2} manila_tempest_tests.tests.api.******.test_share_manage.ManageNFSShareTest.test_manage_show_user_id [40.689622s] ... ok
{0} manila_tempest_tests.tests.api.******.test_shares_actions.SharesActionsAdminTest.test_list_shares_or_with_detail_filter_by_export_location_3___path___False_ [0.168683s] ... ok
{0} manila_tempest_tests.tests.api.******.test_shares_actions.SharesActionsAdminTest.test_list_shares_or_with_detail_filter_by_export_location_4___id___False_ [0.172881s] ... ok
{0} manila_tempest_tests.tests.api.******.test_shares_actions.SharesActionsAdminTest.test_list_shares_with_detail [0.071768s] ... ok
{0} manila_tempest_tests.tests.api.******.test_shares_actions.SharesActionsAdminTest.test_list_shares_with_detail_filter_by_active_status [0.076447s] ... ok
{0} manila_tempest_tests.tests.api.******.test_shares_actions.SharesActionsAdminTest.test_list_shares_with_detail_filter_by_existed_name [0.071189s] ... ok
{0} manila_tempest_tests.tests.api.******.test_shares_actions.SharesActionsAdminTest.test_list_shares_with_detail_filter_by_extra_specs [0.112812s] ... ok
{0} manila_tempest_tests.tests.api.******.test_shares_actions.SharesActionsAdminTest.test_list_shares_with_detail_filter_by_fake_name [0.017162s] ... ok
{0} manila_tempest_tests.tests.api.******.test_shares_actions.SharesActionsAdminTest.test_list_shares_with_detail_filter_by_fake_status [0.017716s] ... ok
{0} manila_tempest_tests.tests.api.******.test_shares_actions.SharesActionsAdminTest.test_list_shares_with_detail_filter_by_host [0.094012s] ... ok
{0} manila_tempest_tests.tests.api.******.test_shares_actions.SharesActionsAdminTest.test_list_shares_with_detail_filter_by_metadata [0.072236s] ... ok
{0} manila_tempest_tests.tests.api.******.test_shares_actions.SharesActionsAdminTest.test_list_shares_with_detail_filter_by_share_network_id ... SKIPPED: Only for multitenancy.
{0} manila_tempest_tests.tests.api.******.test_shares_actions.SharesActionsAdminTest.test_list_shares_with_detail_filter_by_share_type_id [0.087195s] ... ok
{0} manila_tempest_tests.tests.api.******.test_shares_actions.SharesActionsAdminTest.test_list_shares_with_detail_filter_by_snapshot_id ... SKIPPED: Create share from snapshot tests are disabled.
{0} manila_tempest_tests.tests.api.******.test_shares_actions.SharesActionsAdminTest.test_list_shares_with_detail_with_asc_sorting [0.040556s] ... ok
{0} manila_tempest_tests.tests.api.******.test_shares_actions.SharesActionsAdminTest.test_list_snapshots ... SKIPPED: Snapshot tests are disabled.
{0} manila_tempest_tests.tests.api.******.test_shares_actions.SharesActionsAdminTest.test_list_snapshots_with_detail ... SKIPPED: Snapshot tests are disabled.
{1} manila_tempest_tests.tests.api.test_share_type_availability_zones.ShareTypeAvailabilityZonesTest.test_share_type_azs_share_groups_az_in_create_req_1_True [6.444250s] ... ok
{1} manila_tempest_tests.tests.api.test_share_type_availability_zones.ShareTypeAvailabilityZonesTest.test_share_type_azs_share_groups_az_in_create_req_2_False [6.307283s] ... ok
{0} setUpClass (manila_tempest_tests.tests.api.******.test_snapshot_export_locations_negative.SnapshotExportLocationsNegativeTest) ... SKIPPED: Snapshot tests are disabled.
{0} setUpClass (manila_tempest_tests.tests.api.******.test_snapshot_manage.ManageCIFSSnapshotTest) ... SKIPPED: Manage/unmanage snapshot tests are disabled.
{0} setUpClass (manila_tempest_tests.tests.api.******.test_snapshot_manage.ManageMapRFSSnapshotTest) ... SKIPPED: Manage/unmanage snapshot tests are disabled.
{3} manila_tempest_tests.tests.api.test_metadata.SharesMetadataTest.test_set_metadata_key_already_exist [41.153413s] ... ok
{3} manila_tempest_tests.tests.api.test_metadata.SharesMetadataTest.test_set_metadata_max_size_key [0.177263s] ... ok
{0} setUpClass (manila_tempest_tests.tests.api.******.test_snapshot_manage_negative.ManageGLUSTERFSSnapshotNegativeTest) ... SKIPPED: Manage/unmanage snapshot tests are disabled.
{3} manila_tempest_tests.tests.api.test_metadata.SharesMetadataTest.test_set_metadata_max_size_value [0.202209s] ... ok
{3} manila_tempest_tests.tests.api.test_metadata.SharesMetadataTest.test_set_metadata_min_size_key [0.222794s] ... ok
{3} manila_tempest_tests.tests.api.test_metadata.SharesMetadataTest.test_set_metadata_min_size_value [0.245658s] ... ok
{0} setUpClass (manila_tempest_tests.tests.api.******.test_snapshot_manage_negative.ManageHDFSSnapshotNegativeTest) ... SKIPPED: Manage/unmanage snapshot tests are disabled.
{0} manila_tempest_tests.tests.api.******.test_user_messages.UserMessageTest.test_delete_message [6.674719s] ... ok
{0} manila_tempest_tests.tests.api.******.test_user_messages.UserMessageTest.test_list_messages [6.551633s] ... ok
{1} manila_tempest_tests.tests.api.test_share_type_availability_zones.ShareTypeAvailabilityZonesTest.test_share_type_azs_shares_az_in_create_req_1_True [27.796563s] ... ok
{2} manila_tempest_tests.tests.api.******.test_share_manage.ManageNFSShareTest.test_manage_with_is_public_True [40.539196s] ... ok
{0} manila_tempest_tests.tests.api.******.test_user_messages.UserMessageTest.test_list_messages_filtered [10.051418s] ... ok
{3} manila_tempest_tests.tests.api.test_metadata.SharesMetadataTest.test_set_metadata_not_delete_pre_metadata [38.588011s] ... ok
{3} manila_tempest_tests.tests.api.test_metadata.SharesMetadataTest.test_upd_metadata_max_size_key [0.371789s] ... ok
{3} manila_tempest_tests.tests.api.test_metadata.SharesMetadataTest.test_upd_metadata_max_size_value [0.305406s] ... ok
{3} manila_tempest_tests.tests.api.test_metadata.SharesMetadataTest.test_upd_metadata_min_size_key [0.316022s] ... ok
{3} manila_tempest_tests.tests.api.test_metadata.SharesMetadataTest.test_upd_metadata_min_size_value [0.345058s] ... ok
{0} manila_tempest_tests.tests.api.******.test_user_messages.UserMessageTest.test_list_messages_sorted_and_paginated [19.746744s] ... ok
{0} manila_tempest_tests.tests.api.******.test_user_messages.UserMessageTest.test_list_messages_with_since_and_before_filters [10.128834s] ... ok
{1} manila_tempest_tests.tests.api.test_share_type_availability_zones.ShareTypeAvailabilityZonesTest.test_share_type_azs_shares_az_in_create_req_2_False [40.030974s] ... ok
{2} manila_tempest_tests.tests.api.******.test_share_manage.ManageNFSShareTest.test_manage_with_os_share_manage_url [40.483704s] ... ok
{0} manila_tempest_tests.tests.api.******.test_user_messages.UserMessageTest.test_show_message [6.575657s] ... ok
{3} manila_tempest_tests.tests.api.test_quotas.SharesQuotasTest.test_default_quotas [0.167757s] ... ok
{3} manila_tempest_tests.tests.api.test_quotas.SharesQuotasTest.test_quota_detail_2_52_no_share_replica_quotas [0.018345s] ... ok
{3} manila_tempest_tests.tests.api.test_quotas.SharesQuotasTest.test_show_quotas [0.019569s] ... ok
{3} manila_tempest_tests.tests.api.test_quotas.SharesQuotasTest.test_show_quotas_detail_1___2_25___True_ [0.024696s] ... ok
{3} manila_tempest_tests.tests.api.test_quotas.SharesQuotasTest.test_show_quotas_detail_2___2_25___False_ [0.018078s] ... ok
{3} manila_tempest_tests.tests.api.test_quotas.SharesQuotasTest.test_show_quotas_detail_3___2_53___True_ [0.021537s] ... ok
{3} manila_tempest_tests.tests.api.test_quotas.SharesQuotasTest.test_show_quotas_detail_4___2_53___False_ [0.020113s] ... ok
{3} manila_tempest_tests.tests.api.test_quotas.SharesQuotasTest.test_show_quotas_detail_5___2_90___True_ [0.025995s] ... ok
{3} manila_tempest_tests.tests.api.test_quotas.SharesQuotasTest.test_show_quotas_detail_6___2_90___False_ [0.020960s] ... ok
{3} manila_tempest_tests.tests.api.test_quotas.SharesQuotasTest.test_show_quotas_for_user [0.020783s] ... ok
{1} manila_tempest_tests.tests.api.test_share_types_negative.ShareTypesNegativeTest.test_share_type_update_bad_request_1_2_50 [0.011775s] ... ok
{1} manila_tempest_tests.tests.api.test_share_types_negative.ShareTypesNegativeTest.test_share_type_update_bad_request_2_2_90 [0.010503s] ... ok
{1} manila_tempest_tests.tests.api.test_share_types_negative.ShareTypesNegativeTest.test_share_type_update_bad_request_3_2_50_bad_public [0.009695s] ... ok
{1} manila_tempest_tests.tests.api.test_share_types_negative.ShareTypesNegativeTest.test_share_type_update_bad_request_4_2_90_bad_public [0.009912s] ... ok
{1} manila_tempest_tests.tests.api.test_share_types_negative.ShareTypesNegativeTest.test_share_type_update_bad_request_5_2_50_description [0.009289s] ... ok
{1} manila_tempest_tests.tests.api.test_share_types_negative.ShareTypesNegativeTest.test_share_type_update_bad_request_6_2_90_description [0.010588s] ... ok
{1} manila_tempest_tests.tests.api.test_share_types_negative.ShareTypesNegativeTest.test_share_type_update_conflict_1_2_50 [0.028418s] ... ok
{1} manila_tempest_tests.tests.api.test_share_types_negative.ShareTypesNegativeTest.test_share_type_update_conflict_2_2_90 [0.020872s] ... ok
{1} manila_tempest_tests.tests.api.test_share_types_negative.ShareTypesNegativeTest.test_try_add_access_to_share_type_with_user [0.108922s] ... ok
{1} manila_tempest_tests.tests.api.test_share_types_negative.ShareTypesNegativeTest.test_try_create_share_type_with_user [0.008963s] ... ok
{1} manila_tempest_tests.tests.api.test_share_types_negative.ShareTypesNegativeTest.test_try_delete_share_type_with_user [0.011331s] ... ok
{1} manila_tempest_tests.tests.api.test_share_types_negative.ShareTypesNegativeTest.test_try_remove_access_from_share_type_with_user [0.009699s] ... ok
{3} manila_tempest_tests.tests.api.test_quotas_negative.SharesQuotasNegativeTest.test_get_quotas_detail_with_wrong_version_1_2_6 [0.166572s] ... ok
{3} manila_tempest_tests.tests.api.test_quotas_negative.SharesQuotasNegativeTest.test_get_quotas_detail_with_wrong_version_2_2_7 [0.010889s] ... ok
{3} manila_tempest_tests.tests.api.test_quotas_negative.SharesQuotasNegativeTest.test_get_quotas_detail_with_wrong_version_3_2_24 [0.011546s] ... ok
{3} manila_tempest_tests.tests.api.test_quotas_negative.SharesQuotasNegativeTest.test_get_quotas_with_empty_tenant_id [0.006872s] ... ok
{3} manila_tempest_tests.tests.api.test_quotas_negative.SharesQuotasNegativeTest.test_try_reset_quotas_with_user [0.009195s] ... ok
{3} manila_tempest_tests.tests.api.test_quotas_negative.SharesQuotasNegativeTest.test_try_update_quotas_with_user [0.011061s] ... ok
{3} setUpClass (manila_tempest_tests.tests.api.test_replication.ReplicationActionsTest) ... SKIPPED: Replication tests are disabled.
{3} setUpClass (manila_tempest_tests.tests.api.test_replication_snapshots.ReplicationSnapshotTest) ... SKIPPED: Replication tests are disabled.
{1} setUpClass (manila_tempest_tests.tests.api.test_shares.SharesCIFSTest) ... SKIPPED: cifs tests are disabled
{1} setUpClass (manila_tempest_tests.tests.api.test_shares.SharesMapRFSTest) ... SKIPPED: maprfs tests are disabled
{3} manila_tempest_tests.tests.api.test_resource_locks_negative.ResourceLockNegativeTestAPIOnly.test_create_resource_lock_invalid_resource [0.172553s] ... ok
{3} manila_tempest_tests.tests.api.test_resource_locks_negative.ResourceLockNegativeTestAPIOnly.test_delete_resource_lock_invalid [0.013918s] ... ok
{3} setUpClass (manila_tempest_tests.tests.api.test_revert_to_snapshot.RevertToSnapshotTest) ... SKIPPED: Revert to snapshot tests are disabled.
{3} setUpClass (manila_tempest_tests.tests.api.test_rules_negative.ShareIpRulesForCIFSNegativeTest) ... SKIPPED: IP rule tests for cifs protocol are disabled
{1} manila_tempest_tests.tests.api.test_shares_actions_negative.SharesActionsNegativeTest.test_get_share_from_other_project [0.115433s] ... ok
{1} manila_tempest_tests.tests.api.test_shares_actions_negative.SharesActionsNegativeTest.test_list_shares_with_description_not_exist [0.024419s] ... ok
{1} manila_tempest_tests.tests.api.test_shares_actions_negative.SharesActionsNegativeTest.test_list_shares_with_export_location_and_invalid_version_1_path [0.060053s] ... ok
{1} manila_tempest_tests.tests.api.test_shares_actions_negative.SharesActionsNegativeTest.test_list_shares_with_export_location_and_invalid_version_2_id [0.034375s] ... ok
{1} manila_tempest_tests.tests.api.test_shares_actions_negative.SharesActionsNegativeTest.test_list_shares_with_export_location_not_exist_1_path [0.175238s] ... ok
{1} manila_tempest_tests.tests.api.test_shares_actions_negative.SharesActionsNegativeTest.test_list_shares_with_export_location_not_exist_2_id [0.050203s] ... ok
{1} manila_tempest_tests.tests.api.test_shares_actions_negative.SharesActionsNegativeTest.test_list_shares_with_like_filter_and_invalid_version [0.057035s] ... ok
{1} manila_tempest_tests.tests.api.test_shares_actions_negative.SharesActionsNegativeTest.test_list_shares_with_like_filter_not_exist [0.180479s] ... ok
{1} manila_tempest_tests.tests.api.test_shares_actions_negative.SharesActionsNegativeTest.test_list_shares_with_name_not_exist [0.020957s] ... ok
{1} manila_tempest_tests.tests.api.test_shares_actions_negative.SharesActionsNegativeTest.test_list_snapshots_with_description_not_exist [0.040888s] ... ok
{1} manila_tempest_tests.tests.api.test_shares_actions_negative.SharesActionsNegativeTest.test_list_snapshots_with_name_not_exist [0.034805s] ... ok
{1} manila_tempest_tests.tests.api.test_shares_actions_negative.SharesActionsNegativeTest.test_restore_share_with_wrong_id [0.020806s] ... ok
{1} manila_tempest_tests.tests.api.test_shares_actions_negative.SharesActionsNegativeTest.test_share_extend_over_quota [0.107450s] ... ok
{3} manila_tempest_tests.tests.api.test_rules_negative.ShareIpRulesForNFSNegativeTest.test_add_access_rule_on_share_with_no_host [3.641346s] ... ok
{2} manila_tempest_tests.tests.api.******.test_share_manage_negative.ManageNFSShareNegativeTest.test_delete_share_in_manage_error [37.929179s] ... ok
{0} manila_tempest_tests.tests.api.test_access_rules_metadata_negative.AccessesMetadataNegativeTest.test_try_delete_unexisting_access_metadata [0.068082s] ... ok
{0} manila_tempest_tests.tests.api.test_access_rules_metadata_negative.AccessesMetadataNegativeTest.test_try_upd_access_metadata_error_1 [0.062659s] ... ok
{0} manila_tempest_tests.tests.api.test_access_rules_metadata_negative.AccessesMetadataNegativeTest.test_try_upd_access_metadata_error_2 [0.062529s] ... ok
{0} manila_tempest_tests.tests.api.test_access_rules_metadata_negative.AccessesMetadataNegativeTest.test_try_upd_access_metadata_error_3 [0.060544s] ... ok
{1} manila_tempest_tests.tests.api.test_shares_actions_negative.SharesActionsNegativeTest.test_share_extend_with_invalid_share_state [40.026274s] ... ok
{1} manila_tempest_tests.tests.api.test_shares_actions_negative.SharesActionsNegativeTest.test_share_extend_with_less_size [0.038613s] ... ok
{1} manila_tempest_tests.tests.api.test_shares_actions_negative.SharesActionsNegativeTest.test_share_extend_with_same_size [0.033593s] ... ok
{1} manila_tempest_tests.tests.api.test_shares_actions_negative.SharesActionsNegativeTest.test_share_force_extend_non_******_user [0.043372s] ... ok
{1} manila_tempest_tests.tests.api.test_shares_actions_negative.SharesActionsNegativeTest.test_share_shrink_with_greater_size ... SKIPPED: Share shrink tests are disabled.
{1} manila_tempest_tests.tests.api.test_shares_actions_negative.SharesActionsNegativeTest.test_share_shrink_with_invalid_share_state ... SKIPPED: Share shrink tests are disabled.
{1} manila_tempest_tests.tests.api.test_shares_actions_negative.SharesActionsNegativeTest.test_share_shrink_with_same_size ... SKIPPED: Share shrink tests are disabled.
{3} manila_tempest_tests.tests.api.test_rules_negative.ShareIpRulesForNFSNegativeTest.test_allow_access_multiple_visibility_locks_not_allowed [37.593437s] ... ok
{3} manila_tempest_tests.tests.api.test_rules_negative.ShareIpRulesForNFSNegativeTest.test_create_access_rule_ip_with_wrong_target_01_1_2_3_256 [0.033385s] ... ok
{3} manila_tempest_tests.tests.api.test_rules_negative.ShareIpRulesForNFSNegativeTest.test_create_access_rule_ip_with_wrong_target_02_1_1_1__ [0.039829s] ... ok
{3} manila_tempest_tests.tests.api.test_rules_negative.ShareIpRulesForNFSNegativeTest.test_create_access_rule_ip_with_wrong_target_03_1_2_3_4_33 [0.039712s] ... ok
{3} manila_tempest_tests.tests.api.test_rules_negative.ShareIpRulesForNFSNegativeTest.test_create_access_rule_ip_with_wrong_target_04_1_2_3__ [0.042003s] ... ok
{3} manila_tempest_tests.tests.api.test_rules_negative.ShareIpRulesForNFSNegativeTest.test_create_access_rule_ip_with_wrong_target_05_1_2_3___23 [0.031506s] ... ok
{3} manila_tempest_tests.tests.api.test_rules_negative.ShareIpRulesForNFSNegativeTest.test_create_access_rule_ip_with_wrong_target_06_1_2_3_1_23 [0.031244s] ... ok
{3} manila_tempest_tests.tests.api.test_rules_negative.ShareIpRulesForNFSNegativeTest.test_create_access_rule_ip_with_wrong_target_07_1_2_3_1__1 [0.044893s] ... ok
{3} manila_tempest_tests.tests.api.test_rules_negative.ShareIpRulesForNFSNegativeTest.test_create_access_rule_ip_with_wrong_target_08_1_2_3_1_ [0.039960s] ... ok
{3} manila_tempest_tests.tests.api.test_rules_negative.ShareIpRulesForNFSNegativeTest.test_create_access_rule_ip_with_wrong_target_09_ad80__abaa_0_c2_2__3 [0.040304s] ... ok
{3} manila_tempest_tests.tests.api.test_rules_negative.ShareIpRulesForNFSNegativeTest.test_create_access_rule_ip_with_wrong_target_10_AD80_ABAA___26 [0.036649s] ... ok
{3} manila_tempest_tests.tests.api.test_rules_negative.ShareIpRulesForNFSNegativeTest.test_create_access_rule_ip_with_wrong_target_11_2001_DB8_2de_0_0_0_0_e13_200a [0.032696s] ... ok
{3} manila_tempest_tests.tests.api.test_rules_negative.ShareIpRulesForNFSNegativeTest.test_create_access_rule_with_wrong_level [0.032984s] ... ok
{0} manila_tempest_tests.tests.api.test_availability_zones.AvailabilityZonesTest.test_list_availability_zones [0.097721s] ... ok
{0} manila_tempest_tests.tests.api.test_availability_zones.AvailabilityZonesTest.test_list_availability_zones_legacy_url_api [0.023974s] ... ok
{0} manila_tempest_tests.tests.api.test_availability_zones_negative.AvailabilityZonesNegativeTest.test_list_availability_zones_api_not_found [0.091974s] ... ok
{0} manila_tempest_tests.tests.api.test_availability_zones_negative.AvailabilityZonesNegativeTest.test_list_availability_zones_api_not_found_with_legacy_url [0.011261s] ... ok
{0} manila_tempest_tests.tests.api.test_metadata_negative.SharesMetadataAPIOnlyNegativeTest.test_try_set_metadata_to_unexisting_share [0.106671s] ... ok
{0} manila_tempest_tests.tests.api.test_metadata_negative.SharesMetadataAPIOnlyNegativeTest.test_try_update_all_metadata_for_unexisting_share [0.021688s] ... ok
{0} setUpClass (manila_tempest_tests.tests.api.test_replication.ReplicationTest) ... SKIPPED: Replication tests are disabled.
{0} setUpClass (manila_tempest_tests.tests.api.test_replication_export_locations_negative.ReplicationExportLocationsNegativeTest) ... SKIPPED: Replication tests are disabled.
{0} setUpClass (manila_tempest_tests.tests.api.test_replication_negative.ReplicationAPIOnlyNegativeTest) ... SKIPPED: Replication tests are disabled.
{0} manila_tempest_tests.tests.api.test_resource_locks.ResourceLockDeleteTest.test_delete_lock [9.641831s] ... ok
{2} manila_tempest_tests.tests.api.******.test_share_manage_negative.ManageNFSShareNegativeTest.test_manage_invalid_param_manage_error [59.568794s] ... ok
{1} manila_tempest_tests.tests.api.test_shares_actions_negative.SharesActionsNegativeTest.test_soft_delete_share_from_other_project [40.276623s] ... ok
{3} manila_tempest_tests.tests.api.test_rules_negative.ShareIpRulesForNFSNegativeTest.test_create_duplicate_of_ip_rule_1_2_9 [40.827198s] ... ok
{3} manila_tempest_tests.tests.api.test_rules_negative.ShareIpRulesForNFSNegativeTest.test_create_duplicate_of_ip_rule_2_2_90 [37.402763s] ... ok
{0} manila_tempest_tests.tests.api.test_resource_locks.ResourceLockDeleteTest.test_delete_locked_resource [40.244401s] ... ok
{2} manila_tempest_tests.tests.api.******.test_share_manage_negative.ManageNFSShareNegativeTest.test_manage_invalid_param_raises_exception [40.662682s] ... ok
{1} manila_tempest_tests.tests.api.test_shares_actions_negative.SharesActionsNegativeTest.test_soft_delete_share_has_been_soft_deleted [40.174185s] ... ok
{0} setUpClass (manila_tempest_tests.tests.api.test_rules.ShareIpRulesForCIFSTest) ... SKIPPED: IP rule tests for cifs protocol are disabled
{0} setUpClass (manila_tempest_tests.tests.api.test_rules_negative.ShareCertRulesForGLUSTERFSNegativeTest) ... SKIPPED: CERT rule tests for glusterfs protocol are disabled
{0} setUpClass (manila_tempest_tests.tests.api.test_rules_negative.ShareUserRulesForCIFSNegativeTest) ... SKIPPED: USER rule tests for cifs protocol are disabled
{0} setUpClass (manila_tempest_tests.tests.api.test_rules_negative.ShareUserRulesForNFSNegativeTest) ... SKIPPED: USER rule tests for nfs protocol are disabled
{0} setUpClass (manila_tempest_tests.tests.api.test_scheduler_hints.SharesSchedulerHintsTest) ... SKIPPED: Manila multi-backend is disabled.
{0} setUpClass (manila_tempest_tests.tests.api.test_share_encryption.ShareEncryptionNFSTest) ... SKIPPED: Encryption tests are disabled.
{0} setUpClass (manila_tempest_tests.tests.api.test_share_encryption_negative.SharesEncryptionNegativeTest) ... SKIPPED: Encryption tests are disabled.
{0} manila_tempest_tests.tests.api.test_share_network_subnets.ShareNetworkSubnetsTest.test_create_delete_subnet [0.535324s] ... ok
{0} manila_tempest_tests.tests.api.test_share_network_subnets.ShareNetworkSubnetsTest.test_create_share_on_share_network_with_multiple_subnets_1_True ... SKIPPED: Only for multitenancy.
{0} manila_tempest_tests.tests.api.test_share_network_subnets.ShareNetworkSubnetsTest.test_create_share_on_share_network_with_multiple_subnets_2_False ... SKIPPED: Only for multitenancy.
{0} manila_tempest_tests.tests.api.test_share_network_subnets.ShareNetworkSubnetsTest.test_create_share_on_subnet_with_availability_zone ... SKIPPED: Only for multitenancy.
{0} manila_tempest_tests.tests.api.test_share_network_subnets.ShareNetworkSubnetsTest.test_show_share_network_subnet [0.478373s] ... ok
{3} manila_tempest_tests.tests.api.test_rules_negative.ShareIpRulesForNFSNegativeTest.test_create_duplicate_single_host_rules_1_10_20_30_40 [40.455613s] ... ok
{1} manila_tempest_tests.tests.api.test_shares_actions_negative.SharesActionsNegativeTest.test_soft_delete_share_with_invalid_share_state [40.072328s] ... ok
{1} manila_tempest_tests.tests.api.test_shares_actions_negative.SharesActionsNegativeTest.test_soft_delete_share_with_wrong_id [0.016211s] ... ok
{2} manila_tempest_tests.tests.api.******.test_share_manage_negative.ManageNFSShareNegativeTest.test_manage_share_duplicate [40.747668s] ... ok
{2} manila_tempest_tests.tests.api.******.test_share_manage_negative.ManageNFSShareNegativeTest.test_manage_share_without_share_server_id ... SKIPPED: Multitenancy tests are disabled.
{0} manila_tempest_tests.tests.api.test_shares.SharesNFSTest.test_create_delete_snapshot ... SKIPPED: Snapshot tests are disabled.
{3} manila_tempest_tests.tests.api.test_rules_negative.ShareIpRulesForNFSNegativeTest.test_create_duplicate_single_host_rules_2_fd8c_b029_bba6_ac54__1 [6.698636s] ... ok
{3} manila_tempest_tests.tests.api.test_rules_negative.ShareIpRulesForNFSNegativeTest.test_create_duplicate_single_host_rules_3_fd2c_b029_bba6_df54__1_128 [6.737135s] ... ok
{1} manila_tempest_tests.tests.api.test_shares_negative.SharesAPIOnlyNegativeTest.test_create_share_non_existent_az [0.083678s] ... ok
{1} manila_tempest_tests.tests.api.test_shares_negative.SharesAPIOnlyNegativeTest.test_create_share_size_greater_than_specified_in_share_type [0.018329s] ... ok
{1} manila_tempest_tests.tests.api.test_shares_negative.SharesAPIOnlyNegativeTest.test_create_share_size_less_than_specified_in_share_type [0.018055s] ... ok
{1} manila_tempest_tests.tests.api.test_shares_negative.SharesAPIOnlyNegativeTest.test_create_share_with_invalid_protocol [0.014186s] ... ok
{1} manila_tempest_tests.tests.api.test_shares_negative.SharesAPIOnlyNegativeTest.test_create_share_with_invalid_size [0.015046s] ... ok
{1} manila_tempest_tests.tests.api.test_shares_negative.SharesAPIOnlyNegativeTest.test_create_share_with_out_passing_size [0.016349s] ... ok
{1} manila_tempest_tests.tests.api.test_shares_negative.SharesAPIOnlyNegativeTest.test_create_share_with_wrong_public_value [0.010910s] ... ok
{1} manila_tempest_tests.tests.api.test_shares_negative.SharesAPIOnlyNegativeTest.test_create_share_with_zero_size [0.014578s] ... ok
{1} manila_tempest_tests.tests.api.test_shares_negative.SharesAPIOnlyNegativeTest.test_create_snapshot_with_wrong_id ... SKIPPED: Snapshot tests are disabled.
{1} manila_tempest_tests.tests.api.test_shares_negative.SharesAPIOnlyNegativeTest.test_delete_share_with_wrong_id [0.015260s] ... ok
{1} manila_tempest_tests.tests.api.test_shares_negative.SharesAPIOnlyNegativeTest.test_delete_share_without_passing_share_id [0.005340s] ... ok
{1} manila_tempest_tests.tests.api.test_shares_negative.SharesAPIOnlyNegativeTest.test_delete_snapshot_with_wrong_id ... SKIPPED: Snapshot tests are disabled.
{1} manila_tempest_tests.tests.api.test_shares_negative.SharesAPIOnlyNegativeTest.test_get_share_with_wrong_id [0.015183s] ... ok
{1} manila_tempest_tests.tests.api.test_shares_negative.SharesAPIOnlyNegativeTest.test_get_share_without_passing_share_id [0.005495s] ... ok
{1} manila_tempest_tests.tests.api.test_shares_negative.SharesAPIOnlyNegativeTest.test_list_by_share_server_by_user [0.010809s] ... ok
{1} manila_tempest_tests.tests.api.test_shares_negative.SharesAPIOnlyNegativeTest.test_list_by_user_with_host_filter [0.008972s] ... ok
{1} manila_tempest_tests.tests.api.test_shares_negative.SharesAPIOnlyNegativeTest.test_list_shares_non******_with_nonexistent_share_server_filter [0.009285s] ... ok
{1} manila_tempest_tests.tests.api.test_shares_negative.SharesAPIOnlyNegativeTest.test_manage_share_by_user [0.007350s] ... ok
{1} manila_tempest_tests.tests.api.test_shares_negative.SharesAPIOnlyNegativeTest.test_unmanage_share_by_user [0.008798s] ... ok
{1} setUpClass (manila_tempest_tests.tests.api.test_snapshot_rules.ShareSnapshotUserRulesForCIFSTest) ... SKIPPED: Mountable snapshots tests are disabled.
{2} manila_tempest_tests.tests.api.******.test_share_manage_negative.ManageNFSShareNegativeTest.test_unmanage_share_transitional_state [37.609584s] ... ok
{2} manila_tempest_tests.tests.api.******.test_share_manage_negative.ManageNFSShareNegativeTest.test_unmanage_share_with_server_unsupported ... SKIPPED: Multitenancy tests are disabled.
{2} manila_tempest_tests.tests.api.******.test_share_manage_negative.ManageNFSShareNegativeTest.test_unmanage_share_with_snapshot ... SKIPPED: Snapshot tests are disabled.
{0} manila_tempest_tests.tests.api.test_shares.SharesNFSTest.test_create_get_delete_share [37.157821s] ... ok
{0} manila_tempest_tests.tests.api.test_shares.SharesNFSTest.test_create_share_from_snapshot ... SKIPPED: Snapshot tests are disabled.
{0} manila_tempest_tests.tests.api.test_shares.SharesNFSTest.test_create_share_from_snapshot_share_network_not_provided ... SKIPPED: Only for multitenancy.
{3} manila_tempest_tests.tests.api.test_rules_negative.ShareIpRulesForNFSNegativeTest.test_create_duplicate_single_host_rules_4_10_10_30_40_32 [28.153110s] ... ok
{2} manila_tempest_tests.tests.api.******.test_share_networks.ShareNetworkAdminTest.test_list_share_networks [0.074609s] ... ok
{2} manila_tempest_tests.tests.api.******.test_share_networks.ShareNetworkAdminTest.test_list_share_networks_all_filter_opts [0.062076s] ... ok
{2} manila_tempest_tests.tests.api.******.test_share_networks.ShareNetworkAdminTest.test_list_share_networks_all_tenants [0.222950s] ... ok
{2} manila_tempest_tests.tests.api.******.test_share_networks.ShareNetworkAdminTest.test_list_share_networks_filter_by_project_id [0.036119s] ... ok
{2} manila_tempest_tests.tests.api.******.test_share_networks.ShareNetworkAdminTest.test_list_share_networks_filter_by_ss [0.101886s] ... ok
{2} manila_tempest_tests.tests.api.******.test_share_networks.ShareNetworkAdminTest.test_list_share_networks_like_filter [0.057623s] ... ok
{2} manila_tempest_tests.tests.api.******.test_share_networks.ShareNetworkAdminTest.test_list_share_networks_with_detail [0.032207s] ... ok
{2} manila_tempest_tests.tests.api.******.test_share_networks.ShareNetworkAdminTest.test_try_list_share_networks_all_tenants [0.038597s] ... ok
{2} manila_tempest_tests.tests.api.******.test_share_networks.ShareNetworkAdminTest.test_try_list_share_networks_project_id [0.039375s] ... ok
{2} setUpClass (manila_tempest_tests.tests.api.******.test_share_servers_manage_negative.ManageShareServersNegativeTest) ... SKIPPED: Multitenancy tests are disabled.
{2} setUpClass (manila_tempest_tests.tests.api.******.test_share_servers_migration_negative.ShareServerMigrationStartInvalidStatesNFS) ... SKIPPED: Multitenancy tests are disabled.
{2} setUpClass (manila_tempest_tests.tests.api.******.test_share_servers_migration_negative.ShareServerMigrationStartNegativesNFS) ... SKIPPED: Multitenancy tests are disabled.
{2} setUpClass (manila_tempest_tests.tests.api.******.test_share_snapshot_instances.ShareSnapshotInstancesTest) ... SKIPPED: Snapshot tests are disabled.
{2} manila_tempest_tests.tests.api.******.test_share_types_negative.ShareTypesAdminNegativeTest.test_add_share_type_allowed_for_public [0.195743s] ... ok
{2} manila_tempest_tests.tests.api.******.test_share_types_negative.ShareTypesAdminNegativeTest.test_add_share_type_by_nonexistent_id [0.012506s] ... ok
{2} manila_tempest_tests.tests.api.******.test_share_types_negative.ShareTypesAdminNegativeTest.test_create_share_type_with_description_in_wrong_version_1_2_0 [0.008210s] ... ok
{2} manila_tempest_tests.tests.api.******.test_share_types_negative.ShareTypesAdminNegativeTest.test_create_share_type_with_description_in_wrong_version_2_2_6 [0.008168s] ... ok
{2} manila_tempest_tests.tests.api.******.test_share_types_negative.ShareTypesAdminNegativeTest.test_create_share_type_with_description_in_wrong_version_3_2_40 [0.008615s] ... ok
{2} manila_tempest_tests.tests.api.******.test_share_types_negative.ShareTypesAdminNegativeTest.test_create_share_type_with_empty_name [0.009962s] ... ok
{2} manila_tempest_tests.tests.api.******.test_share_types_negative.ShareTypesAdminNegativeTest.test_create_share_type_with_too_big_name [0.006844s] ... ok
{2} manila_tempest_tests.tests.api.******.test_share_types_negative.ShareTypesAdminNegativeTest.test_create_share_with_non_allowed_share_type [0.201990s] ... ok
{2} manila_tempest_tests.tests.api.******.test_share_types_negative.ShareTypesAdminNegativeTest.test_create_share_with_nonexistent_share_type [0.017772s] ... ok
{2} manila_tempest_tests.tests.api.******.test_share_types_negative.ShareTypesAdminNegativeTest.test_get_share_type_by_nonexistent_id [0.015659s] ... ok
{2} manila_tempest_tests.tests.api.******.test_share_types_negative.ShareTypesAdminNegativeTest.test_remove_share_type_allowed_for_public [0.039185s] ... ok
{2} manila_tempest_tests.tests.api.******.test_share_types_negative.ShareTypesAdminNegativeTest.test_remove_share_type_by_nonexistent_id [0.013063s] ... ok
{2} manila_tempest_tests.tests.api.******.test_share_types_negative.ShareTypesAdminNegativeTest.test_try_create_duplicate_of_share_type [0.035627s] ... ok
{2} manila_tempest_tests.tests.api.******.test_share_types_negative.ShareTypesAdminNegativeTest.test_try_delete_share_type_by_nonexistent_id [0.012081s] ... ok
{2} setUpClass (manila_tempest_tests.tests.api.******.test_snapshot_export_locations_negative.SnapshotExportLocationsAPIOnlyNegativeTest) ... SKIPPED: Snapshot tests are disabled.
{2} setUpClass (manila_tempest_tests.tests.api.******.test_snapshot_manage.ManageHDFSSnapshotTest) ... SKIPPED: Manage/unmanage snapshot tests are disabled.
{2} setUpClass (manila_tempest_tests.tests.api.test_backup.ShareBackupTest) ... SKIPPED: Share backup tests are disabled.
{2} setUpClass (manila_tempest_tests.tests.api.test_backup_negative.ShareBackupNegativeTest) ... SKIPPED: Share backup tests are disabled.
{0} manila_tempest_tests.tests.api.test_shares_actions.SharesRenameTest.test_rename_snapshot ... SKIPPED: Snapshot tests are disabled.
{0} manila_tempest_tests.tests.api.test_shares_actions.SharesRenameTest.test_update_share [0.122432s] ... ok
{3} manila_tempest_tests.tests.api.test_rules_negative.ShareIpRulesForNFSNegativeTest.test_deny_access_unrestrict_other_user_rule [37.603344s] ... ok
{0} setUpClass (manila_tempest_tests.tests.api.test_snapshot_rules_negative.SnapshotIpRulesForNFSNegativeTest) ... SKIPPED: Snapshot tests are disabled.
{3} manila_tempest_tests.tests.api.test_rules_negative.ShareIpRulesForNFSNegativeTest.test_deny_access_without_unrestrict_as_owner_user_1_True [40.503665s] ... ok
{2} manila_tempest_tests.tests.api.test_public_shares.PublicSharesTest.test_list_shares_public_with_detail [68.033685s] ... ok
{3} manila_tempest_tests.tests.api.test_rules_negative.ShareIpRulesForNFSNegativeTest.test_deny_access_without_unrestrict_as_owner_user_2_False [40.648440s] ... ok
{2} manila_tempest_tests.tests.api.test_public_shares.PublicSharesTest.test_update_share_set_is_public [40.063874s] ... ok
{2} manila_tempest_tests.tests.api.test_public_shares_negative.PublicSharesNegativeTest.test_delete_metadata_of_other_tenants_public_share [0.206640s] ... ok
{2} manila_tempest_tests.tests.api.test_public_shares_negative.PublicSharesNegativeTest.test_delete_other_tenants_public_share [0.028888s] ... ok
{2} manila_tempest_tests.tests.api.test_public_shares_negative.PublicSharesNegativeTest.test_set_metadata_of_other_tenants_public_share [0.065454s] ... ok
{2} manila_tempest_tests.tests.api.test_public_shares_negative.PublicSharesNegativeTest.test_update_metadata_of_other_tenants_public_share [0.082710s] ... ok
{2} manila_tempest_tests.tests.api.test_public_shares_negative.PublicSharesNegativeTest.test_update_other_tenants_public_share [0.030535s] ... ok
{2} manila_tempest_tests.tests.api.test_public_shares_negative.PublicSharesNegativeTest.test_update_share_with_wrong_public_value [0.026577s] ... ok
{3} manila_tempest_tests.tests.api.test_rules_negative.ShareRulesAPIOnlyNegativeTest.test_create_access_rule_ip_with_wrong_share_id [0.099137s] ... ok
{3} manila_tempest_tests.tests.api.test_security_services.SecurityServicesTest.test_create_delete_security_service [0.353358s] ... ok
{3} manila_tempest_tests.tests.api.test_security_services.SecurityServicesTest.test_get_security_service_1_2_43 [0.161398s] ... ok
{3} manila_tempest_tests.tests.api.test_security_services.SecurityServicesTest.test_get_security_service_2_2_44 [0.163708s] ... ok
{3} manila_tempest_tests.tests.api.test_security_services.SecurityServicesTest.test_get_security_service_3_2_90 [0.196345s] ... ok
{3} manila_tempest_tests.tests.api.test_security_services.SecurityServicesTest.test_list_security_services [0.127939s] ... ok
{3} manila_tempest_tests.tests.api.test_security_services.SecurityServicesTest.test_list_security_services_detailed_filter_by_ss_attributes [0.126244s] ... ok
{3} manila_tempest_tests.tests.api.test_security_services.SecurityServicesTest.test_list_security_services_filter_by_invalid_opt [0.119628s] ... ok
{3} manila_tempest_tests.tests.api.test_security_services.SecurityServicesTest.test_list_security_services_filter_by_share_network ... SKIPPED: Only for multitenancy.
{3} manila_tempest_tests.tests.api.test_security_services.SecurityServicesTest.test_list_security_services_with_detail_1_2_42 [0.128267s] ... ok
{3} manila_tempest_tests.tests.api.test_security_services.SecurityServicesTest.test_list_security_services_with_detail_2_2_44 [0.128605s] ... ok
{3} manila_tempest_tests.tests.api.test_security_services.SecurityServicesTest.test_list_security_services_with_detail_3_2_90 [0.124128s] ... ok
{3} manila_tempest_tests.tests.api.test_security_services.SecurityServicesTest.test_try_list_security_services_all_tenants_ignored [0.272346s] ... ok
{3} manila_tempest_tests.tests.api.test_security_services.SecurityServicesTest.test_try_update_valid_keys_sh_server_exists ... SKIPPED: Only for multitenancy.
{3} manila_tempest_tests.tests.api.test_security_services.SecurityServicesTest.test_update_security_service [0.240264s] ... ok
{3} manila_tempest_tests.tests.api.test_security_services_negative.SecurityServicesNegativeTest.test_get_deleted_security_service [0.144855s] ... ok
{3} manila_tempest_tests.tests.api.test_security_services_negative.SecurityServicesNegativeTest.test_try_create_security_service_with_empty_type [0.007537s] ... ok
{3} manila_tempest_tests.tests.api.test_security_services_negative.SecurityServicesNegativeTest.test_try_create_security_service_with_wrong_type [0.008607s] ... ok
{3} manila_tempest_tests.tests.api.test_security_services_negative.SecurityServicesNegativeTest.test_try_delete_security_service_with_wrong_type [0.012665s] ... ok
{3} manila_tempest_tests.tests.api.test_security_services_negative.SecurityServicesNegativeTest.test_try_delete_security_service_without_id [0.007163s] ... ok
{3} manila_tempest_tests.tests.api.test_security_services_negative.SecurityServicesNegativeTest.test_try_get_security_service_with_wrong_id [0.010582s] ... ok
{3} manila_tempest_tests.tests.api.test_security_services_negative.SecurityServicesNegativeTest.test_try_get_security_service_without_id [0.005577s] ... ok
{3} manila_tempest_tests.tests.api.test_security_services_negative.SecurityServicesNegativeTest.test_try_update_invalid_keys_sh_server_exists ... SKIPPED: Only for multitenancy.
{3} manila_tempest_tests.tests.api.test_security_services_negative.SecurityServicesNegativeTest.test_try_update_nonexistant_security_service [0.013413s] ... ok
{3} manila_tempest_tests.tests.api.test_security_services_negative.SecurityServicesNegativeTest.test_try_update_security_service_with_empty_id [0.009159s] ... ok
{3} setUpClass (manila_tempest_tests.tests.api.test_share_group_actions.ShareGroupActionsTest) ... SKIPPED: Share Group tests disabled.
{3} setUpClass (manila_tempest_tests.tests.api.test_share_group_actions.ShareGroupRenameTest) ... SKIPPED: Share Group tests disabled.
{3} setUpClass (manila_tempest_tests.tests.api.test_share_groups.ShareGroupsTest) ... SKIPPED: Share Group tests disabled.
{3} manila_tempest_tests.tests.api.test_share_networks.ShareNetworksTest.test_create_delete_share_network [0.268958s] ... ok
{3} manila_tempest_tests.tests.api.test_share_networks.ShareNetworksTest.test_create_two_share_networks_with_same_net_and_subnet [0.492681s] ... ok
{3} manila_tempest_tests.tests.api.test_share_networks.ShareNetworksTest.test_gateway_mtu_neutron_net_id_with_neutron ... SKIPPED: Only for multitenancy.
{3} manila_tempest_tests.tests.api.test_share_networks.ShareNetworksTest.test_get_share_network [0.037175s] ... ok
{3} manila_tempest_tests.tests.api.test_share_networks.ShareNetworksTest.test_list_share_networks [0.036980s] ... ok
{3} manila_tempest_tests.tests.api.test_share_networks.ShareNetworksTest.test_list_share_networks_all_filter_opts [0.058306s] ... ok
{3} manila_tempest_tests.tests.api.test_share_networks.ShareNetworksTest.test_list_share_networks_filter_by_ss [0.093481s] ... ok
{3} manila_tempest_tests.tests.api.test_share_networks.ShareNetworksTest.test_list_share_networks_like_filter [0.036913s] ... ok
{3} manila_tempest_tests.tests.api.test_share_networks.ShareNetworksTest.test_list_share_networks_with_detail [0.045418s] ... ok
{3} manila_tempest_tests.tests.api.test_share_networks.ShareNetworksTest.test_recreate_share_network [0.420484s] ... ok
{3} manila_tempest_tests.tests.api.test_share_networks.ShareNetworksTest.test_try_list_share_networks_all_tenants [0.031984s] ... ok
{3} manila_tempest_tests.tests.api.test_share_networks.ShareNetworksTest.test_try_list_share_networks_project_id [0.042085s] ... ok
{3} manila_tempest_tests.tests.api.test_share_networks.ShareNetworksTest.test_update_share_network [0.100778s] ... ok
{3} manila_tempest_tests.tests.api.test_share_networks.ShareNetworksTest.test_update_valid_keys_sh_server_exists ... SKIPPED: Only for multitenancy.
{2} setUpClass (manila_tempest_tests.tests.api.test_replication_export_locations.ReplicationExportLocationsTest) ... SKIPPED: Replication tests are disabled.
{2} setUpClass (manila_tempest_tests.tests.api.test_replication_negative.ReplicationNegativeTest) ... SKIPPED: Replication tests are disabled.
{3} manila_tempest_tests.tests.api.test_share_networks_negative.ShareNetworksNegativeTest.test_check_add_share_network_subnet_az_not_found [0.366661s] ... ok
{3} manila_tempest_tests.tests.api.test_share_networks_negative.ShareNetworksNegativeTest.test_check_add_share_network_subnet_share_network_not_found [0.019947s] ... ok
{3} manila_tempest_tests.tests.api.test_share_networks_negative.ShareNetworksNegativeTest.test_create_share_network_inexistent_az [0.011509s] ... ok
{3} manila_tempest_tests.tests.api.test_share_networks_negative.ShareNetworksNegativeTest.test_delete_share_network_contains_more_than_one_subnet [0.466285s] ... ok
{3} manila_tempest_tests.tests.api.test_share_networks_negative.ShareNetworksNegativeTest.test_list_shares_with_like_filter_not_exist [0.022371s] ... ok
{3} manila_tempest_tests.tests.api.test_share_networks_negative.ShareNetworksNegativeTest.test_try_delete_share_network_with_existing_shares ... SKIPPED: Can run only with drivers that do handle share servers creation. Skipping.
{3} manila_tempest_tests.tests.api.test_share_networks_negative.ShareNetworksNegativeTest.test_try_delete_share_network_with_wrong_type [0.025563s] ... ok
{3} manila_tempest_tests.tests.api.test_share_networks_negative.ShareNetworksNegativeTest.test_try_delete_share_network_without_id [0.006692s] ... ok
{3} manila_tempest_tests.tests.api.test_share_networks_negative.ShareNetworksNegativeTest.test_try_get_deleted_share_network [0.245550s] ... ok
{3} manila_tempest_tests.tests.api.test_share_networks_negative.ShareNetworksNegativeTest.test_try_get_share_network_with_wrong_id [0.027340s] ... ok
{3} manila_tempest_tests.tests.api.test_share_networks_negative.ShareNetworksNegativeTest.test_try_get_share_network_without_id [0.007539s] ... ok
{3} manila_tempest_tests.tests.api.test_share_networks_negative.ShareNetworksNegativeTest.test_try_list_share_networks_wrong_created_before_value [0.008771s] ... ok
{3} manila_tempest_tests.tests.api.test_share_networks_negative.ShareNetworksNegativeTest.test_try_list_share_networks_wrong_created_since_value [0.007278s] ... ok
{3} manila_tempest_tests.tests.api.test_share_networks_negative.ShareNetworksNegativeTest.test_try_update_invalid_keys_sh_server_exists ... SKIPPED: Only for multitenancy.
{3} manila_tempest_tests.tests.api.test_share_networks_negative.ShareNetworksNegativeTest.test_try_update_nonexistant_share_network [0.026773s] ... ok
{3} manila_tempest_tests.tests.api.test_share_networks_negative.ShareNetworksNegativeTest.test_try_update_share_network_with_empty_id [0.005910s] ... ok
{2} manila_tempest_tests.tests.api.test_resource_locks.ResourceLockCRUTest.test_create_resource_lock [0.566903s] ... ok
{2} manila_tempest_tests.tests.api.test_resource_locks.ResourceLockCRUTest.test_get_resource_lock [0.022214s] ... ok
{2} manila_tempest_tests.tests.api.test_resource_locks.ResourceLockCRUTest.test_list_resource_locks [0.019118s] ... ok
{3} manila_tempest_tests.tests.api.test_share_transfers_negative.ShareTransferNegativeTest.test_accept_transfer_with_incorrect_auth_key [12.882967s] ... ok
{3} manila_tempest_tests.tests.api.test_share_transfers_negative.ShareTransferNegativeTest.test_accept_transfer_without_auth_key [18.681035s] ... ok
{3} manila_tempest_tests.tests.api.test_share_transfers_negative.ShareTransferNegativeTest.test_delete_nonexistent_transfer [0.051715s] ... ok
{2} manila_tempest_tests.tests.api.test_resource_locks.ResourceLockCRUTest.test_list_resource_locks_filtered [21.748789s] ... ok
{2} manila_tempest_tests.tests.api.test_resource_locks.ResourceLockCRUTest.test_list_resource_locks_sorted_and_paginated [0.166569s] ... ok
{2} manila_tempest_tests.tests.api.test_resource_locks.ResourceLockCRUTest.test_update_resource_lock [0.049328s] ... ok
{3} manila_tempest_tests.tests.api.test_share_transfers_negative.ShareTransferNegativeTest.test_delete_transfer_of_other_tenants [21.747689s] ... ok
{3} manila_tempest_tests.tests.api.test_share_transfers_negative.ShareTransferNegativeTest.test_show_nonexistent_transfer [0.021781s] ... ok
{3} manila_tempest_tests.tests.api.test_share_transfers_negative.ShareTransferNegativeTest.test_show_transfer_of_other_tenants [18.725257s] ... ok
{2} manila_tempest_tests.tests.api.test_resource_locks_negative.ResourceLockNegativeTestWithShares.test_create_resource_lock_invalid_lock_reason_too_long [0.013205s] ... ok
{2} manila_tempest_tests.tests.api.test_resource_locks_negative.ResourceLockNegativeTestWithShares.test_create_resource_lock_invalid_resource_action [0.014895s] ... ok
{2} manila_tempest_tests.tests.api.test_resource_locks_negative.ResourceLockNegativeTestWithShares.test_delete_resource_lock_created_by_different_user [0.374625s] ... ok
{2} manila_tempest_tests.tests.api.test_resource_locks_negative.ResourceLockNegativeTestWithShares.test_update_resource_lock_created_by_different_user [0.441543s] ... ok
{2} manila_tempest_tests.tests.api.test_resource_locks_negative.ResourceLockNegativeTestWithShares.test_update_resource_lock_invalid_param [0.075579s] ... ok
{2} setUpClass (manila_tempest_tests.tests.api.test_revert_to_snapshot_negative.RevertToSnapshotNegativeTest) ... SKIPPED: Revert to snapshot tests are disabled.
{2} setUpClass (manila_tempest_tests.tests.api.test_rules.ShareCephxRulesForCephFSTest) ... SKIPPED: Cephx rule tests for cephfs protocol are disabled.
{3} setUpClass (manila_tempest_tests.tests.api.test_shares.SharesGLUSTERFSTest) ... SKIPPED: glusterfs tests are disabled
{3} manila_tempest_tests.tests.api.test_shares_negative.SharesNegativeTest.test_create_share_from_snap_with_different_share_network ... SKIPPED: Only for multitenancy.
{3} manila_tempest_tests.tests.api.test_shares_negative.SharesNegativeTest.test_create_share_from_snap_with_less_size ... SKIPPED: Snapshot tests are disabled.
{3} manila_tempest_tests.tests.api.test_shares_negative.SharesNegativeTest.test_create_share_with_nonexistant_share_network ... SKIPPED: Only for multitenancy.
{3} manila_tempest_tests.tests.api.test_shares_negative.SharesNegativeTest.test_try_delete_share_with_existing_snapshot ... SKIPPED: Snapshot tests are disabled.
{3} setUpClass (manila_tempest_tests.tests.api.test_snapshot_metadata_negative.ShareSnapshotMetadataNegativeTest) ... SKIPPED: Snapshot tests are disabled.
{3} setUpClass (manila_tempest_tests.tests.api.test_snapshot_rules.ShareSnapshotIpRulesForNFSTest) ... SKIPPED: Snapshot tests are disabled.
{2} manila_tempest_tests.tests.api.test_rules.ShareIpRulesForNFSTest.test_create_delete_access_rule_with_cidr_1___2_9___4_ [40.482002s] ... ok
{2} manila_tempest_tests.tests.api.test_rules.ShareIpRulesForNFSTest.test_create_delete_access_rule_with_cidr_2___2_37___4_ [40.254145s] ... ok
{2} manila_tempest_tests.tests.api.test_rules.ShareIpRulesForNFSTest.test_create_delete_access_rule_with_cidr_3___2_90___4_ [37.513158s] ... ok
{2} manila_tempest_tests.tests.api.test_rules.ShareIpRulesForNFSTest.test_create_delete_access_rule_with_cidr_4___2_38___6_ [6.577584s] ... ok
{2} manila_tempest_tests.tests.api.test_rules.ShareIpRulesForNFSTest.test_create_delete_access_rule_with_cidr_5___2_90___6_ [6.626408s] ... ok
{2} manila_tempest_tests.tests.api.test_rules.ShareIpRulesForNFSTest.test_create_delete_access_rules_with_one_ip_1___2_9___4_ [28.432784s] ... ok
{2} manila_tempest_tests.tests.api.test_rules.ShareIpRulesForNFSTest.test_create_delete_access_rules_with_one_ip_2___2_37___4_ [40.281604s] ... ok
{2} manila_tempest_tests.tests.api.test_rules.ShareIpRulesForNFSTest.test_create_delete_access_rules_with_one_ip_3___2_90___4_ [40.380367s] ... ok
{2} manila_tempest_tests.tests.api.test_rules.ShareIpRulesForNFSTest.test_create_delete_access_rules_with_one_ip_4___2_38___6_ [6.555625s] ... ok
{2} manila_tempest_tests.tests.api.test_rules.ShareIpRulesForNFSTest.test_create_delete_access_rules_with_one_ip_5___2_90___6_ [6.564059s] ... ok
{2} manila_tempest_tests.tests.api.test_rules.ShareIpRulesForNFSTest.test_create_delete_ro_access_rule_1_2_9 [25.136053s] ... ok
{2} manila_tempest_tests.tests.api.test_rules.ShareIpRulesForNFSTest.test_create_delete_ro_access_rule_2_2_27 [40.665414s] ... ok
{2} manila_tempest_tests.tests.api.test_rules.ShareIpRulesForNFSTest.test_create_delete_ro_access_rule_3_2_28 [40.359971s] ... ok
{2} manila_tempest_tests.tests.api.test_rules.ShareIpRulesForNFSTest.test_create_delete_ro_access_rule_4_2_90 [40.448627s] ... ok
{2} manila_tempest_tests.tests.api.test_rules.ShareIpRulesForNFSTest.test_update_access_rule [40.667105s] ... ok
{2} manila_tempest_tests.tests.api.test_rules.ShareRulesTest.test_access_rules_deleted_if_share_deleted_1_2_9 ... SKIPPED: API version 2.9 does not support cephx access type, need version >= 2.13.
{2} manila_tempest_tests.tests.api.test_rules.ShareRulesTest.test_access_rules_deleted_if_share_deleted_2_2_27 [79.961769s] ... ok
{2} manila_tempest_tests.tests.api.test_rules.ShareRulesTest.test_access_rules_deleted_if_share_deleted_3_2_28 [79.829556s] ... ok
{2} manila_tempest_tests.tests.api.test_rules.ShareRulesTest.test_access_rules_deleted_if_share_deleted_4_2_90 [79.894360s] ... ok
{2} manila_tempest_tests.tests.api.test_rules.ShareRulesTest.test_******_delete_restricted_rules [40.383352s] ... ok
{2} manila_tempest_tests.tests.api.test_rules.ShareRulesTest.test_******_listing_restricted_rules [40.610678s] ... ok
{2} manila_tempest_tests.tests.api.test_rules.ShareRulesTest.test_list_access_rules_1_2_9 ... SKIPPED: API version 2.9 does not support cephx access type, need version >= 2.13.
{2} manila_tempest_tests.tests.api.test_rules.ShareRulesTest.test_list_access_rules_2_2_27 [40.557019s] ... ok
{2} manila_tempest_tests.tests.api.test_rules.ShareRulesTest.test_list_access_rules_3_2_28 [40.308042s] ... ok
{2} manila_tempest_tests.tests.api.test_rules.ShareRulesTest.test_list_access_rules_4_2_45 [37.469531s] ... ok
{2} manila_tempest_tests.tests.api.test_rules.ShareRulesTest.test_list_access_rules_5_2_90 [40.828962s] ... ok
{2} manila_tempest_tests.tests.api.test_rules.ShareRulesTest.test_list_restricted_rules_from_other_user_1___2_81___True_ [40.763088s] ... ok
{2} manila_tempest_tests.tests.api.test_rules.ShareRulesTest.test_list_restricted_rules_from_other_user_2___2_81___False_ [40.848247s] ... ok
{2} manila_tempest_tests.tests.api.test_rules.ShareRulesTest.test_list_restricted_rules_from_other_user_3___2_90___True_ [37.664647s] ... ok
{2} manila_tempest_tests.tests.api.test_rules.ShareRulesTest.test_list_restricted_rules_from_other_user_4___2_90___False_ [40.525608s] ... ok
{2} setUpClass (manila_tempest_tests.tests.api.test_rules.ShareUserRulesForNFSTest) ... SKIPPED: USER rule tests for nfs protocol are disabled
{2} setUpClass (manila_tempest_tests.tests.api.test_rules_negative.ShareCephxRulesForCephFSNegativeTest) ... SKIPPED: CEPHX rule tests for cephfs protocol are disabled
{2} manila_tempest_tests.tests.api.test_scheduler_stats_negative.SchedulerStatsNegativeTest.test_try_list_pools_detailed_with_user [0.087329s] ... ok
{2} manila_tempest_tests.tests.api.test_scheduler_stats_negative.SchedulerStatsNegativeTest.test_try_list_pools_with_user [0.012738s] ... ok
{2} manila_tempest_tests.tests.api.test_security_services_mapping.SecurityServicesMappingTest.test_map_ss_to_sn_and_delete [0.527336s] ... ok
{2} manila_tempest_tests.tests.api.test_security_services_mapping.SecurityServicesMappingTest.test_map_ss_to_sn_and_list [0.405495s] ... ok
{2} manila_tempest_tests.tests.api.test_security_services_mapping.SecurityServicesMappingTest.test_remap_ss_to_sn [0.573911s] ... ok
{2} setUpClass (manila_tempest_tests.tests.api.test_share_encryption.ShareEncryptionCIFSTest) ... SKIPPED: Encryption tests are disabled.
{2} manila_tempest_tests.tests.api.test_share_network_subnet_metadata.ShareNetworkSubnetMetadataTest.test_set_and_update_metadata_by_key [0.511369s] ... ok
{2} manila_tempest_tests.tests.api.test_share_network_subnet_metadata.ShareNetworkSubnetMetadataTest.test_set_get_delete_metadata [0.555336s] ... ok
{2} manila_tempest_tests.tests.api.test_share_network_subnet_metadata.ShareNetworkSubnetMetadataTest.test_set_metadata_in_subnet_creation [0.495296s] ... ok
{2} manila_tempest_tests.tests.api.test_share_network_subnet_metadata.ShareNetworkSubnetMetadataTest.test_set_metadata_key_already_exist [0.694503s] ... ok
{2} manila_tempest_tests.tests.api.test_share_network_subnet_metadata.ShareNetworkSubnetMetadataTest.test_set_metadata_max_size_key [0.083593s] ... ok
{2} manila_tempest_tests.tests.api.test_share_network_subnet_metadata.ShareNetworkSubnetMetadataTest.test_set_metadata_max_size_value [0.068929s] ... ok
{2} manila_tempest_tests.tests.api.test_share_network_subnet_metadata.ShareNetworkSubnetMetadataTest.test_set_metadata_min_size_key [0.066249s] ... ok
{2} manila_tempest_tests.tests.api.test_share_network_subnet_metadata.ShareNetworkSubnetMetadataTest.test_set_metadata_min_size_value [0.071512s] ... ok
{2} manila_tempest_tests.tests.api.test_share_network_subnet_metadata.ShareNetworkSubnetMetadataTest.test_set_metadata_not_delete_pre_metadata [0.769776s] ... ok
{2} manila_tempest_tests.tests.api.test_share_network_subnet_metadata.ShareNetworkSubnetMetadataTest.test_upd_metadata_max_size_key [0.155137s] ... ok
{2} manila_tempest_tests.tests.api.test_share_network_subnet_metadata.ShareNetworkSubnetMetadataTest.test_upd_metadata_max_size_value [0.109515s] ... ok
{2} manila_tempest_tests.tests.api.test_share_network_subnet_metadata.ShareNetworkSubnetMetadataTest.test_upd_metadata_min_size_key [0.108106s] ... ok
{2} manila_tempest_tests.tests.api.test_share_network_subnet_metadata.ShareNetworkSubnetMetadataTest.test_upd_metadata_min_size_value [0.112964s] ... ok
{2} setUpClass (manila_tempest_tests.tests.api.test_share_servers_multiple_subnet.ShareServerMultipleSubnetTest) ... SKIPPED: Multitenancy tests are disabled.
{2} manila_tempest_tests.tests.api.test_share_transfers.ShareTransferTest.test_create_and_accept_share_transfer [19.641238s] ... ok
{2} manila_tempest_tests.tests.api.test_share_transfers.ShareTransferTest.test_create_and_delete_share_transfer [40.190771s] ... ok
{2} manila_tempest_tests.tests.api.test_share_type_availability_zones_negative.ShareTypeAvailabilityZonesNegativeTest.test_share_type_azs_create_with_invalid_az_spec_1_az1______az2__az_3___ [0.017807s] ... ok
{2} manila_tempest_tests.tests.api.test_share_type_availability_zones_negative.ShareTypeAvailabilityZonesNegativeTest.test_share_type_azs_create_with_invalid_az_spec_2_az1__az_3 [0.010237s] ... ok
{2} manila_tempest_tests.tests.api.test_share_type_availability_zones_negative.ShareTypeAvailabilityZonesNegativeTest.test_share_type_azs_create_with_invalid_az_spec_3__az2___az_3 [0.011174s] ... ok
{2} manila_tempest_tests.tests.api.test_share_type_availability_zones_negative.ShareTypeAvailabilityZonesNegativeTest.test_share_type_azs_filter_by_invalid_azs_extra_spec [0.144606s] ... ok
{2} manila_tempest_tests.tests.api.test_share_type_availability_zones_negative.ShareTypeAvailabilityZonesNegativeTest.test_share_type_azs_share_groups_unsupported [0.138131s] ... ok
{2} manila_tempest_tests.tests.api.test_share_type_availability_zones_negative.ShareTypeAvailabilityZonesNegativeTest.test_share_type_azs_shares_unsupported_az [0.046249s] ... ok
{2} setUpClass (manila_tempest_tests.tests.api.test_shares.SharesCephFSTest) ... SKIPPED: cephfs tests are disabled
{2} setUpClass (manila_tempest_tests.tests.api.test_shares.SharesHDFSTest) ... SKIPPED: hdfs tests are disabled
{2} manila_tempest_tests.tests.api.test_shares_actions.SharesActionsTest.test_extend_share [40.189091s] ... ok
{2} manila_tempest_tests.tests.api.test_shares_actions.SharesActionsTest.test_get_share_export_locations_removed [0.030934s] ... ok
{2} manila_tempest_tests.tests.api.test_shares_actions.SharesActionsTest.test_get_share_v2_1 [0.039171s] ... ok
{2} manila_tempest_tests.tests.api.test_shares_actions.SharesActionsTest.test_get_share_with_access_rules_status [0.030420s] ... ok
{2} manila_tempest_tests.tests.api.test_shares_actions.SharesActionsTest.test_get_share_with_create_share_from_snapshot_support [0.046023s] ... ok
{2} manila_tempest_tests.tests.api.test_shares_actions.SharesActionsTest.test_get_share_with_replication_type_key [0.037467s] ... ok
{2} manila_tempest_tests.tests.api.test_shares_actions.SharesActionsTest.test_get_share_with_revert_to_snapshot_support [0.032829s] ... ok
{2} manila_tempest_tests.tests.api.test_shares_actions.SharesActionsTest.test_get_share_with_share_type_name_key [0.033294s] ... ok
{2} manila_tempest_tests.tests.api.test_shares_actions.SharesActionsTest.test_get_share_with_snapshot_support_key [0.042321s] ... ok
{2} manila_tempest_tests.tests.api.test_shares_actions.SharesActionsTest.test_get_share_with_user_id [0.030852s] ... ok
{2} manila_tempest_tests.tests.api.test_shares_actions.SharesActionsTest.test_get_snapshot_1_2_0 ... SKIPPED: Snapshot tests are disabled.
{2} manila_tempest_tests.tests.api.test_shares_actions.SharesActionsTest.test_get_snapshot_2_2_16 ... SKIPPED: Snapshot tests are disabled.
{2} manila_tempest_tests.tests.api.test_shares_actions.SharesActionsTest.test_get_snapshot_3_2_90 ... SKIPPED: Snapshot tests are disabled.
{2} manila_tempest_tests.tests.api.test_shares_actions.SharesActionsTest.test_list_shares [0.037529s] ... ok
{2} manila_tempest_tests.tests.api.test_shares_actions.SharesActionsTest.test_list_shares_with_detail_and_create_share_from_snapshot_support [0.033053s] ... ok
{2} manila_tempest_tests.tests.api.test_shares_actions.SharesActionsTest.test_list_shares_with_detail_and_snapshot_support_key [0.041819s] ... ok
{2} manila_tempest_tests.tests.api.test_shares_actions.SharesActionsTest.test_list_shares_with_detail_export_locations_removed [0.045582s] ... ok
{2} manila_tempest_tests.tests.api.test_shares_actions.SharesActionsTest.test_list_shares_with_detail_filter_by_active_status [0.075990s] ... ok
{2} manila_tempest_tests.tests.api.test_shares_actions.SharesActionsTest.test_list_shares_with_detail_filter_by_all_tenants [0.070484s] ... ok
{2} manila_tempest_tests.tests.api.test_shares_actions.SharesActionsTest.test_list_shares_with_detail_filter_by_existed_description [0.066919s] ... ok
{2} manila_tempest_tests.tests.api.test_shares_actions.SharesActionsTest.test_list_shares_with_detail_filter_by_existed_name [0.074193s] ... ok
{2} manila_tempest_tests.tests.api.test_shares_actions.SharesActionsTest.test_list_shares_with_detail_filter_by_fake_name [0.021502s] ... ok
{2} manila_tempest_tests.tests.api.test_shares_actions.SharesActionsTest.test_list_shares_with_detail_filter_by_fake_status [0.018993s] ... ok
{2} manila_tempest_tests.tests.api.test_shares_actions.SharesActionsTest.test_list_shares_with_detail_filter_by_inexact_name [0.061331s] ... ok
{2} manila_tempest_tests.tests.api.test_shares_actions.SharesActionsTest.test_list_shares_with_detail_filter_by_metadata [0.094682s] ... ok
{2} manila_tempest_tests.tests.api.test_shares_actions.SharesActionsTest.test_list_shares_with_detail_filter_by_share_network_id ... SKIPPED: Only for multitenancy.
{2} manila_tempest_tests.tests.api.test_shares_actions.SharesActionsTest.test_list_shares_with_detail_filter_by_snapshot_id ... SKIPPED: Snapshot tests are disabled.
{2} manila_tempest_tests.tests.api.test_shares_actions.SharesActionsTest.test_list_shares_with_detail_replication_type_key [0.034091s] ... ok
{2} manila_tempest_tests.tests.api.test_shares_actions.SharesActionsTest.test_list_shares_with_detail_share_type_name_key [0.039487s] ... ok
{2} manila_tempest_tests.tests.api.test_shares_actions.SharesActionsTest.test_list_shares_with_detail_v2_1 [0.037572s] ... ok
{2} manila_tempest_tests.tests.api.test_shares_actions.SharesActionsTest.test_list_shares_with_detail_with_access_rules_status [0.039476s] ... ok
{2} manila_tempest_tests.tests.api.test_shares_actions.SharesActionsTest.test_list_shares_with_detail_with_asc_sorting [0.043747s] ... ok
{2} manila_tempest_tests.tests.api.test_shares_actions.SharesActionsTest.test_list_shares_with_detail_with_count [0.102984s] ... ok
{2} manila_tempest_tests.tests.api.test_shares_actions.SharesActionsTest.test_list_shares_with_detail_with_revert_to_snapshot_support [0.043500s] ... ok
{2} manila_tempest_tests.tests.api.test_shares_actions.SharesActionsTest.test_list_shares_with_user_id [0.033466s] ... ok
{2} manila_tempest_tests.tests.api.test_shares_actions.SharesActionsTest.test_list_snapshots ... SKIPPED: Snapshot tests are disabled.
{2} manila_tempest_tests.tests.api.test_shares_actions.SharesActionsTest.test_list_snapshots_with_detail_1_2_0 ... SKIPPED: Snapshot tests are disabled.
{2} manila_tempest_tests.tests.api.test_shares_actions.SharesActionsTest.test_list_snapshots_with_detail_2_2_16 ... SKIPPED: Snapshot tests are disabled.
{2} manila_tempest_tests.tests.api.test_shares_actions.SharesActionsTest.test_list_snapshots_with_detail_3_2_36 ... SKIPPED: Snapshot tests are disabled.
{2} manila_tempest_tests.tests.api.test_shares_actions.SharesActionsTest.test_list_snapshots_with_detail_4_2_90 ... SKIPPED: Snapshot tests are disabled.
{2} manila_tempest_tests.tests.api.test_shares_actions.SharesActionsTest.test_list_snapshots_with_detail_and_asc_sorting ... SKIPPED: Snapshot tests are disabled.
{2} manila_tempest_tests.tests.api.test_shares_actions.SharesActionsTest.test_list_snapshots_with_detail_filter_by_description ... SKIPPED: Snapshot tests are disabled.
{2} manila_tempest_tests.tests.api.test_shares_actions.SharesActionsTest.test_list_snapshots_with_detail_filter_by_status_and_name ... SKIPPED: Snapshot tests are disabled.
{2} manila_tempest_tests.tests.api.test_shares_actions.SharesActionsTest.test_list_snapshots_with_detail_use_limit ... SKIPPED: Snapshot tests are disabled.
{2} manila_tempest_tests.tests.api.test_shares_actions.SharesActionsTest.test_shrink_share ... SKIPPED: Share shrink tests are disabled.
{2} manila_tempest_tests.tests.api.test_shares_actions.SharesActionsTest.test_soft_delete_and_restore_share [18.910146s] ... ok
{2} setUpClass (manila_tempest_tests.tests.api.test_shares_from_snapshot_across_pools.SharesFromSnapshotAcrossPools) ... SKIPPED: Create share from snapshot tests are disabled.
{2} setUpClass (manila_tempest_tests.tests.api.test_snapshot_metadata.ShareSnapshotMetadataTest) ... SKIPPED: Snapshot tests are disabled.

======
Totals
======
Ran: 861 tests in 2207.3427 sec.
 - Passed: 684
 - Skipped: 177
 - Expected Fail: 0
 - Unexpected Success: 0
 - Failed: 0
Sum of execute time for each test: 3103.8337 sec.

==============
Worker Balance
==============
 - Worker 0 (174 tests) => 0:10:00.287560
 - Worker 1 (170 tests) => 0:09:11.249908
 - Worker 2 (245 tests) => 0:35:59.315394
 - Worker 3 (272 tests) => 0:14:50.373657
