"pcp-dstat 6.2.0 CSV Output"
"Author:","PCP team <pcp@groups.io> and Dag Wieers <dag@wieers.com>",,,,"URL:","https://pcp.io/ and http://dag.wieers.com/home-made/dstat/"
"Host:","ubuntu",,,,"User:","ubuntu"
"Cmdline:","dstat -tcmndrylpg --tcp --output /tmp/devstack_logs/dstat-csv.log",,,,"Date:","06 Aug 2026 00:10:35 UTC"
"system","total usage",,,,,"memory usage",,,,"net/total",,"dsk/total",,"io/total",,"system",,"load avg",,,"procs",,,"paging",,"tcp sockets",,,,
"time","total usage:usr","total usage:sys","total usage:idl","total usage:wai","total usage:stl","used","free","buf","cach","net/total:recv","net/total:send","dsk/total:read","dsk/total:writ","read","writ","int","csw","1m","5m","15m","run","blk","new","in","out","lis","act","syn","tim","clo"
06-08 00:10:35,,936468,645680,217444,5905328,,,,,,,0.950,0.920,0.770,2,0,,,,19,2,0,7,0
06-08 00:10:36,7.750,19.999,70.498,0.250,0,950016,632092,217448,5905364,10639.653,1619.947,0,175.994,0,10.000,5259,3429,0.950,0.920,0.770,1,0,314.990,0,0,19,2,0,7,0
06-08 00:10:37,9.500,19.750,69.250,0,0,951696,630256,217448,5905520,10964.061,1620.009,0,20.000,0,5.000,5311,3405,0.950,0.920,0.770,1,0,298.002,0,0,19,2,0,7,0
06-08 00:10:38,15.474,17.970,66.389,0,0,956164,625772,217448,5905992,10351.660,1701.150,0,15.973,0,3.993,5037,4484,0.950,0.920,0.770,1,0,225.622,0,0,19,2,0,7,0
06-08 00:10:39,14.492,18.240,64.715,0,0,953124,628800,217448,5906004,24242.908,1619.126,0,15.991,0,3.998,5586,5288,0.950,0.920,0.770,1,0,234.873,0,0,19,2,0,7,0
06-08 00:10:40,21.012,12.257,66.038,0,0,1085076,496556,217448,6028364,19380.203,1620.937,0,32.019,0,2.001,5058,5962,0.950,0.920,0.770,1,0,79.046,0,0,20,2,0,7,0
06-08 00:10:41,9.254,6.253,83.535,0,0,1092988,488492,217448,6030860,28398.972,1620.683,0,112.047,0,4.002,2582,1996,0.950,0.920,0.770,1,0,76.032,0,0,20,4,0,7,0
06-08 00:10:42,19.962,5.989,72.613,0,0,1107680,473796,217448,6030864,18893.481,1455.264,0,27.947,0,6.987,2690,1621,0.950,0.920,0.770,1,0,34.934,0,0,20,4,0,7,0
06-08 00:10:43,16.001,12.000,71.753,0.250,0,1120048,461412,217448,6030880,19397.752,1620.063,0,232.009,0,16.001,4142,2956,0.950,0.920,0.770,1,0,170.007,0,0,20,4,0,9,0
06-08 00:10:44,24.553,5.261,68.900,0.251,0,1164932,416056,217448,6031352,15826.481,6060.203,0,845.843,0,19.041,2616,2003,0.950,0.920,0.770,3,0,48.105,0,0,20,5,0,9,0
06-08 00:10:45,28.735,9.995,59.219,0,0.250,1195904,384176,217452,6032164,74467.226,2007343.816,0,0,0,0,5049,3648,1.040,0.940,0.780,1,0,110.942,0,0,20,5,0,9,0
06-08 00:10:46,28.030,10.762,58.063,2.503,0,1214156,362516,217624,6035184,25920.107,17448.921,0,9874.708,0,698.758,6890,9286,1.040,0.940,0.780,1,0,164.178,0,0,20,7,0,9,0
06-08 00:10:47,14.981,5.743,65.668,9.987,0,1213748,355488,218192,6041880,13610.901,3996.979,0,36881.667,0,3442.675,14245,26894,1.040,0.940,0.780,2,0,64.918,0,0,20,6,0,9,0
06-08 00:10:48,19.245,7.998,68.732,2.749,0,1120708,448152,218356,6042104,11674.921,1619.573,0,26037.134,0,1669.560,7432,11855,1.040,0.940,0.780,1,0,83.978,0,0,20,4,0,9,0
06-08 00:10:49,22.965,4.493,71.391,0.499,0,1174344,394476,218360,6042104,11805.056,1617.541,0,3770.269,0,411.375,2277,1522,1.040,0.940,0.780,2,0,6.989,0,0,20,4,0,9,0
06-08 00:10:50,23.995,2.250,71.735,0.750,0,1204808,363984,218388,6042104,10354.805,1619.657,0,7282.456,0,407.914,2682,3124,1.030,0.940,0.780,1,0,0,0,0,20,4,0,9,0
06-08 00:10:51,23.541,3.506,73.128,0,0,1210836,357940,218388,6042120,22931.252,1460.564,0,152.267,0,12.021,2002,1312,1.030,0.940,0.780,1,0,10.018,0,0,20,4,0,9,0
06-08 00:10:52,22.750,3.000,73.000,0,0,1210832,357940,218388,6042124,11003.985,1619.998,0,0,0,0,1786,1225,1.030,0.940,0.780,1,0,0,0,0,20,4,0,9,0
06-08 00:10:53,22.715,2.247,73.388,0,0,1210832,357940,218388,6042124,10277.363,1659.475,0,3.994,0,0.998,1760,1174,1.030,0.940,0.780,1,0,0,0,0,20,4,0,9,0
06-08 00:10:54,15.795,11.032,72.709,0,0,1154560,414192,218388,6042144,9389.998,1624.671,0,0,0,0,3692,2413,1.030,0.940,0.780,1,0,170.490,0,0,20,4,0,9,0
06-08 00:10:55,9.736,20.221,68.153,0,0,1146276,422456,218388,6042176,12164.671,1617.695,0,23.966,0,5.991,5346,3653,1.030,0.940,0.780,2,0,301.570,0,0,20,4,0,9,0
06-08 00:10:56,13.742,19.489,65.463,0,0,1119944,448628,218388,6042680,19445.964,1619.081,0,123.930,0,7.995,6198,6087,1.030,0.940,0.780,1,0,272.845,0,0,20,4,0,9,0
06-08 00:10:57,29.271,16.011,54.038,0,0,1138044,430476,218392,6042680,27214.281,6117.334,0,252.179,0,11.008,5246,5231,1.030,0.940,0.780,5,0,155.110,0,0,20,5,0,9,0
06-08 00:10:58,58.301,12.208,28.154,0.249,0,1241868,326596,218400,6042820,64621.483,2025343.642,0,386.680,0,25.912,5234,2815,1.030,0.940,0.780,4,0,104.643,0,0,20,6,0,9,0
06-08 00:10:59,55.462,9.787,33.880,0,0,1289400,278932,218400,6042948,39506.065,19439.333,0,8.031,0,2.008,5046,3630,1.030,0.940,0.780,3,0,159.610,0,0,20,6,0,9,0
06-08 00:11:00,46.263,12.754,40.512,0,0,1318152,249700,218400,6043392,19091.515,12190.522,0,228.066,0,1.000,4052,3029,1.110,0.960,0.790,3,0,103.030,0,0,20,5,0,9,0
06-08 00:11:01,46.547,6.507,46.297,0,0,1343688,221740,218448,6045540,9779.975,1459.489,0,7984.144,0,347.354,3371,3021,1.110,0.960,0.790,4,0,0,0,0,20,5,0,9,0
06-08 00:11:02,9.220,8.722,80.491,0,0,1345844,219144,218448,6045860,24371.466,1614.797,0,378.779,0,3.987,3002,2771,1.110,0.960,0.790,1,0,117.621,0,0,20,4,0,10,0
06-08 00:11:03,15.762,4.253,79.559,0,0,1355436,209508,218464,6045872,11257.335,1621.200,0,3178.353,0,16.012,1840,1510,1.110,0.960,0.790,1,0,22.016,0,0,20,4,0,10,0
06-08 00:11:04,22.215,3.744,73.133,0,0,1405836,159108,218464,6045872,18937.754,1617.417,0,0,0,0,1884,1287,1.110,0.960,0.790,1,0,0,0,0,20,4,0,10,0
06-08 00:11:05,24.563,1.504,73.186,0,0,1416924,148020,218464,6045872,12616.105,1624.133,0,4.010,0,1.003,1810,1153,1.100,0.960,0.790,2,0,0,0,0,20,4,0,10,0
06-08 00:11:06,23.770,3.003,71.310,0.751,0,1429000,214940,213300,5973416,16138.547,1621.361,0,1044.877,0,127.107,3147,3458,1.100,0.960,0.790,1,0,1.001,0,0,20,10,0,10,0
06-08 00:11:07,21.222,5.493,71.405,0.999,0,1345416,298492,213312,5973436,10723.692,1617.841,0,2976.029,0,220.706,3181,3457,1.100,0.960,0.790,1,0,41.944,0,0,20,4,0,12,0
06-08 00:11:08,23.778,2.253,73.337,0,0,1382712,261196,213312,5973436,9554.311,1621.920,0,0,0,0,1709,1049,1.100,0.960,0.790,1,0,0,0,0,20,4,0,12,0
06-08 00:11:09,23.440,2.494,72.315,0.499,0,1400328,243308,213312,5973712,10325.535,1615.858,3.990,1264.758,0.997,21.944,2441,2129,1.100,0.960,0.790,1,0,1.995,0,0,20,13,0,12,0
06-08 00:11:10,12.525,4.259,65.632,16.283,0,1410980,232372,213392,5973896,20646.484,5884.824,252.507,5138.324,47.095,393.791,2507,2156,1.170,0.980,0.790,1,1,44.089,0,0,20,17,0,12,0
06-08 00:11:11,9.261,8.260,60.072,20.024,0,1394948,247872,213428,5974260,78949.153,2063316.794,268.323,480.579,66.080,5.006,4523,3406,1.170,0.980,0.790,1,1,114.138,0,0,20,17,0,12,0
06-08 00:11:12,32.737,11.745,50.480,4.248,0,1418320,224336,213432,5977508,28231.701,17809.872,115.954,3.998,28.988,1.000,5077,12342,1.170,0.980,0.790,4,0,192.923,0,0,21,29,0,12,0
06-08 00:11:13,21.702,6.486,71.843,0,0,1437864,204788,213432,5974384,19495.303,4833.414,0,0,0,0,2566,4651,1.170,0.980,0.790,1,0,44.902,0,0,20,28,0,13,0
06-08 00:11:14,23.039,2.504,73.123,0,0,1462232,180412,213432,5974392,31679.337,1622.732,0,0,0,0,2013,1392,1.170,0.980,0.790,1,0,0,0,0,20,29,0,12,0
06-08 00:11:15,26.773,12.761,59.551,0,0.250,1455536,187052,213432,5974416,9396.119,1691.462,0,12.010,0,3.003,3719,2525,1.240,0.990,0.800,2,0,156.135,0,0,20,28,0,12,0
06-08 00:11:16,45.744,4.724,48.727,0,0,1472904,169684,213432,5974416,18676.299,1610.969,0,365.948,0,1.989,2962,1318,1.240,0.990,0.800,2,0,0,0,0,20,28,0,12,0
06-08 00:11:17,45.497,6.284,47.005,0.503,0,1493108,149284,213432,5974612,11624.077,1628.839,0,2087.327,0,60.327,5937,7096,1.240,0.990,0.800,3,0,0,0,0,20,30,0,14,0
06-08 00:11:18,50.269,25.510,23.259,0.250,0,1452616,189732,213448,5974640,10026.778,1620.611,0,944.356,0,34.013,5920,5368,1.240,0.990,0.800,6,0,454.171,0,0,20,28,0,14,0
06-08 00:11:19,83.137,16.727,0,0,0,1603912,152608,209188,5865244,9763.785,1456.029,0,207.719,0,10.985,5162,3105,1.240,0.990,0.800,7,0,124.831,0,0,20,28,0,14,0
06-08 00:11:20,87.017,12.002,0.750,0.250,0,1745860,182988,202268,5702924,20559.930,1714.328,16.003,428.082,1.000,30.006,5538,3587,1.620,1.080,0.830,7,0,0,0,0,20,29,0,14,0
06-08 00:11:21,82.642,10.237,6.242,0.250,0,1816340,200616,201984,5617096,22926.913,1617.877,19.974,75.900,2.996,5.992,8013,10188,1.620,1.080,0.830,5,0,0,0,0,20,31,0,14,0
06-08 00:11:22,80.921,14.280,5.512,0,0,1630648,384572,202004,5618812,13944.487,1623.433,1731.662,3379.146,19.040,215.456,7252,8173,1.620,1.080,0.830,3,0,214.453,0,0,20,29,0,13,0
06-08 00:11:23,23.209,12.478,58.146,3.743,0,1538664,474700,202008,5620672,82314.008,2067765.502,1916.577,439.216,55.900,29.947,5631,4287,1.620,1.080,0.830,2,0,199.643,0,0,20,28,0,13,0
06-08 00:11:24,29.810,9.269,58.117,1.754,0,1533944,479220,202016,5620856,38586.820,18191.688,48.097,188.380,9.018,8.016,4103,3248,1.620,1.080,0.830,2,0,127.257,0,0,20,29,0,13,0
06-08 00:11:25,28.456,6.740,64.150,0.250,0,1490892,522256,202024,5620860,21701.336,10854.163,19.969,1317.956,1.997,79.876,4552,4736,1.570,1.080,0.830,2,0,83.870,0,0,20,28,0,13,0
06-08 00:11:26,19.271,7.008,72.580,0,0,1471512,541600,202024,5620900,33134.405,1621.782,0,0,0,0,2586,1742,1.570,1.080,0.830,2,0,68.075,0,0,20,28,0,13,0
06-08 00:11:27,23.986,1.999,73.457,0,0,1491892,521220,202024,5620900,17902.504,1619.051,0,7.995,0,0.999,2092,1504,1.570,1.080,0.830,2,0,0,0,0,20,28,0,11,0
06-08 00:11:28,17.019,11.263,69.830,0.250,0,1454784,558168,202024,5621060,10983.539,1621.851,16.018,1077.230,1.001,69.079,4609,4211,1.570,1.080,0.830,2,0,167.191,0,0,20,28,0,11,0
06-08 00:11:29,11.470,24.935,62.088,0,0,1445016,567924,202024,5621072,19222.883,1454.209,0,27.927,0,6.982,6182,4362,1.570,1.080,0.830,3,0,527.624,0,0,20,28,0,11,0
06-08 00:11:30,71.433,25.565,2.757,0,0,1525596,487324,202024,5621092,20355.102,1624.157,0,216.554,0,19.049,5427,3808,1.850,1.140,0.850,5,0,343.880,0,0,20,28,0,11,0
06-08 00:11:31,89.489,10.499,0.500,0,0,1697400,315500,202024,5621112,16798.877,1619.795,0,3751.526,0,382.952,5256,2439,1.850,1.140,0.850,6,0,0,0,0,20,29,0,8,0
06-08 00:11:32,87.191,7.995,3.498,0,0,1734116,278720,202028,5621172,24236.515,1618.899,0,287.804,0,14.990,7222,8752,1.850,1.140,0.850,5,0,0,0,0,20,30,0,8,0
06-08 00:11:33,87.321,11.009,1.751,0.250,0,1675512,337252,202036,5621236,10244.370,1621.325,4.003,900.736,1.001,58.047,7644,10882,1.850,1.140,0.850,5,0,90.074,0,0,20,28,0,10,0
06-08 00:11:34,80.676,18.983,0.250,0,0,1588084,424520,202040,5621392,10302.612,1618.525,0,223.796,0,12.988,5437,3869,1.850,1.140,0.850,6,0,219.800,0,0,20,29,0,10,0
06-08 00:11:35,87.982,11.963,0.249,0,0,1716816,295768,202040,5621412,66277.761,2079878.484,0,179.452,0,9.970,6307,3572,2.180,1.220,0.880,6,0,51.842,0,0,20,28,0,10,0
06-08 00:11:36,86.345,12.764,0.501,0,0,1812076,200480,202040,5621452,28704.742,18759.745,0,156.173,0,9.010,7003,8247,2.180,1.220,0.880,9,0,107.118,0,0,20,31,0,10,0
06-08 00:11:37,82.764,15.253,1.750,0,0,1742784,269748,202040,5621464,37817.246,16966.802,0,3620.598,0,435.072,8211,10889,2.180,1.220,0.880,6,0,206.034,0,0,20,31,0,10,1
06-08 00:11:38,75.616,14.022,9.765,0,0,1371592,640800,202044,5621660,11119.106,1688.598,0,468.721,0,37.057,6983,10288,2.180,1.220,0.880,3,0,183.282,0,0,20,28,0,11,0
06-08 00:11:39,43.943,8.988,46.190,0.250,0,1466796,545556,202048,5621712,12198.252,1456.120,0,223.711,0,12.983,3251,1821,2.180,1.220,0.880,2,0,65.915,0,0,20,28,0,11,0
06-08 00:11:40,46.716,4.247,48.215,0,0,1506656,505564,202052,5621840,11838.435,1618.829,0,151.890,0,6.995,3518,2773,2.160,1.230,0.890,2,0,0,0,0,20,29,0,11,0
06-08 00:11:41,45.090,20.792,33.567,0,0,1481344,530804,202064,5621900,11761.551,1623.250,0,352.706,0,37.074,5813,6379,2.160,1.230,0.890,5,0,328.658,0,0,20,28,0,11,0
06-08 00:11:42,69.703,12.242,17.988,0,0.250,1536576,475556,202064,5621916,11341.422,1618.918,0,419.720,0,9.993,4074,1821,2.160,1.230,0.890,3,0,49.967,0,0,20,28,0,11,0
06-08 00:11:43,67.729,6.498,24.992,0,0,1604708,407408,202064,5621932,9490.991,1619.486,0,143.954,0,7.997,4296,2912,2.160,1.230,0.890,4,0,0,0,0,20,29,0,11,0
06-08 00:11:44,59.122,14.279,24.550,0.752,0,1501100,510948,202072,5621992,15294.443,1623.337,0,1130.324,0,93.192,7951,10240,2.160,1.230,0.890,5,0,212.437,0,0,20,28,0,12,0
06-08 00:11:45,84.252,15.500,0.250,0,0,1565204,446700,202072,5622136,25712.477,1620.030,0,148.003,0,8.000,5084,2170,2.310,1.280,0.900,4,0,46.001,0,0,20,28,0,12,0
06-08 00:11:46,89.183,8.719,1.495,0,0,1659164,352716,202076,5622156,19518.729,1614.271,0,103.632,0,5.979,5307,3484,2.310,1.280,0.900,4,0,0,0,0,20,29,0,13,0
06-08 00:11:47,71.754,13.799,12.795,0,0,1626488,385312,202080,5622232,9746.446,1625.746,0,746.639,0,55.195,8634,12928,2.310,1.280,0.900,5,0,184.653,0,0,20,28,0,11,0
06-08 00:11:48,71.508,18.502,9.751,0,0.250,1561632,450108,202080,5622260,86680.360,2111893.040,0,176.019,0,11.001,6390,4231,2.310,1.280,0.900,3,0,246.027,0,0,20,29,0,11,0
06-08 00:11:49,72.149,13.932,13.684,0,0,1605252,406340,202084,5622404,43594.174,18051.288,15.923,143.304,0.995,5.971,5837,5105,2.310,1.280,0.900,4,0,163.207,0,0,20,29,0,11,0
06-08 00:11:50,63.295,9.042,25.870,0,0,1552932,458576,202092,5622480,19075.777,7727.965,4.019,703.273,1.005,57.267,8025,10690,2.370,1.310,0.910,3,0,92.430,0,0,20,28,0,13,0
06-08 00:11:51,62.007,19.252,18.752,0,0,1513416,498064,202092,5622508,10752.281,1620.193,0,328.039,0,27.003,4651,3214,2.370,1.310,0.910,3,0,260.031,0,0,20,28,0,13,0
06-08 00:11:52,67.693,6.245,25.728,0,0,1576884,434584,202092,5622520,11123.578,1618.629,0,163.861,0,6.994,4316,2699,2.370,1.310,0.910,3,0,0,0,0,20,28,0,13,0
06-08 00:11:53,63.005,6.751,29.002,0,0,1515088,496076,202112,5622804,10513.846,1620.130,0,920.074,0,60.005,7027,8434,2.370,1.310,0.910,4,0,41.003,0,0,20,28,0,13,0
06-08 00:11:54,61.351,18.455,19.453,0,0,1560500,450644,202112,5622824,10004.731,1616.080,0,167.593,0,11.971,4158,2370,2.370,1.310,0.910,3,0,245.405,0,0,20,28,0,13,0
06-08 00:11:55,68.127,7.264,24.546,0,0,1626468,384532,202116,5622964,9660.074,1623.037,0,96.180,0,6.011,4360,2592,2.420,1.340,0.930,3,0,0,0,0,20,28,0,13,0
06-08 00:11:56,60.582,9.012,29.039,0.250,0,1558996,451820,202120,5623144,9807.274,1622.196,0,556.754,0,44.060,7330,8685,2.420,1.340,0.930,4,0,94.127,0,0,20,28,0,14,0
06-08 00:11:57,64.417,11.485,23.969,0,0,1553020,457784,202120,5623156,9118.197,1617.906,0,4905.650,0,418.458,4156,1730,2.420,1.340,0.930,3,0,17.977,0,0,20,28,0,14,0
06-08 00:11:58,68.090,6.759,24.282,0.250,0,1613160,397636,202120,5623164,11838.635,1622.142,0,108.143,0,8.011,4231,2620,2.420,1.340,0.930,3,0,0,0,0,20,28,0,14,0
06-08 00:11:59,60.996,17.249,20.499,0.250,0,1464492,546240,202128,5623220,10816.209,1457.893,0,991.927,0,84.994,7906,9819,2.420,1.340,0.930,6,0,286.979,0,0,20,28,0,15,0
06-08 00:12:00,76.393,23.218,0,0,0,1555584,454248,202152,5624096,27221.965,6415.037,874.778,39.944,53.925,9.986,5708,4420,2.940,1.470,0.970,8,0,334.533,0,0,20,29,0,15,0
06-08 00:12:01,81.606,18.274,0,0,0,1675936,332204,202208,5625744,86873.933,2124715.051,1690.197,4.005,123.160,1.001,6736,4642,2.940,1.470,0.970,9,0,273.355,0,0,20,29,0,15,0
06-08 00:12:02,79.739,20.497,0,0,0,1775236,232840,202212,5625796,35774.892,19111.271,0,291.958,0,16.998,6698,6717,2.940,1.470,0.970,11,0,387.945,0,0,20,28,0,15,0
06-08 00:12:03,80.776,18.756,0.500,0,0,1825816,182052,202212,5626012,22926.284,15158.816,0,356.113,0,26.008,7428,8487,2.940,1.470,0.970,7,0,326.104,0,0,20,28,0,14,0
06-08 00:12:04,80.001,18.750,1.250,0,0,1698220,309456,202212,5626192,18764.298,1620.026,0,1152.018,0,43.001,8475,10405,2.940,1.470,0.970,6,0,316.005,0,0,20,28,0,16,0
06-08 00:12:05,81.610,18.468,0,0,0,1534464,473140,202212,5626264,11746.890,1617.231,0,127.781,0,9.983,5355,3688,3.190,1.540,1,6,0,227.610,0,0,20,28,0,16,0
06-08 00:12:06,89.151,10.518,0,0,0,1705404,302188,202212,5626276,13257.517,1622.756,0,144.245,0,6.010,5321,3008,3.190,1.540,1,6,0,26.044,0,0,20,28,0,16,0
06-08 00:12:07,87.768,8.976,2.992,0,0,1749352,258168,202216,5626344,10636.853,1615.724,0,502.670,0,32.913,6565,8551,3.190,1.540,1,6,0,0,0,0,20,30,0,17,0
06-08 00:12:08,79.638,15.276,4.508,0,0,1694772,312540,202216,5626552,10631.391,1460.527,0,292.506,0,25.043,7240,10919,3.190,1.540,1,6,0,256.444,0,0,20,28,0,18,0
06-08 00:12:09,16.514,24.772,57.801,0,0,1493020,514244,202216,5626600,9988.769,1621.423,0,144.127,0,7.006,5869,4340,3.190,1.540,1,1,0,482.424,0,0,20,28,0,18,0
06-08 00:12:10,43.248,35.999,20.749,0,0,1474740,532492,202224,5626624,12689.509,1619.937,8.000,47.998,2.000,12.000,6059,4799,3.490,1.630,1.030,5,0,697.973,0,0,20,28,0,18,0
06-08 00:12:11,73.948,25.482,0,0,0,1587488,419700,202228,5626664,9180.483,1618.851,3.997,31.977,0.999,7.994,5560,4234,3.490,1.630,1.030,7,0,454.677,0,0,20,28,0,18,0
06-08 00:12:12,87.069,13.010,0,0,0,1714716,292228,202236,5626900,22920.114,1621.281,220.174,168.133,5.004,13.010,5704,4349,3.490,1.630,1.030,6,0,156.123,0,0,20,30,0,18,0
06-08 00:12:13,87.063,11.226,0.998,0,0,1785492,221228,202240,5627120,17555.346,5824.507,19.957,367.212,1.996,33.927,7878,16653,3.490,1.630,1.030,8,0,54.882,0,0,20,34,0,20,0
06-08 00:12:14,82.172,17.537,0.251,0,0,1664872,341788,202252,5627168,76453.127,2198200.002,0,364.764,0,28.059,7994,8636,3.490,1.630,1.030,7,0,267.560,0,0,20,34,0,20,0
06-08 00:12:15,80.500,18.750,1.000,0,0,1616716,388684,202284,5628400,25195.048,16853.032,76.000,2648.005,3.000,162.000,7556,9178,3.860,1.740,1.070,7,0,275.001,0,0,20,33,0,20,0
06-08 00:12:16,85.405,14.442,0.249,0,0,1654148,346332,202676,5632336,16369.951,8410.067,11.952,836.624,2.988,11.952,5520,3769,3.860,1.740,1.070,6,0,124.498,0,0,20,33,0,19,0
06-08 00:12:17,90.614,9.287,0,0,0,1763920,235028,202744,5633540,12181.902,1626.529,0,1734.965,0,206.830,5524,3122,3.860,1.740,1.070,6,0,4.016,0,0,20,32,0,19,0
06-08 00:12:18,86.747,11.750,1.250,0,0,1827468,170704,202772,5634144,19126.263,1457.944,0,12.000,0,2.000,7792,27133,3.860,1.740,1.070,9,0,5.000,0,0,20,35,0,19,0
06-08 00:12:19,82.235,8.998,7.999,0,0,1832584,164152,202840,5635368,19951.288,1619.699,0,207.961,0,1.000,8248,12599,3.860,1.740,1.070,4,0,8.998,0,0,20,36,0,19,0
06-08 00:12:20,81.222,14.245,3.749,0.250,0,1702832,293824,202844,5635444,21259.589,1713.403,0,1587.447,0,36.987,9837,31477,4.030,1.810,1.090,7,0,85.970,0,0,20,34,0,17,0
06-08 00:12:21,86.498,12.750,0.500,0,0,1658072,338300,202868,5635704,23910.577,1619.971,0,967.983,0,35.999,6786,6510,4.030,1.810,1.090,6,0,89.998,0,0,20,32,0,17,0
06-08 00:12:22,87.555,12.508,0.250,0,0,1681416,315044,202868,5635616,10960.864,1621.015,0,168.105,0,6.004,5119,2927,4.030,1.810,1.090,6,0,30.019,0,0,20,32,0,17,0
06-08 00:12:23,87.236,12.248,0.500,0,0,1709392,335896,202936,5593816,35952.329,1619.745,67.989,2043.678,16.997,19.997,6533,5498,4.030,1.810,1.090,6,0,58.991,0,0,20,33,0,17,0
06-08 00:12:24,84.199,12.206,1.744,1.246,0,1792328,252632,203064,5594364,28850.904,1614.232,183.345,1949.035,18.932,20.925,8212,9769,4.030,1.810,1.090,5,0,50.818,0,0,20,36,0,18,0
06-08 00:12:25,88.785,8.778,1.756,0.251,0,1738712,306124,203064,5594488,9695.097,1625.213,32.103,670.150,5.016,20.064,6625,11545,4.270,1.900,1.130,7,0,6.019,0,0,20,34,0,22,0
06-08 00:12:26,81.428,17.734,0.749,0,0,1708412,334304,203064,5596612,80565.429,2186213.851,139.876,691.386,1.998,11.989,9354,13375,4.270,1.900,1.130,13,0,208.814,0,0,20,36,0,22,0
06-08 00:12:27,84.114,15.271,0,0,0,1729876,304088,203064,5605364,30226.837,14379.427,0,648.877,0,8.011,8865,12799,4.270,1.900,1.130,16,0,214.290,0,0,20,34,0,22,0
06-08 00:12:28,76.462,23.488,0.250,0.250,0,1530240,501684,203064,5607360,30793.589,17421.281,0,4949.523,0,299.850,7686,7615,4.270,1.900,1.130,7,0,402.798,0,0,20,33,0,22,0
06-08 00:12:29,81.035,18.758,0,0.250,0,1640784,390960,203064,5607528,16601.236,4003.745,0,260.113,0,14.006,5972,4531,4.270,1.900,1.130,6,0,290.126,0,0,20,32,0,22,0
06-08 00:12:30,84.980,13.747,1.000,0,0,1743316,288176,203072,5607768,10898.409,1619.615,191.954,1451.655,19.995,35.991,7289,8094,4.480,1.980,1.160,4,0,149.964,0,0,20,36,0,22,0
06-08 00:12:31,85.702,11.460,2.491,0,0,1756204,275072,203076,5607980,9892.617,1614.389,0,183.363,0,14.948,7484,12212,4.480,1.980,1.160,4,0,72.747,0,0,20,35,0,22,0
06-08 00:12:32,81.058,13.050,5.521,0,0,1608484,422604,203076,5608168,10254.904,1626.169,0,0,0,0,6948,10439,4.480,1.980,1.160,8,0,119.453,0,0,20,33,0,22,0
06-08 00:12:33,85.683,13.989,0,0,0,1617700,413356,203076,5608200,10269.935,1618.729,0,1075.156,0,192.849,5989,4195,4.480,1.980,1.160,5,0,79.937,0,0,20,32,0,22,0
06-08 00:12:34,88.999,10.500,1.000,0,0,1708368,322656,203076,5608232,19876.808,1619.984,0,171.998,0,9.000,5735,4490,4.480,1.980,1.160,6,0,0,0,0,20,34,0,22,0
06-08 00:12:35,85.563,11.008,2.752,0,0,1705132,325712,203080,5608408,31924.671,1621.202,0,352.261,0,37.027,7717,9515,4.610,2.050,1.180,6,0,60.045,0,0,20,34,0,22,0
06-08 00:12:36,83.901,14.483,1.249,0,0,1721436,309192,203080,5608624,9548.786,1618.100,0,155.817,0,7.991,7399,10140,4.610,2.050,1.180,5,0,86.898,0,0,20,33,0,21,0
06-08 00:12:37,86.860,11.765,1.252,0,0,1675424,355180,203080,5608648,22042.874,1459.846,0,268.339,0,27.034,7619,8859,4.610,2.050,1.180,5,0,59.075,0,0,20,33,0,21,0
06-08 00:12:38,84.706,13.743,1.249,0.250,0,1730544,299872,203080,5608836,10088.782,1619.163,0,143.926,0,8.995,7480,7285,4.610,2.050,1.180,5,0,96.950,0,0,20,35,0,21,0
06-08 00:12:39,84.555,14.467,0.998,0,0,1718260,312124,203080,5608876,74169.038,2187611.481,0,107.752,0,2.993,7941,7891,4.610,2.050,1.180,6,0,146.662,0,0,20,34,0,21,0
06-08 00:12:40,83.684,16.286,0.501,0,0,1645420,384924,203080,5608912,30010.898,19287.351,0,0,0,0,6349,6296,4.640,2.100,1.200,8,0,187.412,0,0,20,34,0,20,0
06-08 00:12:41,85.642,13.733,0.250,0,0,1709844,320468,203080,5608940,18982.013,10923.197,0,7.990,0,1.997,6830,7523,4.640,2.100,1.200,6,0,101.871,0,0,20,33,0,21,0
06-08 00:12:42,89.341,9.259,1.502,0,0,1731228,298712,203080,5609312,10604.767,1621.647,0,156.159,0,12.012,6453,7631,4.640,2.100,1.200,5,0,12.012,0,0,20,32,0,22,0
06-08 00:12:43,83.814,14.261,1.501,0,0,1728216,301668,203080,5609368,11075.413,1621.232,0,384.292,0,44.033,6984,8787,4.640,2.100,1.200,5,0,106.081,0,0,20,32,0,22,0
06-08 00:12:44,82.615,16.224,0.998,0,0,1619884,409960,203080,5609408,10519.873,1617.367,0,4249.082,0,306.501,5529,3477,4.640,2.100,1.200,5,0,197.678,0,0,20,34,0,21,0
06-08 00:12:45,88.645,9.015,2.504,0,0,1689748,339928,203084,5609572,9855.118,1622.654,0,905.481,0,17.028,5878,6554,4.590,2.130,1.220,4,0,0,0,0,20,33,0,23,0
06-08 00:12:46,84.930,10.211,4.234,0,0,1694060,335572,203084,5609680,9838.901,1613.914,0,350.678,0,26.899,7178,9884,4.590,2.130,1.220,5,0,33.872,0,0,20,33,0,23,0
06-08 00:12:47,82.064,16.563,1.255,0,0,1629580,399904,203088,5609824,23447.846,1626.231,4.015,188.723,1.004,13.050,5210,3459,4.590,2.130,1.220,4,0,169.650,0,0,20,32,0,23,0
06-08 00:12:48,87.978,10.218,1.495,0,0,1641968,387500,203088,5609840,10098.810,1995.836,0,5287.669,0,490.485,5830,3582,4.590,2.130,1.220,4,0,59.815,0,0,20,33,0,22,0
06-08 00:12:49,81.699,9.774,8.521,0,0,1681384,347992,203088,5609932,13000.707,1623.961,0,268.655,0,15.037,7318,9359,4.590,2.130,1.220,3,0,1.002,0,0,20,35,0,22,0
06-08 00:12:50,71.829,14.715,12.720,0,0,1568252,461076,203088,5609980,18709.342,1616.142,0,283.324,0,22.945,6817,7808,4.460,2.140,1.230,4,0,189.548,0,0,20,33,0,23,0
06-08 00:12:51,66.553,13.010,20.516,0,0.250,1591852,437380,203088,5610076,50494.885,1049229.773,0,252.199,0,12.009,5561,4929,4.460,2.140,1.230,3,0,135.107,0,0,20,33,0,23,0
06-08 00:12:52,71.549,12.509,15.511,0,0,1586572,442376,203088,5610360,57578.482,1159137.824,0,168.115,0,9.006,5831,5017,4.460,2.140,1.230,5,0,107.073,0,0,20,34,0,23,0
06-08 00:12:53,68.858,14.523,15.775,0.250,0,1552960,475796,203088,5610552,33675.787,16990.633,0,236.371,0,16.025,7275,9760,4.460,2.140,1.230,4,0,190.298,0,0,20,34,0,21,0
06-08 00:12:54,64.361,10.228,23.699,0.249,0,1496180,532532,203092,5610592,10197.932,1616.502,0,431.067,0,36.920,7029,7776,4.460,2.140,1.230,3,0,88.808,0,0,20,32,0,21,0
06-08 00:12:55,67.493,7.749,24.248,0,0,1556116,472568,203096,5610616,12556.764,1619.841,0,831.918,0,29.997,4435,2930,4.340,2.160,1.240,3,0,0,0,0,20,32,0,21,0
06-08 00:12:56,65.587,9.763,24.533,0,0,1586228,442432,203096,5610640,10448.881,1622.155,0,184.245,0,12.016,5321,4183,4.340,2.160,1.240,3,0,60.080,0,0,20,34,0,21,0
06-08 00:12:57,66.784,7.725,23.424,0,0,1584732,443732,203096,5610836,19983.468,1614.785,0,183.408,0,7.974,8704,10802,4.340,2.160,1.240,4,0,42.862,0,0,20,33,0,20,0
06-08 00:12:58,66.168,9.524,24.312,0,0,1591852,436576,203096,5610872,11589.372,1461.705,0,164.417,0,10.025,4812,4482,4.340,2.160,1.240,4,0,51.130,0,0,20,32,0,22,0
06-08 00:12:59,66.602,10.015,24.037,0,0,1560540,467748,203100,5611020,21280.738,1622.496,4.006,15399.691,1.002,316.487,4683,3090,4.340,2.160,1.240,5,0,44.068,0,0,20,34,0,22,0
06-08 00:13:00,66.207,8.994,23.735,0.250,0.250,1601288,426960,203100,5611060,10282.317,1618.948,0,403.738,0,20.986,5574,6380,4.230,2.170,1.250,3,0,63.958,0,0,20,32,0,23,0
06-08 00:13:01,65.300,9.257,25.019,0,0,1578804,449420,203104,5611080,10201.839,1621.246,0,240.185,0,24.018,4990,4702,4.230,2.170,1.250,3,0,39.030,0,0,20,32,0,22,0
06-08 00:13:02,62.073,13.462,24.181,0,0,1590676,437516,203104,5611112,11385.578,1615.400,0,143.591,0,9.972,4981,3673,4.230,2.170,1.250,3,0,139.602,0,0,20,33,0,22,0
06-08 00:13:03,63.352,13.271,22.536,0,0,1543060,485084,203120,5611144,23042.202,4660.525,0,352.569,0,35.057,5498,4632,4.230,2.170,1.250,3,0,157.254,0,0,20,33,0,22,0
06-08 00:13:04,70.084,13.266,15.519,0,0,1568792,459200,203120,5611308,131282.935,2199601.399,0,208.249,0,11.013,8014,7293,4.230,2.170,1.250,3,0,173.207,0,0,20,34,0,22,0
06-08 00:13:05,70.966,12.744,15.742,0.250,0,1522364,505556,203120,5611352,29224.943,18783.965,0,603.710,0,24.988,6914,8936,4.220,2.200,1.260,8,0,154.925,0,0,20,35,0,20,0
06-08 00:13:06,63.213,14.491,21.487,0,0,1476336,551548,203120,5611388,21072.500,4973.050,0,415.753,0,35.979,6111,6171,4.220,2.200,1.260,3,0,193.885,0,0,20,32,0,20,0
06-08 00:13:07,67.498,8.250,24.499,0,0,1563764,464116,203120,5611392,18634.387,1457.952,0,187.994,0,11.000,4126,1951,4.220,2.200,1.260,3,0,0,0,0,20,33,0,20,0
06-08 00:13:08,66.516,5.751,26.256,0.250,0,1595768,431912,203124,5611588,10226.439,1620.387,0,176.042,0,12.003,7365,9842,4.220,2.200,1.260,2,0,0,0,0,20,35,0,20,0
06-08 00:13:09,53.485,17.245,27.742,0,0,1544060,483460,203128,5611744,19046.539,1619.536,3.999,423.878,1.000,36.989,7883,8998,4.220,2.200,1.260,2,0,297.915,0,0,20,32,0,17,0
06-08 00:13:10,44.551,6.507,48.556,0.250,0,1595252,432268,203128,5611744,22813.206,1621.863,0,384.442,0,12.014,3224,1566,4.040,2.200,1.270,2,0,0,0,0,20,32,0,17,0
06-08 00:13:11,45.501,5.500,48.251,0,0,1600680,426680,203128,5611904,10876.125,1620.019,0,164.002,0,7.000,4529,4916,4.040,2.200,1.270,3,0,0,0,0,20,34,0,17,0
06-08 00:13:12,39.757,12.752,46.508,0,0,1508832,518460,203136,5611964,11606.898,1620.265,8.001,212.035,2.000,18.003,5739,5413,4.040,2.200,1.270,3,0,166.027,0,0,20,32,0,17,0
06-08 00:13:13,51.963,7.994,39.721,0,0,1531896,495396,203140,5611960,10191.665,1618.835,0,191.862,0,6.995,3713,10357,4.040,2.200,1.270,3,0,35.974,0,0,20,32,0,17,0
06-08 00:13:14,46.525,4.502,47.526,0.750,0,1551004,476256,203148,5611984,11045.954,1620.874,0,892.481,0,73.039,5096,5635,4.040,2.200,1.270,2,0,0,0,0,20,33,0,17,0
06-08 00:13:15,40.254,11.001,47.505,0,0,1476000,551228,203148,5612016,10761.045,1620.157,0,360.035,0,26.003,4361,3616,3.870,2.200,1.270,3,0,99.010,0,0,20,32,0,17,0
06-08 00:13:16,58.703,8.493,32.724,0,0,1541520,485572,203148,5612160,16188.915,6739.553,0,167.864,0,10.991,4262,2699,3.870,2.200,1.270,3,0,58.952,0,0,20,34,0,17,0
06-08 00:13:17,51.530,10.256,37.022,0.250,0.250,1537628,489348,203148,5612264,80370.758,2227238.770,0,1016.591,0,81.047,8015,9097,3.870,2.200,1.270,4,0,110.064,0,0,20,33,0,16,0
06-08 00:13:18,49.256,14.252,35.505,0.250,0,1490704,536252,203164,5612272,24912.167,19748.511,0,2156.274,0,119.015,5227,4712,3.870,2.200,1.270,2,0,191.024,0,0,20,32,0,16,0
06-08 00:13:19,45.943,4.994,48.190,0,0,1521116,505840,203164,5612272,10060.452,1617.982,0,5057.692,0,508.366,3737,2336,3.870,2.200,1.270,2,0,0.999,0,0,20,32,0,16,0
06-08 00:13:20,44.033,6.755,47.285,0.250,0,1381076,645568,203168,5612584,19712.769,1715.285,0,760.570,0,84.063,5515,6472,3.720,2.190,1.280,2,0,60.045,0,0,20,32,0,16,0
06-08 00:13:21,44.242,7.499,48.491,0,0,1468520,558124,203168,5612584,15809.068,1619.700,0,231.957,0,2.000,2946,1422,3.720,2.190,1.280,2,0,1.000,0,0,20,32,0,16,0
06-08 00:13:22,45.520,4.752,48.521,0,0,1516424,509780,203168,5613024,31972.842,1620.702,0,8.003,0,1.000,3676,2594,3.720,2.190,1.280,2,0,0,0,0,20,34,0,16,0
06-08 00:13:23,39.262,15.005,45.264,0,0,1499244,526788,203180,5613184,31671.589,1620.491,0,912.276,0,72.022,6612,6529,3.720,2.190,1.280,2,0,266.081,0,0,20,32,0,16,0
06-08 00:13:24,40.498,10.249,47.997,0,0,1499664,526356,203180,5613196,15286.074,1619.902,0,11.999,0,3.000,3596,2090,3.720,2.190,1.280,2,0,116.993,0,0,20,32,0,16,0
06-08 00:13:25,46.357,4.735,48.102,0.249,0,1517972,508028,203180,5613216,18852.901,1615.023,0,167.484,0,12.960,4097,3525,3.670,2.210,1.290,2,0,0,0,0,20,32,0,11,0
06-08 00:13:26,41.375,10.532,47.394,0,0,1439692,586156,203180,5613368,19358.702,1462.435,0,240.730,0,10.030,4883,4660,3.670,2.210,1.290,3,0,140.426,0,0,20,32,0,11,0
06-08 00:13:27,44.956,5.495,48.453,0,0,1531828,494004,203184,5613380,15907.461,1618.419,0,175.828,0,8.991,2971,1555,3.670,2.210,1.290,2,0,0,0,0,20,33,0,11,0
06-08 00:13:28,46.036,4.754,48.538,0,0,1550780,475024,203184,5613408,12214.655,3057.417,0,120.095,0,8.006,3909,4911,3.670,2.210,1.290,3,0,2.002,0,0,20,35,0,11,0
06-08 00:13:29,49.693,12.236,36.708,0.250,0,1487868,537888,203188,5613452,80449.574,2222804.285,0,363.582,0,32.962,7257,7491,3.670,2.210,1.290,2,0,153.823,0,0,20,33,0,13,0
06-08 00:13:30,36.803,23.284,40.058,0,0,1450744,574832,203192,5613628,32355.787,19729.529,0,156.226,0,9.013,6580,6157,3.530,2.200,1.290,1,0,488.707,0,0,20,33,0,13,0
06-08 00:13:31,25.180,4.737,67.810,0,0,1433996,591428,203192,5613784,14750.701,6076.986,0,243.319,0,7.978,4447,5047,3.530,2.200,1.290,1,0,49.860,0,0,20,32,0,13,0
06-08 00:13:32,20.021,6.757,72.578,0.250,0,1412732,612680,203200,5613784,9910.626,1621.739,0,160.172,0,9.010,2390,1564,3.530,2.200,1.290,1,0,56.060,0,0,20,32,0,13,0
06-08 00:13:33,23.262,2.751,72.789,0,0,1434044,591360,203200,5613792,11161.983,1620.869,0,176.094,0,17.009,2252,1999,3.530,2.200,1.290,2,0,0,0,0,20,32,0,13,0
06-08 00:13:34,19.985,7.245,71.948,0.500,0,1402984,622420,203204,5613788,21550.329,1618.823,0,203.852,0,16.988,3278,2667,3.530,2.200,1.290,1,0,90.934,0,0,20,32,0,13,0
06-08 00:13:35,22.512,2.751,73.289,0,0,1457656,567736,203208,5613796,9124.805,1620.853,0,120.063,0,9.005,1803,1227,3.330,2.180,1.290,1,0,0,0,0,20,32,0,13,0
06-08 00:13:36,23.744,2.499,72.481,0.250,0,1465940,559436,203212,5613808,10479.212,1457.612,0,511.864,0,40.989,3217,3390,3.330,2.180,1.290,2,0,0,0,0,20,32,0,13,0
06-08 00:13:37,19.210,7.484,72.098,0,0,1432320,593044,203216,5613816,10147.677,1616.603,0,131.723,0,10.977,2916,2119,3.330,2.180,1.290,2,0,98.792,0,0,20,32,0,13,0
06-08 00:13:38,23.041,3.005,73.633,0,0,1455528,569832,203216,5613820,12462.430,1622.921,0,0,0,0,2014,1493,3.330,2.180,1.290,1,0,0,0,0,20,32,0,12,0
06-08 00:13:39,23.754,3.001,72.513,0.250,0,1372824,652528,203220,5613824,19153.418,1620.289,0,340.061,0,24.004,3033,2900,3.330,2.180,1.290,1,0,11.002,0,0,20,32,0,12,0
06-08 00:13:40,18.496,7.998,71.986,0,0,1412496,612844,203220,5613836,19449.148,1619.679,0,115.977,0,7.998,2932,1883,3.140,2.160,1.290,3,0,83.983,0,0,20,32,0,12,0
06-08 00:13:41,27.509,6.752,64.522,0,0.250,1430976,594360,203220,5613840,75902.307,2296455.668,0,108.036,0,7.002,4346,2980,3.140,2.160,1.290,2,0,54.018,0,0,20,34,0,12,0
06-08 00:13:42,30.787,10.763,57.320,0,0,1425956,599356,203220,5613864,36395.222,19388.558,0,332.404,0,16.019,5775,6176,3.140,2.160,1.290,1,0,158.192,0,0,20,34,0,11,0
06-08 00:13:43,26.440,9.229,63.356,0,0,1377712,647568,203232,5613876,19935.756,12093.554,0,299.321,0,31.928,4138,4278,3.140,2.160,1.290,2,0,132.699,0,0,20,32,0,11,0
06-08 00:13:44,23.536,3.005,73.363,0,0,1429332,595948,203232,5613884,10977.865,1622.493,0,120.185,0,9.014,1911,1265,3.140,2.160,1.290,1,0,0,0,0,20,33,0,11,0
06-08 00:13:45,23.761,2.751,71.533,0.250,0,1429656,595472,203232,5614036,22022.083,1458.668,0,292.134,0,23.011,3585,4242,2.970,2.140,1.280,1,0,0,0,0,20,33,0,11,0
06-08 00:13:46,13.747,15.996,68.984,0,0,1431080,593764,203232,5614320,10266.680,1619.634,0,3.999,0,1.000,4655,3157,2.970,2.140,1.280,2,0,299.932,0,0,20,32,0,8,0
06-08 00:13:47,26.767,13.509,49.031,10.006,0,1471856,550240,203864,5616276,10019.346,1621.027,2561.623,372.236,144.091,28.018,4122,3015,2.970,2.140,1.280,1,1,186.118,0,0,20,32,0,10,0
06-08 00:13:48,40.467,5.246,48.960,4.496,0,1508556,512200,204148,5617140,10708.287,1618.683,411.665,0,34.972,0,2797,1381,2.970,2.140,1.280,2,0,2.998,0,0,20,32,0,10,0
06-08 00:13:49,38.986,6.498,46.234,6.498,0,1512380,505172,204424,5619940,9721.538,1619.423,0,11431.929,0,1164.585,7885,12160,2.970,2.140,1.280,0,3,63.977,0,0,20,36,0,10,0
06-08 00:13:50,20.266,7.006,43.285,27.022,0,1509080,501476,205104,5625660,11284.186,1621.320,2710.206,50529.135,523.426,4304.504,15585,29025,2.970,2.160,1.290,2,0,90.073,0,0,20,36,0,10,0
06-08 00:13:51,35.752,7.250,42.503,13.001,0,1495724,512824,205308,5627464,10869.691,1620.103,1564.099,33634.138,145.009,2801.178,11619,21167,2.970,2.160,1.290,2,0,26.002,0,0,20,32,0,10,0
06-08 00:13:52,40.713,10.740,47.456,0.500,0,1499796,508688,205324,5627512,15423.802,1618.510,0,4947.446,0,271.750,4373,3485,2.970,2.160,1.290,4,0,110.898,0,0,20,32,0,10,0
06-08 00:13:53,33.273,25.018,40.528,0,0,1532880,475572,205324,5627552,52358.636,1436356.030,0,1020.714,0,63.044,7358,5766,2.970,2.160,1.290,2,1,540.378,0,0,20,35,0,10,0
06-08 00:13:54,27.259,28.259,35.261,7.002,0,1504776,503164,205520,5627868,55616.077,1016315.337,16.005,19098.208,1.000,2151.699,16084,25533,2.970,2.160,1.290,4,0,493.160,0,0,20,35,0,9,0
06-08 00:13:55,29.218,29.218,36.461,2.497,0,1433160,574396,205652,5628116,34177.986,16717.895,0,6484.977,0,883.044,11127,15102,2.810,2.140,1.290,3,0,606.343,0,0,20,32,0,9,0
06-08 00:13:56,23.039,6.010,70.870,0,0,1433732,573796,205656,5628136,18702.720,1622.752,0,1266.147,0,77.131,2651,2054,2.810,2.140,1.290,1,0,48.082,0,0,20,32,0,9,0
06-08 00:13:57,21.962,3.494,73.374,0.250,0,1452044,555484,205656,5628136,22588.329,1617.231,0,746.722,0,46.920,2073,1473,2.810,2.140,1.290,1,0,2.995,0,0,20,32,0,9,0
06-08 00:13:58,23.267,3.503,72.054,0.751,0,1455532,551988,205664,5628136,22305.621,1621.208,0,7285.429,0,362.270,2593,2595,2.810,2.140,1.290,1,0,3.002,0,0,20,32,0,8,0
06-08 00:13:59,11.489,17.483,68.934,0.250,0,1433852,573648,205664,5628156,10815.686,1618.457,0,379.638,0,24.976,4664,3388,2.810,2.140,1.290,2,0,291.722,0,0,20,32,0,8,0
06-08 00:14:00,15.225,11.981,71.883,0.250,0,1451924,555416,205788,5628192,10639.737,1617.376,147.760,1713.220,4.992,228.629,3676,2705,2.670,2.120,1.290,1,0,179.708,0,0,20,32,0,8,0
06-08 00:14:01,23.058,2.506,73.183,0,0,1502068,505240,205788,5628224,10237.580,1624.058,0,356.892,0,2.005,1781,1186,2.670,2.120,1.290,2,0,0,0,0,20,32,0,8,0
06-08 00:14:02,24.262,1.751,73.785,0,0,1517428,489312,205788,5628792,11233.379,1620.776,0,128.061,0,1.000,1772,1059,2.670,2.120,1.290,1,0,0,0,0,20,32,0,6,0
06-08 00:14:03,22.232,3.497,73.192,0,0,1502860,503644,205788,5628964,10083.975,1618.712,0,0,0,0,1927,1324,2.670,2.120,1.290,2,0,8.993,0,0,20,32,0,6,0
06-08 00:14:04,23.206,2.745,72.862,0,0,1545380,461116,205788,5628972,10663.787,1455.242,0,714.645,0,8.983,1957,1515,2.670,2.120,1.290,1,0,0,0,0,20,32,0,6,0
06-08 00:14:05,21.564,9.278,67.701,1.254,0,1525400,481024,205792,5629048,16610.343,5920.588,40.119,361.073,2.006,23.069,3013,2263,2.620,2.120,1.290,3,0,157.468,0,0,20,33,0,6,0
06-08 00:14:06,13.005,27.009,58.270,0,0,1471640,534628,205792,5629204,87068.338,2518536.559,0,40.014,0,5.002,7921,6322,2.620,2.120,1.290,2,0,545.190,0,0,20,33,0,6,0
06-08 00:14:07,13.748,27.496,56.742,0,0,1421164,584980,205792,5629320,30594.886,19821.335,0,47.994,0,4.999,7151,6573,2.620,2.120,1.290,3,0,613.917,0,0,20,32,0,6,0
06-08 00:14:08,9.251,21.751,68.255,0,0,1416032,590088,205792,5629344,10702.707,1620.107,0,4.000,0,1.000,5709,3973,2.620,2.120,1.290,1,0,372.025,0,0,20,32,0,6,0
06-08 00:14:09,8.996,21.990,67.718,0,0,1410484,595576,205792,5629404,24870.156,1619.229,0,119.943,0,9.995,5913,4283,2.620,2.120,1.290,1,0,413.803,0,0,20,32,0,6,0
06-08 00:14:10,8.003,22.259,68.278,0,0,1413132,592912,205792,5629420,13170.494,1620.676,0,252.105,0,13.005,5800,4093,2.490,2.100,1.290,1,0,399.167,0,0,20,32,0,5,0
06-08 00:14:11,9.735,21.966,67.895,0,0,1409972,596052,205792,5629440,21239.263,1617.507,0,135.791,0,11.982,5959,4172,2.490,2.100,1.290,2,0,412.364,0,0,20,32,0,5,0
06-08 00:14:12,8.509,19.771,69.824,0,0,1412688,593312,205792,5629464,22134.367,1621.712,0,76.080,0,6.006,5818,4111,2.490,2.100,1.290,1,0,376.397,0,0,20,32,0,5,0
06-08 00:14:13,14.492,23.736,60.964,0,0,1418144,587828,205792,5632752,12512.696,1619.055,0,47.972,0,5.996,6030,7798,2.490,2.100,1.290,3,0,429.749,0,0,20,32,0,5,0
06-08 00:14:14,9.508,23.019,66.305,0,0,1376104,629836,205792,5629524,19700.315,1459.208,0,272.225,0,25.021,6264,7224,2.490,2.100,1.290,1,0,391.324,0,0,20,32,0,5,0
06-08 00:14:15,8.742,21.730,67.438,0.500,0,1386892,619016,205800,5629548,11074.843,1618.516,0,6961.615,0,488.552,6445,5092,2.370,2.080,1.290,1,1,405.628,0,0,20,32,0,5,0
06-08 00:14:16,18.271,19.022,58.567,2.503,0,1386944,617016,205804,5631464,10245.692,1621.851,1982.262,969.106,22.025,149.170,5164,3806,2.370,2.080,1.290,2,0,374.427,0,0,20,34,0,5,0
06-08 00:14:17,39.941,28.958,30.455,0.499,0,1470508,533352,205804,5631588,14255.121,3050.532,3.994,447.345,0.999,35.947,6209,4692,2.370,2.080,1.290,7,0,502.264,0,0,20,35,0,7,0
06-08 00:14:18,68.684,26.974,2.498,1.249,0,1531376,471568,205812,5632516,77453.161,2611802.362,523.494,1302.741,9.990,50.951,7073,5557,2.370,2.080,1.290,9,0,474.541,0,0,20,32,0,11,0
06-08 00:14:19,73.758,25.503,0.250,0.250,0,1661584,336300,206916,5636460,25917.916,16024.803,372.042,200.023,64.007,6.001,17832,4569,2.370,2.080,1.290,4,0,179.020,0,0,20,33,0,11,0
06-08 00:14:20,77.564,16.013,1.751,3.253,0,1735280,254844,207312,5643412,38081.599,16707.864,1733.438,14996.444,17.014,1252.039,9418,14294,2.660,2.140,1.310,6,0,193.160,0,0,20,35,0,11,0
06-08 00:14:21,71.252,16.001,6.500,5.500,0,1751712,231620,207544,5649572,28577.901,4844.153,0,48901.541,0,3917.123,14385,27200,2.660,2.140,1.310,8,0,166.005,0,0,20,36,0,12,0
06-08 00:14:22,66.057,12.511,11.510,8.007,0,1797604,176972,207696,5658144,10637.234,1621.408,0,61665.533,0,4520.925,16159,32175,2.660,2.140,1.310,7,0,104.090,0,0,20,36,0,12,0
06-08 00:14:23,68.698,12.990,8.993,6.995,0,1823924,144252,207892,5664284,18720.926,1456.905,0,69739.573,0,5195.095,17454,35470,2.660,2.140,1.310,3,1,60.954,0,0,20,36,0,13,0
06-08 00:14:24,72.753,12.501,6.750,5.750,0,1638608,345572,207696,5649340,24794.032,1620.067,0,46917.953,0,3869.161,14468,28818,2.660,2.140,1.310,4,1,70.003,0,0,20,34,0,13,0
06-08 00:14:25,46.051,27.531,16.268,8.259,0,1648476,332484,207880,5652400,28541.774,1621.805,416.464,38274.609,9.010,3087.437,15472,25881,2.690,2.160,1.320,6,0,411.458,0,0,20,34,0,13,0
06-08 00:14:26,57.660,18.721,14.977,6.989,0,1645316,333508,208008,5654928,20944.248,1617.471,35.944,42417.669,8.986,3566.423,15862,30181,2.690,2.160,1.320,5,0,156.755,0,0,20,34,0,13,0
06-08 00:14:27,52.081,16.776,21.283,7.512,0,1659364,317496,208132,5656308,34309.141,1622.513,969.502,43163.856,21.033,3718.760,17387,32324,2.690,2.160,1.320,3,1,138.214,0,0,20,35,0,13,0
06-08 00:14:28,44.990,10.748,35.992,6.498,0,1657364,318020,208204,5657680,24925.220,1619.624,667.845,33512.228,11.997,2804.350,13676,24810,2.690,2.160,1.320,5,0,109.974,0,0,20,34,0,14,0
06-08 00:14:29,37.995,9.999,38.745,9.999,0,1687736,284064,208308,5661128,16197.892,1619.789,0,38295.016,0,3556.537,15820,28650,2.690,2.160,1.320,3,0,84.989,0,0,20,34,0,14,0
06-08 00:14:30,37.203,8.739,40.699,10.487,0.250,1708784,259748,208408,5664296,24100.617,1617.960,0,52314.048,0,4141.778,16283,30965,2.630,2.160,1.330,2,0,47.940,0,0,20,34,0,14,0
06-08 00:14:31,41.864,13.207,33.392,8.472,0,1668908,297208,208480,5666644,86825.997,2614974.795,0,53617.854,0,4467.490,19652,33412,2.630,2.160,1.330,3,1,142.537,0,0,20,37,0,12,1
06-08 00:14:32,42.208,16.833,31.154,7.537,0,1566412,396896,208532,5669404,41502.864,18958.582,0,44190.129,0,3688.205,18025,32929,2.630,2.160,1.330,2,0,282.394,0,0,20,37,0,13,0
06-08 00:14:33,38.982,14.244,34.984,9.246,0,1604480,356316,208568,5671872,19298.280,10090.441,0,57054.221,0,4577.932,16532,32030,2.630,2.160,1.330,4,0,129.941,0,0,20,36,0,13,0
06-08 00:14:34,40.271,7.754,40.771,9.005,0,1632976,325064,208616,5674580,10595.398,1458.743,0,39492.118,0,3521.794,13458,25735,2.630,2.160,1.330,2,0,33.017,0,0,20,36,0,13,0
06-08 00:14:35,44.728,5.997,43.978,3.498,0,1583604,373924,208636,5675072,10790.613,1803.100,0,23724.156,0,1836.083,11212,18503,2.660,2.170,1.340,2,0,24.988,0,0,20,33,0,14,0
06-08 00:14:36,23.985,14.491,59.464,0.250,0,1511372,446024,208636,5675204,10146.774,1619.007,0,2310.582,0,86.947,5092,5501,2.660,2.170,1.340,1,0,234.856,0,0,20,32,0,14,0
06-08 00:14:37,23.512,3.002,72.537,0.250,0,1559128,398268,208640,5675200,9823.956,1620.818,0,680.343,0,44.022,1993,1495,2.660,2.170,1.340,3,0,0,0,0,20,32,0,14,0
06-08 00:14:38,23.711,3.494,71.880,0.499,0,1554348,402888,208640,5675360,9686.872,1617.307,0,3070.887,0,179.701,4143,5050,2.660,2.170,1.340,1,0,0,0,0,20,33,0,14,0
06-08 00:14:39,25.231,2.748,70.948,0,0,1546968,410248,208640,5675380,10336.408,1618.811,0,0,0,0,5054,6115,2.660,2.170,1.340,1,0,1.999,0,0,20,32,0,14,0
06-08 00:14:40,19.001,7.000,72.753,0,0,1505212,451980,208640,5675400,11321.415,1704.062,0,44.002,0,2.000,2470,1625,2.530,2.150,1.340,1,0,55.002,0,0,20,32,0,14,0
06-08 00:14:41,23.486,2.499,73.207,0,0,1529580,427612,208640,5675400,10410.891,1619.050,0,91.946,0,7.995,2169,1650,2.530,2.150,1.340,1,0,0,0,0,20,32,0,14,0
06-08 00:14:42,23.336,3.262,72.767,0,0,1501748,455428,208640,5675416,13360.991,1625.962,0,4.015,0,1.004,3182,3122,2.530,2.150,1.340,1,0,9.033,0,0,20,32,0,14,0
06-08 00:14:43,24.714,8.737,65.406,0,0,1490328,466848,208640,5675416,93018.003,2631251.566,0,0,0,0,4541,2502,2.530,2.150,1.340,1,0,79.885,0,0,20,33,0,14,0
06-08 00:14:44,30.727,9.743,57.957,0.250,0,1502000,455036,208640,5675564,53488.240,18660.129,0,411.694,0,27.979,4767,4318,2.530,2.150,1.340,2,0,153.886,0,0,20,33,0,15,0
06-08 00:14:45,26.765,11.006,60.534,0,0,1461132,495888,208640,5675568,23093.789,15680.684,0,248.137,0,24.013,4763,4404,2.480,2.150,1.340,1,0,167.093,0,0,20,32,0,15,0
06-08 00:14:46,22.029,4.005,73.096,0,0,1513016,444004,208640,5675572,20627.078,1622.129,0,3849.053,0,460.605,2098,1406,2.480,2.150,1.340,2,0,0,0,0,20,32,0,15,0
06-08 00:14:47,23.759,2.751,73.027,0,0,1527360,429648,208640,5675584,10977.999,1620.590,0,212.077,0,16.006,2691,2441,2.480,2.150,1.340,2,0,0,0,0,20,33,0,13,0
06-08 00:14:48,20.250,6.000,72.501,0,0,1522440,434432,208640,5675720,10300.148,1620.023,0,44.001,0,4.000,3409,3246,2.480,2.150,1.340,2,0,43.001,0,0,20,32,0,13,0
06-08 00:14:49,23.500,2.750,72.999,0.250,0,1544652,412212,208640,5675728,9874.885,1619.981,0,2107.976,0,8.000,2050,1662,2.480,2.150,1.340,2,0,1.000,0,0,20,32,0,13,0
06-08 00:14:50,23.993,3.499,70.980,0,0,1545488,411364,208640,5675740,9997.123,1619.534,0,0,0,0,3614,3851,2.370,2.130,1.340,1,0,5.998,0,0,20,33,0,14,0
06-08 00:14:51,13.751,15.501,69.753,0.250,0,1447416,509348,208640,5675860,11721.563,1620.078,0,380.018,0,29.001,4755,3631,2.370,2.130,1.340,1,0,268.013,0,0,20,32,0,14,0
06-08 00:14:52,8.251,23.753,65.758,0,0.250,1443236,513424,208648,5675956,14159.815,1458.187,12.002,5324.682,3.000,70.009,5924,4158,2.370,2.130,1.340,3,0,430.055,0,0,20,32,0,14,0
06-08 00:14:53,57.433,13.984,27.468,0.250,0,1518216,438244,208648,5676156,15555.794,1618.106,0,1006.822,0,64.924,5173,3582,2.370,2.130,1.340,3,0,177.792,0,0,20,32,0,20,0
06-08 00:14:54,65.813,8.508,23.272,2.002,0,1649076,306476,208648,5677064,11960.396,1621.545,48.046,236.225,4.004,13.012,3759,1602,2.370,2.130,1.340,3,0,3.003,0,0,20,32,0,20,0
06-08 00:14:55,68.268,7.752,21.756,1.750,0.250,1764268,188784,208700,5679260,28378.347,5904.529,300.078,2804.726,11.003,72.019,4095,1877,2.420,2.140,1.350,6,0,40.010,0,0,20,33,0,20,0
06-08 00:14:56,70.682,10.989,14.986,2.997,0,1842448,166036,208680,5624248,90678.748,2734342.993,139.865,3932.216,2.997,114.889,6157,3419,2.420,2.140,1.350,4,0,122.882,0,0,20,33,0,20,0
06-08 00:14:57,54.195,14.485,22.977,5.744,0,1859556,139432,208748,5633536,29114.408,18378.320,3.996,54480.626,0.999,3748.190,16446,29152,2.420,2.140,1.350,1,2,256.739,0,0,20,39,0,20,0
06-08 00:14:58,35.785,11.511,39.538,10.010,0,1858028,130852,208816,5643540,12831.451,4848.705,0,94916.102,0,6994.787,23887,47316,2.420,2.140,1.350,4,1,240.233,0,0,20,38,0,20,0
06-08 00:14:59,34.017,10.005,41.520,11.256,0,1858720,122160,208876,5651448,18718.179,1620.795,0,97531.827,0,7268.564,23837,46338,2.420,2.140,1.350,2,0,166.081,0,0,20,38,0,20,0
06-08 00:15:00,45.705,12.987,28.472,9.491,0,1814940,243196,208904,5575744,19694.772,1618.420,0,63114.380,0,4970.148,18819,35386,2.620,2.190,1.370,6,1,233.772,0,0,20,36,0,20,0
06-08 00:15:01,50.481,10.496,27.739,9.996,0,1848124,202892,208936,5582764,11021.795,1457.444,7.997,65758.912,1.999,4802.168,18356,33824,2.620,2.190,1.370,5,1,84.968,0,0,20,36,0,20,0
06-08 00:15:02,43.138,11.470,30.172,10.722,0,1870696,168384,208944,5594532,18979.805,1615.812,0,97196.071,0,6442.302,20721,39528,2.620,2.190,1.370,1,1,5.984,0,0,20,36,0,20,0
06-08 00:15:03,46.704,11.048,29.127,11.550,0,1853620,181864,208952,5598104,10257.847,1627.114,0,75574.408,0,5781.276,19790,39123,2.620,2.190,1.370,2,1,68.299,0,0,20,38,0,20,0
06-08 00:15:04,52.676,10.735,27.212,6.990,0,1730056,302896,208968,5600620,10496.316,1617.737,0,56045.595,0,4202.121,15082,28789,2.620,2.190,1.370,2,0,146.795,0,0,20,36,0,20,0
06-08 00:15:05,25.950,17.466,55.643,0.250,0,1457376,575476,208968,5600720,10216.392,1616.897,0,1229.640,0,69.866,4443,3078,2.490,2.170,1.360,2,0,248.523,0,0,20,32,0,20,0
06-08 00:15:06,23.305,3.258,71.920,0.752,0,1500752,532100,208968,5600720,9334.083,1623.842,0,4450.529,0,261.619,2341,2330,2.490,2.170,1.360,1,0,1.002,0,0,20,32,0,20,0
06-08 00:15:07,23.487,2.499,72.961,0,0,1553320,479532,208968,5600720,25002.619,1619.133,0,31.983,0,3.998,1820,1134,2.490,2.170,1.360,1,0,0,0,0,20,32,0,20,0
06-08 00:15:08,28.751,8.000,62.002,0,0,1573296,459552,208968,5600732,87338.276,2758793.880,0,256.007,0,7.000,5126,3472,2.490,2.170,1.360,2,0,106.003,0,0,20,39,0,20,0
06-08 00:15:09,30.545,10.265,58.086,0,0,1527908,504776,208968,5600904,30763.702,19417.846,0,128.190,0,9.013,4503,3689,2.490,2.170,1.360,1,0,136.202,0,0,20,33,0,20,0
06-08 00:15:10,26.957,7.238,64.896,0,0,1558704,473976,208968,5600908,20596.853,11343.744,0,43.929,0,3.994,3263,2654,2.370,2.150,1.360,1,0,103.833,0,0,20,32,0,20,0
06-08 00:15:11,22.984,2.998,72.950,0,0,1598520,434160,208968,5600908,10540.793,1618.893,0,3.997,0,0.999,1806,1136,2.370,2.150,1.360,1,0,0,0,0,20,32,0,20,0
06-08 00:15:12,24.283,1.752,72.848,0,0,1621452,411228,208968,5600908,12684.012,1622.176,0,120.161,0,17.023,2032,1570,2.370,2.150,1.360,3,0,2.003,0,0,20,34,0,20,0
06-08 00:15:13,16.514,22.018,61.051,0,0,1579436,453220,208968,5600932,10116.487,1621.360,0,564.474,0,36.030,4786,3665,2.370,2.150,1.360,2,0,418.351,0,0,20,32,0,20,0
06-08 00:15:14,20.753,38.505,37.505,1.250,0,1552984,479536,208976,5601060,10318.391,1620.218,92.012,292.039,5.001,26.004,7628,12844,2.370,2.150,1.360,5,0,851.115,0,0,20,32,0,21,0
06-08 00:15:15,14.239,36.472,48.713,0,0,1544688,487760,208976,5601132,11072.567,1618.767,0,211.839,0,26.979,7143,6166,2.260,2.130,1.360,1,0,873.335,0,0,20,32,0,21,0
06-08 00:15:16,8.507,22.769,66.805,0.500,0,1529420,502996,208976,5601164,23463.157,1621.324,0,7145.834,0,355.290,6823,5889,2.260,2.130,1.360,1,0,476.389,0,0,20,32,0,20,0
06-08 00:15:17,8.750,22.499,67.748,0,0,1527036,505356,208976,5601188,24065.363,1619.957,0,2111.944,0,109.997,6234,4718,2.260,2.130,1.360,1,0,453.988,0,0,20,32,0,20,0
06-08 00:15:18,8.489,21.722,67.412,0,0,1516624,515748,208976,5601208,10023.915,1617.888,0,2069.299,0,344.550,6263,4528,2.260,2.130,1.360,1,0,463.395,0,0,20,32,0,20,0
06-08 00:15:19,9.011,22.527,67.580,0,0,1505424,526924,208976,5601232,31866.856,1621.927,0,44.052,0,11.013,6122,4595,2.260,2.130,1.360,1,0,465.553,0,0,20,32,0,20,0
06-08 00:15:20,15.250,23.749,58.749,1.000,0,1518764,513436,208980,5601384,25211.456,5996.871,59.999,47.999,12.000,12.000,6377,4824,2.320,2.150,1.370,2,0,490.989,0,0,20,33,0,14,0
06-08 00:15:21,16.961,23.945,47.391,10.226,0,1507068,522876,209048,5603572,24386.893,335825.364,2222.886,47.890,151.651,11.972,6696,5287,2.320,2.150,1.370,1,0,532.774,0,0,20,33,0,14,0
06-08 00:15:22,13.782,26.811,57.882,0,0,1475760,554156,209048,5603596,88538.401,2530654.131,0,236.541,0,15.034,8295,7039,2.320,2.150,1.370,1,0,564.290,0,0,20,33,0,14,0
06-08 00:15:23,14.981,27.216,56.180,0.250,0,1465296,564564,209048,5603652,35542.409,18125.260,0,1090.632,0,86.891,7509,7094,2.320,2.150,1.370,1,0,597.251,0,0,20,32,0,14,0
06-08 00:15:24,8.764,21.784,68.357,0,0,1464152,565668,209048,5603672,23172.250,1622.538,0,120.188,0,15.024,6090,4406,2.320,2.150,1.370,1,0,441.691,0,0,20,32,0,12,0
06-08 00:15:25,19.231,19.231,61.189,0,0,1446080,583736,209064,5603668,28335.907,1618.395,0,11.988,0,2.997,5483,3856,2.140,2.110,1.360,1,0,355.647,0,0,20,34,0,12,0
06-08 00:15:26,21.986,3.498,72.455,0.999,0,1479236,550276,209064,5603932,20775.090,1618.994,107.933,551.657,7.995,26.983,2361,1810,2.140,2.110,1.360,1,0,9.994,0,0,20,32,0,14,0
06-08 00:15:27,23.277,2.503,73.086,0.501,0,1534104,493936,209084,5605316,15471.109,1621.898,716.839,232.272,46.054,13.015,2031,1505,2.140,2.110,1.360,1,0,0,0,0,20,32,0,14,0
06-08 00:15:28,18.490,3.998,69.464,6.247,0,1531452,492152,209100,5609552,11018.264,1619.157,447.767,22804.128,75.960,1724.102,8051,13983,2.140,2.110,1.360,4,0,11.994,0,0,20,36,0,13,0
06-08 00:15:29,18.513,5.754,62.543,10.757,0,1531924,489408,209112,5611812,11689.097,1621.123,0,45143.273,0,3955.740,15067,29120,2.140,2.110,1.360,1,0,55.038,0,0,20,36,0,13,0
06-08 00:15:30,17.502,5.501,63.508,10.751,0,1530692,488148,209120,5614264,25349.044,1458.175,0,44565.352,0,3915.470,15232,29095,2.120,2.110,1.370,1,1,45.005,0,0,20,36,0,13,0
06-08 00:15:31,14.498,6.999,63.991,12.248,0,1529292,486900,209140,5616876,10426.607,1619.784,0,47021.719,0,4275.429,16142,31168,2.120,2.110,1.370,1,0,53.993,0,0,20,36,0,13,0
06-08 00:15:32,18.233,4.995,62.940,10.240,0,1529756,484380,209148,5618924,19116.685,1618.449,0,38926.706,0,3606.545,14396,27440,2.120,2.110,1.370,0,1,26.974,0,0,20,36,0,12,0
06-08 00:15:33,15.265,5.255,64.813,11.011,0,1530768,479624,209160,5622624,23119.552,5222.094,0,45416.301,0,4209.106,14875,28450,2.120,2.110,1.370,2,1,29.028,0,0,20,37,0,12,0
06-08 00:15:34,23.251,12.001,52.753,9.251,0,1527312,480636,209164,5625036,93777.399,2919498.096,0,43050.479,0,3791.218,17617,30246,2.120,2.110,1.370,0,1,200.012,0,0,20,37,0,12,0
06-08 00:15:35,20.729,13.736,52.945,9.240,0,1526164,479952,209164,5626860,39743.936,19680.665,0,42252.344,0,3878.992,16978,31092,2.110,2.110,1.370,1,0,191.802,0,0,20,37,0,12,0
06-08 00:15:36,16.018,7.508,61.569,12.514,0,1527360,472340,209168,5633260,11083.409,4006.486,0,64604.331,0,5270.901,18687,36668,2.110,2.110,1.370,2,1,2.002,0,0,20,36,0,11,0
06-08 00:15:37,14.749,6.500,63.747,11.999,0,1526688,470856,209180,5635404,10144.468,1619.915,0,60116.849,0,5152.730,17790,35484,2.110,2.110,1.370,1,1,0,0,0,20,36,0,11,0
06-08 00:15:38,15.249,7.749,61.495,12.249,0,1526276,468840,209184,5637828,10780.179,1619.877,0,62227.260,0,5265.599,18266,36408,2.110,2.110,1.370,1,0,0,0,0,20,36,0,11,0
06-08 00:15:39,15.229,6.741,61.664,11.983,0,1526108,466572,209188,5640260,10770.043,1617.753,0,59353.571,0,4986.075,17350,34756,2.110,2.110,1.370,0,1,0.999,0,0,20,36,0,11,0
06-08 00:15:40,14.493,6.497,61.469,12.494,0,1525456,465564,209188,5641920,10117.870,2000.985,0,65842.615,0,5484.219,18984,37352,2.030,2.090,1.370,0,1,0,0,0,20,36,0,11,0
06-08 00:15:41,17.775,6.509,63.090,11.016,0,1526816,461556,209188,5644552,10664.179,1622.309,0,47163.130,0,4049.764,15360,29395,2.030,2.090,1.370,1,1,48.068,0,0,20,36,0,11,0
06-08 00:15:42,22.011,4.002,68.034,4.752,0,1432756,554544,209188,5645608,22830.568,1620.821,0,20506.391,0,1678.851,7486,12775,2.030,2.090,1.370,1,1,46.023,0,0,20,32,0,11,0
06-08 00:15:43,22.940,2.743,72.809,0.249,0.249,1479252,507924,209188,5645732,11125.775,1615.756,0,1855.127,0,118.688,1982,1814,2.030,2.090,1.370,1,0,0,0,0,20,32,0,11,0
06-08 00:15:44,23.299,3.507,73.153,0.752,0,1527636,459540,209188,5645732,10107.152,1623.397,0,5984.524,0,552.156,2164,2027,2.030,2.090,1.370,1,0,0,0,0,20,32,0,11,0
06-08 00:15:45,16.257,9.754,72.030,0,0,1507592,479576,209188,5645740,14311.977,1620.677,0,0,0,0,3354,2157,1.940,2.070,1.360,1,0,121.051,0,0,20,32,0,10,0
06-08 00:15:46,22.169,10.711,60.529,3.985,0,1504564,482452,209224,5645864,97759.959,2930754.223,155.432,59.782,34.873,3.985,5722,3491,1.940,2.070,1.360,3,0,159.418,0,0,20,32,0,10,1
06-08 00:15:47,22.327,16.557,57.700,2.509,0,1491428,495052,209224,5646396,29871.667,18164.037,517.797,4.014,5.017,1.003,5202,4347,1.940,2.070,1.360,2,0,282.982,0,0,20,33,0,10,0
06-08 00:15:48,26.210,6.989,65.898,0,0,1498272,488192,209224,5646408,25651.392,10854.240,0,139.784,0,6.989,3299,2622,1.940,2.070,1.360,1,0,64.900,0,0,20,32,0,10,0
06-08 00:15:49,23.257,3.251,72.020,0.250,0,1518632,467828,209224,5646412,18076.089,1458.411,0,400.113,0,28.008,2779,2576,1.940,2.070,1.360,1,0,1.000,0,0,20,32,0,10,0
06-08 00:15:50,19.195,8.725,70.547,0,0,1442860,543556,209228,5646452,11170.857,1615.352,0,502.554,0,34.900,3792,3408,1.870,2.050,1.360,1,0,72.791,0,0,20,32,0,10,0
06-08 00:15:51,23.296,3.006,72.895,0.250,0,1498044,488368,209228,5646456,18980.845,1623.236,0,220.440,0,12.024,1972,1308,1.870,2.050,1.360,1,0,0,0,0,20,32,0,10,0
06-08 00:15:52,23.507,3.001,71.771,0,0,1506548,479840,209228,5646480,12686.637,1620.464,0,112.032,0,8.002,3630,4058,1.870,2.050,1.360,2,0,0,0,0,20,33,0,10,0
06-08 00:15:53,25.031,2.753,71.339,0.250,0,1506380,479840,209228,5646648,9839.290,1622.026,0,784.981,0,83.104,4901,6582,1.870,2.050,1.360,1,0,0,0,0,20,32,0,7,0
06-08 00:15:54,20.471,5.492,72.898,0,0,1527520,458700,209228,5646648,24281.031,1617.737,0,255.642,0,16.976,2145,1499,1.870,2.050,1.360,1,0,29.958,0,0,20,32,0,7,0
06-08 00:15:55,23.294,3.006,72.888,0,0,1548072,438144,209228,5646652,9458.847,1623.062,0,76.144,0,6.011,2109,1571,1.800,2.030,1.360,1,0,0,0,0,20,33,0,7,0
06-08 00:15:56,24.241,3.749,70.722,0,0,1542924,443248,209228,5646696,10603.855,1619.367,0,0,0,0,5400,7151,1.800,2.030,1.360,1,0,0,0,0,20,33,0,7,0
06-08 00:15:57,18.245,7.998,72.482,0,0,1464768,521388,209228,5646712,10820.258,1619.590,0,11.997,0,1.999,3339,2719,1.800,2.030,1.360,1,0,70.982,0,0,20,32,0,3,0
06-08 00:15:58,25.515,6.254,67.041,0.250,0.250,1514380,471768,209228,5646728,73596.606,2528133.284,0,1444.876,0,13.008,3789,2056,1.800,2.030,1.360,3,0,52.032,0,0,20,33,0,3,0
06-08 00:15:59,30.230,10.243,58.211,0,0,1510832,475292,209228,5646748,42123.726,437827.126,0,3.997,0,0.999,5603,5800,1.800,2.030,1.360,4,0,128.913,0,0,20,34,0,3,0
06-08 00:16:00,28.241,8.997,60.980,0,0,1504884,481212,209228,5646768,25260.685,16892.440,0,3702.781,0,459.849,6935,8544,1.730,2.020,1.360,1,0,134.956,0,0,20,32,0,5,0
06-08 00:16:01,21.024,5.506,72.582,0,0,1481756,504176,209228,5646920,10595.019,1621.840,0,84.095,0,6.007,2253,1589,1.730,2.020,1.360,1,0,30.034,0,0,20,32,0,5,0
06-08 00:16:02,23.224,2.747,73.418,0,0,1511728,474200,209228,5646924,9719.146,1618.193,0,0,0,0,2125,1589,1.730,2.020,1.360,2,0,0,0,0,20,32,0,5,0
06-08 00:16:03,24.510,3.001,70.278,0.250,0,1511696,474200,209228,5646956,9445.788,1620.650,0,340.136,0,25.010,5482,7183,1.730,2.020,1.360,3,0,0,0,0,20,33,0,5,0
06-08 00:16:04,20.752,6.001,72.257,0,0,1459832,526044,209228,5646976,19257.813,1620.152,0,168.016,0,9.001,3505,3208,1.730,2.020,1.360,1,0,51.005,0,0,20,32,0,5,0
06-08 00:16:05,23.253,2.500,73.259,0,0,1512956,472916,209228,5646980,30886.985,1620.209,0,36.005,0,5.001,1892,1179,1.670,2,1.360,1,0,0,0,0,20,32,0,5,0
06-08 00:16:06,24.482,2.498,72.448,0,0,1514716,471152,209228,5646984,12580.007,1618.843,0,0,0,0,3357,3464,1.670,2,1.360,1,0,0,0,0,20,32,0,5,0
06-08 00:16:07,20.009,6.003,72.783,0,0,1551776,434072,209228,5647004,18792.446,1458.656,0,0,0,0,2266,1508,1.670,2,1.360,2,0,34.015,0,0,20,32,0,5,0
06-08 00:16:08,23.753,2.500,73.760,0,0,1569876,415968,209228,5647008,12405.616,1620.211,0,0,0,0,2007,1401,1.670,2,1.360,1,0,0,0,0,20,32,0,5,0
06-08 00:16:09,20.198,6.483,71.066,0.249,0,1545032,440636,209228,5647184,10604.597,1615.825,0,267.309,0,21.943,3270,2866,1.670,2,1.360,1,0,60.843,0,0,20,32,0,5,0
06-08 00:16:10,24.838,3.512,71.001,0,0,1566252,419412,209228,5647188,15242.785,5857.669,0,341.204,0,5.018,2076,1376,1.620,1.980,1.350,1,0,2.007,0,0,20,34,0,5,0
06-08 00:16:11,29.244,8.748,60.238,0,0,1528816,456820,209228,5647224,93621.521,2957982.162,0,7.998,0,2.000,6818,6732,1.620,1.980,1.350,1,0,152.970,0,0,20,33,0,5,0
06-08 00:16:12,28.992,11.997,58.235,0,0,1470988,514512,209228,5647352,33920.128,18854.069,0,0,0,0,4341,3496,1.620,1.980,1.350,2,0,153.960,0,0,20,33,0,5,0
06-08 00:16:13,24.723,4.495,68.924,0.499,0,1503108,482392,209228,5647352,15423.906,4904.564,0,3460.165,0,204.773,3308,3482,1.620,1.980,1.350,2,0,49.945,0,0,20,32,0,5,0
06-08 00:16:14,31.010,5.502,62.769,0.250,0,1521092,464400,209228,5647464,11168.440,1620.499,0,692.213,0,40.012,4729,15765,1.620,1.980,1.350,2,0,36.011,0,0,20,32,0,8,0
06-08 00:16:15,18.274,8.511,72.096,0,0,1502892,482572,209228,5647388,9326.442,1459.948,0,3560.750,0,427.570,2955,1999,1.570,1.970,1.350,2,0,67.089,0,0,20,32,0,8,0
06-08 00:16:16,23.480,2.748,72.437,0.500,0,1520076,465384,209228,5647392,10356.038,1618.599,0,2306.004,0,114.901,2343,2005,1.570,1.970,1.350,2,0,0,0,0,20,32,0,9,0
06-08 00:16:17,22.249,5.000,71.746,0,0,1490580,494876,209228,5647396,22319.631,1619.901,0,55.997,0,5.000,3495,3366,1.570,1.970,1.350,2,0,33.998,0,0,20,32,0,9,0
06-08 00:16:18,23.019,3.003,73.812,0,0,1502916,482528,209228,5647408,11699.764,1621.353,0,0,0,0,1797,1104,1.570,1.970,1.350,2,0,0,0,0,20,32,0,9,0
06-08 00:16:19,23.721,2.247,72.412,0.250,0,1518492,466944,209228,5647416,10809.810,1618.026,0,239.708,0,21.973,2765,2640,1.570,1.970,1.350,2,0,0.999,0,0,20,32,0,9,0
06-08 00:16:20,19.758,7.003,72.781,0,0,1516112,469312,209228,5647428,30109.734,1714.725,0,80.034,0,5.002,2843,1851,1.520,1.950,1.350,3,0,60.025,0,0,20,32,0,9,0
06-08 00:16:21,23.264,2.752,72.792,0,0,1556972,428452,209228,5647428,27393.962,1620.945,0,36.021,0,4.002,2308,1655,1.520,1.950,1.350,2,0,0,0,0,20,32,0,9,0
06-08 00:16:22,23.668,2.741,71.503,0,0,1551524,433740,209228,5647588,10843.513,1614.419,0,3.986,0,0.997,3804,4229,1.520,1.950,1.350,2,0,0,0,0,20,32,0,9,0
06-08 00:16:23,32.799,9.765,56.083,0.250,0,1553940,431316,209228,5647604,47124.045,608317.203,0,372.554,0,32.048,4122,2836,1.520,1.950,1.350,3,0,104.155,0,0,20,33,0,9,0
06-08 00:16:24,30.292,9.513,60.083,0,0.250,1542372,442876,209228,5647604,88226.643,2371512.726,0,320.442,0,40.055,5261,3638,1.520,1.950,1.350,2,0,107.148,0,0,20,33,0,9,0
06-08 00:16:25,28.971,9.740,58.441,0,0,1504708,480156,209228,5647988,28122.494,18129.623,0,283.712,0,22.977,6095,6937,1.480,1.930,1.350,1,0,155.842,0,0,20,32,0,9,0
06-08 00:16:26,18.977,7.990,72.663,0,0,1514544,470316,209228,5647992,19992.080,1618.064,0,87.895,0,5.993,2799,1901,1.480,1.930,1.350,1,0,66.920,0,0,20,32,0,8,0
06-08 00:16:27,23.316,2.006,72.955,0,0,1544808,440052,209228,5647992,16704.953,1624.566,0,56.158,0,6.017,2238,1696,1.480,1.930,1.350,2,0,0,0,0,20,32,0,8,0
06-08 00:16:28,21.733,4.996,72.443,0,0,1518336,466500,209228,5648016,10858.392,1618.717,0,0,0,0,3339,3325,1.480,1.930,1.350,2,0,33.973,0,0,20,32,0,8,0
06-08 00:16:29,23.488,2.249,72.962,0,0,1550752,434084,209228,5648016,22191.350,1619.150,0,3.998,0,0.999,1836,1169,1.480,1.930,1.350,2,0,0.999,0,0,20,32,0,8,0
06-08 00:16:30,24.782,2.754,72.345,0.250,0,1538588,446108,209228,5648156,10490.756,1622.127,0,484.635,0,41.054,2782,2740,1.440,1.920,1.350,3,0,0,0,0,20,32,0,7,0
06-08 00:16:31,18.997,6.999,72.488,0,0,1569632,415060,209228,5648160,10051.359,1619.736,0,2671.564,0,406.934,2769,1876,1.440,1.920,1.350,2,0,59.990,0,0,20,32,0,7,0
06-08 00:16:32,23.737,2.249,73.208,0,0.250,1590304,394384,209228,5648164,11802.308,1619.082,0,3.998,0,0.999,2152,1644,1.440,1.920,1.350,2,0,0,0,0,20,32,0,7,0
06-08 00:16:33,21.509,5.002,72.030,0,0,1528336,456324,209228,5648192,14107.803,1458.600,0,0,0,0,3754,3804,1.440,1.920,1.350,1,0,43.018,0,0,20,32,0,7,0
06-08 00:16:34,22.474,3.496,73.166,0.250,0,1551856,432804,209228,5648192,14840.911,1618.137,0,79.908,0,4.994,1937,1380,1.440,1.920,1.350,1,0,0,0,0,20,32,0,7,0
06-08 00:16:35,23.284,3.255,71.855,0,0,1563928,420724,209228,5648200,15628.908,3203.696,0,4.006,0,1.001,2746,2633,1.410,1.900,1.340,3,0,2.003,0,0,20,34,0,8,0
06-08 00:16:36,22.746,15.997,60.240,0,0,1496944,487672,209228,5648236,94243.346,2972302.286,0,411.932,0,33.994,7238,6347,1.410,1.900,1.340,1,0,288.952,0,0,20,33,0,8,0
06-08 00:16:37,15.738,23.982,55.708,3.248,0,1457476,526488,209232,5648888,39121.550,19444.363,319.759,319.759,27.979,12.990,6406,5803,1.410,1.900,1.340,1,0,418.685,0,0,21,13,0,8,20
06-08 00:16:38,10.508,22.017,66.303,0,0,1455716,528212,209232,5648924,23736.799,6164.882,0,164.130,0,11.009,5892,4416,1.410,1.900,1.340,1,0,358.284,0,0,21,12,0,8,20
06-08 00:16:39,15.190,16.933,66.239,0,0,1445756,538156,209232,5649436,9957.790,1613.646,0,127.498,0,9.961,5955,6290,1.410,1.900,1.340,1,0,246.031,0,0,21,12,0,8,20
06-08 00:16:40,24.582,14.549,59.198,0,0,1463068,520776,209236,5649028,32056.370,1625.444,0,228.766,0,1.003,5431,5733,1.450,1.900,1.350,2,0,148.497,0,0,21,12,0,8,20
06-08 00:16:41,23.520,22.019,52.794,0.751,0,1496512,486272,209236,5650036,9939.372,1621.366,44.037,16.013,2.002,4.003,5810,4139,1.450,1.900,1.350,1,0,334.282,0,0,23,12,0,8,20
06-08 00:16:42,14.497,18.996,64.985,0,0,1482048,500712,209236,5650532,10606.587,1457.668,0,27.994,0,5.999,6134,6188,1.450,1.900,1.350,2,0,246.944,0,0,23,12,0,8,20
06-08 00:16:43,24.259,13.005,62.023,0,0,1502780,479980,209236,5650036,10022.731,1620.603,0,0,0,0,4762,5795,1.450,1.900,1.350,3,0,123.046,0,0,23,12,0,8,20
06-08 00:16:44,23.752,20.502,53.754,0,0,1540156,442188,209236,5650448,11611.879,1620.123,4.000,240.018,1.000,4.000,5750,4022,1.450,1.900,1.350,1,0,300.023,0,0,25,12,0,8,20
06-08 00:16:45,12.460,20.933,64.295,0,0,1544128,438200,209236,5650808,9688.182,1614.863,0,23.924,0,5.981,6661,6373,1.420,1.890,1.350,16,0,301.042,0,0,25,12,0,8,20
06-08 00:16:46,23.813,12.283,63.668,0.251,0,1548984,433340,209236,5650460,14683.859,1624.298,0,986.611,0,21.056,4495,5852,1.420,1.890,1.350,3,0,80.212,0,0,25,12,0,8,20
06-08 00:16:47,49.958,13.489,35.970,0,0,1704208,278044,209284,5650496,14270.998,1618.639,0,3736.857,0,491.587,4745,2950,1.420,1.890,1.350,14,0,91.923,0,0,27,12,0,8,20
06-08 00:16:48,84.346,16.018,0,0,0,1904244,164336,209268,5565872,92627.884,3037891.857,28.032,0,2.002,0,6883,4466,1.420,1.890,1.350,16,0,55.062,0,0,27,13,0,8,20
06-08 00:16:49,84.815,14.718,0,0,0,2067536,145628,209228,5424084,27840.162,17302.190,1109.575,367.198,25.943,3.991,6172,5951,1.420,1.890,1.350,11,0,195.573,0,0,27,13,0,8,20
06-08 00:16:50,54.068,17.021,28.035,0,0,2086812,206908,209164,5345608,23935.001,15757.751,348.437,360.452,12.015,10.013,6151,5516,1.380,1.870,1.340,2,0,257.323,0,0,27,12,0,8,20
06-08 00:16:51,9.494,20.237,68.205,0,0,2091240,202416,209164,5345640,9370.765,1618.923,0,15.989,0,3.997,5483,4124,1.380,1.870,1.340,1,0,284.811,0,0,27,12,0,8,20
06-08 00:16:52,14.747,16.247,65.738,1.750,0,2092476,201016,209164,5346264,26166.360,1457.741,135.976,75.987,12.998,4.999,5485,5487,1.380,1.870,1.340,1,0,204.964,0,0,27,12,0,8,20
06-08 00:16:53,25.007,15.254,58.767,0.500,0,2097920,195124,209164,5346200,23662.903,1620.473,428.125,4.001,5.001,1.000,5900,6795,1.380,1.870,1.340,4,0,163.048,0,0,27,12,0,8,20
06-08 00:16:54,24.498,5.750,66.494,2.000,0,2148296,143420,209164,5347552,20135.293,1619.863,1143.903,0,14.999,0,2878,2167,1.380,1.870,1.340,1,0,48.996,0,0,27,12,0,8,20
06-08 00:16:55,19.224,8.988,70.154,0,0,2174724,181900,209164,5283420,12683.692,1617.792,0,571.221,0,70.903,3537,2917,1.350,1.860,1.340,1,0,91.875,0,0,28,12,0,9,20
06-08 00:16:56,24.066,4.011,71.447,0,0,2220320,136580,209164,5283268,23127.637,1624.470,4.011,112.309,1.003,2.006,2584,2212,1.350,1.860,1.340,1,0,0,0,0,28,13,0,9,16
06-08 00:16:57,24.262,3.502,70.534,0.250,0,2228044,128768,209164,5283356,10167.855,1620.774,0,300.143,0,23.011,3926,4614,1.350,1.860,1.340,1,0,0,0,0,28,17,0,10,0
06-08 00:16:58,15.247,14.747,68.236,0.500,0,2206468,150052,209164,5283676,9997.920,1619.663,7.998,375.922,1.000,36.992,4854,4080,1.350,1.860,1.340,1,0,220.954,0,0,28,14,0,14,0
06-08 00:16:59,9.250,20.500,68.750,0,0,2197052,159436,209164,5283708,9553.002,1620.000,0,388.000,0,6.000,5607,4374,1.350,1.860,1.340,2,0,300.000,0,0,28,14,0,14,0
06-08 00:17:00,11.249,22.498,64.244,0.500,0,2171864,184384,209164,5283948,20938.168,5902.484,115.990,227.980,5.999,9.999,6035,4854,1.330,1.850,1.340,2,0,342.970,0,0,28,15,0,15,0
06-08 00:17:01,18.726,22.222,56.678,0.499,0,2162600,193540,209168,5284508,101219.957,3101156.404,27.964,23.969,2.996,5.992,8731,8115,1.330,1.850,1.340,1,0,340.566,0,0,28,15,0,15,0
06-08 00:17:02,26.756,14.503,57.513,0.250,0,2163984,191984,209172,5284544,15175.301,5552.208,112.024,8.002,4.001,2.000,5991,7548,1.330,1.850,1.340,3,0,162.035,0,0,28,15,0,13,0
06-08 00:17:03,54.795,16.514,27.773,0,0,2222984,132832,209176,5284760,30181.032,19762.391,0,276.229,0,4.003,5488,4686,1.330,1.850,1.340,2,0,249.207,0,0,28,15,0,13,0
06-08 00:17:04,48.976,3.998,45.978,0,0,2275528,159828,209176,5207112,22935.864,1619.214,0,227.889,0,1.000,3288,1899,1.330,1.850,1.340,2,0,0,0,0,28,15,0,13,0
06-08 00:17:05,49.001,4.500,46.001,0,0,2332340,182100,209176,5129972,10689.266,1620.040,0,4.000,0,1.000,3313,1900,1.380,1.850,1.340,2,0,0,0,0,28,17,0,13,0
06-08 00:17:06,51.464,5.246,41.721,0.500,0,2389044,125208,209188,5130148,10935.380,1618.872,95.933,471.671,0.999,25.982,4425,3711,1.380,1.850,1.340,3,0,18.987,0,0,28,31,0,13,0
06-08 00:17:07,48.260,7.001,43.759,0.250,0,2419160,168256,209200,5058316,10966.290,1620.338,0,1272.266,0,109.023,6713,9225,1.380,1.850,1.340,1,0,41.009,0,0,28,30,0,14,0
06-08 00:17:08,12.267,21.279,65.090,0,0,2432132,155096,209204,5058868,14058.382,1622.237,0,7630.520,0,772.064,7789,7546,1.380,1.850,1.340,1,0,372.514,0,0,28,30,0,14,0
06-08 00:17:09,23.215,10.984,63.905,0.749,0,2432052,155092,209204,5058608,24192.938,1617.589,55.917,0,4.993,0,5060,5936,1.380,1.850,1.340,1,0,95.857,0,0,28,30,0,14,0
06-08 00:17:10,2.494,0.748,95.017,0.499,0.249,2432244,154868,209204,5058636,23995.048,1454.427,23.941,446.902,0.998,4.988,1388,1611,1.350,1.830,1.340,0,0,4.988,0,0,28,30,0,14,0
06-08 00:17:11,2.502,1.251,95.076,0,0,2432236,154868,209204,5058644,11043.792,1621.291,0,12.010,0,3.002,1363,1695,1.350,1.830,1.340,0,0,3.002,0,0,28,30,0,14,0
06-08 00:17:12,1.752,1.001,95.107,0,0,2432236,154868,209204,5058644,17999.214,1621.821,0,0,0,0,1418,1734,1.350,1.830,1.340,1,0,3.003,0,0,28,30,0,14,0
06-08 00:17:13,2.502,0.751,95.328,0,0,2432236,154868,209204,5058644,13687.172,1870.527,0,4.003,0,1.001,1332,1753,1.350,1.830,1.340,3,0,3.002,0,0,28,31,0,14,0
06-08 00:17:14,23.507,17.005,58.268,0,0,2372336,214736,209204,5059144,93518.070,3121667.364,4.001,96.030,1.000,2.001,7613,14445,1.350,1.830,1.340,1,0,297.092,0,0,28,31,0,15,0
06-08 00:17:15,22.514,15.510,59.788,0,0,2373048,214016,209204,5058636,28748.511,8002.153,0,4.003,0,1.001,5623,6727,1.480,1.850,1.350,1,0,208.134,0,0,28,31,0,12,0
06-08 00:17:16,32.756,24.755,40.258,1.250,0,2446840,140080,209212,5058724,30929.880,18344.488,28.005,380.072,4.001,29.006,7426,7929,1.480,1.850,1.350,2,1,490.093,0,0,29,47,0,12,0
06-08 00:17:17,22.245,18.246,56.738,0.750,0,2449608,137232,209212,5059284,15853.715,7690.406,55.988,3579.258,13.997,519.892,8962,9640,1.480,1.850,1.350,2,0,262.946,0,0,29,46,0,12,0
06-08 00:17:18,14.977,11.732,72.388,0.250,0,2446256,140564,209212,5058864,10380.885,1617.489,0,219.659,0,9.985,4212,4053,1.480,1.850,1.350,1,0,186.710,0,0,29,46,0,12,0
06-08 00:17:19,7.507,12.012,78.576,0,0,2446612,140184,209212,5059232,9995.663,1459.411,0,36.035,0,8.008,3754,3161,1.480,1.850,1.350,1,0,149.144,0,0,31,46,0,10,0
06-08 00:17:20,30.329,14.419,53.449,0,0,2487536,169092,209212,4990740,21418.240,1704.390,0,1499.545,0,27.843,6577,9021,1.440,1.840,1.350,2,0,139.215,0,0,31,48,0,10,0
06-08 00:17:21,11.057,17.590,68.853,0.754,0,2447628,209020,209212,4990292,15060.316,1628.360,8.041,16.083,1.005,4.021,5521,4657,1.440,1.840,1.350,1,0,280.440,0,0,31,48,0,11,0
06-08 00:17:22,10.255,20.010,68.534,0,0,2447712,208780,209212,4990448,11160.469,1662.815,0,16.008,0,4.002,5775,4433,1.440,1.840,1.350,1,0,301.148,0,0,31,48,0,11,0
06-08 00:17:23,17.263,15.761,64.797,0,0,2438136,218332,209212,4990952,29304.234,1621.175,0,40.029,0,7.005,6440,7013,1.440,1.840,1.350,1,0,231.168,0,0,31,48,0,11,0
06-08 00:17:24,25.752,16.251,57.004,0,0,2462832,193628,209212,4990464,21302.574,1620.120,0,4.000,0,1.000,6241,6856,1.440,1.840,1.350,2,0,200.015,0,0,31,48,0,11,0
06-08 00:17:25,30.463,25.219,43.447,0,0,2500080,228592,209224,4919636,19277.686,1618.043,0,271.671,0,8.989,6405,4997,1.570,1.860,1.360,3,0,393.524,0,0,31,48,0,11,0
06-08 00:17:26,30.503,23.502,44.255,0.750,0,2553868,174812,209248,4919728,28382.936,1710.177,72.007,912.094,2.000,8.001,6567,4894,1.570,1.860,1.360,2,1,407.042,0,0,31,48,0,11,0
06-08 00:17:27,39.231,24.488,29.986,3.998,0,2586656,199660,209316,4863216,42113.949,5900.191,1003.522,27.987,63.970,6.997,7527,8193,1.570,1.860,1.360,3,1,382.818,0,0,31,53,0,13,0
06-08 00:17:28,42.398,22.695,23.444,10.974,0,2646160,224600,209380,4781920,11777.698,1616.116,1660.011,23.942,122.705,5.986,6136,6741,1.570,1.860,1.360,4,0,305.266,0,0,31,53,0,13,0
06-08 00:17:29,51.893,19.367,28.305,0,0,2702928,167824,209380,4781800,107698.577,3172771.349,0,7.945,0,1.986,8291,7863,1.570,1.860,1.360,5,0,188.703,0,0,31,53,0,13,0
06-08 00:17:30,72.574,25.112,2.260,0,0,2773928,168516,209348,4711804,27491.550,16608.034,0,1482.609,0,11.049,6156,5627,1.840,1.910,1.380,5,0,414.849,0,0,31,53,0,14,0
06-08 00:17:31,63.591,25.889,9.803,0,0,2856408,155464,209336,4644060,19063.331,10996.026,205.101,1242.671,2.011,148.799,6492,8193,1.840,1.910,1.380,3,0,404.170,0,0,31,52,0,14,0
06-08 00:17:32,65.973,16.493,16.743,0,0,2909760,171364,209352,4576228,10406.684,1619.328,0,0,0,0,5923,7532,1.840,1.910,1.380,5,0,98.959,0,0,31,52,0,14,0
06-08 00:17:33,70.831,27.031,1.752,0.250,0,2995940,152608,209400,4510192,9161.500,1621.859,4.005,905.037,1.001,64.073,5696,4777,1.840,1.910,1.380,4,0,363.417,0,0,31,52,0,14,0
06-08 00:17:34,72.394,20.720,3.495,3.994,0,3073648,140388,210472,4445532,10199.996,1617.620,1006.519,7836.472,95.859,798.825,7150,7359,1.840,1.910,1.380,6,0,273.598,0,0,31,54,0,14,0
06-08 00:17:35,80.569,17.904,0.746,0.497,0.249,3203608,134964,210372,4323248,9993.486,1611.371,15.915,7468.009,2.984,668.421,9101,12391,2.260,2,1.410,8,0,128.313,0,0,31,56,0,13,0
06-08 00:17:36,65.809,26.625,3.768,2.009,0,3242180,136260,209184,4285028,10357.595,1627.636,0,23024.022,0,1727.103,12165,20545,2.260,2,1.410,6,0,288.353,0,0,31,58,0,13,0
06-08 00:17:37,70.663,24.557,3.759,1.253,0,3352728,140480,209028,4172780,11574.637,1713.944,56.129,17027.185,5.012,1608.702,12133,21343,2.260,2,1.410,5,0,303.699,0,0,31,58,0,13,0
06-08 00:17:38,75.759,19.252,4.751,0,0,3402688,134544,208992,4129132,14046.617,1458.168,52.006,2124.244,11.001,55.006,9269,14279,2.260,2,1.410,5,0,117.013,0,0,31,60,0,19,0
06-08 00:17:39,71.491,23.247,3.000,1.000,0,3454636,135988,208996,4075676,21750.169,1619.789,463.940,7750.991,7.999,690.910,8626,11778,2.260,2,1.410,4,0,243.968,0,0,31,73,0,26,0
06-08 00:17:40,54.389,23.702,21.456,0,0,3531340,163448,208996,3972380,12382.690,1616.695,0,2458.974,0,38.920,6400,5157,2.400,2.030,1.420,5,0,345.294,0,0,31,73,0,26,0
06-08 00:17:41,42.067,25.540,30.548,0,0,3566564,126828,208996,3973824,36112.208,818277.291,4.006,977.549,1.002,45.071,8199,9630,2.400,2.030,1.420,2,0,388.616,0,0,31,72,0,29,0
06-08 00:17:42,45.193,18.227,34.956,0.250,0,3592672,157776,208996,3918160,76507.118,2456947.740,0,619.216,0,33.957,7827,8799,2.400,2.030,1.420,2,0,192.756,0,0,31,74,0,29,0
06-08 00:17:43,59.234,17.745,19.995,1.999,0,3668156,138636,209088,3862776,18115.221,9478.499,283.925,5182.633,17.995,268.929,6152,6145,2.400,2.030,1.420,5,1,231.939,0,0,31,74,0,29,0
06-08 00:17:44,71.637,17.033,8.516,3.256,0,3740652,176964,209116,3754964,30024.345,18961.215,2540.853,164.314,157.300,6.011,6627,8122,2.400,2.030,1.420,4,0,141.270,0,0,31,77,0,32,0
06-08 00:17:45,43.701,9.989,44.700,0,0,3782880,133968,209124,3755704,19949.476,5312.002,31.964,1750.024,2.997,115.869,5057,5018,2.200,2,1.410,1,0,102.884,0,0,31,79,1,32,0
06-08 00:17:46,9.470,19.689,68.786,0,0,3784032,187620,209124,3702232,18759.529,1688.736,0,163.490,0,0.997,5773,4423,2.200,2,1.410,2,0,287.105,0,0,31,79,1,32,0
06-08 00:17:47,9.274,19.300,69.931,0.251,0,3796156,175472,209124,3702256,9430.342,1788.617,0,144.373,0,14.036,5668,4534,2.200,2,1.410,2,0,282.730,0,0,31,79,1,32,0
06-08 00:17:48,11.270,19.535,67.620,0.501,0,3801916,169684,209124,3702284,18328.661,1534.735,0,1274.271,0,68.121,5937,4993,2.200,2,1.410,1,0,302.539,0,0,31,81,1,32,0
06-08 00:17:49,21.154,7.964,69.933,0,0,3844496,127096,209124,3702292,9233.183,1686.362,0,51.766,0,3.982,3185,2695,2.200,2,1.410,2,0,67.693,0,0,31,81,1,32,0
06-08 00:17:50,30.859,6.774,61.217,0.251,0,3870556,182024,209116,3624136,22792.637,1700.014,0,216.767,0,16.057,3336,2916,2.190,2,1.420,1,0,8.028,0,0,31,85,1,32,0
06-08 00:17:51,26.466,3.496,67.913,0.250,0,3875936,176732,209124,3624124,10612.375,1617.923,7.990,479.385,1.997,45.941,3647,4140,2.190,2,1.420,1,0,0.999,0,0,31,90,1,32,0
06-08 00:17:52,21.511,6.253,71.037,0.500,0,3820204,232360,209124,3624228,10674.530,1694.878,92.048,88.046,2.001,6.003,2919,2393,2.190,2,1.420,2,0,55.029,0,0,31,89,1,32,0
06-08 00:17:53,26.029,3.254,67.825,1.502,0,3873452,178936,209124,3624404,9202.176,1621.793,240.266,276.306,3.003,27.030,2672,2390,2.190,2,1.420,2,0,2.002,0,0,31,91,1,32,0
06-08 00:17:54,31.498,7.500,59.997,0,0,3950632,174284,209116,3553080,9891.517,1619.921,135.993,327.984,8.000,20.999,4174,4472,2.190,2,1.420,2,0,4.000,0,0,31,97,1,33,0
06-08 00:17:55,36.397,6.980,52.601,1.246,0,3962776,161208,209120,3554008,100981.957,3311256.502,530.497,869.537,60.828,99.718,6797,5919,2.170,2,1.420,4,0,55.842,0,0,31,100,1,34,0
06-08 00:17:56,29.098,14.549,55.687,0,0,3925372,198576,209120,3554016,28647.348,19408.275,0,3772.688,0,23.078,5271,4878,2.170,2,1.420,2,0,201.678,0,0,31,100,1,33,0
06-08 00:17:57,28.970,9.490,60.937,0.250,0,3959736,164200,209120,3554028,19713.479,12292.205,0,939.023,0,50.947,4649,4638,2.170,2,1.420,2,0,102.893,0,0,31,99,1,33,0
06-08 00:17:58,24.266,3.502,70.045,0.250,0,3960996,162940,209120,3554028,20684.395,1621.050,0,140.091,0,13.008,3265,3495,2.170,2,1.420,1,0,0,0,0,31,100,1,33,0
06-08 00:17:59,21.481,7.493,69.689,0.500,0,3914052,209844,209120,3554068,10801.614,1618.594,15.986,635.448,0.999,73.936,3610,3656,2.170,2,1.420,1,0,51.955,0,0,31,99,1,33,0
06-08 00:18:00,24.743,2.999,69.981,0,0,3960808,162956,209120,3554200,12366.653,1619.562,0,10113.263,0,1061.713,3109,2069,2.080,1.980,1.420,2,0,0,0,0,31,100,1,29,0
06-08 00:18:01,24.754,4.501,68.761,0.750,0,3962856,160688,209120,3554420,19821.249,1620.266,228.037,2060.338,21.003,138.023,4444,5518,2.080,1.980,1.420,1,1,0,0,0,31,100,1,29,0
06-08 00:18:02,29.273,5.504,61.549,1.501,0,3970924,151880,209120,3555160,34209.228,1621.290,632.503,1789.424,62.049,229.182,6206,8245,2.080,1.980,1.420,1,0,4.003,0,0,31,105,1,29,0
06-08 00:18:03,26.233,6.496,64.459,0.500,0,3951456,170936,209120,3555572,9786.746,1618.965,331.788,1035.338,26.983,95.939,5537,6785,2.080,1.980,1.420,1,0,63.959,0,0,31,104,1,30,0
06-08 00:18:04,31.730,9.244,57.214,0,0,3998420,157080,209116,3523084,20013.242,1692.921,51.967,535.659,5.996,36.976,5030,5752,2.080,1.980,1.420,3,0,50.968,0,0,31,106,1,30,0
06-08 00:18:05,23.788,3.756,70.112,2.003,0.250,4028512,126896,209116,3523176,11156.748,1622.581,80.127,3004.780,1.002,319.508,3021,3024,1.990,1.960,1.420,1,0,0,0,0,31,106,1,30,0
06-08 00:18:06,24.596,4.472,68.075,0.497,0,4023256,131940,209116,3523404,12222.605,1448.944,198.758,3235.775,19.876,391.553,4779,5824,1.990,1.960,1.420,1,0,0.994,0,0,31,108,1,30,0
06-08 00:18:07,27.422,7.296,63.398,0.755,0,4019100,135976,209120,3523532,28909.523,570330.109,108.682,905.687,13.082,80.505,5095,5704,1.990,1.960,1.420,2,0,55.348,0,0,31,109,1,31,0
06-08 00:18:08,42.466,18.985,34.723,1.998,0,4015908,169856,209120,3493012,101074.975,2770327.613,907.282,675.465,9.992,60.952,7588,6605,1.990,1.960,1.420,4,0,289.771,0,0,31,108,1,30,0
06-08 00:18:09,49.801,15.516,31.783,2.252,0,4062908,155308,209116,3461524,28373.111,20124.648,412.423,420.431,10.010,30.031,5607,5096,1.990,1.960,1.420,2,0,161.165,0,0,31,107,1,30,0
06-08 00:18:10,39.338,5.726,52.533,0.249,0,4110620,140264,209112,3429708,10477.756,1613.341,0,330.635,0,14.938,3536,2797,1.910,1.950,1.410,3,0,0,0,0,31,109,1,30,0
06-08 00:18:11,26.075,5.767,67.193,1.003,0,4113316,137488,209116,3429908,10663.660,1624.671,128.369,4284.318,16.046,324.934,5553,8017,1.910,1.950,1.410,1,0,0,0,0,31,108,1,30,0
06-08 00:18:12,23.528,5.256,68.081,0.751,0,4045064,205624,209116,3430024,13463.012,1621.929,104.124,1854.205,16.019,131.156,4590,5533,1.910,1.950,1.410,3,0,30.036,0,0,31,107,1,30,0
06-08 00:18:13,20.965,6.988,70.382,0,0,4098436,152228,209116,3430048,10686.154,1617.299,0,343.426,0,15.973,3065,2596,1.910,1.950,1.410,4,0,55.907,0,0,31,107,1,30,0
06-08 00:18:14,26.279,4.004,66.824,3.003,0,4138588,154004,209116,3389228,23004.414,1459.613,372.411,1737.920,12.013,92.102,3220,3189,1.910,1.950,1.410,3,0,16.018,0,0,31,107,1,30,0
06-08 00:18:15,28.771,8.256,61.046,0.250,0,4059992,232580,209120,3388728,9654.214,1621.211,8.006,236.176,2.001,26.019,4724,15252,1.840,1.930,1.410,2,0,71.053,0,0,31,109,1,31,0
06-08 00:18:16,23.211,3.245,71.878,0,0,4116148,176424,209120,3388728,19079.693,1617.262,0,39.932,0,3.993,2480,2144,1.840,1.930,1.410,1,0,4.992,0,0,31,109,1,30,0
06-08 00:18:17,24.240,2.999,71.470,0,0,4140784,151784,209120,3388732,10800.524,1619.329,0,59.975,0,1.999,2697,2664,1.840,1.930,1.410,1,0,0,0,0,31,109,1,30,0
06-08 00:18:18,21.988,5.997,69.963,0,0,4117592,174972,209120,3388736,14789.073,1619.132,0,0,0,0,3780,3816,1.840,1.930,1.410,1,0,50.973,0,0,31,109,1,30,0
06-08 00:18:19,28.477,6.745,63.449,0,0,4185160,143200,209112,3353692,11150.023,1758.584,0,0,0,0,2795,2253,1.840,1.930,1.410,3,0,1.998,0,0,31,110,1,30,0
06-08 00:18:20,31.852,11.035,55.427,0,0,4246380,140444,209108,3296936,115637.169,3360901.656,0,20.064,0,5.016,6422,4850,1.770,1.920,1.410,4,0,107.344,0,0,31,112,1,31,0
06-08 00:18:21,34.742,13.497,48.989,1.500,0,4148812,272492,209108,3263288,35159.140,18019.972,407.909,1011.774,35.992,105.976,6548,7688,1.770,1.920,1.410,3,0,189.958,0,0,31,110,1,31,0
06-08 00:18:22,23.927,8.973,65.799,0,0,4173236,248060,209108,3263288,17001.041,9721.290,0,235.281,0,14.954,3700,3401,1.770,1.920,1.410,1,0,100.692,0,0,31,109,1,31,0
06-08 00:18:23,25.314,3.760,70.179,0.251,0,4200440,220856,209108,3263288,19661.036,1461.720,0,1235.143,0,79.202,3176,3262,1.770,1.920,1.410,3,0,0,0,0,31,109,1,31,0
06-08 00:18:24,22.978,5.744,68.933,0.250,0,4186532,234736,209108,3263316,15272.141,1618.425,0,235.771,0,28.972,4038,4109,1.770,1.920,1.410,2,0,54.947,0,0,31,109,1,30,0
06-08 00:18:25,23.502,3.750,71.505,0,0,4234604,186664,209108,3263316,24238.577,1620.105,0,132.009,0,9.001,2371,1952,1.710,1.900,1.410,2,0,0,0,0,31,109,1,30,0
06-08 00:18:26,24.494,3.499,70.233,0,0,4247464,173804,209108,3263316,20524.165,1619.618,0,4526.934,0,583.862,3465,2972,1.710,1.900,1.410,1,0,0,0,0,31,111,1,30,0
06-08 00:18:27,26.480,5.246,63.952,2.498,0,4242364,178256,209108,3263964,16834.310,1618.780,467.647,3005.734,46.965,356.731,7167,10757,1.710,1.900,1.410,4,0,1.998,0,0,31,110,1,30,0
06-08 00:18:28,22.452,6.736,68.355,0.249,0,4207076,213416,209108,3264092,11139.422,1616.578,0,1193.474,0,91.806,4873,5861,1.710,1.900,1.410,1,0,52.888,0,0,31,109,1,28,0
06-08 00:18:29,24.034,3.755,70.099,0,0,4233200,187280,209108,3264100,9222.986,1622.284,0,472.666,0,28.039,2390,2064,1.710,1.900,1.410,1,0,1.001,0,0,31,110,1,29,0
06-08 00:18:30,25.324,4.012,69.704,1.003,0,4230924,189436,209108,3264220,13925.658,1624.744,112.328,3181.288,11.032,188.550,3973,4857,1.650,1.880,1.400,1,0,0,0,0,31,110,1,30,0
06-08 00:18:31,27.259,4.752,65.522,0.500,0,4229884,190344,209108,3264352,11512.815,1620.537,56.019,784.260,6.002,89.030,5711,7652,1.650,1.880,1.400,1,0,0,0,0,31,110,1,30,0
06-08 00:18:32,41.579,8.714,45.064,2.739,0.249,4252216,167148,209116,3265212,17863.354,5956.443,740.945,5130.847,46.807,334.620,8500,12423,1.650,1.880,1.400,3,1,18.922,0,0,31,111,1,30,0
06-08 00:18:33,41.817,10.767,38.061,8.514,0,4228192,189528,209148,3266828,44321.072,1058553.457,1530.454,757.214,110.177,63.101,6862,7338,1.650,1.880,1.400,2,0,120.193,0,0,31,112,1,29,0
06-08 00:18:34,31.569,9.270,58.377,0,0,4234360,183336,209148,3266844,92467.357,2313589.081,0,364.794,0,17.037,5523,4128,1.650,1.880,1.400,3,0,107.234,0,0,31,112,1,29,0
06-08 00:18:35,31.017,11.006,56.281,0.250,0,4229700,187836,209148,3267004,25558.113,20007.047,12.007,2125.173,2.001,115.064,6112,7099,1.760,1.900,1.410,1,0,156.086,0,0,31,112,1,29,0
06-08 00:18:36,18.748,10.499,68.492,0.750,0,4212844,204644,209148,3267052,21599.382,1619.804,27.997,719.913,4.999,85.990,4932,5108,1.760,1.900,1.410,1,0,146.982,0,0,31,111,1,29,0
06-08 00:18:37,24.746,2.750,71.738,0,0,4264528,152948,209148,3267064,22171.395,1619.737,0,315.949,0,46.992,2423,2066,1.760,1.900,1.410,1,0,0,0,0,31,111,1,29,0
06-08 00:18:38,29.734,3.998,64.714,0.250,0,4275452,141940,209148,3267148,11767.518,1619.108,39.978,1571.135,3.998,93.948,3990,4451,1.760,1.900,1.410,1,0,2.998,0,0,31,117,1,29,0
06-08 00:18:39,23.972,5.993,66.672,0.499,0,4276496,140680,209148,3267364,10104.199,1618.110,175.795,807.057,5.993,92.892,5678,7611,1.760,1.900,1.410,2,0,0.999,0,0,31,116,1,29,0
06-08 00:18:40,27.091,6.959,62.882,0.746,0,4275312,141756,209148,3267472,11348.603,1610.577,75.558,719.789,5.965,60.645,5121,6201,2.260,2,1.450,10,0,2.983,0,0,31,116,1,29,0
06-08 00:18:41,40.524,13.592,44.803,0.252,0,4222212,194600,209148,3267728,9945.358,1467.942,32.218,1413.574,3.020,132.900,9099,11749,2.260,2,1.450,2,0,198.343,0,0,31,115,1,14,0
06-08 00:18:42,31.703,8.487,57.665,0.250,0.250,4239632,177104,209148,3267756,10697.218,2162.809,0,615.093,0,39.941,4241,4139,2.260,2,1.450,1,0,88.869,0,0,31,115,1,14,0
06-08 00:18:43,25.818,3.259,70.184,0,0,4272612,144104,209148,3267760,11386.849,1784.678,0,324.852,0,17.045,2932,2745,2.260,2,1.450,1,0,0,0,0,31,115,1,15,0
06-08 00:18:44,24.502,3.750,70.757,0.250,0,4240744,175960,209148,3267772,10566.043,1710.169,0,344.034,0,23.002,3462,3546,2.260,2,1.450,2,0,17.002,0,0,31,115,1,15,0
06-08 00:18:45,21.150,6.967,70.169,0,0,4273368,143328,209152,3267776,9693.239,1825.383,3.981,294.609,0.995,16.920,2919,2498,2.160,1.990,1.450,2,0,44.789,0,0,31,116,1,11,0
06-08 00:18:46,30.113,9.536,58.972,0.502,0.251,4250616,166068,209152,3267792,106762.993,3393157.197,0,5307.986,0,632.381,6384,5033,2.160,1.990,1.450,1,0,105.397,0,0,31,116,1,12,0
06-08 00:18:47,31.510,9.753,57.017,0,0,4247712,168964,209152,3267800,28831.724,17513.299,0,172.052,0,14.004,5820,6412,2.160,1.990,1.450,1,0,154.047,0,0,31,117,1,12,0
06-08 00:18:48,28.951,8.236,59.899,0.749,0,4238096,178532,209152,3267840,18534.743,10269.681,23.960,950.397,1.997,105.822,7303,10134,2.160,1.990,1.450,2,0,55.906,0,0,31,118,1,12,0
06-08 00:18:49,26.519,6.755,63.795,0.250,0,4239976,176520,209152,3267976,30713.683,1737.226,0,528.373,0,52.037,9428,14129,2.160,1.990,1.450,2,0,1.001,0,0,31,118,1,12,0
06-08 00:18:50,26.261,9.504,60.776,1.000,0,4194696,221648,209152,3268128,19430.414,1532.664,0,4750.057,0,300.130,7036,9499,2.070,1.970,1.440,1,0,79.034,0,0,31,117,1,12,0
06-08 00:18:51,30.914,5.485,61.829,0.249,0,4293600,155484,209036,3235764,10833.012,1615.528,0,215.404,0,14.959,2835,2078,2.070,1.970,1.440,1,0,3.989,0,0,31,117,1,12,0
06-08 00:18:52,24.815,4.011,70.184,0,0,4290824,158260,209040,3235760,21065.316,1788.697,0,232.611,0,20.053,3716,3894,2.070,1.970,1.440,1,0,0,0,0,31,119,1,12,0
06-08 00:18:53,26.178,3.989,67.066,0.997,0,4286872,161996,209040,3235976,10308.693,1615.564,39.890,1252.561,7.978,146.597,5857,7967,2.070,1.970,1.440,2,0,0,0,0,31,118,1,12,0
06-08 00:18:54,31.857,5.017,59.951,1.003,0,4284640,164176,209040,3236028,15489.967,1625.453,0,1071.595,0,130.438,8420,12177,2.070,1.970,1.440,2,0,1.003,0,0,31,119,1,13,0
06-08 00:18:55,22.481,14.738,61.448,0,0,4209636,239100,209040,3236092,14438.759,2379.982,15.986,463.607,0.999,28.975,5470,5114,1.980,1.950,1.440,1,0,246.791,0,0,31,119,1,13,0
06-08 00:18:56,24.232,3.497,70.447,0.250,0,4265044,183688,209040,3236096,10577.046,2082.434,0,379.714,0,25.980,2488,2112,1.980,1.950,1.440,1,0,0,0,0,31,119,1,13,0
06-08 00:18:57,24.491,3.249,70.475,0.250,0,4272872,175852,209040,3236104,9748.550,1619.427,0,2323.178,0,111.960,3403,3838,1.980,1.950,1.440,1,0,0,0,0,31,121,1,11,0
06-08 00:18:58,21.050,13.532,64.153,0,0,4194436,254272,209040,3236128,82413.611,2947506.752,0,196.469,0,14.033,6163,4943,1.980,1.950,1.440,1,0,189.452,0,0,31,120,1,11,0
06-08 00:18:59,14.502,26.254,57.258,0,0,4174900,273812,209040,3236168,43879.218,468729.418,0,100.014,0,10.001,7411,6924,1.980,1.950,1.440,1,0,510.072,0,0,31,120,1,11,0
06-08 00:19:00,19.469,22.714,56.410,0,0,4189784,258896,209040,3236680,36136.259,12811.529,0,23.962,0,5.990,7254,7973,1.900,1.940,1.440,1,0,386.383,0,0,31,120,1,12,0
06-08 00:19:01,24.503,16.002,58.008,0,0,4205552,243120,209040,3236196,11037.527,5028.696,0,0,0,0,6319,6828,1.900,1.940,1.440,2,0,169.023,0,0,31,119,1,11,0
06-08 00:19:02,32.003,22.252,44.754,0,0,4268548,179956,209040,3236360,11028.907,1710.141,0,60.005,0,5.000,6185,4891,1.900,1.940,1.440,3,0,340.028,0,0,31,119,1,11,0
06-08 00:19:03,32.510,22.257,43.513,0.750,0,4296124,152152,209040,3236588,12165.713,1620.495,84.026,40.012,1.000,10.003,6120,4811,1.900,1.940,1.440,3,0,323.099,0,0,31,121,1,11,0
06-08 00:19:04,37.525,14.009,46.781,0,0,4296036,152000,209040,3237324,9925.553,1695.119,72.048,584.386,7.005,36.024,6869,9342,1.900,1.940,1.440,2,0,160.106,0,0,31,125,1,11,0
06-08 00:19:05,51.950,22.229,24.476,0.250,0,4374372,152876,205608,3165580,10184.202,1618.443,67.935,291.719,3.996,13.987,7358,10778,2.470,2.060,1.480,5,0,278.732,0,0,33,125,1,9,0
06-08 00:19:06,56.205,25.230,17.736,0,0,4490532,159380,205608,3045352,20554.527,1618.703,75.939,703.436,5.995,34.972,6694,6230,2.470,2.060,1.480,4,0,376.698,0,0,33,131,1,9,0
06-08 00:19:07,61.786,18.761,19.511,0.250,0,4556760,137308,205608,3003392,19956.631,1620.945,4.002,1648.961,1.001,253.148,6527,6080,2.470,2.060,1.480,4,0,260.152,0,0,33,135,1,9,0
06-08 00:19:08,56.243,19.248,23.747,0.250,0,4620336,133128,205608,2945584,12319.539,1619.808,4.000,1231.854,1.000,90.989,8129,14177,2.470,2.060,1.480,2,0,192.977,0,0,33,147,1,9,0
06-08 00:19:09,35.535,23.523,38.538,1.251,0,4659128,152876,205608,2887628,20750.533,1459.444,92.091,504.499,2.002,30.030,12834,5438,2.470,2.060,1.480,3,0,356.353,0,0,33,147,1,8,0
06-08 00:19:10,31.430,22.699,44.401,0,0,4707324,141196,205608,2851588,11794.696,1616.395,0,171.617,0,9.978,6321,4871,2.510,2.070,1.490,2,0,357.203,0,0,33,147,1,8,0
06-08 00:19:11,24.321,24.572,50.146,0.251,0,4715484,169188,205612,2816488,114672.239,3493269.939,20.058,481.403,2.006,33.096,9246,8581,2.510,2.070,1.490,4,0,389.134,0,0,34,148,1,8,0
06-08 00:19:12,23.750,14.000,60.000,0,0,4720712,163960,205612,2816128,14655.912,3801.977,0,1871.989,0,8.000,6029,6962,2.510,2.070,1.490,2,0,161.999,0,0,34,148,1,8,0
06-08 00:19:13,37.495,26.997,34.246,0.250,0,4756612,168220,205612,2777000,29623.210,20546.371,55.993,695.911,1.000,78.990,7229,7014,2.510,2.070,1.490,2,0,524.933,0,0,34,148,1,8,0
06-08 00:19:14,43.864,23.677,31.154,0.498,0,4809996,154248,205612,2738908,18670.314,10181.542,0,390.793,0,22.929,6742,7645,2.510,2.070,1.490,3,0,383.814,0,0,34,153,1,8,0
06-08 00:19:15,46.540,15.263,37.032,0,0,4850820,149532,205612,2703380,11101.558,1621.396,24.021,0,2.002,0,6110,19539,2.390,2.050,1.490,2,0,142.122,0,0,34,159,1,10,0
06-08 00:19:16,38.508,25.255,35.757,0,0,4896076,138584,205612,2669892,15060.116,1620.335,24.005,428.089,2.000,26.005,8070,9564,2.390,2.050,1.490,5,0,409.085,0,0,34,159,1,10,0
06-08 00:19:17,39.545,26.530,32.787,0.250,0,4983100,126536,205620,2597428,14563.612,1621.850,16.018,16194.472,1.001,1061.210,8025,8520,2.390,2.050,1.490,5,0,440.502,0,0,34,165,1,10,0
06-08 00:19:18,49.773,24.011,25.011,0,0,5016012,164488,205620,2529096,9460.348,1458.670,0,852.392,0,51.023,8764,12615,2.390,2.050,1.490,3,0,379.174,0,0,34,185,1,9,0
06-08 00:19:19,13.490,21.234,63.453,0.250,0,5052320,128844,205620,2529128,9838.681,1618.796,83.938,587.563,4.996,42.968,6554,6414,2.390,2.050,1.490,1,0,332.752,0,0,34,187,1,9,0
06-08 00:19:20,23.992,14.745,59.230,0.250,0,5063940,153464,205620,2494812,20303.074,2234.238,3.999,235.920,1.000,14.995,6422,8651,2.360,2.050,1.490,1,0,174.940,0,0,34,187,1,9,0
06-08 00:19:21,40.697,14.731,43.443,0,0,5119680,167688,205620,2426324,16625.355,1691.797,0,403.475,0,28.962,4990,3846,2.360,2.050,1.490,2,0,118.845,0,0,34,191,1,9,0
06-08 00:19:22,48.892,5.767,44.379,0,0,5211184,144308,205620,2360548,20807.512,1624.725,0,340.992,0,27.079,3763,2627,2.360,2.050,1.490,3,0,1.003,0,0,34,191,1,8,0
06-08 00:19:23,42.436,6.740,43.185,5.492,0,5266124,154252,205736,2297776,28255.553,1617.570,391.412,207.688,24.963,20.969,5298,6567,2.360,2.050,1.490,3,0,0,0,0,34,191,1,8,0
06-08 00:19:24,48.692,9.988,38.454,1.498,0,5338152,144900,205740,2237012,114923.281,3546491.912,323.615,447.468,21.974,36.956,6924,5576,2.360,2.050,1.490,3,0,63.924,0,0,34,197,1,8,0
06-08 00:19:25,40.044,31.285,22.775,4.255,0,5240596,224704,205760,2254796,49716.027,23422.925,17807.710,524.581,206.228,26.029,7493,7910,2.570,2.100,1.510,4,1,554.614,0,0,34,202,1,8,0
06-08 00:19:26,42.809,29.791,22.531,3.755,0.250,5303584,169284,205764,2248008,34123.903,16262.352,21821.994,1101.514,229.315,33.045,7885,8247,2.570,2.100,1.510,6,0,444.611,0,0,34,201,1,8,0
06-08 00:19:27,39.843,23.159,30.381,4.482,0,5340588,166088,205764,2216584,19754.334,1452.290,20037.222,262.966,201.209,16.933,7841,9466,2.570,2.100,1.510,3,0,313.766,0,0,34,205,1,8,0
06-08 00:19:28,47.802,15.517,35.038,1.752,0,5277768,221452,205764,2223952,12604.733,1621.767,7588.268,5505.999,84.092,165.180,7003,8239,2.570,2.100,1.510,5,0,124.135,0,0,34,205,1,8,0
06-08 00:19:29,72.065,16.515,1.001,9.509,0,5391080,139824,205768,2194168,11818.658,1621.462,17735.994,292.264,188.170,14.013,5418,4021,2.570,2.100,1.510,4,0,116.105,0,0,34,206,1,8,0
06-08 00:19:30,70.832,12.514,8.760,6.758,0,5459008,172488,205768,2096792,11933.812,1621.877,11108.857,4421.117,228.264,22.025,5511,4276,2.610,2.120,1.520,2,1,10.012,0,0,34,206,1,8,0
06-08 00:19:31,62.048,9.758,13.260,14.261,0,5501540,180124,205792,2049804,10518.220,1621.267,17749.872,1120.876,284.222,46.036,5828,6023,2.610,2.120,1.520,3,0,18.014,0,0,34,212,1,8,0
06-08 00:19:32,65.874,10.979,11.478,10.480,0,5522080,136540,205824,2072780,11673.626,1616.901,20632.455,1884.388,536.971,132.746,6577,6910,2.610,2.120,1.520,3,1,18.964,0,0,34,220,1,8,0
06-08 00:19:33,48.596,20.039,25.550,5.010,0,5556744,144860,205824,2030572,10140.948,1623.193,24524.241,364.717,247.487,16.032,7133,7637,2.610,2.120,1.520,3,0,272.536,0,0,34,215,1,12,0
06-08 00:19:34,36.994,24.496,31.245,5.999,0,5546364,148088,205824,2038072,11966.112,1619.744,27819.610,855.865,263.958,72.988,7865,9125,2.610,2.120,1.520,2,1,340.946,0,0,34,215,1,11,0
06-08 00:19:35,47.230,18.492,32.986,0.250,0,5500568,221292,205824,2011936,22544.660,1619.329,2782.847,295.877,34.986,11.995,6319,8838,2.560,2.120,1.520,2,0,184.923,0,0,34,215,1,11,0
06-08 00:19:36,57.072,24.566,15.385,2.481,0,5600020,147300,205824,1986864,16014.971,5859.087,16190.654,782.138,164.765,40.695,6284,6449,2.560,2.120,1.520,6,0,311.664,0,0,34,217,1,12,0
06-08 00:19:37,58.921,25.684,4.784,10.324,0,5630652,158312,205832,1946632,10838.440,1468.492,13242.618,539.857,194.389,46.331,7134,7377,2.560,2.120,1.520,3,2,316.260,0,0,34,216,1,13,0
06-08 00:19:38,60.648,21.376,3.231,12.428,0,5660840,164288,205996,1911936,18546.247,1610.642,5002.933,2402.044,162.058,281.365,7368,8515,2.560,2.120,1.520,4,0,222.706,0,0,34,216,1,13,0
06-08 00:19:39,72.490,21.143,7.048,0.252,0,5663328,166640,205996,1907500,111184.094,3655320.198,15456.414,628.244,160.081,39.265,9159,10574,2.560,2.120,1.520,8,0,210.421,0,0,34,221,1,15,0
06-08 00:19:40,58.964,29.482,8.245,2.498,0,5710144,144236,205964,1885064,29648.961,20442.562,12336.494,363.779,120.926,18.988,7523,8632,2.750,2.160,1.540,5,1,463.718,0,0,34,222,1,17,0
06-08 00:19:41,57.678,28.590,7.707,5.221,0,5709388,257680,205236,1778820,38031.465,11349.574,24642.289,1062.065,295.349,48.728,7874,9314,2.750,2.160,1.540,6,0,377.888,0,0,34,221,1,18,0
06-08 00:19:42,58.278,16.830,23.110,1.256,0,5759720,204672,205244,1781024,12405.276,2359.273,462.209,578.765,15.072,37.178,7688,11756,2.750,2.160,1.540,3,1,98.471,0,0,34,225,1,20,0
06-08 00:19:43,64.204,19.088,7.685,8.676,0,5842420,158192,204260,1746676,10374.739,1606.334,20648.339,301.436,222.110,15.865,6094,5227,2.750,2.160,1.540,4,0,179.473,0,0,34,231,1,21,0
06-08 00:19:44,75.285,12.589,5.791,5.791,0,5854948,193672,203292,1700620,10936.684,1631.589,18060.283,2066.680,181.288,52.372,6023,5979,2.750,2.160,1.540,3,0,19.136,0,0,34,229,1,21,0
06-08 00:19:45,72.299,10.007,10.257,6.755,0,5914128,163228,201756,1673816,13818.315,1695.143,16403.058,9274.252,167.113,41.028,5519,4452,3.090,2.240,1.570,5,1,11.007,0,0,34,233,1,24,0
06-08 00:19:46,68.790,11.757,9.005,9.756,0,5966036,151084,197524,1639588,13562.798,1532.881,17197.888,564.324,279.161,41.024,6758,6792,3.090,2.240,1.570,4,1,14.008,0,0,34,236,1,26,0
06-08 00:19:47,70.378,20.464,4.742,3.494,0,5933000,209512,195028,1617340,23119.805,1774.914,4727.781,18799.317,112.804,1611.199,16566,22631,3.090,2.240,1.570,5,0,24.957,0,0,34,240,1,26,0
06-08 00:19:48,64.382,28.559,4.760,2.255,0,5923956,217944,195192,1617788,10408.347,1697.481,1430.935,1670.426,36.074,71.146,7544,8651,3.090,2.240,1.570,3,1,342.703,0,0,34,242,1,26,0
06-08 00:19:49,52.058,26.901,16.688,2.989,0,5972788,164772,195380,1621908,10500.303,1687.780,4567.168,4084.946,90.666,445.359,8663,10871,3.090,2.240,1.570,4,0,339.748,0,0,34,247,1,26,0
06-08 00:19:50,55.014,24.869,19.343,0.251,0,5912364,224068,195416,1622780,10579.743,1744.366,1832.790,6816.694,26.125,64.308,7114,9052,3.090,2.260,1.580,4,0,246.181,0,0,34,247,1,26,0
06-08 00:19:51,65.998,21.090,10.917,0.992,0,5960800,189880,194148,1610404,15448.518,5386.041,3287.003,535.924,48.630,30.766,6321,6479,3.090,2.260,1.580,5,1,143.906,0,0,35,248,1,26,0
06-08 00:19:52,80.108,19.397,0.756,0.252,0,6039776,162004,189056,1565540,102108.828,3703661.315,2220.852,2063.660,79.604,127.971,8395,6671,3.090,2.260,1.580,8,0,180.369,0,0,35,255,1,26,0
06-08 00:19:53,75.056,16.208,3.491,4.488,0,6097600,148436,181544,1530924,26665.069,16485.384,2174.379,482.752,146.621,46.879,7099,8589,3.090,2.260,1.580,5,0,124.678,0,0,35,258,1,26,0
06-08 00:19:54,73.652,19.791,3.006,3.006,0,6115464,145248,178960,1519836,34020.220,15097.162,3727.694,781.613,194.401,64.132,7096,7067,3.090,2.260,1.580,4,0,164.339,0,0,35,258,1,26,0
06-08 00:19:55,67.763,8.191,20.850,1.986,0,6182288,148856,165052,1467192,19242.732,3995.292,714.863,941.237,45.672,40.707,5394,3757,3.160,2.290,1.590,4,0,1.986,0,0,35,257,1,26,0
06-08 00:19:56,53.911,14.108,29.727,2.267,0,6187280,168932,161720,1446404,12538.593,2815.465,201.536,878.699,19.146,88.676,7069,9291,3.160,2.290,1.590,3,0,185.414,0,0,35,260,1,27,0
06-08 00:19:57,26.160,6.229,65.026,0,0,6157068,198472,161736,1447060,552865.247,14997.250,111.615,410.583,8.969,29.897,4089,3474,3.160,2.290,1.590,3,0,34.880,0,0,35,261,1,27,0
06-08 00:19:58,26.571,4.512,67.180,0.251,0,6189236,162996,161760,1450344,3594243.751,83498.058,0,862.314,0,46.124,8420,6409,3.160,2.290,1.590,2,0,0,0,0,35,261,1,27,0
06-08 00:19:59,28.759,4.751,63.519,0.500,0,6188924,153732,161804,1459876,10095437.970,210600.979,32.010,2444.731,2.001,62.019,19834,15790,3.160,2.290,1.590,1,0,1.000,0,0,35,261,1,26,0
06-08 00:20:00,27.003,8.751,59.257,1.750,0,6173920,160036,161880,1468500,8670045.134,185009.150,324.037,2364.270,32.004,130.015,17149,13017,3.150,2.300,1.600,2,0,62.007,0,0,35,260,1,27,0
06-08 00:20:01,35.743,13.997,45.741,2.749,0,6217096,145104,152308,1453236,10250.082,1619.697,3007.437,895.832,72.986,44.992,5485,5052,3.150,2.300,1.600,4,0,201.962,0,0,35,260,1,27,0
06-08 00:20:02,46.253,6.217,45.009,0.497,0,6276704,146476,143260,1407292,10855.962,1611.385,206.894,362.064,11.936,38.793,4734,4757,3.150,2.300,1.600,10,0,0,0,0,35,260,1,27,0
06-08 00:20:03,26.868,6.529,66.543,0.502,0,6192520,230392,143288,1407536,17363.566,1627.175,20.089,325.435,2.009,30.133,4598,5083,3.150,2.300,1.600,1,0,37.164,0,0,35,266,1,27,0
06-08 00:20:04,26.786,3.755,67.340,0,0,6193048,228908,143336,1408444,11034.709,1696.261,712.950,416.555,40.053,42.056,5407,7042,3.150,2.300,1.600,3,0,0,0,0,35,265,1,27,0
06-08 00:20:05,32.418,9.227,54.612,1.496,0,6213520,207800,143532,1408888,108131.720,3691354.883,434.901,634.397,36.907,61.844,8804,9296,3.050,2.290,1.600,6,0,105.733,0,0,35,275,1,28,0
06-08 00:20:06,32.298,11.016,55.582,0.250,0.250,6217144,203972,143572,1409064,31844.975,20723.570,20.030,420.620,2.003,34.050,7079,8558,3.050,2.290,1.600,2,0,131.194,0,0,35,277,1,30,0
06-08 00:20:07,28.530,11.011,57.810,0.501,0,6139616,259768,143648,1430684,16676.358,11066.519,96.100,21854.748,12.013,78.081,7837,10186,3.050,2.290,1.600,1,0,128.133,0,0,35,272,1,39,0
06-08 00:20:08,13.488,11.989,68.189,4.996,0,6168192,227512,143828,1434184,9875.145,1618.549,3680.700,11769.446,244.781,55.950,4581,4386,3.050,2.290,1.600,1,0,162.854,0,0,35,272,1,39,0
06-08 00:20:09,20.501,4.500,68.752,4.500,0,6201708,192232,143936,1435840,20433.556,1620.044,1636.045,9612.262,223.006,149.004,3127,3162,3.050,2.290,1.600,1,0,1.000,0,0,35,272,1,39,0
06-08 00:20:10,13.738,5.995,70.190,8.243,0,6207448,167028,133540,1469304,33660.385,1618.624,29666.780,1378.828,1131.039,14.987,3833,4261,2.890,2.270,1.600,1,0,0,0,0,35,272,1,39,0
06-08 00:20:11,14.761,6.004,70.802,8.006,0,6207900,154960,133796,1480640,20957.360,1621.188,5612.113,2621.922,1389.018,69.051,4475,5257,2.890,2.270,1.600,1,0,20.015,0,0,35,274,1,39,0
06-08 00:20:12,14.494,7.247,68.221,8.496,0,6201220,221436,115548,1446688,19359.666,1619.303,33397.623,2067.110,1255.460,38.983,4458,5080,2.890,2.270,1.600,3,0,0,0,0,35,274,1,39,0
06-08 00:20:13,18.977,5.493,69.667,4.744,0,6213968,201068,116056,1453784,10249.783,1618.071,3603.705,803.043,613.269,3.995,3562,3499,2.890,2.270,1.600,1,0,8.989,0,0,35,274,1,39,0
06-08 00:20:14,25.055,4.009,67.899,2.004,0,6248180,179428,115360,1442512,19284.341,1623.565,144.317,31204.513,25.055,182.400,3048,2791,2.890,2.270,1.600,0,2,0,0,0,35,274,1,39,0
06-08 00:20:15,25.499,10.750,49.999,10.250,0,6275132,143308,115692,1453856,9937.747,1457.963,6219.841,18547.527,288.993,56.999,12774,27255,2.820,2.270,1.600,2,1,37.999,0,0,35,274,1,39,0
06-08 00:20:16,27.187,8.480,62.107,1.746,0,6263520,186616,112248,1424112,12444.346,1616.278,1065.546,171.605,39.908,14.966,3547,7384,2.820,2.270,1.600,1,0,1.995,0,0,35,274,1,40,0
06-08 00:20:17,29.579,8.523,57.152,3.760,0,6288540,161228,112280,1424448,16559.994,6841.174,128.341,336.895,23.061,32.085,3833,3119,2.820,2.270,1.600,1,0,52.139,0,0,35,279,1,40,0
06-08 00:20:18,24.006,13.117,54.447,6.930,0.247,6173496,275100,112760,1425140,113469.341,3680710.125,1013.702,142.552,109.884,11.879,6945,5261,2.820,2.270,1.600,9,0,164.331,0,0,35,279,1,41,0
06-08 00:20:19,25.686,21.154,51.373,0.504,0,6177856,270532,112772,1425304,34066.290,18968.696,48.351,149.082,6.044,6.044,6543,6559,2.820,2.270,1.600,4,0,506.678,0,0,35,279,1,40,0
06-08 00:20:20,26.547,6.762,64.866,0.250,0,6215520,232708,112888,1425372,22269.677,5291.427,92.164,40888.849,23.041,226.403,3758,3572,2.670,2.250,1.590,4,0,70.125,0,0,35,280,1,41,0
06-08 00:20:21,17.268,15.767,63.567,1.752,0,6254772,191928,113036,1426752,26607.076,1695.789,949.001,24.025,34.036,5.005,4940,3847,2.670,2.250,1.590,4,0,194.205,0,0,35,280,1,41,0
06-08 00:20:22,10.485,16.476,67.651,4.493,0,6258316,187508,113056,1427608,10491.600,1617.626,87.871,291.572,7.988,12.981,5161,4485,2.670,2.250,1.590,1,0,216.682,0,0,35,280,1,41,0
06-08 00:20:23,23.009,9.754,65.527,0.250,0,6288136,157004,113084,1428264,18974.798,1458.599,20.008,360.148,2.001,29.012,4273,3999,2.670,2.250,1.590,1,0,108.044,0,0,35,280,1,41,0
06-08 00:20:24,29.983,5.497,60.965,1.999,0,6291920,153516,113192,1427860,19883.699,1619.080,35.980,451.743,5.997,53.969,3882,4008,2.670,2.250,1.590,1,0,1.999,0,0,35,284,1,42,0
06-08 00:20:25,21.543,3.757,69.888,4.008,0,6287548,157476,113380,1428084,10624.987,1623.206,360.712,256.507,45.089,24.047,3553,4175,2.540,2.220,1.590,1,0,0,0,0,35,285,1,42,0
06-08 00:20:26,23.209,5.740,69.877,0,0,6189224,255744,113392,1428128,31244.969,1617.152,3.993,155.726,0.998,8.984,3244,2667,2.540,2.220,1.590,3,0,41.926,0,0,35,284,1,42,0
06-08 00:20:27,25.752,3.750,70.005,0,0,6231676,213156,113404,1428252,23365.608,1620.112,0,116.008,0,8.001,2962,2715,2.540,2.220,1.590,2,0,2.000,0,0,35,285,1,42,0
06-08 00:20:28,24.496,3.749,69.987,0.250,0,6233368,211168,113440,1428512,18915.551,1619.705,231.958,315.942,12.998,30.994,4075,4703,2.540,2.220,1.590,2,0,0,0,0,35,284,1,42,0
06-08 00:20:29,23.008,6.252,69.025,0,0,6210128,234384,113440,1428536,11791.340,1620.596,24.009,2436.897,2.001,393.145,3470,3006,2.540,2.220,1.590,1,0,57.021,0,0,35,284,1,42,0
06-08 00:20:30,33.502,9.001,55.754,0.250,0.250,6231528,212516,113492,1428952,117226.619,3763112.591,268.017,544.035,18.001,43.003,6708,5877,2.570,2.240,1.600,1,0,61.004,0,0,35,285,1,43,0
06-08 00:20:31,31.732,10.744,55.468,0.250,0,6228124,215648,113496,1429220,29218.081,18922.043,255.852,143.917,13.992,9.994,5772,6166,2.570,2.240,1.600,1,0,157.909,0,0,35,285,1,44,0
06-08 00:20:32,27.507,10.753,61.015,0.250,0,6219064,224676,113504,1429244,26298.399,13906.384,0,148.036,0,9.002,4519,4089,2.570,2.240,1.600,2,0,137.033,0,0,35,284,1,44,0
06-08 00:20:33,25.264,2.752,70.290,0,0,6226092,217648,113508,1429240,10452.948,1620.922,0,260.148,0,17.010,2962,2788,2.570,2.240,1.600,1,0,0,0,0,35,284,1,44,0
06-08 00:20:34,27.521,4.003,66.301,0.751,0,6225724,217144,113680,1429940,23474.111,1621.251,612.473,1036.800,37.029,127.098,5152,6924,2.570,2.240,1.600,1,0,1.001,0,0,35,284,1,46,0
06-08 00:20:35,22.647,4.729,71.177,0,0,6206972,235872,113700,1429944,9626.322,1612.683,0,294.663,0,17.919,2726,2432,2.450,2.220,1.600,2,0,12.941,0,0,35,284,1,42,0
06-08 00:20:36,25.072,3.510,70.454,0.251,0,6231564,211188,113752,1429984,11038.908,1624.696,0,1251.618,0,69.200,3161,3147,2.450,2.220,1.600,1,0,0,0,0,35,284,1,42,0
06-08 00:20:37,24.269,5.504,69.304,0,0,6226260,216480,113760,1429988,10202.913,1621.257,0,116.090,0,13.010,3794,4026,2.450,2.220,1.600,1,0,35.027,0,0,35,284,1,42,0
06-08 00:20:38,25.978,3.247,69.192,0.250,0,6274728,167956,113792,1430012,12571.443,1618.641,15.987,219.815,0.999,25.978,2842,2645,2.450,2.220,1.600,1,0,0,0,0,35,284,1,42,0
06-08 00:20:39,26.031,4.255,67.330,1.001,0,6279308,162616,113912,1430652,10849.879,1621.925,192.228,2887.427,24.029,187.222,4083,4777,2.450,2.220,1.600,1,0,1.001,0,0,35,286,1,38,0
06-08 00:20:40,22.977,5.495,70.181,0,0,6236656,205192,113916,1430724,11651.569,1618.412,0,91.910,0,5.994,3567,3480,2.330,2.200,1.590,1,0,33.967,0,0,35,284,1,38,0
06-08 00:20:41,25.752,2.750,70.005,0,0,6281020,160820,113924,1430724,9748.668,1458.100,0,68.005,0,8.001,2568,2212,2.330,2.200,1.590,1,0,0,0,0,35,284,1,38,0
06-08 00:20:42,28.235,4.748,62.718,3.248,0,6277904,163656,113980,1430960,16347.535,5965.911,227.882,307.841,24.987,22.988,4393,4740,2.330,2.200,1.590,2,1,18.990,0,0,35,287,1,38,0
06-08 00:20:43,33.054,6.260,44.573,15.275,0,6209160,227028,114156,1436156,18385.055,1622.653,5224.541,781.277,273.447,89.146,5100,5445,2.330,2.200,1.590,2,1,40.065,0,0,35,285,1,38,0
06-08 00:20:44,32.012,8.753,55.020,2.501,0,6247984,187208,114216,1437084,112627.772,3759632.013,1040.377,292.106,82.030,24.009,6121,4182,2.330,2.200,1.590,2,0,53.019,0,0,35,285,1,32,0
06-08 00:20:45,31.942,10.731,55.899,0.250,0,6246920,188076,114220,1437292,49629.900,19337.893,3.993,4635.584,0.998,115.790,5376,5109,2.310,2.190,1.590,2,0,148.730,0,0,35,285,1,32,0
06-08 00:20:46,30.060,8.517,60.370,0,0,6237976,197008,114220,1437304,29316.316,12547.960,0,140.279,0,9.018,5248,5555,2.310,2.190,1.590,2,0,103.205,0,0,35,284,1,32,0
06-08 00:20:47,22.710,5.241,70.624,0,0,6206188,228788,114220,1437312,10556.186,1690.986,0,175.687,0,10.980,2832,2587,2.310,2.190,1.590,2,0,33.940,0,0,35,284,1,32,0
06-08 00:20:48,24.796,3.006,70.882,0.250,0,6247976,186968,114248,1437316,10240.036,1697.155,0,977.818,0,58.108,2998,3084,2.310,2.190,1.590,2,0,0,0,0,35,284,1,26,0
06-08 00:20:49,25.746,3.749,68.240,0.250,0,6247588,186968,114336,1437616,10017.476,1693.742,143.978,775.882,8.999,100.985,4438,5603,2.310,2.190,1.590,3,0,1.000,0,0,35,284,1,26,0
06-08 00:20:50,23.960,5.990,68.137,0.499,0,6234592,199964,114356,1437596,11721.565,1571.395,0,4508.525,0,483.199,3323,2884,2.200,2.170,1.590,1,0,45.924,0,0,35,284,1,27,0
06-08 00:20:51,24.038,3.005,70.863,0.250,0,6274576,159896,114412,1437624,10093.036,1622.578,0,993.579,0,56.089,2891,3216,2.200,2.170,1.590,3,0,0,0,0,35,284,1,27,0
06-08 00:20:52,28.457,4.992,66.400,0.250,0,6263596,188152,108668,1426964,11645.429,1691.448,11.982,215.675,2.995,10.983,3661,3787,2.200,2.170,1.590,2,0,0,0,0,35,284,1,27,0
06-08 00:20:53,22.744,5.499,69.482,0.250,0,6231748,219908,108688,1427036,10347.331,1619.582,31.992,211.945,2.999,21.994,3188,3038,2.200,2.170,1.590,1,0,33.991,0,0,35,284,1,27,0
06-08 00:20:54,25.517,3.502,69.046,0.250,0,6266444,185172,108712,1427052,11669.825,1621.087,16.011,272.182,1.001,32.021,3495,3840,2.200,2.170,1.590,1,0,0,0,0,35,284,1,27,0
06-08 00:20:55,26.162,2.741,69.268,0.498,0,6266160,185172,108812,1427236,9534.100,1614.598,143.520,693.679,6.977,88.703,4312,5374,2.100,2.150,1.590,3,0,0.997,0,0,35,284,1,27,0
06-08 00:20:56,24.359,9.040,65.041,0,0,6238036,213152,108832,1427368,41977.661,615966.682,4.018,269.203,1.004,22.099,4014,3467,2.100,2.150,1.590,2,0,92.413,0,0,35,285,1,27,0
06-08 00:20:57,30.507,10.752,58.013,0,0,6230148,220980,108872,1427388,97282.561,3176380.628,0,1020.237,0,57.013,6359,5299,2.100,2.150,1.590,2,0,106.025,0,0,35,285,1,27,0
06-08 00:20:58,30.224,12.489,55.702,0,0,6151976,299140,108872,1427396,27496.466,17639.902,0,0,0,0,5754,6081,2.100,2.150,1.590,2,0,187.839,0,0,35,285,1,27,0
06-08 00:20:59,24.726,4.745,68.435,0.500,0,6204160,246900,108904,1427416,21597.345,5023.196,31.969,243.767,1.998,25.975,3156,2956,2.100,2.150,1.590,2,0,3.996,0,0,35,284,1,27,0
06-08 00:21:00,26.236,2.998,69.962,0,0,6224528,226512,108908,1427432,19537.355,1619.118,0,143.922,0,9.995,3215,3079,2.020,2.130,1.580,1,0,0,0,0,35,286,1,27,0
06-08 00:21:01,24.282,5.758,67.588,0.250,0,6163112,287532,109052,1427684,10407.595,1622.119,212.277,785.025,9.012,94.123,4941,5977,2.020,2.130,1.580,1,0,40.052,0,0,35,284,1,27,0
06-08 00:21:02,23.720,3.995,70.910,0.499,0,6209468,241164,109064,1427684,20298.300,1617.951,0,223.717,0,13.982,2578,2309,2.020,2.130,1.580,2,0,0,0,0,35,284,1,27,0
06-08 00:21:03,24.801,3.257,70.396,0,0,6228300,222276,109096,1427708,9116.854,1623.357,0,1050.172,0,61.126,3260,3425,2.020,2.130,1.580,1,0,0,0,0,35,286,1,27,0
06-08 00:21:04,23.987,5.997,68.962,0.250,0,6205436,244960,109116,1427868,11904.494,1693.075,15.991,215.882,0.999,19.989,3961,4250,2.020,2.130,1.580,1,0,33.981,0,0,35,284,1,25,0
06-08 00:21:05,25.230,2.498,70.445,0,0,6217268,233116,109124,1427872,9932.300,1618.745,0,151.882,0,9.992,2498,2208,1.930,2.110,1.580,1,0,0,0,0,35,284,1,25,0
06-08 00:21:06,25.541,3.506,69.360,0,0,6229092,221272,109140,1427876,11357.084,1622.584,0,140.223,0,15.024,3865,4448,1.930,2.110,1.580,1,0,0,0,0,35,286,1,25,0
06-08 00:21:07,27.495,7.499,62.987,0.500,0.250,6203040,246980,109256,1428104,10890.837,1619.678,195.961,691.863,11.998,89.982,4455,4919,1.930,2.110,1.580,2,0,39.992,0,0,35,284,1,25,0
06-08 00:21:08,25.456,2.995,70.129,0.250,0,6229996,220016,109268,1428100,10823.349,1455.492,15.972,215.628,0.998,21.962,2744,2498,1.930,2.110,1.580,2,0,0,0,0,35,284,1,13,0
06-08 00:21:09,30.504,9.251,58.508,0.250,0,6235788,214104,109284,1428216,120353.401,3785209.266,16.002,252.036,1.000,22.003,7088,6277,1.930,2.110,1.580,2,0,78.011,0,0,35,286,1,14,0
06-08 00:21:10,29.225,12.989,56.202,0,0,6194680,255204,109292,1428200,29813.655,19282.607,0,151.871,0,9.992,5183,4883,2.020,2.130,1.590,2,0,168.856,0,0,35,285,1,14,0
06-08 00:21:11,29.034,8.510,60.570,0,0,6232896,216940,109328,1428216,19326.351,12591.562,28.032,376.435,4.005,27.031,4397,4418,2.020,2.130,1.590,1,0,103.119,0,0,35,285,1,15,0
06-08 00:21:12,25.513,3.502,69.536,0.250,0,6234832,214924,109356,1428268,16049.286,1620.837,16.008,240.124,1.001,22.011,4110,4693,2.020,2.130,1.590,1,0,0,0,0,35,285,1,15,0
06-08 00:21:13,23.764,5.503,69.292,0.250,0,6241884,207676,109456,1428364,11053.703,1620.983,80.049,624.379,5.003,68.041,3636,3812,2.020,2.130,1.590,1,0,40.024,0,0,35,284,1,15,0
06-08 00:21:14,25.127,3.732,69.161,0.498,0,6277036,172484,109492,1428368,15821.521,1612.105,0,330.382,0,26.868,3171,3077,2.020,2.130,1.590,0,0,0,0,0,35,285,1,15,0
06-08 00:21:15,25.617,3.265,69.820,0,0,6272900,176468,109504,1428508,25425.609,1627.464,0,221.014,0,14.065,3788,3961,2.020,2.130,1.590,3,0,0,0,0,35,284,1,16,0
06-08 00:21:16,29.733,8.745,60.465,0,0,6244860,204500,109504,1428516,22901.885,1457.166,0,3833.805,0,488.720,4313,8628,2.020,2.130,1.590,2,0,69.960,0,0,35,284,1,15,0
06-08 00:21:17,24.962,4.244,68.896,0.499,0,6258948,190164,109676,1428592,14233.559,1617.563,63.904,3993.984,3.994,214.677,3739,4320,2.020,2.130,1.590,3,1,0,0,0,35,284,1,15,0
06-08 00:21:18,24.443,3.991,68.091,0.499,0,6256920,191904,109824,1428732,18341.088,1616.219,111.739,2286.650,5.986,217.491,4517,5722,2.020,2.130,1.590,1,0,0,0,0,35,284,1,15,0
06-08 00:21:19,23.789,6.260,69.113,0,0.250,6215780,233032,109832,1428736,9827.014,1622.644,0,172.281,0,9.015,3083,2777,2.020,2.130,1.590,2,0,41.067,0,0,35,284,1,15,0
06-08 00:21:20,25.826,3.260,68.702,0.251,0.251,6251652,197116,109868,1428744,32720.039,1793.264,0,589.731,0,35.103,3313,3149,1.940,2.110,1.590,2,0,0,0,0,35,284,1,14,0
06-08 00:21:21,27.557,5.462,64.547,0.497,0,6251676,196916,109904,1428892,45415.288,889012.151,0,293.937,0,33.763,5107,5014,1.940,2.110,1.590,4,0,51.638,0,0,35,285,1,15,0
06-08 00:21:22,32.728,14.098,51.610,0.252,0,6228476,218192,109924,1430800,92348.473,2926233.322,1268.855,370.586,34.239,31.218,6608,5576,1.940,2.110,1.590,1,0,144.005,0,0,35,284,1,15,0
06-08 00:21:23,33.260,11.003,54.517,0,0,6258320,188164,109948,1430932,38128.642,18882.766,0,208.064,0,22.007,5664,6081,1.940,2.110,1.590,1,0,156.048,0,0,35,285,1,15,0
06-08 00:21:24,32.972,6.744,57.452,0.749,0,6261596,185340,110092,1430336,14945.487,4182.498,95.920,1147.040,3.997,141.881,5916,7398,1.940,2.110,1.590,2,0,8.992,0,0,35,284,1,15,0
06-08 00:21:25,38.250,12.500,48.000,0,0,6246156,200636,110096,1430476,11800.028,1458.003,1024.002,232.001,8.000,16.000,4375,3160,1.940,2.110,1.590,1,0,45.000,0,0,35,284,1,14,0
06-08 00:21:26,25.028,3.254,70.578,0.250,0,6274400,172316,110148,1430500,29022.070,1621.792,0,1017.124,0,59.065,3276,3280,1.940,2.110,1.590,1,0,0,0,0,35,284,1,14,0
06-08 00:21:27,25.215,3.495,69.903,0,0.250,6269556,177148,110148,1430512,18291.688,1617.761,0,0,0,0,3719,3954,1.940,2.110,1.590,1,0,1.997,0,0,35,284,1,14,0
06-08 00:21:28,20.760,9.505,68.285,0,0,6285404,161188,110192,1430580,13504.828,1620.820,48.024,232.117,2.001,27.014,3813,3466,1.940,2.110,1.590,1,0,92.047,0,0,35,284,1,14,0
06-08 00:21:29,24.751,4.250,69.503,0.500,0,6239272,221864,109928,1416672,12144.600,1620.080,0,156.008,0,11.001,3213,3115,1.940,2.110,1.590,3,0,1.000,0,0,35,284,1,14,0
06-08 00:21:30,26.006,3.501,69.767,0,0,6171376,289676,109936,1416748,11395.741,1620.390,64.015,148.036,4.001,10.002,3544,3790,1.950,2.100,1.590,2,0,3.001,0,0,35,284,1,18,0
06-08 00:21:31,3.738,4.485,88.961,0,0,6173564,287468,109948,1416756,24095.662,2244.702,0,171.443,0,8.971,2448,2758,1.950,2.100,1.590,2,0,65.786,0,0,35,285,1,18,0
06-08 00:21:32,4.764,0.752,93.014,0,0,6173536,287468,109972,1416760,24788.448,3149.952,0,184.524,0,17.048,1732,2229,1.950,2.100,1.590,1,0,0,0,0,35,286,1,18,0
06-08 00:21:33,2.997,0.999,94.415,0,0,6173536,287468,109972,1416760,25402.235,3338.009,0,0,0,0,1581,2000,1.950,2.100,1.590,3,0,0,0,0,35,286,1,16,0
06-08 00:21:34,9.265,6.511,80.882,0,0,6162916,297912,110012,1416908,283519.394,3819093.530,0,408.669,0,34.056,5694,4362,1.950,2.100,1.590,2,0,72.118,0,0,35,286,1,16,0
06-08 00:21:35,9.447,9.944,77.067,0,0.497,6153788,306488,110016,1417464,551762.325,29493.313,0,35.799,0,4.972,5232,4703,1.870,2.090,1.590,2,0,139.218,0,0,35,286,1,16,0
06-08 00:21:36,7.532,7.030,82.355,0,0,6149556,309808,110016,1418372,927051.027,32896.801,0,0,0,0,4722,4251,1.870,2.090,1.590,0,0,103.446,0,0,35,285,1,16,0
06-08 00:21:37,7.491,2.747,87.150,0.250,0,6183920,274528,110028,1419276,1163060.185,27588.338,3.995,3611.855,0.999,540.380,3557,2879,1.870,2.090,1.590,0,0,0.999,0,0,35,285,1,14,0
06-08 00:21:38,4.007,2.755,90.161,0.751,0,6183632,273016,110076,1421028,1737936.113,36411.054,32.057,661.181,2.004,54.097,3896,3700,1.870,2.090,1.590,0,0,0,0,0,35,285,1,14,0
06-08 00:21:39,4.495,1.498,91.645,0.250,0,6183928,270496,110116,1423212,2373819.731,49868.685,0,323.628,0,23.972,4374,4480,1.870,2.090,1.590,0,0,0.999,0,0,35,285,1,14,0
06-08 00:21:40,4.250,1.750,91.491,0,0,6176364,275360,110128,1425900,2811571.839,57286.251,0,55.994,0,5.999,4782,4254,1.720,2.050,1.580,1,0,0,0,0,35,285,1,14,0
06-08 00:21:41,4.734,1.744,89.948,0,0,6173544,275436,110132,1428644,2964644.746,60534.664,0,183.384,0,12.956,4813,4566,1.720,2.050,1.580,1,0,0,0,0,35,285,1,14,0
06-08 00:21:42,5.269,2.509,89.569,0.251,0,6168656,276932,110156,1432012,3752851.852,78650.535,0,4648.581,0,81.290,7227,5666,1.720,2.050,1.580,1,0,0,0,0,35,285,1,14,0
06-08 00:21:43,5.496,1.999,89.188,0,0,6167676,273780,110160,1436140,4305943.447,85668.044,0,31.978,0,3.997,6159,5579,1.720,2.050,1.580,0,0,0,0,0,35,285,1,14,0
06-08 00:21:44,6.013,2.255,88.437,0.251,0,6164904,272116,110196,1440540,4751120.508,94080.920,0,200.424,0,20.042,7175,6333,1.720,2.050,1.580,2,0,0,0,0,35,285,1,14,0
06-08 00:21:45,3.725,1.986,90.383,0.248,0,6163880,269380,110204,1444292,4015413.140,88378.669,0,127.132,0,8.939,7684,6131,1.580,2.020,1.570,1,0,0,0,0,35,285,1,14,0
06-08 00:21:46,8.543,3.769,84.425,0.754,0,6170120,257524,110220,1449904,6027520.955,132660.779,60.304,32.162,10.051,4.020,9614,8340,1.580,2.020,1.570,1,0,19.096,0,0,35,286,1,14,0
06-08 00:21:47,8.770,3.257,65.651,18.543,0,6178988,241272,110268,1457240,6399461.784,138043.219,1282.948,32422.506,87.200,60.138,11534,9244,1.580,2.020,1.570,1,1,0,0,0,35,286,1,14,0
06-08 00:21:48,14.954,5.982,67.292,7.228,0,6195372,216432,110376,1465584,6691666.430,2441810.688,2352.730,665.942,158.510,47.852,12723,10469,1.580,2.020,1.570,0,0,41.871,0,0,35,286,1,14,0
06-08 00:21:49,12.265,8.761,76.094,0,0,6171548,233816,110392,1471992,7157488.119,1654958.497,0,140.174,0,12.015,12794,10873,1.580,2.020,1.570,1,0,109.135,0,0,35,286,1,14,0
06-08 00:21:50,13.007,11.757,72.541,0.250,0,6164644,233608,110396,1479108,7450186.442,173949.910,0,88.050,0,8.005,13961,11957,1.620,2.020,1.570,0,0,162.091,0,0,35,285,1,15,0
06-08 00:21:51,5.243,2.247,88.124,0,0,6165212,225572,110396,1486576,8070154.443,171703.374,0,0,0,0,11427,10373,1.620,2.020,1.570,4,0,0,0,0,35,285,1,15,0
06-08 00:21:52,8.512,3.505,83.622,0,0,6184964,197596,110416,1494780,8779500.744,187825.031,4.006,172.252,1.001,15.022,15176,11789,1.620,2.020,1.570,1,0,0,0,0,35,285,1,15,0
06-08 00:21:53,6.251,2.750,86.260,0.250,0,6179196,195324,110452,1502784,8590909.614,177929.263,16.002,328.039,1.000,31.004,12499,10713,1.620,2.020,1.570,2,0,0,0,0,35,285,1,13,0
06-08 00:21:54,7.754,4.002,83.796,0.250,0,6172292,194248,110544,1510672,8641940.650,188477.021,92.050,588.322,5.003,67.037,12102,12688,1.620,2.020,1.570,1,0,1.001,0,0,35,285,1,13,0
06-08 00:21:55,6.500,2.250,87.003,0,0,6167412,191476,110572,1518296,8024040.448,168387.550,0,232.008,0,21.001,12281,10613,1.490,1.980,1.570,1,0,0,0,0,35,285,1,13,0
06-08 00:21:56,5.742,2.746,87.630,0,0.250,6159964,190984,110584,1526224,8564908.101,178491.717,0,155.787,0,7.989,10367,10903,1.490,1.980,1.570,1,0,0,0,0,35,285,1,13,0
06-08 00:21:57,5.761,2.505,86.916,0.250,0,6154728,187960,110612,1534456,8728815.129,188549.613,0,384.734,0,24.046,14523,11848,1.490,1.980,1.570,0,0,0,0,0,35,285,1,13,0
06-08 00:21:58,5.733,2.243,86.744,0,0,6153980,180648,110612,1542516,8641940.521,183832.763,0,1974.166,0,353.954,11437,11073,1.490,1.980,1.570,0,0,0,0,0,35,285,1,13,0
06-08 00:21:59,7.267,3.007,87.209,0,0,6153072,174088,110612,1549984,8172308.811,177948.603,0,4.010,0,1.002,11858,10135,1.490,1.980,1.570,0,0,1.002,0,0,35,285,1,13,0
06-08 00:22:00,5.251,3.251,87.769,0,0,6155032,164768,110612,1557344,8035902.694,170344.493,0,8.002,0,2.000,10584,9912,1.370,1.950,1.560,1,0,2.000,0,0,35,286,1,14,0
06-08 00:22:01,11.737,8.241,75.169,0,0,6161964,149704,110612,1565484,8626643.750,3973699.186,0,3.996,0,0.999,16791,12709,1.370,1.950,1.560,2,0,101.890,0,0,35,286,1,13,0
06-08 00:22:02,12.759,9.006,74.550,0,0,6165632,138176,110612,1573348,8736895.171,202180.842,0,4218.835,0,34.023,14549,13497,1.370,1.950,1.560,1,0,119.080,0,0,35,286,1,13,0
06-08 00:22:03,8.988,7.739,78.892,0,0.250,6147204,166680,110276,1563916,8658715.027,191591.481,0,103.858,0,5.992,13046,12186,1.370,1.950,1.560,1,0,91.875,0,0,35,285,1,13,0
06-08 00:22:04,6.253,2.251,86.794,0.250,0,6147484,159148,110316,1571128,7628073.839,168580.363,16.008,384.197,1.001,35.018,10742,10105,1.370,1.950,1.560,2,0,0,0,0,35,285,1,13,0
06-08 00:22:05,5.746,3.248,85.944,0.500,0,6147324,151332,110392,1579028,8519166.941,177416.313,0,1167.239,0,69.954,11348,10916,1.260,1.920,1.550,0,1,0,0,0,35,285,1,13,0
06-08 00:22:06,5.500,3.500,86.498,0,0.250,6145728,161780,110440,1570328,8989215.003,195937.423,0,1671.961,0,98.998,12797,12249,1.260,1.920,1.550,2,0,0,0,0,35,285,1,13,0
06-08 00:22:07,5.746,2.998,87.688,0,0,6151032,149292,110452,1577500,7686942.113,162879.666,0,16468.440,0,38.973,9967,9773,1.260,1.920,1.550,2,0,0,0,0,35,285,1,13,0
06-08 00:22:08,6.262,2.755,86.172,0.501,0,6146384,146016,110484,1585392,8645911.244,182253.567,0,404.808,0,27.054,11945,11504,1.260,1.920,1.550,1,0,0,0,0,35,285,1,13,0
06-08 00:22:09,5.750,3.750,86.750,0,0,6153408,148780,110504,1575756,7411289.474,159767.083,48.000,1555.991,1.000,283.998,11981,10421,1.260,1.920,1.550,0,0,1.000,0,0,35,285,1,13,0
06-08 00:22:10,5.502,4.501,86.527,0,0,6146176,148588,110508,1583184,7978261.262,168436.025,0,151682.851,0,180.056,11865,10221,1.160,1.880,1.540,1,0,0,0,0,35,285,1,12,0
06-08 00:22:11,5.246,2.248,87.183,0,0,6146680,156696,110520,1574724,8290167.643,176448.009,0,243.812,0,12.990,13044,11043,1.160,1.880,1.540,1,0,0,0,0,35,285,1,12,0
06-08 00:22:12,5.251,3.251,87.025,0,0,6147476,163860,110468,1566988,8738981.887,189433.604,0,76.022,0,5.001,13111,11905,1.160,1.880,1.540,0,0,0,0,0,35,285,1,12,0
06-08 00:22:13,8.260,6.258,81.600,0,0,6153904,165748,110468,1558712,8584293.505,1946058.103,4.005,0,1.001,0,12309,11895,1.160,1.880,1.540,0,0,52.064,0,0,35,286,1,12,0
06-08 00:22:14,12.240,8.993,75.438,0.250,0,6149468,163364,110500,1565632,7508805.435,2205130.191,11.990,311.742,0.999,23.980,13423,11476,1.160,1.880,1.540,0,0,106.911,0,0,35,286,1,11,0
06-08 00:22:15,14.253,10.752,73.514,0,0,6146024,158668,110500,1573780,8732329.340,202445.072,0,32.006,0,4.001,14425,13570,1.060,1.850,1.530,5,0,156.030,0,0,35,285,1,11,0
06-08 00:22:16,13.248,6.499,76.487,0,0,6159424,199368,109724,1521748,8524863.446,181630.583,0,0,0,0,13423,16920,1.060,1.850,1.530,0,0,36.994,0,0,35,285,1,12,0
06-08 00:22:17,5.501,3.500,85.512,0,0,6157524,193408,109748,1529764,8470644.967,176806.734,0,1560.218,0,291.041,11839,10293,1.060,1.850,1.530,0,0,2.000,0,0,35,285,1,12,0
06-08 00:22:18,5.992,2.746,86.388,0,0,6156736,186100,109752,1537856,8619593.276,180895.355,0,51.933,0,5.992,10908,10755,1.060,1.850,1.530,0,0,0,0,0,35,285,1,10,0
06-08 00:22:19,5.758,3.004,87.876,0,0,6152496,182316,109760,1545872,8650369.828,184608.455,0,68.098,0,6.009,13721,11310,1.060,1.850,1.530,1,0,1.001,0,0,35,285,1,10,0
06-08 00:22:20,6.495,2.498,86.430,0,0,6151624,175800,109760,1553260,7922105.959,175224.463,0,11.990,0,2.998,11980,10825,0.980,1.820,1.520,1,0,0,0,0,35,285,1,11,0
06-08 00:22:21,6.000,2.500,86.997,0,0,6151192,167736,109760,1561756,9091730.549,193368.376,0,0,0,0,12354,11766,0.980,1.820,1.520,1,0,0,0,0,35,285,1,11,0
06-08 00:22:22,9.511,5.006,81.842,0.250,0,6176224,203204,109768,1501248,8372519.448,175142.688,3007.377,120.135,36.040,9.010,13445,11167,0.980,1.820,1.520,1,0,5.006,0,0,35,285,1,9,0
06-08 00:22:23,7.250,4.250,83.496,0.500,0,6184740,176660,109808,1519252,8850189.055,190177.988,9179.517,359.981,80.996,28.998,14695,12273,0.980,1.820,1.520,1,0,0,0,0,35,285,1,9,0
06-08 00:22:24,13.988,5.745,75.683,0.250,0,6190448,175436,109868,1514708,8074243.065,171063.545,2006.212,475.576,28.974,44.960,14817,12593,0.980,1.820,1.520,1,0,5.995,0,0,35,285,1,9,0
06-08 00:22:25,22.488,8.995,65.714,0,0,6193716,178016,109872,1508904,8699022.239,186321.346,1023.436,127.930,7.996,7.996,14065,11994,1.060,1.830,1.530,0,0,11.993,0,0,35,285,1,9,0
06-08 00:22:26,11.509,9.758,74.808,0,0,6180324,183832,109892,1516596,8260598.600,3976154.796,4.003,296.228,1.001,20.015,15096,12152,1.060,1.830,1.530,2,0,104.080,0,0,35,285,1,9,1
06-08 00:22:27,13.477,10.482,72.377,0,0,6158792,197448,109892,1524516,8583788.499,198469.139,3.993,31.946,0.998,3.993,14583,12561,1.060,1.830,1.530,3,0,142.757,0,0,35,286,1,9,0
06-08 00:22:28,7.496,6.247,81.455,0,0,6152040,196452,109892,1532252,8356985.551,186252.113,0,0,0,0,14052,11895,1.060,1.830,1.530,0,0,70.961,0,0,35,285,1,9,0
06-08 00:22:29,6.503,3.752,86.789,0,0,6151724,188884,109892,1540136,8415352.916,177299.638,0,16551.434,0,50.022,10792,10300,1.060,1.830,1.530,0,0,1.000,0,0,35,285,1,9,0
06-08 00:22:30,5.759,2.504,86.886,0.250,0,6151556,180832,109896,1548352,8844533.656,193839.160,0,2027.170,0,348.545,13720,11487,0.970,1.790,1.520,1,0,0,0,0,35,285,1,7,0
06-08 00:22:31,5.752,4.752,85.027,0.500,0,6152384,172012,109908,1556332,8664051.223,191111.282,0,151708.647,0,193.062,12313,10967,0.970,1.790,1.520,0,0,0,0,0,35,285,1,7,0
06-08 00:22:32,5.985,2.245,86.788,0,0,6152616,163696,109908,1564416,8540790.612,186429.957,0,0,0,0,12136,11156,0.970,1.790,1.520,1,0,0,0,0,35,285,1,7,0
06-08 00:22:33,6.015,2.757,87.220,0,0,6152564,156388,109912,1571772,7906718.357,175383.977,0,192.485,0,8.020,10262,10256,0.970,1.790,1.520,0,0,0,0,0,35,285,1,7,0
06-08 00:22:34,7.254,3.252,85.046,0,0,6151548,178764,109952,1550372,8338508.389,174363.981,16.009,484.261,1.001,42.023,11831,10929,0.970,1.790,1.520,1,0,0,0,0,35,285,1,5,0
06-08 00:22:35,5.985,2.245,86.790,0,0,6151848,170196,109960,1558632,8833034.734,187471.357,0,35.913,0,4.988,11401,11278,0.900,1.760,1.510,0,0,0,0,0,35,285,1,5,0
06-08 00:22:36,5.009,2.755,87.415,0,0,6152004,162640,109960,1566032,8219864.997,173682.269,0,0,0,0,11179,10611,0.900,1.760,1.510,0,0,0,0,0,35,285,1,5,0
06-08 00:22:37,5.994,2.997,87.164,0,0.250,6151780,169572,109960,1559456,8116067.149,169265.429,0,0,0,0,12581,9997,0.900,1.760,1.510,1,0,0,0,0,35,285,1,5,0
06-08 00:22:38,8.730,6.734,80.563,0,0,6163520,179412,109984,1539004,8642674.790,2620536.378,23.944,295.314,2.993,23.944,13812,12846,0.900,1.760,1.510,1,0,51.879,0,0,35,286,1,5,0
06-08 00:22:39,12.772,8.014,75.882,0.250,0,6150868,183592,109996,1547456,9003497.296,1561579.513,16.028,116.202,1.002,13.023,15081,13771,0.900,1.760,1.510,0,0,108.188,0,0,35,286,1,5,0
06-08 00:22:40,11.741,11.241,73.691,0,0,6149824,176800,109996,1555292,8437256.354,195165.478,0,1430.852,0,271.782,15211,13307,0.820,1.730,1.500,0,0,155.875,0,0,35,285,1,5,0
06-08 00:22:41,5.515,3.008,87.739,0.251,0,6150316,168244,110004,1563348,8663348.822,187125.987,0,232.634,0,14.038,13169,11320,0.820,1.730,1.500,0,0,0,0,0,35,285,1,5,0
06-08 00:22:42,5.252,2.751,87.782,0.250,0,6151216,159468,110008,1571220,8587733.838,188242.979,0,40.015,0,4.001,12274,11631,0.820,1.730,1.500,1,0,0,0,0,35,285,1,5,0
06-08 00:22:43,4.249,2.999,87.476,0,0,6151616,165488,110008,1565044,8647754.365,189055.146,0,0,0,0,13943,11441,0.820,1.730,1.500,0,0,0,0,0,35,285,1,5,0
06-08 00:22:44,6.985,2.994,86.815,0,0,6150356,173600,110040,1558544,8369472.635,178110.722,15.966,279.405,0.998,23.949,11786,11150,0.820,1.730,1.500,0,0,0,0,0,35,285,1,5,0
06-08 00:22:45,6.504,2.752,87.306,0,0,6148164,168512,110048,1565984,8031569.294,168132.297,0,68.044,0,4.003,12673,10068,0.760,1.710,1.490,1,0,2.001,0,0,35,285,0,5,0
06-08 00:22:46,6.002,3.001,87.778,0,0,6148572,160728,110048,1573360,8045412.993,170259.191,0,0,0,0,11766,10431,0.760,1.710,1.490,0,0,0,0,0,35,285,0,5,0
06-08 00:22:47,4.999,2.000,89.233,0,0,6148576,169628,110048,1565036,7028521.078,148861.219,0,3.999,0,1.000,9465,9468,0.760,1.710,1.490,1,0,0,0,0,35,285,0,5,0
06-08 00:22:48,5.252,2.501,88.276,0,0,6148344,162824,110064,1572056,7413227.499,161828.836,0,60.017,0,6.002,9159,9468,0.760,1.710,1.490,1,0,0,0,0,35,285,0,5,0
06-08 00:22:49,5.003,2.751,88.545,0,0,6145784,173292,110072,1564516,7569748.824,163778.451,0,52.026,0,6.003,11699,9981,0.760,1.710,1.490,1,0,1.001,0,0,35,285,0,5,0
06-08 00:22:50,7.988,3.994,84.124,0,0,6148928,162224,110088,1572424,8521657.968,182218.025,7.988,127.809,1.997,12.981,12768,11127,0.700,1.680,1.480,2,0,7.988,0,0,35,286,0,6,0
06-08 00:22:51,11.756,5.003,65.036,14.758,0,6164132,167040,110128,1552712,8718433.964,191113.613,1112.615,8340.609,79.044,42.023,13683,11921,0.700,1.680,1.480,1,1,17.009,0,0,35,286,0,5,0
06-08 00:22:52,9.505,6.253,58.280,21.761,0,6191084,186904,110172,1507012,8406647.491,177952.091,740.383,150525.898,53.027,177.092,12631,11034,0.700,1.680,1.480,1,1,0,0,0,35,286,0,5,0
06-08 00:22:53,14.242,3.998,61.965,15.741,0,6189476,177996,110224,1517476,8863212.686,192927.786,2050.828,467.733,130.925,33.981,14688,12280,0.700,1.680,1.480,0,1,1.999,0,0,35,286,0,5,0
06-08 00:22:54,11.769,8.514,74.619,0.250,0,6183360,190188,110268,1511488,8418209.063,3985550.170,48.077,348.556,3.005,32.051,15141,13188,0.700,1.680,1.480,2,0,94.150,0,0,35,286,0,5,0
06-08 00:22:55,13.489,11.241,71.440,0,0,6160096,205148,110268,1519800,8808849.751,210531.154,3.997,15.986,0.999,0.999,16273,13983,0.880,1.700,1.490,0,0,158.866,0,0,35,286,0,5,0
06-08 00:22:56,7.007,5.005,83.586,0,0,6150072,207428,110276,1527528,8360848.295,184631.699,0,2126.185,0,331.340,11886,11496,0.880,1.700,1.490,1,0,50.051,0,0,35,285,0,5,0
06-08 00:22:57,5.997,2.749,86.706,0,0,6149364,200372,110280,1535288,8431846.305,184035.979,0,31.984,0,3.998,10908,11151,0.880,1.700,1.490,0,0,0,0,0,35,285,0,5,0
06-08 00:22:58,5.991,2.746,86.864,0,0,6148212,193568,110280,1543244,8375275.595,185288.729,0,0,0,0,12106,10807,0.880,1.700,1.490,2,0,0,0,0,35,285,0,5,0
06-08 00:22:59,5.735,3.241,87.269,0,0,6148612,184996,110280,1551416,8938131.437,195810.980,0,23.937,0,2.992,11478,12067,0.880,1.700,1.490,0,0,0.997,0,0,35,285,0,5,0
06-08 00:23:00,6.015,3.258,86.471,0,0,6148600,176684,110280,1559740,8793955.107,192805.221,0,4.010,0,1.003,10814,11380,0.890,1.690,1.490,1,0,0,0,0,35,285,0,6,0
06-08 00:23:01,6.255,3.003,87.326,0,0,6148840,169624,110280,1566560,7349277.226,155277.944,0,0,0,0,9276,8825,0.890,1.690,1.490,1,0,0,0,0,35,285,0,6,0
06-08 00:23:02,5.006,3.754,87.601,0.501,0,6149056,162820,110288,1573140,7268771.542,157925.907,0,82446.967,0,109.126,13289,10545,0.890,1.690,1.490,0,0,0,0,0,35,285,0,6,0
06-08 00:23:03,5.747,2.998,87.200,0.250,0,6149808,170380,110220,1564896,8684438.005,183307.581,0,51.970,0,5.997,10972,11348,0.890,1.690,1.490,0,0,0,0,0,35,285,0,5,0
06-08 00:23:04,9.003,3.251,82.775,1.250,0,6150976,160496,110256,1573616,8811776.223,188539.711,704.216,376.115,49.015,32.010,13910,12506,0.890,1.690,1.490,1,0,0,0,0,35,285,0,5,0
06-08 00:23:05,11.980,3.744,80.118,0.250,0,6152124,166540,110296,1566396,8501321.898,176411.835,127.790,323.468,13.977,40.933,12658,12405,0.820,1.660,1.480,3,0,0,0,0,35,285,0,5,0
06-08 00:23:06,8.264,6.010,81.388,0,0.250,6155632,184724,110280,1544720,8402492.237,3978544.753,0,785.327,0,134.227,12735,11912,0.820,1.660,1.480,1,0,53.090,0,0,35,286,0,5,0
06-08 00:23:07,12.742,9.994,73.706,0.250,0,6156020,175892,110304,1553164,8795760.700,202573.966,0,407.756,0,20.987,16296,13194,0.820,1.660,1.480,5,0,154.907,0,0,35,286,0,5,0
06-08 00:23:08,11.733,10.235,74.644,0,0,6151872,171960,110340,1561200,8674426.983,200433.792,47.932,279.604,0.999,23.966,15349,13519,0.820,1.660,1.480,1,0,106.848,0,0,35,285,0,5,0
06-08 00:23:09,6.509,3.505,85.622,0,0,6152416,177732,110356,1554872,8646474.506,192675.432,16.023,100.142,1.001,13.018,11108,11503,0.820,1.660,1.480,2,0,1.001,0,0,35,285,0,5,0
06-08 00:23:10,4.996,2.748,87.677,0,0,6151588,170704,110356,1562728,8434087.204,185458.630,0,3.997,0,0.999,11068,11038,0.910,1.660,1.480,1,0,0,0,0,35,285,0,5,0
06-08 00:23:11,6.755,4.003,85.813,0.751,0,6151744,176708,110388,1556536,8672283.577,190147.505,12.009,584.429,3.002,43.032,11606,11683,0.910,1.660,1.480,1,0,0,0,0,35,285,0,5,0
06-08 00:23:12,5.502,2.751,86.777,0,0,6151756,168644,110420,1564556,8410089.168,178424.825,0,360.111,0,22.007,10569,10697,0.910,1.660,1.480,2,0,0,0,0,35,285,0,5,0
06-08 00:23:13,5.995,3.497,86.926,0.250,0,6151236,175216,110484,1558440,8665225.929,190121.111,0,1354.839,0,79.932,10762,11872,0.910,1.660,1.480,1,0,0,0,0,35,285,0,5,0
06-08 00:23:14,6.761,3.005,87.147,0,0,6152160,166932,110504,1565876,8152413.942,181511.203,16.027,320.539,1.002,30.051,12193,11193,0.910,1.660,1.480,0,0,0,0,0,35,285,0,5,0
06-08 00:23:15,5.727,3.237,86.651,0,0,6151816,173800,110512,1559716,8640196.734,187405.855,0,75.695,0,9.960,11304,11502,0.840,1.640,1.480,1,0,0,0,0,35,285,0,5,0
06-08 00:23:16,12.776,6.012,77.405,0,0,6167708,193120,110512,1525872,8826654.210,191624.596,0,1543.081,0,292.584,13037,20966,0.840,1.640,1.480,0,0,36.072,0,0,35,285,0,6,0
06-08 00:23:17,6.505,3.753,87.320,0,0,6165364,187736,110512,1533676,8453724.114,178178.039,0,4.003,0,1.001,10237,10358,0.840,1.640,1.480,1,0,0,0,0,35,285,0,6,0
06-08 00:23:18,6.746,3.498,84.695,0.250,0,6167196,178404,110524,1541164,8128253.893,173966.869,0,16629.282,0,59.961,10153,10457,0.840,1.640,1.480,1,0,1.999,0,0,35,286,0,6,0
06-08 00:23:19,12.002,9.502,75.263,0,0.250,6159376,192396,110540,1535488,8920142.745,3988907.251,0,56.010,0,6.001,13733,12933,0.840,1.640,1.480,2,0,105.018,0,0,35,286,0,5,0
06-08 00:23:20,13.760,11.508,72.051,0,0,6158564,185664,110540,1543032,7893137.585,187347.173,4.003,12.008,1.001,3.002,14405,12200,0.930,1.640,1.480,0,0,159.112,0,0,35,286,0,6,0
06-08 00:23:21,8.997,5.498,81.970,0,0,6152328,183312,110556,1551604,9224642.757,203497.497,0,155.943,0,10.996,14033,12787,0.930,1.640,1.480,1,0,49.982,0,0,35,285,0,6,0
06-08 00:23:22,8.254,5.002,83.292,0,0,6185460,185248,110584,1517428,7873873.803,167825.633,80.040,360.179,3.001,26.013,11753,11106,0.930,1.640,1.480,3,0,3.001,0,0,35,285,0,6,0
06-08 00:23:23,7.988,4.743,82.626,0.499,0,6184824,178992,110608,1524456,7583593.503,154494.989,19.970,146209.378,1.997,210.685,11718,10326,0.930,1.640,1.480,2,0,0.999,0,0,35,285,0,5,0
06-08 00:23:24,11.755,4.002,80.281,0.250,0,6177896,181072,110672,1529240,5045567.594,101501.502,32.012,512.199,2.001,47.018,9764,8849,0.930,1.640,1.480,1,0,6.002,0,0,35,285,0,6,0
06-08 00:23:25,24.537,10.265,62.594,0.250,0,6205300,202248,110688,1482148,7011160.803,147347.127,769.154,180.271,6.009,10.015,13473,10080,0.940,1.630,1.480,3,0,11.017,0,0,35,285,0,6,0
06-08 00:23:26,6.242,3.745,85.641,0,0,6184980,216132,110708,1488564,6870208.453,142851.510,255.673,407.479,1.997,21.972,10964,9015,0.940,1.630,1.480,1,1,0.999,0,0,35,285,0,6,0
06-08 00:23:27,5.255,2.753,87.836,0.250,0,6183324,209856,110720,1496484,8534619.708,180291.272,0,2082.047,0,353.347,11746,11438,0.940,1.630,1.480,1,0,2.002,0,0,35,285,0,6,0
06-08 00:23:28,4.998,2.999,88.208,0,0,6191424,195224,110720,1503016,6941197.275,142501.559,0,0,0,0,10571,8803,0.940,1.630,1.480,0,0,0,0,0,35,285,0,6,0
06-08 00:23:29,7.752,13.003,76.769,0,0,6185592,199596,110720,1504476,1571021.509,31387.882,0,12.003,0,2.001,6376,5136,0.940,1.630,1.480,1,0,219.055,0,0,35,284,0,6,0
06-08 00:23:30,22.500,5.500,69.751,1.500,0,6221552,177240,110764,1491180,10972.227,1458.030,64.001,4.000,13.000,1.000,2800,2355,0.940,1.620,1.470,1,0,14.000,0,0,35,284,0,7,0
06-08 00:23:31,24.416,7.972,61.039,4.235,0,6249656,188236,110876,1452784,107863.104,3801984.058,904.872,0,75.738,0,6038,4679,0.940,1.620,1.470,1,1,53.814,0,0,35,295,0,7,0
06-08 00:23:32,28.569,10.526,56.888,3.007,0,6245972,190880,111668,1453036,28722.748,18785.617,958.327,172.419,205.499,11.027,6062,6745,0.940,1.620,1.470,3,0,155.377,0,0,35,309,0,8,0
06-08 00:23:33,30.046,10.516,57.088,0.501,0,6263688,184092,111740,1442696,25557.478,15618.125,14975.132,464.718,144.223,48.074,7833,9923,0.940,1.620,1.470,4,0,106.164,0,0,35,308,0,10,0
06-08 00:23:34,35.728,9.994,52.468,0.250,0.250,6258688,210140,111648,1426812,10957.300,1619.010,58220.401,315.807,455.721,32.980,12106,17299,0.940,1.620,1.470,4,0,0,0,0,35,311,0,13,0
06-08 00:23:35,34.021,14.009,48.780,0.500,0,6276580,171276,79328,1489400,10654.628,1621.008,63755.659,32960.503,601.374,72.045,12857,18854,1.030,1.630,1.480,2,0,0,0,0,35,311,0,13,0
06-08 00:23:36,34.071,14.424,48.744,0,0,6253452,303812,65268,1412020,9703.966,1611.525,51166.910,65587.073,642.620,110.419,12468,17883,1.030,1.630,1.480,5,0,0,0,0,35,311,0,13,0
06-08 00:23:37,32.939,12.321,50.541,1.509,0,6253840,289156,39336,1456108,10387.744,1629.371,57293.517,44524.075,448.580,531.054,12181,17080,1.030,1.630,1.480,1,0,0,0,0,35,311,0,13,0
06-08 00:23:38,32.235,13.244,50.726,0.750,0,6255692,306892,25020,1461096,14280.218,1619.231,56956.951,140985.047,447.787,286.864,11838,16684,1.030,1.630,1.480,2,0,0,0,0,35,311,0,13,0
06-08 00:23:39,32.239,9.997,53.982,0.500,0,6252664,308872,23628,1466348,10456.524,1457.515,56709.147,87.971,445.852,12.996,11716,16894,1.030,1.630,1.480,2,0,1.000,0,0,35,311,0,13,0
06-08 00:23:40,34.510,16.005,47.014,0.500,0,6261460,221896,17052,1554932,27877.366,1620.486,59537.867,106527.969,465.140,127.038,12270,17331,1.190,1.650,1.480,2,0,0,0,0,35,311,0,13,0
06-08 00:23:41,33.231,10.744,53.719,0.250,0,6252104,226824,17052,1559744,14948.489,1619.078,56451.860,243.861,443.747,11.993,11518,16493,1.190,1.650,1.480,3,0,0,0,0,35,311,0,13,0
06-08 00:23:42,33.782,13.012,49.796,0.751,0,6274576,206368,16536,1559268,11725.940,1621.513,58194.293,49482.165,457.427,83.078,11956,17083,1.190,1.650,1.480,5,0,20.019,0,0,35,313,0,13,0
06-08 00:23:43,28.242,11.996,40.738,17.245,0,6276908,377952,16600,1387052,21168.736,3120.077,48857.543,127206.361,402.881,296.912,9921,13514,1.190,1.650,1.480,2,0,2.999,0,0,35,314,0,13,0
06-08 00:23:44,35.227,11.243,37.725,13.241,0,6288552,250476,16648,1502892,22370.150,4596.948,57713.688,147.902,504.665,17.988,12572,17663,1.190,1.650,1.480,0,1,42.971,0,0,35,314,0,13,0
06-08 00:23:45,37.778,19.014,39.780,2.502,0,6286032,183320,16652,1574836,112508.198,3819062.091,60857.544,84459.207,526.394,261.195,14533,18158,1.250,1.660,1.490,3,0,63.047,0,0,35,314,0,13,0
06-08 00:23:46,34.735,17.243,33.986,11.995,0,6277232,199580,16672,1570528,25825.161,7841.709,57911.695,122444.610,526.779,298.875,12849,17634,1.250,1.660,1.490,6,1,82.965,0,0,35,314,0,13,0
06-08 00:23:47,37.699,17.227,40.195,3.495,0,6276036,330320,12988,1446220,25139.816,15089.482,52384.770,351.522,481.345,27.962,12731,17536,1.250,1.660,1.490,2,1,125.829,0,0,35,314,0,13,0
06-08 00:23:48,20.501,7.250,61.754,7.250,0,6271336,524432,13256,1256596,11039.731,3378.224,612.041,88329.846,27.002,203.013,5830,7699,1.250,1.660,1.490,2,1,20.001,0,0,35,308,0,18,0
06-08 00:23:49,10.460,8.218,68.236,11.207,0,6280024,513280,14920,1257452,11997.594,1613.758,2187.539,701.287,135.476,57.777,3548,3581,1.250,1.660,1.490,2,0,94.634,0,0,35,308,0,18,0
06-08 00:23:50,13.805,4.769,66.764,14.307,0,6297324,492836,17304,1258212,10364.015,1626.436,2959.713,522.066,164.652,60.238,2884,3232,1.230,1.650,1.480,2,0,26.103,0,0,35,310,0,19,0
06-08 00:23:51,15.520,2.253,70.339,9.262,0,6294388,491732,21244,1258312,21975.658,1622.041,4013.051,632.796,246.310,126.159,2423,2618,1.230,1.650,1.480,1,2,0,0,0,35,310,0,19,0
06-08 00:23:52,14.749,2.750,69.747,11.499,0,6294164,489716,22412,1259396,10335.493,1619.921,2235.890,863.958,243.988,127.994,2465,2630,1.230,1.650,1.480,2,0,0,0,0,35,311,0,18,0
06-08 00:23:53,14.728,3.495,65.153,14.229,0,6330396,450404,24744,1260144,10668.186,1617.602,2899.702,371.449,542.196,24.963,3167,3736,1.230,1.650,1.480,1,1,0,0,0,35,310,0,18,0
06-08 00:23:54,12.760,3.503,67.302,14.761,0,6327708,450152,27088,1260740,11819.075,1621.245,2826.170,484.372,550.423,66.051,3706,4872,1.230,1.650,1.480,7,1,1.001,0,0,35,310,0,18,0
06-08 00:23:55,13.505,1.501,69.528,13.505,0,6326480,450152,27772,1261284,12414.027,1620.656,1152.467,216.087,86.035,26.011,2818,3510,1.210,1.640,1.480,3,0,0,0,0,35,310,0,19,0
06-08 00:23:56,21.492,6.997,69.974,0.250,0.250,6285232,491384,27784,1261288,14808.405,1619.388,3.998,79.970,1.000,5.998,3179,2742,1.210,1.640,1.480,2,1,41.984,0,0,35,310,0,19,0
06-08 00:23:57,25.246,3.000,70.240,0,0,6320152,456312,27800,1261424,15564.750,1619.766,0,175.975,0,8.999,2723,2365,1.210,1.640,1.480,3,1,0,0,0,35,310,0,19,0
06-08 00:23:58,26.126,4.479,46.280,20.652,0,6327784,442952,28308,1266656,15352.944,5713.811,5370.445,772.325,201.043,72.654,4245,4500,1.210,1.640,1.480,2,2,19.905,0,0,35,312,0,20,0
06-08 00:23:59,16.565,22.086,48.690,11.796,0,6240884,526428,28644,1269740,86571.111,2885514.299,3172.353,1855.224,219.856,113.442,7624,6225,1.210,1.640,1.480,0,2,353.376,0,0,35,312,0,20,0
06-08 00:24:00,14.283,23.054,53.374,6.515,0,6206816,558060,30904,1269912,57006.335,973882.788,2369.501,244.568,83.193,19.044,7155,6355,1.280,1.640,1.480,1,1,382.889,0,0,35,312,0,20,0
06-08 00:24:01,16.484,22.228,49.451,9.990,0,6211740,549896,31504,1273072,24543.651,12819.282,2973.050,623.382,91.909,30.969,7648,8716,1.280,1.640,1.480,3,1,369.633,0,0,35,312,0,20,0
06-08 00:24:02,7.996,3.248,68.217,18.491,0,6207644,551308,33260,1274008,19539.415,1619.206,2682.684,2782.635,322.842,417.795,3151,3219,1.280,1.640,1.480,0,1,0,0,0,35,312,0,20,0
06-08 00:24:03,20.969,10.734,61.908,4.743,0,6207820,550412,33316,1274624,28173.050,7016.552,635.054,47.929,136.796,5.991,5698,7242,1.280,1.640,1.480,1,0,96.856,0,0,35,312,0,20,0
06-08 00:24:04,26.553,15.030,39.579,17.786,0,6243520,512160,34164,1276280,12323.647,5607.214,2509.018,304.609,132.265,25.050,5646,5062,1.280,1.640,1.480,3,0,177.355,0,0,35,312,0,20,0
06-08 00:24:05,32.952,4.494,46.183,14.729,0,6279356,471840,34672,1280272,9684.991,1617.660,4457.552,255.630,327.526,20.970,3932,3482,1.330,1.650,1.490,2,0,0,0,0,35,312,0,20,0
06-08 00:24:06,33.780,5.505,46.040,13.262,0,6335824,408084,34848,1287384,9861.625,1459.276,7294.380,0,277.242,0,3857,3287,1.330,1.650,1.490,1,2,0,0,0,35,312,0,20,0
06-08 00:24:07,18.257,2.501,49.270,28.011,0,6343736,398004,35548,1288852,11061.517,1662.679,1944.794,32.013,142.058,3.001,2895,3264,1.330,1.650,1.490,1,1,0,0,0,35,312,0,20,0
06-08 00:24:08,29.528,3.003,45.544,20.019,0,6394036,344580,36284,1291240,10657.265,1621.562,2490.399,1045.007,221.213,61.059,3731,3430,1.330,1.650,1.490,2,0,0,0,0,35,312,0,20,0
06-08 00:24:09,40.760,6.710,45.731,5.468,0,6426804,309332,36556,1293448,10843.108,1610.510,1308.291,1463.377,92.455,86.490,4289,3462,1.330,1.650,1.490,3,0,44.736,0,0,35,311,0,22,0
06-08 00:24:10,17.815,12.546,68.249,0.251,0,6456896,279128,36556,1293560,12380.149,1625.930,0,8.029,0,2.007,4175,3607,1.310,1.640,1.480,2,1,156.571,0,0,35,311,0,22,0
06-08 00:24:11,24.287,3.756,67.853,2.754,0,6508716,227184,36556,1293684,12841.499,1622.464,156.237,4.006,10.015,1.002,2707,2568,1.310,1.640,1.480,1,1,0,0,0,35,312,0,22,0
06-08 00:24:12,18.016,3.503,69.561,7.507,0,6507292,227412,36740,1294700,15920.869,2142.867,1149.001,372.324,78.068,23.020,3216,3523,1.310,1.640,1.480,0,1,0,0,0,35,315,0,22,0
06-08 00:24:13,15.995,2.249,70.480,9.247,0,6513620,217944,37220,1297360,9844.198,1619.539,3271.069,0,202.942,0,2707,2867,1.310,1.640,1.480,2,1,0,0,0,35,314,0,22,0
06-08 00:24:14,25.689,3.991,64.099,3.991,0,6515628,214912,37440,1298172,16304.474,6806.916,698.350,127.698,47.887,17.958,3533,3453,1.310,1.640,1.480,2,0,51.877,0,0,35,316,0,22,0
06-08 00:24:15,27.776,11.761,59.054,0,0,6476584,253816,37440,1298304,133246.363,3860573.257,0,4.004,0,1.001,6393,4362,1.360,1.640,1.490,2,0,133.122,0,0,35,316,0,22,0
06-08 00:24:16,32.213,10.987,55.187,0.250,0,6496344,234040,37440,1298320,40304.700,96592.041,0,7.991,0,0.999,5102,4685,1.360,1.640,1.490,2,1,133.846,0,0,35,316,0,22,0
06-08 00:24:17,28.699,10.980,56.898,2.496,0,6435128,294968,37492,1298556,13786.353,6083.125,87.843,483.136,5.989,33.939,4896,12594,1.360,1.640,1.490,2,0,140.748,0,0,35,315,0,22,0
06-08 00:24:18,24.548,3.507,69.887,0.250,0,6491148,238936,37516,1298560,19555.199,1623.171,4.008,4232.267,1.002,583.139,2919,2395,1.360,1.640,1.490,1,0,0,0,0,35,315,0,22,0
06-08 00:24:19,26.032,3.004,69.836,0.250,0,6502204,227860,37524,1298572,9320.538,1622.008,32.040,320.397,2.002,10.012,3005,2699,1.360,1.640,1.490,1,0,1.001,0,0,35,315,0,23,0
06-08 00:24:20,22.213,7.238,68.635,0,0.250,6481728,248272,37552,1298608,20447.644,1711.125,0,367.383,0,23.960,3382,2946,1.330,1.630,1.480,3,0,41.930,0,0,35,315,0,24,0
06-08 00:24:21,25.274,3.754,69.818,0,0,6501964,228028,37560,1298608,18474.869,1621.568,0,52.050,0,4.004,2905,2448,1.330,1.630,1.480,1,0,0,0,0,35,315,0,23,0
06-08 00:24:22,26.271,2.752,70.056,0.250,0,6511016,218944,37572,1298628,12954.274,1621.286,0,76.060,0,7.006,2869,2524,1.330,1.630,1.480,1,0,1.001,0,0,35,320,0,23,0
06-08 00:24:23,25.374,8.955,61.444,1.741,0,6467504,258460,37632,1302564,10635.991,1611.966,2881.638,437.818,57.712,34.826,4219,4049,1.330,1.630,1.480,4,0,66.668,0,0,35,319,0,24,0
06-08 00:24:24,33.065,5.469,56.931,2.983,0,6519684,203856,37756,1304864,20429.476,1610.969,1682.568,409.703,58.671,43.755,4797,5360,1.330,1.630,1.480,2,0,8.950,0,0,35,319,0,26,0
06-08 00:24:25,42.498,10.118,44.774,2.277,0,6543140,184952,37232,1301044,16221.906,1475.271,10948.168,287.364,98.149,27.320,4700,4066,1.390,1.640,1.490,4,0,11.130,0,0,35,319,0,25,0
06-08 00:24:26,25.707,7.488,64.892,0.250,0,6500836,215960,37256,1312316,31866.859,1617.303,9967.378,115.807,78.868,8.985,4008,3666,1.390,1.640,1.490,3,0,42.928,0,0,35,319,0,25,0
06-08 00:24:27,29.525,8.007,60.050,0.250,0,6526792,216356,37128,1288424,120101.969,3870045.306,9736.104,204.170,76.063,16.013,6109,4486,1.390,1.640,1.490,2,0,56.047,0,0,35,320,0,25,0
06-08 00:24:28,25.777,13.014,50.304,9.010,0,6450124,282240,37380,1298948,21975.406,12792.626,10062.718,1049.117,112.119,74.079,5777,5895,1.390,1.640,1.490,3,1,187.199,0,0,35,320,0,26,0
06-08 00:24:29,14.749,23.998,57.995,0.750,0,6447108,274880,37392,1309312,33150.170,112405.405,9911.154,0,86.993,0,7390,7237,1.390,1.640,1.490,0,0,451.961,0,0,35,320,0,26,0
06-08 00:24:30,8.986,3.495,83.123,2.247,0,6452564,258996,37444,1319680,12089.574,4127.709,9745.147,199.696,80.877,23.963,2696,3047,1.360,1.630,1.480,3,0,10.983,0,0,35,319,0,27,0
06-08 00:24:31,26.764,5.503,66.035,0,0,6503080,198088,37484,1330032,12960.876,1620.860,9733.164,340.180,76.040,23.012,3383,3408,1.360,1.630,1.480,4,0,0,0,0,35,319,0,27,0
06-08 00:24:32,28.504,3.500,65.759,1.250,0,6517116,173332,37500,1340736,19979.647,1620.215,9949.318,72.010,82.011,7.001,3745,3601,1.360,1.630,1.480,1,0,3.000,0,0,35,323,0,27,0
06-08 00:24:33,15.478,11.734,64.660,5.992,0,6450892,228396,37544,1351852,23932.600,1455.968,10313.607,347.515,121.830,44.937,4743,3988,1.360,1.630,1.480,1,4,127.822,0,0,35,325,0,22,0
06-08 00:24:34,14.279,15.281,65.384,3.006,0,6448428,219788,37608,1362860,14148.962,1623.323,10886.283,3346.851,100.205,436.894,5803,4955,1.360,1.630,1.480,1,0,139.285,0,0,35,325,0,22,0
06-08 00:24:35,13.755,15.256,67.025,2.501,0,6452100,208540,37648,1370396,19114.217,1620.612,6758.552,284.107,65.025,21.008,5388,4535,1.490,1.650,1.490,1,0,145.055,0,0,35,325,0,22,0
06-08 00:24:36,13.480,15.227,67.149,1.747,0,6455328,204292,37656,1371408,11728.373,1617.569,347.478,35.946,5.991,2.995,5464,4759,1.490,1.650,1.490,2,0,147.778,0,0,35,325,0,22,0
06-08 00:24:37,12.268,17.025,67.599,1.252,0,6445568,210964,37660,1374492,10891.932,1622.373,2363.457,0,23.034,0,5535,4652,1.490,1.650,1.490,0,1,177.259,0,0,35,325,0,19,0
06-08 00:24:38,21.215,3.744,65.392,7.238,0,6480500,174724,38004,1375456,23213.513,1617.319,730.788,439.272,42.929,36.939,3230,3446,1.490,1.650,1.490,3,0,2.995,0,0,35,327,0,19,0
06-08 00:24:39,19.480,3.746,67.181,8.741,0,6504464,183780,32508,1349352,10314.476,1618.349,6944.914,263.731,255.739,22.977,3405,3630,1.490,1.650,1.490,1,0,1.998,0,0,35,327,0,19,0
06-08 00:24:40,23.510,8.003,54.023,12.255,0,6537924,180972,31264,1319948,90721.464,3318537.974,2449.038,48.020,213.090,4.002,5712,4228,1.610,1.670,1.500,2,0,52.022,0,0,35,328,0,19,0
06-08 00:24:41,23.967,9.237,54.924,9.986,0,6544248,179528,30916,1315648,55585.585,793054.762,4246.163,3.995,336.537,0.999,5537,5295,1.610,1.670,1.500,2,0,106.853,0,0,35,328,0,19,0
06-08 00:24:42,22.530,11.265,51.318,12.516,0,6567536,175648,30952,1297540,27310.961,14847.550,10205.438,436.575,396.522,33.044,5767,5841,1.610,1.670,1.500,2,2,138.182,0,0,35,328,0,19,0
06-08 00:24:43,14.003,4.251,63.013,16.253,0,6570908,201404,30836,1269860,12983.721,4977.043,4460.935,0,267.056,0,3376,3528,1.610,1.670,1.500,1,0,20.004,0,0,35,327,0,19,0
06-08 00:24:44,28.243,2.499,65.984,1.500,0,6583680,186724,30924,1271736,11120.311,1619.608,1967.524,267.935,28.993,32.992,3664,3912,1.610,1.670,1.500,1,0,2.000,0,0,35,329,0,19,0
06-08 00:24:45,23.539,4.257,67.362,3.506,0,6486392,281068,31180,1274424,11774.627,1622.705,3097.163,544.908,59.099,35.058,3199,3081,1.640,1.680,1.500,1,1,5.008,0,0,35,327,0,19,0
06-08 00:24:46,21.184,3.738,66.541,6.729,0,6508168,253700,31248,1279948,11869.750,1614.932,5618.368,3.987,161.493,0.997,3154,3194,1.640,1.680,1.500,2,0,0,0,0,35,327,0,19,0
06-08 00:24:47,22.795,3.757,68.134,3.757,0,6541340,212668,31272,1287784,9980.672,1623.199,7711.199,108.213,280.553,10.020,3251,3427,1.640,1.680,1.500,1,1,0,0,0,35,327,0,19,0
06-08 00:24:48,22.283,4.507,62.842,8.763,0,6550480,194072,31288,1297224,23104.855,1622.377,9405.782,312.458,337.495,56.082,3668,3626,1.640,1.680,1.500,0,1,3.004,0,0,35,325,0,19,2
06-08 00:24:49,24.936,3.491,64.086,5.985,0,6562372,173096,31440,1306160,23525.913,2433.784,9084.797,3036.245,97.750,454.838,3998,3855,1.640,1.680,1.500,2,0,1.995,0,0,35,331,0,14,2
06-08 00:24:50,26.833,6.019,62.192,3.260,0,6470000,280928,31196,1290944,23441.510,1625.027,5958.431,12.037,70.217,3.009,3430,3009,1.640,1.680,1.500,2,0,22.068,0,0,35,325,0,15,2
06-08 00:24:51,25.443,3.991,67.848,0.998,0.249,6510504,235928,31204,1295448,21840.040,1799.965,4026.973,0,34.922,0,3051,2720,1.670,1.680,1.510,0,1,0,0,0,35,325,0,15,2
06-08 00:24:52,27.467,3.246,67.917,0.250,0,6518696,221052,31204,1302132,12967.231,1548.117,6124.552,3.995,50.938,0.999,2988,2602,1.670,1.680,1.510,2,0,0,0,0,35,325,0,15,2
06-08 00:24:53,27.785,11.765,52.816,6.758,0,6486220,245328,31248,1310280,69029.200,2345998.568,7697.612,776.970,126.158,30.038,5918,4851,1.670,1.680,1.510,2,1,142.178,0,0,35,326,0,14,2
06-08 00:24:54,16.031,22.543,54.354,4.258,0,6463044,267560,31472,1310996,68736.262,1768446.120,356.681,645.232,25.048,39.075,7783,7378,1.670,1.680,1.510,2,0,397.760,0,0,35,326,0,14,2
06-08 00:24:55,17.000,18.000,56.249,7.500,0.250,6458508,270156,32548,1311864,24844.392,18147.556,1395.966,16.000,60.999,1.000,6380,6554,1.670,1.680,1.510,2,0,346.992,0,0,35,325,0,14,2
06-08 00:24:56,17.716,3.992,66.872,9.232,0,6482328,240700,32924,1317120,12926.272,1847.466,4738.934,0,313.400,0,3634,3592,1.700,1.690,1.510,1,1,27.947,0,0,35,325,0,14,2
06-08 00:24:57,21.269,3.003,67.061,6.506,0,6502060,218844,34212,1317956,11306.222,1621.466,1541.394,468.424,78.071,20.018,2946,3017,1.700,1.690,1.510,1,0,2.002,0,0,35,325,0,14,2
06-08 00:24:58,13.250,3.500,75.752,5.500,0,6506912,204112,34724,1327324,18522.418,3993.090,9332.210,164.004,106.002,10.000,2883,3053,1.700,1.690,1.510,1,1,16.000,0,0,35,326,0,13,2
06-08 00:24:59,18.982,2.747,67.437,9.491,0,6509820,186696,36272,1340284,11379.296,2266.868,12688.064,1770.335,171.838,87.917,3041,3169,1.700,1.690,1.510,1,0,0.999,0,0,35,326,0,13,2
06-08 00:25:00,21.727,3.496,67.428,6.493,0,6493532,190600,37368,1351572,10551.691,1792.079,6816.694,747.199,94.898,12.986,3085,3017,1.700,1.690,1.510,2,0,1.998,0,0,35,325,0,14,2
06-08 00:25:01,22.519,4.504,65.304,6.255,0,6491416,181316,37428,1362912,21916.186,1852.537,9908.222,0,138.115,0,3392,3283,1.720,1.700,1.510,1,1,6.005,0,0,35,325,0,14,2
06-08 00:25:02,20.500,5.750,63.000,7.750,0,6518368,190300,35328,1329636,10354.922,1619.988,17915.866,0,431.997,0,10127,18019,1.720,1.700,1.510,2,0,4.000,0,0,35,325,0,12,2
06-08 00:25:03,13.520,4.757,67.602,11.517,0,6515424,181728,39368,1337224,10778.224,1853.790,11000.559,464.700,671.010,6.009,3551,3923,1.720,1.700,1.510,1,0,7.011,0,0,35,325,0,12,2
06-08 00:25:04,14.508,3.752,75.543,5.003,0,6470240,216112,40916,1346476,31867.264,3836.199,10025.746,608.349,361.207,41.024,3461,3817,1.720,1.700,1.510,1,0,0,0,0,35,326,0,12,2
06-08 00:25:05,10.982,2.746,77.873,6.489,0,6474092,202700,41568,1355384,25915.782,5816.525,8805.655,2811.420,118.806,401.346,2816,2828,1.720,1.700,1.510,1,1,1.997,0,0,35,327,0,12,2
06-08 00:25:06,28.301,15.027,31.056,23.292,0,6516352,179576,38204,1340128,13467.313,4476.081,8479.308,0,199.360,0,12724,20500,1.820,1.720,1.520,2,1,230.416,0,0,35,327,0,12,2
06-08 00:25:07,33.754,19.502,28.503,17.002,0,6527108,187548,38088,1321420,18446.988,1840.198,12657.364,204.022,267.029,9.001,6201,5948,1.820,1.720,1.520,1,1,367.040,0,0,35,327,0,12,2
06-08 00:25:08,31.941,6.987,47.912,10.481,0.250,6496900,206208,38408,1332644,96727.150,3829622.580,8268.796,1105.966,223.589,39.927,6287,4623,1.820,1.720,1.520,1,0,42.921,0,0,35,327,0,12,2
06-08 00:25:09,22.520,21.269,52.547,3.003,0,6455736,246944,38496,1333008,39817.376,346588.929,7822.950,820.729,69.061,33.029,7096,7394,1.820,1.720,1.520,2,0,408.363,0,0,35,326,0,12,2
06-08 00:25:10,34.229,12.492,50.470,0.999,0,6496196,197664,38500,1341812,26468.018,16887.803,8686.755,15.990,72.956,3.998,5352,5441,1.820,1.720,1.520,2,0,209.873,0,0,35,325,0,10,2
06-08 00:25:11,27.498,3.500,66.246,1.250,0,6518592,203456,38264,1313872,10151.423,1839.895,6195.648,239.986,58.997,12.999,3367,3240,2,1.760,1.530,1,0,0,0,0,35,325,0,11,2
06-08 00:25:12,21.738,6.496,67.963,1.749,0,6452584,268860,38300,1314456,15913.332,1729.058,587.680,431.765,17.990,22.987,3998,3898,2,1.760,1.530,1,1,86.953,0,0,35,325,0,14,2
06-08 00:25:13,22.533,7.762,66.849,1.502,0,6493884,227520,38300,1314496,23353.610,2363.503,24.036,0,2.003,0,3589,3360,2,1.760,1.530,1,0,69.102,0,0,35,325,0,14,2
06-08 00:25:14,27.744,3.749,66.235,0,0,6527116,192812,38332,1315940,10330.679,1619.636,1391.687,139.969,12.997,13.997,3321,3289,2,1.760,1.530,2,0,0,0,0,35,325,0,14,2
06-08 00:25:15,24.512,7.504,66.533,0,0,6462524,247916,38356,1325404,9547.743,1620.805,9732.835,260.129,76.038,15.007,3809,3554,2,1.760,1.530,3,0,70.035,0,0,35,325,0,14,2
06-08 00:25:16,27.454,4.492,65.889,0,0,6516776,183596,38364,1335464,10431.464,1617.281,9839.459,59.899,76.871,5.990,3289,3036,2,1.760,1.540,1,0,0,0,0,35,325,0,14,2
06-08 00:25:17,32.806,7.262,58.099,1.002,0,6454608,282020,37868,1300220,10333.557,1460.481,9760.583,0,77.131,0,4478,13926,2,1.760,1.540,3,0,42.071,0,0,35,325,0,15,2
06-08 00:25:18,23.466,6.491,68.152,0,0,6492524,234316,37884,1310056,10739.507,1617.666,9713.987,75.891,75.891,5.991,3487,3338,2,1.760,1.540,1,0,49.928,0,0,35,325,0,14,2
06-08 00:25:19,26.954,3.993,68.135,0.749,0,6525124,200104,37924,1311628,11916.819,1617.261,1473.505,5075.405,19.966,140.762,3180,3085,2,1.760,1.540,2,0,0.998,0,0,35,325,0,14,2
06-08 00:25:20,26.318,5.264,66.171,0,0,6473316,245424,37924,1318120,24003.011,4903.668,6512.826,2414.237,63.163,432.116,4000,3512,2,1.760,1.540,1,0,34.088,0,0,35,326,0,17,2
06-08 00:25:21,31.489,9.996,52.981,3.499,0,6510880,197856,37948,1328100,131350.903,4087221.482,10172.353,131.953,144.948,8.997,6908,4830,2,1.760,1.540,1,0,99.964,0,0,35,326,0,17,2
06-08 00:25:22,32.949,10.484,54.166,0.998,0,6517300,181540,38036,1337916,43092.369,112315.333,9828.802,319.506,83.870,37.941,5995,6135,2,1.760,1.540,7,0,109.830,0,0,35,326,0,16,2
06-08 00:25:23,30.574,12.280,54.882,1.002,0,6493660,195120,38104,1347916,28431.613,11907.737,9895.881,597.442,78.189,41.099,5426,5423,2,1.760,1.540,1,0,151.365,0,0,35,325,0,16,2
06-08 00:25:24,27.977,4.496,65.446,0.749,0,6538260,174804,38156,1324768,28118.888,1618.670,9763.975,299.754,80.933,32.973,3822,3783,2,1.760,1.540,1,0,0,0,0,35,325,0,17,2
06-08 00:25:25,41.724,12.242,44.222,0.250,0,6486492,227684,38092,1323728,22650.796,1457.086,11021.089,0,91.942,0,4820,4017,2,1.760,1.540,1,0,43.972,0,0,35,325,0,19,2
06-08 00:25:26,38.816,5.259,54.592,0.751,0,6533700,170672,38360,1333264,22048.251,1622.742,10008.910,148.250,97.164,12.020,4847,5194,1.920,1.750,1.540,2,0,6.010,0,0,35,325,0,18,2
06-08 00:25:27,27.233,3.997,65.208,0.500,0,6519936,187336,38356,1330512,15776.895,1618.963,8558.518,183.882,77.950,21.986,4031,4102,1.920,1.750,1.540,1,0,1.999,0,0,35,325,0,18,2
06-08 00:25:28,11.236,10.986,66.914,8.739,0,6443520,251496,38756,1342368,21242.591,1617.912,11740.851,23.969,240.689,5.992,4766,4328,1.920,1.750,1.540,3,1,178.769,0,0,35,325,0,18,2
06-08 00:25:29,7.998,2.499,73.979,14.246,0.250,6451276,232440,39160,1353264,12400.399,2634.235,11528.653,0,334.903,0,2696,3193,1.920,1.750,1.540,4,0,1.999,0,0,35,326,0,18,2
06-08 00:25:30,5.253,2.501,88.545,0.750,0,6449888,224064,39240,1362952,17774.111,3593.842,9793.020,1008.517,80.041,55.028,2355,2902,1.920,1.750,1.540,1,0,0,0,0,35,326,0,17,2
06-08 00:25:31,9.994,8.245,79.453,0,0,6450528,212556,39276,1373784,26810.207,3726.805,10541.790,303.821,128.924,21.987,4208,4324,1.930,1.760,1.540,1,0,124.926,0,0,35,326,0,17,2
06-08 00:25:32,8.515,10.769,78.390,0.250,0,6447472,206028,39300,1383344,12590.511,2631.705,9917.732,80.143,83.149,12.021,4533,4425,1.930,1.760,1.540,2,0,185.331,0,0,35,325,0,17,2
06-08 00:25:33,15.492,7.246,59.221,16.242,0,6466924,175024,39700,1394504,17003.721,6044.057,11374.462,139.932,254.876,5.997,3810,3693,1.930,1.760,1.540,1,1,58.971,0,0,35,326,0,17,2
06-08 00:25:34,20.493,9.497,52.733,14.245,0,6474456,180400,39696,1382588,117608.721,4120784.775,17942.160,543.823,701.772,19.993,7090,5825,1.930,1.760,1.540,1,1,75.975,0,0,35,326,0,17,2
06-08 00:25:35,29.992,11.497,54.235,2.749,0,6485372,175512,39852,1376392,27987.304,111147.435,12180.650,1219.665,212.941,21.994,5676,5571,1.930,1.760,1.540,1,1,154.957,0,0,35,326,0,17,2
06-08 00:25:36,22.724,6.992,65.924,2.997,0,6481996,174600,40296,1380228,36078.273,12326.743,9964.475,4151.199,99.884,560.352,4317,4054,2.090,1.790,1.550,3,0,70.918,0,0,35,325,0,17,2
06-08 00:25:37,21.521,4.004,70.068,1.501,0,6477392,193528,40392,1365808,25627.872,3872.759,12484.116,660.641,108.105,41.040,3270,3089,2.090,1.790,1.550,1,0,2.002,0,0,35,325,0,17,2
06-08 00:25:38,13.022,7.763,66.363,10.518,0,6476100,180944,40700,1379376,19001.434,1622.770,11912.334,3161.396,133.227,109.186,4914,5163,2.090,1.790,1.550,1,0,98.168,0,0,35,325,0,17,2
06-08 00:25:39,18.192,14.703,65.790,0.748,0,6465084,181948,40748,1389340,10490.573,1614.854,9717.037,318.984,77.752,25.917,5256,4882,2.090,1.790,1.550,1,0,205.346,0,0,35,325,0,17,2
06-08 00:25:40,27.703,3.993,66.386,0,0,6510344,171312,40628,1354836,24818.486,1617.230,9711.364,3.993,75.870,0.998,3321,2833,2.090,1.790,1.550,1,0,0,0,0,35,325,0,17,2
06-08 00:25:41,28.343,4.515,66.217,0,0,6521628,171252,40584,1343656,15554.992,1625.328,9759.995,80.263,76.250,5.016,3776,3627,2.080,1.800,1.560,4,0,0,0,0,35,325,0,19,2
06-08 00:25:42,25.000,7.750,66.000,0.250,0,6483584,219792,40564,1333180,10606.955,1619.993,9855.958,323.999,77.000,24.000,3928,3792,2.080,1.800,1.560,1,0,47.000,0,0,35,325,0,19,2
06-08 00:25:43,26.731,4.247,66.704,0.250,0,6521164,172664,40568,1342724,9480.400,1456.986,9725.230,55.961,76.946,3.997,3242,2898,2.080,1.800,1.560,2,0,0,0,0,35,325,0,19,2
06-08 00:25:44,18.251,2.500,65.255,11.251,0,6516208,187544,40552,1332816,10029.767,1620.124,10504.803,120.009,128.010,12.001,3281,3588,2.080,1.800,1.560,5,0,0,0,0,35,325,0,20,2
06-08 00:25:45,25.794,5.760,67.366,0,0,6500100,194032,40552,1342436,10389.879,1622.793,9744.769,0,76.131,0,3378,3106,2.080,1.800,1.560,5,0,14.024,0,0,35,325,0,20,2
06-08 00:25:46,30.492,7.998,56.985,2.249,0,6525252,185696,40244,1325928,86062.878,2345524.851,10189.263,11.997,124.966,1.999,5500,4222,2.400,1.870,1.580,3,0,51.986,0,0,35,326,0,20,2
06-08 00:25:47,28.840,10.939,51.713,5.967,0,6513888,183136,40652,1339444,74026.825,1889941.509,13325.982,1376.355,271.492,164.089,8981,10727,2.400,1.870,1.580,2,0,107.403,0,0,35,327,0,20,2
06-08 00:25:48,32.700,12.326,53.578,0.503,0,6467680,218512,40820,1350108,38740.362,18259.878,9940.908,503.082,93.573,67.413,6407,7332,2.400,1.870,1.580,1,0,161.993,0,0,35,325,0,20,2
06-08 00:25:49,28.438,3.991,65.357,0.499,0,6524972,181308,41032,1329808,14582.035,1616.457,1093.603,3129.141,8.980,188.587,3222,3146,2.400,1.870,1.580,2,0,0.998,0,0,35,326,0,20,2
06-08 00:25:50,25.388,4.978,66.706,1.245,0,6527188,178556,41168,1330208,13893.727,1612.887,589.401,2114.674,29.868,178.214,4283,4680,2.400,1.870,1.580,5,0,2.987,0,0,35,326,0,21,2
06-08 00:25:51,24.671,6.042,66.964,1.259,0,6445056,259936,41456,1330672,9516.893,1468.165,386.677,2448.956,15.105,168.164,5098,6276,2.530,1.900,1.590,1,0,47.328,0,0,35,325,0,20,1
06-08 00:25:52,10.228,22.203,65.361,0,0,6454800,249980,41476,1330864,11904.662,1616.559,0,2806.028,0,437.070,6761,5400,2.530,1.900,1.590,2,0,425.095,0,0,35,325,0,20,1
06-08 00:25:53,12.780,23.305,62.147,0,0,6487980,216720,41512,1330908,18931.716,1623.835,16.038,236.559,1.002,23.054,6815,5992,2.530,1.900,1.590,2,0,450.063,0,0,35,325,0,20,1
06-08 00:25:54,10.953,22.654,63.231,0.747,0,6478300,225896,41748,1331176,19245.051,1613.131,119.491,2138.892,4.979,147.372,7383,7181,2.530,1.900,1.590,2,0,448.092,0,0,35,325,0,20,1
06-08 00:25:55,9.792,22.598,66.288,0,0,6468076,236048,41780,1331216,12512.289,1627.060,16.070,180.784,1.004,21.092,6648,5859,2.530,1.900,1.590,1,0,441.917,0,0,35,325,0,20,1
06-08 00:25:56,9.998,22.995,66.486,0,0,6460772,243328,41780,1331240,18429.189,1619.665,0,43.991,0,10.998,6682,5595,2.400,1.890,1.590,2,0,461.904,0,0,35,325,0,20,1
06-08 00:25:57,9.746,21.741,64.973,1.749,0,6463320,240436,41828,1331536,10188.813,1619.334,271.888,663.727,6.997,43.982,6641,5764,2.400,1.890,1.590,1,0,429.823,0,0,35,325,0,20,1
06-08 00:25:58,9.505,22.512,66.286,0,0,6467768,235932,41864,1331556,12299.664,3056.656,0,224.121,0,22.012,6458,5616,2.400,1.890,1.590,1,0,407.221,0,0,35,326,0,20,1
06-08 00:25:59,13.732,26.466,54.930,2.996,0,6450572,252772,41872,1331916,117059.614,4202487.987,319.592,103.867,43.944,9.987,9195,7194,2.400,1.890,1.590,1,0,557.289,0,0,35,326,0,20,1
06-08 00:26:00,16.767,22.523,54.556,4.505,0,6452096,249708,42052,1333268,44481.276,114053.092,1361.386,248.253,47.048,14.014,6920,6736,2.400,1.890,1.590,0,1,453.462,0,0,35,326,0,21,1
06-08 00:26:01,19.969,9.485,63.899,4.243,0,6476996,232512,42528,1333592,18439.971,10149.023,587.076,1633.429,54.914,10.983,4193,4437,2.290,1.870,1.590,1,0,94.851,0,0,35,325,0,21,1
06-08 00:26:02,25.754,3.751,69.262,0,0,6486504,213672,42936,1342508,10558.804,1620.277,0,1740.297,0,22.004,2979,2770,2.290,1.870,1.590,3,0,3.001,0,0,35,325,0,21,1
06-08 00:26:03,22.761,2.501,70.033,3.752,0,6495308,202588,43224,1344500,10382.951,1620.773,172.082,972.464,16.008,12.006,2639,2421,2.290,1.870,1.590,2,0,16.008,0,0,35,325,0,20,1
06-08 00:26:04,14.232,1.748,77.904,3.496,0,6510232,186208,43868,1345312,21163.829,7711.464,1090.651,954.819,71.911,52.935,2622,2965,2.290,1.870,1.590,1,0,0,0,0,35,326,0,20,1
06-08 00:26:05,6.979,1.246,87.731,2.991,0,6509676,186208,44176,1345560,13288.312,4032.652,354.913,506.449,42.869,25.921,1791,2332,2.290,1.870,1.590,2,0,0,0,0,35,326,0,20,1
06-08 00:26:06,5.777,2.009,87.659,3.014,0,6507352,188156,44336,1345768,15609.790,4806.413,217.012,10926.953,41.192,61.286,1860,2283,2.270,1.870,1.590,0,0,0,0,0,35,326,0,20,1
06-08 00:26:07,8.988,1.748,84.389,3.246,0,6506876,187916,44604,1346216,20772.602,7191.515,435.426,707.067,66.912,20.972,2008,2370,2.270,1.870,1.590,3,0,0,0,0,35,326,0,20,1
06-08 00:26:08,9.749,1.250,79.992,6.749,0,6508844,185144,44904,1346720,16386.391,5654.445,527.948,2419.762,64.994,354.965,2480,2715,2.270,1.870,1.590,0,0,0,0,0,35,326,0,20,1
06-08 00:26:09,10.219,1.745,83.002,3.240,0,6527388,165516,45172,1347536,27604.492,5478.625,925.235,689.938,68.794,29.911,2377,2755,2.270,1.870,1.590,2,0,0.997,0,0,35,326,0,20,1
06-08 00:26:10,14.802,1.505,79.527,2.760,0,6528892,183116,45428,1328172,24661.922,6396.285,654.280,461.608,78.273,16.056,2240,2365,2.270,1.870,1.590,1,0,0,0,0,35,326,0,20,1
06-08 00:26:11,13.755,2.751,71.276,10.004,0,6539076,171800,45948,1328796,38237.020,12292.507,928.340,5361.966,124.045,43.016,2777,2906,2.090,1.840,1.580,0,2,19.007,0,0,35,327,0,20,1
06-08 00:26:12,25.735,2.748,49.471,20.738,0,6550812,193744,45644,1295408,24116.015,6382.299,3573.927,795.539,224.870,32.981,3247,2952,2.090,1.840,1.580,1,0,0,0,0,35,327,0,20,1
06-08 00:26:13,18.011,5.003,54.532,20.012,0,6547768,194188,46044,1297604,83585.013,2643864.320,2445.434,1036.608,250.147,35.021,4504,3550,2.090,1.840,1.580,1,1,42.025,0,0,35,327,0,20,1
06-08 00:26:14,16.015,9.008,59.055,14.263,0,6531368,180316,46872,1327032,70682.552,1697758.527,15041.950,416.386,338.314,30.028,5563,5249,2.090,1.840,1.580,1,1,107.099,0,0,35,327,0,20,1
06-08 00:26:15,30.008,10.503,56.016,1.750,0,6535740,185632,45032,1319312,33310.429,28284.006,1868.529,832.236,39.011,35.010,5254,5055,2.090,1.840,1.580,1,0,157.044,0,0,35,326,0,16,1
06-08 00:26:16,26.213,3.245,68.654,0.250,0,6542800,185252,45072,1312584,15424.419,1617.737,0,1086.480,0,47.933,3122,2943,2,1.830,1.580,4,0,0,0,0,35,326,0,16,1
06-08 00:26:17,31.765,5.753,61.030,0.500,0,6542840,201808,45120,1296052,15128.342,1620.787,0,1388.674,0,33.016,4069,11508,2,1.830,1.580,1,0,36.017,0,0,35,326,0,17,1
06-08 00:26:18,24.755,2.751,70.264,0.500,0,6549664,177820,45264,1313068,10399.136,1458.300,0,1456.299,0,54.011,2900,2829,2,1.830,1.580,1,0,0,0,0,35,326,0,17,1
06-08 00:26:19,24.464,2.746,70.396,0.999,0,6549628,167580,45496,1323012,10082.130,1617.614,0,2260.666,0,89.867,3029,3130,2,1.830,1.580,2,0,0.999,0,0,35,326,0,16,1
06-08 00:26:20,25.650,2.490,69.480,0.249,0,6546276,178136,45576,1315696,20328.058,1707.370,0,1430.445,0,44.826,2919,2769,2,1.830,1.580,2,0,0,0,0,35,326,0,17,1
06-08 00:26:21,25.344,3.011,69.758,0.753,0,6548732,170040,45716,1321356,15014.611,1626.022,0,7873.161,0,381.413,3038,2838,2.160,1.870,1.590,2,0,0,0,0,35,326,0,17,1
06-08 00:26:22,24.021,4.254,66.809,3.003,0,6488992,255220,45972,1295612,10764.497,1795.584,28.025,44046.860,7.006,255.225,3231,2887,2.160,1.870,1.590,1,0,1.001,0,0,35,325,0,17,1
06-08 00:26:23,25.002,3.750,69.506,0.250,0.250,6515508,228728,46008,1295560,32117.657,1620.134,0,644.053,0,15.001,3069,2878,2.160,1.870,1.590,2,0,18.001,0,0,35,325,0,17,1
06-08 00:26:24,25.015,4.753,65.789,2.752,0,6560664,176612,46228,1302264,26073.576,4801.869,532.318,4046.417,20.012,414.247,3955,4019,2.160,1.870,1.590,1,1,21.013,0,0,35,325,0,13,1
06-08 00:26:25,42.761,11.003,41.761,3.501,0,6550048,183292,46276,1306144,12350.301,1760.471,3192.853,184.049,42.011,7.002,4420,3374,2.160,1.870,1.590,2,0,16.004,0,0,35,326,0,13,1
06-08 00:26:26,32.520,12.758,47.779,4.753,0,6557616,180592,46232,1301308,135564.804,4220427.867,6556.004,684.418,135.083,14.009,14773,22125,2.230,1.880,1.600,3,0,111.068,0,0,35,326,0,13,1
06-08 00:26:27,32.480,14.491,49.220,0.999,0,6532828,194672,46292,1311932,49430.499,113123.197,9737.991,80114.565,79.951,459.716,12913,19962,2.230,1.880,1.600,4,0,126.922,0,0,35,326,0,13,1
06-08 00:26:28,27.977,11.491,58.952,0,0.250,6528256,190932,46352,1320184,20813.946,12716.581,7509.847,1822.507,62.948,8.993,4746,4723,2.230,1.880,1.600,1,0,116.904,0,0,35,325,0,8,1
06-08 00:26:29,25.774,5.505,67.564,0,0,6504964,211376,46384,1323024,19842.819,1621.538,9737.235,2150.039,76.072,350.332,3590,3059,2.230,1.880,1.600,2,0,11.010,0,0,35,325,0,8,1
06-08 00:26:30,26.979,6.995,63.201,0,0,6508216,197876,46384,1333272,11700.986,1618.753,9720.511,3.997,75.941,0.999,11126,19586,2.230,1.880,1.600,1,0,45.965,0,0,35,325,0,9,1
06-08 00:26:31,26.729,4.746,66.448,0,0,6525364,170280,46404,1343700,10216.941,1618.723,9956.147,3.997,79.937,0.999,3447,3174,2.130,1.870,1.590,1,0,18.985,0,0,35,325,0,9,1
06-08 00:26:32,22.728,4.246,71.430,0.500,0,6534300,180472,46384,1324592,18672.712,4728.369,7688.470,1650.384,63.937,17.982,3151,2997,2.130,1.870,1.590,2,0,16.983,0,0,35,325,0,8,1
06-08 00:26:33,26.713,4.244,66.908,0,0,6519804,193076,46404,1326464,9843.502,1617.782,495.321,367.496,5.992,5.992,3428,3475,2.130,1.870,1.590,1,0,6.990,0,0,35,325,0,8,1
06-08 00:26:34,26.319,6.517,64.169,0.251,0,6544972,181440,46400,1312936,10450.563,1624.284,10010.402,513.354,81.214,20.053,9952,18422,2.130,1.870,1.590,2,0,8.021,0,0,35,325,0,8,1
06-08 00:26:35,25.913,7.973,63.537,0.249,0,6539504,176232,46424,1323592,23969.649,1453.129,9823.071,295.011,76.743,15.947,10813,19389,2.130,1.870,1.590,1,0,12.957,0,0,35,325,0,8,1
06-08 00:26:36,24.065,7.520,68.436,0,0,6522820,190200,46476,1326256,10587.770,1624.414,9754.506,657.787,76.207,17.046,3209,2910,2.040,1.850,1.590,3,0,7.019,0,0,35,325,0,8,1
06-08 00:26:37,29.757,6.001,62.515,0,0,6516704,199628,46420,1323004,14755.586,1620.394,9730.365,80.019,76.018,5.001,3492,2974,2.040,1.850,1.590,1,0,8.002,0,0,35,325,0,8,1
06-08 00:26:38,29.010,7.753,59.520,1.501,0,6492456,213128,46456,1333724,54634.443,1436838.038,10047.392,608.205,107.036,13.004,5099,4455,2.040,1.850,1.590,2,1,121.041,0,0,35,326,0,8,1
06-08 00:26:39,32.270,11.915,50.639,2.482,0,6495608,199672,46492,1343992,92580.370,2889304.667,9825.885,452.769,92.341,24.823,11963,16951,2.040,1.850,1.590,5,0,150.923,0,0,35,326,0,8,1
06-08 00:26:40,33.805,11.857,53.483,0,0,6508240,176912,46492,1354128,28565.892,17979.317,9816.624,4.036,76.692,1.009,6716,8498,2.040,1.850,1.590,2,0,151.367,0,0,35,326,0,8,1
06-08 00:26:41,21.934,5.483,70.039,0,0,6525556,182028,46436,1331752,17464.288,8102.544,9698.726,267.194,75.771,6.979,3512,3354,2.030,1.860,1.590,3,0,43.868,0,0,35,326,0,8,1
06-08 00:26:42,27.272,3.753,67.305,0,0,6512644,179616,46484,1347028,11596.498,1795.471,9551.824,1152.944,77.063,27.022,3416,3180,2.030,1.860,1.590,1,0,2.002,0,0,35,325,0,8,1
06-08 00:26:43,27.001,7.500,62.002,1.000,0,6541216,179840,46444,1318284,18960.691,1620.059,10112.369,456.017,91.003,3.000,10092,18153,2.030,1.860,1.590,3,0,13.000,0,0,35,325,0,8,1
06-08 00:26:44,27.765,7.754,62.034,0.250,0,6518588,191836,46576,1328784,19404.729,1458.807,9749.390,2281.261,77.043,107.059,11726,21279,2.030,1.860,1.590,2,0,6.003,0,0,35,325,0,5,1
06-08 00:26:45,23.231,7.744,67.194,0.250,0,6519924,179888,46596,1339376,11365.503,1618.647,9847.771,2449.953,76.936,354.704,3439,2976,2.030,1.860,1.590,2,0,13.988,0,0,35,325,0,5,1
06-08 00:26:46,25.755,5.001,66.264,1.000,0,6488756,208204,46616,1342208,30308.376,1620.341,9750.051,364.077,78.016,16.003,3531,3303,1.950,1.840,1.590,1,1,6.001,0,0,35,325,0,5,1
06-08 00:26:47,22.523,5.506,67.070,4.004,0,6504388,177480,46880,1357024,9781.173,1621.687,12084.569,36.037,400.416,2.002,3522,3601,1.950,1.840,1.590,0,1,0,0,0,35,325,0,5,1
06-08 00:26:48,24.507,3.751,65.768,4.001,0,6501524,183280,46992,1353976,11006.953,1620.435,10394.789,2124.570,105.028,69.019,5097,6148,1.950,1.840,1.590,1,0,0,0,0,35,327,0,7,1
06-08 00:26:49,21.740,5.248,63.221,8.246,0,6500360,175220,47488,1362704,12161.516,1619.270,8108.344,1927.131,121.945,205.907,6116,8329,1.950,1.840,1.590,1,0,1.000,0,0,35,328,0,10,1
06-08 00:26:50,21.771,8.508,63.311,4.254,0,6458984,211848,47748,1367192,15258.626,1621.554,4180.007,1073.029,111.107,131.126,6155,7470,1.950,1.840,1.590,1,0,94.090,0,0,35,327,0,11,1
06-08 00:26:51,16.000,23.500,56.249,1.500,0,6457276,202904,47896,1377696,124056.867,4266141.029,9943.909,511.995,129.999,25.000,8778,6727,1.960,1.850,1.590,2,0,405.996,0,0,35,328,0,11,1
06-08 00:26:52,22.492,22.492,53.481,0,0,6467400,182084,47912,1388376,31033.957,112856.842,9852.494,195.930,76.973,9.996,6773,6494,1.960,1.850,1.590,5,0,372.867,0,0,35,328,0,10,1
06-08 00:26:53,30.958,9.737,57.671,0.250,0,6509980,200380,47244,1328248,18246.021,12168.342,9894.455,6411.223,90.876,198.728,5127,5553,1.960,1.850,1.590,1,0,102.859,0,0,35,327,0,10,1
06-08 00:26:54,31.749,6.500,59.749,1.000,0,6543132,185600,47308,1309816,10424.755,1619.962,9431.778,543.987,84.998,57.999,4392,4734,1.960,1.850,1.590,1,0,1.000,0,0,35,328,0,10,1
06-08 00:26:55,25.016,6.504,66.293,0,0,6513516,204904,47328,1320188,11526.427,1621.044,9862.354,140.090,77.050,16.010,3723,3634,1.960,1.850,1.590,1,0,39.025,0,0,35,327,0,10,1
06-08 00:26:56,26.544,4.508,67.613,0.250,0.250,6537212,170876,47340,1330508,14539.282,1622.710,9744.274,116.194,76.127,8.013,3037,2770,1.880,1.830,1.590,3,0,0,0,0,35,327,0,10,1
06-08 00:26:57,27.500,4.500,66.999,0,0.250,6475060,247272,47332,1316316,11219.869,1619.981,10079.883,0,86.999,0,3734,3608,1.880,1.830,1.590,2,0,13.000,0,0,35,327,0,10,1
06-08 00:26:58,24.973,5.993,66.178,0,0,6522588,189152,47344,1326896,22990.892,1618.233,9717.388,3300.396,75.917,182.800,3740,3291,1.880,1.830,1.590,3,0,28.968,0,0,35,327,0,10,1
06-08 00:26:59,27.231,3.747,67.452,0,0,6541880,183812,47336,1312960,18332.070,1618.858,10088.884,55.961,80.943,4.996,3351,2914,1.880,1.830,1.590,1,0,0.999,0,0,35,327,0,10,1
06-08 00:27:00,28.541,6.009,60.586,2.754,0,6541540,176520,47752,1320220,20272.890,1622.312,6777.658,5447.763,84.120,780.112,7863,11196,1.880,1.830,1.590,1,0,0,0,0,35,328,0,10,1
06-08 00:27:01,25.908,6.477,66.763,0.249,0,6498544,212832,47824,1326832,16401.770,1614.269,6186.038,1574.411,53.809,111.604,4294,4758,1.970,1.850,1.600,2,0,34.876,0,0,35,327,0,10,1
06-08 00:27:02,26.033,3.755,68.838,0,0,6542688,179216,47420,1316716,24854.758,1459.865,9868.609,0,77.099,0,3030,2730,1.970,1.850,1.600,2,0,0,0,0,35,327,0,10,1
06-08 00:27:03,30.082,5.221,61.408,1.492,0,6545724,179368,47420,1313708,29069.870,451562.525,8361.367,19.889,75.578,0.994,4247,3844,1.970,1.850,1.600,3,1,51.712,0,0,35,328,0,10,1
06-08 00:27:04,29.995,12.855,52.681,3.025,0,6509144,205040,47540,1324500,116039.675,3861432.165,10207.539,3323.197,121.998,210.725,7534,6244,1.970,1.850,1.600,2,0,142.163,0,0,35,328,0,10,1
06-08 00:27:05,33.868,10.708,54.288,0,0,6528100,175840,47540,1334736,31468.056,112085.088,9690.141,15.938,75.704,1.992,5262,4933,1.970,1.850,1.600,7,0,110.568,0,0,35,328,0,10,1
06-08 00:27:06,25.949,8.733,63.875,0,0,6483104,210456,47540,1345116,12099.230,4964.247,9836.675,0,76.849,0,4344,4138,1.970,1.850,1.600,2,0,91.820,0,0,35,327,0,10,1
06-08 00:27:07,27.340,4.515,66.469,0,0,6529524,176880,47424,1332388,11288.234,1625.361,8873.268,88.291,75.248,3.010,3157,2845,1.970,1.850,1.600,4,0,0,0,0,35,327,0,10,1
06-08 00:27:08,27.569,5.012,62.907,2.757,0,6526480,183752,47484,1328656,10773.829,1624.044,8545.279,2502.231,83.207,184.459,5087,6199,1.970,1.850,1.600,6,0,0,0,0,35,328,0,10,1
06-08 00:27:09,26.169,7.477,62.058,1.745,0,6466364,232260,47832,1339916,21818.553,1453.507,10108.751,5044.406,89.723,323.002,5770,7443,1.970,1.850,1.600,2,0,35.889,0,0,35,327,0,10,1
06-08 00:27:10,27.068,4.511,67.168,0,0,6509984,178256,47844,1350288,11549.855,1624.057,9752.364,140.351,76.190,11.028,3184,2911,1.970,1.850,1.600,1,0,0,0,0,35,327,0,10,1
06-08 00:27:11,27.473,3.996,66.184,0.250,0,6530028,191172,47660,1317556,10922.139,1618.391,7792.251,103.897,103.897,14.985,3645,3632,1.890,1.840,1.600,1,0,0,0,0,35,327,0,10,1
06-08 00:27:12,15.017,18.271,65.826,0,0,6463460,251300,47740,1323916,11069.818,1621.878,6135.104,1101.275,53.061,74.086,5851,5344,1.890,1.840,1.600,1,0,274.318,0,0,35,327,0,10,1
06-08 00:27:13,10.252,21.005,66.764,0,0,6471864,232544,47740,1334268,14069.015,1690.362,9730.085,8.002,76.016,2.000,6256,5247,1.890,1.840,1.600,1,0,322.069,0,0,35,327,0,10,1
06-08 00:27:14,11.739,20.980,65.189,0,0,6472364,221488,47796,1344768,10104.558,1618.488,9734.904,291.727,76.928,27.974,6356,5757,1.890,1.840,1.600,1,0,305.714,0,0,35,327,0,10,1
06-08 00:27:15,21.003,17.002,60.259,0.250,0,6484256,202152,47812,1352696,9850.423,1620.234,5988.865,236.034,47.007,14.002,6445,8047,1.890,1.840,1.600,1,0,246.036,0,0,35,327,0,10,1
06-08 00:27:16,28.962,18.476,41.696,9.238,0,6492444,184624,47832,1361492,24790.699,6027.147,8696.669,87.885,131.828,5.992,6625,6737,1.980,1.860,1.600,8,0,196.744,0,0,35,328,0,10,1
06-08 00:27:17,38.503,24.002,22.252,14.751,0,6544776,174344,47744,1322088,20358.736,1620.138,9952.849,20.002,331.028,5.000,6994,11089,1.980,1.860,1.600,5,1,372.032,0,0,35,328,0,10,1
06-08 00:27:18,41.255,21.373,29.077,6.213,0,6525396,187096,47760,1326696,115939.232,4303679.832,10183.502,6052.046,242.559,505.000,10086,11156,1.980,1.860,1.600,3,0,242.559,0,0,35,328,0,11,1
06-08 00:27:19,48.382,22.679,23.939,3.780,0,6581112,170376,47860,1287292,26326.786,9639.077,12353.501,415.278,281.220,15.119,7359,8592,1.980,1.860,1.600,3,1,330.609,0,0,35,328,0,11,1
06-08 00:27:20,66.707,26.233,4.497,1.749,0,6699848,176028,46360,1164448,37380.751,166883.742,10441.227,531.655,133.913,24.984,7369,8807,1.980,1.860,1.600,5,0,383.751,0,0,35,332,0,12,1
06-08 00:27:21,57.779,24.262,12.256,5.503,0,6763092,243384,45120,1040156,40291.997,125821.447,12622.265,1204.598,224.111,124.062,9339,12603,2.380,1.940,1.630,3,0,314.156,0,0,35,332,0,10,1
06-08 00:27:22,60.748,17.000,18.999,2.250,0,6778920,215380,45868,1051032,9683.726,1619.954,10215.711,3999.887,107.997,342.990,10419,16833,2.380,1.940,1.630,2,0,101.997,0,0,35,336,0,11,1
06-08 00:27:23,47.174,25.958,16.473,8.486,0,6812856,197632,45096,1036196,19133.148,1855.009,13626.028,1377.778,346.441,117.810,8495,9244,2.380,1.940,1.630,4,2,357.424,0,0,35,335,0,11,1
06-08 00:27:24,51.940,20.976,13.984,12.236,0,6856856,182464,32320,1021440,15689.898,1923.780,15821.746,2445.179,304.649,169.804,8441,10935,2.380,1.940,1.630,3,1,216.750,0,0,35,336,0,11,1
06-08 00:27:25,69.030,19.687,4.237,6.230,0,6902124,193892,30008,970280,29266.801,1834.159,15131.813,4665.144,315.994,286.089,8356,10300,2.380,1.940,1.630,6,2,50.838,0,0,35,336,0,13,1
06-08 00:27:26,54.815,15.841,10.561,18.104,0,6924172,176480,31128,966124,20577.355,2047.778,29356.852,1653.511,1590.146,59.341,7656,8565,2.750,2.030,1.660,1,2,34.197,0,0,35,339,0,13,1
06-08 00:27:27,30.922,12.718,28.927,26.433,0,6924320,212696,29928,932212,16614.934,2516.628,15931.664,594.495,563.573,37.904,6231,7003,2.750,2.030,1.660,2,2,29.924,0,0,35,341,0,15,1
06-08 00:27:28,23.244,4.749,61.984,7.498,0,6955272,192928,29208,922096,17721.479,3648.069,13644.519,67.983,336.914,9.997,3810,3682,2.750,2.030,1.660,1,0,0,0,0,35,341,0,15,1
06-08 00:27:29,20.304,3.760,59.911,14.038,0,6964312,193580,29336,912588,36660.277,5122.733,18481.545,1471.946,494.325,126.339,3679,3717,2.750,2.030,1.660,1,0,1.003,0,0,35,341,0,15,1
06-08 00:27:30,26.002,4.500,61.754,5.500,0,6975720,199932,29888,894452,219256.056,8508.507,11164.665,3444.205,198.012,161.010,4007,4021,2.750,2.030,1.660,2,1,6.000,0,0,35,340,0,16,2
06-08 00:27:31,18.157,12.934,33.579,33.579,0,6991556,175328,30824,902324,17003.296,6123.773,17649.998,8186.256,261.666,500.448,5606,5302,2.690,2.030,1.660,0,3,52.731,0,0,35,341,0,16,1
06-08 00:27:32,12.808,5.023,38.172,40.684,0,6986776,192108,30468,890888,22693.475,131296.889,17157.477,397.796,234.057,41.186,4136,4274,2.690,2.030,1.660,1,1,40.181,0,0,35,343,0,16,1
06-08 00:27:33,10.753,6.752,74.773,4.501,0,6971488,196268,30520,902080,141734.734,4377401.826,10431.145,420.127,133.040,31.009,6327,4921,2.690,2.030,1.660,1,0,67.020,0,0,35,343,0,15,1
06-08 00:27:34,12.258,9.757,72.800,2.001,0,6969424,186676,30556,913700,29490.393,240574.363,10983.595,108.075,101.070,13.009,5020,5106,2.690,2.030,1.660,3,0,106.073,0,0,35,343,0,15,1
06-08 00:27:35,11.466,7.977,74.283,4.238,0,6968032,177212,30572,924540,35687.587,316586.745,10162.268,175.487,81.761,10.968,4603,4583,2.690,2.030,1.660,1,0,102.700,0,0,35,342,0,15,1
06-08 00:27:36,8.254,2.501,86.293,0.250,0,6965924,197860,28652,907920,9480.717,1512.753,9884.918,200.100,80.040,26.013,2661,3204,2.480,1.990,1.650,0,0,1.000,0,0,35,344,0,15,1
06-08 00:27:37,8.769,2.505,86.434,0.501,0,6970160,182992,28804,918412,10222.814,1623.464,9748.802,525.121,76.163,66.141,2861,3601,2.480,1.990,1.650,2,0,1.002,0,0,35,346,0,15,1
06-08 00:27:38,6.245,1.998,89.682,0,0,6972272,170820,28836,928440,11003.661,1618.773,9736.622,83.936,76.942,11.991,2521,3148,2.480,1.990,1.650,1,0,0,0,0,35,346,0,15,1
06-08 00:27:39,6.244,2.248,89.158,0.499,0,6965680,177204,28376,929160,12506.108,1618.332,9741.958,239.753,78.919,19.979,2592,3261,2.480,1.990,1.650,1,0,0.999,0,0,35,346,0,15,1
06-08 00:27:40,5.992,1.748,89.880,0,0,6965156,192100,28304,914988,12179.764,1617.843,9842.879,103.862,76.897,7.989,2348,2830,2.480,1.990,1.650,0,0,0,0,0,35,346,0,15,1
06-08 00:27:41,5.760,2.505,89.411,0.250,0,6965008,182304,28316,924920,18554.496,1622.930,9753.608,36.065,78.141,4.007,2600,3084,2.280,1.960,1.650,2,0,0,0,0,35,346,0,15,1
06-08 00:27:42,6.752,2.251,86.281,2.001,0,6965780,170480,28444,935848,10260.721,1620.588,9995.625,600.218,88.032,61.022,2926,3809,2.280,1.960,1.650,0,0,0,0,0,35,346,0,15,1
06-08 00:27:43,6.252,2.001,89.774,0.250,0,6966020,170004,28508,936020,10570.807,1710.454,9858.618,708.188,77.020,45.012,2501,3181,2.280,1.960,1.650,1,0,0,0,0,35,346,0,15,1
06-08 00:27:44,6.247,1.999,88.703,0.250,0,6965184,188716,28340,918456,21061.767,1457.223,9738.806,111.940,76.959,11.994,2461,3110,2.280,1.960,1.650,1,0,0,0,0,35,346,0,15,1
06-08 00:27:45,5.248,2.499,89.473,0,0,6972560,171324,28356,928456,12740.160,3054.079,9725.068,175.947,75.977,10.997,2294,2760,2.280,1.960,1.650,0,0,1.999,0,0,35,347,0,15,1
06-08 00:27:46,11.773,8.767,76.149,0.751,0,6978340,174620,28372,919968,121627.810,4380840.546,10464.460,156.306,154.302,17.033,6610,5158,2.180,1.940,1.640,0,0,101.198,0,0,35,347,0,15,1
06-08 00:27:47,13.245,9.497,74.473,0.500,0,6968080,185296,28388,919624,34179.446,244759.104,9740.423,267.902,76.972,24.991,5191,5251,2.180,1.940,1.640,1,0,109.960,0,0,35,347,0,15,1
06-08 00:27:48,10.974,8.231,78.814,0,0,6968816,174048,28404,930128,35573.833,315358.866,9705.038,47.887,75.821,5.986,4779,4814,2.180,1.940,1.640,2,0,102.757,0,0,35,346,0,15,1
06-08 00:27:49,8.265,2.755,84.904,1.002,0,6994936,173164,28052,905444,19176.840,1622.949,8655.726,48.087,73.133,6.011,2696,2990,2.180,1.940,1.640,2,0,1.002,0,0,35,346,0,15,1
06-08 00:27:50,4.997,2.248,90.938,0,0,6968028,212276,28068,893276,9622.422,1618.893,11.992,331.773,2.998,28.980,2042,2747,2.180,1.940,1.640,2,0,0,0,0,35,346,0,11,1
06-08 00:27:51,3.743,1.996,92.067,0,0,6969380,210916,28084,893268,19056.216,1616.794,0,95.810,0,6.986,2017,2428,2,1.910,1.630,0,0,6.986,0,0,35,346,0,11,1
06-08 00:27:52,4.005,1.001,93.375,0.751,0,6969416,210692,28140,893400,11221.984,1459.949,112.150,168.225,5.007,22.029,1945,2798,2,1.910,1.630,1,1,0,0,0,35,346,0,11,1
06-08 00:27:53,5.510,1.503,86.914,4.008,0,6969328,210440,28240,893640,10910.574,1623.061,248.469,577.088,15.028,50.094,2516,3670,2,1.910,1.630,0,0,0,0,0,35,346,0,11,1
06-08 00:27:54,7.956,3.232,85.028,1.989,0,7004332,210348,28256,858712,11027.838,1700.568,71.603,1264.984,5.967,147.184,3024,4027,2,1.910,1.630,3,0,0.994,0,0,35,346,0,10,1
06-08 00:27:55,3.015,1.508,92.975,0.251,0,7003744,210348,28520,859036,10021.170,1628.314,40.205,3296.834,4.021,188.965,2285,3539,2,1.910,1.630,2,0,0,0,0,35,346,0,10,1
06-08 00:27:56,4.249,0.750,92.988,0.500,0,7003932,210124,28568,859024,22252.039,1619.784,15.998,203.973,1.000,18.997,1948,2672,1.840,1.880,1.620,2,0,0,0,0,35,346,0,10,1
06-08 00:27:57,3.996,1.249,92.411,0.500,0.250,7001416,212504,28624,859104,10453.983,1618.449,47.954,3728.428,1.998,558.465,2301,2962,1.840,1.880,1.620,0,0,0,0,0,35,346,0,10,1
06-08 00:27:58,4.996,3.747,88.435,0.250,0,6998648,215264,28632,859104,16058.255,6042.580,11.991,35.974,2.998,3.997,2534,3026,1.840,1.880,1.620,1,0,32.976,0,0,35,347,0,10,1
06-08 00:27:59,8.264,6.261,78.384,3.756,0,6976504,237004,28632,859508,123148.435,4374376.905,388.664,4.007,49.084,1.002,5540,3968,1.840,1.880,1.620,1,0,74.127,0,0,35,347,0,10,1
06-08 00:28:00,11.242,9.743,76.692,0,0,6979172,234304,28656,859520,31184.541,243536.795,3.997,211.841,0.999,15.988,4944,4922,1.840,1.880,1.620,0,0,154.883,0,0,35,347,0,11,1
06-08 00:28:01,7.727,5.733,84.248,0,0,6973516,239956,28656,859520,25899.378,314197.333,0,0,0,0,3526,3798,1.690,1.850,1.610,0,0,54.836,0,0,35,346,0,11,1
06-08 00:28:02,3.511,1.254,92.298,1.003,0,6974152,239244,28688,859564,12363.865,1462.716,16.052,128.414,1.003,14.045,1875,2681,1.690,1.850,1.610,3,1,0,0,0,35,346,0,10,1
06-08 00:28:03,8.979,1.995,82.804,3.991,0,6989192,223124,28924,860408,141901.422,5720.472,905.858,538.726,23.943,48.884,2449,3118,1.690,1.850,1.610,1,0,2.993,0,0,35,346,0,10,1
06-08 00:28:04,18.961,4.740,71.105,3.493,0.249,6991104,220856,29248,860440,306518.585,11338.864,395.194,379.226,18.961,24.949,3928,3941,1.690,1.850,1.610,4,0,21.955,0,0,35,346,0,10,1
06-08 00:28:05,17.339,5.026,73.626,1.508,0,7012240,199404,29348,860656,379947.677,14037.775,168.863,924.728,8.041,90.463,4943,4343,1.690,1.850,1.610,1,0,22.113,0,0,35,346,0,10,1
06-08 00:28:06,16.740,6.746,68.959,5.996,0,7005280,201180,29376,865812,18275.047,485.709,1087.348,167.899,34.979,10.993,3374,3079,1.640,1.830,1.610,1,0,19.988,0,0,35,346,0,10,1
