"pcp-dstat 6.2.0 CSV Output"
"Author:","PCP team <pcp@groups.io> and Dag Wieers <dag@wieers.com>",,,,"URL:","https://pcp.io/ and http://dag.wieers.com/home-made/dstat/"
"Host:","np0000000098",,,,"User:","ubuntu"
"Cmdline:","dstat -tcmndrylpg --tcp --output /tmp/devstack_logs/dstat-csv.log",,,,"Date:","05 Feb 2026 04:57:15 UTC"
"system","total usage",,,,,"memory usage",,,,"net/total",,"dsk/total",,"io/total",,"system",,"load avg",,,"procs",,,"paging",,"tcp sockets",,,,
"time","total usage:usr","total usage:sys","total usage:idl","total usage:wai","total usage:stl","used","free","buf","cach","net/total:recv","net/total:send","dsk/total:read","dsk/total:writ","read","writ","int","csw","1m","5m","15m","run","blk","new","in","out","lis","act","syn","tim","clo"
05-02 04:57:15,,991032,918520,217340,5602092,,,,,,,0.990,0.860,0.630,2,0,,,,19,2,0,7,0
05-02 04:57:16,7.724,19.435,70.264,0,0,983728,925796,217340,5602120,15017.489,1614.569,0,0,0,0,5369,3632,0.990,0.860,0.630,2,0,315.937,0,0,19,2,0,7,0
05-02 04:57:17,9.034,20.828,69.258,0,0,997252,912112,217340,5602280,11825.131,1626.068,0,16.060,0,4.015,5461,3571,0.990,0.860,0.630,1,0,330.232,0,0,19,2,0,7,0
05-02 04:57:18,16.476,17.475,65.655,0,0,982128,927216,217340,5602296,15976.873,1617.658,0,15.977,0,3.994,5422,4844,0.990,0.860,0.630,1,0,234.660,0,0,19,2,0,7,0
05-02 04:57:19,15.747,16.997,66.237,0,0,984268,925044,217340,5602652,12671.438,1661.664,0,15.997,0,3.999,5558,5614,0.990,0.860,0.630,4,0,215.956,0,0,19,2,0,7,0
05-02 04:57:20,11.971,11.472,73.320,1.247,0,1095364,813784,217340,5727352,10829.410,1616.032,0,47918.342,0,244.400,4093,5032,0.990,0.860,0.630,1,0,102.748,0,0,20,4,0,7,0
05-02 04:57:21,18.696,9.971,69.797,0,0,1083144,825984,217340,5727380,10173.394,1615.299,0,117968.693,0,663.070,3455,2244,0.990,0.860,0.630,1,0,63.814,0,0,20,4,0,7,0
05-02 04:57:22,17.851,9.051,72.412,0,0,1084076,825024,217340,5727392,15937.599,1699.662,0,20.114,0,5.029,3210,2072,0.990,0.860,0.630,2,0,117.669,0,0,20,4,0,7,0
05-02 04:57:23,18.414,7.963,72.660,0.498,0,1110016,799072,217344,5727400,11942.174,1612.462,0,3177.148,0,35.832,3087,2447,1,0.860,0.640,1,0,72.660,0,0,20,4,0,9,0
05-02 04:57:24,23.245,2.749,72.984,0,0,1152640,754972,217376,5728628,19868.679,1619.648,0,0,0,0,1950,1301,1,0.860,0.640,2,0,0,0,0,20,4,0,9,0
05-02 04:57:25,23.486,2.249,73.457,0.250,0,1173052,734560,217376,5728628,15394.067,1457.154,0,1575.086,0,15.991,1870,1180,1,0.860,0.640,2,0,0,0,0,20,4,0,9,0
05-02 04:57:26,14.092,7.298,65.429,10.569,0,1174596,725300,217916,5735604,17875.208,1630.693,0,74903.143,0,3025.841,12793,23586,1,0.860,0.640,2,0,52.343,0,0,20,6,0,9,0
05-02 04:57:27,19.866,4.470,64.069,8.195,0,1173864,722780,218364,5738400,15383.570,1609.181,0,37094.598,0,2828.980,11154,20505,1,0.860,0.640,2,0,29.800,0,0,20,4,0,9,0
05-02 04:57:28,18.838,7.535,72.338,0,0,1178884,717752,218364,5738408,12105.494,1627.596,0,643.001,0,33.155,2844,2012,1,0.870,0.640,1,0,76.356,0,0,20,4,0,9,0
05-02 04:57:29,22.682,3.739,71.785,0.997,0,1215512,681060,218428,5738408,8184.501,1615.165,0,7497.557,0,415.755,2644,3078,1,0.870,0.640,1,0,0,0,0,20,4,0,9,0
05-02 04:57:30,24.756,1.500,72.766,0.250,0,1196748,699820,218432,5738408,16054.634,1620.367,0,276.062,0,19.004,1925,1196,1,0.870,0.640,1,0,4.001,0,0,20,4,0,9,0
05-02 04:57:31,22.739,3.998,72.464,0,0,1176108,720432,218432,5738420,14617.731,1619.195,0,14204.936,0,50.975,2089,1359,1,0.870,0.640,1,0,5.997,0,0,20,4,0,9,0
05-02 04:57:32,23.008,2.501,73.277,0,0.250,1202788,693748,218432,5738424,83588.299,1620.587,0,0,0,0,2043,1285,1,0.870,0.640,1,0,0,0,0,20,4,0,9,0
05-02 04:57:33,21.064,6.269,72.470,0,0,1186932,709588,218432,5738440,11618.332,1624.941,0,4.012,0,1.003,2728,1715,0.920,0.850,0.630,2,0,84.256,0,0,20,4,0,9,0
05-02 04:57:34,9.247,19.994,69.730,0,0,1176964,719520,218432,5738472,16264.450,1619.547,0,11.997,0,2.999,5525,3647,0.920,0.850,0.630,1,0,310.913,0,0,20,4,0,9,0
05-02 04:57:35,9.774,20.800,67.913,0,0,1166916,729504,218432,5738528,12170.284,1623.907,0,569.370,0,10.024,5449,3764,0.920,0.850,0.630,1,0,312.753,0,0,20,4,0,9,0
05-02 04:57:36,21.992,12.495,64.226,0.250,0,1156716,739444,218432,5738832,8505.865,1457.463,0,1407.481,0,164.939,5380,6742,0.920,0.850,0.630,0,0,143.947,0,0,20,4,0,9,0
05-02 04:57:37,42.759,12.181,43.505,0.249,0,1203172,692832,218440,5739328,15557.377,1610.927,0,588.684,0,38.782,4490,3452,0.920,0.850,0.630,2,0,130.266,0,0,20,5,0,9,0
05-02 04:57:38,47.124,4.011,48.378,0,0,1264148,631848,218440,5739340,18675.310,1624.289,0,0,0,0,2721,1165,1,0.870,0.640,2,0,1.003,0,0,20,5,0,9,0
05-02 04:57:39,46.483,4.498,48.483,0,0,1292936,602616,218440,5739784,8204.040,1661.401,0,223.919,0,2.999,2659,1119,1,0.870,0.640,2,0,0,0,0,20,5,0,9,0
05-02 04:57:40,44.025,8.255,46.777,0,0,1311720,581652,218440,5741656,15536.837,1620.922,0,700.398,0,52.030,3122,2826,1,0.870,0.640,2,0,0,0,0,20,5,0,9,0
05-02 04:57:41,16.455,10.471,72.053,0,0,1334316,558536,218440,5743660,11489.601,1615.585,0,6318.732,0,271.259,4041,5138,1,0.870,0.640,3,0,151.586,0,0,20,4,0,10,0
05-02 04:57:42,20.249,5.500,73.247,0,0,1335940,556856,218440,5742104,16501.265,1619.928,0,2635.883,0,19.999,2963,6328,1,0.870,0.640,1,0,23.999,0,0,20,4,0,11,0
05-02 04:57:43,22.296,3.758,73.904,0,0,1384576,508220,218440,5742104,10918.743,1623.381,0,881.837,0,2.004,1856,1304,1,0.870,0.640,3,0,0,0,0,20,4,0,11,0
05-02 04:57:44,24.273,0.751,73.819,0,0,1392640,500156,218440,5742104,8751.177,1663.554,0,0,0,0,1682,997,1,0.870,0.640,2,0,0,0,0,20,4,0,10,0
05-02 04:57:45,23.983,2.248,71.199,1.499,0,1403244,489288,218480,5742392,15151.126,1618.838,0,3401.559,0,302.783,3844,5076,1,0.870,0.640,2,0,0.999,0,0,20,10,0,10,0
05-02 04:57:46,19.753,7.001,72.513,0,0,1323012,569520,218480,5742392,12369.136,1458.252,0,148.026,0,9.002,2397,1579,1,0.870,0.640,1,0,42.007,0,0,20,4,0,12,0
05-02 04:57:47,19.973,2.746,73.152,3.495,0,1353988,538020,218752,5742608,14984.022,1617.843,487.350,259.654,21.971,51.931,1745,1107,1,0.870,0.640,1,0,0,0,0,20,4,0,12,0
05-02 04:57:48,23.768,2.252,72.053,0.250,0,1375328,516376,218760,5742832,12015.853,1621.194,0,1473.085,0,50.037,2625,2341,1,0.880,0.650,1,0,2.001,0,0,20,16,0,12,0
05-02 04:57:49,15.251,2.750,73.003,8.750,0,1380084,511112,218804,5743064,18438.657,1620.058,268.010,1824.065,66.002,26.001,1901,1624,1,0.880,0.650,3,0,1.000,0,0,20,27,0,12,0
05-02 04:57:50,20.511,5.503,72.538,0,0,1374016,517164,218804,5743080,12316.424,1620.845,0,0,0,0,2449,1794,1,0.880,0.650,1,0,44.023,0,0,20,28,0,13,0
05-02 04:57:51,23.497,3.250,73.242,0,0,1421388,469788,218804,5743084,8486.088,1619.826,0,4.000,0,1.000,1848,1199,1,0.880,0.650,2,0,0,0,0,20,28,0,13,0
05-02 04:57:52,20.811,9.277,68.952,0,0,1422804,468344,218804,5743112,9966.135,1624.750,0,2350.873,0,69.202,3349,2468,1,0.880,0.650,3,0,146.428,0,0,20,28,0,13,0
05-02 04:57:53,41.628,8.974,48.607,0,0,1447780,443364,218804,5743112,16335.986,1708.977,0,119.648,0,4.985,2949,1489,1.080,0.900,0.650,2,0,9.971,0,0,20,28,0,13,0
05-02 04:57:54,46.166,4.516,48.424,0,0,1477652,413480,218804,5743120,12336.260,1625.833,0,0,0,0,3425,2526,1.080,0.900,0.650,3,0,0,0,0,20,30,0,13,0
05-02 04:57:55,46.172,16.472,35.690,0.499,0,1469180,421552,218808,5743520,14609.436,1617.281,0,175.705,0,23.960,6828,8267,1.080,0.900,0.650,4,0,321.459,0,0,20,28,0,13,0
05-02 04:57:56,73.872,26.544,0,0,0,1541908,348768,218808,5743560,13872.894,1460.410,0,24.040,0,6.010,5232,3824,1.080,0.900,0.650,7,0,256.423,0,0,20,28,0,13,0
05-02 04:57:57,88.410,11.488,0.499,0,0,1708440,182236,218812,5743556,14578.234,1618.361,0,1786.191,0,24.975,5358,3252,1.080,0.900,0.650,6,0,0,0,0,20,29,0,13,0
05-02 04:57:58,88.085,10.730,0.749,0,0,1779768,251432,212732,5610524,11800.913,1616.974,3.993,171.679,0.998,20.961,7252,7164,1.480,0.980,0.680,8,0,0.998,0,0,20,30,0,14,0
05-02 04:57:59,84.683,12.026,2.004,0,0,1626252,404740,212732,5610752,9157.791,1623.509,0,621.343,0,37.080,7845,10143,1.480,0.980,0.680,4,0,150.325,0,0,20,29,0,14,0
05-02 04:58:00,32.158,10.470,57.336,0,0,1491456,539504,212732,5610784,8995.267,1615.379,19.943,335.042,1.994,23.932,3565,2922,1.480,0.980,0.680,2,0,159.544,0,0,20,28,0,14,0
05-02 04:58:01,23.258,3.001,72.773,0,0,1524564,506384,212736,5610792,16866.439,1620.523,0,136.044,0,8.003,2182,1571,1.480,0.980,0.680,2,0,0,0,0,20,28,0,14,0
05-02 04:58:02,20.730,7.243,70.182,0.500,0,1487204,543720,212744,5610808,77892.042,1618.422,3.996,1206.823,0.999,70.931,3719,3542,1.480,0.980,0.680,4,0,73.928,0,0,20,28,0,14,0
05-02 04:58:03,21.267,4.504,73.307,0.250,0,1534000,496920,212744,5610812,16114.558,1621.263,0,56.044,0,6.005,1940,1325,1.440,0.980,0.680,2,0,0,0,0,20,28,0,14,0
05-02 04:58:04,23.747,2.750,72.242,0,0,1530648,500248,212744,5610836,14527.406,1619.822,0,143.984,0,19.998,3131,3327,1.440,0.980,0.680,2,0,0,0,0,20,28,0,14,0
05-02 04:58:05,10.286,20.071,68.743,0,0,1505904,525000,212748,5610824,16952.029,1625.757,0,196.697,0,8.028,5313,3724,1.440,0.980,0.680,2,0,393.393,0,0,20,28,0,11,0
05-02 04:58:06,36.945,33.451,28.708,0,0,1521720,509148,212748,5610860,11457.085,1455.851,0,259.617,0,19.971,5850,4836,1.440,0.980,0.680,5,0,642.052,0,0,20,28,0,11,0
05-02 04:58:07,87.354,12.765,0,0,0,1620812,410032,212748,5610884,8056.561,1621.925,0,616.732,0,40.048,4810,2436,1.440,0.980,0.680,5,0,3.004,0,0,20,28,0,11,0
05-02 04:58:08,90.278,8.503,1.000,0,0,1700812,330028,212748,5610888,16632.149,1620.502,0,88.027,0,6.002,5405,3628,1.720,1.050,0.710,2,0,1.000,0,0,20,32,0,11,0
05-02 04:58:09,80.137,7.489,11.484,0.250,0,1667640,362904,212772,5611160,13465.049,1617.723,0,503.292,0,61.913,8098,13568,1.720,1.050,0.710,6,0,8.987,0,0,20,29,0,13,0
05-02 04:58:10,75.860,23.534,0.250,0,0,1582472,448068,212772,5611164,8138.793,1622.351,0,304.441,0,25.036,5551,4946,1.720,1.050,0.710,6,0,301.437,0,0,20,28,0,13,0
05-02 04:58:11,87.500,12.250,0,0,0,1659980,370528,212772,5611196,16648.028,1620.003,0,148.000,0,8.000,4848,2446,1.720,1.050,0.710,6,0,0,0,0,20,28,0,13,0
05-02 04:58:12,89.001,9.500,1.500,0,0.250,1740912,289488,212784,5611292,10715.067,1620.010,0,788.005,0,42.000,6095,5459,1.720,1.050,0.710,4,0,0,0,0,20,32,0,13,0
05-02 04:58:13,89.499,8.250,2.000,0,0,1775440,254652,212784,5611600,17474.826,1619.984,0,807.992,0,1.000,7114,10351,2.070,1.130,0.740,6,0,40.000,0,0,20,28,0,14,1
05-02 04:58:14,63.727,15.494,20.493,0.250,0,1684864,345008,212792,5611812,15011.604,1619.418,0,379.863,0,31.989,7936,9611,2.070,1.130,0.740,2,0,227.918,0,0,20,28,0,14,0
05-02 04:58:15,41.355,9.467,47.832,0,0,1635888,393984,212792,5611812,8497.190,1614.337,0,151.469,0,11.958,3260,1967,2.070,1.130,0.740,3,0,29.895,0,0,20,28,0,14,0
05-02 04:58:16,45.743,4.999,48.742,0,0,1648064,381800,212792,5611820,18714.117,1619.750,0,0,0,0,3006,1505,2.070,1.130,0.740,2,0,0,0,0,20,29,0,14,0
05-02 04:58:17,44.427,16.315,37.399,0,0,1624160,405748,212792,5611880,15715.591,1463.830,0,3598.331,0,432.723,6413,7321,2.070,1.130,0.740,5,0,311.240,0,0,20,28,0,14,0
05-02 04:58:18,69.751,15.000,15.500,0,0,1629152,400756,212792,5611880,9271.161,1620.028,0,168.003,0,9.000,4225,2127,2.140,1.160,0.750,3,0,69.001,0,0,20,28,0,14,0
05-02 04:58:19,67.701,6.495,24.732,0,0,1627928,401956,212792,5611904,16652.963,1660.800,0,219.841,0,16.988,4593,3498,2.140,1.160,0.750,4,0,0,0,0,20,29,0,14,0
05-02 04:58:20,58.939,16.233,23.726,0,0,1497224,532440,212804,5612112,11494.146,1618.331,0,507.477,0,45.953,7117,9520,2.140,1.160,0.750,4,0,257.734,0,0,20,28,0,17,0
05-02 04:58:21,85.902,14.275,0,0,0,1544852,484812,212808,5612108,17857.529,1622.865,0,184.325,0,9.016,4678,2019,2.140,1.160,0.750,4,0,0,0,0,20,28,0,17,0
05-02 04:58:22,87.697,8.495,3.248,0,0,1622640,406988,212816,5612136,14891.978,1619.019,0,1067.353,0,54.967,5550,4310,2.140,1.160,0.750,5,0,0,0,0,20,30,0,17,0
05-02 04:58:23,65.924,14.983,17.979,0.250,0,1555280,474152,212848,5612300,11200.110,1618.138,0,5585.572,0,254.707,8201,12332,2.530,1.260,0.780,5,0,247.715,0,0,20,28,0,18,0
05-02 04:58:24,61.862,15.779,22.040,0,0,1599740,429636,212848,5612356,16872.593,1622.943,0,4.007,0,1.002,4031,1860,2.530,1.260,0.780,4,0,76.138,0,0,20,28,0,18,0
05-02 04:58:25,68.161,6.491,24.718,0,0.250,1632300,397056,212852,5612372,14837.549,1659.824,0,367.518,0,13.982,4344,2587,2.530,1.260,0.780,3,0,0,0,0,20,29,0,16,0
05-02 04:58:26,58.572,17.271,23.529,0,0,1518684,510604,212860,5612432,15799.297,1621.981,0,348.426,0,34.042,8070,10056,2.530,1.260,0.780,3,0,299.366,0,0,20,28,0,17,0
05-02 04:58:27,62.490,12.248,24.496,0,0,1569364,459904,212860,5612452,17784.134,1457.765,0,179.971,0,7.999,3680,1544,2.530,1.260,0.780,3,0,0,0,0,20,28,0,17,0
05-02 04:58:28,68.600,6.486,24.197,0,0,1617248,411872,212860,5612600,14974.174,1616.456,0,1428.868,0,148.674,4567,2990,2.570,1.290,0.790,6,0,0.998,0,0,20,31,0,18,0
05-02 04:58:29,59.642,18.294,21.551,0,0,1492600,536204,212860,5612916,17118.888,1623.879,0,1106.643,0,34.081,7679,9348,2.570,1.290,0.790,3,0,287.687,0,0,20,28,0,19,0
05-02 04:58:30,64.277,10.713,23.917,0,0,1565084,463704,212860,5612932,8402.848,1614.399,0,199.309,0,8.969,3826,1522,2.570,1.290,0.790,3,0,0,0,0,20,28,0,19,0
05-02 04:58:31,65.391,7.015,27.810,0.251,0,1613820,414804,212868,5613088,7617.402,1623.496,0,729.571,0,50.108,5171,5338,2.570,1.290,0.790,2,0,0,0,0,20,31,0,19,0
05-02 04:58:32,57.829,14.019,26.536,0,0,1547188,481376,212884,5613132,81640.325,2155.940,0,372.508,0,38.052,6273,6046,2.570,1.290,0.790,3,0,112.153,0,0,20,28,0,20,0
05-02 04:58:33,67.539,7.975,23.676,0,0,1546288,482264,212888,5613140,16476.494,1614.952,0,263.177,0,9.969,3850,1353,2.600,1.320,0.810,3,0,0,0,0,20,28,0,20,0
05-02 04:58:34,65.144,6.013,28.312,0.251,0,1562536,465956,212896,5613192,16179.645,1623.577,0,585.289,0,47.104,6403,7892,2.600,1.320,0.810,3,0,0,0,0,20,29,0,22,0
05-02 04:58:35,61.803,29.275,8.257,0,0,1545856,482496,212896,5613332,11872.133,1621.384,0,316.270,0,34.029,6070,5231,2.600,1.320,0.810,7,0,481.411,0,0,20,28,0,22,0
05-02 04:58:36,76.749,23.250,0,0,0,1593976,434264,212896,5613444,15390.816,1619.981,0,179.998,0,11.000,5339,4007,2.600,1.320,0.810,7,0,293.996,0,0,20,28,0,22,0
05-02 04:58:37,83.984,16.247,0,0,0,1720220,308020,212900,5613440,15997.994,1869.649,0,375.929,0,19.996,5666,4459,2.600,1.320,0.810,8,0,269.949,0,0,20,28,0,22,0
05-02 04:58:38,83.990,15.998,0.750,0,0,1786720,241504,212900,5613456,7640.057,1457.820,0,1779.780,0,145.982,6401,6200,2.960,1.410,0.840,7,0,255.968,0,0,20,29,0,22,0
05-02 04:58:39,81.775,17.255,0.750,0,0,1749452,278600,212904,5613624,15839.791,1662.503,0,404.122,0,37.011,7206,9595,2.960,1.410,0.840,9,0,300.091,0,0,20,29,0,22,0
05-02 04:58:40,78.117,21.963,0,0,0,1670172,357744,212904,5613760,11973.676,1617.255,0,91.844,0,10.981,5700,4529,2.960,1.410,0.840,5,0,253.570,0,0,20,28,0,22,0
05-02 04:58:41,89.908,10.268,0.250,0,0,1661960,365924,212904,5613792,10405.230,1622.843,0,0,0,0,4757,1863,2.960,1.410,0.840,8,0,0,0,0,20,29,0,22,0
05-02 04:58:42,87.817,9.730,1.247,0,0,1729392,298436,212904,5613832,15008.645,1658.535,3.992,387.191,0.998,15.967,6581,12332,2.960,1.410,0.840,4,0,35.925,0,0,20,31,0,22,0
05-02 04:58:43,73.859,9.264,15.523,0,0,1709780,317848,212904,5614032,14818.941,1622.402,0,52.077,0,3.004,8546,13497,3.200,1.490,0.870,4,0,93.138,0,0,20,29,0,24,0
05-02 04:58:44,23.741,28.739,46.232,0.250,0,1533304,494268,212908,5614084,15584.999,1661.360,0,207.920,0,13.995,6189,5154,3.200,1.490,0.870,3,0,619.761,0,0,20,28,0,24,0
05-02 04:58:45,38.289,37.037,25.025,0,0,1541928,485628,212908,5614100,11369.484,1621.638,0,276.279,0,25.025,6033,5038,3.200,1.490,0.870,5,0,695.703,0,0,20,28,0,24,0
05-02 04:58:46,74.756,25.752,0,0,0,1581632,445884,212908,5614140,12167.989,1620.132,0,24.002,0,6.000,5470,4213,3.200,1.490,0.870,8,0,427.035,0,0,20,28,0,22,0
05-02 04:58:47,83.909,15.733,0,0,0,1673704,353772,212908,5614180,18359.116,1618.247,0,363.606,0,17.981,5696,4612,3.200,1.490,0.870,6,0,209.773,0,0,20,29,0,22,0
05-02 04:58:48,89.317,8.506,1.251,0,0,1752136,275188,212916,5614328,14468.808,1621.211,0,608.454,0,86.064,7377,8761,3.740,1.630,0.920,6,0,8.006,0,0,20,31,0,22,0
05-02 04:58:49,82.014,17.253,0.750,0,0,1644296,382916,212940,5614416,13381.323,1458.253,4.001,504.088,1.000,41.007,6853,7070,3.740,1.630,0.920,6,0,212.037,0,0,20,31,0,22,0
05-02 04:58:50,82.246,17.749,0.500,0,0,1633892,393316,212964,5614396,25600.661,4692.755,0,999.948,0,24.999,6326,5471,3.740,1.630,0.920,6,0,150.992,0,0,20,33,0,21,0
05-02 04:58:51,88.750,11.250,0,0,0,1713972,306892,213220,5619732,15720.952,1793.995,0,1047.997,0,21.000,5516,3565,3.740,1.630,0.920,6,0,1.000,0,0,20,32,0,21,0
05-02 04:58:52,89.966,9.246,0.500,0,0,1767588,251544,213292,5621152,15447.146,1619.386,0,335.873,0,7.997,6465,6419,3.740,1.630,0.920,6,0,1.000,0,0,20,34,0,22,0
05-02 04:58:53,82.913,9.990,6.243,0,0,1778732,240008,213296,5621508,12019.377,1712.202,0,295.689,0,8.991,9824,16818,3.850,1.690,0.940,3,0,5.994,0,0,20,37,0,23,0
05-02 04:58:54,78.997,11.427,8.198,0.248,0.248,1726904,291004,213340,5622192,8651.870,1609.743,0,2027.083,0,45.709,13305,23049,3.850,1.690,0.940,7,0,46.702,0,0,20,34,0,23,0
05-02 04:58:55,85.396,14.359,0,0,0,1653348,364548,213372,5622172,15405.623,1632.357,0,463.509,0,36.275,7077,7887,3.850,1.690,0.940,6,0,100.763,0,0,20,32,0,24,0
05-02 04:58:56,82.007,17.448,0,0,0,1653264,364424,213376,5622376,15949.726,1615.213,0,215.362,0,10.967,12525,17572,3.850,1.690,0.940,7,0,53.840,0,0,20,33,0,24,0
05-02 04:58:57,89.002,11.031,0.501,0,0,1757116,260380,213420,5622492,16675.205,1624.599,0,1468.156,0,71.202,5987,5891,3.850,1.690,0.940,6,0,14.040,0,0,20,33,0,25,0
05-02 04:58:58,88.023,10.503,1.250,0,0,1786680,230404,213420,5622904,16427.281,1620.422,0,224.058,0,3.001,6762,8938,3.940,1.740,0.960,6,0,1.000,0,0,20,34,0,25,0
05-02 04:58:59,85.511,13.002,1.250,0,0,1784376,232892,213420,5622720,16110.107,1620.212,0,2916.381,0,116.015,8052,11872,3.940,1.740,0.960,8,0,71.009,0,0,20,35,0,27,0
05-02 04:59:00,82.649,15.434,1.494,0,0,1713684,353064,213448,5580900,16070.719,1613.146,0,3027.138,0,22.903,7850,12422,3.940,1.740,0.960,7,0,123.475,0,0,20,34,0,30,0
05-02 04:59:01,84.605,15.063,0.753,0,0,1593384,472988,213488,5581236,9523.995,1464.149,80.337,0,13.055,0,6343,6628,3.940,1.740,0.960,7,0,111.468,0,0,20,32,0,30,0
05-02 04:59:02,83.185,16.737,0,0,0,1637072,429016,213488,5581520,73674.837,1618.744,0,0,0,0,5524,4526,3.940,1.740,0.960,6,0,99.922,0,0,20,33,0,29,0
05-02 04:59:03,83.999,14.706,0.499,0.249,0,1726920,334324,213488,5586360,15419.938,1615.175,71.786,291.130,0.997,5.982,7162,9612,4.900,1.980,1.040,14,0,127.619,0,0,20,34,0,29,0
05-02 04:59:04,88.162,11.488,0.999,0,0,1743088,310716,213492,5593720,11848.137,1618.380,0,1550.448,0,15.984,6480,6371,4.900,1.980,1.040,6,0,91.908,0,0,20,34,0,29,0
05-02 04:59:05,81.801,16.310,1.255,0,0,1730416,322940,213496,5594132,14658.922,1625.981,0,453.669,0,22.081,8169,12883,4.900,1.980,1.040,5,0,187.690,0,0,20,35,0,31,0
05-02 04:59:06,81.785,17.257,0.750,0,0,1488920,564260,213500,5594304,12435.280,1620.688,24.010,376.160,4.002,23.010,7059,9649,4.900,1.980,1.040,6,0,293.124,0,0,20,32,0,31,0
05-02 04:59:07,77.528,22.508,0.250,0,0.250,1602060,451020,213504,5594368,14640.368,1620.594,0,220.081,0,9.003,5943,5358,4.900,1.980,1.040,5,0,206.076,0,0,20,33,0,31,0
05-02 04:59:08,90.257,9.751,0,0,0,1698016,355008,213504,5594424,15548.229,2246.178,0,332.026,0,11.001,7564,7198,4.910,2.030,1.060,5,0,1.000,0,0,20,33,0,31,0
05-02 04:59:09,87.373,9.736,2.247,0,0,1718500,334344,213516,5594592,10057.424,1617.656,0,395.427,0,37.945,6807,7463,4.910,2.030,1.060,6,0,58.915,0,0,20,34,0,33,0
05-02 04:59:10,80.890,17.476,1.498,0,0,1674204,378560,213516,5594672,9082.689,1617.807,0,119.838,0,6.991,7810,10641,4.910,2.030,1.060,6,0,119.838,0,0,20,34,0,28,0
05-02 04:59:11,86.755,12.537,0.501,0,0,1660592,392036,213516,5594808,16793.386,1624.778,0,260.767,0,22.065,6371,5907,4.910,2.030,1.060,5,0,124.366,0,0,20,32,0,28,0
05-02 04:59:12,87.203,11.744,0.999,0,0,1707232,345360,213516,5594844,11924.636,1457.222,0,119.936,0,7.996,5456,4685,4.910,2.030,1.060,5,0,0,0,0,20,33,0,28,0
05-02 04:59:13,87.059,10.726,1.746,0,0,1744400,308120,213516,5594916,15374.215,1616.448,0,171.623,0,8.980,6898,8103,4.920,2.080,1.080,6,0,33.925,0,0,20,32,0,28,0
05-02 04:59:14,82.670,15.985,0.749,0,0,1703556,348912,213520,5594964,12291.169,1618.442,0,227.781,0,18.982,6280,7245,4.920,2.080,1.080,6,0,85.917,0,0,20,33,0,28,0
05-02 04:59:15,87.814,10.508,2.252,0,0,1686876,365416,213520,5595140,18425.356,1621.175,0,216.157,0,19.014,6600,6687,4.920,2.080,1.080,6,0,67.049,0,0,20,32,0,27,0
05-02 04:59:16,82.195,17.186,0.249,0,0,1646944,405320,213524,5595164,11751.457,1614.020,0,187.306,0,12.952,5636,5004,4.920,2.080,1.080,8,0,110.590,0,0,20,34,0,27,0
05-02 04:59:17,90.614,8.055,1.259,0,0,1698804,353408,213528,5595212,8044.495,1631.049,0,366.483,0,38.259,6384,7221,4.920,2.080,1.080,5,0,0,0,0,20,32,0,27,0
05-02 04:59:18,81.936,14.738,2.998,0,0,1676588,375572,213528,5595264,8484.352,1618.732,0,223.825,0,7.994,5839,6717,4.850,2.110,1.100,4,0,138.891,0,0,20,34,0,29,0
05-02 04:59:19,77.810,10.508,10.258,0,0,1566500,485416,213532,5595504,16077.490,1663.292,0,7661.952,0,474.369,8373,9609,4.850,2.110,1.100,5,0,98.076,0,0,20,33,0,30,0
05-02 04:59:20,83.498,13.750,3.000,0,0,1608656,443168,213532,5595660,12246.752,1619.967,0,227.995,0,15.000,5757,4677,4.850,2.110,1.100,4,0,9.000,0,0,20,32,0,30,0
05-02 04:59:21,85.208,13.244,1.000,0,0,1633488,418276,213532,5595720,17357.502,1619.207,0,1515.258,0,15.992,5244,3615,4.850,2.110,1.100,4,0,95.953,0,0,20,33,0,30,0
05-02 04:59:22,81.401,12.735,5.743,0.250,0,1569768,481812,213532,5595904,12032.360,1618.031,0,331.597,0,32.960,6719,9672,4.850,2.110,1.100,4,0,94.885,0,0,20,33,0,31,0
05-02 04:59:23,83.643,13.523,2.755,0,0,1595184,456320,213532,5595980,14502.842,1460.502,0,248.426,0,15.026,5833,6734,4.780,2.140,1.120,4,0,103.177,0,0,20,32,0,27,0
05-02 04:59:24,67.697,12.240,19.485,0,0,1562480,488964,213536,5596036,11554.950,1618.732,0,2398.122,0,145.886,5867,6132,4.780,2.140,1.120,4,0,85.933,0,0,20,33,0,27,0
05-02 04:59:25,63.432,11.488,24.973,0,0,1510164,541128,213536,5596188,8669.736,1618.271,0,0,0,0,4918,4408,4.780,2.140,1.120,3,0,76.918,0,0,20,33,0,27,0
05-02 04:59:26,66.986,7.998,23.995,0,0,1571372,479868,213536,5596240,15000.854,1619.660,0,0,0,0,6003,6776,4.780,2.140,1.120,3,0,0,0,0,20,34,0,28,0
05-02 04:59:27,65.795,9.006,24.767,0.250,0,1573108,478072,213540,5596296,12178.406,1621.119,16.011,376.260,1.001,36.025,4916,6147,4.780,2.140,1.120,3,1,30.021,0,0,20,33,0,28,0
05-02 04:59:28,62.085,13.519,23.783,0.250,0,1585972,465188,213544,5596312,8464.652,1622.233,0,284.391,0,28.039,4875,3352,4.640,2.160,1.130,3,0,120.165,0,0,20,32,0,28,0
05-02 04:59:29,68.471,6.497,24.240,0,0,1609012,441988,213544,5596472,15427.549,1619.323,0,111.953,0,7.997,5117,4737,4.640,2.160,1.130,4,0,0,0,0,20,34,0,28,0
05-02 04:59:30,65.776,7.003,25.760,0,0,1541760,508792,213544,5596920,11892.750,1620.647,0,108.043,0,7.003,8273,11132,4.640,2.160,1.130,4,0,6.002,0,0,20,33,0,29,0
05-02 04:59:31,59.505,16.751,24.002,0,0,1484836,565716,213544,5596920,16022.353,1620.137,0,124.010,0,8.001,4832,3210,4.640,2.160,1.130,4,0,131.011,0,0,20,32,0,27,0
05-02 04:59:32,68.502,6.500,24.001,0,0,1571780,478744,213552,5596940,80885.671,1620.053,0,108.004,0,7.000,4142,2014,4.640,2.160,1.130,3,0,0,0,0,20,32,0,27,0
05-02 04:59:33,65.453,7.994,25.731,0,0,1580200,470008,213552,5597256,9604.055,1618.829,0,107.922,0,12.991,6651,8733,4.580,2.190,1.140,3,0,33.975,0,0,20,33,0,27,0
05-02 04:59:34,58.032,18.260,22.762,0.250,0,1577344,472844,213556,5597272,17477.525,1458.795,0,14483.894,0,241.131,5968,4396,4.580,2.190,1.140,5,0,209.114,0,0,20,32,0,27,0
05-02 04:59:35,68.007,7.251,23.753,0.250,0,1599464,450676,213556,5597320,12235.298,1620.172,4.000,120.013,1.000,8.001,4291,2519,4.580,2.190,1.140,3,0,0,0,0,20,33,0,25,0
05-02 04:59:36,62.953,11.991,23.982,0.250,0.250,1523292,526796,213572,5597356,15519.421,1618.792,0,367.726,0,36.972,5617,5106,4.580,2.190,1.140,3,0,103.922,0,0,20,33,0,25,0
05-02 04:59:37,64.719,10.745,23.239,0,0,1608488,441416,213576,5597536,15785.508,1619.231,0,235.888,0,20.990,6350,7633,4.580,2.190,1.140,3,0,50.976,0,0,20,32,0,27,0
05-02 04:59:38,67.204,8.744,24.233,0,0,1668292,381580,213576,5597568,15511.424,1618.896,0,175.880,0,10.993,5856,5695,4.540,2.220,1.160,3,0,30.979,0,0,20,33,0,27,0
05-02 04:59:39,63.068,12.514,24.527,0,0,1611680,438036,213580,5597720,19810.446,1663.801,0,1397.513,0,34.037,5299,4145,4.540,2.220,1.160,4,0,137.148,0,0,20,32,0,27,0
05-02 04:59:40,66.787,8.004,24.013,0,0,1590872,458808,213580,5597756,9854.507,1620.906,0,176.098,0,10.006,5450,5036,4.540,2.220,1.160,4,0,0,0,0,20,34,0,27,0
05-02 04:59:41,63.947,8.993,25.729,0,0,1588944,460688,213580,5597804,15052.471,1618.653,0,255.787,0,17.985,7393,8628,4.540,2.220,1.160,4,0,85.928,0,0,20,32,0,27,0
05-02 04:59:42,49.056,17.770,33.038,0,0.250,1510248,539256,213584,5597928,17642.300,1621.866,0,360.415,0,28.032,6169,18986,4.540,2.220,1.160,2,0,247.285,0,0,20,32,0,28,0
05-02 04:59:43,44.080,6.475,48.563,0,0,1583260,466236,213584,5597936,16820.077,1613.771,0,147.431,0,9.962,2834,1255,4.330,2.210,1.160,2,0,0,0,0,20,32,0,24,0
05-02 04:59:44,45.548,5.506,47.300,0.250,0,1610940,438420,213592,5598064,17229.054,1663.743,0,1085.137,0,67.070,4683,5368,4.330,2.210,1.160,2,0,0,0,0,20,33,0,24,0
05-02 04:59:45,37.863,14.042,48.144,0,0,1535556,513652,213592,5598216,11613.767,1462.378,0,16.048,0,4.012,4622,4268,4.330,2.210,1.160,2,0,166.498,0,0,20,32,0,24,0
05-02 04:59:46,44.564,5.726,48.796,0,0,1586364,462840,213592,5598220,15378.791,1613.264,0,0,0,0,2896,1643,4.330,2.210,1.160,2,0,0,0,0,20,33,0,24,0
05-02 04:59:47,46.687,4.244,47.686,0.250,0,1593992,455032,213600,5598392,11510.492,1617.820,0,343.537,0,32.956,5017,5463,4.330,2.210,1.160,3,0,0,0,0,20,32,0,24,0
05-02 04:59:48,39.663,11.547,47.947,0,0,1579524,469496,213600,5598396,8453.650,1626.667,0,208.856,0,11.045,3625,2173,4.150,2.210,1.170,3,0,100.412,0,0,20,32,0,24,0
05-02 04:59:49,45.306,5.477,48.791,0.249,0,1639732,409280,213600,5598404,11875.166,1613.095,0,641.255,0,76.672,3091,1687,4.150,2.210,1.170,2,0,0,0,0,20,33,0,24,0
05-02 04:59:50,46.616,5.012,47.117,0.501,0,1589868,458960,213604,5598596,16536.065,1624.033,0,2839.050,0,187.466,5703,6979,4.150,2.210,1.170,3,0,5.012,0,0,20,32,0,24,0
05-02 04:59:51,42.550,8.760,48.557,0,0,1561080,487748,213604,5598596,13674.083,1621.908,0,1061.248,0,11.013,3032,1661,4.150,2.210,1.170,2,0,30.035,0,0,20,32,0,24,0
05-02 04:59:52,45.992,4.749,48.742,0,0,1577160,471516,213612,5598740,15793.260,1619.719,0,159.972,0,7.999,3621,3158,4.150,2.210,1.170,2,0,0,0,0,20,33,0,24,0
05-02 04:59:53,42.540,8.508,47.795,0,0,1544536,503968,213616,5598908,8414.003,1715.632,0,260.248,0,20.019,5420,5732,3.970,2.210,1.170,2,0,61.058,0,0,20,32,0,24,0
05-02 04:59:54,43.886,6.982,48.126,0,0,1587596,460904,213616,5598912,17796.971,1615.821,0,167.567,0,13.964,2955,1417,3.970,2.210,1.170,2,0,0,0,0,20,32,0,24,0
05-02 04:59:55,46.567,4.757,48.320,0,0,1584584,463456,213624,5599364,14253.636,1622.349,0,809.172,0,53.077,4799,4800,3.970,2.210,1.170,2,0,0,0,0,20,33,0,21,0
05-02 04:59:56,31.696,21.214,45.173,0,0,1521808,526080,213628,5599512,10998.300,1455.525,0,327.443,0,26.954,5808,4970,3.970,2.210,1.170,3,0,382.350,0,0,20,32,0,21,0
05-02 04:59:57,44.443,6.242,48.438,0.250,0,1574728,473160,213628,5599512,14097.899,1659.869,0,107.862,0,6.991,2885,1287,3.970,2.210,1.170,2,0,0,0,0,20,32,0,21,0
05-02 04:59:58,46.683,5.020,47.687,0,0,1581084,466620,213644,5599680,12810.296,1626.386,0,373.466,0,29.114,4681,5117,3.820,2.200,1.180,2,0,1.004,0,0,20,33,0,22,0
05-02 04:59:59,38.161,13.469,47.639,0,0,1577012,470676,213644,5599696,9413.060,1616.233,0,195.544,0,8.979,4117,2855,3.820,2.200,1.180,5,0,139.674,0,0,20,32,0,22,0
05-02 05:00:00,46.005,4.751,48.756,0,0,1618080,429600,213644,5599704,18126.145,1620.192,0,168.020,0,10.001,3068,1634,3.820,2.200,1.180,2,0,0,0,0,20,34,0,19,0
05-02 05:00:01,45.877,5.265,47.130,0.251,0,1610900,436728,213644,5599756,13392.981,1624.486,0,657.816,0,46.127,6418,8260,3.820,2.200,1.180,2,0,0,0,0,20,33,0,20,0
05-02 05:00:02,34.988,19.493,44.735,0,0,1518660,528872,213644,5599852,81325.378,1619.450,0,255.913,0,20.993,5327,4020,3.820,2.200,1.180,6,0,315.893,0,0,20,32,0,20,0
05-02 05:00:03,24.440,5.487,68.831,0,0,1534972,512476,213644,5599936,15665.539,1616.032,0,3.990,0,0.998,2664,1837,3.590,2.180,1.180,1,0,67.833,0,0,20,32,0,20,0
05-02 05:00:04,23.993,2.749,71.728,0,0,1506224,541200,213648,5599956,9727.038,1619.507,0,263.920,0,18.994,3620,4199,3.590,2.180,1.180,1,0,1.000,0,0,20,32,0,17,0
05-02 05:00:05,20.000,6.750,72.999,0.250,0,1507412,540004,213648,5599964,15813.697,1619.969,0,1847.965,0,152.997,2516,1635,3.590,2.180,1.180,1,0,54.999,0,0,20,32,0,17,0
05-02 05:00:06,22.992,2.999,72.975,0.250,0,1500616,546664,213652,5600096,13386.475,1457.507,0,159.946,0,7.997,2079,1473,3.590,2.180,1.180,1,0,0,0,0,20,32,0,17,0
05-02 05:00:07,17.754,8.752,71.767,0,0,1464744,582532,213652,5600100,13687.219,1620.381,0,96.023,0,12.003,3436,2775,3.590,2.180,1.180,2,0,91.021,0,0,20,32,0,17,0
05-02 05:00:08,23.250,3.000,72.999,0,0,1504140,543128,213652,5600108,21319.713,1619.978,0,99.999,0,12.000,1962,1287,3.380,2.160,1.180,1,0,1.000,0,0,20,32,0,15,0
05-02 05:00:09,23.505,2.501,72.265,0.500,0,1493788,553460,213656,5600124,11131.255,1620.328,0,660.134,0,51.010,3173,3474,3.380,2.160,1.180,2,0,0,0,0,20,32,0,15,0
05-02 05:00:10,17.257,9.254,72.278,0,0,1487556,559688,213656,5600128,17261.719,1620.631,0,120.047,0,9.004,3039,1954,3.380,2.160,1.180,1,0,99.039,0,0,20,32,0,15,0
05-02 05:00:11,23.259,2.751,73.277,0.250,0,1514664,532576,213656,5600132,15203.609,1620.598,0,108.040,0,6.002,2158,1594,3.380,2.160,1.180,2,0,0,0,0,20,32,0,15,0
05-02 05:00:12,19.790,7.265,71.894,0,0,1413176,634032,213668,5600152,8590.151,1623.241,0,849.697,0,57.114,3816,3568,3.380,2.160,1.180,4,0,94.188,0,0,20,32,0,13,0
05-02 05:00:13,21.193,4.987,73.304,0,0,1467720,579488,213668,5600152,16531.862,1615.686,0,0,0,0,1893,1238,3.350,2.180,1.190,1,0,0,0,0,20,32,0,13,0
05-02 05:00:14,23.764,2.501,72.542,0,0,1488688,558508,213672,5600160,14710.493,1620.936,0,80.046,0,6.003,2359,2008,3.350,2.180,1.190,2,0,0,0,0,20,33,0,13,0
05-02 05:00:15,21.232,5.246,71.938,0.250,0,1412776,634388,213672,5600192,16124.192,1618.614,0,243.791,0,25.978,4141,4426,3.350,2.180,1.190,1,0,29.974,0,0,20,32,0,13,0
05-02 05:00:16,22.254,3.251,73.514,0,0,1462108,585056,213672,5600192,12404.397,1458.282,0,116.022,0,9.002,1742,1046,3.350,2.180,1.190,1,0,0,0,0,20,32,0,13,0
05-02 05:00:17,23.287,3.255,72.867,0,0,1465352,581804,213672,5600200,15765.298,1622.604,0,276.444,0,16.026,2752,2557,3.350,2.180,1.190,1,0,0,0,0,20,33,0,13,0
05-02 05:00:18,19.021,10.512,70.078,0,0,1438436,608564,213672,5600356,12401.775,1621.801,0,4.004,0,1.001,4571,4100,3.160,2.160,1.180,2,0,158.176,0,0,20,32,0,13,0
05-02 05:00:19,17.959,19.705,56.123,3.991,0,1452544,593244,213780,5601428,10013.344,1658.248,1017.697,458.962,55.874,24.944,5340,4020,3.160,2.160,1.180,2,0,328.257,0,0,20,32,0,15,0
05-02 05:00:20,40.512,6.502,48.515,4.501,0,1517120,527024,214004,5602496,8156.515,1620.500,1020.315,1072.331,81.025,62.019,2969,1642,3.160,2.160,1.180,2,0,3.001,0,0,20,32,0,12,0
05-02 05:00:21,41.621,6.519,45.131,5.015,0,1532836,508916,214192,5604596,15704.660,1624.724,52.152,13366.863,8.023,1206.508,6518,9192,3.160,2.160,1.180,1,1,41.120,0,0,20,36,0,12,0
05-02 05:00:22,18.496,6.499,44.991,26.995,0,1532360,502196,214640,5610688,11490.731,1619.680,2479.510,38360.425,515.898,3129.382,13271,24854,3.160,2.160,1.180,1,1,86.983,0,0,20,36,0,12,0
05-02 05:00:23,19.428,6.725,44.335,26.900,0,1529224,502632,215028,5613000,15356.933,1614.002,964.416,43131.722,59.778,3806.854,15103,28979,3.150,2.170,1.190,0,2,44.833,0,0,20,36,0,12,0
05-02 05:00:24,38.842,6.515,47.362,6.265,0,1443472,587008,215076,5614328,13324.535,1623.843,1463.464,5877.911,137.325,411.975,4236,4317,3.150,2.170,1.190,2,0,8.019,0,0,20,32,0,11,0
05-02 05:00:25,39.314,12.520,47.077,0,0,1477596,552820,215080,5614388,15487.191,1622.639,0,809.316,0,41.067,4533,3030,3.150,2.170,1.190,2,0,210.342,0,0,20,32,0,11,0
05-02 05:00:26,24.437,25.435,41.643,6.483,0,1483340,546228,215528,5614788,8494.148,1615.843,0,19150.732,0,2235.250,14790,24039,3.150,2.170,1.190,2,0,441.863,0,0,20,34,0,11,0
05-02 05:00:27,23.799,27.306,44.592,2.255,0,1480920,548276,215616,5615072,7816.086,1461.007,0,7074.560,0,906.866,9793,12931,3.150,2.170,1.190,1,0,497.023,0,0,20,32,0,11,0
05-02 05:00:28,10.463,18.685,69.258,0.249,0,1473804,555356,215624,5615100,13741.981,1614.359,0,936.727,0,56.802,5368,4170,2.980,2.150,1.190,1,0,325.861,0,0,20,32,0,9,0
05-02 05:00:29,22.769,4.254,71.561,1.001,0,1478068,551072,215636,5615108,10084.616,1621.385,0,8094.916,0,518.443,2845,3020,2.980,2.150,1.190,2,0,4.003,0,0,20,32,0,9,0
05-02 05:00:30,22.242,3.749,72.473,0.500,0,1455784,573344,215644,5615112,11872.554,1619.394,0,7441.213,0,423.841,2447,2371,2.980,2.150,1.190,1,0,1.999,0,0,20,32,0,9,0
05-02 05:00:31,22.250,4.000,72.999,0.250,0,1471024,558104,215644,5615112,15937.782,1619.978,0,1427.980,0,75.999,2018,1386,2.980,2.150,1.190,1,0,4.000,0,0,20,32,0,9,0
05-02 05:00:32,9.271,21.298,68.153,0.251,0,1444956,584140,215644,5615144,77734.809,1623.651,0,797.794,0,151.340,5913,4004,2.980,2.150,1.190,3,0,400.902,0,0,20,32,0,8,0
05-02 05:00:33,19.261,7.004,72.792,0,0,1467916,561132,215656,5615176,16996.765,1620.931,0,16.009,0,3.002,2625,1818,2.820,2.130,1.190,2,0,66.038,0,0,20,32,0,8,0
05-02 05:00:34,22.938,2.743,73.550,0,0,1481552,547496,215656,5615176,14866.535,1615.603,0,0,0,0,1741,935,2.820,2.130,1.190,1,0,0,0,0,20,32,0,8,0
05-02 05:00:35,23.999,2.750,72.497,0,0,1472048,556172,215680,5615916,8321.673,1619.936,0,607.976,0,2.000,1875,1065,2.820,2.130,1.190,2,0,9.000,0,0,20,32,0,8,0
05-02 05:00:36,21.502,4.000,73.507,0,0,1502188,525984,215680,5615964,15314.473,1620.156,0,996.096,0,31.003,2059,1626,2.820,2.130,1.190,1,0,0,0,0,20,32,0,7,0
05-02 05:00:37,23.318,2.758,73.465,0,0,1525472,502700,215680,5615964,13443.393,1462.285,0,0,0,0,1754,913,2.820,2.130,1.190,2,0,8.024,0,0,20,32,0,7,0
05-02 05:00:38,10.005,22.262,66.785,0.250,0,1496716,531316,215680,5616104,8046.224,1620.851,40.021,124.065,2.001,8.004,5840,4253,2.750,2.130,1.200,1,0,419.220,0,0,20,32,0,7,0
05-02 05:00:39,8.989,20.975,68.669,0,0,1496280,531728,215680,5616128,19293.346,1660.051,0,35.958,0,4.994,5702,3906,2.750,2.130,1.200,4,0,364.572,0,0,20,32,0,7,0
05-02 05:00:40,7.997,22.490,67.720,0,0,1495132,532872,215680,5616132,14591.628,1619.293,0,27.988,0,2.999,5688,3945,2.750,2.130,1.200,1,0,377.835,0,0,20,32,0,7,0
05-02 05:00:41,8.238,22.718,67.904,0,0,1487524,540436,215680,5616176,17157.685,1617.707,0,127.819,0,9.986,5815,4075,2.750,2.130,1.200,1,0,393.442,0,0,20,32,0,5,0
05-02 05:00:42,12.784,23.813,62.163,0,0,1487764,540180,215680,5618984,13274.877,1624.267,0,276.727,0,42.111,6041,8540,2.750,2.130,1.200,6,0,419.101,0,0,20,32,0,5,0
05-02 05:00:43,8.998,24.245,65.486,0,0,1467424,560500,215680,5616212,7962.292,1619.653,0,239.949,0,10.998,5901,9525,2.610,2.110,1.190,3,0,385.917,0,0,20,32,0,6,0
05-02 05:00:44,8.478,21.694,68.074,0,0,1449600,578304,215680,5616232,15672.589,1657.726,0,119.691,0,9.974,5665,3844,2.610,2.110,1.190,1,0,371.043,0,0,20,32,0,6,0
05-02 05:00:45,8.760,20.524,69.832,0,0,1439416,588460,215680,5616260,11641.720,1621.911,0,44.052,0,6.007,5626,3910,2.610,2.110,1.190,2,0,354.418,0,0,20,32,0,5,0
05-02 05:00:46,8.515,21.287,68.368,0.501,0,1423900,603936,215692,5616288,17027.281,1622.791,0,589.013,0,37.064,5885,4383,2.610,2.110,1.190,1,0,370.637,0,0,20,32,0,5,0
05-02 05:00:47,7.976,21.934,68.542,0,0,1407940,619872,215692,5616312,11925.889,1615.110,0,115.650,0,12.961,5690,3959,2.610,2.110,1.190,2,0,370.877,0,0,20,32,0,5,0
05-02 05:00:48,8.754,22.760,67.528,0,0,1402884,624904,215692,5616336,15281.447,1458.615,0,332.140,0,73.031,5775,4050,2.640,2.130,1.200,1,0,388.164,0,0,20,32,0,5,0
05-02 05:00:49,27.052,20.539,51.349,0,0,1393444,634376,215696,5616360,12990.939,1623.116,4.008,220.423,1.002,6.012,5543,4110,2.640,2.130,1.200,2,0,413.794,0,0,20,34,0,6,0
05-02 05:00:50,42.531,29.271,27.020,0,0,1452960,574820,215704,5616388,8119.900,1621.178,0,552.401,0,36.026,6131,4794,2.640,2.130,1.200,4,0,535.389,0,0,20,34,0,8,0
05-02 05:00:51,65.680,30.618,1.482,2.716,0,1556744,470120,215768,5617204,8001.127,1600.028,466.181,3275.119,7.901,220.251,5466,3864,2.640,2.130,1.200,6,0,355.562,0,0,20,32,0,11,0
05-02 05:00:52,83.906,15.164,0,0.505,0,1713680,305892,216824,5622944,15109.226,1637.692,16.175,1091.795,2.022,6.066,17087,2647,2.640,2.130,1.200,5,0,71.775,0,0,20,34,0,11,0
05-02 05:00:53,69.789,12.007,8.505,7.754,0,1746148,264144,217112,5631396,12503.974,1714.956,372.208,47602.548,3.002,3596.006,14303,27032,2.830,2.170,1.220,4,2,100.056,0,0,20,38,0,12,0
05-02 05:00:54,60.687,16.233,12.487,8.491,0.250,1730728,271008,217340,5639680,14901.650,1618.333,0,60505.674,0,4500.364,17102,32841,2.830,2.170,1.220,3,2,153.842,0,0,20,36,0,12,0
05-02 05:00:55,65.366,12.272,10.769,8.515,0,1764556,228452,217592,5648116,16583.451,1622.882,0,81148.111,0,5886.454,17775,36040,2.830,2.170,1.220,8,0,68.121,0,0,20,37,0,12,0
05-02 05:00:56,69.036,13.007,10.005,6.503,0,1756604,228452,217876,5655680,18203.497,1620.846,0,63425.091,0,4783.496,17375,34195,2.830,2.170,1.220,6,0,50.026,0,0,20,36,0,12,0
05-02 05:00:57,62.425,20.725,9.489,5.993,0,1645884,331932,218084,5662708,15263.575,1618.047,0,51334.035,0,3694.540,14962,27526,2.830,2.170,1.220,2,1,259.687,0,0,20,34,0,12,0
05-02 05:00:58,46.781,18.012,23.766,8.756,0,1671700,300964,218188,5668088,8230.411,1621.066,264.174,39117.718,4.003,3000.973,14317,26419,3.010,2.220,1.250,3,0,221.145,0,0,20,34,0,12,0
05-02 05:00:59,52.627,18.457,20.203,7.233,0,1664716,305496,218528,5669728,8936.122,1454.602,814.098,45103.622,19.953,3462.909,15876,30927,3.010,2.220,1.250,8,0,158.629,0,0,20,35,0,13,0
05-02 05:01:00,46.849,16.285,26.556,7.766,0,1666724,300416,218564,5672748,16264.527,1623.446,925.966,47356.532,14.030,3578.597,17107,31096,3.010,2.220,1.250,4,0,173.368,0,0,20,34,0,13,0
05-02 05:01:01,37.487,9.497,40.486,9.997,0.250,1613772,354612,218680,5671388,8687.060,1619.452,0,32996.834,0,3134.939,13677,25034,3.010,2.220,1.250,4,1,44.985,0,0,20,34,0,12,0
05-02 05:01:02,41.519,7.754,38.768,9.504,0,1627492,338988,218800,5673128,84577.371,1620.754,0,50571.541,0,4139.927,14080,27913,3.010,2.220,1.250,3,2,43.020,0,0,20,34,0,12,0
05-02 05:01:03,39.260,6.752,41.510,9.502,0,1640480,325744,218872,5673312,19603.932,1620.408,0,48492.201,0,4005.008,15142,29647,3.010,2.230,1.250,3,1,24.006,0,0,20,37,0,12,0
05-02 05:01:04,43.141,6.234,39.899,7.481,0,1633472,330844,218916,5675176,15667.472,1615.923,0,23612.427,0,2610.414,14664,26204,3.010,2.230,1.250,3,0,35.909,0,0,20,37,0,12,0
05-02 05:01:05,39.016,11.255,38.516,9.754,0,1569552,392484,218996,5677372,17984.276,1620.656,0,56050.677,0,4446.799,15590,30818,3.010,2.230,1.250,2,0,125.051,0,0,20,36,0,11,0
05-02 05:01:06,39.804,7.760,41.306,9.763,0,1612548,345864,219052,5680928,8356.306,1622.195,0,41408.023,0,3662.956,13112,26989,3.010,2.230,1.250,5,0,51.069,0,0,20,36,0,11,0
05-02 05:01:07,37.274,7.505,42.027,10.007,0,1614952,340748,219120,5683568,15286.946,1805.174,0,47254.744,0,4008.608,16437,31903,3.010,2.230,1.250,2,0,78.051,0,0,20,37,0,11,0
05-02 05:01:08,39.256,9.251,38.756,9.751,0,1601008,351992,219140,5686244,15101.220,1620.238,0,65841.681,0,5107.751,20090,38577,3.010,2.250,1.260,3,0,64.009,0,0,20,36,0,13,0
05-02 05:01:09,37.720,9.742,39.718,9.992,0,1571652,379512,219168,5688052,14216.588,1618.701,0,42837.613,0,3819.934,16228,29091,3.010,2.250,1.260,3,1,65.947,0,0,20,36,0,13,0
05-02 05:01:10,40.981,7.247,40.232,9.496,0,1616896,339696,219192,5682572,17240.130,1619.261,0,38910.238,0,3764.282,16180,30059,3.010,2.250,1.260,3,1,11.995,0,0,20,36,0,13,0
05-02 05:01:11,43.872,6.481,41.628,5.733,0,1611440,344548,219204,5683164,12175.383,1453.747,0,35464.255,0,2697.110,13385,23438,3.010,2.250,1.260,4,0,26.921,0,0,20,35,0,15,0
05-02 05:01:12,28.273,16.514,53.044,0.751,0,1413248,542672,219208,5683228,16867.016,1705.417,0,9936.257,0,564.469,6488,7648,3.010,2.250,1.260,1,0,267.222,0,0,20,32,0,15,0
05-02 05:01:13,21.250,4.000,73.249,0.250,0,1467604,488316,219208,5683228,12633.810,1619.976,0,1055.984,0,58.999,1985,1452,2.840,2.230,1.260,1,0,0,0,0,20,32,0,15,0
05-02 05:01:14,23.990,2.999,71.970,0,0,1487936,467972,219208,5683240,9807.912,1619.325,0,787.672,0,44.981,2896,2963,2.840,2.230,1.260,1,0,0,0,0,20,33,0,15,0
05-02 05:01:15,20.491,5.748,71.720,0.500,0,1479576,476324,219208,5683248,15705.433,1619.323,0,4130.273,0,237.901,3167,3154,2.840,2.230,1.260,1,0,33.986,0,0,20,32,0,15,0
05-02 05:01:16,23.530,2.754,73.095,0,0,1477548,478376,219208,5683252,11276.610,1622.102,0,0,0,0,2123,1589,2.840,2.230,1.260,1,0,2.003,0,0,20,32,0,15,0
05-02 05:01:17,21.766,4.003,72.803,0.250,0.250,1432320,523472,219208,5683384,11915.728,1621.187,0,112.082,0,12.009,2796,2255,2.840,2.230,1.260,2,0,34.025,0,0,20,32,0,15,0
05-02 05:01:18,21.024,5.756,73.082,0,0,1471100,484692,219208,5683384,18702.995,1621.821,0,152.171,0,10.011,2259,1537,2.860,2.240,1.270,1,0,27.030,0,0,20,32,0,15,0
05-02 05:01:19,23.448,2.245,72.838,0,0,1477904,477880,219208,5683392,14983.703,1658.315,0,1796.009,0,196.563,2330,1842,2.860,2.240,1.270,2,0,0,0,0,20,32,0,15,0
05-02 05:01:20,22.315,4.012,71.710,0,0,1414628,541136,219208,5683412,17218.523,1624.767,0,288.848,0,18.053,4044,4210,2.860,2.240,1.270,1,0,33.097,0,0,20,32,0,15,0
05-02 05:01:21,21.978,3.996,73.426,0,0,1458260,497504,219208,5683412,11513.327,1618.359,0,2633.330,0,41.957,1935,1208,2.860,2.240,1.270,1,0,9.990,0,0,20,32,0,13,0
05-02 05:01:22,22.760,2.751,73.281,0,0,1486064,469696,219208,5683424,8152.434,1458.614,0,120.051,0,9.004,1996,1460,2.860,2.240,1.270,1,0,0,0,0,20,33,0,13,0
05-02 05:01:23,18.272,10.012,70.333,0,0,1419876,535832,219208,5683476,15009.676,1621.910,0,100.118,0,13.015,4630,4601,2.630,2.200,1.270,1,0,145.171,0,0,20,32,0,13,0
05-02 05:01:24,8.740,21.475,68.420,0,0,1406048,549504,219208,5683632,11928.087,1618.113,0,283.669,0,14.983,5796,4092,2.630,2.200,1.270,1,0,421.508,0,0,20,32,0,13,0
05-02 05:01:25,44.251,19.000,35.500,0.500,0,1471156,484188,219224,5683824,18001.248,1620.022,0,1228.017,0,66.001,5868,4371,2.630,2.200,1.270,3,0,309.004,0,0,20,32,0,19,0
05-02 05:01:26,68.329,7.481,23.691,0,0,1592200,362472,219244,5684476,14856.718,1615.945,0,295.259,0,14.962,3907,1426,2.630,2.200,1.270,3,0,2.992,0,0,20,32,0,19,0
05-02 05:01:27,68.287,7.254,23.763,0,0,1722672,230064,219320,5686332,15101.187,1620.879,0,6131.324,0,66.036,4038,1638,2.630,2.200,1.270,5,0,0,0,0,20,32,0,19,0
05-02 05:01:28,68.801,7.005,23.267,0.250,0,1836684,181192,216356,5624956,16485.161,1621.196,0,4491.313,0,123.091,4156,1729,2.660,2.220,1.280,3,0,7.005,0,0,20,32,0,19,0
05-02 05:01:29,48.780,9.256,32.770,8.255,0.250,1852440,155540,216448,5634552,9314.822,1621.013,0,60409.755,0,4376.735,17176,31329,2.660,2.220,1.280,2,1,156.098,0,0,20,38,0,19,0
05-02 05:01:30,34.542,10.263,39.298,11.514,0,1852896,144968,216536,5644452,11352.872,1621.982,0,97683.363,0,7071.641,24071,47273,2.660,2.220,1.280,4,0,225.275,0,0,20,38,0,19,0
05-02 05:01:31,36.487,9.997,39.236,11.246,0,1852812,137912,216576,5651528,15295.655,1619.434,0,85933.968,0,6667.670,24111,46791,2.660,2.220,1.280,4,0,131.954,0,0,20,38,0,19,0
05-02 05:01:32,47.159,12.226,27.447,10.230,0,1710544,270432,216652,5661060,80727.434,2148.832,0,58614.321,0,4599.080,18783,34223,2.660,2.220,1.280,3,1,236.541,0,0,20,36,0,19,0
05-02 05:01:33,52.315,10.263,25.282,10.012,0,1766588,207836,216696,5667352,18517.078,1459.819,0,84317.085,0,5713.120,19120,36681,3.010,2.290,1.310,4,0,70.087,0,0,20,36,0,19,0
05-02 05:01:34,41.270,9.447,33.314,10.939,0,1805824,156176,216728,5679268,15998.668,1611.005,0,73489.655,0,4797.214,17586,33160,3.010,2.290,1.310,8,0,0,0,0,20,36,0,19,0
05-02 05:01:35,47.488,11.307,28.895,11.307,0,1833964,195444,211784,5618152,15889.703,1628.167,0,69581.017,0,5619.186,18924,37958,3.010,2.290,1.310,3,0,74.373,0,0,20,38,0,19,0
05-02 05:01:36,50.104,9.223,31.408,6.980,0,1731008,295484,211792,5621068,12163.455,1615.280,35.895,56921.659,2.991,3924.531,14491,26702,3.010,2.290,1.310,2,0,134.607,0,0,20,36,0,19,0
05-02 05:01:37,21.997,15.248,58.992,2.250,0,1475500,550236,211792,5621824,8415.830,1661.769,583.919,3855.464,15.998,221.969,4432,3662,3.010,2.290,1.310,1,0,248.965,0,0,20,32,0,19,0
05-02 05:01:38,19.504,3.001,73.015,4.001,0,1510380,515228,211792,5621952,8087.661,1620.333,124.025,1380.284,12.002,83.017,1984,1767,2.850,2.270,1.300,1,0,2.000,0,0,20,32,0,19,0
05-02 05:01:39,22.692,3.242,71.567,0.748,0,1554392,471204,211792,5621964,15915.240,1615.862,19.949,4652.086,2.992,271.305,2243,2126,2.850,2.270,1.300,1,0,0,0,0,20,32,0,19,0
05-02 05:01:40,21.814,2.758,72.965,1.755,0,1587996,437496,211792,5622068,13261.153,1624.797,92.272,144.426,4.012,10.030,2070,1632,2.850,2.270,1.300,1,0,2.006,0,0,20,38,0,19,0
05-02 05:01:41,22.247,4.249,73.240,0,0,1527432,498060,211792,5622068,16311.742,1619.776,0,95.987,0,8.999,2290,1503,2.850,2.270,1.300,1,0,26.996,0,0,20,32,0,19,0
05-02 05:01:42,22.500,3.000,73.501,0,0,1559036,466456,211792,5622068,13396.225,1620.027,0,352.006,0,6.000,1815,1120,2.850,2.270,1.300,2,0,1.000,0,0,20,32,0,19,0
05-02 05:01:43,29.480,6.246,63.207,0,0,1616684,408808,211792,5622068,16600.688,1769.794,0,0,0,0,3094,7740,2.700,2.250,1.300,2,0,35.975,0,0,20,32,0,20,0
05-02 05:01:44,22.796,3.006,72.646,0.501,0,1618948,406540,211792,5622072,15203.659,1623.273,0,144.291,0,17.034,2199,1645,2.700,2.250,1.300,3,0,11.022,0,0,20,32,0,20,0
05-02 05:01:45,14.030,37.581,47.854,0,0,1592080,433352,211796,5622124,8003.330,1665.607,0,585.267,0,37.080,7081,6078,2.700,2.250,1.300,2,0,809.753,0,0,20,32,0,20,0
05-02 05:01:46,15.519,39.799,42.052,1.001,0,1595136,430220,211796,5622200,15581.344,1622.014,16.020,396.492,1.001,37.046,7544,6811,2.700,2.250,1.300,3,0,974.209,0,0,20,32,0,19,0
05-02 05:01:47,9.721,24.926,63.811,0.249,0,1569816,455500,211796,5622240,11358.350,1615.215,0,143.575,0,15.953,6142,4670,2.700,2.250,1.300,2,0,518.464,0,0,20,32,0,19,0
05-02 05:01:48,8.239,22.719,67.907,0,0,1516056,509236,211796,5622264,8979.697,1659.726,0,39.945,0,9.986,5876,4304,2.640,2.250,1.310,1,0,435.403,0,0,20,32,0,19,0
05-02 05:01:49,9.776,22.058,67.427,0,0,1503144,522128,211796,5622284,16226.570,1624.261,0,44.116,0,11.029,6108,4526,2.640,2.250,1.310,2,0,474.244,0,0,20,32,0,19,0
05-02 05:01:50,8.956,21.395,67.420,0,0,1485220,540024,211796,5622312,11845.088,1923.595,0,43.786,0,10.946,6036,4437,2.640,2.250,1.310,1,0,451.791,0,0,20,32,0,17,0
05-02 05:01:51,9.037,22.842,67.774,0,0,1482540,542684,211796,5622332,20199.764,1626.584,0,658.666,0,134.545,6233,4512,2.640,2.250,1.310,1,0,464.882,0,0,20,32,0,17,0
05-02 05:01:52,9.010,22.526,67.077,0,0,1479160,545980,211796,5622416,18686.561,1621.871,0,508.587,0,66.076,6098,4393,2.640,2.250,1.310,1,0,446.515,0,0,20,32,0,17,0
05-02 05:01:53,8.471,22.174,67.519,0,0,1478768,546344,211796,5622444,8259.693,1546.699,0,43.850,0,10.962,6049,4490,2.510,2.230,1.300,1,0,463.412,0,0,20,32,0,17,0
05-02 05:01:54,8.529,19.817,68.983,1.254,0,1474300,550764,211800,5622492,15280.542,1625.483,20.068,180.609,2.007,15.051,5631,4237,2.510,2.230,1.300,2,0,363.225,0,0,20,32,0,12,0
05-02 05:01:55,9.745,22.487,66.463,0.250,0,1467756,557280,211800,5622520,14784.686,1661.066,0,479.730,0,29.983,6153,4709,2.510,2.230,1.300,1,0,408.770,0,0,20,32,0,12,0
05-02 05:01:56,7.759,22.776,68.578,0,0,1463692,561316,211800,5622548,8939.109,1621.834,0,76.086,0,12.014,5753,4121,2.510,2.230,1.300,1,0,393.445,0,0,20,32,0,12,0
05-02 05:01:57,8.985,20.715,68.383,0,0,1454048,570932,211800,5622576,14492.222,1617.235,0,1912.730,0,25.956,5938,4347,2.510,2.230,1.300,1,0,426.271,0,0,20,32,0,12,0
05-02 05:01:58,31.129,10.957,56.281,0.747,0,1422832,600136,211820,5624568,11933.600,1613.725,1972.331,346.652,20.919,14.942,3725,2925,2.390,2.210,1.300,2,0,190.260,0,0,20,32,0,14,0
05-02 05:01:59,22.488,2.998,72.962,0.250,0,1487016,535400,211852,5625024,15365.984,1619.155,0,279.854,0,11.994,1837,1163,2.390,2.210,1.300,1,0,0,0,0,20,32,0,14,0
05-02 05:02:00,18.867,3.522,70.437,5.786,0,1493108,525188,211892,5628992,13281.422,1630.116,0,13749.326,0,1358.430,7248,12743,2.390,2.210,1.300,2,0,13.081,0,0,20,36,0,14,0
05-02 05:02:01,16.761,6.004,62.540,11.757,0,1492912,523172,211900,5631116,7995.062,1621.026,0,45036.512,0,3880.457,14953,28401,2.390,2.210,1.300,2,0,48.030,0,0,20,36,0,14,0
05-02 05:02:02,17.748,5.999,64.244,9.499,0,1494020,520152,211908,5633020,81254.593,1619.852,0,39028.442,0,3417.688,13807,26061,2.390,2.210,1.300,1,0,41.996,0,0,20,36,0,13,0
05-02 05:02:03,16.498,6.249,63.744,10.999,0,1493440,518388,211908,5635332,14869.505,1619.837,0,46699.306,0,4231.575,16040,30871,2.280,2.190,1.300,0,1,65.993,0,0,20,36,0,13,0
05-02 05:02:04,19.487,5.246,62.958,9.993,0,1494004,516372,211908,5636784,15284.713,1457.019,0,41456.098,0,3583.588,13685,26330,2.280,2.190,1.300,1,0,23.984,0,0,20,36,0,13,0
05-02 05:02:05,15.766,6.256,63.816,11.262,0.250,1494576,512604,211920,5639952,12246.579,1621.666,0,44717.934,0,4043.153,15210,29784,2.280,2.190,1.300,1,0,24.025,0,0,20,36,0,13,0
05-02 05:02:06,17.503,6.501,62.262,11.002,0,1495640,509356,211920,5642104,15742.062,1620.315,0,50413.806,0,4301.837,16208,31061,2.280,2.190,1.300,1,0,48.009,0,0,20,36,0,13,0
05-02 05:02:07,17.497,5.249,63.488,10.748,0,1497548,505828,211920,5643700,14531.205,1619.688,0,49766.426,0,4240.184,15363,30277,2.280,2.190,1.300,2,0,41.992,0,0,20,36,0,13,0
05-02 05:02:08,14.501,6.750,63.002,12.000,0,1497552,503812,211920,5645656,8830.335,2176.082,0,63906.422,0,5407.205,17824,36079,2.250,2.180,1.300,1,1,1.000,0,0,20,36,0,13,0
05-02 05:02:09,15.153,7.701,61.111,12.172,0,1497728,502048,211920,5647228,7512.126,1609.741,0,61710.723,0,5163.096,17160,34467,2.250,2.180,1.300,1,0,0,0,0,20,36,0,13,0
05-02 05:02:10,16.081,7.287,61.811,12.061,0,1498480,499036,211920,5649408,20477.961,1628.186,0,67008.912,0,5421.257,18095,36154,2.250,2.180,1.300,0,1,0,0,0,20,36,0,13,0
05-02 05:02:11,15.758,6.753,60.781,13.007,0,1498980,496264,211920,5651644,16845.580,1620.826,0,69347.321,0,5519.811,18304,36585,2.250,2.180,1.300,0,1,0,0,0,20,36,0,11,0
05-02 05:02:12,12.497,5.749,64.984,12.747,0,1498708,494500,211920,5653592,19859.046,1619.596,0,50835.320,0,4709.825,16482,33305,2.250,2.180,1.300,2,1,0,0,0,20,36,0,11,0
05-02 05:02:13,16.766,6.506,63.061,11.511,0,1502220,483160,211924,5661220,17910.263,1621.563,0,57871.780,0,4507.344,16928,32599,2.230,2.180,1.310,1,1,36.035,0,0,20,36,0,11,0
05-02 05:02:14,21.123,5.716,67.097,3.976,0,1519832,464852,211924,5661884,18965.189,1610.336,0,29594.403,0,2157.055,8552,14657,2.230,2.180,1.310,1,0,54.672,0,0,20,32,0,11,0
05-02 05:02:15,22.786,3.005,73.116,0.501,0,1574216,410420,211924,5661932,14749.463,1460.323,0,1402.231,0,69.110,1922,1379,2.230,2.180,1.310,3,0,0,0,0,20,32,0,9,0
05-02 05:02:16,24.326,2.257,71.974,0.752,0,1600676,383960,211924,5661932,8626.869,1625.061,0,5087.846,0,288.900,2447,2516,2.230,2.180,1.310,1,0,1.003,0,0,20,32,0,9,0
05-02 05:02:17,6.979,12.462,71.531,7.477,0,1526596,457864,211960,5662068,8179.958,1615.056,151.536,227.304,33.896,48.850,3558,2520,2.230,2.180,1.310,1,0,176.460,0,0,20,32,0,9,0
05-02 05:02:18,21.340,3.766,73.309,1.255,0,1518836,465620,211960,5662072,16128.039,1626.863,4.017,530.237,1.004,7.030,2311,1355,2.210,2.180,1.310,1,0,50.212,0,0,20,32,0,9,0
05-02 05:02:19,17.729,8.240,72.663,0,0,1532184,452232,211960,5662080,13086.300,1618.059,0,0,0,0,2762,1943,2.210,2.180,1.310,1,0,86.896,0,0,20,32,0,9,0
05-02 05:02:20,23.502,2.750,73.256,0,0,1566836,417568,211960,5662092,15574.264,1620.131,8.001,0,1.000,0,2069,1523,2.210,2.180,1.310,2,0,0,0,0,20,32,0,9,0
05-02 05:02:21,21.505,5.251,72.517,0.250,0,1544644,439608,211960,5662244,13385.197,1620.387,0,144.034,0,10.002,3744,3713,2.210,2.180,1.310,1,0,48.011,0,0,20,32,0,9,0
05-02 05:02:22,19.995,5.748,72.730,0,0,1569984,414252,211964,5662256,16585.486,1619.559,0,443.879,0,23.993,2142,1439,2.210,2.180,1.310,1,0,18.995,0,0,20,32,0,9,0
05-02 05:02:23,23.788,2.504,72.617,0.250,0,1592612,391620,211964,5662260,14963.145,1622.618,0,801.293,0,121.196,2478,1958,2.120,2.160,1.310,1,0,0,0,0,20,33,0,9,0
05-02 05:02:24,22.916,3.487,70.492,0,0,1583908,400268,211964,5662316,8639.346,1614.086,0,223.182,0,14.945,5516,7330,2.120,2.160,1.310,1,0,0,0,0,20,33,0,11,0
05-02 05:02:25,21.285,5.509,72.368,0.250,0,1560776,423392,211964,5662324,18713.632,1460.390,0,320.525,0,26.043,2575,2232,2.120,2.160,1.310,1,0,30.049,0,0,20,32,0,11,0
05-02 05:02:26,23.220,2.497,72.905,0.250,0,1572680,411484,211964,5662328,14379.216,1617.886,0,139.817,0,7.990,2045,1385,2.120,2.160,1.310,1,0,0,0,0,20,33,0,12,0
05-02 05:02:27,23.755,3.501,72.016,0,0,1566744,417396,211964,5662352,9891.252,1620.369,0,120.027,0,14.003,3900,4663,2.120,2.160,1.310,1,0,0,0,0,20,33,0,6,0
05-02 05:02:28,21.063,5.516,71.212,0,0,1533380,450596,211964,5662512,15296.459,1624.829,0,220.656,0,38.113,4567,5011,2.030,2.140,1.310,1,0,50.149,0,0,20,32,0,6,0
05-02 05:02:29,21.179,4.734,73.502,0,0,1555792,428184,211964,5662512,11422.488,1614.556,0,11.960,0,1.993,1838,1273,2.030,2.140,1.310,1,0,5.980,0,0,20,32,0,6,0
05-02 05:02:30,23.762,2.251,73.286,0,0,1576552,407416,211964,5662520,15516.640,1620.798,0,80.039,0,5.002,2313,1913,2.030,2.140,1.310,1,0,0,0,0,20,33,0,6,0
05-02 05:02:31,20.983,5.995,72.192,0,0,1549476,434476,211964,5662536,11880.528,1618.709,0,159.873,0,0.999,2953,2682,2.030,2.140,1.310,1,0,33.973,0,0,20,32,0,6,0
05-02 05:02:32,23.254,2.500,73.764,0,0,1570244,413708,211964,5662536,73293.951,1620.308,0,4.001,0,1.000,1752,909,2.030,2.140,1.310,2,0,0,0,0,20,32,0,6,0
05-02 05:02:33,22.040,5.760,71.628,0.250,0,1485272,498664,211964,5662548,16032.758,1622.911,0,2748.931,0,187.336,3350,2953,1.940,2.120,1.310,1,0,50.090,0,0,20,32,0,6,0
05-02 05:02:34,20.263,5.003,73.549,0,0,1490304,493636,211964,5662556,16114.640,1621.070,0,384.254,0,19.013,2074,1395,1.940,2.120,1.310,1,0,10.007,0,0,20,32,0,6,0
05-02 05:02:35,24.004,3.001,72.263,0,0,1511688,472240,211964,5662568,12130.257,1620.301,0,76.014,0,7.001,2159,1616,1.940,2.120,1.310,1,0,0,0,0,20,33,0,6,0
05-02 05:02:36,22.438,3.989,71.553,0,0,1504124,479744,211964,5662628,15193.065,1453.987,0,0,0,0,3872,4117,1.940,2.120,1.310,1,0,42.882,0,0,20,32,0,7,0
05-02 05:02:37,21.758,4.502,73.526,0,0,1503204,480664,211964,5662628,11612.060,1620.567,0,560.196,0,102.036,1851,1201,1.940,2.120,1.310,1,0,2.001,0,0,20,32,0,7,0
05-02 05:02:38,23.809,2.757,72.428,0,0,1509004,474848,211964,5662644,18070.493,1666.102,0,8.020,0,2.005,3160,3292,1.790,2.080,1.300,2,0,1.002,0,0,20,33,0,7,0
05-02 05:02:39,17.950,8.477,71.801,0.499,0,1496028,487800,211964,5662664,16116.320,1657.405,0,343.049,0,25.928,3573,3310,1.790,2.080,1.300,1,0,66.815,0,0,20,32,0,7,0
05-02 05:02:40,23.255,2.501,73.267,0,0,1545392,438436,211964,5662664,8277.904,1620.373,0,36.008,0,1.000,1745,1002,1.790,2.080,1.300,1,0,0,0,0,20,32,0,7,0
05-02 05:02:41,23.755,3.251,72.265,0,0,1539880,443816,211964,5662796,15844.312,1620.339,0,64.013,0,5.001,3467,3563,1.790,2.080,1.300,1,0,0,0,0,20,32,0,7,0
05-02 05:02:42,19.994,6.248,72.978,0,0,1506544,477136,211964,5662812,12008.391,1619.513,0,0,0,0,2208,1403,1.790,2.080,1.300,1,0,33.990,0,0,20,32,0,7,0
05-02 05:02:43,29.748,5.750,63.246,0,0,1543784,439888,211964,5662820,15066.150,1619.909,0,0,0,0,3236,13000,1.730,2.060,1.300,1,0,35.998,0,0,20,32,0,7,0
05-02 05:02:44,20.248,5.749,72.493,0,0,1538568,445100,211964,5662824,12375.733,1619.834,0,255.974,0,22.998,2946,2434,1.730,2.060,1.300,1,0,59.994,0,0,20,32,0,7,0
05-02 05:02:45,22.263,4.002,73.542,0,0,1544912,438756,211964,5662824,15979.054,1620.918,0,0,0,0,1800,1067,1.730,2.060,1.300,2,0,0,0,0,20,32,0,7,0
05-02 05:02:46,22.996,2.750,72.738,0,0,1539172,444484,211964,5662836,15338.569,1457.769,0,47.992,0,4.999,3253,3310,1.730,2.060,1.300,1,0,0,0,0,20,33,0,8,0
05-02 05:02:47,20.245,6.748,72.481,0,0,1480404,503228,211964,5662860,10093.340,1619.573,0,0,0,0,3173,2957,1.730,2.060,1.300,1,0,42.989,0,0,20,32,0,8,0
05-02 05:02:48,22.999,3.000,72.997,0,0,1523784,459848,211964,5662860,8400.648,1619.932,0,0,0,0,1701,970,1.670,2.050,1.290,1,0,1.000,0,0,20,32,0,8,0
05-02 05:02:49,24.083,3.261,72.499,0,0,1518948,464652,211964,5662892,17547.256,1625.582,0,56.193,0,2.007,4319,4989,1.670,2.050,1.290,1,0,0,0,0,20,33,0,8,0
05-02 05:02:50,18.720,6.739,72.384,0.250,0,1466960,516636,211964,5662892,14858.145,1617.403,0,363.417,0,26.957,2793,2222,1.670,2.050,1.290,1,0,66.893,0,0,20,32,0,8,0
05-02 05:02:51,22.459,3.494,73.115,0,0,1508896,474696,211964,5662896,15149.041,1617.016,0,23.956,0,3.993,2150,1616,1.670,2.050,1.290,1,0,0,0,0,20,32,0,8,0
05-02 05:02:52,22.548,4.259,72.405,0,0,1473632,509940,211964,5662916,11556.666,1623.465,0,12.026,0,2.004,3174,3182,1.670,2.050,1.290,1,0,34.073,0,0,20,32,0,8,0
05-02 05:02:53,21.457,3.992,73.104,0,0,1531064,452504,211964,5662916,16059.859,1710.577,0,63.872,0,3.992,1909,1249,1.610,2.030,1.290,1,0,0,0,0,20,32,0,8,0
05-02 05:02:54,24.068,2.758,72.955,0,0,1538400,445164,211964,5662920,13875.024,1624.569,0,1516.265,0,192.542,2442,2084,1.610,2.030,1.290,1,0,0,0,0,20,33,0,8,0
05-02 05:02:55,18.925,6.723,72.710,0,0,1530088,453340,211964,5663056,9063.911,1452.218,0,298.810,0,21.913,2756,2199,1.610,2.030,1.290,1,0,59.762,0,0,20,32,0,8,0
05-02 05:02:56,24.052,2.255,72.909,0.251,0,1537116,446308,211964,5663060,8212.921,1623.543,0,40.087,0,5.011,2058,1535,1.610,2.030,1.290,1,0,0,0,0,20,32,0,8,0
05-02 05:02:57,24.464,2.247,71.895,0,0,1537112,446308,211964,5663064,16485.917,1617.637,0,3.994,0,0.999,3569,4045,1.610,2.030,1.290,1,0,0,0,0,20,32,0,9,0
05-02 05:02:58,19.507,7.253,72.526,0,0,1506584,476812,211964,5663088,13954.954,1620.575,0,0,0,0,2531,1776,1.560,2.010,1.290,2,0,44.016,0,0,20,32,0,9,0
05-02 05:02:59,22.985,2.748,72.952,0,0,1526116,457276,211964,5663092,17044.736,1618.930,0,3.997,0,0.999,2058,1457,1.560,2.010,1.290,1,0,0,0,0,20,32,0,9,0
05-02 05:03:00,22.313,4.763,72.203,0,0,1521636,461708,211964,5663132,14640.072,1624.558,0,248.698,0,31.087,4230,4774,1.560,2.010,1.290,2,0,36.101,0,0,20,32,0,7,0
05-02 05:03:01,20.456,5.239,72.845,0,0,1521212,462132,211964,5663132,17738.202,1616.555,0,231.507,0,13.970,2273,1587,1.560,2.010,1.290,1,0,30.934,0,0,20,32,0,7,0
05-02 05:03:02,24.249,3.500,71.746,0.250,0,1520000,463336,211964,5663140,79733.490,1619.908,0,447.975,0,14.999,2317,1592,1.560,2.010,1.290,1,0,6.000,0,0,20,32,0,7,0
05-02 05:03:03,21.496,5.999,71.987,0,0,1517748,465568,211964,5663160,9031.351,1619.704,0,131.976,0,7.999,3314,3350,1.520,1.990,1.290,1,0,33.994,0,0,20,32,0,7,0
05-02 05:03:04,23.497,2.000,72.991,0,0,1517748,465568,211964,5663160,15266.162,1619.805,0,43.995,0,4.000,1782,1101,1.520,1.990,1.290,1,0,0,0,0,20,32,0,7,0
05-02 05:03:05,21.560,4.513,72.202,0.251,0,1517048,466136,211964,5663292,15207.511,1462.087,0,1119.128,0,159.446,3148,2794,1.520,1.990,1.290,1,0,32.090,0,0,20,32,0,8,0
05-02 05:03:06,19.203,6.733,72.821,0,0,1552880,430296,211964,5663300,9305.088,1616.021,0,235.420,0,14.963,2131,1454,1.520,1.990,1.290,1,0,27.931,0,0,20,32,0,8,0
05-02 05:03:07,23.252,3.000,73.507,0,0,1576808,406368,211964,5663300,16379.466,1620.145,0,212.019,0,12.001,2041,1441,1.520,1.990,1.290,1,0,0,0,0,20,32,0,8,0
05-02 05:03:08,22.497,4.749,71.489,0,0,1493840,489308,211964,5663328,11885.199,1619.755,0,7.999,0,2.000,3867,3948,1.480,1.980,1.290,2,0,43.993,0,0,20,32,0,8,0
05-02 05:03:09,22.296,4.008,73.402,0,0,1493840,489308,211964,5663328,18305.020,1623.372,0,0,0,0,1813,1054,1.480,1.980,1.290,1,0,0,0,0,20,32,0,8,0
05-02 05:03:10,23.212,2.496,72.133,0.250,0,1497348,485780,211964,5663348,11985.575,1617.379,0,55.909,0,3.994,3190,3370,1.480,1.980,1.290,1,0,0,0,0,20,32,0,9,0
05-02 05:03:11,14.528,14.027,71.137,0,0,1494548,488560,211964,5663364,9168.635,1623.122,0,428.825,0,44.085,4857,3949,1.480,1.980,1.290,1,0,214.412,0,0,20,32,0,9,0
05-02 05:03:12,8.009,15.016,71.828,3.254,0,1466496,516240,211972,5663672,14710.026,1621.767,48.052,188.205,6.007,9.010,4348,3203,1.480,1.980,1.290,1,1,200.218,0,0,20,12,0,9,20
05-02 05:03:13,8.484,20.710,67.619,2.495,0,1445708,536500,211972,5664204,12905.065,1616.876,503.028,159.691,5.988,7.985,5441,3687,1.440,1.960,1.290,1,0,303.414,0,0,21,12,0,9,20
05-02 05:03:14,12.972,20.706,64.862,0,0,1444660,537524,211972,5664696,8322.304,1616.563,0,27.941,0,6.985,5975,5352,1.440,1.960,1.290,1,0,279.406,0,0,21,12,0,9,20
05-02 05:03:15,23.003,13.502,62.259,0,0,1425108,557072,211972,5664232,15927.331,1458.213,0,4.001,0,1.000,5067,5647,1.440,1.960,1.290,2,0,133.019,0,0,21,12,0,9,20
05-02 05:03:16,24.797,22.041,51.847,0,0,1462368,518920,211980,5665072,10697.068,1623.045,0,472.887,0,41.077,5713,3945,1.440,1.960,1.290,1,0,324.609,0,0,23,12,0,9,20
05-02 05:03:17,14.235,20.478,63.681,0.749,0,1472064,509064,211980,5665708,16636.044,1618.253,0,3696.011,0,178.807,6436,6495,1.440,1.960,1.290,1,0,271.707,0,0,23,12,0,9,20
05-02 05:03:18,23.804,12.278,62.893,0,0,1471340,509780,211980,5665224,11491.178,1623.699,0,128.292,0,7.016,5152,5915,1.560,1.980,1.290,3,0,115.263,0,0,23,12,0,9,20
05-02 05:03:19,23.737,21.988,52.971,0,0,1504824,475908,211980,5665612,9391.829,1619.109,15.991,3.998,0.999,0.999,5678,3951,1.560,1.980,1.290,2,0,299.835,0,0,25,12,0,9,20
05-02 05:03:20,11.756,19.761,67.286,0.250,0.250,1515128,465576,211980,5665976,16594.883,1620.868,0,2601.393,0,273.146,5688,3977,1.560,1.980,1.290,7,0,254.136,0,0,25,12,0,9,20
05-02 05:03:21,23.192,12.718,62.593,0,0,1518412,462276,211980,5665768,11964.987,1615.947,0,837.898,0,14.962,5347,6915,1.560,1.980,1.290,1,0,129.675,0,0,25,12,0,9,20
05-02 05:03:22,46.902,13.293,39.378,0,0,1653708,326904,212036,5665660,14877.221,1625.268,0,0,0,0,4606,3140,1.560,1.980,1.290,14,0,99.322,0,0,27,12,0,9,20
05-02 05:03:23,87.027,12.754,0,0,0,1852876,127600,212036,5665764,12154.739,1620.498,0,24.007,0,2.001,5064,3462,2.480,2.160,1.360,14,0,0,0,0,27,12,0,9,20
05-02 05:03:24,89.994,9.749,0,0,0,2028592,186884,211452,5436292,15092.054,1619.898,523.967,335.979,18.999,3.000,5112,3523,2.480,2.160,1.360,11,0,39.997,0,0,27,12,0,7,20
05-02 05:03:25,33.418,16.959,48.382,0,0,2025184,189988,211456,5436488,13821.227,1616.051,0,15.961,0,3.990,5527,4025,2.480,2.160,1.360,1,0,221.459,0,0,27,12,0,7,20
05-02 05:03:26,10.774,20.796,67.149,0,0,2023324,191692,211456,5436644,7849.379,1461.235,0,356.790,0,11.024,5606,4120,2.480,2.160,1.360,1,0,284.630,0,0,27,12,0,7,20
05-02 05:03:27,20.719,16.475,62.156,0,0,2012236,202768,211456,5437132,8907.471,1617.543,0,67.897,0,2.995,6418,8481,2.480,2.160,1.360,1,0,200.695,0,0,27,12,0,7,20
05-02 05:03:28,24.651,13.446,59.759,0.249,0,2041792,173184,211456,5436692,15619.134,1613.506,15.936,0,0.996,0,4431,3331,2.440,2.160,1.360,1,0,142.427,0,0,27,12,0,6,20
05-02 05:03:29,20.598,5.526,72.848,0,0,2067720,146832,211460,5437096,15910.910,1627.766,12.058,28.134,2.010,2.010,2726,2114,2.440,2.160,1.360,1,0,39.187,0,0,28,12,0,7,20
05-02 05:03:30,19.698,7.729,71.311,0,0,2104868,191380,211460,5357232,15074.976,1615.710,0,0,0,0,2867,2326,2.440,2.160,1.360,1,0,52.860,0,0,28,12,0,7,20
05-02 05:03:31,24.257,3.501,70.770,0,0,2136052,160188,211460,5357240,11252.161,1620.455,0,248.070,0,14.004,2736,2743,2.440,2.160,1.360,3,0,0,0,0,28,12,0,7,10
05-02 05:03:32,24.229,3.247,70.189,0.250,0.250,2146288,149636,211460,5357512,80895.842,1618.596,0,499.567,0,45.960,3979,4370,2.440,2.160,1.360,3,0,0,0,0,28,18,0,12,0
05-02 05:03:33,10.539,21.329,68.001,0,0,2074396,221464,211460,5357576,11390.116,1626.012,4.015,52.193,1.004,7.026,5851,4523,2.330,2.140,1.360,1,0,356.318,0,0,28,18,0,12,0
05-02 05:03:34,8.750,19.751,68.752,0,0,2086096,209708,211460,5357616,9447.262,1620.045,0,380.011,0,4.000,5765,4435,2.330,2.140,1.360,1,0,311.009,0,0,28,18,0,12,0
05-02 05:03:35,10.748,20.747,67.240,0,0,2076628,219116,211460,5357676,10427.495,1619.766,0,95.986,0,9.999,5674,4303,2.330,2.140,1.360,3,0,288.958,0,0,28,18,0,12,0
05-02 05:03:36,17.005,16.505,65.269,0,0,2065092,230644,211460,5357684,15793.532,1458.419,0,12.003,0,3.001,5813,6266,2.330,2.140,1.360,1,0,190.055,0,0,28,18,0,12,0
05-02 05:03:37,31.463,14.233,53.188,0,0,2117108,178612,211464,5358040,8529.065,1618.115,0,7.991,0,1.998,5575,5925,2.330,2.140,1.360,3,0,158.815,0,0,28,18,0,11,0
05-02 05:03:38,49.142,7.733,42.407,0,0,2174284,187784,211456,5293136,18828.740,1658.366,0,247.458,0,4.989,3709,2144,2.300,2.140,1.360,2,0,36.919,0,0,28,19,0,12,0
05-02 05:03:39,46.008,6.001,46.758,0,0,2233744,128060,211456,5293400,15383.769,1662.299,0,216.039,0,1.000,3266,1862,2.300,2.140,1.360,3,0,0,0,0,28,19,0,12,0
05-02 05:03:40,49.422,5.268,45.408,0,0,2310444,120064,211320,5226120,16948.033,1625.662,32.112,228.797,2.007,6.021,4022,2925,2.300,2.140,1.360,2,1,18.063,0,0,28,35,0,12,0
05-02 05:03:41,46.446,4.994,45.697,0.999,0,2348624,159876,211388,5149940,13006.983,1618.132,99.885,1454.321,0.999,131.848,3900,2720,2.300,2.140,1.360,3,0,2.997,0,0,28,35,0,12,0
05-02 05:03:42,37.274,11.507,50.282,0.250,0,2367824,138324,211392,5152036,8734.634,1621.046,0,420.271,0,25.016,7433,10914,2.300,2.140,1.360,1,0,113.073,0,0,28,34,0,13,0
05-02 05:03:43,17.708,21.699,55.618,2.993,0,2373816,209344,211396,5077332,16927.866,1616.168,838.013,39.905,26.936,3.991,6978,16892,2.440,2.170,1.380,3,0,336.203,0,0,28,34,0,14,0
05-02 05:03:44,20.236,10.992,65.455,1.499,0,2366564,216248,211396,5077212,8777.010,1618.895,507.654,3.997,10.992,0.999,4913,5473,2.440,2.170,1.380,0,0,99.932,0,0,28,34,0,14,0
05-02 05:03:45,2.250,1.250,95.241,0,0,2366488,216156,211396,5077376,8869.129,1619.841,0,811.920,0,2.000,1307,1756,2.440,2.170,1.380,0,0,3.000,0,0,28,34,0,13,0
05-02 05:03:46,2.249,1.000,95.224,0,0,2366488,216156,211396,5077376,14941.997,1457.609,0,2147.425,0,104.972,1361,1754,2.440,2.170,1.380,0,0,1.000,0,0,28,34,0,13,0
05-02 05:03:47,2.001,0.750,95.793,0,0,2366488,216156,211396,5077376,11283.093,1620.732,0,4.002,0,1.000,1244,1704,2.440,2.170,1.380,0,0,3.001,0,0,28,34,0,13,0
05-02 05:03:48,2.000,0.750,94.999,0,0,2366484,216156,211396,5077376,19075.721,1619.976,0,135.998,0,2.000,1394,1819,2.240,2.130,1.370,2,0,2.000,0,0,28,34,0,13,0
05-02 05:03:49,15.236,12.489,70.937,0,0,2316320,266188,211400,5077976,12140.229,1618.564,3.996,0,0.999,0,5114,5480,2.240,2.130,1.370,2,0,208.815,0,0,28,34,0,12,0
05-02 05:03:50,21.335,13.554,63.253,0.251,0,2364268,218224,211400,5077500,8305.195,1626.501,0,200.803,0,15.060,5812,6848,2.240,2.130,1.370,2,1,171.686,0,0,28,48,0,12,0
05-02 05:03:51,13.994,20.491,61.723,2.749,0.250,2421532,160772,211408,5077656,19313.657,1857.198,99.957,5969.421,10.995,501.783,6445,5430,2.240,2.130,1.370,1,1,322.861,0,0,29,50,0,12,0
05-02 05:03:52,21.426,16.444,57.303,2.990,0,2394252,187700,211416,5078484,16152.516,1614.454,342.822,3.986,67.767,0.997,6823,8609,2.240,2.130,1.370,1,0,203.302,0,0,29,50,0,12,0
05-02 05:03:53,13.256,11.755,73.283,0.250,0,2394044,187796,211416,5078264,16298.359,1714.774,0,604.273,0,26.012,4171,4238,2.060,2.100,1.360,0,0,188.085,0,0,29,50,0,12,0
05-02 05:03:54,9.788,14.305,74.287,0,0,2400004,181816,211416,5078496,11967.231,1626.282,0,20.078,0,4.016,5436,6321,2.060,2.100,1.360,1,0,213.826,0,0,31,50,0,12,0
05-02 05:03:55,26.741,10.996,61.230,0,0,2397332,184480,211416,5078140,14724.143,1619.466,0,7.997,0,1.999,4620,4839,2.060,2.100,1.360,0,0,102.966,0,0,31,50,0,13,0
05-02 05:03:56,9.244,18.987,69.953,0,0,2387800,193924,211416,5078220,11696.069,1457.012,7.995,71.951,0.999,9.993,5652,4650,2.060,2.100,1.360,2,0,319.783,0,0,31,52,0,13,0
05-02 05:03:57,9.972,19.195,68.057,0,0,2385796,195772,211416,5078376,8841.874,1657.291,0,23.932,0,5.983,5905,4727,2.060,2.100,1.360,1,0,334.051,0,0,31,52,0,12,0
05-02 05:03:58,21.564,16.298,61.432,0,0,2386164,195396,211416,5078892,12123.967,1624.820,0,172.512,0,6.018,6836,8674,2.060,2.090,1.370,1,0,197.586,0,0,31,52,0,12,0
05-02 05:03:59,28.244,19.246,51.239,0,0,2424772,156792,211432,5078380,18564.858,1619.639,0,55.988,0,6.998,5647,4386,2.060,2.090,1.370,3,0,271.939,0,0,31,52,0,12,0
05-02 05:04:00,31.277,23.521,43.788,0,0,2447716,209380,211432,5004448,11823.384,1621.424,0,3350.943,0,368.323,6645,4972,2.060,2.090,1.370,4,0,379.333,0,0,31,52,0,12,0
05-02 05:04:01,28.755,23.754,44.258,2.250,0,2504468,151236,211508,5005700,17002.024,1710.304,224.040,0,9.002,0,6945,7497,2.060,2.090,1.370,2,0,407.072,0,0,31,52,0,12,0
05-02 05:04:02,30.492,26.743,41.740,0,0,2587800,136464,211536,4938312,80496.007,1619.598,0,31.992,0,7.998,6405,5285,2.060,2.090,1.370,2,0,344.914,0,0,31,56,0,14,0
05-02 05:04:03,36.133,21.430,40.867,0,0,2644588,153000,211536,4867272,15845.594,1614.761,11.961,737.607,2.990,5.981,6192,5637,2.050,2.090,1.370,2,0,239.224,0,0,31,56,0,14,0
05-02 05:04:04,49.584,16.196,32.142,0.249,0.249,2669836,199012,211536,4797788,16182.780,1614.590,71.760,0,0.997,0,5456,5747,2.050,2.090,1.370,5,0,140.529,0,0,31,56,0,14,0
05-02 05:04:05,68.613,25.384,7.037,0,0,2788188,152728,211552,4727424,8086.782,1628.616,0,390.064,0,8.043,5607,4711,2.050,2.090,1.370,4,0,372.973,0,0,31,56,0,13,0
05-02 05:04:06,61.113,19.456,18.209,0,0,2850336,159324,211564,4660132,8628.706,1616.386,219.509,997.769,1.996,10.975,6140,7994,2.050,2.090,1.370,7,0,229.487,0,0,31,56,0,13,0
05-02 05:04:07,68.819,21.021,10.010,0,0,2918516,160184,211600,4592512,15535.592,1459.465,0,372.374,0,28.028,6687,6213,2.050,2.090,1.370,5,0,238.239,0,0,31,56,0,13,0
05-02 05:04:08,66.526,25.510,4.002,4.252,0,3020172,148996,212056,4503540,11554.534,1620.636,332.130,2460.966,52.020,105.041,5879,5123,2.210,2.120,1.380,5,0,336.132,0,0,31,56,0,14,0
05-02 05:04:09,79.200,18.488,0.999,0,0,3154820,134908,212056,4386360,15565.091,1618.969,0,7.995,0,1.999,7100,8316,2.210,2.120,1.380,17,0,237.849,0,0,31,60,0,14,0
05-02 05:04:10,65.847,23.034,8.012,2.504,0,3204584,183332,212060,4289728,12570.455,1622.382,72.106,23770.898,6.009,1671.454,11854,19356,2.210,2.120,1.380,5,0,179.263,0,0,31,62,0,14,0
05-02 05:04:11,70.734,24.819,2.978,1.241,0,3292676,177828,212060,4208184,15765.048,1608.273,0,17031.811,0,1955.740,13000,22853,2.210,2.120,1.380,7,0,290.879,0,0,31,62,0,14,0
05-02 05:04:12,69.808,21.169,7.812,0.504,0,3382728,139900,212164,4157372,11531.133,1723.773,213.708,7318.474,13.105,558.462,9201,13724,2.210,2.120,1.380,6,0,214.716,0,0,31,66,0,17,0
05-02 05:04:13,77.816,20.517,2.002,0,0,3394492,170168,212144,4115308,8625.297,1621.372,0,852.721,0,39.033,8991,15547,2.350,2.160,1.400,9,0,218.185,0,0,31,66,0,21,0
05-02 05:04:14,60.255,23.502,16.001,0,0,3518168,150812,212144,4012168,16292.292,1620.128,8.001,1176.093,2.000,71.006,7285,7855,2.350,2.160,1.400,3,0,382.030,0,0,31,79,0,23,0
05-02 05:04:15,44.219,25.732,28.480,0,0,3590668,132460,212148,3959040,12655.228,1618.878,0,819.432,0,41.971,7893,10615,2.350,2.160,1.400,1,1,349.758,0,0,31,79,0,23,0
05-02 05:04:16,41.470,17.383,38.738,1.242,0,3626316,154548,212148,3903028,8041.692,1609.133,3.973,16591.949,0.993,956.540,8175,8898,2.350,2.160,1.400,7,0,212.564,0,0,31,81,0,23,0
05-02 05:04:17,56.119,15.351,28.437,0,0,3683432,136348,212152,3865156,16432.005,1630.718,0,8.053,0,1.007,5986,7984,2.350,2.160,1.400,6,0,158.039,0,0,31,79,0,24,0
05-02 05:04:18,54.759,8.712,35.096,0.249,0,3792852,146644,212156,3748312,13593.162,1451.610,83.632,139.386,1.991,7.965,4497,4295,2.400,2.170,1.410,2,0,9.956,0,0,31,84,0,26,0
05-02 05:04:19,30.337,12.787,55.158,0.752,0,3841408,132064,212176,3715176,15446.358,1624.666,16.046,625.797,1.003,38.109,4967,4483,2.400,2.170,1.410,2,0,124.357,0,0,31,87,0,26,0
05-02 05:04:20,9.260,19.771,69.325,0.250,0,3843960,129512,212176,3715256,12248.174,1621.744,0,732.788,0,43.046,5684,4512,2.400,2.170,1.410,1,0,281.303,0,0,31,87,0,26,0
05-02 05:04:21,9.255,19.511,69.789,0,0,3850196,123248,212176,3715284,7935.385,1620.896,0,124.069,0,13.007,5533,4451,2.400,2.170,1.410,3,0,273.151,0,0,31,87,0,26,0
05-02 05:04:22,8.747,19.493,69.976,0,0,3846180,127244,212176,3715304,15258.735,1751.396,0,403.861,0,4.998,5707,4307,2.400,2.170,1.410,1,0,279.903,0,0,31,87,0,26,0
05-02 05:04:23,20.204,7.234,69.343,1.247,0,3886428,133660,212176,3669732,14469.264,1616.343,207.530,299.323,3.991,17.959,2763,2349,2.290,2.150,1.400,2,0,33.923,0,0,31,89,0,26,0
05-02 05:04:24,24.809,4.009,69.664,0.501,0,3921784,127544,212176,3641008,8763.691,1623.834,172.407,152.360,2.005,17.040,2948,2819,2.290,2.150,1.400,1,0,3.007,0,0,31,95,0,26,0
05-02 05:04:25,29.400,6.229,61.542,0.498,0,3942284,180496,212176,3569612,15104.856,1614.533,15.946,398.650,0.997,30.895,4175,4433,2.290,2.150,1.400,1,0,1.993,0,0,31,97,0,26,0
05-02 05:04:26,21.004,7.751,70.013,0.500,0,3897144,225624,212176,3569624,11470.179,1620.308,152.029,132.025,2.000,11.002,3040,2569,2.290,2.150,1.400,2,0,56.011,0,0,31,99,0,26,0
05-02 05:04:27,25.854,3.765,70.030,0,0,3931256,191352,212176,3569784,15487.022,1626.514,0,180.724,0,20.080,3112,2926,2.290,2.150,1.400,3,0,2.008,0,0,31,102,0,26,0
05-02 05:04:28,29.384,4.980,62.753,0.249,0,3948644,173460,212176,3570288,8341.110,1452.273,478.115,266.947,21.914,20.918,4254,4750,2.190,2.130,1.400,1,0,3.984,0,0,31,106,0,26,0
05-02 05:04:29,24.332,4.766,68.984,0.502,0,3924624,196848,212188,3570908,8274.052,1625.511,240.816,754.558,18.061,94.320,3814,4361,2.190,2.130,1.400,1,0,25.085,0,0,31,109,0,26,0
05-02 05:04:30,21.752,5.750,71.006,0.250,0,3921740,199732,212188,3570908,14805.258,1620.138,0,292.025,0,21.002,2612,2252,2.190,2.130,1.400,1,0,21.002,0,0,31,109,0,25,0
05-02 05:04:31,24.665,3.488,70.010,0.249,0,3942136,179332,212188,3570912,14787.256,1614.460,0,5325.724,0,474.372,3213,2619,2.190,2.130,1.400,1,0,0,0,0,31,109,0,25,0
05-02 05:04:32,23.756,4.751,69.769,0.500,0,3943612,177832,212188,3570920,86102.979,1620.432,0,1268.338,0,85.023,3941,4379,2.190,2.130,1.400,1,0,0,0,0,31,110,0,25,0
05-02 05:04:33,20.982,6.744,70.440,0.250,0,3936632,184800,212188,3570932,16952.573,1618.623,0,515.561,0,53.954,3335,3267,2.090,2.110,1.400,1,0,50.957,0,0,31,109,0,25,0
05-02 05:04:34,23.954,3.493,70.615,0.250,0,3978448,142968,212188,3570948,15214.843,1616.901,0,315.396,0,24.952,2793,2665,2.090,2.110,1.400,3,0,0,0,0,31,110,0,20,0
05-02 05:04:35,25.086,4.265,67.984,1.254,0,3970952,149796,212188,3571616,33098.738,1667.731,569.959,2227.655,28.097,207.714,4904,6323,2.090,2.110,1.400,2,1,0,0,0,31,110,0,20,0
05-02 05:04:36,26.677,4.488,64.822,1.745,0,3969328,150860,212188,3572192,12980.397,1615.569,478.687,9581.719,23.934,644.233,5825,8216,2.090,2.110,1.400,1,0,2.992,0,0,31,113,0,20,0
05-02 05:04:37,25.033,8.511,64.085,0.751,0.250,3948656,171524,212188,3572200,28482.608,1708.256,0,1570.073,0,114.151,5807,6585,2.090,2.110,1.400,2,0,108.143,0,0,31,114,0,21,0
05-02 05:04:38,37.005,8.251,53.508,0,0,4001336,149160,212188,3542296,17573.496,1662.236,32.005,544.077,2.000,44.006,7090,10527,2.240,2.140,1.410,2,0,32.005,0,0,31,122,0,25,0
05-02 05:04:39,24.262,3.752,71.035,0,0,4023248,127236,212188,3542308,63625.982,1500.731,0,256.125,0,14.007,3549,2889,2.240,2.140,1.410,2,0,0,0,0,31,124,0,25,0
05-02 05:04:40,22.993,4.249,68.229,1.500,0,4028848,130516,212188,3533428,32465.073,1705.479,271.917,1543.528,18.994,118.964,5001,6264,2.240,2.140,1.410,2,0,1.000,0,0,31,124,0,25,0
05-02 05:04:41,33.816,7.765,55.608,1.252,0,3991704,198372,212192,3504280,25587.725,1623.154,817.589,1655.217,9.018,109.212,5301,5675,2.240,2.140,1.410,2,0,48.093,0,0,31,123,0,26,0
05-02 05:04:42,37.311,15.776,45.074,1.252,0,4067424,158400,212192,3469392,16027.321,1622.665,72.118,396.651,1.002,30.049,4768,3678,2.240,2.140,1.410,1,1,143.235,0,0,31,123,0,25,0
05-02 05:04:43,47.700,7.492,40.458,3.247,0,4162552,141276,212192,3394056,32867.567,1704.215,747.217,251.736,17.981,13.985,4147,5047,2.550,2.210,1.440,4,0,33.964,0,0,31,124,0,25,0
05-02 05:04:44,33.180,6.237,58.376,0.748,0,4170020,133608,212192,3392708,10417.869,1616.566,51.890,690.533,4.989,81.826,5201,14220,2.550,2.210,1.440,1,1,2.994,0,0,31,124,0,26,0
05-02 05:04:45,24.321,4.513,67.698,1.003,0,4172792,130748,212192,3392796,9426.519,1624.743,48.141,1035.022,2.006,110.322,5052,6716,2.550,2.210,1.440,1,0,0,0,0,31,124,0,26,0
05-02 05:04:46,17.198,10.219,69.538,1.495,0,4113140,190396,212196,3392796,23032.757,1700.813,3.988,1563.233,0.997,50.845,3789,3305,2.550,2.210,1.440,1,0,85.739,0,0,31,123,0,25,0
05-02 05:04:47,24.738,2.499,70.965,0,0,4161132,142392,212196,3392808,11946.179,1619.211,0,751.634,0,93.954,2319,1905,2.550,2.210,1.440,1,0,0,0,0,31,123,0,25,0
05-02 05:04:48,24.997,3.500,69.493,0.500,0.250,4165296,138216,212196,3392820,14995.394,1619.827,0,2383.745,0,140.985,3979,4658,2.500,2.200,1.440,1,0,1.000,0,0,31,125,0,25,0
05-02 05:04:49,20.804,7.018,70.933,0,0,4155232,148276,212196,3392824,21336.069,1461.773,0,144.373,0,12.031,3181,2749,2.500,2.200,1.440,2,0,55.142,0,0,31,125,0,25,0
05-02 05:04:50,24.507,3.251,71.019,0,0,4181584,143572,212196,3371848,15502.182,1620.437,0,72.019,0,6.002,2892,2825,2.500,2.200,1.440,2,0,0,0,0,31,125,0,25,0
05-02 05:04:51,23.729,3.497,71.437,0.250,0,4117152,208004,212196,3371848,11836.561,1618.572,0,119.894,0,12.989,3047,3437,2.500,2.200,1.440,1,0,5.995,0,0,31,125,0,25,0
05-02 05:04:52,20.512,6.754,71.543,0,0,4144336,180800,212196,3371868,24327.575,1620.971,0,0,0,0,2895,2371,2.500,2.200,1.440,1,0,45.027,0,0,31,125,0,25,0
05-02 05:04:53,23.747,2.750,71.739,0,0,4171484,153648,212196,3371872,17105.485,1713.748,0,79.988,0,7.999,2798,2621,2.380,2.180,1.440,1,0,0,0,0,31,125,0,25,0
05-02 05:04:54,24.758,3.751,69.523,0.250,0,4171476,153396,212196,3372132,11161.689,1620.536,208.069,560.185,13.004,84.028,4273,5161,2.380,2.180,1.440,2,0,0,0,0,31,125,0,25,0
05-02 05:04:55,25.525,11.011,62.310,0,0,4190220,134644,212196,3372140,17505.873,1705.644,0,468.452,0,30.029,3856,3042,2.380,2.180,1.440,1,0,85.082,0,0,31,125,0,25,0
05-02 05:04:56,24.661,3.487,69.998,0.249,0,4196180,170088,212196,3332208,15124.640,1614.198,0,310.883,0,25.907,2556,2107,2.380,2.180,1.440,1,0,0,0,0,31,125,0,25,0
05-02 05:04:57,25.246,3.499,69.489,0.500,0,4192664,173604,212196,3332208,16722.357,1619.744,0,3563.437,0,353.944,3979,4432,2.380,2.180,1.440,1,0,1.000,0,0,31,125,0,26,0
05-02 05:04:58,21.519,7.507,70.061,0,0,4147604,218640,212196,3332232,19237.726,1459.269,0,124.108,0,8.007,3209,2590,2.270,2.160,1.440,1,0,56.049,0,0,31,125,0,26,0
05-02 05:04:59,24.740,3.499,69.971,0.250,0,4184648,181596,212196,3332232,11885.038,1619.324,0,179.925,0,19.992,3060,3110,2.270,2.160,1.440,1,0,1.000,0,0,31,125,0,25,0
05-02 05:05:00,25.543,4.007,67.865,1.503,0,4183104,182900,212196,3332472,7854.336,1622.755,16.027,1474.504,1.002,217.369,5231,7235,2.270,2.160,1.440,2,0,0,0,0,31,126,0,25,0
05-02 05:05:01,24.295,7.764,65.120,1.252,0,4145172,220744,212196,3332560,17141.707,1623.002,16.030,2981.515,1.002,238.441,6625,9338,2.270,2.160,1.440,1,0,53.098,0,0,31,127,0,25,0
05-02 05:05:02,26.112,5.968,63.912,1.492,0,4214964,150920,212196,3332592,78055.834,1611.470,11.937,815.682,2.984,29.842,2955,2268,2.270,2.160,1.440,2,0,8.953,0,0,31,127,0,25,0
05-02 05:05:03,25.295,3.005,70.875,0,0,4228796,137080,212196,3332600,10269.073,1622.856,0,464.818,0,23.041,2865,2636,2.170,2.140,1.430,3,0,3.005,0,0,31,127,0,23,0
05-02 05:05:04,23.989,3.998,68.967,0.750,0,4227344,138512,212196,3332620,15083.890,1619.237,0,2930.619,0,188.911,4581,5953,2.170,2.140,1.430,2,0,0,0,0,31,128,0,23,0
05-02 05:05:05,27.305,6.263,64.128,0.752,0,4220776,145052,212196,3332648,15512.047,1623.249,0,845.693,0,107.215,5401,7126,2.170,2.140,1.430,5,0,1.002,0,0,31,128,0,23,2
05-02 05:05:06,34.442,9.484,53.909,0.749,0,4138120,227632,212196,3332724,17071.240,1617.275,0,6812.523,0,422.289,6783,9117,2.170,2.140,1.430,1,0,68.884,0,0,31,127,0,23,2
05-02 05:05:07,24.752,3.000,71.007,0.250,0,4188256,177496,212196,3332724,12395.218,1620.159,0,872.086,0,62.006,2375,1919,2.170,2.140,1.430,2,0,0,0,0,31,127,0,23,2
05-02 05:05:08,24.503,4.000,69.259,0,0,4195364,170252,212196,3332860,9728.209,1620.201,0,544.068,0,30.004,3616,4007,2.230,2.160,1.440,1,0,2.000,0,0,31,130,0,24,0
05-02 05:05:09,21.474,9.239,66.669,0.749,0,4170280,195280,212196,3332916,15516.197,1456.235,31.961,1753.875,0.999,139.831,5137,5530,2.230,2.160,1.440,1,0,146.822,0,0,31,129,0,24,0
05-02 05:05:10,23.250,4.750,71.249,0,0,4214100,151440,212196,3332936,11338.763,1619.966,0,371.992,0,15.000,2418,2118,2.230,2.160,1.440,1,0,0,0,0,31,129,0,24,0
05-02 05:05:11,28.583,3.761,66.443,0.501,0,4215928,149596,212196,3332952,15512.074,1624.721,0,517.504,0,41.119,3670,4114,2.230,2.160,1.440,5,0,0,0,0,31,131,0,23,0
05-02 05:05:12,24.684,5.485,67.072,0.499,0,4214596,150880,212196,3333000,8580.193,1615.705,0,877.667,0,98.738,5258,6961,2.230,2.160,1.440,6,0,0.997,0,0,31,130,0,23,0
05-02 05:05:13,25.290,6.260,66.355,0.501,0,4211548,153912,212196,3333016,15251.079,1622.562,0,889.404,0,91.144,5960,8053,2.140,2.140,1.440,4,0,0,0,0,31,130,0,23,0
05-02 05:05:14,38.071,11.020,48.340,1.002,0,4141800,223516,212196,3333144,15144.167,1623.019,64.119,1122.087,4.007,109.203,11025,16865,2.140,2.140,1.440,3,0,77.143,0,0,31,133,0,23,0
05-02 05:05:15,27.439,14.717,55.627,0.249,0,4174692,190460,212196,3333228,9083.894,2033.499,0,1057.659,0,88.803,6191,7323,2.140,2.140,1.440,2,0,214.525,0,0,31,135,0,13,0
05-02 05:05:16,26.038,3.255,69.852,0,0,4218776,146372,212196,3333232,8057.810,1708.504,0,448.658,0,25.037,2600,2225,2.140,2.140,1.440,2,0,0,0,0,31,136,0,13,0
05-02 05:05:17,24.915,3.239,70.259,0.249,0,4220404,144608,212196,3333368,15714.152,1773.921,0,434.511,0,21.925,3700,4053,2.140,2.140,1.440,3,0,0,0,0,31,135,0,13,0
05-02 05:05:18,20.035,8.765,69.371,0,0,4211064,153940,212196,3333376,11073.343,1712.992,0,3201.593,0,394.689,3639,3122,2.040,2.120,1.440,1,0,63.110,0,0,31,137,0,13,0
05-02 05:05:19,24.725,2.997,70.929,0,0,4213316,151684,212196,3333380,15359.672,1456.546,0,347.653,0,22.977,2607,2630,2.040,2.120,1.440,1,0,0,0,0,31,137,0,10,0
05-02 05:05:20,24.573,3.260,70.208,0.251,0,4214500,150496,212196,3333384,11184.212,1666.950,0,1833.444,0,107.319,3679,4326,2.040,2.120,1.440,5,0,0,0,0,31,138,0,10,0
05-02 05:05:21,27.265,3.752,66.786,0.500,0,4214724,150244,212196,3333412,15572.336,1690.905,0,708.379,0,83.044,5088,6414,2.040,2.120,1.440,2,0,0,0,0,31,138,0,10,0
05-02 05:05:22,30.997,6.999,60.243,0.750,0,4215716,149236,212196,3333428,11249.780,1619.824,0,563.939,0,60.993,5413,7082,2.040,2.120,1.440,3,0,0,0,0,31,138,0,10,0
05-02 05:05:23,26.762,8.254,63.029,0,0,4152340,212560,212196,3333480,10077.673,1620.752,32.015,520.241,1.000,48.022,4505,5247,2.040,2.120,1.440,1,0,65.030,0,0,31,137,0,10,0
05-02 05:05:24,24.927,3.240,71.041,0.249,0,4202712,162160,212196,3333508,14621.931,1615.242,0,319.060,0,21.935,2396,1968,2.040,2.120,1.440,2,0,0.997,0,0,31,137,0,10,0
05-02 05:05:25,27.978,4.746,65.448,0.250,0,4244780,120088,212196,3333512,12106.438,1708.650,0,1322.955,0,86.931,3634,3894,2.040,2.120,1.440,2,0,0,0,0,31,139,0,10,0
05-02 05:05:26,25.312,3.759,67.415,1.253,0,4220504,144280,212200,3333608,7975.559,1623.983,100.246,1102.704,2.005,117.288,5458,7221,2.040,2.120,1.440,1,0,0,0,0,31,138,0,10,0
05-02 05:05:27,30.788,4.221,62.570,0.497,0,4220456,144280,212200,3333656,15405.059,1608.935,0,727.000,0,73.495,5685,7386,2.040,2.120,1.440,7,0,0.993,0,0,31,138,0,10,0
05-02 05:05:28,30.013,10.845,57.757,0.252,0,4142472,222060,212200,3333860,11274.883,1704.953,0,2473.695,0,338.973,10263,15633,1.960,2.100,1.440,2,0,139.221,0,0,31,137,0,11,0
05-02 05:05:29,19.675,9.215,68.738,0.498,0,4186752,177732,212200,3333908,15368.329,2358.994,15.939,438.327,0.996,28.890,3548,3279,1.960,2.100,1.440,1,0,110.578,0,0,31,137,0,11,0
05-02 05:05:30,25.013,3.252,70.286,0,0,4217492,146988,212200,3333912,14526.501,1750.904,0,316.163,0,20.010,2938,2680,1.960,2.100,1.440,1,0,0,0,0,31,137,0,12,0
05-02 05:05:31,24.322,4.513,70.207,0,0.251,4202356,162112,212200,3333924,11825.804,1624.782,0,1500.416,0,84.248,3656,3919,1.960,2.100,1.440,2,0,21.062,0,0,31,137,0,12,0
05-02 05:05:32,9.730,19.710,69.360,0,0,4202924,161500,212200,3333952,84008.816,2573.817,0,594.802,0,13.972,6172,4875,1.960,2.100,1.440,1,0,303.389,0,0,31,137,0,12,0
05-02 05:05:33,10.519,20.286,67.118,0,0,4134624,229784,212200,3333984,9116.082,1622.863,0,224.396,0,14.025,5777,4648,1.960,2.100,1.440,1,0,286.505,0,0,31,137,0,12,0
05-02 05:05:34,19.763,18.262,60.789,0.500,0,4151476,212936,212200,3334460,9116.860,1621.042,0,132.085,0,8.005,6597,8164,1.960,2.100,1.440,1,0,238.153,0,0,31,137,0,12,0
05-02 05:05:35,26.736,15.742,55.721,0,0,4188392,175948,212200,3334060,15988.773,1709.121,0,167.914,0,14.992,5051,4210,1.960,2.100,1.440,3,0,181.906,0,0,31,137,0,12,0
05-02 05:05:36,32.514,22.010,44.020,0,0,4223436,140868,212200,3334100,16785.436,1620.718,0,556.246,0,40.018,6461,5391,1.960,2.100,1.440,2,0,348.154,0,0,31,137,0,12,0
05-02 05:05:37,37.505,21.003,39.755,0.250,0,4245804,163588,212216,3290604,17888.201,1662.205,152.019,680.084,5.001,87.011,6968,7616,1.960,2.100,1.440,2,0,294.036,0,0,31,140,0,12,0
05-02 05:05:38,28.638,11.704,57.276,0.747,0,4257396,151744,212220,3290532,9765.771,1613.683,75.704,302.815,4.981,18.926,5938,7638,1.880,2.080,1.440,1,0,93.633,0,0,33,143,0,13,0
05-02 05:05:39,60.151,24.562,15.790,0,0,4378064,144940,212228,3179868,8473.337,1666.196,124.313,316.798,7.018,28.071,8149,12226,1.880,2.080,1.440,5,0,333.841,0,0,33,149,0,13,0
05-02 05:05:40,51.052,28.279,19.520,0,0,4448908,155588,212096,3100556,15084.281,1459.479,0,5797.874,0,286.290,6695,6154,1.880,2.080,1.440,3,0,361.366,0,0,33,149,0,7,0
05-02 05:05:41,63.382,17.399,17.647,0.746,0,4523612,123972,210464,3061476,15116.199,1610.645,43.746,688.004,8.948,38.775,6520,7659,1.880,2.080,1.440,6,1,227.678,0,0,33,161,0,7,0
05-02 05:05:42,49.295,21.126,24.899,4.024,0,4562640,155604,210696,2992116,8232.243,1629.749,3834.940,663.972,93.560,39.235,7596,12855,1.880,2.080,1.440,4,0,254.522,0,0,33,165,0,7,0
05-02 05:05:43,46.963,23.482,26.979,2.248,0,4621608,128944,210852,2960548,32424.460,1880.519,2206.262,11295.103,34.972,1022.195,7682,5761,1.970,2.090,1.450,2,0,395.688,0,0,33,165,1,7,0
05-02 05:05:44,38.236,24.491,35.987,0.500,0,4665548,119620,210864,2926280,15445.499,1693.397,7.997,551.803,1.999,40.985,7125,15080,1.970,2.090,1.450,2,0,385.863,0,0,33,165,1,7,0
05-02 05:05:45,17.702,17.702,62.579,0,0,4655700,168164,210864,2888988,15886.693,1689.395,15.957,239.348,0.997,13.962,5929,5920,1.970,2.090,1.450,1,0,242.339,0,0,34,165,1,7,0
05-02 05:05:46,25.580,17.054,56.678,0,0,4679416,144436,210864,2888504,54080.126,1875.901,0,160.505,0,8.025,6614,6252,1.970,2.090,1.450,2,0,196.619,0,0,34,165,1,7,0
05-02 05:05:47,30.507,23.006,44.761,0,0,4705668,159736,210864,2848096,8747.100,1694.407,4.001,440.106,1.000,20.005,6317,5067,1.970,2.090,1.450,3,0,323.078,0,0,34,165,1,7,0
05-02 05:05:48,37.314,20.398,40.796,0.498,0,4767288,137084,210868,2810876,15591.083,1685.576,15.920,405.971,0.995,26.866,6660,6555,1.980,2.090,1.450,3,0,293.533,0,0,34,171,1,6,0
05-02 05:05:49,47.502,19.353,31.920,0,0,4835620,146156,210876,2735144,44482.337,1757.337,0,430.286,0,33.176,8325,12284,1.980,2.090,1.450,2,0,159.849,0,0,34,183,1,6,0
05-02 05:05:50,31.742,24.244,43.239,0,0,4878736,141784,210876,2697392,21947.227,1693.555,0,259.932,0,14.996,6755,5458,1.980,2.090,1.450,2,0,433.886,0,0,34,183,1,6,0
05-02 05:05:51,32.015,22.511,42.270,1.501,0,4928224,130736,210876,2660056,11690.493,1544.726,16.008,540.254,1.000,25.012,6497,5334,1.980,2.090,1.450,4,0,422.198,0,0,34,187,1,6,0
05-02 05:05:52,28.252,24.751,45.253,0.250,0,4971600,124432,210884,2624088,29308.685,1620.093,84.005,1276.073,6.000,89.005,9107,11718,1.980,2.090,1.450,1,0,366.021,0,0,34,205,1,6,0
05-02 05:05:53,11.752,21.504,65.762,0,0,4996616,136528,210884,2588508,11826.160,1714.313,0,140.026,0,13.002,6599,6098,1.900,2.070,1.450,1,0,317.058,0,0,34,205,1,6,0
05-02 05:05:54,24.637,11.945,60.722,0.249,0,4991548,141524,210884,2588236,8745.921,1686.272,0,465.865,0,55.745,5759,7746,1.900,2.070,1.450,0,0,115.471,0,0,34,209,1,6,0
05-02 05:05:55,39.728,12.243,46.974,0.250,0,5052536,117532,210884,2552260,19437.102,1705.044,3.998,263.852,0.999,15.991,4882,3704,1.900,2.070,1.450,2,0,116.934,0,0,34,209,1,6,0
05-02 05:05:56,53.551,8.758,36.535,0,0,5182572,130848,210884,2414292,17131.455,1621.558,4.004,80.077,1.001,8.008,4146,2634,1.900,2.070,1.450,2,0,3.003,0,0,34,209,1,6,0
05-02 05:05:57,46.138,6.520,43.881,2.257,0,5239496,141208,210884,2349096,15945.761,1624.867,521.562,236.709,35.105,25.075,4101,3175,1.900,2.070,1.450,2,0,5.015,0,0,34,209,1,6,0
05-02 05:05:58,33.992,9.748,54.237,0.250,0,5154572,225576,210888,2349772,21583.848,1661.603,99.976,407.903,12.997,20.995,4660,4087,1.830,2.060,1.450,4,0,128.969,0,0,34,213,1,6,0
05-02 05:05:59,42.402,25.192,31.178,0.499,0,5200824,178236,210892,2350856,11967.316,1616.261,63.852,634.532,3.991,46.892,8470,10127,1.830,2.060,1.450,3,0,375.132,0,0,34,219,1,6,0
05-02 05:06:00,35.604,24.572,35.604,3.260,0.251,5228672,145768,210896,2355488,15882.463,1624.753,4364.769,902.641,59.173,25.073,7274,7283,1.830,2.060,1.450,3,0,390.141,0,0,34,221,1,5,0
05-02 05:06:01,46.331,21.920,27.151,3.487,0,5241900,122820,210904,2365676,12105.909,1614.121,9405.743,358.694,111.594,13.949,8912,10986,1.830,2.060,1.450,3,1,254.075,0,0,34,223,1,5,0
05-02 05:06:02,57.596,18.030,17.780,6.010,0,5250952,152124,210912,2329324,75683.263,1460.436,25827.087,284.475,272.455,16.027,5916,5414,1.830,2.060,1.450,5,0,107.179,0,0,34,225,1,5,0
05-02 05:06:03,72.951,14.540,6.017,6.267,0,5340472,126940,210916,2268220,9288.602,1698.682,20520.561,3096.535,209.578,12.033,5696,4828,1.920,2.070,1.460,5,0,61.169,0,0,34,226,1,5,0
05-02 05:06:04,58.706,10.696,10.696,18.905,0,5393196,149892,210920,2194496,16201.831,1611.924,19944.082,9639.706,209.948,1055.711,6944,6154,1.920,2.070,1.460,2,2,15.920,0,0,34,236,1,5,0
05-02 05:06:05,61.873,12.274,6.262,18.286,0,5388268,164728,210944,2185360,28014.823,1665.318,13615.130,765.525,469.936,25.050,6112,5151,1.920,2.070,1.460,2,2,12.024,0,0,34,236,1,5,0
05-02 05:06:06,67.659,11.778,10.024,10.274,0,5471212,129768,211000,2139660,16781.424,1623.815,16065.743,5745.498,307.723,136.320,7016,7866,1.920,2.070,1.460,2,0,64.151,0,0,34,235,1,9,0
05-02 05:06:07,36.467,25.227,31.722,4.746,0,5443868,149524,211000,2148072,15105.492,1618.553,20993.227,635.432,209.812,38.965,8165,9097,1.920,2.070,1.460,3,0,349.687,0,0,34,236,1,9,0
05-02 05:06:08,39.499,23.249,31.999,3.500,0,5441180,137744,211000,2163020,39111.793,2487.923,13647.579,1895.941,140.996,221.993,8040,8748,2.090,2.100,1.470,2,0,307.990,0,0,34,235,1,9,0
05-02 05:06:09,50.789,18.174,25.892,4.730,0,5445008,149608,211000,2147516,12574.689,1613.289,22426.704,362.492,212.118,15.934,6860,7270,2.090,2.100,1.470,6,0,167.304,0,0,34,236,1,10,0
05-02 05:06:10,58.855,25.796,11.270,3.005,0,5498224,154208,211008,2091328,9661.237,1622.896,21113.671,925.652,212.379,51.091,7267,8099,2.090,2.100,1.470,6,0,338.604,0,0,34,236,1,10,0
05-02 05:06:11,59.227,25.849,11.293,3.012,0,5499996,155524,211008,2089152,24513.073,2457.431,16410.980,417.603,165.636,28.108,7331,7741,2.090,2.100,1.470,3,0,337.294,0,0,34,235,1,10,0
05-02 05:06:12,66.904,14.479,13.481,3.994,0,5557332,138792,211136,2049036,13449.786,1617.689,1194.294,403.424,54.922,28.959,7133,10564,2.090,2.100,1.470,7,0,96.862,0,0,34,239,1,12,0
05-02 05:06:13,55.752,25.751,12.500,5.500,0,5597324,141632,211140,2008420,8565.247,2178.063,26452.763,1112.032,255.007,37.001,7606,8354,2.320,2.150,1.490,4,1,346.010,0,0,34,241,1,12,0
05-02 05:06:14,60.319,26.781,8.259,3.754,0,5597240,147096,211140,2003816,25081.575,1621.848,15249.373,640.730,157.179,51.058,7173,8117,2.320,2.150,1.490,5,0,368.420,0,0,34,241,1,12,0
05-02 05:06:15,60.949,20.233,15.237,2.498,0,5678676,197412,210404,1879188,18268.739,2717.730,12369.667,899.249,131.890,39.967,8747,13608,2.320,2.150,1.490,2,0,131.890,0,0,34,253,1,14,0
05-02 05:06:16,57.274,21.759,16.007,4.002,0,5720024,200296,210060,1835808,18526.715,1620.675,20664.606,352.147,212.088,16.007,6907,7358,2.320,2.150,1.490,3,0,190.079,0,0,34,259,1,14,0
05-02 05:06:17,70.050,12.009,7.005,10.508,0,5780380,126444,210068,1849460,21223.273,1663.197,13033.379,632.455,158.114,69.050,6036,5329,2.320,2.150,1.490,3,0,21.015,0,0,34,261,1,14,0
05-02 05:06:18,72.212,10.209,8.466,7.221,0,5863824,138368,207972,1758460,10529.961,1613.558,18745.163,824.707,240.042,21.913,5639,4627,2.370,2.170,1.500,5,0,9.960,0,0,34,264,1,15,0
05-02 05:06:19,63.997,13.050,9.537,13.050,0,5893752,126256,204664,1745168,15775.938,1700.569,26952.108,710.745,313.210,54.209,8677,10855,2.370,2.170,1.500,5,1,18.070,0,0,34,272,1,20,0
05-02 05:06:20,67.860,17.464,8.981,4.990,0,5769792,303648,198516,1699440,15112.721,1616.654,8682.031,427.116,117.756,24.948,8197,14715,2.370,2.170,1.500,3,0,61.872,0,0,34,271,1,20,0
05-02 05:06:21,53.419,24.713,20.469,1.248,0,5827912,245228,198528,1699728,8394.344,1617.561,758.856,690.958,14.977,20.968,6682,5694,2.370,2.170,1.500,7,0,336.493,0,0,34,271,1,20,0
05-02 05:06:22,46.953,25.948,20.264,4.942,0,5877336,191448,198844,1703716,15436.325,1601.361,4266.341,1382.903,129.493,67.218,8062,8465,2.370,2.170,1.500,9,0,331.146,0,0,34,275,1,20,0
05-02 05:06:23,58.866,22.738,17.685,0,0,5832400,236040,198856,1704412,15945.935,1473.425,828.675,671.025,16.169,53.561,7163,9191,2.500,2.200,1.510,9,0,236.476,0,0,34,273,1,20,0
05-02 05:06:24,63.292,16.576,14.567,5.525,0,5874288,191452,198884,1707108,16534.186,1627.499,3066.128,13510.252,38.176,1155.323,6754,7856,2.500,2.200,1.510,5,2,50.231,0,0,35,273,1,20,0
05-02 05:06:25,78.805,17.706,0.998,2.244,0,5949000,133696,197288,1692192,15211.373,1616.003,2278.364,379.062,56.859,24.938,6300,5118,2.500,2.200,1.510,4,0,149.630,0,0,35,278,1,21,0
05-02 05:06:26,80.395,15.778,0.751,2.755,0,6030444,181280,175244,1592040,8433.198,1622.925,2232.022,13460.257,123.222,74.134,6427,6172,2.500,2.200,1.510,6,0,9.016,0,0,35,282,1,22,0
05-02 05:06:27,80.144,14.099,0.989,2.474,0.247,6006828,202128,175656,1594396,14991.952,1602.888,2806.044,700.522,148.416,65.303,7227,7600,2.500,2.200,1.510,5,0,13.852,0,0,35,282,1,22,0
05-02 05:06:28,87.638,10.355,0.758,2.778,0,6080412,155904,166912,1577880,15403.088,1636.584,1159.752,5491.650,55.563,436.423,7354,7843,2.620,2.230,1.520,4,0,4.041,0,0,35,282,1,23,0
05-02 05:06:29,64.821,19.521,13.014,2.252,0,6090104,157096,164724,1569708,15341.822,1621.778,1041.142,7003.680,41.045,845.928,8910,12392,2.620,2.230,1.520,2,1,222.244,0,0,35,286,1,23,0
05-02 05:06:30,44.446,9.988,41.700,1.748,0,6087968,159148,164764,1569736,26911.561,5636.206,842.984,619.254,19.976,34.958,4488,3493,2.620,2.230,1.520,2,0,11.986,0,0,35,290,1,23,0
05-02 05:06:31,45.969,8.494,43.720,0.250,0,6124668,134488,163412,1559160,4782290.147,99168.816,511.653,2138.551,3.997,19.986,11206,7872,2.620,2.230,1.520,4,0,3.997,0,0,35,290,1,23,0
05-02 05:06:32,47.464,8.494,41.219,0,0,6121392,129988,163424,1566924,8359107.876,175703.701,259.804,295.777,2.998,17.986,15909,12979,2.620,2.230,1.520,4,0,4.996,0,0,35,291,1,24,0
05-02 05:06:33,46.285,10.508,39.530,0.250,0,6082788,159388,163452,1576100,9608295.439,200552.423,564.429,464.353,8.006,42.032,17256,14577,2.660,2.240,1.530,2,0,9.007,0,0,35,292,1,23,0
05-02 05:06:34,51.440,18.886,15.656,13.171,0,6109004,135996,160700,1576200,72203.888,3226.556,3697.717,4556.542,48.706,194.826,6418,5592,2.660,2.240,1.530,3,0,260.431,0,0,35,291,1,23,0
05-02 05:06:35,61.281,12.809,25.366,0.251,0,6152320,205804,139528,1491732,15619.559,1464.710,530.430,333.528,5.023,28.129,5923,5612,2.660,2.240,1.530,4,0,6.028,0,0,35,297,1,23,0
05-02 05:06:36,34.373,8.220,53.303,1.744,0,6118848,239028,139576,1491932,11726.594,1614.026,43.838,362.658,4.982,32.878,4659,4413,2.660,2.240,1.530,4,0,36.864,0,0,35,295,1,23,0
05-02 05:06:37,26.147,4.525,67.631,0.251,0,6111084,246540,139640,1492124,16651.764,1629.174,32.181,462.605,2.011,41.232,5172,6858,2.660,2.240,1.530,3,0,0,0,0,35,301,1,24,0
05-02 05:06:38,26.201,4.492,66.626,0.749,0.499,6113552,243280,139820,1492736,11157.234,1616.990,750.603,618.848,38.928,54.898,6319,8510,2.520,2.220,1.530,1,0,0.998,0,0,35,304,1,26,0
05-02 05:06:39,26.322,4.262,67.183,0.251,0,6113968,242300,139920,1493200,17007.256,1666.533,32.087,22136.206,2.005,138.376,5837,7794,2.520,2.220,1.530,2,0,2.005,0,0,35,307,1,28,0
05-02 05:06:40,26.748,7.249,61.495,0.750,0,6101328,233340,139992,1514668,11606.082,1619.872,139.989,22262.240,13.999,87.993,9593,14709,2.520,2.220,1.530,3,0,20.998,0,0,35,303,1,38,0
05-02 05:06:41,16.424,12.442,67.687,1.244,0,6057764,276740,140000,1514824,7999.028,1612.547,306.583,386.215,16.922,24.885,4822,4336,2.520,2.220,1.530,1,0,187.135,0,0,35,303,1,37,0
05-02 05:06:42,20.736,3.747,69.203,5.496,0,6082060,249164,140076,1518028,15021.713,1618.891,3045.914,211.855,223.847,15.989,3172,3434,2.520,2.220,1.530,1,0,0.999,0,0,35,303,1,37,0
05-02 05:06:43,16.822,4.771,68.043,8.537,0,6097612,210368,140696,1540640,12333.027,1626.995,13032.032,1622.978,850.657,93.402,4011,4771,2.400,2.200,1.530,1,0,2.009,0,0,35,305,0,37,0
05-02 05:06:44,21.710,9.483,58.642,7.237,0,6091748,150180,141672,1605236,7754.726,1455.321,32128.859,1708.854,1307.593,19.963,5768,15257,2.400,2.200,1.530,1,0,36.932,0,0,35,305,0,38,0
05-02 05:06:45,24.202,6.487,66.619,1.497,0,6078428,161196,141848,1607344,15266.970,1616.820,1073.888,48776.057,198.609,729.565,4022,3621,2.400,2.200,1.530,1,0,8.982,0,0,35,305,0,37,0
05-02 05:06:46,24.124,5.780,65.839,2.010,0,6103524,165784,130832,1592844,11455.045,1628.394,3775.461,450.321,219.130,37.192,8798,14993,2.400,2.200,1.530,1,1,4.021,0,0,35,305,0,37,0
05-02 05:06:47,22.894,7.714,66.941,0.498,0,6131708,137228,130888,1593160,15076.315,1612.547,143.337,585.295,9.954,34.839,7116,11163,2.400,2.200,1.530,1,0,0,0,0,35,305,0,38,0
05-02 05:06:48,22.474,6.243,68.421,0,0,6133444,151940,128012,1580280,11105.167,1618.130,0,179.792,0,11.986,4591,6388,2.290,2.180,1.520,1,0,2.997,0,0,35,305,0,39,0
05-02 05:06:49,24.761,5.753,68.532,0.250,0,6137332,148092,128032,1580220,7992.696,1620.750,0,336.155,0,14.006,2992,2763,2.290,2.180,1.520,2,0,1.000,0,0,35,305,0,39,0
05-02 05:06:50,23.065,5.766,68.443,0.752,0,6049956,234936,128072,1580716,15009.260,1624.574,100.282,236.666,4.011,25.071,3338,2983,2.290,2.180,1.520,1,1,27.076,0,0,35,309,0,39,0
05-02 05:06:51,25.280,16.770,52.563,4.505,0,6029128,254988,128360,1581220,16969.233,1621.934,612.731,456.544,55.066,30.036,6103,5804,2.290,2.180,1.520,1,0,384.458,0,0,35,309,0,39,0
05-02 05:06:52,23.662,5.729,68.495,0,0,6080496,203608,128364,1581228,8101.809,1613.986,0,127.525,0,10.959,3053,2946,2.290,2.180,1.520,2,0,42.840,0,0,35,309,0,39,0
05-02 05:06:53,22.525,6.507,69.577,0.250,0,6103604,180476,128368,1581248,15696.366,1715.898,4.004,4.004,1.001,1.001,3596,3041,2.180,2.160,1.520,2,0,73.081,0,0,35,309,0,39,0
05-02 05:06:54,9.540,19.331,69.292,0.251,0,6097344,186592,128380,1581380,11317.624,1464.161,20.085,297.251,5.021,21.089,5805,4950,2.180,2.160,1.520,1,0,278.171,0,0,35,309,0,39,0
05-02 05:06:55,15.724,13.477,68.386,0.998,0,6114664,169160,128408,1581456,17040.520,1617.297,63.893,139.766,5.990,21.963,4520,4118,2.180,2.160,1.520,1,0,184.691,0,0,35,311,0,39,0
05-02 05:06:56,29.534,4.255,64.325,0.250,0,6111912,188976,125408,1567684,11205.028,1621.886,28.033,380.442,4.005,35.041,3256,2977,2.180,2.160,1.520,1,0,20.023,0,0,35,313,0,40,0
05-02 05:06:57,26.350,4.226,67.616,0.249,0,6112188,188472,125436,1567884,9765.588,1610.860,19.887,206.826,1.989,23.865,4635,5632,2.180,2.160,1.520,2,0,0.994,0,0,35,314,0,40,0
05-02 05:06:58,22.023,6.507,69.073,0.250,0,6068356,232256,125572,1567796,18318.372,1621.715,128.136,156.165,5.005,9.010,3451,3014,2.090,2.140,1.520,2,0,42.044,0,0,35,313,0,40,0
05-02 05:06:59,25.520,3.252,69.804,0,0,6108704,191684,125588,1568004,18804.449,1621.246,48.037,216.166,3.002,21.016,3094,2995,2.090,2.140,1.520,2,0,2.002,0,0,35,313,0,40,0
05-02 05:07:00,26.332,4.514,68.713,0.251,0,6112080,188184,125604,1568112,15419.781,1625.035,96.298,268.833,5.016,26.081,4558,5445,2.090,2.140,1.520,2,0,0,0,0,35,313,0,40,0
05-02 05:07:01,21.763,6.754,69.541,0.250,0,6120816,179396,125620,1568148,12139.202,1620.962,0,188.112,0,15.009,3438,3291,2.090,2.140,1.520,1,0,56.033,0,0,35,313,0,40,0
05-02 05:07:02,26.133,3.484,68.692,0.249,0,6157456,142724,125632,1568168,79818.841,1612.763,0,139.375,0,8.960,3131,2830,2.090,2.140,1.520,1,0,1.991,0,0,35,314,0,40,0
05-02 05:07:03,26.462,4.244,67.904,0,0,6150808,149024,125652,1568496,11381.839,1617.703,255.637,451.359,13.980,27.960,4038,4392,2.080,2.140,1.520,3,0,5.991,0,0,35,313,0,41,0
05-02 05:07:04,22.264,6.504,68.794,0,0,6117344,182460,125672,1568504,7545.825,1458.933,0,124.079,0,13.008,3260,3187,2.080,2.140,1.520,1,0,34.022,0,0,35,313,0,41,0
05-02 05:07:05,26.269,3.252,70.051,0,0,6141052,158744,125676,1568508,8162.952,1621.182,0,32.023,0,4.003,3123,3140,2.080,2.140,1.520,1,0,0,0,0,35,313,0,41,0
05-02 05:07:06,27.253,4.500,66.007,0.750,0,6100828,197848,125816,1569472,15565.644,1620.171,900.095,2928.309,51.005,492.052,5390,6558,2.080,2.140,1.520,4,0,4.000,0,0,35,313,0,42,0
05-02 05:07:07,23.501,5.000,69.252,0.500,0,6150748,147844,125860,1569512,16402.446,1620.044,16.000,424.012,1.000,38.001,3203,3115,2.080,2.140,1.520,2,0,10.000,0,0,35,313,0,42,0
05-02 05:07:08,26.259,3.501,68.523,0.500,0,6147612,150880,125904,1569568,16142.524,1620.555,8.003,500.171,2.001,38.013,3333,3426,2.080,2.130,1.520,2,0,0,0,0,35,313,0,43,0
05-02 05:07:09,23.481,6.745,68.195,0,0,6078216,220252,125920,1569576,17294.011,1618.691,0,307.751,0,19.984,4203,4504,2.080,2.130,1.520,3,0,35.971,0,0,35,313,0,43,0
05-02 05:07:10,26.001,4.000,69.254,0,0,6125640,172808,125940,1569576,19098.053,1620.089,0,264.015,0,18.001,2942,2559,2.080,2.130,1.520,1,0,0,0,0,35,313,0,37,0
05-02 05:07:11,25.781,4.005,68.581,0.250,0,6134024,164252,126072,1569616,21935.966,1621.920,48.057,1105.308,6.007,64.076,3951,4538,2.080,2.130,1.520,2,0,0,0,0,35,315,0,37,0
05-02 05:07:12,24.359,6.278,67.803,0.251,0,6131876,166332,126116,1569640,13389.802,1906.515,16.072,253.131,1.004,30.135,3846,3878,2.080,2.130,1.520,2,0,35.157,0,0,35,313,0,37,0
05-02 05:07:13,25.719,3.246,69.915,0,0,6158640,139544,126128,1569652,8786.334,1618.036,0,107.869,0,7.990,2984,2776,1.990,2.120,1.520,1,0,0,0,0,35,314,0,37,0
05-02 05:07:14,25.257,3.751,68.019,0.500,0,6147492,150324,126212,1569936,16090.581,1458.415,256.073,476.136,13.004,61.017,4562,5674,1.990,2.120,1.520,2,0,1.000,0,0,35,314,0,35,0
05-02 05:07:15,23.871,6.216,67.633,0.497,0,6083516,213600,126428,1570420,12881.180,1611.266,47.741,6421.195,2.984,344.135,4331,5148,1.990,2.120,1.520,2,0,39.784,0,0,35,311,0,35,2
05-02 05:07:16,25.983,2.998,70.203,0.500,0,6125232,171828,126452,1570452,14960.038,1618.922,0,319.787,0,14.990,3043,2924,1.990,2.120,1.520,1,0,0,0,0,35,312,0,35,2
05-02 05:07:17,25.780,3.754,68.830,0,0,6127036,169840,126536,1570552,17323.143,1621.886,0,1289.499,0,74.086,4384,4995,1.990,2.120,1.520,1,0,0,0,0,35,311,0,35,2
05-02 05:07:18,23.003,6.251,69.509,0,0,6137548,159312,126552,1570552,15066.947,1620.209,0,128.017,0,9.001,3217,2895,1.910,2.100,1.520,1,0,34.004,0,0,35,311,0,33,2
05-02 05:07:19,25.750,3.750,69.000,0,0,6152772,144056,126568,1570568,12296.051,1620.007,0,108.000,0,8.000,3337,3445,1.910,2.100,1.520,3,0,1.000,0,0,35,311,0,33,2
05-02 05:07:20,25.882,3.769,69.101,0.503,0,6096832,199776,126724,1570632,7571.471,1628.273,48.245,4229.490,3.015,95.485,4702,5896,1.910,2.100,1.520,2,0,8.041,0,0,35,311,0,33,2
05-02 05:07:21,21.894,6.469,68.666,0.249,0.249,6116120,180472,126736,1570636,9069.903,1612.162,0,2109.743,0,314.471,3373,2956,1.910,2.100,1.520,1,0,31.845,0,0,35,311,0,33,2
05-02 05:07:22,26.755,3.501,69.263,0,0,6142508,154084,126752,1570620,15372.825,1620.298,0,192.035,0,12.002,3259,3148,1.910,2.100,1.520,1,0,0,0,0,35,311,0,27,2
05-02 05:07:23,24.692,4.739,68.090,0,0,6120380,176100,126828,1570656,17542.869,1616.211,0,933.811,0,53.874,4485,4708,1.840,2.080,1.520,1,0,33.920,0,0,35,311,0,27,2
05-02 05:07:24,25.674,6.041,67.962,0.503,0,6153888,142256,126868,1570952,16533.305,1631.079,261.778,354.407,15.103,28.191,3452,3364,1.840,2.080,1.520,1,1,0,0,0,35,311,0,27,2
05-02 05:07:25,29.379,4.482,62.991,0,0,6166720,129284,126876,1571084,12809.276,1452.023,31.869,171.295,1.992,13.943,5076,6964,1.840,2.080,1.520,3,0,0.996,0,0,35,311,0,27,2
05-02 05:07:26,31.830,6.015,60.904,0.251,0,6145748,149204,127000,1572012,16876.664,1666.212,96.243,721.825,6.015,86.218,5360,6319,1.840,2.080,1.520,1,0,4.010,0,0,35,311,0,27,2
05-02 05:07:27,27.852,7.460,62.915,0.249,0,6102024,192252,127088,1572604,15041.960,1611.425,63.661,477.459,3.979,52.719,4406,4843,1.840,2.080,1.520,2,0,40.783,0,0,35,311,0,27,2
05-02 05:07:28,30.558,4.258,63.371,0.250,0,6130500,163776,127112,1572580,9012.171,1623.092,0,228.435,0,15.029,3753,3814,1.850,2.080,1.520,2,0,0,0,0,35,311,0,27,2
05-02 05:07:29,30.279,4.504,63.561,0.250,0,6140880,153204,127148,1572736,16345.733,1621.561,0,336.324,0,24.023,4458,4778,1.850,2.080,1.520,4,0,4.004,0,0,35,311,0,28,2
05-02 05:07:30,42.112,11.531,45.370,0,0,6126456,167596,127168,1572748,14699.000,1624.310,513.362,385.022,4.011,13.035,4446,3458,1.850,2.080,1.520,3,0,40.106,0,0,35,311,0,25,2
05-02 05:07:31,44.301,7.218,46.292,0,0,6170620,139332,125256,1559028,8850.270,1654.572,509.712,262.820,3.982,16.924,4429,3679,1.850,2.080,1.520,3,0,3.982,0,0,35,311,0,26,2
05-02 05:07:32,27.861,4.518,66.263,0.753,0,6070728,239000,125380,1559128,81012.047,1626.466,48.192,1341.332,3.012,119.475,5076,5973,1.850,2.080,1.520,1,0,4.016,0,0,35,311,0,26,2
05-02 05:07:33,22.933,6.481,68.549,0,0,6106156,203544,125392,1559144,15021.890,1615.257,0,227.332,0,12.962,3199,2980,1.780,2.060,1.520,1,0,35.895,0,0,35,311,0,26,2
05-02 05:07:34,26.713,2.996,68.654,0,0,6129248,180444,125396,1559148,15580.211,1617.738,0,175.754,0,9.986,3428,3369,1.780,2.060,1.520,5,0,0,0,0,35,311,0,25,2
05-02 05:07:35,25.555,6.013,67.145,0.251,0,6105236,204096,125496,1559392,9625.848,1623.516,172.373,1571.403,14.030,97.211,4451,5297,1.780,2.060,1.520,1,0,34.074,0,0,35,311,0,25,2
05-02 05:07:36,24.720,4.744,68.666,0.250,0,6106748,202584,125516,1559372,7701.557,1456.215,0,231.716,0,21.973,3015,3157,1.780,2.060,1.520,1,0,0,0,0,35,311,0,25,2
05-02 05:07:37,25.759,4.001,67.272,0.750,0,6112884,196340,125576,1559420,18349.084,1620.537,16.005,2568.852,1.000,378.125,4638,4248,1.780,2.060,1.520,1,0,2.001,0,0,35,313,0,25,2
05-02 05:07:38,24.524,6.256,67.565,0.250,0,6098256,210728,125720,1559516,18237.542,1621.560,128.123,756.728,8.008,89.086,4766,5675,1.720,2.040,1.510,2,0,40.039,0,0,35,311,0,23,2
05-02 05:07:39,25.222,4.245,68.923,0,0,6146124,162784,125732,1559580,16144.912,1618.187,0,183.794,0,9.989,2836,2542,1.720,2.040,1.510,1,0,0.999,0,0,35,311,0,23,2
05-02 05:07:40,29.525,4.254,64.804,0.500,0,6144660,164128,125772,1559660,11426.536,1621.353,72.060,904.755,1.001,48.040,4362,4889,1.720,2.040,1.510,3,0,0,0,0,35,313,0,23,2
05-02 05:07:41,23.242,6.248,68.975,0.250,0,6149464,159320,125776,1559660,16070.126,1619.408,0,159.942,0,8.997,3599,3600,1.720,2.040,1.510,1,0,33.988,0,0,35,311,0,24,2
05-02 05:07:42,23.968,3.995,68.659,1.248,0,6182224,165924,110504,1539516,15834.079,1617.862,19.974,283.625,1.997,28.962,3167,3160,1.720,2.040,1.510,2,0,0.999,0,0,35,311,0,12,2
05-02 05:07:43,24.864,5.023,67.812,0.502,0,6166696,181320,110544,1539608,8106.304,1627.489,16.074,273.257,1.005,26.120,4277,5155,1.900,2.070,1.530,1,0,0,0,0,35,312,0,12,2
05-02 05:07:44,29.231,9.244,58.962,0.750,0,6118536,229192,110664,1539776,8656.357,1618.945,203.867,675.560,9.993,82.946,5202,13516,1.900,2.070,1.530,2,0,76.950,0,0,35,311,0,13,2
05-02 05:07:45,25.672,2.991,68.792,1.495,0,6155496,191816,110720,1540136,15791.220,1615.113,51.843,315.047,2.991,26.919,3084,3064,1.900,2.070,1.530,1,0,0,0,0,35,311,0,13,2
05-02 05:07:46,24.768,4.503,68.550,0,0,6160756,186524,110740,1540148,11498.360,1459.061,0,240.175,0,16.012,4189,4772,1.900,2.070,1.530,1,0,0,0,0,35,312,0,13,2
05-02 05:07:47,24.108,6.027,68.558,0.251,0,6114424,232792,110784,1540168,15685.398,1627.304,16.072,281.262,1.005,22.099,3641,3629,1.900,2.070,1.530,1,0,34.153,0,0,35,311,0,12,2
05-02 05:07:48,25.466,3.495,69.409,0,0,6151992,195200,110800,1540176,14778.559,1617.872,0,235.690,0,12.983,3238,3053,1.830,2.060,1.520,1,0,0,0,0,35,312,0,12,2
05-02 05:07:49,24.741,4.748,67.725,0.500,0,6152768,194220,110880,1540300,16702.711,1619.390,95.964,611.770,5.998,68.974,4828,5834,1.830,2.060,1.520,1,1,1.000,0,0,35,312,0,12,2
05-02 05:07:50,22.752,6.500,69.255,0.250,0,6124176,222744,110912,1540336,15523.073,1620.112,32.002,412.028,2.000,36.002,3430,3343,1.830,2.060,1.520,1,0,40.003,0,0,35,311,0,12,2
05-02 05:07:51,25.931,3.740,69.065,0.249,0,6142904,203972,110932,1540360,8502.267,1615.680,0,626.325,0,66.821,3298,3169,1.830,2.060,1.520,2,0,0,0,0,35,311,0,10,2
05-02 05:07:52,25.983,2.748,68.455,0.250,0,6143568,203216,111000,1540384,8749.279,1618.941,0,3153.938,0,369.758,3803,4273,1.830,2.060,1.520,1,0,0,0,0,35,311,0,11,2
05-02 05:07:53,23.033,7.010,69.350,0.250,0,6137176,209592,111008,1540392,15908.001,1716.482,0,148.214,0,11.016,3406,3165,1.840,2.050,1.530,1,0,34.049,0,0,35,311,0,11,2
05-02 05:07:54,26.217,3.496,68.165,0,0,6164560,182136,111056,1540416,11614.472,1617.976,15.980,259.675,0.999,31.960,3509,3576,1.840,2.050,1.530,1,0,0,0,0,35,311,0,11,2
05-02 05:07:55,26.243,3.999,66.731,1.000,0,6154484,191956,111180,1540548,15575.674,1619.550,99.972,895.751,5.998,105.971,4899,6146,1.840,2.050,1.530,2,0,0,0,0,35,311,0,12,0
05-02 05:07:56,25.783,8.260,65.083,0,0,6122504,223916,111196,1540552,10744.640,1459.853,0,244.310,0,17.022,3511,3171,1.840,2.050,1.530,1,0,34.043,0,0,35,311,0,13,0
05-02 05:07:57,26.510,3.251,67.777,0.250,0,6134956,211380,111252,1540580,17439.881,1620.639,16.006,432.171,1.000,42.017,3717,3875,1.840,2.050,1.530,5,0,1.000,0,0,35,311,0,15,0
05-02 05:07:58,24.315,5.515,68.433,0.251,0,6050388,295756,111412,1540612,14537.851,1624.341,16.043,5258.052,1.003,267.715,4659,5502,1.770,2.040,1.520,2,0,30.080,0,0,35,311,0,15,0
05-02 05:07:59,21.429,8.223,68.275,0.249,0,6100212,245888,111440,1540628,7945.774,1614.671,15.947,291.039,0.997,25.914,3547,3470,1.770,2.040,1.520,4,0,57.809,0,0,35,311,0,14,0
05-02 05:08:00,25.709,3.494,69.640,0.250,0,6129176,216920,111472,1540600,15069.232,1617.449,3.994,135.786,0.998,15.975,3271,3319,1.770,2.040,1.520,1,0,0,0,0,35,311,0,14,0
05-02 05:08:01,23.267,6.505,69.051,0,0,6124084,221960,111472,1540652,12348.165,1621.203,0,0,0,0,3328,2963,1.770,2.040,1.520,2,0,45.033,0,0,35,311,0,14,0
05-02 05:08:02,28.780,5.756,64.817,0,0,6127632,218208,111472,1540856,77187.341,1621.667,0,192.198,0,31.032,4845,5996,1.770,2.040,1.520,2,0,3.003,0,0,35,311,0,14,0
05-02 05:08:03,28.745,5.249,63.989,0,0,6129304,216456,111484,1540924,18327.846,1619.721,15.997,131.977,1.000,9.998,4796,5252,1.710,2.020,1.520,2,0,5.999,0,0,35,314,0,16,0
05-02 05:08:04,12.241,5.246,80.188,0.500,0,6081976,263612,111504,1541076,11812.914,2250.269,111.914,259.800,9.992,19.985,3429,3567,1.710,2.020,1.520,0,0,68.947,0,0,35,312,0,17,0
05-02 05:08:05,4.252,1.251,91.795,0,0,6081896,263612,111536,1541124,22343.983,3076.512,32.016,216.106,2.001,21.010,2070,2911,1.710,2.020,1.520,0,0,0,0,0,35,313,0,17,0
05-02 05:08:06,3.995,1.249,92.889,0,0,6077012,268480,111552,1541124,12645.855,2572.919,0,299.641,0,18.977,1946,2605,1.710,2.020,1.520,1,0,0,0,0,35,313,0,18,0
05-02 05:08:07,3.741,0.748,92.268,0.249,0,6074188,271260,111564,1541156,30252.967,2845.848,15.960,103.739,0.997,15.960,1915,2721,1.710,2.020,1.520,1,0,0,0,0,35,312,0,16,1
05-02 05:08:08,5.266,1.755,91.531,0,0,6074468,270796,111576,1541328,296843.516,11332.838,0,2351.228,0,374.150,2472,2774,1.580,1.990,1.510,0,0,0,0,0,35,312,0,17,0
05-02 05:08:09,4.000,1.500,91.993,0.250,0,6069072,275484,111592,1542020,662854.940,15048.841,0,71.994,0,9.999,2787,2965,1.580,1.990,1.510,0,0,1.000,0,0,35,312,0,17,0
05-02 05:08:10,4.752,1.001,91.796,0,0.250,6068716,274980,111592,1542880,1078254.369,22765.451,0,0,0,0,3049,3013,1.580,1.990,1.510,0,0,0,0,0,35,312,0,17,0
05-02 05:08:11,4.250,1.750,90.990,0,0,6066412,275808,111592,1544356,1526700.184,35975.998,0,4.000,0,1.000,3779,3316,1.580,1.990,1.510,1,0,0,0,0,35,312,0,16,0
05-02 05:08:12,6.029,1.507,90.432,0,0.251,6062980,277272,111612,1546304,1984546.821,41998.577,64.307,132.633,4.019,13.062,4662,4192,1.580,1.990,1.510,3,0,1.005,0,0,35,312,0,16,0
05-02 05:08:13,4.745,1.998,89.653,0.250,0,6062852,275268,111636,1548396,2304252.557,47269.076,31.966,311.664,1.998,22.975,5184,4389,1.450,1.950,1.500,1,0,0,0,0,35,312,0,16,0
05-02 05:08:14,5.979,1.495,89.193,0,0,6059756,275640,111660,1551096,2802460.133,55836.016,0,115.603,0,14.949,4930,4741,1.450,1.950,1.500,0,0,0.997,0,0,35,312,0,16,0
05-02 05:08:15,5.490,3.992,86.587,0.499,0,6061832,270344,111688,1554288,3329932.688,66780.432,79.850,215.595,3.992,28.946,6062,5744,1.450,1.950,1.500,0,0,0,0,0,35,312,0,16,0
05-02 05:08:16,6.261,2.003,89.151,0.501,0,6058668,270092,111712,1557680,3709940.133,71571.387,0,4924.352,0,93.158,5903,5077,1.450,1.950,1.500,0,0,0,0,0,35,312,0,16,0
05-02 05:08:17,5.497,1.999,89.698,0.250,0,6056996,269104,111736,1560316,3340125.209,89457.967,0,155.909,0,15.991,5732,5224,1.450,1.950,1.500,0,0,0,0,0,35,312,0,16,0
05-02 05:08:18,4.994,1.748,89.140,0,0,6054084,268104,111744,1564220,3836757.618,134678.305,0,203.749,0,12.984,6524,4492,1.330,1.920,1.500,1,0,0,0,0,35,312,0,16,0
05-02 05:08:19,6.009,2.253,88.382,0.250,0,6050452,266848,111748,1569104,5267663.629,140430.062,0,160.240,0,5.007,9347,6971,1.330,1.920,1.500,3,0,1.001,0,0,35,312,0,16,0
05-02 05:08:20,5.731,1.994,88.214,0,0,6050444,261808,111752,1574148,5283491.613,111562.245,0,51.832,0,2.990,7234,7866,1.330,1.920,1.500,2,0,0,0,0,35,312,0,16,0
05-02 05:08:21,5.507,3.004,88.370,0.250,0,6049392,257756,111752,1579252,5763535.118,139086.257,0,32964.619,0,53.072,9020,7123,1.330,1.920,1.500,0,0,0,0,0,35,312,0,16,0
05-02 05:08:22,6.269,2.257,88.514,0,0,6049484,251708,111756,1585204,6272101.442,133380.144,0,84.251,0,6.018,11480,9163,1.330,1.920,1.500,1,0,0,0,0,35,312,0,16,0
05-02 05:08:23,5.492,1.997,88.617,0,0,6050168,245180,111760,1591044,6140162.877,151218.584,0,906.637,0,180.728,9519,7443,1.230,1.890,1.490,1,0,0,0,0,35,312,0,16,0
05-02 05:08:24,5.753,3.001,87.290,0,0,6049036,239132,111768,1598216,7723526.131,164084.636,0,56.025,0,7.003,11116,10201,1.230,1.890,1.490,0,0,0,0,0,35,312,0,16,0
05-02 05:08:25,7.010,2.504,86.876,0.250,0,6049888,230840,111808,1605600,7895995.699,172484.419,40.058,428.622,3.004,37.054,13203,11534,1.230,1.890,1.490,0,0,0,0,0,35,312,0,16,0
05-02 05:08:26,7.773,3.761,84.248,0,0,6080252,191920,111820,1614144,8376639.176,179447.157,0,320.946,0,23.068,11879,11455,1.230,1.890,1.490,2,0,2.006,0,0,35,312,0,17,0
05-02 05:08:27,10.502,3.751,81.763,0,0,6089008,175292,111852,1621984,8584605.600,188259.838,0,260.041,0,28.004,14504,12937,1.230,1.890,1.490,1,0,3.000,0,0,35,312,0,16,0
05-02 05:08:28,7.247,2.999,85.211,0.250,0.250,6083880,172404,111864,1629988,8473329.566,190174.325,0,295.864,0,18.991,14805,11675,1.210,1.870,1.480,1,0,0,0,0,35,312,0,16,0
05-02 05:08:29,11.258,5.254,79.553,0,0,6084352,164604,111888,1637292,8788214.476,197129.906,0,128.086,0,13.009,16246,12970,1.210,1.870,1.480,1,0,4.003,0,0,35,312,0,16,0
05-02 05:08:30,23.738,6.996,64.966,1.499,0,6102112,138736,111888,1645400,8602183.284,192710.747,527.723,3.998,4.997,0.999,15921,12288,1.210,1.870,1.480,1,0,3.998,0,0,35,312,0,16,0
05-02 05:08:31,26.256,6.502,64.266,0,0,6087732,145324,111900,1653180,8374574.914,193148.587,256.062,192.046,2.000,11.003,14640,11965,1.210,1.870,1.480,2,0,5.001,0,0,35,312,0,16,0
05-02 05:08:32,11.497,4.749,80.731,0,0,6065772,159272,111904,1661188,8729705.520,193373.399,255.941,159.963,2.000,4.999,14868,11673,1.210,1.870,1.480,0,0,1.000,0,0,35,312,0,14,0
05-02 05:08:33,6.002,2.501,87.031,0,0,6057784,159272,111904,1669176,8715582.641,195535.676,0,0,0,0,11039,11987,1.110,1.840,1.480,0,0,0,0,0,35,312,0,14,0
05-02 05:08:34,7.480,3.989,84.022,0.499,0,6052692,156212,111944,1677288,8604532.918,186283.328,0,534.552,0,42.884,13084,12236,1.110,1.840,1.480,0,0,0,0,0,35,312,0,14,0
05-02 05:08:35,6.520,3.260,85.761,0.251,0,6051684,149440,111972,1685040,8587782.755,190969.457,0,184.562,0,22.067,14645,12129,1.110,1.840,1.480,2,0,0,0,0,35,312,0,14,0
05-02 05:08:36,6.448,3.224,86.063,0,0,6050408,142384,111988,1693356,8547936.316,188182.888,0,484.133,0,27.778,13176,11431,1.110,1.840,1.480,2,0,0,0,0,35,312,0,14,0
05-02 05:08:37,7.522,3.259,85.246,0,0,6045404,139368,112012,1701352,8687142.779,191339.233,16.046,176.510,1.003,19.055,13566,11506,1.110,1.840,1.480,1,0,0,0,0,35,312,0,14,0
05-02 05:08:38,6.256,3.253,87.081,0,0,6046640,130140,112012,1709344,8600957.924,187739.515,0,1609.505,0,281.263,12763,11267,1.100,1.830,1.470,0,0,0,0,0,35,312,0,15,0
05-02 05:08:39,6.497,2.999,85.712,0,0,6041368,127236,112028,1717504,8587401.126,188899.973,0,87.961,0,9.996,11934,11598,1.100,1.830,1.470,1,0,1.000,0,0,35,312,0,15,0
05-02 05:08:40,5.774,3.012,87.360,0,0,6036788,144328,108312,1709052,6856807.834,144804.018,0,40.165,0,1.004,10512,9260,1.100,1.830,1.470,1,0,0,0,0,35,312,0,14,0
05-02 05:08:41,5.944,2.477,87.173,0,0,6037024,135528,108312,1717740,9168475.516,197061.144,0,0,0,0,11133,12022,1.100,1.830,1.470,0,0,0,0,0,35,312,0,14,0
05-02 05:08:42,6.783,3.517,86.675,0.251,0,6036204,128436,108336,1725628,8716308.079,188669.393,32.158,20922.622,2.010,74.365,11614,11802,1.100,1.830,1.470,0,0,1.005,0,0,35,312,0,14,0
05-02 05:08:43,5.505,3.503,86.336,0,0,6030008,182380,104720,1683172,8682682.526,190140.999,0,184.183,0,11.011,13821,11975,1.010,1.800,1.460,0,0,0,0,0,35,312,0,14,0
05-02 05:08:44,6.525,4.266,85.825,0.251,0,6046396,157824,104736,1691324,8772744.996,198143.457,16.061,168.638,1.004,18.068,13461,11844,1.010,1.800,1.460,2,0,8.030,0,0,35,312,0,13,0
05-02 05:08:45,13.757,6.003,77.039,0.250,0,6042052,154068,104744,1699416,8633117.399,192650.665,0,8356.280,0,32.016,15921,20424,1.010,1.800,1.460,1,0,30.015,0,0,35,314,0,14,0
05-02 05:08:46,5.724,3.235,86.362,0.249,0,6041212,147012,104752,1707304,8552922.703,190309.274,0,4300.685,0,23.893,12156,11258,1.010,1.800,1.460,0,0,0,0,0,35,314,0,14,0
05-02 05:08:47,6.464,4.475,84.534,0,0,6040296,139760,104788,1715436,8567422.998,190177.357,15.912,166923.579,0.995,213.821,13877,11969,1.010,1.800,1.460,0,0,0,0,0,35,314,0,14,0
05-02 05:08:48,7.279,2.761,87.347,0,0,6036532,154672,103748,1705844,8446794.750,184356.572,0,4.016,0,1.004,12672,11048,0.930,1.770,1.460,0,0,0,0,0,35,314,0,13,0
05-02 05:08:49,7.038,2.765,86.966,0,0,6037424,146520,103748,1713168,7795074.763,184624.348,0,631.387,0,124.669,12239,10652,0.930,1.770,1.460,0,0,1.005,0,0,35,314,0,13,0
05-02 05:08:50,5.982,2.742,86.739,0,0,6037368,140472,103768,1719252,6351515.903,128833.905,0,255.231,0,11.964,10696,8339,0.930,1.770,1.460,0,0,0,0,0,35,314,0,13,0
05-02 05:08:51,6.259,2.504,87.628,0,0,6038448,148916,102544,1711472,9223575.126,200134.233,0,0,0,0,13751,11595,0.930,1.770,1.460,0,0,0,0,0,35,314,0,13,0
05-02 05:08:52,6.482,2.992,86.015,0.249,0,6038940,140348,102568,1719684,8634892.099,189971.847,0,95.739,0,9.973,13153,11797,0.930,1.770,1.460,0,0,0,0,0,35,314,0,13,0
05-02 05:08:53,6.003,3.252,86.792,0,0,6038232,172380,95884,1695928,8611768.833,191710.337,0,0,0,0,13186,11665,0.860,1.740,1.450,0,0,0,0,0,35,314,0,13,0
05-02 05:08:54,6.497,2.999,87.463,0,0,6038596,164060,95896,1703944,8547592.194,192571.434,0,75.967,0,6.997,13292,11896,0.860,1.740,1.450,0,0,0,0,0,35,314,0,13,0
05-02 05:08:55,7.004,3.002,85.546,0,0.250,6039032,155504,95904,1712056,8732173.493,193794.408,4.002,200.108,1.001,12.006,12321,11492,0.860,1.740,1.450,1,0,0,0,0,35,314,0,13,0
05-02 05:08:56,7.493,3.497,85.917,0,0,6039120,147956,95904,1719520,8314222.873,185898.789,0,11.988,0,2.997,11711,11342,0.860,1.740,1.450,0,0,0,0,0,35,314,0,12,0
05-02 05:08:57,9.009,5.005,82.077,0,0,6054248,180552,86728,1682540,5482806.461,129804.481,32.030,304.287,2.002,37.035,9076,7869,0.860,1.740,1.450,2,0,1.001,0,0,35,314,0,12,0
05-02 05:08:58,6.024,2.761,87.345,0,0,6052508,173764,86748,1691048,8991313.333,192159.257,0,305.206,0,19.075,13673,12159,1.030,1.760,1.460,1,0,0,0,0,35,314,0,12,0
05-02 05:08:59,6.965,2.736,85.069,0.497,0,6051224,166956,86772,1699116,8639170.280,181121.314,11.939,103.475,1.990,11.939,12116,11687,1.030,1.760,1.460,0,0,1.990,0,0,35,314,0,12,0
05-02 05:09:00,5.754,3.753,86.561,0.500,0,6050668,159444,86780,1707176,8652091.184,184959.701,0,1140.800,0,219.154,13407,11969,1.030,1.760,1.460,1,0,0,0,0,35,314,0,9,0
05-02 05:09:01,6.503,2.251,87.041,0,0,6046972,155148,86796,1715152,8582437.520,183918.115,0,208.097,0,12.006,12708,11895,1.030,1.760,1.460,0,0,0,0,0,35,314,0,9,0
05-02 05:09:02,7.263,3.006,86.160,0,0,6046832,147840,86800,1722596,8166423.700,169430.522,0,36.067,0,4.007,12873,10561,1.030,1.760,1.460,0,0,2.004,0,0,35,314,0,9,0
05-02 05:09:03,6.238,3.992,85.334,0,0,6047884,139528,86800,1729856,7708260.056,162797.499,0,0,0,0,11578,10171,0.950,1.730,1.450,1,0,5.988,0,0,35,314,0,9,0
05-02 05:09:04,8.529,3.763,84.537,0,0,6036428,162080,85776,1719772,7725516.884,159938.365,0,0,0,0,11343,10397,0.950,1.730,1.450,2,0,0,0,0,35,314,0,6,0
05-02 05:09:05,9.699,4.974,81.075,0,0,6036968,152264,85776,1729140,9651616.187,205452.781,0,0,0,0,16473,15890,0.950,1.730,1.450,0,0,0.995,0,0,35,314,0,6,0
05-02 05:09:06,9.284,3.513,84.312,0,0,6037704,143696,85808,1736924,8719123.470,188703.787,0,160.594,0,14.052,13816,12282,0.950,1.730,1.450,1,0,0,0,0,35,314,0,8,0
05-02 05:09:07,6.727,3.239,85.210,0,0,6037208,153848,85424,1727756,8576375.943,186779.312,0,195.336,0,19.932,12410,11924,0.950,1.730,1.450,0,0,0,0,0,35,314,0,8,0
05-02 05:09:08,6.739,2.995,86.361,0,0.250,6037084,146288,85424,1735424,8251030.413,175723.608,0,3.994,0,0.998,11018,11155,0.870,1.700,1.440,0,0,0,0,0,35,314,0,7,0
05-02 05:09:09,6.520,3.009,86.521,0.502,0,6037004,156452,84640,1726340,8978324.178,192343.779,0,21551.427,0,205.643,14314,12344,0.870,1.700,1.440,1,0,1.003,0,0,35,314,0,7,0
05-02 05:09:10,6.997,2.499,87.207,0,0,6037412,147892,84664,1734436,8612449.814,186881.233,0,303.849,0,17.991,10669,11791,0.870,1.700,1.440,0,0,0,0,0,35,314,0,7,0
05-02 05:09:11,5.524,1.758,89.644,0,0,6037852,142904,84668,1738980,5297774.335,134163.182,0,68.300,0,5.022,7584,6410,0.870,1.700,1.440,1,0,0,0,0,35,314,0,7,0
05-02 05:09:12,7.503,3.001,85.786,0.250,0,6035172,156120,83976,1729420,8020123.307,202648.705,0,8431.524,0,43.018,11436,10224,0.870,1.700,1.440,2,0,2.001,0,0,35,314,0,7,0
05-02 05:09:13,9.208,5.724,81.627,0,0,6038364,196824,82448,1687676,8733187.067,186385.004,3.982,8600.731,0.995,49.773,14551,12148,0.960,1.700,1.440,0,0,0,0,0,35,314,0,8,0
05-02 05:09:14,6.262,4.508,84.406,0.250,0,6038960,188308,82484,1695544,8641717.395,182839.072,0,164883.971,0,297.549,14683,12028,0.960,1.700,1.440,0,0,1.002,0,0,35,314,0,8,0
05-02 05:09:15,7.239,2.496,86.872,0,0,6038580,180508,82484,1703692,8591588.229,182273.779,0,123.818,0,0.999,11192,11663,0.960,1.700,1.440,0,0,0,0,0,35,314,0,8,0
05-02 05:09:16,6.497,3.248,87.209,0.250,0,6039348,171688,82516,1711712,8604627.425,186123.357,0,275.872,0,17.992,14481,12110,0.960,1.700,1.440,0,0,0,0,0,35,314,0,8,0
05-02 05:09:17,6.001,2.500,86.764,0,0,6038876,164128,82556,1719688,8623305.002,186599.083,20.003,140.022,2.000,16.002,13967,12464,0.960,1.700,1.440,1,0,0,0,0,35,314,0,8,0
05-02 05:09:18,6.750,2.750,86.996,0,0,6038692,156064,82572,1727872,8729915.217,190176.441,0,195.990,0,12.999,13723,12222,0.880,1.680,1.440,0,0,0,0,0,35,314,0,8,0
05-02 05:09:19,7.496,3.248,86.460,0,0,6039096,147508,82580,1736000,8735968.268,187124.612,0,31.985,0,3.998,12873,12417,0.880,1.680,1.440,1,0,1.000,0,0,35,314,0,8,0
05-02 05:09:20,5.748,2.999,86.726,0,0,6033552,163696,81856,1726356,8522194.106,183146.876,0,0,0,0,10813,11636,0.880,1.680,1.440,0,0,0,0,0,35,314,0,8,0
05-02 05:09:21,6.501,3.001,87.520,0,0,6033600,155380,81856,1734576,8844645.791,194872.788,0,0,0,0,11093,12206,0.880,1.680,1.440,0,0,0,0,0,35,314,0,8,0
05-02 05:09:22,5.976,2.739,85.905,0,0,6034084,147068,81872,1742372,8513208.747,182733.964,0,67.728,0,5.976,10776,11439,0.880,1.680,1.440,0,0,0,0,0,35,314,0,8,0
05-02 05:09:23,7.032,3.516,87.393,0,0,6032252,159800,81840,1731820,8444777.832,185036.760,0,4.018,0,1.005,12092,11184,0.810,1.650,1.430,2,0,0,0,0,35,314,0,8,0
05-02 05:09:24,7.004,2.751,86.047,0.250,0,6033316,150488,81852,1740040,8866703.525,195202.125,4.002,64.035,1.001,8.004,13612,12166,0.810,1.650,1.430,2,0,0,0,0,35,314,0,8,0
05-02 05:09:25,5.496,3.248,86.684,0.250,0,6032900,161940,80952,1730656,8585104.265,187997.143,7.994,967.265,1.998,150.885,13507,11989,0.810,1.650,1.430,1,0,0,0,0,35,314,0,8,0
05-02 05:09:26,7.502,3.501,85.771,0,0,6034252,152320,80968,1738892,8603443.067,189799.557,0,124.030,0,10.002,13183,11494,0.810,1.650,1.430,0,0,0,0,0,35,314,0,9,0
05-02 05:09:27,11.996,5.998,77.727,0,0,6055652,169708,81044,1700512,8604917.070,188932.430,6714.025,351.896,86.974,38.989,13759,12308,0.810,1.650,1.430,2,0,3.999,0,0,35,314,0,9,0
05-02 05:09:28,7.972,3.488,83.957,0,0,6054084,162764,81044,1709008,8424574.485,186137.766,0,0,0,0,12891,11363,0.750,1.620,1.420,0,0,0,0,0,35,314,0,9,0
05-02 05:09:29,14.087,5.786,76.976,0.252,0,6055924,170272,81088,1699864,8876420.159,197494.382,20.125,277.719,2.012,25.156,12031,12217,0.750,1.620,1.420,2,0,3.019,0,0,35,314,0,8,0
05-02 05:09:30,25.745,7.748,62.987,0,0,6079288,173112,80216,1675020,8665586.421,195148.239,511.896,23.995,3.999,2.999,12411,11540,0.750,1.620,1.420,2,0,5.999,0,0,35,314,0,8,0
05-02 05:09:31,26.708,6.739,63.900,0,0,6082700,161444,80240,1683252,8720186.892,195512.789,511.197,327.485,3.994,16.973,12433,12278,0.750,1.620,1.420,0,0,3.994,0,0,35,314,0,8,0
05-02 05:09:32,8.279,4.265,84.544,0,0,6060304,175796,80248,1691288,8804869.954,196335.336,4.014,36.126,1.003,4.014,12178,11750,0.750,1.620,1.420,3,0,0,0,0,35,314,0,8,0
05-02 05:09:33,6.498,3.749,86.476,0,0,6059816,168232,80248,1699340,8580434.084,190736.096,0,0,0,0,11071,11495,0.770,1.610,1.420,1,0,0,0,0,35,314,0,8,0
05-02 05:09:34,7.490,3.495,85.887,0,0.250,6058256,161928,80256,1707196,8602999.029,192287.343,3.995,8392.972,0.999,46.938,12213,11686,0.770,1.610,1.420,1,0,0,0,0,35,314,0,8,0
05-02 05:09:35,6.748,4.999,84.478,0,0,6043840,168108,80264,1715424,8647619.933,199098.771,0,162802.110,0,445.885,13892,11590,0.770,1.610,1.420,1,0,0,0,0,35,314,0,8,0
05-02 05:09:36,6.710,3.479,85.736,0,0,6043324,160800,80264,1723248,8672049.339,197053.534,0,3.976,0,0.994,11766,11834,0.770,1.610,1.420,1,0,0,0,0,35,314,0,8,0
05-02 05:09:37,7.261,4.006,86.376,0.250,0,6042956,152736,80308,1731636,8713328.566,196005.901,20.029,228.333,2.003,22.032,11468,12452,0.770,1.610,1.420,0,0,0,0,0,35,314,0,8,0
05-02 05:09:38,13.821,4.775,77.651,0.754,0,6055860,164136,80464,1707236,8661089.027,193870.232,1081.580,832.294,69.358,76.394,14745,13349,0.950,1.630,1.430,0,0,0,0,0,35,314,0,9,0
05-02 05:09:39,7.227,2.991,85.977,0,0,6057372,154560,80464,1715284,8586838.657,195563.243,0,0,0,0,12556,11760,0.950,1.630,1.430,1,0,0.997,0,0,35,314,0,9,0
05-02 05:09:40,6.752,3.501,86.527,0,0,6046240,174468,80464,1706676,8646624.415,193772.360,0,40.012,0,2.001,11337,11350,0.950,1.630,1.430,0,0,0,0,0,35,314,0,9,0
05-02 05:09:41,6.526,2.510,87.349,0,0.251,6046684,165908,80488,1714752,8720225.083,198015.430,0,313.252,0,17.068,12254,11771,0.950,1.630,1.430,1,0,0,0,0,35,314,0,8,0
05-02 05:09:42,6.249,2.250,87.738,0.250,0,6046576,160140,80524,1720592,6534221.735,156610.351,15.998,131.982,1.000,16.998,10524,8363,0.950,1.630,1.430,0,0,0,0,0,35,314,0,8,0
05-02 05:09:43,6.252,2.501,87.523,0,0,6046312,152696,80536,1728272,7997801.276,193070.195,0,188.049,0,12.003,10932,10351,0.870,1.610,1.420,2,0,0,0,0,35,314,0,8,0
05-02 05:09:44,8.251,3.000,85.006,0,0,6045896,161820,80588,1719512,8761572.588,185479.667,32.002,172.013,2.000,21.002,11254,12088,0.870,1.610,1.420,0,0,0,0,0,35,314,0,8,0
05-02 05:09:45,13.234,5.743,78.156,0,0,6059884,189876,80588,1678200,8535998.229,182855.447,0,0,0,0,14089,18222,0.870,1.610,1.420,1,0,35.957,0,0,35,314,0,8,0
05-02 05:09:46,6.008,3.504,86.611,0.250,0.250,6053444,188344,80588,1686036,8601466.102,181844.343,0,905.157,0,185.237,11430,11322,0.870,1.610,1.420,2,0,0,0,0,35,314,0,8,0
05-02 05:09:47,7.501,3.001,86.515,0.250,0,6052800,181036,80656,1693920,8442522.066,179227.378,0,480.084,0,38.007,11436,11615,0.870,1.610,1.420,1,0,0,0,0,35,314,0,8,0
05-02 05:09:48,6.750,3.000,86.753,0.250,0,6052352,173728,80692,1701640,8281049.348,176005.448,0,268.008,0,21.001,11692,11448,0.800,1.580,1.410,2,0,0,0,0,35,314,0,8,0
05-02 05:09:49,5.724,3.733,86.362,0,0,6050152,167692,80700,1709868,8996505.607,193614.840,0,35.839,0,3.982,13968,12418,0.800,1.580,1.410,0,0,0.996,0,0,35,314,0,8,0
05-02 05:09:50,6.000,2.750,87.244,0,0,6050112,159620,80700,1717964,8644019.624,183603.545,0,0,0,0,10934,11685,0.800,1.580,1.410,1,0,0,0,0,35,314,0,8,0
05-02 05:09:51,6.499,2.500,87.240,0,0,6049980,151808,80700,1725908,8600834.712,184400.254,0,0,0,0,11786,11573,0.800,1.580,1.410,1,0,0,0,0,35,314,0,8,0
05-02 05:09:52,6.253,2.751,87.046,0,0,6047072,164612,80716,1716196,7758051.391,186188.551,0,72.038,0,7.004,12406,9796,0.800,1.580,1.410,0,0,0,0,0,35,314,0,8,0
05-02 05:09:53,5.999,3.499,86.984,0,0,6046964,156352,80716,1724580,8870237.019,191007.802,0,0,0,0,12779,12136,0.820,1.570,1.410,2,0,0,0,0,35,314,0,8,0
05-02 05:09:54,8.749,3.250,84.492,0,0,6048128,164588,80788,1715652,8729712.138,183998.235,0,255.975,0,27.997,12594,11854,0.820,1.570,1.410,0,0,0,0,0,35,314,0,8,0
05-02 05:09:55,6.528,3.515,86.368,0.251,0,6048476,156332,80812,1723600,8429899.725,180193.160,0,8717.113,0,68.291,13131,11256,0.820,1.570,1.410,2,0,0,0,0,35,314,0,8,0
05-02 05:09:56,7.709,3.730,85.049,0,0,6049124,164920,80828,1715000,8800664.041,189424.769,7.958,1074.299,1.989,196.955,11820,11364,0.820,1.570,1.410,1,0,0,0,0,35,314,0,9,0
05-02 05:09:57,10.247,4.749,81.228,0.500,0,6067396,189104,80900,1674172,8723600.879,193012.003,15.996,24881.297,1.000,61.983,13407,12483,0.820,1.570,1.410,2,0,0,0,0,35,314,0,9,0
05-02 05:09:58,6.259,2.754,86.372,0,0,6060792,187592,80920,1682252,8639644.176,191649.989,4.006,332.468,1.001,20.028,11552,11630,0.750,1.540,1.400,0,0,0,0,0,35,314,0,8,0
05-02 05:09:59,6.776,3.012,86.839,0,0,6053124,187344,80952,1690120,8682401.662,196302.218,0,96.376,0,13.051,11329,12432,0.750,1.540,1.400,1,0,1.004,0,0,35,314,0,8,0
05-02 05:10:00,7.468,3.236,85.879,0,0,6047212,185328,80952,1698032,8313803.061,184029.870,0,12342.738,0,33.854,11422,10881,0.750,1.540,1.400,0,0,0,0,0,35,314,0,8,0
05-02 05:10:01,10.786,11.036,72.740,2.257,0,6055052,171000,80976,1704464,6710385.082,146377.237,248.821,164519.129,16.053,202.669,13165,13360,0.750,1.540,1.400,2,0,98.325,0,0,35,313,0,8,1
05-02 05:10:02,20.767,11.759,63.050,4.003,0,6066440,224744,81088,1640912,95650.096,1729.376,184.147,2029.615,34.027,279.222,5176,4324,0.750,1.540,1.400,2,0,142.113,0,0,35,313,0,8,0
05-02 05:10:03,21.911,3.984,66.479,4.980,0,6101204,189976,81240,1640764,12175.331,1613.418,115.529,246.992,27.886,15.935,3285,3209,0.770,1.530,1.400,1,0,5.976,0,0,35,313,0,8,0
05-02 05:10:04,21.519,4.254,67.559,5.255,0,6125508,164284,81728,1641664,8301.206,1621.408,1189.032,96.083,161.140,9.008,3626,4042,0.770,1.530,1.400,2,0,0,0,0,35,323,0,9,0
05-02 05:10:05,15.259,3.002,69.039,10.756,0,6126772,162016,82632,1641768,29641.891,1620.924,1008.575,0,243.139,0,3333,3755,0.770,1.530,1.400,1,0,0,0,0,35,336,0,11,0
05-02 05:10:06,26.705,4.492,66.388,0.499,0,6141672,195156,82716,1594088,9650.773,1617.281,13313.615,275.537,147.752,32.945,6088,7964,0.770,1.530,1.400,1,0,0,0,0,35,337,0,11,0
05-02 05:10:07,30.631,8.537,60.258,0.251,0,6144424,191612,82768,1595104,8444.129,1626.961,25211.871,2362.106,197.846,342.465,10544,14922,0.770,1.530,1.400,4,0,0,0,0,35,340,0,14,0
05-02 05:10:08,33.533,10.260,54.303,0,0,6142856,241028,82768,1547744,25917.434,1705.674,39847.105,16.016,313.307,3.003,14333,21824,0.790,1.520,1.400,1,0,0,0,0,35,340,0,15,0
05-02 05:10:09,32.494,10.248,53.741,0,0,6143980,249264,82792,1541532,12326.895,1457.751,42804.689,143.975,339.942,9.998,15140,23587,0.790,1.520,1.400,1,0,1.000,0,0,35,340,0,15,0
05-02 05:10:10,32.870,9.462,55.530,0.498,0,6142856,174276,82876,1617560,16434.823,1613.601,35041.034,1175.339,282.878,61.755,14619,22678,0.790,1.520,1.400,3,0,0,0,0,35,340,0,14,0
05-02 05:10:11,32.447,14.726,50.417,0.250,0,6153260,196904,68744,1602392,17266.728,1617.352,24471.931,42945.683,199.673,74.877,15164,23681,0.790,1.520,1.400,9,0,0,0,0,35,340,0,14,0
05-02 05:10:12,32.916,11.809,53.519,0,0,6144800,214988,60164,1611284,8097.722,1628.188,39964.979,72367.929,589.967,118.596,14731,22608,0.790,1.520,1.400,4,0,0,0,0,35,340,0,14,0
05-02 05:10:13,30.775,9.508,57.296,0.250,0,6143620,194892,51432,1646428,19293.568,1621.308,36493.447,176.142,298.241,11.009,12969,20015,0.890,1.530,1.400,1,0,0,0,0,35,340,0,14,0
05-02 05:10:14,32.236,11.745,52.477,1.249,0,6143600,207548,41128,1656604,15067.500,1619.301,38907.214,49278.740,421.818,88.962,14089,21489,0.890,1.530,1.400,1,0,0,0,0,35,340,0,13,0
05-02 05:10:15,32.747,12.499,52.496,0.500,0,6161116,188452,32936,1674204,17357.598,1619.869,39888.779,41080.682,337.973,80.993,14264,21721,0.890,1.530,1.400,3,0,0,0,0,35,340,0,13,0
05-02 05:10:16,32.736,14.494,50.728,0.250,0,6161668,198484,22848,1688100,16377.933,1619.301,40022.730,139299.892,428.815,229.901,14542,21815,0.890,1.530,1.400,0,0,0,0,0,35,340,0,13,0
05-02 05:10:17,33.021,10.257,54.034,1.001,0.250,6161260,221556,19788,1669824,15996.141,1621.028,40629.758,212.134,320.203,30.019,14327,21959,0.890,1.530,1.400,1,0,0,0,0,35,340,0,13,0
05-02 05:10:18,30.741,10.497,54.983,0.250,0,6158268,254260,17204,1643684,12940.052,1619.506,38388.288,1027.686,299.909,186.943,14401,22248,0.980,1.540,1.400,2,0,0,0,0,35,340,0,13,0
05-02 05:10:19,32.268,13.007,48.778,3.502,0,6166468,240192,14748,1653372,10030.750,1620.929,41475.775,34243.629,340.195,48.028,14751,22733,0.980,1.540,1.400,7,1,1.001,0,0,35,340,0,13,0
05-02 05:10:20,30.973,14.237,52.453,0.749,0,6165948,547864,11932,1352612,7572.281,1456.708,41447.225,146573.949,326.710,196.825,14448,22485,0.980,1.540,1.400,1,0,0,0,0,35,340,0,13,0
05-02 05:10:21,31.936,9.730,55.389,0,0,6161620,468288,11932,1436516,16029.809,1616.753,41388.882,0,324.349,0,15060,23546,0.980,1.540,1.400,1,0,0,0,0,35,340,0,13,0
05-02 05:10:22,30.332,9.275,57.155,0,0,6163864,388880,11948,1513664,15770.797,1666.522,39150.240,64.174,306.833,6.016,13425,20789,0.980,1.540,1.400,2,0,0,0,0,35,340,0,13,0
05-02 05:10:23,31.204,9.985,54.670,0,0,6162236,307904,11948,1596268,15846.881,1617.640,41155.958,427.377,321.531,88.870,14257,22319,0.980,1.530,1.400,2,0,0,0,0,35,340,0,13,0
05-02 05:10:24,31.501,13.250,51.001,0.500,0,6163604,202232,10352,1705036,10609.173,1620.026,41472.676,71397.165,324.005,69.001,14022,21744,0.980,1.530,1.400,2,0,0,0,0,35,340,0,13,0
05-02 05:10:25,31.507,11.502,53.511,0.250,0,6162664,228472,10396,1679852,15552.275,1620.341,39964.416,93259.639,317.067,139.029,14289,21833,0.980,1.530,1.400,2,0,0,0,0,35,340,0,13,0
05-02 05:10:26,33.657,10.720,50.360,2.244,0,6165484,217788,10416,1687804,11889.023,1615.519,38321.705,291.192,306.151,22.936,13868,21155,0.980,1.530,1.400,2,0,0,0,0,35,340,0,14,0
05-02 05:10:27,28.811,14.029,44.844,8.768,0,6161304,426172,10796,1485868,10233.491,1623.409,16013.629,129648.267,198.417,224.471,12221,18590,0.980,1.530,1.400,1,2,4.008,0,0,35,338,0,16,0
05-02 05:10:28,13.521,3.756,48.825,31.799,0,6085516,487836,11196,1499600,48242.598,1622.509,12591.470,5728.859,240.372,320.496,4335,5492,1.140,1.560,1.410,1,2,19.029,0,0,35,335,0,20,0
05-02 05:10:29,13.174,9.197,58.911,16.406,0,6097432,462372,12340,1512004,35127.752,1610.726,12054.596,1308.467,171.015,219.735,4661,4996,1.140,1.560,1.410,1,1,96.445,0,0,35,335,0,20,0
05-02 05:10:30,24.366,6.531,41.196,25.370,0,6141348,405072,14448,1523280,23525.713,1627.729,13266.999,64.305,253.202,4.019,4020,3799,1.140,1.560,1.410,2,1,2.010,0,0,35,335,0,19,0
05-02 05:10:31,37.201,8.239,43.942,8.739,0,6194436,339420,16000,1534292,19141.862,1498.033,12187.994,127.832,230.697,7.990,4407,3666,1.140,1.560,1.410,2,0,4.993,0,0,35,335,0,19,0
05-02 05:10:32,25.902,6.226,50.309,15.192,0.249,6191204,329080,19084,1544780,81444.312,1613.883,13317.524,123.532,306.837,14.943,4127,3781,1.140,1.560,1.410,4,0,3.985,0,0,35,335,0,19,0
05-02 05:10:33,19.538,3.256,66.128,9.769,0,6187032,321132,20764,1555220,19645.017,2157.175,11654.554,44.085,355.688,6.012,3628,3728,1.130,1.550,1.410,1,0,0,0,0,35,335,0,19,0
05-02 05:10:34,14.001,4.000,64.256,15.251,0,6182928,311548,24052,1565620,13679.231,1620.146,13109.180,972.088,668.060,182.016,4294,5124,1.130,1.550,1.410,3,1,0,0,0,35,335,0,19,0
05-02 05:10:35,9.016,2.755,64.868,20.287,0,6180460,303264,24256,1576152,9445.240,1622.962,10162.549,92.168,158.289,12.022,2817,3479,1.130,1.550,1.410,1,1,0,0,0,35,335,0,19,0
05-02 05:10:36,9.267,2.505,66.373,19.286,0.250,6179252,293300,24508,1587072,15814.249,1623.002,10515.449,384.712,211.391,26.048,2915,3336,1.130,1.550,1.410,1,0,0,0,0,35,335,0,19,0
05-02 05:10:37,20.673,7.223,64.261,4.732,0.249,6118252,343316,24708,1597856,15137.794,1614.007,10341.602,251.068,118.560,26.900,4303,4684,1.130,1.550,1.410,1,0,41.845,0,0,35,335,0,20,0
05-02 05:10:38,27.949,3.993,64.633,1.248,0.250,6159344,291912,24740,1608136,12096.066,1617.068,9746.327,99.819,78.857,14.973,3539,3387,1.120,1.540,1.400,1,0,0,0,0,35,335,0,21,0
05-02 05:10:39,24.896,3.772,67.396,3.018,0,6168228,271868,25012,1619024,20516.563,1629.576,10541.948,120.709,117.692,10.059,3819,3801,1.120,1.540,1.400,0,1,1.006,0,0,35,336,0,21,0
05-02 05:10:40,15.758,12.756,65.281,4.502,0,6169244,260148,25512,1629228,17288.273,1620.776,10260.910,192.092,110.053,24.011,5460,5120,1.120,1.540,1.400,1,0,181.087,0,0,35,336,0,21,0
05-02 05:10:41,10.982,18.720,65.644,1.997,0,6146936,271888,25528,1639780,16708.005,1455.648,9800.166,119.806,85.861,7.987,6153,5562,1.120,1.540,1.400,1,0,262.576,0,0,35,336,0,21,0
05-02 05:10:42,13.271,20.532,62.096,2.253,0,6131340,277084,25560,1650148,12510.346,1622.509,9807.165,168.260,80.124,19.029,6678,6031,1.120,1.540,1.400,2,0,317.491,0,0,35,336,0,21,0
05-02 05:10:43,13.186,9.951,55.479,18.410,0.249,6133036,259224,28952,1663312,9926.594,1612.139,15201.870,461.748,319.442,27.864,5389,6664,1.110,1.530,1.400,0,1,94.539,0,0,35,336,0,21,0
05-02 05:10:44,21.238,8.995,60.467,6.247,0,6124760,256292,29004,1674388,15549.497,1689.076,10546.233,175.904,239.869,20.989,5401,6287,1.110,1.530,1.400,1,0,91.950,0,0,35,336,0,21,0
05-02 05:10:45,34.424,15.830,40.203,9.046,0,6132668,236836,29604,1685124,11840.891,1628.236,11035.819,2343.855,150.763,386.957,6078,13654,1.110,1.530,1.400,4,0,163.829,0,0,35,336,0,22,0
05-02 05:10:46,26.357,4.227,42.519,24.865,0.249,6161756,220304,29624,1672740,7841.479,1611.263,4332.507,183.008,174.056,10.941,3905,3737,1.110,1.530,1.400,0,2,0,0,0,35,337,0,22,0
05-02 05:10:47,31.066,5.011,42.840,18.289,0,6197736,208704,30228,1647756,17376.699,1623.429,9291.623,184.389,259.548,25.053,4526,4475,1.110,1.530,1.400,4,0,0,0,0,35,337,0,21,0
05-02 05:10:48,27.959,4.743,44.684,20.470,0,6227460,204120,30632,1622340,16005.374,1617.612,7632.733,583.139,289.573,70.895,4237,4365,1.180,1.540,1.410,0,2,0,0,0,35,337,0,21,0
05-02 05:10:49,38.080,4.510,41.838,14.280,0,6262900,227932,30972,1563920,15348.364,1623.423,3026.381,1054.223,218.461,51.108,4517,4136,1.180,1.540,1.410,2,0,1.002,0,0,35,337,0,21,0
05-02 05:10:50,35.785,6.256,51.801,4.254,0,6282464,204676,31200,1567388,30204.480,1621.583,2410.353,552.539,98.096,44.043,4999,4324,1.180,1.540,1.410,4,0,89.087,0,0,35,336,0,21,0
05-02 05:10:51,21.916,10.460,65.747,0.249,0,6319236,222556,31208,1512848,20777.009,1494.247,4064.352,219.156,33.870,2.988,4360,4087,1.180,1.540,1.410,1,0,109.578,0,0,35,336,0,21,0
05-02 05:10:52,27.763,4.752,65.530,0,0.250,6354576,205464,31224,1494676,15478.088,1620.742,9732.457,52.024,76.035,6.003,3515,3172,1.180,1.540,1.410,2,0,0,0,0,35,336,0,21,0
05-02 05:10:53,23.509,2.751,66.276,5.502,0,6357384,204492,31836,1492232,29888.777,1714.676,11640.587,292.115,170.067,23.009,4057,4312,1.170,1.530,1.400,2,0,0,0,0,35,339,0,21,0
05-02 05:10:54,22.246,3.499,65.237,5.499,0,6368280,211160,32284,1474288,29684.044,1619.675,9782.037,47.990,235.953,5.999,3671,3475,1.170,1.530,1.400,1,0,1.000,0,0,35,341,0,21,0
05-02 05:10:55,23.757,7.752,65.520,1.751,0,6320200,258632,32344,1474872,18264.511,1620.489,52.016,228.069,7.002,23.007,4082,3940,1.170,1.530,1.400,2,0,51.015,0,0,35,340,0,21,0
05-02 05:10:56,28.989,3.998,64.225,0.750,0,6368580,207352,32416,1477700,16506.596,1619.372,2035.210,575.777,34.986,46.982,3558,3397,1.170,1.530,1.400,2,0,0,0,0,35,340,0,22,0
05-02 05:10:57,29.414,7.542,60.337,1.760,0,6332240,242828,32552,1478428,30174.731,1629.110,96.540,611.419,6.034,59.332,4796,4937,1.170,1.530,1.400,1,0,58.326,0,0,35,340,0,22,0
05-02 05:10:58,27.691,5.738,63.615,0.998,0,6352596,235216,32556,1465760,19207.306,1616.575,387.180,0,6.985,0,3658,3439,1.390,1.570,1.420,3,0,0,0,0,35,340,0,22,0
05-02 05:10:59,28.872,3.485,63.967,0.996,0,6372400,213784,32616,1467328,8344.121,1612.871,155.314,219.032,4.978,22.899,4028,4259,1.390,1.570,1.420,3,0,0.996,0,0,35,341,0,21,0
05-02 05:11:00,24.037,7.512,66.352,0.250,0,6370296,214412,32616,1468804,15508.949,1622.506,701.083,212.328,11.017,1.002,3820,3653,1.390,1.570,1.420,2,0,42.065,0,0,35,340,0,21,0
05-02 05:11:01,26.958,4.743,66.396,0,0,6411852,212888,32192,1430076,25802.485,1455.714,267.580,0,4.992,0,3368,3101,1.390,1.570,1.420,3,0,0,0,0,35,340,0,22,0
05-02 05:11:02,28.380,3.265,64.545,2.009,0,6409172,213216,32216,1432404,81441.522,1627.444,1808.271,365.673,27.124,21.096,3754,3648,1.390,1.570,1.420,4,0,3.014,0,0,35,343,0,22,0
05-02 05:11:03,31.764,5.502,59.026,3.001,0,6329188,287444,32264,1438112,14767.552,1620.719,4806.133,168.075,54.024,19.008,5271,7123,1.520,1.590,1.430,3,0,25.011,0,0,35,344,0,22,0
05-02 05:11:04,27.389,7.719,59.758,2.988,0,6360528,245356,32292,1448832,43955.039,1613.468,10298.305,338.629,109.556,17.927,4792,4312,1.520,1.590,1.430,2,0,45.815,0,0,35,344,0,24,0
05-02 05:11:05,29.749,3.500,64.748,0,0,6389700,206164,32332,1458812,28824.166,1619.953,9451.726,171.995,74.998,16.000,3967,3671,1.520,1.590,1.430,1,0,0,0,0,35,344,0,24,0
05-02 05:11:06,24.992,7.998,64.980,1.000,0,6337720,252936,32396,1463956,7956.586,1619.509,4474.642,291.911,41.987,26.992,4227,4362,1.520,1.590,1.430,4,0,41.987,0,0,35,344,0,24,0
05-02 05:11:07,28.142,3.985,65.996,0,0,6383180,202148,32460,1469220,21844.984,1613.793,4606.284,223.142,41.839,26.897,3627,3633,1.520,1.590,1.430,3,0,1.992,0,0,35,344,0,16,0
05-02 05:11:08,28.739,4.790,65.292,0.756,0,6342168,259856,32616,1452784,44043.773,2565.304,10067.609,738.130,80.670,50.419,4446,4157,1.480,1.580,1.420,1,0,13.109,0,0,35,344,0,17,0
05-02 05:11:09,10.745,16.243,65.722,4.248,0,6345640,248528,32780,1460476,21893.752,1619.316,7392.877,59.975,68.971,5.997,5787,5180,1.480,1.580,1.420,2,0,246.896,0,0,35,344,0,17,0
05-02 05:11:10,7.222,7.969,81.934,0.249,0,6338372,246628,32784,1469640,16917.835,1613.784,8395.661,0,69.731,0,3923,3897,1.480,1.580,1.420,0,0,117.547,0,0,35,344,0,17,0
05-02 05:11:11,17.998,5.749,74.493,0.250,0,6354476,220916,32808,1479224,12688.730,1641.836,9071.092,263.974,72.993,14.998,3210,3270,1.480,1.580,1.420,3,0,8.999,0,0,35,344,0,16,0
05-02 05:11:12,28.323,4.512,65.418,0,0,6392596,202720,32832,1459372,32330.984,1624.169,7005.982,180.463,56.144,25.064,3895,3658,1.480,1.580,1.420,2,0,0,0,0,35,344,0,16,0
05-02 05:11:13,24.526,6.257,65.819,1.752,0.250,6319204,280008,32844,1455464,32035.593,1705.789,8825.254,236.248,78.082,16.017,4347,4012,1.440,1.570,1.420,4,0,44.046,0,0,35,350,0,16,0
05-02 05:11:14,13.270,15.273,66.602,3.005,0.250,6323740,270488,33020,1460272,11296.298,1859.848,4290.570,192.294,81.124,19.029,5624,5251,1.440,1.570,1.420,1,0,155.238,0,0,35,350,0,16,0
05-02 05:11:15,14.997,17.246,64.236,1.750,0,6328632,256620,33024,1469244,15584.637,1856.599,8466.173,4331.066,70.985,580.875,6558,5355,1.440,1.570,1.420,2,0,177.962,0,0,35,350,0,16,0
05-02 05:11:16,13.761,16.514,66.305,1.251,0,6332928,241620,33072,1479900,26135.608,1621.340,9868.159,648.536,90.074,22.018,5992,5168,1.440,1.570,1.420,1,0,143.118,0,0,35,350,0,16,0
05-02 05:11:17,13.991,17.239,66.206,0.500,0,6328948,235840,33120,1489580,15145.910,1618.922,9041.977,147.901,81.945,17.988,6034,5259,1.440,1.570,1.420,1,0,150.899,0,0,35,350,0,16,0
05-02 05:11:18,21.665,7.720,65.492,2.490,0,6359780,200676,33456,1493560,16385.464,1849.715,3641.657,502.023,45.820,33.867,4238,4075,1.410,1.560,1.420,2,0,71.718,0,0,35,352,0,16,0
05-02 05:11:19,14.736,2.997,65.938,14.237,0,6367120,204272,33680,1482400,27963.862,1618.487,2353.800,575.462,143.866,73.931,3290,3522,1.410,1.560,1.420,0,1,1.998,0,0,35,352,0,16,0
05-02 05:11:20,20.319,3.763,66.726,6.522,0,6399744,209200,33928,1444600,14998.784,1863.309,2412.167,4.014,191.649,1.003,3266,3426,1.410,1.560,1.420,2,0,0,0,0,35,352,0,16,0
05-02 05:11:21,21.014,4.503,65.043,7.755,0,6424384,229232,28336,1405748,14631.681,1806.195,9606.356,1725.141,285.189,82.054,3730,4022,1.410,1.560,1.420,0,1,0,0,0,35,352,0,16,0
05-02 05:11:22,17.199,3.490,66.055,10.469,0,6441876,207272,28920,1409704,8081.089,1657.097,16255.901,127.622,466.619,15.953,3580,3855,1.410,1.560,1.420,0,1,0,0,0,35,352,0,16,0
05-02 05:11:23,23.484,3.498,65.706,5.996,0,6456724,221836,28764,1380984,15530.494,1728.830,7139.171,291.803,189.872,37.974,4003,4261,1.370,1.550,1.420,3,0,3.997,0,0,35,356,0,16,0
05-02 05:11:24,25.278,3.504,67.074,1.502,0,6350164,327672,28820,1381676,15097.588,1731.903,76.084,700.770,5.005,30.033,3354,3237,1.370,1.550,1.420,2,0,5.005,0,0,35,352,0,16,0
05-02 05:11:25,28.202,3.744,65.887,1.248,0,6392036,285088,29008,1382200,8807.912,1727.042,211.637,163.720,21.962,7.986,3290,3242,1.370,1.550,1.420,2,0,0,0,0,35,352,0,16,0
05-02 05:11:26,25.596,5.270,65.244,2.258,0,6432032,244508,29032,1382760,16038.907,1626.074,12.045,256.960,3.011,17.064,3332,3294,1.370,1.550,1.420,2,0,1.004,0,0,35,352,0,17,0
05-02 05:11:27,26.049,4.007,62.617,4.759,0,6445512,229756,29144,1383920,11900.243,1733.240,504.944,356.667,28.052,43.081,4351,4924,1.370,1.550,1.420,10,0,2.004,0,0,35,353,0,18,2
05-02 05:11:28,31.436,5.239,60.627,1.497,0,6336128,350480,29168,1372556,15803.000,1726.504,139.717,83.830,6.986,3.992,3793,3414,1.420,1.560,1.420,1,0,16.966,0,0,35,350,0,11,2
05-02 05:11:29,30.029,7.257,61.560,0.751,0,6387496,298756,29228,1372868,14368.030,1731.691,24.023,232.227,3.003,22.022,3878,4016,1.420,1.560,1.420,1,1,3.003,0,0,35,350,0,11,2
05-02 05:11:30,46.252,7.250,43.752,0.250,0,6457520,228072,29236,1373520,8670.388,1620.072,524.023,120.005,7.000,1.000,4264,3330,1.420,1.560,1.420,2,0,6.000,0,0,35,350,0,11,2
05-02 05:11:31,42.659,10.727,45.403,0.748,0,6439564,240752,29260,1378772,29610.700,2362.949,4801.735,331.292,45.902,18.959,4986,3896,1.420,1.560,1.420,3,0,88.810,0,0,35,350,0,11,2
05-02 05:11:32,12.473,16.714,64.859,3.243,0,6396380,273444,29492,1389032,79830.450,1616.486,10233.752,303.341,94.794,7.983,5811,4944,1.420,1.560,1.420,1,0,221.518,0,0,35,350,0,11,2
05-02 05:11:33,12.762,14.763,65.559,5.755,0,6380220,278076,30280,1399772,16050.496,1621.464,10909.853,128.116,146.132,2.002,5251,4593,1.390,1.550,1.420,1,0,187.169,0,0,35,350,0,11,2
05-02 05:11:34,18.568,7.778,66.492,5.269,0,6392832,252344,30400,1412772,12695.214,1625.919,12674.137,0,300.092,0,4436,4447,1.390,1.550,1.420,1,0,89.325,0,0,35,350,0,11,2
05-02 05:11:35,10.198,2.985,65.418,18.407,0,6384224,250824,31932,1421368,18275.192,1611.815,9364.444,0,201.974,0,2947,3286,1.390,1.550,1.420,0,1,14.924,0,0,35,350,0,11,2
05-02 05:11:36,26.102,4.769,67.513,1.255,0,6402412,221960,31964,1432012,15267.527,1626.341,10043.158,0,103.403,0,3469,3211,1.390,1.550,1.420,2,0,18.070,0,0,35,350,0,11,2
05-02 05:11:37,19.003,2.250,69.761,6.751,0,6405924,204932,32548,1444944,15020.456,3730.610,11825.934,520.085,132.022,35.006,3287,3642,1.390,1.550,1.420,1,0,0,0,0,35,351,0,11,2
05-02 05:11:38,20.407,3.733,65.451,7.715,0,6364780,242876,34244,1447280,8815.719,1785.840,11192.858,796.361,142.350,18.914,3189,3171,1.360,1.540,1.410,2,0,0.995,0,0,35,350,0,12,2
05-02 05:11:39,26.538,4.256,66.095,1.502,0.501,6367648,228032,34460,1459040,19699.292,1622.330,10074.469,416.598,88.127,10.014,3587,3328,1.360,1.540,1.410,1,0,3.004,0,0,35,350,0,12,2
05-02 05:11:40,22.943,3.741,71.072,0.748,0,6385204,213680,34312,1456688,22404.986,4615.461,9599.999,247.382,96.758,6.983,3342,3138,1.360,1.540,1.410,2,1,15.960,0,0,35,351,0,9,2
05-02 05:11:41,25.802,4.509,66.383,1.503,0,6365496,229760,34884,1460128,18532.217,1635.284,10032.147,881.771,80.161,13.026,3403,3115,1.360,1.540,1.410,0,1,2.004,0,0,35,350,0,9,2
05-02 05:11:42,19.013,6.254,62.294,8.756,0,6370388,204556,36236,1479248,12220.580,1621.138,19497.689,320.225,402.282,12.008,10643,19020,1.360,1.540,1.410,2,0,12.008,0,0,35,350,0,9,2
05-02 05:11:43,13.750,5.500,66.501,11.750,0,6367772,205760,41188,1476152,18443.236,1620.021,14704.188,180.002,891.011,11.000,4011,4581,1.410,1.550,1.420,1,0,0,0,0,35,350,0,9,2
05-02 05:11:44,12.740,2.248,79.939,2.248,0,6350580,211924,41548,1486820,20404.462,4559.528,10256.190,487.629,154.882,28.978,3235,3855,1.410,1.550,1.420,0,0,0,0,0,35,351,0,9,2
05-02 05:11:45,14.289,3.259,75.205,5.264,0,6352720,211912,42248,1484184,13789.585,3372.191,11082.206,300.820,153.418,9.025,3000,3450,1.410,1.550,1.420,2,0,8.022,0,0,35,351,0,9,2
05-02 05:11:46,33.128,10.213,54.052,0,0,6381364,218372,38888,1453772,7176.653,1614.074,9692.417,2718.022,75.722,396.544,12410,28695,1.410,1.550,1.420,1,0,40.850,0,0,35,351,0,10,2
05-02 05:11:47,25.152,5.785,65.897,1.761,0,6358540,230716,38988,1464152,16170.513,1629.828,9807.140,917.533,78.473,33.200,3723,3651,1.410,1.550,1.420,4,0,7.042,0,0,35,351,0,10,2
05-02 05:11:48,24.404,3.486,65.244,4.731,0,6361444,212212,39336,1479404,11292.694,1613.669,9940.997,1183.357,96.621,43.828,3559,3529,1.460,1.560,1.420,0,1,0.996,0,0,35,351,0,9,2
05-02 05:11:49,16.744,14.495,65.976,1.499,0,6330348,245492,39348,1477216,16461.896,1793.335,9736.390,443.835,78.971,3.999,5727,5441,1.460,1.560,1.420,2,0,268.900,0,0,35,350,0,9,2
05-02 05:11:50,24.981,4.996,68.449,0,0,6369960,208872,38972,1475800,11846.207,1618.798,9720.784,7.994,75.944,1.999,3302,3329,1.460,1.560,1.420,2,0,0,0,0,35,350,0,9,2
05-02 05:11:51,27.280,2.252,68.825,0.250,0,6386132,216056,37960,1455760,16572.050,1501.636,9982.873,156.170,81.088,32.035,3124,2935,1.460,1.560,1.420,2,0,0,0,0,35,350,0,9,2
05-02 05:11:52,26.462,3.245,67.153,1.747,0,6386544,218064,37668,1453820,12387.176,1617.672,9666.091,139.799,81.882,5.991,3537,3475,1.460,1.560,1.420,3,0,0,0,0,35,353,0,11,2
05-02 05:11:53,20.752,9.501,65.255,2.500,0,6343124,257208,37668,1458096,9307.780,1714.144,4816.404,0,44.004,0,4561,4104,1.420,1.550,1.420,4,0,156.013,0,0,35,350,0,12,2
05-02 05:11:54,24.783,5.507,68.341,0.250,0,6370556,229488,37748,1458304,9052.022,1622.154,64.085,248.330,1.001,30.040,3014,3044,1.420,1.550,1.420,2,0,0,0,0,35,350,0,12,2
05-02 05:11:55,27.449,3.244,68.124,0.250,0,6389400,210612,37764,1458320,16264.804,1616.998,35.933,1345.502,4.991,112.791,3415,3061,1.420,1.550,1.420,2,0,0,0,0,35,350,0,12,2
05-02 05:11:56,22.013,8.255,68.039,0,0,6348720,251184,37780,1458428,15608.902,1620.924,8.005,220.126,2.001,14.008,3738,3444,1.420,1.550,1.420,4,0,70.040,0,0,35,350,0,12,2
05-02 05:11:57,26.771,3.253,67.803,0.250,0,6387488,212376,37868,1458380,15692.230,1621.264,36.028,228.178,3.002,34.027,3424,3464,1.420,1.550,1.420,3,0,0,0,0,35,350,0,12,2
05-02 05:11:58,26.096,6.775,65.241,0.753,0,6326368,306448,34944,1428740,14261.590,1625.996,64.237,345.273,4.015,21.078,3799,3426,1.390,1.540,1.420,2,0,56.207,0,0,35,350,0,12,2
05-02 05:11:59,24.881,4.976,68.174,0,0,6375980,256804,34976,1428740,15782.418,1612.279,0,95.542,0,11.943,3191,3197,1.390,1.540,1.420,3,0,0.995,0,0,35,350,0,12,2
05-02 05:12:00,26.291,2.754,68.857,0.751,0,6391252,241432,34976,1428840,15615.215,1622.516,92.143,228.354,7.011,2.003,3225,3022,1.390,1.540,1.420,1,0,0,0,0,35,350,0,14,2
05-02 05:12:01,22.315,6.519,69.703,0,0,6399948,232732,34976,1428844,9699.316,1462.269,0,76.223,0,1.003,3180,2963,1.390,1.540,1.420,2,0,32.094,0,0,35,350,0,14,2
05-02 05:12:02,25.904,3.487,68.497,0,0,6382144,287088,34696,1392704,80921.526,1614.047,0,87.677,0,3.985,3211,2752,1.390,1.540,1.420,3,0,1.993,0,0,35,350,0,14,2
05-02 05:12:03,26.739,6.997,63.973,1.000,0,6320588,348352,34800,1392892,12519.679,1619.312,159.932,755.679,8.996,53.977,5416,6745,1.440,1.550,1.420,2,0,52.977,0,0,35,350,0,15,2
05-02 05:12:04,26.257,6.002,66.017,0,0,6374796,293964,34844,1393028,8999.260,1620.407,0,272.068,0,17.004,3721,3769,1.440,1.550,1.420,1,0,1.000,0,0,35,350,0,15,2
05-02 05:12:05,34.804,5.008,58.089,1.252,0,6391884,276196,34992,1393560,15394.678,1622.495,628.967,332.511,30.046,15.023,4572,4637,1.440,1.550,1.420,5,0,0,0,0,35,350,0,16,2
05-02 05:12:06,23.477,5.495,68.433,0,0,6357040,311000,35000,1393592,11281.973,1618.418,0,27.973,0,2.997,3476,3276,1.440,1.550,1.420,1,0,31.969,0,0,35,350,0,16,2
05-02 05:12:07,26.710,3.495,68.148,0,0,6392608,275228,35048,1393748,16327.677,1617.590,15.976,155.768,0.999,17.973,3297,3113,1.440,1.550,1.420,3,0,0,0,0,35,350,0,16,2
05-02 05:12:08,23.387,7.041,67.142,2.012,0,6310788,356808,35216,1393820,11592.677,1629.513,116.681,1199.000,8.047,91.534,4399,4634,1.400,1.540,1.420,2,0,88.517,0,0,35,350,0,17,2
05-02 05:12:09,6.991,5.993,70.163,14.732,0,6321988,343900,35968,1394776,9183.559,2170.296,1637.959,87.891,280.650,9.988,3594,3940,1.400,1.540,1.420,1,1,92.884,0,0,35,351,0,16,2
05-02 05:12:10,3.734,1.743,90.371,1.992,0,6328892,336592,36040,1395108,19064.142,2690.729,266.882,195.182,32.862,12.946,2041,2811,1.400,1.540,1.420,0,0,0,0,0,35,351,0,16,2
05-02 05:12:11,6.280,8.038,83.146,0.251,0,6332844,332568,36088,1395132,24707.694,4174.887,8.038,184.881,2.010,18.086,3666,3749,1.400,1.540,1.420,0,0,125.598,0,0,35,351,0,16,2
05-02 05:12:12,4.731,1.245,91.386,0,0,6331068,334252,36120,1395192,29925.813,3114.595,15.937,175.302,0.996,11.952,2235,2896,1.400,1.540,1.420,1,0,0.996,0,0,35,350,0,16,3
05-02 05:12:13,11.507,12.758,68.792,4.753,0,6334084,330592,36320,1395636,18528.198,1795.085,564.341,272.164,68.041,13.008,4977,4543,1.370,1.530,1.420,1,0,207.125,0,0,35,350,0,16,2
05-02 05:12:14,17.986,2.998,68.947,8.244,0,6356008,307156,36572,1396896,25031.917,1618.766,1450.894,123.906,179.863,12.990,3186,3398,1.370,1.530,1.420,0,1,2.998,0,0,35,350,0,16,2
05-02 05:12:15,18.592,5.025,68.588,6.281,0,6355500,292540,37224,1411368,15706.309,1628.013,7115.021,1129.560,563.775,25.124,3798,4438,1.370,1.530,1.420,1,0,3.015,0,0,35,350,0,16,2
05-02 05:12:16,21.642,2.239,71.643,1.244,0,6369268,275656,37628,1414080,13327.543,2877.651,266.670,0,13.931,0,2877,2824,1.370,1.530,1.420,0,0,15.921,0,0,35,351,0,16,2
05-02 05:12:17,18.505,2.501,74.519,3.251,0,6357804,280980,37928,1419920,15483.004,4836.251,2908.752,4213.090,37.010,478.124,3266,3304,1.370,1.530,1.420,1,0,2.001,0,0,35,350,0,16,2
05-02 05:12:18,12.966,6.234,67.821,10.223,0,6346072,288676,38372,1423512,16794.741,1615.742,1982.775,3179.621,37.900,111.706,4161,4457,1.500,1.550,1.420,1,0,66.824,0,0,35,350,0,16,2
05-02 05:12:19,14.849,15.101,68.206,1.007,0,6350612,283992,38436,1423592,14512.967,1630.897,4.027,430.879,1.007,29.195,5361,5128,1.500,1.550,1.420,1,0,237.587,0,0,35,350,0,16,2
05-02 05:12:20,24.650,4.482,69.469,0,0,6395460,239144,38436,1423592,14730.469,1613.479,0,4681.082,0,21.911,2842,2579,1.500,1.550,1.420,1,0,0,0,0,35,350,0,16,2
05-02 05:12:21,26.724,2.498,68.684,0,0,6406216,228380,38436,1423600,12319.134,1456.597,0,0,0,0,3264,3091,1.500,1.550,1.420,1,0,0,0,0,35,350,0,17,2
05-02 05:12:22,22.509,7.253,68.528,0.250,0,6371360,263208,38452,1423612,16646.710,1620.653,0,248.100,0,6.002,3473,3179,1.500,1.550,1.420,2,0,47.019,0,0,35,350,0,17,2
05-02 05:12:23,25.262,4.002,68.033,0.500,0,6406360,227968,38604,1423700,16976.312,1620.794,0,1652.809,0,98.048,3298,3321,1.460,1.540,1.420,1,0,0,0,0,35,350,0,17,2
05-02 05:12:24,18.509,2.001,69.035,8.254,0,6329900,303704,38628,1424400,9161.645,1620.822,724.367,52.026,45.023,6.003,2868,3014,1.460,1.540,1.420,1,0,2.001,0,0,35,350,0,18,2
05-02 05:12:25,23.989,5.747,68.718,0,0,6382176,251368,38652,1424436,12734.054,1619.244,3.998,147.931,1.000,10.995,3075,2990,1.460,1.540,1.420,1,0,11.994,0,0,35,350,0,18,2
05-02 05:12:26,26.997,3.250,68.743,0.250,0,6406604,226936,38660,1424432,19214.164,1619.845,4.000,1607.846,1.000,76.993,3127,2628,1.460,1.540,1.420,1,0,0,0,0,35,350,0,19,2
05-02 05:12:27,18.306,4.263,62.690,13.040,0,6404628,225172,39192,1427640,18068.901,1624.937,3217.777,2463.485,157.478,236.719,5519,7931,1.460,1.540,1.420,2,0,1.003,0,0,35,351,0,19,2
05-02 05:12:28,29.377,7.718,59.253,1.494,0,6366484,258208,39348,1432592,18189.137,1655.097,3915.669,545.724,187.219,64.730,5233,6268,1.500,1.550,1.430,1,0,8.963,0,0,35,350,0,19,2
05-02 05:12:29,33.031,4.754,60.557,0,0,6415360,199244,39396,1442632,15193.210,1663.556,9532.916,184.172,92.086,20.019,3969,3763,1.500,1.550,1.430,2,0,3.003,0,0,35,350,0,17,1
05-02 05:12:30,45.452,8.741,41.706,1.998,0,6431684,216228,38728,1410260,16078.849,1618.274,10520.778,279.702,87.906,21.977,4981,4188,1.500,1.550,1.430,3,1,4.995,0,0,35,351,0,17,1
05-02 05:12:31,45.014,9.503,42.764,3.001,0,6446768,220344,38828,1391264,15001.758,1620.514,10571.353,784.249,111.035,107.034,6544,7778,1.500,1.550,1.430,2,0,4.001,0,0,35,350,0,17,1
05-02 05:12:32,16.351,20.879,61.127,0,0,6370752,286168,38844,1401440,74400.019,1467.051,10050.005,599.700,79.490,53.329,6677,5873,1.500,1.550,1.430,1,0,366.260,0,0,35,350,0,17,1
05-02 05:12:33,10.736,21.971,64.915,0,0,6360348,286084,38860,1411912,15652.542,1617.885,9843.135,215.718,76.899,16.978,7026,6457,1.460,1.540,1.420,3,0,462.396,0,0,35,350,0,17,1
05-02 05:12:34,12.258,24.016,62.292,0.500,0,6350048,285824,39188,1422144,11801.026,1621.103,9766.642,3926.671,78.053,239.163,7655,7896,1.460,1.540,1.420,2,0,448.305,0,0,35,350,0,17,1
05-02 05:12:35,11.741,21.984,64.202,0,0,6340652,284728,39244,1432580,10261.335,1618.791,9740.724,303.773,77.942,28.978,7096,6899,1.460,1.540,1.420,2,0,447.666,0,0,35,350,0,17,1
05-02 05:12:36,10.254,23.259,64.775,0,0,6345380,269620,39268,1442936,16604.476,1620.632,9859.845,540.211,77.030,29.011,7005,6466,1.460,1.540,1.420,1,0,463.181,0,0,35,350,0,17,1
05-02 05:12:37,11.483,22.716,63.654,0.499,0,6346008,258552,39380,1453264,14740.816,1617.566,9729.358,3015.462,76.884,425.360,7574,6955,1.460,1.540,1.420,1,0,453.318,0,0,35,350,0,17,1
05-02 05:12:38,11.008,22.266,64.547,0,0,6352584,241596,39404,1463620,21376.531,1621.178,9739.076,420.305,77.056,33.024,7053,6469,1.420,1.530,1.420,1,0,440.320,0,0,35,350,0,18,1
05-02 05:12:39,11.521,22.792,64.869,0,0.501,6345572,238196,39420,1474016,17130.433,1622.978,9874.118,132.243,77.142,13.024,7039,6521,1.420,1.530,1.420,4,0,463.851,0,0,35,350,0,18,1
05-02 05:12:40,10.182,14.652,66.059,6.457,0,6354572,217648,39588,1485396,9942.551,1609.245,10668.698,218.539,103.310,10.927,5165,4815,1.420,1.530,1.420,1,0,219.533,0,0,35,350,0,18,1
05-02 05:12:41,17.290,5.262,65.401,9.773,0,6361628,227700,39600,1470292,17066.341,1623.743,10788.871,312.721,194.448,22.051,3710,4041,1.420,1.530,1.420,1,0,39.090,0,0,35,350,0,17,1
05-02 05:12:42,17.068,6.777,66.015,8.785,0,6383112,216468,39952,1466240,16491.114,1463.869,16662.802,2819.303,612.455,35.141,3987,4528,1.420,1.530,1.420,1,1,3.012,0,0,35,350,0,17,1
05-02 05:12:43,27.995,3.749,66.238,0.250,0,6386820,208196,40136,1470620,8426.476,1619.707,10006.190,7.999,87.984,2.000,3485,3364,1.390,1.520,1.420,1,0,1.000,0,0,35,350,0,17,1
05-02 05:12:44,24.141,3.733,69.186,1.244,0,6383204,226436,40312,1455816,21292.459,3605.652,10006.630,1130.873,95.567,21.901,3615,3575,1.390,1.520,1.420,1,0,15.928,0,0,35,351,0,17,1
05-02 05:12:45,13.236,2.497,75.421,6.243,0,6391056,207728,41044,1465940,17067.227,5689.076,10876.673,639.334,149.844,23.975,2900,3206,1.390,1.520,1.420,2,0,0,0,0,35,351,0,17,1
05-02 05:12:46,17.263,6.005,70.053,4.754,0,6392232,249776,40928,1422840,18345.826,3231.435,6685.038,10856.182,79.060,68.051,4002,9611,1.390,1.520,1.420,2,0,36.027,0,0,35,351,0,18,1
05-02 05:12:47,9.503,2.001,84.279,1.751,0,6390200,248148,41256,1426172,19347.614,4770.631,3309.131,444.152,72.025,28.010,2857,3508,1.390,1.520,1.420,3,0,0,0,0,35,351,0,18,1
05-02 05:12:48,9.742,1.749,83.431,1.998,0,6389544,247080,41492,1427656,15085.571,4085.634,1634.653,1418.831,49.959,189.844,2536,3060,1.280,1.500,1.410,1,0,0,0,0,35,351,0,18,1
05-02 05:12:49,11.752,2.750,80.512,3.751,0,6390784,241604,41912,1431472,23825.528,7919.173,4020.595,764.113,122.018,25.004,2963,3447,1.280,1.500,1.410,0,0,1.000,0,0,35,351,0,18,1
05-02 05:12:50,14.509,1.501,78.298,2.502,0,6397268,233476,42176,1432844,21029.946,6378.927,1288.793,628.387,77.047,19.012,2858,3287,1.280,1.500,1.410,1,0,0,0,0,35,351,0,17,1
05-02 05:12:51,22.505,2.751,68.765,4.501,0,6418164,210672,42456,1434472,20592.585,5519.229,1748.389,4577.019,83.018,43.010,3311,3435,1.280,1.500,1.410,1,0,0,0,0,35,351,0,17,1
05-02 05:12:52,10.975,2.494,81.816,2.494,0,6416508,205380,42860,1441012,20150.748,5557.520,6780.773,794.216,115.740,44.899,2830,3332,1.280,1.500,1.410,1,0,0,0,0,35,351,0,17,1
05-02 05:12:53,17.782,2.505,75.387,2.254,0,6418660,217184,43252,1426664,26303.938,8670.802,10543.215,901.643,179.327,31.057,3167,3270,1.260,1.490,1.410,1,0,0,0,0,35,351,0,17,1
05-02 05:12:54,21.499,3.000,70.996,2.750,0,6434088,213544,41552,1416568,27694.496,8841.520,10727.418,1019.945,191.990,35.998,3370,3324,1.260,1.490,1.410,4,0,0,0,0,35,351,0,14,1
05-02 05:12:55,15.251,3.500,67.753,11.000,0,6430848,208016,42244,1424640,13176.513,4823.188,18804.732,428.017,380.015,14.001,3366,3696,1.260,1.490,1.410,2,1,0,0,0,35,351,0,14,1
05-02 05:12:56,18.751,3.500,66.253,9.500,0,6441288,217152,42116,1405192,8154.315,1620.063,3912.151,4768.184,76.003,191.007,3156,3334,1.260,1.490,1.410,2,0,1.000,0,0,35,351,0,15,1
05-02 05:12:57,28.599,4.516,62.968,2.760,0,6433812,209892,43380,1418728,16414.825,1625.628,1850.406,2283.906,21.073,67.233,4133,4481,1.260,1.490,1.410,1,0,0,0,0,35,351,0,15,1
05-02 05:12:58,29.644,4.733,61.529,1.744,0,6447984,228028,43624,1386292,15012.154,1614.210,653.655,1203.683,6.975,48.825,3761,3700,1.240,1.480,1.410,1,0,0.996,0,0,35,351,0,14,1
05-02 05:12:59,30.191,3.743,65.122,0.250,0,6475244,212904,43808,1373964,16736.196,1616.831,487.045,746.537,6.986,23.953,3878,3916,1.240,1.480,1.410,1,0,0.998,0,0,35,351,0,14,1
05-02 05:13:00,27.306,3.507,66.387,1.002,0,6457852,210072,44624,1393356,12307.356,1623.344,665.371,1948.013,8.017,90.186,3651,3978,1.240,1.480,1.410,1,0,0,0,0,35,351,0,14,1
05-02 05:13:01,27.244,2.999,66.734,1.000,0,6453320,204528,45452,1402564,16659.119,1457.660,3.999,1879.562,1.000,76.982,3634,3849,1.240,1.480,1.410,1,0,0,0,0,35,351,0,14,1
05-02 05:13:02,26.769,3.502,67.047,0.500,0,6453416,215016,46136,1391248,77428.507,1621.141,1661.169,1657.167,18.013,63.044,3707,3772,1.240,1.480,1.410,2,0,2.001,0,0,35,351,0,12,1
05-02 05:13:03,28.236,3.998,66.218,0.750,0.250,6457196,202736,46860,1398952,9661.381,1619.226,51.975,1571.249,1.000,53.974,3539,3650,1.220,1.470,1.400,1,0,5.997,0,0,35,351,0,12,1
05-02 05:13:04,28.753,4.000,65.756,1.250,0,6368192,301508,46860,1389180,9388.915,1794.175,7936.774,24.002,63.006,2.000,3383,3139,1.220,1.470,1.400,1,0,2.000,0,0,35,350,0,12,1
05-02 05:13:05,25.843,5.520,66.238,0,0,6406032,253568,46888,1399252,18175.351,2054.387,9891.566,84.303,77.278,1.004,4871,5750,1.220,1.470,1.400,1,0,33.119,0,0,35,351,0,12,1
05-02 05:13:06,16.191,2.740,79.214,0.249,0,6411996,238132,46900,1408712,20169.060,3287.112,8349.803,454.357,67.755,2.989,3530,4003,1.220,1.470,1.400,2,0,0.996,0,0,35,351,0,7,1
05-02 05:13:07,31.013,4.502,62.026,0.250,0,6404680,234496,47136,1419396,15779.705,1794.763,4910.086,1784.758,42.018,44.019,4435,4368,1.220,1.470,1.400,1,0,3.001,0,0,35,350,0,9,1
05-02 05:13:08,21.764,4.003,71.545,0.500,0.250,6415840,217800,47348,1424708,18376.593,4687.958,5271.326,2917.841,45.028,187.118,3576,3769,1.200,1.460,1.400,1,0,16.010,0,0,35,351,0,10,1
05-02 05:13:09,29.614,5.772,62.239,0.502,0,6399288,218956,47816,1439572,18726.955,1800.920,9508.535,1072.119,81.312,25.096,10491,17825,1.200,1.460,1.400,1,0,7.027,0,0,35,350,0,10,1
05-02 05:13:10,23.250,5.500,68.499,1.750,0,6391352,219048,47896,1447320,14288.894,1619.988,7455.945,1359.990,65.000,9.000,3700,4096,1.200,1.460,1.400,1,0,9.000,0,0,35,350,0,9,1
05-02 05:13:11,26.434,6.983,64.091,0.249,0,6401976,206848,47932,1448860,10244.509,1454.381,7593.106,1169.091,61.846,31.921,10558,18934,1.200,1.460,1.400,3,0,11.970,0,0,35,350,0,9,1
05-02 05:13:12,24.907,10.212,62.018,0,0,6358700,258520,47944,1440492,16700.506,1613.961,9819.256,111243.723,76.713,454.300,4393,3876,1.200,1.460,1.400,3,0,7.970,0,0,35,350,0,9,1
05-02 05:13:13,20.770,4.004,66.563,7.007,0,6376260,234560,47960,1446904,13299.608,1621.537,6542.202,1585.503,127.121,251.238,3420,3390,1.180,1.460,1.400,0,1,9.009,0,0,35,350,0,9,1
05-02 05:13:14,22.268,5.004,64.801,4.253,0,6389432,211944,47996,1456312,8673.822,1621.275,9351.355,164.129,92.072,16.013,6987,10551,1.180,1.460,1.400,2,0,45.035,0,0,35,350,0,9,1
05-02 05:13:15,28.339,6.270,63.951,0,0,6395828,209336,47784,1452736,15633.048,1625.099,2796.775,0,27.085,0,8330,13727,1.180,1.460,1.400,2,0,20.063,0,0,35,350,0,9,1
05-02 05:13:16,24.491,3.749,70.973,0,0,6416748,216064,46364,1426508,16768.591,3724.577,9724.284,491.812,75.971,16.994,3324,3197,1.180,1.460,1.400,3,0,15.994,0,0,35,351,0,9,1
05-02 05:13:17,26.916,4.984,65.546,0.498,0,6412480,223872,46660,1422668,15881.497,1788.425,9713.722,10981.770,76.761,55.826,3806,3707,1.180,1.460,1.400,1,0,2.991,0,0,35,350,0,9,1
05-02 05:13:18,17.495,3.499,76.980,0.250,0,6418860,208216,46688,1431928,12551.759,2695.304,8845.716,303.922,71.981,10.997,3022,3113,1.090,1.430,1.390,0,0,15.996,0,0,35,351,0,9,1
05-02 05:13:19,14.009,3.002,80.801,0,0,6425520,217768,46348,1416056,18217.405,3545.219,876.549,192.120,7.004,13.008,2843,3167,1.090,1.430,1.390,2,0,1.001,0,0,35,351,0,9,1
05-02 05:13:20,28.066,6.515,63.148,0.501,0,6411656,227292,46444,1420300,22331.318,1798.213,0,825.935,0,13.031,10839,19171,1.090,1.430,1.390,1,0,14.033,0,0,35,350,0,9,1
05-02 05:13:21,26.489,6.747,63.223,0,0,6415276,223580,46444,1420392,11897.902,1457.376,0,83.964,0,1.000,11573,20126,1.090,1.430,1.390,1,0,9.996,0,0,35,350,0,9,1
05-02 05:13:22,25.823,6.769,66.938,0,0,6404068,225404,46468,1429752,7788.905,1624.569,9097.585,545.534,73.206,8.023,3530,3353,1.090,1.430,1.390,1,0,10.028,0,0,35,350,0,8,1
05-02 05:13:23,25.332,4.470,67.305,0,0,6378708,253060,46488,1427436,15537.201,1609.352,9664.060,214.580,75.500,10.928,3520,3377,1.080,1.430,1.390,2,0,5.961,0,0,35,350,0,8,1
05-02 05:13:24,27.105,5.020,66.007,0,0,6372076,257356,46504,1429760,15172.978,1626.322,2248.741,497.935,20.078,6.023,3845,3612,1.080,1.430,1.390,1,0,64.250,0,0,35,350,0,8,1
05-02 05:13:25,27.283,4.005,65.831,2.002,0,6410812,217748,46548,1430588,15357.830,1621.989,12.015,212.260,3.004,14.017,3952,3963,1.080,1.430,1.390,4,0,48.059,0,0,35,350,0,8,1
05-02 05:13:26,27.991,4.749,65.230,0,0,6410184,209860,46548,1439104,11935.311,1619.499,0,23.993,0,5.998,3528,3422,1.080,1.430,1.390,2,0,1.000,0,0,35,350,0,7,1
05-02 05:13:27,25.363,3.232,69.374,0.497,0,6408796,209680,46636,1440584,12564.915,2747.114,55.698,1269.123,2.984,44.757,3618,4058,1.080,1.430,1.390,2,0,16.908,0,0,35,351,0,7,1
05-02 05:13:28,16.852,4.024,77.216,0.755,0,6438684,220560,46472,1399980,23204.109,6594.820,0,897.419,0,39.237,3037,3213,1.230,1.450,1.400,1,0,1.006,0,0,35,351,0,7,1
05-02 05:13:29,19.920,3.486,72.707,1.494,0,6437732,221336,46560,1400068,22377.887,9501.738,15.936,2235.000,0.996,268.917,3458,3753,1.230,1.450,1.400,1,0,2.988,0,0,35,351,0,7,1
05-02 05:13:30,30.242,5.499,62.234,0.250,0,6439532,219196,46612,1400356,34299.329,7879.008,519.869,823.792,5.998,23.994,3794,3481,1.230,1.450,1.400,2,0,3.999,0,0,35,351,0,7,1
05-02 05:13:31,28.671,5.734,63.575,0.249,0,6446616,212188,46796,1400096,57942.053,5050.060,263.273,650.205,3.989,29.917,3726,3418,1.230,1.450,1.400,3,1,4.986,0,0,35,352,0,7,1
05-02 05:13:32,17.858,2.767,76.967,1.258,0,6407892,244052,46864,1406888,182348.241,8402.018,6817.396,845.132,59.360,38.232,3347,3290,1.230,1.450,1.400,1,0,1.006,0,0,35,352,0,7,1
05-02 05:13:33,21.180,2.741,74.503,0.249,0,6431728,210472,46928,1416568,23392.575,6350.979,9695.908,637.889,75.749,18.937,3047,3002,1.300,1.460,1.400,1,0,0,0,0,35,352,0,7,1
05-02 05:13:34,20.511,2.001,75.041,0.250,0,6426936,205216,47008,1426536,17320.482,7960.358,9733.328,688.377,76.042,21.012,3131,3185,1.300,1.460,1.400,0,0,0,0,0,35,352,0,7,1
05-02 05:13:35,17.247,3.000,77.737,0.500,0,6430688,212000,47084,1415920,20885.546,8699.561,7106.825,967.840,55.991,29.995,2990,3172,1.300,1.460,1.400,2,0,0,0,0,35,352,0,7,1
05-02 05:13:36,18.229,2.247,74.663,1.998,0,6448628,207576,47036,1402452,303517.902,17285.890,8897.649,902.950,76.911,24.971,3433,3235,1.300,1.460,1.400,0,0,0,0,0,35,352,0,7,1
05-02 05:13:37,11.771,2.755,80.146,2.254,0,6446056,216852,47472,1395308,78235.205,13507.552,9841.889,1979.598,94.171,102.186,3455,3960,1.300,1.460,1.400,2,0,0,0,0,35,352,0,7,1
05-02 05:13:38,10.742,2.498,81.940,1.749,0,6444964,207728,47832,1405164,56527.604,9551.006,9920.735,1307.043,93.931,60.955,2939,3315,1.350,1.470,1.400,0,0,0,0,0,35,352,0,8,1
05-02 05:13:39,20.090,2.511,75.337,0.753,0,6442656,211652,47588,1403792,21870.900,8009.854,10032.910,859.849,90.405,34.153,3203,3203,1.350,1.470,1.400,1,0,1.004,0,0,35,352,0,7,1
05-02 05:13:40,12.448,2.739,80.664,0.747,0.249,6448964,204960,47556,1404208,2171464.495,86255.170,9691.682,2023.582,76.681,22.905,6433,5018,1.350,1.470,1.400,1,0,1.992,0,0,35,352,0,7,1
05-02 05:13:41,7.496,2.499,86.952,0.250,0,6444252,211372,47400,1402664,2812672.051,64270.857,9394.863,0,75.958,0,5953,4359,1.350,1.470,1.400,1,0,0,0,0,35,352,0,7,1
05-02 05:13:42,8.002,4.251,81.519,3.501,0,6448288,223716,46888,1386488,1408192.968,37395.922,20076.790,4685.118,130.031,43.010,4576,4329,1.350,1.470,1.400,0,0,2.000,0,0,35,352,0,7,1
05-02 05:13:43,8.494,1.999,84.193,1.499,0,6448204,205776,47036,1404196,1077088.506,21409.539,10049.213,2034.626,89.939,35.976,4027,3874,1.240,1.450,1.400,1,0,0,0,0,35,352,0,7,1
05-02 05:13:44,10.740,3.497,80.676,2.498,0,6443988,212580,47296,1401348,321116.260,9400.401,9902.941,1194.907,81.925,54.950,3618,4038,1.240,1.450,1.400,1,0,0,0,0,35,352,0,7,1
05-02 05:13:45,27.272,4.754,65.553,1.001,0,6464272,204944,48772,1387116,12327.945,1621.308,9968.041,3206.587,80.065,271.219,3804,3687,1.240,1.450,1.400,1,0,1.001,0,0,35,352,0,7,1
05-02 05:13:46,34.306,7.011,56.342,0.501,0,6460212,235552,51084,1358244,15867.976,1622.656,10000.370,2656.348,112.184,43.071,4622,12474,1.240,1.450,1.400,1,0,36.059,0,0,35,352,0,8,1
05-02 05:13:47,28.129,3.516,66.304,0.502,0,6463968,206648,51568,1382892,13531.137,1627.474,9788.952,10548.440,77.355,296.361,3856,3852,1.240,1.450,1.400,3,0,0,0,0,35,352,0,7,1
05-02 05:13:48,27.595,3.978,65.384,0.249,0,6476156,216780,51748,1360644,15144.125,1610.971,9673.784,1093.869,75.576,40.771,3536,3432,1.220,1.440,1.390,2,0,0,0,0,35,352,0,7,1
05-02 05:13:49,27.034,4.756,66.334,0.751,0.250,6456544,217908,52620,1378256,13445.102,1622.063,9868.553,1618.058,77.098,76.097,3848,3948,1.220,1.440,1.390,1,0,1.001,0,0,35,352,0,7,1
05-02 05:13:50,26.228,8.493,62.948,0.749,0,6457000,206988,53196,1388120,8686.850,1618.668,9719.999,127802.801,75.937,652.463,4469,4153,1.220,1.440,1.390,1,0,0,0,0,35,352,0,7,1
05-02 05:13:51,27.485,3.748,65.465,0.750,0,6457908,202548,54020,1390816,8608.441,1457.228,9594.919,2078.899,75.960,148.921,3710,3684,1.220,1.440,1.390,1,0,0,0,0,35,352,0,7,1
05-02 05:13:52,29.011,3.751,65.524,0,0,6458544,206588,55312,1384864,19238.072,1620.596,9731.577,1728.635,76.028,31.011,3677,3441,1.220,1.440,1.390,4,0,0,0,0,35,352,0,7,1
05-02 05:13:53,29.158,3.987,65.295,0.249,0,6461948,204576,55616,1383148,20026.094,1708.633,9621.776,841.357,106.665,20.934,3709,3396,1.210,1.430,1.390,5,0,0,0,0,35,352,0,7,1
05-02 05:13:54,30.079,4.512,63.418,1.003,0,6463668,226188,56564,1358868,16178.734,1624.290,2278.017,2113.583,19.050,90.238,3788,3736,1.210,1.430,1.390,2,0,0,0,0,35,352,0,7,1
05-02 05:13:55,20.764,2.502,73.299,2.001,0,6463888,215140,57348,1368892,20059.322,2114.404,8.005,1833.217,2.001,68.045,3126,3283,1.210,1.430,1.390,1,0,0,0,0,35,353,0,7,1
05-02 05:13:56,11.486,2.247,82.647,1.498,0,6456100,258224,57380,1333984,24632.430,3712.393,71.911,7582.590,7.990,25.968,2430,2663,1.210,1.430,1.390,1,0,0,0,0,35,350,0,8,1
05-02 05:13:57,26.642,3.016,67.106,2.011,0,6378672,335484,57472,1334056,16762.048,1628.652,12.064,695.696,3.016,40.214,3355,3360,1.210,1.430,1.390,1,0,2.011,0,0,35,350,0,8,1
05-02 05:13:58,18.417,3.982,75.909,0.249,0,6398216,315916,57516,1334036,13306.297,2879.082,3.982,593.338,0.996,24.888,2713,2711,1.110,1.410,1.380,3,0,32.853,0,0,35,351,0,8,1
05-02 05:13:59,23.999,3.250,70.247,0.250,0,6431128,277332,57660,1339552,17081.281,2627.889,15.999,1215.949,1.000,22.999,3155,3063,1.110,1.410,1.380,1,1,2.000,0,0,35,350,0,7,1
05-02 05:14:00,25.494,3.749,69.484,0,0,6429324,278548,57672,1340128,12849.075,1861.576,55.987,0,4.999,0,3091,2849,1.110,1.410,1.380,0,0,17.996,0,0,35,350,1,7,1
05-02 05:14:01,4.768,1.255,91.846,0.251,0,6423004,284844,57700,1340124,13981.686,3261.289,0,1770.672,0,253.957,1961,2472,1.110,1.410,1.380,1,0,0,0,0,35,351,0,7,1
05-02 05:14:02,22.423,2.242,73.248,0.249,0,6403704,298456,58020,1345464,83944.693,2684.747,0,944.744,0,19.931,2897,2593,1.110,1.410,1.380,1,0,3.986,0,0,35,350,0,7,1
05-02 05:14:03,24.771,7.256,64.806,0,0,6404032,297780,58052,1345768,11960.254,1621.390,0,0,0,0,11105,19689,1.100,1.400,1.380,1,0,18.015,0,0,35,350,0,7,1
05-02 05:14:04,25.601,5.773,66.513,0,0,6404640,296860,58152,1345928,15603.659,1626.427,0,2397.474,0,17.067,8330,14614,1.100,1.400,1.380,2,0,5.020,0,0,35,350,0,7,1
05-02 05:14:05,21.752,7.251,68.756,0,0,6410844,290560,58160,1346016,12563.087,1620.140,0,84.007,0,1.000,4718,6472,1.100,1.400,1.380,1,0,12.001,0,0,35,350,0,7,1
05-02 05:14:06,22.890,5.225,69.914,0.498,0,6386072,315256,58196,1346056,8221.496,1612.253,0,346.336,0,9.952,2780,2537,1.100,1.400,1.380,1,0,2.986,0,0,35,350,0,7,1
05-02 05:14:07,26.117,5.525,64.789,2.009,0,6368080,344480,58256,1334772,15394.676,1627.259,164.735,912.069,7.031,24.108,4507,5483,1.100,1.400,1.380,1,1,6.027,0,0,35,350,0,5,1
05-02 05:14:08,22.632,4.974,65.658,5.223,0,6384972,322944,58368,1339304,11919.949,1611.611,2435.323,1169.910,322.322,12.933,3989,4613,1.090,1.390,1.380,0,1,0.995,0,0,35,350,0,6,1
05-02 05:14:09,25.763,3.752,63.282,5.503,0,6387856,318848,58584,1340300,8677.335,1620.810,780.390,1416.708,32.016,88.044,5417,6784,1.090,1.390,1.380,1,0,1.000,0,0,35,352,0,9,1
05-02 05:14:10,19.076,4.518,63.254,10.040,0,6386340,318092,59392,1341764,14790.287,1626.520,1341.377,4008.066,76.306,350.405,6204,9055,1.090,1.390,1.380,1,0,0,0,0,35,353,0,15,1
05-02 05:14:11,20.266,8.507,62.298,6.755,0.250,6324832,377488,59744,1343540,14515.265,1459.132,1693.314,80446.432,85.066,660.513,6489,8151,1.090,1.390,1.380,1,0,60.047,0,0,35,352,0,16,1
05-02 05:14:12,10.486,19.974,66.913,0.749,0,6324272,377892,59780,1343660,15794.474,1617.897,63.917,2424.849,2.996,371.517,6639,5640,1.090,1.390,1.380,3,0,349.546,0,0,35,352,0,15,1
05-02 05:14:13,16.697,17.196,64.546,0,0,6357468,344620,59804,1343712,12984.868,1614.885,3.987,127.596,0.997,10.965,5380,4779,1.080,1.390,1.380,3,0,245.223,0,0,35,352,0,16,1
05-02 05:14:14,25.988,3.248,68.718,0,0,6410604,291444,59836,1343720,9170.674,1619.236,0,163.923,0,14.993,3079,2905,1.080,1.390,1.380,1,0,0,0,0,35,352,0,16,1
05-02 05:14:15,27.254,3.500,68.009,0.250,0,6414776,287196,59868,1343748,15903.084,1620.212,0,112.015,0,12.002,3687,3711,1.080,1.390,1.380,2,0,0,0,0,35,352,0,16,1
05-02 05:14:16,22.743,6.248,68.727,0,0,6410712,291256,59868,1343752,12925.738,1619.466,3.999,9340.920,1.000,71.976,3224,2920,1.080,1.390,1.380,1,0,38.987,0,0,35,352,0,16,1
05-02 05:14:17,26.020,3.252,69.053,0,0,6432488,269452,59900,1343772,17228.190,1621.241,16.012,148.113,1.001,13.010,3177,2915,1.080,1.390,1.380,2,0,0,0,0,35,352,0,17,1
05-02 05:14:18,22.999,6.500,68.496,0.750,0,6402888,298624,60172,1343948,17572.988,1619.907,0,3763.783,0,215.988,3923,4165,1.160,1.400,1.380,1,0,41.998,0,0,35,352,0,17,1
05-02 05:14:19,26.217,3.995,68.165,0,0,6418888,282592,60204,1343948,15665.537,1617.990,0,103.871,0,13.983,3192,2995,1.160,1.400,1.380,1,0,0.999,0,0,35,352,0,17,1
05-02 05:14:20,24.854,3.013,65.525,3.766,0,6418056,282904,60460,1344212,14743.884,1626.828,208.877,731.068,12.051,103.434,4339,5264,1.160,1.400,1.380,2,0,0,0,0,35,353,0,17,1
05-02 05:14:21,25.794,6.511,63.610,2.504,0,6392440,307612,61084,1344496,9414.231,1460.518,256.442,2003.454,10.017,250.432,7432,10708,1.160,1.400,1.380,2,0,35.060,0,0,35,352,0,17,1
05-02 05:14:22,24.121,4.227,69.130,0.249,0,6393840,306140,61100,1344552,8037.991,1611.378,0,115.383,0,5.968,2848,2679,1.160,1.400,1.380,2,0,0,0,0,35,352,0,17,1
05-02 05:14:23,26.625,3.014,69.325,0.251,0,6410772,288904,61380,1344576,15513.736,1627.631,0,3717.429,0,224.050,3340,3604,1.230,1.410,1.380,1,0,0,0,0,35,353,0,17,1
05-02 05:14:24,22.893,6.470,68.678,0,0,6368500,331168,61380,1344584,14784.623,1612.434,0,0,0,0,3448,3155,1.230,1.410,1.380,3,0,38.818,0,0,35,352,0,17,1
05-02 05:14:25,26.258,3.251,68.522,0.250,0,6406900,292720,61420,1344592,14520.574,1620.510,0,184.058,0,19.006,3221,3188,1.230,1.410,1.380,3,0,0,0,0,35,352,0,17,1
05-02 05:14:26,25.254,5.251,68.261,0,0,6402676,296920,61436,1344600,12460.078,1620.270,0,140.023,0,11.002,3562,3133,1.230,1.410,1.380,1,0,42.007,0,0,35,352,0,18,1
05-02 05:14:27,25.510,5.252,67.276,0.250,0,6444516,254992,61524,1344600,14858.842,1620.637,8.003,320.126,2.001,40.016,3307,3370,1.230,1.410,1.380,1,0,0,0,0,35,352,0,18,1
05-02 05:14:28,25.997,3.500,68.992,0,0,6456684,242728,61548,1344672,15416.199,1661.806,0,2603.696,0,409.952,3626,3260,1.210,1.400,1.380,2,0,0,0,0,35,353,0,17,1
05-02 05:14:29,32.733,7.746,52.722,4.248,0,6461160,230548,62236,1351688,8478.476,1661.114,5916.843,4885.393,219.883,369.803,6877,9292,1.210,1.400,1.380,3,0,6.996,0,0,35,352,0,17,1
05-02 05:14:30,42.623,11.784,44.127,0,0,6432556,248612,62276,1362188,8762.308,1624.693,10398.032,433.251,81.235,23.067,4647,3878,1.210,1.400,1.380,2,0,39.113,0,0,35,352,0,17,1
05-02 05:14:31,46.313,7.968,42.329,1.743,0,6456432,213456,62308,1373436,15852.042,1452.141,10083.317,410.344,82.666,19.920,4467,3559,1.210,1.400,1.380,4,0,4.980,0,0,35,352,0,17,1
05-02 05:14:32,26.587,10.785,60.448,0.251,0,6358232,301620,62476,1383304,82756.450,1625.331,10016.856,2909.544,79.260,146.480,5200,4719,1.210,1.400,1.380,3,0,109.359,0,0,35,352,0,18,1
05-02 05:14:33,12.287,21.565,64.946,0,0,6357136,292128,62500,1393868,18333.311,1624.902,9757.438,176.533,76.230,14.042,6539,5699,1.270,1.410,1.380,1,0,315.953,0,0,35,352,0,18,1
05-02 05:14:34,13.002,20.504,64.512,0.250,0,6350412,288488,62588,1404144,11383.069,1620.295,9729.769,604.110,76.014,47.009,6863,6525,1.270,1.410,1.380,1,0,304.055,0,0,35,352,0,18,1
05-02 05:14:35,12.503,21.506,63.517,0.250,0,6352248,276144,62628,1414612,16114.217,1620.424,9858.580,596.156,77.020,29.008,6584,5996,1.270,1.410,1.380,1,0,273.071,0,0,35,352,0,18,1
05-02 05:14:36,22.499,13.750,55.999,5.750,0,6360472,257324,62648,1425696,11877.728,1619.963,9979.772,219.995,127.997,11.000,7175,10120,1.270,1.410,1.380,1,0,178.996,0,0,35,352,0,18,1
05-02 05:14:37,27.246,15.248,53.243,2.000,0,6379976,227472,62696,1435444,11873.469,1619.791,9770.740,195.975,85.989,16.998,5514,5167,1.270,1.410,1.380,2,0,168.978,0,0,35,352,0,18,1
05-02 05:14:38,34.002,21.501,40.252,2.500,0,6394852,211260,59156,1440352,18820.981,1620.084,10372.541,1096.057,146.008,79.004,7274,7017,1.330,1.420,1.390,3,0,324.017,0,0,35,352,0,19,1
05-02 05:14:39,36.588,15.432,39.077,7.467,0,6433968,203328,58900,1409944,22395.059,1612.874,13018.484,211.068,263.834,11.947,6853,7608,1.330,1.420,1.390,3,0,183.191,0,0,35,352,0,19,1
05-02 05:14:40,60.609,21.450,15.963,1.746,0,6524100,200608,58420,1322520,11092.218,1616.243,10172.356,0,102.761,0,7434,9325,1.330,1.420,1.390,5,0,196.543,0,0,35,356,0,18,1
05-02 05:14:41,53.547,23.882,17.346,4.274,0,6588716,279380,56444,1184988,22411.166,1629.025,12674.220,2473.705,271.504,193.070,9105,11074,1.330,1.420,1.390,10,0,314.744,0,0,35,357,0,18,1
05-02 05:14:42,50.504,24.002,15.251,8.501,0,6628492,225868,57128,1198572,11415.888,1458.113,11804.918,3668.285,205.016,233.018,11486,16473,1.330,1.420,1.390,5,0,267.021,0,0,35,356,0,18,1
05-02 05:14:43,53.442,16.232,15.483,13.985,0,6650888,227404,55932,1175880,22471.635,1855.988,12086.895,7284.102,202.780,935.985,8696,9614,1.620,1.480,1.410,6,1,117.872,0,0,35,360,0,18,1
05-02 05:14:44,53.029,26.014,12.257,8.004,0,6696288,210368,49764,1154056,13229.332,1620.898,13239.337,4738.626,296.164,299.166,8140,9428,1.620,1.480,1.410,6,0,361.200,0,0,35,360,0,18,1
05-02 05:14:45,52.259,18.753,20.003,7.751,0,6712520,206152,41636,1150424,8066.394,1926.333,11862.051,2716.470,184.032,171.030,8303,9736,1.620,1.480,1.410,2,1,195.034,0,0,35,361,0,18,1
05-02 05:14:46,48.502,11.751,20.251,19.251,0,6780068,214220,39756,1080496,16198.764,2060.097,15020.709,1172.055,237.011,80.004,7305,10163,1.620,1.480,1.410,2,2,51.002,0,0,35,363,0,20,1
05-02 05:14:47,45.250,11.000,14.250,27.500,0,6763520,211932,41932,1094972,11403.908,1619.987,18123.853,3015.976,990.992,238.998,8382,15476,1.620,1.480,1.410,1,2,26.000,0,0,35,363,0,21,1
05-02 05:14:48,43.030,10.507,25.268,19.264,0,6792048,234748,39972,1045716,15720.045,1859.306,30409.366,1184.832,1694.190,36.025,6597,7166,1.730,1.510,1.410,3,2,11.008,0,0,35,363,0,20,1
05-02 05:14:49,33.520,10.506,25.265,29.268,0,6790724,258136,40964,1022820,12326.421,2504.508,14160.525,900.542,408.246,128.077,5052,4660,1.730,1.510,1.410,1,2,17.010,0,0,35,365,0,20,1
05-02 05:14:50,39.276,10.440,40.767,8.700,0,6827668,205896,41968,1037108,20788.222,2893.468,14644.327,143.182,437.500,8.949,5267,4802,1.730,1.510,1.410,1,1,15.909,0,0,35,364,0,20,1
05-02 05:14:51,40.226,9.554,40.477,9.051,0,6834320,225480,42300,1010692,36519.995,4293.098,19859.476,297.671,572.212,35.198,5240,4969,1.730,1.510,1.410,2,1,11.062,0,0,35,366,0,20,1
05-02 05:14:52,28.199,4.741,51.906,13.226,0,6826344,216684,42748,1027008,110367.227,5193.599,15587.785,598.916,246.554,20.962,4462,4690,1.730,1.510,1.410,1,1,8.984,0,0,35,367,0,20,1
05-02 05:14:53,59.991,13.498,14.748,11.248,0,6665648,389024,43220,1015104,15806.754,2478.648,12258.258,447.936,205.971,17.997,6014,5282,2,1.560,1.430,4,0,42.994,0,0,35,363,0,22,1
05-02 05:14:54,68.534,12.212,11.464,6.729,0,6621844,415800,43700,1031796,19160.618,1810.295,15778.277,3030.450,197.378,186.413,6049,5541,2,1.560,1.430,5,0,19.937,0,0,35,353,0,23,1
05-02 05:14:55,88.359,10.982,0,0.250,0,6725880,301292,43820,1042068,13431.491,2056.706,9948.069,451.277,86.861,47.923,6109,4909,2,1.560,1.430,6,0,0,0,0,35,350,0,23,1
05-02 05:14:56,89.165,11.805,0,0.251,0,6712544,303136,43928,1053452,16359.113,1627.573,9962.351,16.075,91.425,4.019,6132,4970,2,1.560,1.430,6,0,2.009,0,0,35,350,0,24,1
05-02 05:14:57,88.242,9.722,0,1.246,0,6788664,215656,44180,1064560,12858.375,1615.274,10437.459,1132.686,172.495,61.819,6433,6255,2,1.560,1.430,4,0,0,0,0,35,354,0,23,1
05-02 05:14:58,52.540,9.507,27.521,9.507,0,6823844,221900,42536,1024948,14949.514,1621.249,11797.086,268.207,288.222,15.012,5492,5186,2,1.570,1.440,2,1,2.002,0,0,35,354,0,23,1
05-02 05:14:59,33.738,9.997,53.232,1.999,0,6835232,238996,42392,996728,13353.371,1619.439,10108.496,7785.301,96.966,994.655,4740,4432,2,1.570,1.440,1,0,1.999,0,0,35,357,0,23,1
05-02 05:15:00,24.447,7.733,66.107,0,0,6836280,227680,42408,1006980,8289.064,1616.502,9706.996,115.750,75.836,7.983,3236,3059,2,1.570,1.440,1,0,0,0,0,35,357,0,23,1
05-02 05:15:01,24.022,7.507,67.061,0,0,6835872,217844,42408,1017224,7784.074,1621.473,9736.848,792.720,76.069,3.003,3141,2826,2,1.570,1.440,3,0,0,0,0,35,357,0,23,1
05-02 05:15:02,26.276,9.760,61.061,1.251,0,6843192,229160,41136,999928,84640.040,1621.610,9913.844,2218.202,83.082,116.115,3756,3177,2,1.570,1.440,3,0,6.006,0,0,35,357,0,23,1
05-02 05:15:03,24.177,9.721,62.561,2.243,0,6840936,221052,41172,1010256,14507.280,1453.619,9782.519,243.267,81.754,12.961,3536,3150,1.920,1.560,1.440,2,0,6.979,0,0,35,357,0,23,1
05-02 05:15:04,24.908,7.548,66.421,0,0,6838980,212768,41180,1020488,22327.679,1720.920,9790.122,36.230,76.485,4.026,3442,3139,1.920,1.560,1.440,1,0,0,0,0,35,357,0,23,1
05-02 05:15:05,24.435,6.981,66.572,0.249,0,6834164,207116,41228,1030908,11241.866,1615.669,9765.823,374.995,79.786,29.920,3414,3381,1.920,1.560,1.440,3,0,0,0,0,35,357,0,23,1
05-02 05:15:06,23.947,8.232,66.353,0,0.249,6834468,227440,41108,1010400,17059.279,1616.426,9838.246,87.806,77.828,4.989,3244,2939,1.920,1.560,1.440,2,0,0,0,0,35,357,0,23,1
05-02 05:15:07,24.259,8.003,64.775,0.500,0,6833272,218948,41260,1019940,15131.902,1620.632,9763.808,380.148,78.030,57.022,3712,3776,1.920,1.560,1.440,1,0,0,0,0,35,359,0,23,1
05-02 05:15:08,25.543,9.516,62.605,1.002,0,6828536,213800,41288,1029796,12435.907,1622.728,9748.389,336.566,77.130,20.034,4415,5200,1.840,1.550,1.430,3,0,0,0,0,35,359,0,24,1
05-02 05:15:09,26.954,8.985,61.145,0.998,0,6829348,211724,41352,1031032,15477.383,1617.219,9871.024,367.368,78.864,30.947,4355,5058,1.840,1.550,1.430,1,0,1.997,0,0,35,361,0,21,1
05-02 05:15:10,26.260,8.503,64.025,0,0,6830312,210864,41376,1031088,11462.542,1620.642,9731.857,140.056,76.030,15.006,3796,3671,1.840,1.550,1.430,2,0,0,0,0,35,361,0,23,1
05-02 05:15:11,23.825,7.774,66.710,0,0.251,6832732,210656,41352,1029008,8961.203,1625.115,9758.713,0,76.240,0,3188,2890,1.840,1.550,1.430,2,0,0,0,0,35,361,0,23,1
05-02 05:15:12,24.243,7.748,66.732,0.250,0,6831128,202284,41400,1038936,15504.803,1619.562,9869.328,119.968,77.979,17.995,3403,3336,1.840,1.550,1.430,2,0,0,0,0,35,361,0,23,1
05-02 05:15:13,24.676,7.478,66.301,0.249,0,6831968,202948,41412,1037548,14868.295,1453.629,9698.838,2803.570,75.772,136.589,3489,3391,1.770,1.540,1.430,3,0,0,0,0,35,361,0,14,1
05-02 05:15:14,24.012,8.504,65.032,0.250,0,6829516,228596,41148,1014800,16326.949,1710.833,9748.746,156.076,77.038,19.009,3581,3366,1.770,1.540,1.430,1,0,0,0,0,35,361,0,14,1
05-02 05:15:15,24.444,7.732,65.100,1.247,0,6833448,214984,41188,1024440,11142.313,1616.274,9769.478,191.558,78.818,19.954,3419,3344,1.770,1.540,1.430,2,0,0,0,0,35,361,0,14,1
05-02 05:15:16,23.809,7.268,67.417,0,0,6830744,207704,41188,1034424,8780.779,1624.028,9880.507,0,77.191,0,3109,2773,1.770,1.540,1.430,1,0,0,0,0,35,361,0,14,1
05-02 05:15:17,24.742,8.247,64.979,0.250,0,6832076,208728,41204,1032212,15344.064,1619.479,9788.851,455.853,77.975,44.986,3656,3582,1.770,1.540,1.430,2,0,0,0,0,35,361,0,14,1
05-02 05:15:18,23.206,7.985,66.622,0.250,0,6830036,213492,41188,1029680,15603.087,1616.900,9709.386,295.434,75.855,18.964,3311,3014,1.790,1.550,1.430,2,0,0,0,0,35,361,0,14,1
05-02 05:15:19,25.418,8.557,64.929,0.755,0,6831992,213972,41180,1027392,8546.517,1630.784,10014.223,92.612,79.526,13.087,3648,3555,1.790,1.550,1.430,1,0,1.007,0,0,35,361,0,14,1
05-02 05:15:20,24.021,7.429,66.864,0.248,0,6833176,203124,41196,1037040,15465.883,1604.735,9636.336,736.990,75.284,116.888,3421,2988,1.790,1.550,1.430,3,0,0,0,0,35,361,0,14,1
05-02 05:15:21,23.567,7.521,66.939,0,0,6832116,229580,41100,1012028,12592.590,1624.591,9755.572,176.499,76.215,11.031,3249,2923,1.790,1.550,1.430,1,0,0,0,0,35,361,0,13,1
05-02 05:15:22,25.316,7.520,66.423,0.251,0,6830300,221504,41124,1021896,15704.979,1624.238,9753.450,88.230,76.199,11.029,3287,2943,1.790,1.550,1.430,2,0,0,0,0,35,361,0,13,1
05-02 05:15:23,23.728,7.743,66.690,0,0,6832008,210076,41124,1031616,11234.818,1456.680,9847.076,3.996,76.930,0.999,3284,2938,1.730,1.540,1.430,1,0,0,0,0,35,361,0,13,1
05-02 05:15:24,24.475,8.241,66.181,0,0,6831456,201032,41140,1041196,9379.278,1618.323,9717.927,51.946,75.921,5.994,3289,3024,1.730,1.540,1.430,1,0,0,0,0,35,361,0,13,1
05-02 05:15:25,24.569,8.775,61.924,2.507,0,6829348,228540,41204,1016080,15526.639,1624.566,9915.870,481.353,88.248,34.096,3584,3557,1.730,1.540,1.430,1,0,0,0,0,35,361,0,13,1
05-02 05:15:26,24.183,7.978,66.316,0,0,6833428,214440,41204,1026212,14614.445,1615.517,9832.714,11.967,77.784,2.992,3387,3125,1.730,1.540,1.430,3,0,0,0,0,35,361,0,14,1
05-02 05:15:27,24.752,8.501,64.755,0.250,0,6830640,207408,41308,1035928,14794.190,1620.130,9776.786,276.022,79.006,41.003,3835,3949,1.730,1.540,1.430,4,0,0,0,0,35,361,0,14,1
05-02 05:15:28,24.532,8.011,65.837,0,0,6830112,228692,41316,1015528,11452.089,1664.193,9744.840,496.654,77.102,35.046,3396,3192,1.670,1.530,1.430,1,0,0,0,0,35,361,0,14,1
05-02 05:15:29,28.779,11.261,57.809,0.751,0,6840264,208736,41380,1025316,14954.146,1663.685,9950.078,188.191,81.082,26.026,4190,3996,1.670,1.530,1.430,2,0,4.004,0,0,35,361,0,13,1
05-02 05:15:30,43.766,12.004,43.266,0.500,0,6855488,211956,41352,1007292,14867.561,1620.606,10271.842,1744.653,84.031,326.122,4444,3266,1.670,1.530,1.430,3,0,4.001,0,0,35,361,0,13,1
05-02 05:15:31,44.344,11.023,43.593,0,0,6851856,215648,41368,1007260,9935.131,2157.589,10073.425,344.733,85.181,19.040,4240,3284,1.670,1.530,1.430,3,0,5.011,0,0,35,361,0,13,1
05-02 05:15:32,26.350,8.203,63.390,0,0,6832080,225448,41376,1017228,74344.048,1610.857,9927.654,91.481,77.560,6.960,3498,3034,1.670,1.530,1.430,3,0,0.994,0,0,35,361,0,13,1
05-02 05:15:33,24.007,8.253,66.771,0,0,6827952,219820,41376,1026984,17898.508,1458.449,9859.034,8.002,77.024,1.000,3330,2956,2.020,1.610,1.450,1,0,0,0,0,35,361,0,12,1
05-02 05:15:34,23.990,7.747,66.222,0.500,0,6828716,209096,41376,1036944,15475.366,1619.306,9775.810,255.890,78.966,49.979,3428,3241,2.020,1.610,1.450,3,1,1.000,0,0,35,361,0,12,1
05-02 05:15:35,23.838,8.281,65.744,0.753,0,6819184,219128,41400,1036580,18988.443,1626.032,9912.774,116.432,86.320,10.037,3521,3383,2.020,1.610,1.450,1,0,0,0,0,35,361,0,12,1
05-02 05:15:36,23.829,7.776,67.725,0,0.251,6820748,207808,41400,1046336,13778.702,1625.391,9888.800,0,77.256,0,3257,2902,2.020,1.610,1.450,1,0,0,0,0,35,361,0,12,1
05-02 05:15:37,25.105,7.457,65.125,0.249,0,6819916,227528,41328,1027740,16543.771,1610.728,9735.958,497.138,78.548,50.708,3717,3826,2.020,1.610,1.450,1,0,0,0,0,35,361,0,12,1
05-02 05:15:38,24.513,7.754,65.283,1.001,0,6820796,216836,41460,1037420,15240.776,1620.827,9845.023,144.074,83.042,11.006,3472,3425,2.020,1.610,1.460,1,0,0,0,0,35,361,0,13,1
05-02 05:15:39,23.996,7.999,66.238,0.250,0,6821340,206352,41520,1047300,8721.392,1619.701,9870.181,291.946,77.986,25.995,3475,3576,2.020,1.610,1.460,2,0,1.000,0,0,35,361,0,13,1
05-02 05:15:40,23.033,7.511,68.348,0,0,6820264,216472,41384,1038392,8121.694,1622.336,9742.027,4.006,76.110,1.001,3069,2922,2.020,1.610,1.460,2,0,0,0,0,35,361,0,13,1
05-02 05:15:41,23.807,7.017,68.163,0,0,6820304,206692,41408,1048108,18047.256,1623.892,9751.372,296.711,76.183,16.038,3263,2931,2.020,1.610,1.460,1,0,0,0,0,35,361,0,13,1
05-02 05:15:42,23.397,7.716,66.458,0.249,0,6820060,215888,41360,1039204,14803.069,1612.925,9685.516,107.528,75.668,15.930,3402,3273,2.020,1.610,1.460,1,0,0,0,0,35,361,0,12,1
05-02 05:15:43,24.853,7.029,67.278,0,0,6820488,205500,41384,1049140,15440.802,1464.050,9896.894,269.112,77.319,17.071,3265,2902,1.930,1.600,1.450,1,0,0,0,0,35,361,0,12,1
05-02 05:15:44,25.118,6.963,64.411,0.746,0,6821540,213296,41392,1040284,14325.689,1611.528,9740.792,393.929,79.582,60.681,3680,3823,1.930,1.600,1.450,2,0,0,0,0,35,361,0,12,1
05-02 05:15:45,24.057,8.520,66.156,0.752,0,6821108,204156,41432,1049816,15664.885,1623.824,9799.073,1359.200,78.184,258.609,3603,3455,1.930,1.600,1.450,1,0,0,0,0,35,361,0,12,1
05-02 05:15:46,24.270,7.756,67.305,0,0,6821544,212412,41388,1041168,12677.347,1621.323,9864.051,120.098,77.063,8.007,3223,2924,1.930,1.600,1.450,3,0,0,0,0,35,361,0,12,1
05-02 05:15:47,30.463,10.987,54.933,1.248,0,6816492,243304,41420,1015252,8733.344,1618.026,9752.101,591.279,78.904,58.928,4624,9409,1.930,1.600,1.450,2,0,35.956,0,0,35,361,0,13,1
05-02 05:15:48,24.037,7.261,66.603,0,0,6816040,233900,41440,1025132,15109.427,1622.516,9743.107,292.453,76.118,19.030,3325,3047,1.940,1.610,1.460,1,0,0,0,0,35,361,0,13,1
05-02 05:15:49,25.558,7.768,65.899,0.501,0,6816184,224044,41468,1034816,12134.477,1623.677,9766.114,88.200,77.175,12.027,3631,3634,1.940,1.610,1.460,1,0,1.002,0,0,35,361,0,13,1
05-02 05:15:50,23.919,7.475,67.521,0,0,6815972,214208,41468,1044864,9364.237,1614.524,9822.682,3.986,76.740,0.997,3215,3021,1.940,1.610,1.460,2,0,0,0,0,35,361,0,10,1
05-02 05:15:51,23.724,7.492,66.928,0,0,6816832,202708,41484,1055488,17022.655,1618.256,9717.528,179.806,75.918,10.988,3174,2912,1.940,1.610,1.460,3,0,0,0,0,35,361,0,10,1
05-02 05:15:52,24.531,7.509,66.584,0,0,6817208,211244,41436,1046624,11314.211,1622.037,9740.234,76.096,76.096,10.013,3222,2957,1.940,1.610,1.460,1,0,0,0,0,35,361,0,10,1
05-02 05:15:53,23.821,6.269,66.449,2.257,0,6809480,209336,41444,1056268,16225.470,1556.650,9829.363,0,88.264,0,3512,3223,1.860,1.600,1.450,0,1,3.009,0,0,35,359,0,10,1
05-02 05:15:54,17.178,3.734,64.729,11.203,0,6816180,207120,41644,1051588,17555.619,1613.257,14308.193,195.184,333.606,26.888,3715,4006,1.860,1.600,1.450,1,1,0,0,0,35,359,0,7,1
05-02 05:15:55,21.043,4.008,63.881,9.269,0,6842992,210976,41736,1020828,7988.429,1623.339,5976.291,2537.218,250.515,134.276,3659,4184,1.860,1.600,1.450,2,0,0,0,0,35,359,0,7,1
05-02 05:15:56,17.238,2.248,73.448,5.996,0,6786392,266152,42224,1021760,14553.678,1618.852,1295.081,1367.030,113.919,262.814,2903,3002,1.860,1.600,1.450,1,0,0.999,0,0,35,359,0,8,1
05-02 05:15:57,5.749,1.500,90.485,1.000,0,6786216,266244,42308,1021760,12488.898,1619.727,79.987,263.956,2.999,32.994,2370,3358,1.860,1.600,1.450,0,0,0,0,0,35,359,0,8,1
05-02 05:15:58,3.251,1.000,93.036,0.250,0,6782940,269380,42356,1021852,14905.776,1620.628,4.002,460.178,1.000,34.013,1903,2661,1.710,1.570,1.450,0,0,0,0,0,35,359,0,7,1
05-02 05:15:59,8.492,2.498,85.924,0.250,0.250,6809044,243172,42436,1021876,12050.288,1618.561,15.986,259.769,0.999,32.971,2645,3323,1.710,1.570,1.450,1,0,0.999,0,0,35,359,0,7,1
05-02 05:16:00,4.000,0.750,93.750,0,0,6809044,243172,42436,1021876,14866.053,1620.006,0,8.000,0,1.000,1900,2637,1.710,1.570,1.450,0,0,0,0,0,35,359,0,7,1
05-02 05:16:01,3.503,1.751,93.074,0.250,0,6807820,244392,42460,1021856,12187.625,1621.280,0,324.256,0,17.013,1830,2538,1.710,1.570,1.450,0,0,0,0,0,35,359,0,7,1
05-02 05:16:02,5.480,0.996,91.907,0,0,6804480,247692,42460,1021896,71820.669,1452.573,0,3.985,0,0.996,2110,2616,1.710,1.570,1.450,1,0,1.993,0,0,35,359,0,7,1
05-02 05:16:03,5.016,2.257,88.791,2.257,0,6802268,249792,42476,1021992,9247.296,1625.325,108.355,92.302,7.023,8.026,2335,2912,1.580,1.550,1.440,1,0,7.023,0,0,35,359,0,7,1
05-02 05:16:04,4.501,1.000,91.763,0,0,6796960,255040,42520,1022008,15591.193,1620.228,0,168.024,0,18.003,2190,2836,1.580,1.550,1.440,4,0,0,0,0,35,359,0,7,1
05-02 05:16:05,4.235,0.997,92.183,0.498,0,6796884,255040,42560,1022044,11703.801,1614.455,47.836,478.357,1.993,59.795,2135,3063,1.580,1.550,1.440,0,0,0,0,0,35,359,0,7,1
05-02 05:16:06,2.761,1.757,93.859,0,0,6794836,257072,42560,1022060,16345.572,1626.225,0,56.215,0,3.012,1794,2431,1.580,1.550,1.440,0,0,0,0,0,35,359,0,7,1
05-02 05:16:07,5.000,1.750,90.754,1.250,0,6791856,259972,42688,1022012,11703.502,1620.070,32.001,364.016,2.000,48.002,2318,3316,1.580,1.550,1.440,3,0,0,0,0,35,359,0,7,1
05-02 05:16:08,4.246,1.249,91.918,0.500,0,6791572,260132,42712,1022112,14835.693,1802.383,3.996,351.685,0.999,23.978,2031,2685,1.450,1.520,1.430,1,0,0,0,0,35,359,0,8,1
05-02 05:16:09,4.502,1.751,91.536,0.250,0,6791400,260304,42776,1022048,15536.065,1620.633,16.006,192.075,1.000,24.009,2253,3071,1.450,1.520,1.430,0,0,1.000,0,0,35,359,0,8,1
05-02 05:16:10,5.271,2.510,89.614,0,0,6791212,260384,42776,1022156,8945.361,1626.612,0,0,0,0,3266,4830,1.450,1.520,1.430,1,0,0,0,0,35,359,0,5,1
05-02 05:16:11,6.722,2.241,89.129,0.249,0,6791880,259628,42792,1022228,8062.464,1451.961,0,1712.875,0,307.720,3063,4405,1.450,1.520,1.430,0,0,0.996,0,0,35,359,0,5,1
05-02 05:16:12,7.003,1.751,88.285,0.250,0,6791724,259628,42864,1022312,17411.977,1620.649,32.013,228.091,2.001,29.012,2846,3597,1.450,1.520,1.430,1,0,0,0,0,35,359,0,7,1
05-02 05:16:13,6.277,8.788,76.579,6.779,0,6789020,261796,43164,1022548,11997.603,1711.361,574.471,4.017,32.138,1.004,3813,3701,1.330,1.490,1.420,2,0,148.639,0,0,35,359,0,7,1
05-02 05:16:14,9.992,20.484,67.197,0.500,0,6793024,257636,43212,1022656,15172.970,1618.717,27.978,251.800,1.998,21.983,7423,7408,1.330,1.490,1.420,2,0,543.569,0,0,35,359,0,7,1
05-02 05:16:15,9.014,20.032,68.109,1.002,0,6792340,258212,43260,1022716,11207.968,1622.601,24.039,224.360,3.005,20.032,7405,7436,1.330,1.490,1.420,2,0,540.867,0,0,35,359,0,7,1
05-02 05:16:16,9.746,19.492,64.725,4.748,0,6793740,256572,43280,1022936,15455.920,3274.712,187.926,119.953,14.994,7.997,6948,6570,1.330,1.490,1.420,1,0,519.796,0,0,35,359,0,7,1
05-02 05:16:17,9.951,18.408,67.166,1.493,0,6795268,254752,43472,1023036,11966.516,2706.546,175.129,473.646,8.955,42.787,7010,6966,1.330,1.490,1.420,1,0,448.769,0,0,35,359,0,7,1
05-02 05:16:18,21.506,4.001,68.769,3.251,0,6832532,216820,44032,1023144,10028.801,2720.760,656.183,308.086,28.008,19.005,3143,3125,1.310,1.490,1.420,0,1,32.009,0,0,35,359,0,7,1
05-02 05:16:19,7.736,2.496,68.380,19.965,0,6831848,212788,48304,1023588,15764.411,2715.248,4831.544,107.811,288.495,13.976,2849,3598,1.310,1.490,1.420,4,1,0.998,0,0,35,359,0,7,1
05-02 05:16:20,5.004,1.751,69.799,21.015,0,6831012,211528,50224,1023764,8203.803,1621.147,1929.365,4.003,167.118,1.001,2089,2800,1.310,1.490,1.420,2,0,0,0,0,35,359,0,7,1
05-02 05:16:21,22.104,3.014,69.578,4.019,0,6832296,213868,50236,1020128,15016.722,1464.899,1957.218,361.703,104.492,18.085,3672,3951,1.310,1.490,1.420,0,1,0,0,0,35,362,0,7,1
05-02 05:16:22,23.186,2.244,69.059,4.238,0,6804080,240688,50348,1021420,15219.983,1615.540,1276.476,279.229,66.816,36.898,3112,3292,1.310,1.490,1.420,2,0,1.994,0,0,35,363,0,7,1
05-02 05:16:23,25.589,4.014,69.242,0,0,6844520,200176,50388,1021452,14900.007,1625.674,0,525.835,0,29.102,3374,3368,1.280,1.480,1.420,2,0,4.014,0,0,35,363,0,7,1
05-02 05:16:24,26.638,2.738,68.213,0,0,6854148,212276,50292,999820,16832.150,1613.210,0,95.598,0,8.962,3215,3032,1.280,1.480,1.420,1,0,0,0,0,35,368,0,7,1
05-02 05:16:25,26.254,3.751,68.010,0.250,0,6849936,216188,50380,1000032,10951.682,1620.249,80.012,436.067,3.000,40.006,3410,3400,1.280,1.480,1.420,1,0,6.001,0,0,35,367,0,7,1
05-02 05:16:26,39.180,4.492,54.153,0.250,0,6835500,230584,50400,1000052,8892.083,1617.105,3.993,179.678,0.998,12.977,4351,3896,1.280,1.480,1.420,3,0,19.964,0,0,35,367,0,10,1
05-02 05:16:27,49.700,5.773,43.425,1.004,0,6688052,377756,50528,1000188,15005.451,1626.553,136.550,405.634,7.028,51.206,4393,3839,1.280,1.480,1.420,4,0,5.020,0,0,35,359,0,11,1
05-02 05:16:28,65.398,6.240,26.958,0.250,0,6773368,292328,50592,1000240,12538.368,1659.402,3.994,786.768,0.998,50.920,4572,3063,1.420,1.500,1.430,3,0,0.998,0,0,35,359,0,11,1
05-02 05:16:29,48.664,7.237,36.186,6.239,0.250,6830336,233176,50672,1002344,7970.962,1659.078,1161.954,175.691,75.866,23.958,4370,4403,1.420,1.500,1.430,7,0,4.991,0,0,35,359,0,11,1
05-02 05:16:30,48.860,7.016,41.093,2.005,0,6816368,247620,50348,1002192,15405.691,1623.656,8126.299,148.334,224.506,2.005,4546,3677,1.420,1.500,1.430,3,0,10.023,0,0,35,359,0,11,1
05-02 05:16:31,25.439,5.736,67.338,0.249,0,6829588,223880,50372,1012688,11289.828,1454.499,10343.106,339.184,80.806,19.952,3471,3307,1.420,1.500,1.430,1,0,3.990,0,0,35,359,0,11,1
05-02 05:16:32,11.045,2.008,84.091,0.251,0,6808884,234760,50428,1022456,80823.999,1626.601,9855.998,196.799,83.338,25.102,3054,3481,1.420,1.500,1.430,2,0,0,0,0,35,357,0,11,1
05-02 05:16:33,28.293,4.006,66.101,0.250,0,6740360,292748,50444,1032976,11769.989,2156.296,9879.099,188.288,79.121,12.018,3613,3377,1.390,1.490,1.420,1,0,3.005,0,0,35,353,0,11,1
05-02 05:16:34,41.804,5.474,49.766,0.746,0,6694668,327356,50788,1043716,7965.563,1612.422,10092.567,2954.116,115.457,208.022,4978,5366,1.390,1.490,1.420,2,1,6.967,0,0,35,348,0,11,1
05-02 05:16:35,48.421,5.990,39.935,3.993,0,6749196,259560,50828,1056944,15367.840,1617.352,12227.980,359.412,209.657,17.971,5731,6347,1.390,1.490,1.420,3,0,0,0,0,35,350,0,11,1
05-02 05:16:36,31.327,4.261,61.903,1.002,0,6786816,210788,50920,1068004,11280.874,1624.013,10024.770,497.229,92.228,43.107,4495,5477,1.390,1.490,1.420,1,0,0,0,0,35,352,0,11,1
05-02 05:16:37,14.485,2.497,79.916,0.499,0,6792636,215148,50896,1057852,8235.297,1618.290,9477.984,6920.686,74.921,940.007,3656,4248,1.390,1.490,1.420,1,0,0,0,0,35,355,0,11,1
05-02 05:16:38,6.499,2.500,89.483,0,0,6791704,205844,50912,1068072,15037.097,1619.687,9982.073,447.914,77.985,75.985,2555,3011,1.280,1.470,1.420,0,0,0,0,0,35,355,0,12,1
05-02 05:16:39,6.255,1.751,89.064,0.500,0,6789028,220796,50892,1055816,14806.696,1621.171,9735.032,48.035,76.055,6.004,2549,3017,1.280,1.470,1.420,2,0,1.001,0,0,35,355,0,11,1
05-02 05:16:40,4.995,1.748,90.652,0,0,6790776,207668,50924,1067164,16427.308,1618.257,9845.397,311.664,76.917,23.974,2391,3008,1.280,1.470,1.420,1,0,0,0,0,35,355,0,11,1
05-02 05:16:41,5.750,2.250,90.007,0,0,6787600,200732,50924,1077276,13506.035,1458.112,9728.746,132.010,76.006,1.000,2333,2857,1.280,1.470,1.420,1,0,0,0,0,35,355,0,11,1
05-02 05:16:42,6.006,2.252,89.346,0.250,0,6781340,219376,49916,1065900,8225.832,1621.741,7572.130,112.120,66.071,12.013,2452,3150,1.280,1.470,1.420,0,0,0,0,0,35,355,0,11,1
05-02 05:16:43,5.744,1.249,89.910,0.250,0,6780124,219008,49932,1067468,15259.670,1618.374,1422.571,175.823,18.981,10.989,2359,2986,1.170,1.440,1.410,1,0,0,0,0,35,355,0,11,1
05-02 05:16:44,7.249,2.000,88.736,0.250,0,6781012,215620,49980,1069920,14823.670,1619.745,2423.619,295.953,30.995,21.997,2663,3329,1.170,1.440,1.410,1,0,0,0,0,35,355,0,11,1
05-02 05:16:45,5.503,1.751,89.542,0,0,6780708,214004,49996,1071824,15608.350,1620.763,1920.905,56.026,30.014,6.003,2433,3127,1.170,1.440,1.410,0,0,0,0,0,35,355,0,11,1
05-02 05:16:46,7.244,2.248,87.928,0.749,0,6781700,206328,50068,1078436,14597.047,1618.674,6538.646,419.656,60.950,35.971,2841,3552,1.170,1.440,1.410,1,0,0,0,0,35,357,0,11,1
05-02 05:16:47,13.504,5.251,78.521,0.500,0,6795024,224596,49116,1047908,15041.111,1620.443,6057.656,252.069,67.018,39.011,4154,9123,1.170,1.440,1.410,0,0,36.010,0,0,35,359,0,11,1
05-02 05:16:48,6.005,2.002,89.832,0,0,6790812,222132,49116,1054476,8348.626,1621.481,6257.716,0,55.050,0,2288,2883,1.080,1.420,1.400,0,0,0,0,0,35,359,0,11,1
05-02 05:16:49,6.993,1.998,88.666,0,0,6790696,214456,49116,1062268,8329.088,1618.463,7361.007,0,72.931,0,2559,3231,1.080,1.420,1.400,0,0,0.999,0,0,35,359,0,11,1
05-02 05:16:50,6.501,2.000,89.263,0,0,6785608,209280,49140,1072508,10964.543,1458.205,9729.369,300.042,77.011,19.003,2461,3145,1.080,1.420,1.400,0,0,0,0,0,35,359,0,11,1
05-02 05:16:51,6.741,1.748,89.376,0,0.250,6785156,203104,49148,1079128,18612.279,1617.764,6367.201,31.956,55.923,3.994,2484,2982,1.080,1.420,1.400,0,0,0,0,0,35,359,0,11,1
05-02 05:16:52,6.247,1.499,89.454,0.500,0,6783996,215768,49084,1067688,13606.967,1619.163,7404.173,63.967,65.966,5.997,2392,2968,1.080,1.420,1.400,1,0,0,0,0,35,359,0,11,1
05-02 05:16:53,5.515,2.256,90.244,0,0,6783772,208200,49084,1075480,15617.248,1718.649,7460.181,0,60.163,0,2357,2871,1.150,1.430,1.400,1,0,0,0,0,35,359,0,11,1
05-02 05:16:54,6.273,4.266,87.068,0,0,6784828,216532,49060,1066116,11858.371,1625.947,6278.965,148.543,52.191,27.099,2942,3412,1.150,1.430,1.400,2,0,47.173,0,0,35,359,0,11,1
05-02 05:16:55,10.954,15.933,68.215,2.490,0,6797364,214840,49076,1055256,23736.692,3428.655,10018.087,23.900,106.554,5.975,6041,5699,1.150,1.430,1.400,0,0,307.713,0,0,35,360,0,12,1
05-02 05:16:56,8.000,2.500,86.500,1.250,0,6797536,206540,49124,1063336,20318.981,2892.997,7695.993,408.000,67.000,26.000,2856,3497,1.150,1.430,1.400,0,0,0,0,0,35,360,0,13,1
05-02 05:16:57,7.003,2.501,87.039,0.500,0,6797896,204060,49220,1065360,61249.421,4121.845,1896.849,308.138,24.011,40.018,3073,4139,1.150,1.430,1.400,0,0,2.001,0,0,35,360,0,13,1
05-02 05:16:58,6.489,2.246,87.350,0.250,0,6798524,201164,49252,1067596,351842.518,13410.959,1908.721,1653.160,24.957,309.468,3007,3329,1.140,1.420,1.400,1,0,0,0,0,35,360,0,13,1
05-02 05:16:59,8.792,3.014,85.913,0.251,0,6799424,208736,49172,1059204,762339.441,16633.957,8593.307,1531.361,69.333,54.261,3889,4045,1.140,1.420,1.400,0,0,1.005,0,0,35,360,0,12,1
05-02 05:17:00,20.764,5.754,68.796,2.752,0,6794868,223180,49844,1048644,474956.170,11427.583,10390.895,840.558,118.078,15.010,5295,6582,1.140,1.420,1.400,0,1,10.007,0,0,35,359,0,12,1
05-02 05:17:01,16.654,3.977,66.118,10.191,0,6819052,199456,50772,1047256,15159.305,1610.682,16301.696,596.549,518.003,25.850,3881,4119,1.140,1.420,1.400,3,1,14.914,0,0,35,359,0,12,1
05-02 05:17:02,12.270,3.756,64.603,17.027,0,6816940,206156,52368,1041072,77482.730,1622.591,12019.193,4.006,288.461,1.002,3243,3431,1.140,1.420,1.400,1,1,6.010,0,0,35,359,0,12,1
05-02 05:17:03,16.774,4.757,64.844,11.767,0,6833144,199288,52580,1031524,14995.716,1622.349,11849.160,0,272.394,0,3389,3474,1.130,1.420,1.400,1,0,8.012,0,0,35,359,0,12,1
05-02 05:17:04,18.468,4.742,68.632,5.740,0,6823748,228244,52756,1011792,19578.277,2952.914,11532.136,19.966,187.677,1.997,4164,4661,1.130,1.420,1.400,2,0,11.979,0,0,35,360,0,12,1
05-02 05:17:05,11.980,2.246,81.112,2.745,0.250,6823604,220340,53028,1019568,37293.771,5634.447,7651.028,646.903,81.861,11.980,2725,3172,1.130,1.420,1.400,1,0,0,0,0,35,361,0,12,1
05-02 05:17:06,22.076,2.509,66.228,7.526,0,6826608,216448,53620,1019864,82164.063,3082.620,666.295,762.627,46.159,31.107,3408,3532,1.130,1.420,1.400,3,0,1.003,0,0,35,361,0,12,1
05-02 05:17:07,25.190,5.736,63.597,3.492,0,6846384,207024,53692,1009440,11670.993,1616.122,9189.947,486.832,89.785,38.907,4309,4965,1.130,1.420,1.400,2,0,5.986,0,0,35,361,0,12,1
05-02 05:17:08,20.007,4.001,65.772,7.753,0,6799944,241400,54316,1020884,9151.052,2524.842,11207.739,1192.398,170.057,214.071,3610,3711,1.200,1.430,1.400,0,1,12.004,0,0,35,359,0,13,1
05-02 05:17:09,8.511,2.503,66.336,19.525,0,6807936,222492,54868,1031248,23355.331,1459.896,10333.420,236.307,621.808,6.008,3433,4141,1.200,1.430,1.400,0,1,1.001,0,0,35,359,0,13,1
05-02 05:17:10,12.495,2.999,66.471,16.243,0,6814632,206984,55024,1039900,13280.223,1619.296,8196.435,307.866,292.873,22.990,3068,3589,1.200,1.430,1.400,1,1,0,0,0,35,359,0,13,1
05-02 05:17:11,12.999,3.250,66.744,14.749,0,6824964,202512,58588,1030472,23518.847,1619.852,9207.157,11.999,288.974,2.000,3206,3402,1.200,1.430,1.400,0,1,0,0,0,35,359,0,13,1
05-02 05:17:12,19.352,6.786,63.082,8.796,0,6844240,204140,58520,1009644,16782.439,1628.582,7945.873,478.522,674.555,12.064,5197,6933,1.200,1.430,1.400,4,0,2.011,0,0,35,359,0,10,1
05-02 05:17:13,24.871,5.472,62.924,3.979,0,6882056,206476,57732,970260,7859.288,1611.651,3529.716,342.227,377.047,19.897,4597,5738,1.180,1.420,1.400,3,1,0.995,0,0,35,359,0,10,1
05-02 05:17:14,28.423,4.737,57.095,7.978,0,6896832,204212,57732,957748,15862.944,1615.615,8636.558,590.398,354.039,13.962,4910,5591,1.180,1.420,1.400,1,0,0,0,0,35,359,0,12,1
05-02 05:17:15,27.309,4.009,64.640,3.257,0,6909016,210672,57764,939072,9298.078,1623.506,9556.636,501.082,219.474,12.026,3959,4083,1.180,1.420,1.400,1,0,0,0,0,35,359,0,12,1
05-02 05:17:16,46.639,8.525,41.875,1.504,0,6924468,209028,57720,925308,8828.404,2182.527,4521.523,533.596,48.144,12.036,5028,5527,1.180,1.420,1.400,5,0,12.036,0,0,35,359,0,12,1
05-02 05:17:17,87.085,13.513,0,0,0,7065076,201612,57332,792504,15684.256,1621.577,9881.612,400.389,78.076,28.027,6063,4420,1.180,1.420,1.400,4,0,0,0,0,35,359,0,12,1
05-02 05:17:18,68.570,8.759,19.270,2.503,0,7109092,210536,56660,740288,11703.872,1621.645,10462.613,960.975,145.147,92.093,10142,14482,1.650,1.510,1.430,5,0,0,0,0,35,363,0,13,1
05-02 05:17:19,52.299,9.215,33.123,3.736,0.249,7113676,204720,57136,741312,15247.411,1452.419,10404.022,6020.864,117.548,469.197,11690,17825,1.650,1.510,1.430,5,0,0.996,0,0,35,365,0,16,1
05-02 05:17:20,65.635,11.023,9.520,11.774,0,7123716,209232,57060,726948,11283.208,1623.339,14000.798,7996.448,303.625,536.103,11907,18444,1.650,1.510,1.430,2,1,1.002,0,0,35,367,0,21,1
05-02 05:17:21,56.547,7.506,26.522,8.257,0,7151104,211132,56260,699032,8338.960,1621.353,11081.249,8539.127,158.132,228.190,7870,10932,1.650,1.510,1.430,1,2,1.001,0,0,35,371,0,22,1
05-02 05:17:22,48.841,8.265,33.813,7.764,0,7162760,222592,53792,678768,15339.472,1623.013,11801.906,5935.016,163.303,627.164,10466,16217,1.650,1.510,1.430,1,0,2.004,0,0,35,371,0,27,1
05-02 05:17:23,25.738,6.497,61.221,4.248,0,7163400,209664,55136,689712,11631.535,1619.239,10267.176,9991.306,110.948,723.660,8764,13471,1.760,1.540,1.440,1,0,0,0,0,35,371,0,27,1
05-02 05:17:24,28.427,5.985,60.345,2.494,0,7163428,219956,48440,687232,15757.463,1615.843,9926.463,9754.905,87.774,1191.934,8921,12986,1.760,1.540,1.440,0,1,0,0,0,35,371,0,28,1
05-02 05:17:25,47.832,7.763,38.817,4.007,0,7166712,204980,49096,698268,13004.359,1622.790,10209.553,2704.650,104.179,289.498,9591,14220,1.760,1.540,1.440,3,0,0,0,0,35,376,0,30,1
05-02 05:17:26,73.304,13.260,9.507,3.252,0,7170220,203176,50616,695324,14734.766,1663.215,10311.534,12216.926,104.076,1164.851,13895,24184,1.760,1.540,1.440,6,0,0,0,0,35,379,0,36,1
05-02 05:17:27,72.764,12.460,11.214,1.994,0,7171848,204872,52404,690580,12158.605,1614.768,10601.649,9620.827,112.635,1020.693,14376,25728,1.760,1.540,1.440,6,0,0,0,0,35,379,0,46,1
05-02 05:17:28,71.672,15.287,7.769,4.511,0,7171444,207180,47496,694040,7673.402,1623.894,11427.404,8861.250,229.550,943.262,14549,24679,2.180,1.630,1.470,4,1,2.005,0,0,35,378,0,54,1
05-02 05:17:29,71.834,12.014,11.513,3.254,0,7177796,214608,47536,681396,8431.821,1621.889,10424.142,12106.101,120.140,1399.630,14231,24621,2.180,1.630,1.470,4,1,3.003,0,0,35,378,0,63,1
05-02 05:17:30,66.905,13.980,8.488,8.738,0,7213308,203440,42808,662664,15799.628,1617.709,12034.959,9490.562,182.741,916.702,13119,22054,2.180,1.630,1.470,2,2,1.997,0,0,35,377,0,71,1
05-02 05:17:31,75.726,14.448,6.975,2.242,0,7209016,211836,42112,659416,12475.800,1452.737,10725.143,13435.324,101.632,979.451,12742,23372,2.180,1.630,1.470,3,1,4.982,0,0,35,379,0,88,1
05-02 05:17:32,74.394,12.274,7.264,4.759,0,7220160,220764,37476,644312,80389.599,1623.142,11169.620,8993.407,141.273,871.687,12477,20401,2.180,1.630,1.470,5,1,3.006,0,0,35,382,0,103,1
05-02 05:17:33,67.672,11.028,16.041,3.509,0,7208340,219572,38860,655940,15501.408,1624.129,10671.128,7988.308,113.288,636.618,12478,20995,2.240,1.650,1.480,3,0,1.003,0,0,35,383,0,110,1
05-02 05:17:34,63.839,12.219,19.700,2.992,0,7205136,208468,41196,667920,15505.887,1615.924,10605.249,21924.696,109.723,1178.028,13616,23851,2.240,1.650,1.480,9,0,0,0,0,35,382,0,113,1
05-02 05:17:35,64.804,11.009,21.018,1.251,0,7190296,226480,41184,664804,12178.144,1621.350,9928.270,6173.142,86.072,632.527,13112,21419,2.240,1.650,1.480,5,0,0,0,0,35,382,0,121,1
05-02 05:17:36,73.079,12.513,11.763,1.001,0,7191924,211352,42924,676568,8130.770,1621.749,10070.863,9113.831,93.100,841.908,13547,23773,2.240,1.650,1.480,6,0,1.001,0,0,35,382,0,135,1
05-02 05:17:37,56.712,10.944,28.854,1.741,0,7190196,223628,42008,666936,8533.712,1611.824,10152.501,8051.160,91.536,717.361,13005,21686,2.240,1.650,1.480,10,0,1.990,0,0,35,383,0,138,1
05-02 05:17:38,58.144,10.526,28.069,1.253,0.251,7194444,206956,43220,678148,18871.725,1624.021,10028.831,10670.419,90.223,830.055,13443,22055,2.540,1.720,1.500,4,0,0,0,0,35,381,0,143,1
05-02 05:17:39,54.088,9.015,32.803,2.003,0,7192796,219328,41048,669596,14496.540,1622.635,10216.590,5420.802,91.148,544.885,12197,19225,2.540,1.720,1.500,2,0,1.002,0,0,35,382,0,145,1
05-02 05:17:40,49.247,7.750,40.248,1.250,0,7193528,206592,41440,681208,15727.118,1619.909,10087.435,2623.853,96.995,261.985,10985,16203,2.540,1.720,1.500,2,0,0,0,0,35,382,0,150,1
05-02 05:17:41,49.820,8.512,36.802,3.755,0,7188904,207968,41472,684424,10816.262,1622.289,10911.396,11239.859,121.171,980.383,12618,20264,2.540,1.720,1.500,3,0,0,0,0,35,381,0,151,1
05-02 05:17:42,54.229,8.747,31.488,4.248,0,7186704,220880,39756,675440,17325.236,1499.415,10283.985,5673.785,102.960,583.772,11613,18180,2.540,1.720,1.500,5,0,0,0,0,35,383,0,152,1
05-02 05:17:43,60.859,10.226,24.194,2.245,0,7186932,207380,41408,687060,15869.204,1616.252,10040.718,8137.132,94.780,794.159,13595,22628,3.140,1.860,1.550,9,0,0,0,0,35,382,0,158,1
05-02 05:17:44,60.844,10.516,24.788,2.253,0,7188484,215360,40468,678468,11698.073,1622.507,10512.241,10075.566,110.170,903.396,13788,23065,3.140,1.860,1.550,3,0,0,0,0,35,382,0,161,1
05-02 05:17:45,61.283,12.006,23.012,2.751,0,7189444,200820,42608,689908,16003.605,1620.872,10257.516,19954.730,98.053,1177.633,13766,23117,3.140,1.860,1.550,2,1,0,0,0,35,381,0,165,1
05-02 05:17:46,48.492,7.749,36.744,4.749,0,7192468,208248,41688,680380,14650.536,1619.728,10430.246,6274.945,114.981,499.916,10616,16114,3.140,1.860,1.550,4,0,0,0,0,35,383,0,167,1
05-02 05:17:47,69.058,10.471,18.199,1.496,0,7230592,215660,39804,639192,8571.135,1615.502,9916.389,7858.120,88.753,797.779,12657,23899,3.140,1.860,1.550,9,0,33.906,0,0,35,382,0,172,1
05-02 05:17:48,60.894,10.731,25.206,1.747,0,7207744,225064,40824,649160,14945.913,1617.177,10377.886,5773.922,107.812,539.059,12637,23785,3.290,1.910,1.570,5,0,1.997,0,0,35,384,0,180,1
05-02 05:17:49,61.519,11.802,22.348,3.515,0,7203564,215916,42908,660404,11884.938,1627.111,10172.454,14354.731,96.421,1235.399,14850,24885,3.290,1.910,1.570,4,0,1.004,0,0,35,381,0,181,1
05-02 05:17:50,45.044,8.258,43.542,2.252,0,7206348,201320,44148,670976,17113.679,1621.580,9861.611,5221.089,84.082,550.537,11060,17469,3.290,1.910,1.570,5,0,1.001,0,0,35,381,0,182,1
05-02 05:17:51,32.347,5.474,59.221,0.746,0,7206208,208480,43204,664900,14568.263,1612.392,10072.475,1652.204,85.596,157.258,7864,11181,3.290,1.910,1.570,2,0,0.995,0,0,35,383,0,182,1
05-02 05:17:52,36.098,6.016,54.649,2.005,0,7208172,213504,42724,658392,10247.940,1694.620,10280.028,2731.447,102.279,275.752,7993,11587,3.290,1.910,1.570,2,0,0,0,0,35,382,0,184,1
05-02 05:17:53,31.551,6.511,57.844,2.254,0,7209300,217924,42140,653428,15281.791,1554.522,9888.041,9371.203,82.133,683.108,8909,13559,3.270,1.930,1.570,5,1,0,0,0,35,381,0,186,1
05-02 05:17:54,31.204,5.242,57.665,3.245,0,7208572,206920,43336,663964,14686.379,1617.619,9793.582,6586.304,80.881,540.205,9447,13874,3.270,1.930,1.570,5,0,0,0,0,35,381,0,186,1
05-02 05:17:55,39.967,7.744,47.960,2.748,0,7219636,227192,42536,633428,15202.314,1618.649,8105.236,9268.266,95.920,609.491,9611,13961,3.270,1.930,1.570,2,0,0,0,0,35,381,0,187,1
05-02 05:17:56,35.338,6.516,55.138,2.005,0,7219984,225228,43440,634140,11500.781,1624.064,260.652,5481.718,11.028,455.139,8930,13533,3.270,1.930,1.570,1,0,0,0,0,35,382,0,188,1
05-02 05:17:57,32.111,5.476,58.497,1.991,0,7220188,223716,44248,634640,16811.153,1613.010,195.154,7483.572,13.940,545.636,8875,12822,3.270,1.930,1.570,1,0,0,0,0,35,381,0,189,1
05-02 05:17:58,40.278,6.755,48.784,2.502,0,7219504,221952,45192,636144,11310.957,1621.140,128.090,4295.022,7.005,463.326,9737,15125,3.330,1.960,1.590,5,0,0,0,0,35,382,0,193,1
05-02 05:17:59,67.942,11.783,16.547,2.256,0,7221064,217920,47032,636776,8901.169,1624.594,328.930,9358.462,19.054,1023.895,13644,23792,3.330,1.960,1.590,5,1,1.003,0,0,35,382,0,197,1
05-02 05:18:00,61.811,11.511,22.522,2.252,0,7214072,241212,44028,623484,7491.400,1621.602,164.162,10474.347,9.009,876.866,12748,21530,3.330,1.960,1.590,5,0,0,0,0,35,382,0,202,1
05-02 05:18:01,51.744,9.249,35.496,2.000,0,7214092,239728,44860,624116,15798.241,1619.820,207.977,7091.210,5.999,674.925,12477,19859,3.330,1.960,1.590,2,0,0,0,0,35,382,0,205,1
05-02 05:18:02,52.977,9.746,34.485,1.749,0,7214320,238220,45588,624664,80964.354,1619.287,31.986,5193.713,1.999,566.750,11693,18352,3.330,1.960,1.590,2,0,1.999,0,0,35,381,0,208,1
05-02 05:18:03,47.538,8.257,40.783,2.502,0,7215316,236232,46060,625184,15448.360,1621.297,112.090,4151.321,7.006,427.342,11284,17985,3.220,1.970,1.590,3,1,1.001,0,0,35,381,0,209,1
05-02 05:18:04,52.983,9.497,30.740,4.499,0,7215600,233460,47356,626376,11011.414,1457.525,435.858,15806.853,23.992,1185.614,13027,21038,3.220,1.970,1.590,3,0,5.998,0,0,35,381,0,211,1
05-02 05:18:05,50.297,8.217,37.599,1.992,0,7217344,229932,48512,627004,15025.461,1613.499,19.920,12358.208,1.992,874.477,12125,18693,3.220,1.970,1.590,4,0,0,0,0,35,382,0,221,1
05-02 05:18:06,66.183,9.025,21.560,2.256,0,7218044,227160,49588,628000,13486.367,1624.501,64.178,7147.804,4.011,755.092,12504,20855,3.220,1.970,1.590,5,0,0,0,0,35,382,0,233,1
05-02 05:18:07,67.947,12.196,17.173,1.244,0,7217992,225148,50856,628796,8062.998,1612.799,147.342,8991.850,7.964,813.368,13441,22515,3.220,1.970,1.590,9,0,0,0,0,35,383,0,239,1
05-02 05:18:08,64.161,11.529,20.552,2.506,0,7218056,222892,52376,629468,9167.997,1624.074,96.241,14263.779,6.015,1169.935,14204,24625,3.440,2.030,1.610,7,0,0,0,0,35,382,0,240,1
05-02 05:18:09,61.665,11.030,23.814,2.507,0,7219372,219616,53724,630080,16209.463,1624.355,128.344,7845.035,6.016,754.022,13670,22509,3.440,2.030,1.610,4,1,1.003,0,0,35,382,0,240,1
05-02 05:18:10,60.664,9.736,25.963,1.748,0,7219220,218104,54724,630744,15756.718,1617.712,0,5280.533,0,588.168,13373,22204,3.440,2.030,1.610,4,0,0,0,0,35,382,0,247,1
05-02 05:18:11,70.334,9.976,14.965,2.744,0,7218904,215584,56348,631956,15536.277,1616.180,227.462,14944.675,13.967,1190.187,13939,23617,3.440,2.030,1.610,4,0,0,0,0,35,383,0,265,1
05-02 05:18:12,61.575,12.015,23.779,1.752,0.250,7218680,213820,57492,632800,10968.414,1621.984,16.020,5582.828,1.001,622.762,13566,23274,3.440,2.030,1.610,6,0,0,0,0,35,383,0,270,1
05-02 05:18:13,68.994,11.249,16.249,1.250,0,7222836,207520,58836,633600,15470.626,1619.856,75.993,8647.232,2.000,892.921,14142,24956,3.490,2.070,1.630,3,0,1.000,0,0,35,382,0,284,1
05-02 05:18:14,63.203,12.990,20.485,2.498,0,7222692,205340,60524,634236,13328.193,1618.809,63.953,13829.824,2.998,1126.171,14679,25514,3.490,2.070,1.630,5,0,0,0,0,35,382,0,289,1
05-02 05:18:15,63.409,11.780,21.053,2.005,0,7219532,206292,61760,635208,8442.153,1624.069,244.613,14536.423,9.023,975.444,14016,23293,3.490,2.070,1.630,5,0,0,0,0,35,382,0,295,1
05-02 05:18:16,64.237,10.998,20.996,1.250,0,7221304,202800,63008,635680,14423.151,1457.712,19.996,7142.589,2.000,751.851,13741,23510,3.490,2.070,1.630,5,0,0,0,0,35,383,0,298,1
05-02 05:18:17,51.035,9.006,37.025,2.252,0,7221292,201540,63644,636316,16258.077,1621.104,0,8405.727,0,651.444,12305,19914,3.490,2.070,1.630,2,0,0,0,0,35,385,0,300,1
05-02 05:18:18,61.218,12.494,22.238,2.749,0,7221256,220920,57580,623036,9001.342,1619.162,31.983,14660.413,1.999,1258.349,13421,23422,3.490,2.070,1.630,2,0,0,0,0,35,381,0,304,1
05-02 05:18:19,30.050,5.712,59.603,1.987,0,7221928,219416,58112,623336,15651.784,1609.285,3.974,4561.627,0.993,449.010,8801,13247,3.530,2.100,1.640,2,0,0.993,0,0,35,379,0,307,1
05-02 05:18:20,25.336,5.268,65.220,1.003,0,7222000,218916,58264,623612,11204.862,1625.493,0,2239.568,0,206.698,7467,10881,3.530,2.100,1.640,3,0,0,0,0,35,380,0,306,1
05-02 05:18:21,34.017,6.753,54.778,2.501,0,7218432,222172,58508,623680,17587.923,1620.822,16.008,3089.567,1.001,336.171,8644,12649,3.530,2.100,1.640,2,0,1.001,0,0,35,383,0,296,1
05-02 05:18:22,33.146,6.480,56.074,1.994,0,7218880,220672,59064,624176,14847.512,1614.944,35.888,5000.344,2.991,497.442,9167,13653,3.530,2.100,1.640,2,0,1.994,0,0,35,384,0,298,1
05-02 05:18:23,27.051,5.510,63.119,2.004,0,7219040,219664,59520,624568,9445.829,1665.143,0,9293.541,0,673.271,8270,12716,3.530,2.100,1.640,3,0,0,0,0,35,384,0,298,1
05-02 05:18:24,37.780,6.005,53.042,1.001,0,7221240,217464,59784,624304,17228.700,1663.323,12.010,3002.388,1.001,185.147,8554,12175,3.410,2.100,1.640,5,0,0,0,0,35,386,0,299,1
05-02 05:18:25,60.265,9.542,26.617,1.758,0,7220812,215924,60676,625380,17109.235,1627.155,12.053,12065.054,3.013,1027.518,12511,20439,3.410,2.100,1.640,2,0,0,0,0,35,385,0,298,1
05-02 05:18:26,47.704,7.992,40.461,2.498,0,7221716,213936,61440,625700,9856.393,1618.422,15.984,5726.418,0.999,631.385,11012,17287,3.410,2.100,1.640,2,0,0,0,0,35,385,0,301,1
05-02 05:18:27,48.724,8.495,38.230,2.749,0,7222128,211976,62600,626088,14432.337,1457.226,0,12349.443,0,1086.423,12343,19460,3.410,2.100,1.640,4,0,0,0,0,35,385,0,302,1
05-02 05:18:28,59.811,8.759,28.028,1.752,0,7223300,209468,63344,626680,11572.720,1621.642,8.008,6386.468,1.001,630.639,12036,19694,3.410,2.100,1.640,5,0,0,0,0,35,387,0,303,1
05-02 05:18:29,56.909,10.234,28.205,2.995,0,7237936,206580,62840,615436,17525.870,1617.404,43.929,6693.257,4.992,681.905,12653,19739,3.530,2.140,1.660,3,0,2.995,0,0,35,385,0,309,1
05-02 05:18:30,66.351,11.973,19.955,0.748,0,7288376,209964,61580,562872,12850.119,1616.367,3559.999,3144.932,35.919,297.332,10814,16242,3.530,2.140,1.660,3,0,7.982,0,0,35,385,0,273,1
05-02 05:18:31,59.532,12.006,25.013,1.751,0,7266992,219788,62288,573728,7741.161,1620.871,9981.365,5306.853,84.045,554.298,11318,17097,3.530,2.140,1.660,6,0,5.003,0,0,35,385,0,274,1
05-02 05:18:32,42.424,8.284,44.684,3.012,0,7270416,204192,63272,584916,81480.065,1626.689,10133.672,11495.271,83.343,918.778,10592,16642,3.530,2.140,1.660,3,0,1.004,0,0,35,385,0,276,1
05-02 05:18:33,45.984,9.247,40.986,1.999,0,7258596,204560,63908,595732,9275.729,1619.429,9740.565,5705.988,77.973,534.811,11418,18529,3.530,2.140,1.660,3,0,0,0,0,35,385,0,281,1
05-02 05:18:34,52.672,9.985,33.700,1.747,0,7249360,201904,64664,606868,15521.026,1617.606,10089.066,4553.260,86.871,536.206,12269,19627,3.650,2.190,1.680,5,0,0,0,0,35,386,0,239,1
05-02 05:18:35,69.263,11.752,15.503,1.750,0,7238532,202616,65688,615960,14587.652,1620.295,9729.769,10365.884,76.014,922.168,13494,23160,3.650,2.190,1.680,5,0,0,0,0,35,386,0,241,1
05-02 05:18:36,65.596,11.224,20.452,1.746,0,7239152,200484,65744,617416,15262.061,1616.194,9705.147,20986.582,75.821,1477.521,14538,23634,3.650,2.190,1.680,3,0,0,0,0,35,385,0,247,1
05-02 05:18:37,62.517,10.545,23.099,1.758,0,7239392,208768,64364,610272,15588.559,1626.947,9978.606,6692.575,80.343,729.113,13353,21073,3.650,2.190,1.680,3,0,0,0,0,35,385,0,249,1
05-02 05:18:38,58.156,10.234,29.453,0.998,0,7240832,207100,64836,610028,8388.511,1617.399,9764.298,5770.720,79.872,616.009,12357,19671,3.650,2.190,1.680,6,0,0,0,0,35,386,0,224,1
05-02 05:18:39,52.863,10.224,33.663,1.995,0,7241636,205004,65496,610660,7787.845,1454.236,9702.888,11426.428,75.804,874.736,12766,20873,3.760,2.240,1.700,2,0,0.997,0,0,35,387,0,227,1
05-02 05:18:40,38.154,5.773,53.215,1.757,0,7242088,203736,65656,611316,16056.869,1668.742,10080.725,4221.053,85.345,380.537,7935,11074,3.760,2.240,1.700,5,0,0,0,0,35,385,0,227,1
05-02 05:18:41,48.006,8.251,40.255,1.500,0.500,7241620,203508,65824,611844,16384.888,1620.187,9733.122,4912.566,85.010,542.062,11558,17726,3.760,2.240,1.700,3,0,0,0,0,35,384,0,230,1
05-02 05:18:42,47.626,9.226,39.148,2.494,0,7241936,202272,65880,612708,17527.485,1615.804,9702.804,6100.159,75.803,596.451,12441,19406,3.760,2.240,1.700,2,1,0,0,0,35,385,0,220,1
05-02 05:18:43,57.981,10.247,27.991,1.999,0,7241808,201084,66520,613384,15089.074,1619.471,9764.812,13191.693,104.966,1105.639,13811,22670,3.760,2.240,1.700,5,0,0,0,0,35,386,0,222,1
05-02 05:18:44,64.221,10.495,22.240,1.749,0,7239896,211836,66548,604512,14408.474,1619.267,9859.534,7968.391,100.954,805.635,13305,21537,3.860,2.290,1.710,8,0,0,0,0,35,386,0,231,1
05-02 05:18:45,69.059,12.260,16.014,1.751,0,7239992,210232,67408,605160,11895.146,1621.383,9836.390,15265.020,89.076,1282.094,14459,24728,3.860,2.290,1.710,3,1,0,0,0,35,386,0,239,1
05-02 05:18:46,59.995,9.999,26.248,1.750,0,7240048,209196,67888,605660,8021.302,1619.859,9739.152,15798.624,76.993,1106.904,13174,21907,3.860,2.290,1.710,2,0,0,0,0,35,386,0,227,1
05-02 05:18:47,56.193,9.990,30.469,1.748,0,7239920,207888,68296,606688,8985.848,1618.352,9845.972,4639.275,76.922,517.473,12792,20971,3.860,2.290,1.710,3,0,0,0,0,35,387,0,229,1
05-02 05:18:48,58.933,15.298,23.573,1.755,0,7252772,279736,57852,537496,16340.810,1625.053,9822.542,8418.175,89.278,783.436,13555,29004,3.860,2.290,1.710,3,0,36.112,0,0,35,385,0,232,1
05-02 05:18:49,47.966,7.994,39.971,1.749,0,7247712,273328,58336,548688,13503.327,1456.956,9816.968,5607.983,79.943,564.596,11715,18642,3.870,2.310,1.730,1,1,0.999,0,0,35,385,0,234,1
05-02 05:18:50,46.853,9.969,38.628,2.741,0,7242704,266668,59096,559596,18970.301,1614.918,9713.432,12528.573,76.758,982.907,12770,20766,3.870,2.310,1.730,2,0,0,0,0,35,386,0,222,1
05-02 05:18:51,59.451,8.027,29.349,2.007,0,7240636,257248,59664,570516,10624.836,1625.482,9965.612,11157.633,82.278,990.340,11711,18633,3.870,2.310,1.730,3,0,0,0,0,35,386,0,229,1
05-02 05:18:52,57.266,10.003,28.758,1.250,0,7242180,244176,60124,581584,15781.450,1620.457,9734.745,5781.630,77.022,517.146,12076,19806,3.870,2.310,1.730,4,0,0,0,0,35,386,0,238,1
05-02 05:18:53,59.843,11.221,25.433,1.496,0,7241464,233584,60676,592340,14730.440,1709.525,9718.560,6215.729,76.799,664.261,13717,22376,3.870,2.310,1.730,3,0,0,0,0,35,386,0,242,1
05-02 05:18:54,60.413,11.531,23.313,2.757,0,7241724,221100,61776,603464,12198.861,1624.376,9966.849,14442.906,85.230,1304.514,15423,26235,4.120,2.390,1.760,4,0,0,0,0,35,387,0,241,1
05-02 05:18:55,60.976,10.746,25.240,1.749,0,7242852,208812,62300,614100,18303.774,1619.361,9724.161,8404.682,75.970,703.722,13326,22184,4.120,2.390,1.760,4,0,0,0,0,35,386,0,243,1
05-02 05:18:56,58.026,11.255,27.762,1.251,0,7249036,213328,57284,608512,12011.403,1620.729,9848.430,10716.821,79.036,945.425,13242,21170,4.120,2.390,1.760,4,0,0,0,0,35,386,0,246,1
05-02 05:18:57,53.282,9.005,34.521,1.501,0,7246708,204800,57640,619012,11173.637,1620.963,9753.793,3614.147,78.046,375.223,12025,18340,4.120,2.390,1.760,6,0,0,0,0,35,387,0,247,1
05-02 05:18:58,56.295,10.960,28.895,2.242,0,7244524,212772,47308,623660,18941.113,1614.130,9848.183,15320.282,80.706,1222.554,12930,21168,4.120,2.390,1.760,7,0,0.996,0,0,35,386,0,243,1
05-02 05:18:59,7.970,2.242,86.428,0.498,0,7245280,201552,47384,634048,16351.167,1613.995,9699.912,1645.877,77.711,105.607,3342,4470,4.030,2.400,1.760,0,0,0.996,0,0,35,385,0,243,1
05-02 05:19:00,7.538,4.020,86.934,0.503,0,7269184,222032,35444,601828,15019.005,1465.318,9776.826,848.236,76.381,48.241,2872,3487,4.030,2.400,1.760,3,0,0,0,0,35,385,0,243,1
05-02 05:19:01,35.475,6.745,55.711,1.249,0,7269832,216900,35508,606316,19633.106,1618.854,9861.021,5895.828,78.944,482.658,8198,11825,4.030,2.400,1.760,3,0,0.999,0,0,35,387,0,243,1
05-02 05:19:02,34.844,6.518,53.645,2.757,0,7264536,210720,36224,617076,78297.019,1624.399,9826.609,4829.077,79.215,558.512,9804,14956,4.030,2.400,1.760,2,0,2.005,0,0,35,386,0,228,1
05-02 05:19:03,30.104,5.473,59.461,2.239,0,7260040,203908,36988,627620,15408.128,1612.166,9696.881,8502.683,76.628,715.523,9331,14233,4.030,2.400,1.760,2,0,0,0,0,35,386,0,228,1
05-02 05:19:04,32.798,7.511,54.329,3.755,0.250,7251612,211896,37128,628044,15454.389,1622.350,10531.257,2723.946,117.170,271.393,8532,12450,3.870,2.400,1.760,3,1,7.010,0,0,35,387,0,228,1
05-02 05:19:05,50.329,8.513,37.308,2.003,0,7248600,218500,37376,624260,16028.100,1622.541,9883.478,7575.864,86.135,655.026,11373,18032,3.870,2.400,1.760,4,0,0,0,0,35,387,0,230,1
05-02 05:19:06,47.607,8.018,41.093,1.754,0,7250504,203876,38604,635752,12526.238,1623.660,10130.838,12175.447,94.212,1147.587,11559,17622,3.870,2.400,1.760,3,0,0,0,0,35,388,0,206,1
05-02 05:19:07,47.704,9.741,36.465,4.246,0,7249720,205712,38980,634324,7819.425,1618.432,10094.221,15429.053,92.910,1228.810,12779,20877,3.870,2.400,1.760,4,0,0,0,0,35,387,0,207,1
05-02 05:19:08,53.282,9.506,32.019,1.751,0,7249800,214508,38708,625900,16019.530,1620.964,10069.991,7316.353,90.054,695.414,12377,19861,3.870,2.400,1.760,3,0,0,0,0,35,387,0,210,1
05-02 05:19:09,47.439,7.990,41.696,1.748,0,7251016,211660,39132,627112,11618.078,1617.922,10043.101,3267.803,94.878,339.564,11178,17334,3.880,2.420,1.780,2,1,0.999,0,0,35,387,0,212,1
05-02 05:19:10,38.040,6.257,49.803,3.003,0,7252056,210340,39760,626776,8436.914,1621.713,10010.577,10415.004,89.094,802.848,9745,15093,3.880,2.420,1.780,1,0,0,0,0,35,386,0,214,1
05-02 05:19:11,49.455,6.744,39.963,2.997,0,7253360,213704,39596,622292,16331.036,1618.517,10178.673,3157.107,100.908,331.696,9561,13677,3.880,2.420,1.780,6,0,0,0,0,35,388,0,201,1
05-02 05:19:12,52.219,7.745,36.229,1.999,0,7254880,215644,39676,618752,12531.612,1457.141,10010.099,10118.035,94.944,925.454,11336,17026,3.880,2.420,1.780,5,1,0,0,0,35,387,0,206,1
05-02 05:19:13,54.307,9.760,30.532,4.254,0,7259004,228848,39404,601696,15193.013,1621.709,10246.800,4905.170,96.101,471.497,11215,18952,3.880,2.420,1.780,2,0,2.002,0,0,35,389,0,210,1
05-02 05:19:14,61.023,10.959,23.413,2.740,0,7260056,214852,40600,613444,14066.585,1613.986,10249.807,10030.624,100.625,1001.269,14079,23697,3.650,2.400,1.770,3,0,0,0,0,35,388,0,215,1
05-02 05:19:15,65.746,12.547,17.817,2.509,0,7259868,202372,42136,624576,14763.346,2184.188,9993.464,15871.501,93.350,1384.189,15873,27166,3.650,2.400,1.770,8,0,0,0,0,35,389,0,179,1
05-02 05:19:16,68.655,12.732,13.481,2.746,0,7259812,207396,42644,619108,12458.707,1617.755,9994.128,10577.319,92.871,975.646,14401,24788,3.650,2.400,1.770,3,1,0,0,0,35,389,0,186,1
05-02 05:19:17,60.552,11.260,25.522,1.501,0,7259760,212724,42260,614216,7986.837,1621.388,9816.403,12566.758,81.069,1174.005,14350,23551,3.650,2.400,1.770,1,0,0,0,0,35,388,0,188,1
05-02 05:19:18,51.555,9.260,36.289,1.752,0,7261072,216844,41680,609364,8671.213,1621.723,9770.381,12152.912,78.083,805.856,13171,21046,3.650,2.400,1.770,4,1,0,0,0,35,388,0,194,1
05-02 05:19:19,50.943,8.990,36.709,1.498,0,7261172,205672,41876,620256,16241.786,1618.185,9912.883,2812.846,85.904,252.717,12246,18539,4,2.490,1.810,7,0,0.999,0,0,35,389,0,182,1
05-02 05:19:20,49.268,9.253,38.764,1.250,0,7260332,231972,40468,596364,12859.751,1620.599,9891.654,3705.369,79.029,427.158,12100,19384,4,2.490,1.810,3,0,0,0,0,35,390,0,182,1
05-02 05:19:21,50.273,7.003,37.768,3.252,0,7260944,220068,41656,606468,14964.980,1620.756,9972.651,6050.822,85.040,663.309,11381,18158,4,2.490,1.810,2,0,0,0,0,35,387,0,183,1
05-02 05:19:22,48.485,9.497,37.988,2.749,0,7262124,207472,42652,616888,13818.804,1619.508,9881.000,17282.753,81.975,1399.575,12662,20579,4,2.490,1.810,7,0,1.000,0,0,35,388,0,185,1
05-02 05:19:23,47.039,9.508,39.783,2.002,0,7261260,217396,42776,607800,15098.614,1459.219,9992.348,5340.462,83.069,625.523,12132,18952,4,2.490,1.810,2,0,0,0,0,35,387,0,185,1
05-02 05:19:24,64.730,10.747,20.993,1.500,0,7262552,204792,43500,618388,11774.313,1661.480,9808.928,6565.944,79.975,669.790,12947,22023,3.840,2.480,1.810,4,0,0,0,0,35,389,0,192,1
05-02 05:19:25,56.693,8.991,31.468,1.498,0,7263460,211312,43200,611264,8097.862,1618.374,9870.081,5130.844,79.920,484.513,12619,20026,3.840,2.480,1.810,3,0,0,0,0,35,388,0,198,1
05-02 05:19:26,56.415,11.233,28.207,1.747,0,7263376,213284,43404,609172,8642.927,1617.553,9765.229,15049.237,79.879,968.535,13673,22861,3.840,2.480,1.810,3,0,0,0,0,35,388,0,206,1
05-02 05:19:27,55.848,11.019,29.552,2.755,0,7264904,211532,42928,609872,18545.611,1622.854,9913.432,13066.977,85.150,1220.146,13100,20329,3.840,2.480,1.810,8,0,1.002,0,0,35,388,0,198,1
05-02 05:19:28,60.073,9.261,26.032,3.254,0,7265672,202992,43284,617288,14741.893,1621.969,9960.089,6976.468,85.103,681.828,12679,20850,3.840,2.480,1.810,3,0,0,0,0,35,388,0,201,1
05-02 05:19:29,56.177,10.486,27.714,3.495,0,7267240,215088,42740,604168,14731.773,1617.888,9803.206,12751.358,81.893,989.708,13505,22852,3.930,2.530,1.820,4,1,1.997,0,0,35,389,0,203,1
05-02 05:19:30,60.999,11.453,17.428,8.465,0,7286396,211560,42668,588612,11644.039,1613.355,11054.467,6461.386,184.241,641.358,12109,19343,3.930,2.530,1.820,10,0,0.996,0,0,35,388,0,209,1
05-02 05:19:31,68.107,11.518,17.027,2.254,0,7244544,293644,41476,549572,15428.318,1622.557,10520.582,5600.828,94.148,552.871,10365,16070,3.930,2.530,1.820,5,0,7.011,0,0,35,386,0,198,1
05-02 05:19:32,43.989,9.498,43.239,1.999,0,7265964,261280,41768,560224,80485.580,1619.589,10445.350,3823.030,83.979,367.907,8538,11833,3.930,2.530,1.820,4,0,3.999,0,0,35,386,0,198,1
05-02 05:19:33,42.837,7.515,45.843,2.255,0,7235404,280284,42704,570844,8404.018,1623.287,9779.804,11407.100,78.158,896.816,10671,16288,3.930,2.530,1.820,2,0,0,0,0,35,387,0,200,1
05-02 05:19:34,42.753,6.500,47.753,1.500,0,7146436,358148,43132,581520,16207.007,1458.091,9776.607,4232.263,78.005,438.027,9522,14788,3.780,2.520,1.830,1,0,0,0,0,35,386,0,203,1
05-02 05:19:35,28.384,6.225,61.996,1.494,0,7133568,360004,43624,592040,14693.884,1613.399,9819.825,3362.244,77.682,371.480,8142,11886,3.780,2.520,1.830,3,0,0,0,0,35,386,0,191,1
05-02 05:19:36,28.341,5.518,61.697,2.257,0,7125224,357352,43960,602700,8664.712,1625.198,9759.212,4678.965,76.244,380.216,8233,12067,3.780,2.520,1.830,3,0,0,0,0,35,386,0,191,1
05-02 05:19:37,38.002,6.750,52.003,1.250,0,7118876,352808,44420,613132,15932.805,1620.082,9760.493,10092.510,77.004,821.041,9512,13407,3.780,2.520,1.830,3,0,0,0,0,35,387,0,192,1
05-02 05:19:38,29.524,5.755,51.292,11.009,0,7118116,341484,45056,624580,11435.441,1621.339,10548.709,9359.727,125.103,671.554,8037,12157,3.780,2.520,1.830,1,2,0,0,0,35,385,0,195,1
05-02 05:19:39,6.718,1.742,88.323,0.498,0,7117476,332092,45108,634560,25810.363,1612.215,9685.230,1468.907,76.630,91.558,3069,3878,3.710,2.520,1.830,0,0,0.995,0,0,35,385,0,181,1
05-02 05:19:40,5.249,2.250,89.233,0,0,7116312,322708,45144,645072,64041.461,1661.675,9726.096,643.874,75.985,37.993,3168,3318,3.710,2.520,1.830,0,0,0,0,0,35,385,0,181,1
05-02 05:19:41,10.292,2.761,85.352,0.251,0.251,7116072,312620,45172,655372,14592.169,1626.708,9784.344,590.435,77.319,37.153,3170,3854,3.710,2.520,1.830,2,0,0,0,0,35,386,0,181,1
05-02 05:19:42,27.318,4.762,65.162,1.504,0,7117444,299884,45508,666400,18813.644,1624.026,9880.496,2049.080,77.191,235.584,7262,10317,3.710,2.520,1.830,1,0,0,0,0,35,385,0,182,2
05-02 05:19:43,28.522,6.255,61.797,1.501,0,7116184,290048,46004,677008,16573.622,1621.235,9755.430,3810.902,78.059,437.333,8627,12978,3.710,2.520,1.830,3,0,0,0,0,35,386,0,173,1
05-02 05:19:44,41.930,5.954,47.884,2.481,0,7116276,278700,46704,687564,14746.289,1446.941,9689.936,5855.246,78.401,617.282,9864,15134,3.580,2.520,1.830,1,0,0,0,0,35,385,0,177,1
05-02 05:19:45,8.511,2.503,86.111,0.250,0,7041576,342972,46756,697940,11896.359,1622.094,9868.742,1710.208,77.100,98.127,2820,3591,3.580,2.520,1.830,2,0,0,0,0,35,385,0,177,1
05-02 05:19:46,5.497,1.999,88.455,0.250,0.250,7039860,334296,46780,708308,14444.690,1619.181,9723.080,1351.316,75.962,96.951,2808,3655,3.580,2.520,1.830,0,0,0,0,0,35,385,0,177,1
05-02 05:19:47,8.007,3.253,86.580,0.500,0,7036532,327232,46824,718656,11776.895,1621.500,9737.008,1217.126,76.070,89.082,3045,4046,3.580,2.520,1.830,0,0,0,0,0,35,385,0,155,1
05-02 05:19:48,12.233,4.743,72.397,7.739,0,7069532,281244,46852,734232,8194.300,1617.690,12206.572,790.871,133.809,42.939,3515,5857,3.580,2.520,1.830,1,1,33.952,0,0,35,385,0,155,1
05-02 05:19:49,10.011,3.254,83.590,1.502,0,7057984,281488,46892,742880,9637.392,1621.749,10875.728,772.833,116.125,52.056,3389,10394,3.610,2.540,1.840,0,0,3.003,0,0,35,385,0,156,1
05-02 05:19:50,12.816,2.764,81.419,0.251,0,7054164,275080,46960,753040,20089.316,1628.374,9778.288,1254.451,76.393,98.507,3855,4938,3.610,2.540,1.840,1,0,0,0,0,35,386,0,156,1
05-02 05:19:51,26.897,5.479,63.755,1.992,0,7051392,267008,47288,763556,12873.624,1613.810,9690.831,8742.469,75.710,621.616,8638,12792,3.610,2.540,1.840,0,1,0,0,0,35,386,0,140,1
05-02 05:19:52,28.974,5.995,60.946,2.248,0,7048360,259060,47640,774184,16510.269,1618.556,9847.214,5962.680,76.931,536.521,8923,13556,3.610,2.540,1.840,3,0,0,0,0,35,386,0,141,1
05-02 05:19:53,29.625,5.523,61.258,2.008,0,7045928,249996,47916,785404,11284.444,1721.237,9769.072,7274.585,76.321,770.238,8755,12526,3.610,2.540,1.840,1,0,0,0,0,35,386,0,141,1
05-02 05:19:54,28.215,5.493,62.922,1.248,0,7043176,242560,48244,795264,16629.432,1456.199,9588.141,2928.378,74.907,312.613,8048,11804,3.560,2.550,1.850,1,1,0,0,0,35,386,0,142,1
05-02 05:19:55,28.582,5.516,62.178,1.755,0,7042024,232920,48876,805424,12145.791,1624.654,9908.382,8243.613,80.230,573.643,8150,12534,3.560,2.550,1.850,3,0,0,0,0,35,387,0,143,1
05-02 05:19:56,30.153,6.728,59.059,1.744,0,7034932,234848,49164,810300,9703.634,1614.780,5498.227,3193.677,43.858,339.901,8028,11693,3.560,2.550,1.850,1,0,0.997,0,0,35,386,0,126,1
05-02 05:19:57,27.080,4.764,64.692,1.003,0,7035148,234344,49264,810488,8432.026,1624.822,0,2242.656,0,221.658,7801,11508,3.560,2.550,1.850,2,0,0,0,0,35,385,0,130,1
05-02 05:19:58,25.598,5.219,64.616,1.988,0,7034764,234092,49492,810896,15091.373,1610.436,63.622,3208.942,2.982,357.875,8257,12762,3.560,2.550,1.850,1,0,0,0,0,35,386,0,130,1
05-02 05:19:59,28.654,5.027,61.581,2.514,0,7034488,233840,49856,811060,11604.454,1628.766,0,3812.519,0,432.327,8055,12444,3.760,2.610,1.870,4,0,1.005,0,0,35,386,0,130,1
05-02 05:20:00,27.733,4.747,64.461,1.999,0,7034520,233084,50312,811328,15533.590,1619.019,3.998,8534.830,0.999,606.633,8118,12093,3.760,2.610,1.870,1,0,0,0,0,35,386,0,124,1
05-02 05:20:01,29.124,6.472,57.003,4.729,0,7034972,230760,50488,813024,14505.111,1613.007,1792.230,1672.748,78.659,159.309,7431,10490,3.760,2.610,1.870,1,0,1.991,0,0,35,387,0,125,1
05-02 05:20:02,18.272,4.505,74.840,0.751,0,7033584,231508,50648,813504,82412.945,1621.947,64.077,2615.140,3.004,196.236,5385,7377,3.760,2.610,1.870,0,0,4.005,0,0,35,385,0,125,1
05-02 05:20:03,4.242,1.248,91.831,0.499,0,7033808,231284,50688,813464,11724.391,1617.020,0,5921.087,0,541.003,2271,3036,3.760,2.610,1.870,0,0,0,0,0,35,385,0,125,1
05-02 05:20:04,4.501,2.500,87.265,3.751,0,7034756,229268,50732,814488,8244.459,1458.258,980.173,1352.239,13.002,86.015,2311,3041,3.700,2.610,1.880,0,0,7.001,0,0,35,385,0,125,1
05-02 05:20:05,14.020,2.504,79.115,1.001,0,7034720,229268,50772,814484,15408.316,1622.350,32.046,276.400,2.003,37.054,3984,5269,3.700,2.610,1.880,2,1,0,0,0,35,386,0,125,1
05-02 05:20:06,25.573,4.513,64.433,2.256,0.251,7034312,229016,51076,814840,12674.966,1624.610,4.011,3028.594,1.003,364.033,8094,12252,3.700,2.610,1.880,1,0,0,0,0,35,386,0,125,1
05-02 05:20:07,28.202,4.992,61.896,2.496,0,7033972,228764,51560,814948,10244.735,1617.275,31.946,4755.985,1.997,528.110,8526,13066,3.700,2.610,1.880,1,1,0,0,0,35,386,0,125,1
05-02 05:20:08,27.265,5.753,63.535,1.751,0,7033828,228272,51968,815176,15578.521,1620.887,0,8312.547,0,641.351,8475,12911,3.700,2.610,1.880,3,0,0,0,0,35,386,0,118,1
05-02 05:20:09,24.964,5.242,65.905,0.999,0.250,7034192,227516,52144,815392,13216.040,1617.679,0,1625.668,0,155.777,7330,10534,3.560,2.600,1.880,2,0,0.999,0,0,35,387,0,119,1
05-02 05:20:10,13.479,2.995,79.375,2.246,0,7033800,227516,52468,815460,15568.521,1617.457,135.786,1829.124,3.994,180.716,4568,6622,3.560,2.600,1.880,1,0,0,0,0,35,385,0,119,1
05-02 05:20:11,3.253,1.001,93.081,0.250,0,7033704,227516,52492,815532,15585.617,1621.417,0,804.703,0,47.041,1929,2741,3.560,2.600,1.880,0,0,0,0,0,35,385,0,119,1
05-02 05:20:12,6.532,3.266,87.683,0.502,0.251,7033792,227104,52544,815804,8406.544,1628.046,16.079,1599.907,1.005,106.526,4011,6343,3.560,2.600,1.880,2,0,0,0,0,35,385,0,109,1
05-02 05:20:13,18.490,3.748,74.960,0.500,0.250,7037128,223576,52640,815900,15354.737,1619.129,0,1427.232,0,136.926,5528,7687,3.560,2.600,1.880,1,0,0.999,0,0,35,386,0,110,1
05-02 05:20:14,28.909,4.735,62.054,1.744,0,7036868,223324,53012,816040,11461.821,1453.412,0,2779.228,0,323.977,8173,12049,3.350,2.580,1.880,3,0,0,0,0,35,386,0,112,1
05-02 05:20:15,27.864,6.025,60.999,2.510,0,7036556,223072,53444,816172,10966.799,1626.645,0,4735.344,0,556.272,8836,13758,3.350,2.580,1.880,1,0,0,0,0,35,386,0,112,1
05-02 05:20:16,27.597,5.470,63.398,1.492,0,7036276,222820,53724,816424,16569.027,1611.057,0,7589.869,0,538.014,8139,12108,3.350,2.580,1.880,3,0,0,0,0,35,386,0,89,1
05-02 05:20:17,26.145,5.028,66.367,1.006,0,7036148,222568,53860,816668,8336.109,1629.011,32.178,1681.300,2.011,159.884,7227,10344,3.350,2.580,1.880,1,0,0,0,0,35,386,0,91,1
05-02 05:20:18,25.195,4.989,65.356,1.497,0,7036056,222064,54100,817024,15875.104,1616.447,0,2430.657,0,309.320,7823,11785,3.350,2.580,1.880,1,0,0,0,0,35,386,0,92,1
05-02 05:20:19,28.174,4.737,62.083,2.493,0,7034924,222720,54380,817220,13600.504,1615.664,15.957,8796.396,0.997,882.632,8614,12964,3.160,2.550,1.870,1,0,0.997,0,0,35,386,0,92,1
05-02 05:20:20,27.525,4.754,64.808,1.251,0,7034512,222720,54544,817468,8333.461,1621.452,0,2806.513,0,275.246,7821,11522,3.160,2.550,1.870,1,0,0,0,0,35,386,0,80,1
05-02 05:20:21,25.086,5.268,64.971,1.505,0,7032164,224668,54800,817612,15727.613,1625.541,0,8075.528,0,531.813,8043,11947,3.160,2.550,1.870,1,0,0,0,0,35,387,0,81,1
05-02 05:20:22,26.201,4.991,63.882,2.745,0,7033624,222552,55000,818068,12084.612,1617.004,0,4407.834,0,400.258,8605,12430,3.160,2.550,1.870,1,0,0,0,0,35,386,0,81,1
05-02 05:20:23,26.457,4.992,64.895,2.246,0.250,7033980,221320,55236,818708,8633.974,1617.373,15.974,3146.888,0.998,358.418,8392,12024,3.160,2.550,1.870,1,0,0,0,0,35,387,0,83,1
05-02 05:20:24,26.492,4.499,65.730,1.250,0,7033460,221384,55384,819016,16702.912,1661.494,0,2391.272,0,261.920,7803,11100,2.990,2.520,1.870,1,0,0,0,0,35,386,0,75,1
05-02 05:20:25,25.784,5.257,62.332,4.005,0,7033332,220680,56020,819212,14558.093,1459.915,236.310,11767.433,9.012,895.174,9108,14322,2.990,2.520,1.870,1,0,1.001,0,0,35,386,0,75,1
05-02 05:20:26,27.539,5.257,62.838,1.752,0,7033776,219684,56316,819468,15663.919,1622.270,0,3000.198,0,368.516,7756,11263,2.990,2.520,1.870,2,0,0,0,0,35,386,0,76,1
05-02 05:20:27,26.734,4.747,64.462,1.249,0,7034220,218928,56472,819624,11781.091,1619.050,0,2574.490,0,268.842,7491,10845,2.990,2.520,1.870,5,0,0,0,0,35,386,0,76,1
05-02 05:20:28,26.519,4.253,65.548,1.251,0,7033960,218676,56636,819972,7600.519,1621.177,0,2349.706,0,224.163,7454,11015,2.990,2.520,1.870,1,0,0,0,0,35,386,0,55,1
05-02 05:20:29,29.291,5.257,60.335,3.255,0,7045296,206860,56812,820276,15911.507,1622.295,60.085,9064.822,4.006,762.078,7252,10123,2.830,2.500,1.860,2,1,3.004,0,0,35,386,0,58,1
05-02 05:20:30,44.428,8.736,44.428,0.749,0,7057348,224564,56276,791056,12555.601,1617.372,519.157,2891.302,5.990,270.560,7452,9869,2.830,2.500,1.860,2,0,5.990,0,0,35,386,0,62,1
05-02 05:20:31,48.157,10.480,37.178,2.495,0,7069664,210876,56528,792176,14858.222,2148.838,5948.479,8695.159,54.894,630.778,8774,12682,2.830,2.500,1.860,3,0,6.986,0,0,35,386,0,63,1
05-02 05:20:32,30.718,6.244,58.939,1.998,0,7051340,219004,56788,802112,76280.617,1618.337,9973.751,5274.580,78.919,483.503,8861,12966,2.830,2.500,1.860,2,1,0.999,0,0,35,386,0,55,1
05-02 05:20:33,28.227,6.495,60.951,2.748,0,7040688,219436,56892,812228,16062.029,1618.693,9828.063,2430.038,80.935,238.807,7796,11010,2.830,2.500,1.860,1,0,0,0,0,35,386,0,56,1
05-02 05:20:34,28.569,6.015,62.902,1.253,0,7039788,210348,57008,822100,16900.853,1623.925,9751.572,2385.767,77.187,239.579,7936,11495,2.760,2.490,1.860,1,0,0,0,0,35,385,0,57,1
05-02 05:20:35,27.012,5.002,62.778,3.001,0,7039196,200812,57120,832116,8269.695,1620.724,9768.365,3597.608,80.036,358.160,7721,11138,2.760,2.490,1.860,1,0,0,0,0,35,386,0,57,1
05-02 05:20:36,27.667,5.733,62.065,1.496,0,7039792,208564,56864,824024,7612.294,1453.664,9826.689,7677.100,76.771,542.382,8444,13001,2.760,2.490,1.860,2,1,0,0,0,35,386,0,59,1
05-02 05:20:37,29.560,6.764,59.621,2.255,0,7037888,219104,56948,815304,17150.756,1623.290,9747.754,4428.975,76.154,507.027,8552,12969,2.760,2.490,1.860,1,0,0,0,0,35,386,0,54,1
05-02 05:20:38,29.032,6.007,62.068,1.502,0,7037584,208384,57232,826044,12289.379,1621.766,9738.602,3203.488,76.083,357.389,8044,11605,2.760,2.490,1.860,1,0,0,0,0,35,386,0,55,1
05-02 05:20:39,26.640,5.228,63.987,0.747,0,7038048,216552,57196,817448,16252.166,1613.365,9815.635,2183.023,76.685,196.193,7464,10353,2.700,2.480,1.860,1,0,0.996,0,0,35,386,0,55,1
05-02 05:20:40,17.779,4.257,75.625,0.751,0.250,7038120,206868,57236,827020,13280.920,1664.748,9744.082,1726.850,76.126,138.228,5248,7080,2.700,2.480,1.860,0,0,0,0,0,35,386,0,57,1
05-02 05:20:41,27.894,5.026,64.834,1.256,0.251,7038688,214988,56648,818920,16554.216,1628.382,9778.336,2524.998,76.393,278.433,7739,10468,2.700,2.480,1.860,1,0,0,0,0,35,386,0,54,1
05-02 05:20:42,28.129,4.481,62.980,2.738,0,7039428,203912,56788,829116,11824.334,1613.088,9710.392,8802.283,77.667,608.393,8557,12233,2.700,2.480,1.860,1,0,0,0,0,35,386,0,56,1
05-02 05:20:43,28.079,5.265,63.428,1.254,0,7040384,211812,56676,820372,13907.024,1624.559,9915.824,2779.800,78.219,212.597,7787,11040,2.700,2.480,1.860,2,0,0,0,0,35,387,0,56,1
05-02 05:20:44,28.530,6.257,60.313,2.252,0,7040188,201880,56864,830312,9460.910,1621.699,9738.200,11103.630,76.080,971.017,9148,13277,2.650,2.470,1.860,3,0,0,0,0,35,386,0,56,1
05-02 05:20:45,28.113,5.225,61.700,1.742,0.249,6967876,282888,57092,821388,16301.640,1612.152,9824.174,3980.621,81.603,361.241,7147,10078,2.650,2.470,1.860,1,0,0,0,0,35,385,0,51,1
05-02 05:20:46,26.737,2.499,66.469,2.249,0,6974672,263752,57536,833284,15442.718,1619.236,11542.557,1299.387,94.955,75.964,3529,3667,2.650,2.470,1.860,3,0,0,0,0,35,385,0,51,1
05-02 05:20:47,8.993,2.248,77.194,7.994,0,6902632,321912,57980,846720,23898.511,238137.734,13969.777,1051.231,172.873,69.949,3432,4152,2.650,2.470,1.860,2,0,0,0,0,35,385,0,51,1
05-02 05:20:48,5.500,1.750,89.506,0.500,0,6896792,318524,57992,855936,10389.746,1620.116,9472.680,716.051,74.005,44.003,2411,3089,2.650,2.470,1.860,1,0,0,0,0,35,385,0,51,1
05-02 05:20:49,13.268,5.257,79.611,0,0,6891156,313688,57996,866404,16010.259,1622.255,9869.722,644.897,77.107,34.047,3849,8585,2.430,2.430,1.850,2,0,37.052,0,0,35,385,0,51,1
05-02 05:20:50,6.496,1.999,88.202,0.500,0.250,6888932,309736,58008,872568,11578.760,1619.127,6128.697,1215.345,66.964,77.958,2740,3664,2.430,2.430,1.850,3,0,0,0,0,35,385,0,51,1
05-02 05:20:51,5.239,1.746,89.819,0,0,6887604,308472,58016,875152,8095.710,1616.747,2367.237,87.823,29.940,9.980,2192,2973,2.430,2.430,1.850,0,0,0,0,0,35,385,0,51,1
05-02 05:20:52,5.753,1.501,90.302,0,0,6887560,307704,58016,875964,14835.523,1620.931,0,76.044,0,1.001,2219,2863,2.430,2.430,1.850,0,0,0,0,0,35,385,0,51,1
05-02 05:20:53,6.256,2.002,88.840,0.250,0,6887424,307832,58028,875960,15319.479,1621.639,0,440.445,0,34.034,2671,3477,2.430,2.430,1.850,0,0,0,0,0,35,385,0,50,1
05-02 05:20:54,5.994,1.498,88.910,0.499,0,6887504,307704,58052,875984,8520.336,1618.354,3.996,4695.225,0.999,234.761,2612,3741,2.240,2.390,1.840,0,0,0,0,0,35,385,0,50,1
05-02 05:20:55,7.507,2.252,87.586,0.500,0,6887348,307832,58072,875992,15335.995,1621.585,0,332.325,0,48.047,2690,3391,2.240,2.390,1.840,1,0,0,0,0,35,385,0,50,1
05-02 05:20:56,7.244,1.749,87.683,0,0,6887688,307464,58096,875996,9585.641,1456.882,0,371.715,0,35.972,2674,3520,2.240,2.390,1.840,1,0,0,0,0,35,385,0,51,1
05-02 05:20:57,7.990,1.998,86.646,0.499,0.250,6886044,304064,58116,881020,15662.227,1618.061,5225.736,459.449,42.949,54.934,3016,4065,2.240,2.390,1.840,0,0,0,0,0,35,385,0,46,1
05-02 05:20:58,5.256,2.253,89.608,0.250,0,6884632,299400,58120,887092,11527.843,1621.948,6031.243,292.351,48.058,16.019,2364,3076,2.240,2.390,1.840,0,0,0,0,0,35,385,0,46,1
05-02 05:20:59,6.262,2.254,88.918,0.250,0,6884016,290456,58136,896636,7998.074,1623.059,9730.339,292.551,78.147,24.045,2617,3426,2.060,2.350,1.830,0,0,1.002,0,0,35,385,0,46,1
05-02 05:21:00,5.742,1.747,89.372,0,0,6883792,283020,58144,904288,15722.439,1617.679,7181.694,71.897,64.907,9.986,2490,3168,2.060,2.350,1.830,1,0,0,0,0,35,385,0,46,1
05-02 05:21:01,9.255,3.252,85.793,0,0,6915128,241684,58144,914288,11427.732,1620.813,9924.978,4.002,78.039,1.001,2530,2954,2.060,2.350,1.830,1,0,1.001,0,0,35,385,0,41,1
05-02 05:21:02,5.251,2.001,88.025,1.250,0,6912860,233384,58144,924856,80859.640,1620.454,10002.801,4.001,87.024,1.000,2535,2955,2.060,2.350,1.830,0,0,3.001,0,0,35,385,0,41,1
05-02 05:21:03,5.989,1.996,89.343,0.250,0,6910020,225800,58148,935276,11220.251,1617.154,9710.908,119.789,75.866,11.979,2463,3192,2.060,2.350,1.830,2,0,0,0,0,35,385,0,41,1
05-02 05:21:04,6.760,3.005,86.634,1.002,0,6907652,218264,58152,945176,15320.631,1622.503,9959.362,384.593,80.124,22.034,2748,3263,2.210,2.380,1.850,0,0,7.011,0,0,35,385,0,41,1
05-02 05:21:05,6.005,2.252,89.069,0.250,0,6905528,210324,58152,955240,14125.887,1459.125,9811.562,1493.151,78.060,275.212,2573,3180,2.210,2.380,1.850,1,0,0,0,0,35,385,0,40,1
05-02 05:21:06,6.993,1.998,87.916,0.500,0,6903980,202004,58164,965096,10246.165,1618.446,9722.667,335.678,76.926,25.975,2737,3413,2.210,2.380,1.850,1,0,0,0,0,35,385,0,40,1
05-02 05:21:07,6.748,2.249,87.474,0.500,0,6898392,207252,58064,965536,7843.646,1619.514,8281.514,367.890,67.980,41.987,2783,3716,2.210,2.380,1.850,0,0,0,0,0,35,385,0,40,1
05-02 05:21:08,7.255,2.502,87.309,0,0,6894564,202052,58064,974564,16180.980,1989.350,8569.815,232.158,70.048,17.012,2721,3161,2.210,2.380,1.850,3,0,0,0,0,35,385,0,41,1
05-02 05:21:09,6.993,2.248,87.907,0.250,0,6892684,220464,57868,958228,11477.840,1985.896,8970.496,51.945,75.920,5.994,2629,3093,2.360,2.410,1.860,0,0,0.999,0,0,35,385,0,39,1
05-02 05:21:10,6.751,2.500,88.767,0,0,6890944,212092,57868,968340,16641.237,1620.315,9857.918,12.002,77.015,1.000,2468,2966,2.360,2.410,1.860,0,0,0,0,0,35,385,0,39,1
05-02 05:21:11,5.257,1.752,89.870,0.250,0.250,6890900,202404,57868,978072,11709.600,1806.407,9740.977,0,76.101,0,2293,2848,2.360,2.410,1.860,0,0,0,0,0,35,385,0,39,1
05-02 05:21:12,8.545,3.518,85.698,0,0,6892304,217628,57712,961600,18288.510,1628.505,9260.361,140.735,77.404,12.063,3938,5431,2.360,2.410,1.860,1,0,0,0,0,35,385,0,39,1
05-02 05:21:13,8.947,3.231,84.996,0.249,0,6894088,205684,57716,971756,11738.349,1693.949,9543.373,282.325,75.552,24.853,3720,5107,2.360,2.410,1.860,2,0,0.994,0,0,35,385,0,38,1
05-02 05:21:14,9.756,2.251,84.298,0.500,0,6894064,220748,57568,956864,12975.356,1933.096,9861.590,500.284,77.044,44.025,3501,4202,2.170,2.370,1.850,0,0,0,0,0,35,385,0,40,1
05-02 05:21:15,7.245,2.249,86.443,0.750,0,6894092,210408,57588,967156,12805.542,1618.931,9777.542,339.776,80.947,20.986,2838,3433,2.170,2.370,1.850,0,0,0,0,0,35,385,0,40,1
05-02 05:21:16,7.501,2.750,87.510,0.500,0,6893828,225840,57332,952244,15632.770,2094.237,9729.102,1096.124,76.009,96.011,2860,3421,2.170,2.370,1.850,0,0,0,0,0,35,385,0,40,1
05-02 05:21:17,7.253,2.001,88.038,0.250,0,6895232,214200,57356,962456,10071.367,810.351,9860.275,360.156,77.033,39.017,2882,3685,2.170,2.370,1.850,1,0,0,0,0,35,385,0,40,1
05-02 05:21:18,14.519,4.506,72.342,6.008,0,6911276,218736,57864,941368,292180.400,6982.900,11550.722,280.357,148.189,15.019,3606,3538,2.170,2.370,1.850,1,0,7.009,0,0,35,385,0,34,1
05-02 05:21:19,16.926,5.476,69.196,5.974,0,6897228,221904,58188,951924,149116.514,8156.147,10374.396,0,107.527,0,3935,3728,2.080,2.340,1.840,0,1,23.895,0,0,35,385,0,34,1
05-02 05:21:20,17.556,4.765,73.235,1.756,0,6914256,218396,58184,938408,310122.446,10991.280,10068.318,128.412,87.280,6.019,4012,3874,2.080,2.340,1.840,1,0,20.064,0,0,35,385,0,34,1
05-02 05:21:21,16.781,6.512,66.123,8.265,0,6906920,211396,58192,952736,12394.008,1236.295,9132.954,1763.273,204.379,204.379,3713,3372,2.080,2.340,1.840,1,0,13.024,0,0,35,385,0,34,1
05-02 05:21:22,23.165,4.733,66.257,3.985,0,6905564,218032,58180,947464,7744.622,538.029,10079.069,151.445,145.467,5.978,3354,3173,2.080,2.340,1.840,3,0,3.985,0,0,35,385,0,31,1
05-02 05:21:23,21.028,6.759,66.340,4.005,0,6906408,204176,58604,960048,12729.249,981.330,4129.596,148.201,103.140,9.012,3683,3619,2.080,2.340,1.840,1,1,13.018,0,0,35,385,0,31,1
