"pcp-dstat 6.2.0 CSV Output"
"Author:","PCP team <pcp@groups.io> and Dag Wieers <dag@wieers.com>",,,,"URL:","https://pcp.io/ and http://dag.wieers.com/home-made/dstat/"
"Host:","ubuntu",,,,"User:","ubuntu"
"Cmdline:","dstat -tcmndrylpg --tcp --output /tmp/devstack_logs/dstat-csv.log",,,,"Date:","17 Aug 2026 10:53:58 UTC"
"system","total usage",,,,,"memory usage",,,,"net/total",,"dsk/total",,"io/total",,"system",,"load avg",,,"procs",,,"paging",,"tcp sockets",,,,
"time","total usage:usr","total usage:sys","total usage:idl","total usage:wai","total usage:stl","used","free","buf","cach","net/total:recv","net/total:send","dsk/total:read","dsk/total:writ","read","writ","int","csw","1m","5m","15m","run","blk","new","in","out","lis","act","syn","tim","clo"
17-08 10:53:58,,944476,600736,217096,5942772,,,,,,,0.790,0.930,0.750,2,0,,,,19,3,0,8,0
17-08 10:53:59,14.486,25.974,57.943,0,0,942360,602792,217096,5942808,35030.460,22465.849,0,179.823,0,9.990,6808,6155,0.790,0.930,0.750,1,0,531.476,0,0,19,3,0,8,0
17-08 10:54:00,9.724,21.193,62.830,4.737,0,955684,589292,217096,5942968,23661.912,12088.259,0,70309.568,0,335.092,5389,4629,0.790,0.930,0.750,0,0,353.044,0,0,19,2,0,8,0
17-08 10:54:01,10.756,19.010,59.782,9.255,0,948788,596120,217096,5943428,9909.223,1911.007,0,152656.468,0,875.461,5569,4899,0.790,0.930,0.750,1,0,231.122,0,0,19,2,0,8,0
17-08 10:54:02,14.758,17.509,67.034,0,0,958128,586756,217096,5943448,9754.967,1620.825,0,52.026,0,6.003,5680,5305,0.810,0.930,0.750,3,0,214.109,0,0,19,2,0,8,0
17-08 10:54:03,20.210,12.475,66.120,0,0,1087400,457244,217096,6068036,8446.358,1674.700,0,0,0,0,4596,5390,0.810,0.930,0.750,1,0,104.794,0,0,20,2,0,8,0
17-08 10:54:04,15.268,9.261,73.836,0.250,0,1102704,441912,217096,6068064,13149.328,1621.891,0,4421.154,0,12.014,3122,2173,0.810,0.930,0.750,1,0,95.111,0,0,20,4,0,8,0
17-08 10:54:05,15.455,11.716,71.793,0,0,1109492,435108,217096,6068080,14243.936,1834.711,0,15.954,0,3.989,3743,2480,0.810,0.930,0.750,1,0,150.566,0,0,20,6,0,8,0
17-08 10:54:06,20.324,7.026,72.263,0.251,0,1135760,408516,217108,6068372,9773.603,1625.923,0,12561.760,0,339.236,2837,2135,0.810,0.930,0.750,1,0,35.128,0,0,20,4,0,10,0
17-08 10:54:07,22.485,2.998,73.450,0,0,1177564,365612,217148,6069192,10230.990,1728.816,0,31.978,0,1.999,1827,1209,0.820,0.930,0.760,2,0,0,0,0,20,4,0,10,0
17-08 10:54:08,23.499,2.250,72.746,0.750,0,1192832,350020,217168,6069468,11024.430,1619.916,0,2667.862,0,55.997,2083,1644,0.820,0.930,0.760,1,0,2.000,0,0,20,6,0,10,0
17-08 10:54:09,13.526,5.761,66.626,11.271,0,1201412,332880,217720,6077364,10434.773,2364.481,0,34765.880,0,3167.001,13402,25491,0.820,0.930,0.760,1,1,54.103,0,0,20,6,0,10,0
17-08 10:54:10,26.505,6.001,58.761,6.251,0,1141480,390712,217992,6079120,13917.522,5904.070,0,33093.997,0,2472.448,10107,18026,0.820,0.930,0.760,3,0,55.010,0,0,20,5,0,10,0
17-08 10:54:11,29.453,14.227,53.414,1.498,0,1170496,361572,218052,6079124,67193.970,2007506.468,0,37052.430,0,1030.343,6899,6885,0.820,0.930,0.760,1,0,161.740,0,0,20,5,0,10,0
17-08 10:54:12,30.815,10.272,58.624,0,0.251,1211144,321044,218052,6079136,24283.238,17238.373,0,1086.292,0,26.055,4284,3720,1,0.960,0.770,1,0,154.326,0,0,20,5,0,10,0
17-08 10:54:13,27.167,4.985,65.301,0.748,0,1211156,320888,218064,6079260,16537.687,9998.581,0,5124.410,0,271.175,3418,3360,1,0.960,0.770,1,0,54.833,0,0,20,4,0,10,0
17-08 10:54:14,22.010,3.752,73.534,0,0,1199796,332228,218068,6079276,9772.515,1620.749,0,144.067,0,10.005,2003,1360,1,0.960,0.770,1,0,10.005,0,0,20,4,0,10,0
17-08 10:54:15,22.986,2.998,73.207,0,0,1237596,294428,218068,6079276,11759.036,1619.041,0,0,0,0,1795,1258,1,0.960,0.770,1,0,0,0,0,20,4,0,10,0
17-08 10:54:16,24.769,1.751,73.056,0,0,1210952,321072,218068,6079276,8692.714,1621.252,0,8.006,0,2.002,1743,1069,1,0.960,0.770,1,0,7.005,0,0,20,4,0,10,0
17-08 10:54:17,9.525,19.802,69.934,0,0,1202088,329860,218068,6079320,13261.855,1624.269,0,12.032,0,3.008,5615,3955,1.080,0.980,0.770,2,0,346.912,0,0,20,4,0,10,0
17-08 10:54:18,8.746,21.240,68.467,0,0,1189080,342688,218068,6079468,18558.085,1619.222,0,31.985,0,7.996,5730,3925,1.080,0.980,0.770,1,0,324.844,0,0,20,4,0,10,0
17-08 10:54:19,23.775,14.015,61.566,0,0,1179464,352252,218068,6079476,13636.619,1621.739,0,124.133,0,5.005,5652,6789,1.080,0.980,0.770,1,0,141.151,0,0,20,4,0,10,0
17-08 10:54:20,46.566,12.202,40.589,0.249,0,1249200,282488,218072,6079960,8886.792,1613.607,0,163.353,0,10.957,4120,2650,1.080,0.980,0.770,2,0,122.515,0,0,20,5,0,10,0
17-08 10:54:21,47.521,3.251,48.272,0,0,1299124,232560,218072,6079964,9619.313,1620.727,0,396.178,0,26.012,2756,1113,1.080,0.980,0.770,2,0,0,0,0,20,5,0,10,0
17-08 10:54:22,45.665,5.240,48.161,0,0,1323768,207264,218072,6080548,10487.587,1455.306,0,3521.482,0,561.960,3055,1254,1.230,1.010,0.790,3,0,0,0,0,20,5,0,10,0
17-08 10:54:23,47.240,10.498,40.992,0,0,1343384,185612,218120,6082412,66572.434,2033977.530,0,659.866,0,45.991,4823,4165,1.230,1.010,0.790,2,0,53.989,0,0,20,6,0,10,0
17-08 10:54:24,30.401,16.834,52.260,0,0,1347508,180588,218160,6083028,26232.365,19209.464,0,140.699,0,15.075,5741,5845,1.230,1.010,0.790,2,0,297.478,0,0,20,4,0,10,1
17-08 10:54:25,27.746,8.499,62.241,0,0,1377952,150136,218160,6083024,30937.539,15217.806,0,0,0,0,3794,3235,1.230,1.010,0.790,1,0,104.985,0,0,20,4,0,10,0
17-08 10:54:26,23.670,2.242,73.005,0,0,1388220,139816,218160,6083024,8947.921,1614.573,0,3113.534,0,15.946,1856,1275,1.230,1.010,0.790,1,0,0,0,0,20,4,0,10,0
17-08 10:54:27,24.743,3.249,71.731,0,0,1396400,202772,215028,6015760,9503.438,1619.563,0,3.999,0,1.000,1922,1225,1.370,1.050,0.800,1,0,0,0,0,20,6,0,10,0
17-08 10:54:28,24.549,1.753,71.893,1.002,0,1406620,192472,215052,6015816,13217.380,1623.240,0,1426.848,0,186.372,3781,4754,1.370,1.050,0.800,1,0,2.004,0,0,20,4,0,12,0
17-08 10:54:29,20.205,6.236,71.839,0.499,0,1392000,207084,215056,6015820,13600.606,1616.388,0,2574.247,0,152.659,2715,2424,1.370,1.050,0.800,1,0,41.906,0,0,20,4,0,12,0
17-08 10:54:30,24.781,1.001,73.843,0,0,1411056,187856,215056,6015992,11091.020,1622.050,0,0,0,0,1765,1011,1.370,1.050,0.800,1,0,0,0,0,20,4,0,12,0
17-08 10:54:31,23.746,2.750,71.987,0,0,1427212,171632,215056,6016060,8607.483,1457.743,3.999,1519.732,1.000,31.994,2650,2451,1.370,1.050,0.800,1,0,1.000,0,0,20,16,0,12,0
17-08 10:54:32,4.999,1.500,73.489,20.247,0,1428444,169616,215380,6016328,9412.539,1619.749,583.909,1123.826,97.985,15.998,1079,1126,1.420,1.060,0.810,1,0,0,0,0,20,16,0,12,0
17-08 10:54:33,17.748,1.750,72.241,7.499,0.500,1429400,168412,215384,6016540,10997.621,1619.797,219.972,455.943,54.993,3.999,1929,1701,1.420,1.060,0.810,1,0,2.000,0,0,20,28,0,12,0
17-08 10:54:34,19.989,6.996,72.209,0,0,1464608,133056,215384,6016688,29962.891,1713.022,0,3.998,0,0.999,2627,1645,1.420,1.060,0.810,1,0,42.975,0,0,20,28,0,12,0
17-08 10:54:35,23.791,5.009,68.117,1.753,0,1428644,259768,211956,5930232,17482.131,6123.554,32.055,4.007,6.010,1.002,2375,1686,1.420,1.060,0.810,2,0,3.005,0,1.002,20,29,0,12,0
17-08 10:54:36,26.066,15.038,54.388,3.760,0,1351328,336896,212000,5930372,73998.209,2065627.844,124.315,12.030,20.051,3.008,6047,4601,1.420,1.060,0.810,3,0,290.736,0,0,20,29,0,12,0
17-08 10:54:37,47.496,12.749,34.497,3.250,0,1428028,259184,212040,5931348,26105.792,18581.428,1011.914,543.954,57.995,4.000,4651,3607,1.550,1.100,0.820,2,0,127.989,0,0,20,29,0,12,0
17-08 10:54:38,47.925,6.740,43.932,0.749,0,1478164,208996,212056,5931384,11505.091,6150.426,19.969,291.546,1.997,15.975,4045,3344,1.550,1.100,0.820,2,0,50.921,0,0,20,28,0,12,0
17-08 10:54:39,44.507,12.752,42.257,0.250,0,1445264,241812,212060,5931464,9915.667,1620.272,0,620.104,0,52.009,7183,8627,1.550,1.100,0.820,3,0,205.034,0,0,20,28,0,12,0
17-08 10:54:40,74.113,25.288,1.002,0,0,1514940,172100,212060,5931500,13753.878,1460.217,0,200.304,0,18.027,5339,3912,1.550,1.100,0.820,6,0,373.567,0,0,20,28,0,12,0
17-08 10:54:41,86.514,12.466,0,0,0,1712856,182136,208008,5732380,15252.356,1615.589,39.891,287.216,3.989,9.973,5398,4741,1.550,1.100,0.820,9,0,33.907,0,32.910,20,28,0,12,0
17-08 10:54:42,89.089,11.011,0.751,0,0,1796560,186904,207752,5643840,11501.522,1621.625,68.068,4976.986,6.006,470.471,6503,6230,2.070,1.210,0.860,6,0,2.002,0,0,20,31,0,8,0
17-08 10:54:43,87.828,9.759,1.501,0,0,1752552,230784,207760,5644128,12150.766,1621.437,0,6185.481,0,497.441,7634,11351,2.070,1.210,0.860,6,0,50.044,0,0,20,30,0,8,0
17-08 10:54:44,47.135,12.968,35.165,4.240,0,1426016,555588,207780,5645840,8786.654,1616.074,1532.278,3950.403,35.913,250.392,5401,5879,2.070,1.210,0.860,1,0,259.370,0,0,20,28,0,8,0
17-08 10:54:45,21.496,3.749,72.986,1.250,0,1472976,508276,207784,5646188,20903.077,1619.696,347.935,267.950,12.998,11.998,1977,1243,2.070,1.210,0.860,1,0,0,0,0,20,28,0,8,0
17-08 10:54:46,24.244,2.499,71.984,0.500,0,1475684,505552,207784,5646204,19627.538,1619.632,0,295.933,0,22.995,3174,3195,2.070,1.210,0.860,1,0,0,0,0,20,28,0,10,0
17-08 10:54:47,19.258,7.753,71.782,0.250,0,1453804,527420,207788,5646212,12760.614,1620.713,0,1344.592,0,74.033,2923,2269,1.980,1.210,0.860,1,0,68.030,0,0,20,28,0,10,0
17-08 10:54:48,27.011,6.753,62.275,2.501,0,1467552,513624,207792,5646272,82008.380,2069579.159,60.024,48.019,6.002,4.002,4466,2859,1.980,1.210,0.860,1,0,55.022,0,0,20,29,0,10,0
17-08 10:54:49,28.551,10.769,57.604,1.753,0,1354520,626640,207800,5646280,38211.797,17371.276,8.014,172.310,2.004,18.032,5135,5162,1.980,1.210,0.860,4,0,185.334,0,0,20,29,0,10,0
17-08 10:54:50,12.250,26.499,58.748,1.000,0,1329216,651904,207804,5646316,24989.024,16897.340,19.999,847.967,2.000,11.000,6637,5856,1.980,1.210,0.860,1,0,583.977,0,0,20,28,0,10,0
17-08 10:54:51,56.311,29.782,13.765,0.250,0,1473844,507240,207804,5646352,20673.411,1621.758,0,264.287,0,21.023,5780,4170,1.980,1.210,0.860,5,0,530.575,0,0,20,28,0,10,0
17-08 10:54:52,88.439,11.242,0.250,0,0,1658032,323040,207804,5646364,13975.298,1618.876,0,623.567,0,35.975,5261,2872,2.220,1.270,0.880,5,0,0,0,0,20,28,0,10,0
17-08 10:54:53,89.496,8.250,2.000,0,0,1732024,249016,207808,5646392,9456.579,1619.928,0,71.997,0,6.000,6680,6914,2.220,1.270,0.880,6,0,0,0,0,20,30,0,10,1
17-08 10:54:54,85.563,10.007,3.753,0,0,1724676,256132,207820,5646612,11948.771,1691.241,0,576.423,0,75.055,8294,12703,2.220,1.270,0.880,5,0,60.044,0,0,20,28,0,7,0
17-08 10:54:55,79.251,20.750,0,0,0,1600808,379964,207824,5646644,10475.085,1620.013,0,792.006,0,15.000,5407,3625,2.220,1.270,0.880,6,0,250.002,0,0,20,28,0,7,0
17-08 10:54:56,89.500,10.500,0.250,0,0,1717736,263036,207824,5646644,13145.980,1619.998,0,296.000,0,17.000,5103,2913,2.220,1.270,0.880,6,0,0,0,0,20,28,0,7,0
17-08 10:54:57,90.739,9.249,0.250,0,0,1814896,165856,207824,5646664,10547.751,1619.808,0,1059.874,0,51.994,6312,5566,2.530,1.350,0.910,6,0,0,0,0,20,29,0,7,0
17-08 10:54:58,81.837,9.481,7.485,0,0,1741064,239516,207824,5646836,10257.540,1616.775,0,7.984,0,1.996,8949,13104,2.530,1.350,0.910,3,0,50.898,0,0,20,32,0,9,0
17-08 10:54:59,63.335,16.022,19.777,0,0,1527280,453120,207828,5647012,9113.256,1459.963,0,336.452,0,30.040,6422,7188,2.530,1.350,0.910,2,0,248.334,0,0,20,28,0,9,0
17-08 10:55:00,48.134,7.233,43.146,0.499,0,1584808,395592,207840,5647004,15300.246,5966.667,7.981,179.569,1.995,7.981,3337,1856,2.530,1.350,0.910,4,0,65.842,0,0,20,29,0,9,0
17-08 10:55:01,54.484,19.494,24.243,0.750,0,1588200,392004,207844,5647192,74983.555,2099516.550,23.993,7.998,2.999,1.999,7929,8440,2.530,1.350,0.910,3,0,427.872,0,0,20,31,0,10,0
17-08 10:55:02,46.605,26.309,26.309,0.251,0,1459652,520472,207852,5647268,26511.718,19790.579,16.036,1523.432,1.002,100.226,7472,8157,2.480,1.360,0.910,3,0,541.219,0,0,20,28,0,11,0
17-08 10:55:03,65.849,9.478,23.446,0.249,0,1552812,427308,207852,5647268,9593.023,1616.297,0,5411.602,0,536.770,4230,1729,2.480,1.360,0.910,3,0,0,0,0,20,28,0,11,0
17-08 10:55:04,67.219,7.274,25.583,0,0,1595508,384584,207852,5647296,9830.012,1625.293,0,4.013,0,1.003,5033,4817,2.480,1.360,0.910,4,0,0,0,0,20,31,0,11,0
17-08 10:55:05,59.762,16.503,22.004,0,0,1456816,523084,207852,5647488,14786.950,1620.323,0,428.085,0,54.011,7419,8619,2.480,1.360,0.910,5,0,258.051,0,0,20,28,0,11,0
17-08 10:55:06,88.353,11.730,0,0,0,1587872,392012,207852,5647504,23470.879,1617.304,0,263.561,0,9.983,4960,1808,2.480,1.360,0.910,4,0,0,0,0,20,28,0,9,0
17-08 10:55:07,85.571,8.257,5.505,0,0,1662280,317572,207852,5647536,10242.492,1621.344,0,192.159,0,8.007,5767,5145,2.610,1.400,0.930,3,0,0,0,0,20,32,0,9,0
17-08 10:55:08,66.556,13.261,19.266,0.250,0,1584612,395164,207864,5647600,14486.198,1621.365,0,1136.957,0,85.072,8084,11004,2.610,1.400,0.930,7,0,231.195,0,0,20,28,0,9,0
17-08 10:55:09,63.459,14.491,21.486,0,0.250,1569676,410072,207864,5647628,14111.967,1457.067,0,195.875,0,8.994,3918,1870,2.610,1.400,0.930,3,0,93.940,0,0,20,28,0,9,0
17-08 10:55:10,66.762,7.001,26.505,0,0,1611324,368280,207868,5647768,12322.201,1620.289,0,108.019,0,9.002,4544,2830,2.610,1.400,0.930,3,0,0,0,0,20,28,0,9,0
17-08 10:55:11,60.331,13.961,24.182,0,0,1535640,443896,207880,5647824,11550.590,1615.467,0,698.041,0,62.824,8608,10628,2.610,1.400,0.930,6,0,239.328,0,0,20,28,0,9,0
17-08 10:55:12,66.457,11.787,22.069,0.251,0,1556284,423232,207880,5647844,9411.290,1625.057,0,188.587,0,11.034,3790,1664,2.720,1.450,0.950,3,0,59.184,0,0,20,28,0,9,0
17-08 10:55:13,76.248,11.250,6.500,5.250,0,1638672,340376,207908,5648296,14319.621,5902.844,455.988,371.990,27.999,46.999,5335,3759,2.720,1.450,0.950,4,0,105.997,0,0,20,29,0,9,0
17-08 10:55:14,65.495,14.749,18.749,0.750,0,1584504,394296,207908,5648556,81824.623,2112299.367,15.999,599.953,1.000,33.997,8670,10206,2.720,1.450,0.950,6,0,276.978,0,0,20,29,0,10,0
17-08 10:55:15,66.601,22.200,9.978,0,0,1485904,492732,207908,5648712,27503.558,19722.939,0,275.385,0,20.953,5641,4916,2.720,1.450,0.950,4,0,282.369,0,0,20,29,0,10,0
17-08 10:55:16,68.981,7.498,22.994,0.250,0,1583352,395208,207908,5648788,9554.425,4974.659,0,135.963,0,7.998,4656,3244,2.720,1.450,0.950,3,0,30.992,0,0,20,28,0,10,0
17-08 10:55:17,63.427,10.028,25.822,0,0,1503852,474380,207916,5649108,11944.314,1624.531,0,373.040,0,36.101,7637,9048,2.740,1.470,0.960,3,0,94.263,0,0,20,28,0,10,0
17-08 10:55:18,65.301,9.471,24.426,0,0,1543584,434640,207916,5649116,10539.925,1453.577,0,235.284,0,10.967,3801,1676,2.740,1.470,0.960,4,0,18.942,0,0,20,28,0,10,0
17-08 10:55:19,68.893,6.263,24.551,0,0,1606476,371732,207916,5649132,11990.926,1623.375,0,148.308,0,9.019,4489,3314,2.740,1.470,0.960,3,0,0,0,0,20,30,0,11,0
17-08 10:55:20,64.907,19.472,13.730,0.250,0,1535980,442180,207916,5649180,17400.058,1617.681,0,1318.111,0,101.854,7793,9270,2.740,1.470,0.960,7,0,355.490,0,0,20,28,0,11,0
17-08 10:55:21,78.674,22.049,0,0,0,1601832,376272,207916,5649236,17287.210,1623.589,0,785.737,0,8.018,5490,3943,2.740,1.470,0.960,8,0,315.698,0,0,20,28,0,11,0
17-08 10:55:22,82.486,17.247,0,0,0,1714420,263652,207916,5649268,8758.557,1619.733,0,3.999,0,1.000,5455,4157,3.080,1.560,0.990,9,0,272.955,0,0,20,30,0,11,0
17-08 10:55:23,84.493,14.999,0.250,0,0,1792556,185496,207916,5649288,8342.328,1619.869,0,275.978,0,12.999,5903,5452,3.080,1.560,0.990,7,0,252.980,0,0,20,29,0,11,0
17-08 10:55:24,83.195,16.989,0.250,0,0,1665688,312160,207916,5649492,9313.890,1618.938,0,5212.580,0,529.653,7841,9130,3.080,1.560,0.990,7,0,278.817,0,0,20,28,0,11,0
17-08 10:55:25,78.835,20.522,0.501,0,0,1596236,381540,207916,5649564,10274.064,1621.746,0,460.496,0,34.037,6716,6751,3.080,1.560,0.990,5,0,318.343,0,0,20,28,0,11,0
17-08 10:55:26,84.749,15.500,0.250,0,0,1609068,368544,207916,5649736,73878.339,2167350.609,0,111.999,0,8.000,6753,4150,3.080,1.560,0.990,5,0,161.999,0,0,20,29,0,11,0
17-08 10:55:27,85.157,13.236,0.749,0,0,1708264,269328,207916,5649748,27114.433,18436.895,0,0,0,0,6552,5645,3.400,1.650,1.020,6,0,109.880,0,0,20,30,0,11,0
17-08 10:55:28,86.938,11.991,0.749,0,0,1743808,233724,207916,5649808,18658.601,11950.418,0,51.963,0,2.998,7419,10702,3.400,1.650,1.020,4,0,103.925,0,0,20,31,0,13,0
17-08 10:55:29,72.753,19.751,7.500,0,0,1534296,443036,207916,5650008,8698.378,1620.070,0,12.001,0,3.000,6955,9468,3.400,1.650,1.020,4,0,377.016,0,0,20,29,0,13,0
17-08 10:55:30,18.015,19.516,60.800,0,0,1414688,562616,207916,5650036,11972.748,1621.320,0,412.336,0,26.021,5864,5152,3.400,1.650,1.020,2,0,376.306,0,0,20,28,0,13,0
17-08 10:55:31,42.789,37.034,19.017,0.500,0,1448104,529172,207928,5650052,9370.590,1621.486,8.007,2161.982,2.002,134.123,6223,5257,3.400,1.650,1.020,5,0,694.637,0,0,20,28,0,11,0
17-08 10:55:32,76.345,23.951,0,0,0,1593112,384112,207928,5650104,10191.273,1616.712,3.992,27.943,0.998,6.986,5594,4365,3.520,1.710,1.050,10,0,404.178,0,0,20,29,0,11,0
17-08 10:55:33,83.285,15.460,0.748,0,0,1704972,272228,207928,5650128,10342.269,1615.824,0,143.629,0,1.995,5375,3650,3.520,1.710,1.050,7,0,192.502,0,0,20,29,0,11,0
17-08 10:55:34,91.410,8.287,0.502,0.251,0,1783004,194136,207940,5650176,10496.099,1721.726,8.036,514.308,2.009,44.198,6984,7943,3.520,1.710,1.050,6,0,19.086,0,0,20,32,0,11,0
17-08 10:55:35,82.487,15.747,1.000,0.250,0,1698744,277076,207968,5651468,9402.471,1619.737,75.988,471.923,3.000,33.994,7236,8414,3.520,1.710,1.050,5,0,149.976,0,0,20,33,0,11,0
17-08 10:55:36,85.029,15.005,0.250,0.250,0,1560408,411268,208228,5654648,11043.745,1620.550,0,948.322,0,35.012,5707,4436,3.520,1.710,1.050,6,0,199.068,0,0,20,32,0,11,0
17-08 10:55:37,89.136,10.986,0,0,0,1698396,271940,208280,5655792,12315.196,1617.924,0,367.528,0,8.988,5071,2853,3.720,1.780,1.070,7,0,4.994,0,0,20,32,0,11,0
17-08 10:55:38,86.691,12.172,0.497,0,0,1779696,190488,208288,5655920,16626.788,5704.218,0,357.694,0,12.917,7112,14118,3.720,1.780,1.070,7,0,7.949,0,0,20,35,0,12,0
17-08 10:55:39,84.840,13.846,1.259,0,0,1812220,156588,208316,5657140,75416.281,2209659.175,0,221.540,0,10.070,10808,16826,3.720,1.780,1.070,6,0,112.784,0,0,20,36,0,12,0
17-08 10:55:40,81.741,13.998,3.500,0,0,1723076,245208,208364,5657584,22579.505,15168.324,0,1623.821,0,23.997,8099,14083,3.720,1.780,1.070,5,0,176.980,0,0,20,37,0,14,0
17-08 10:55:41,82.310,17.263,0.500,0,0,1631148,336896,208372,5657808,15935.653,10192.453,0,540.395,0,44.032,10070,21338,3.720,1.780,1.070,8,0,134.098,0,0,20,33,0,14,0
17-08 10:55:42,84.823,14.719,0,0,0,1694720,272952,208412,5657976,10844.395,1616.630,0,826.278,0,26.944,6796,12734,3.910,1.850,1.100,6,0,110.769,0,0,20,32,0,15,0
17-08 10:55:43,86.313,13.260,0.250,0,0.250,1686580,287424,208424,5652544,9346.813,1621.182,12.009,1489.085,3.002,19.014,5331,3423,3.910,1.850,1.100,6,0,30.022,0,0,20,32,0,14,0
17-08 10:55:44,87.075,12.261,0.751,0.250,0,1683312,333232,208432,5616780,9254.974,1621.397,8.007,1533.321,2.002,12.010,7046,7731,3.910,1.850,1.100,8,0,93.080,0,0,20,34,0,14,0
17-08 10:55:45,86.574,10.479,1.996,0.499,0,1776012,240008,208548,5617184,21300.651,2159.605,171.651,6414.945,15.968,536.907,7353,10004,3.910,1.850,1.100,7,0,16.965,0,0,20,33,0,15,0
17-08 10:55:46,86.791,12.506,1.000,0,0,1687928,327944,208552,5617328,20105.528,1620.768,56.027,520.247,9.004,9.004,8095,9967,3.910,1.850,1.100,5,0,79.037,0,0,20,35,0,16,0
17-08 10:55:47,84.128,15.727,0.250,0,0,1745128,265728,208552,5622336,10053.471,1617.662,71.896,391.434,0.999,7.988,7878,12584,4.070,1.920,1.130,15,0,131.810,0,0,20,34,0,14,0
17-08 10:55:48,86.556,12.544,0.753,0,0,1768504,235096,208552,5629492,20399.074,1463.170,0,1103.900,0,21.074,7812,10393,4.070,1.920,1.130,6,0,123.436,0,0,20,32,0,14,0
17-08 10:55:49,77.258,22.252,0.500,0,0,1584468,418616,208552,5629976,13958.454,1620.169,0,4212.439,0,291.030,5788,4262,4.070,1.920,1.130,7,0,344.036,0,0,20,32,0,14,0
17-08 10:55:50,82.364,16.473,0.499,0,0,1681624,321324,208552,5630140,9009.142,1617.333,0,179.704,0,10.982,7151,8105,4.070,1.920,1.130,10,0,198.672,0,0,20,34,0,15,0
17-08 10:55:51,83.153,14.938,0.498,0.498,0,1750216,252488,208560,5630388,58490.962,1487789.583,191.202,454.105,19.917,32.863,9224,11679,4.070,1.920,1.130,7,0,154.356,0,0,20,34,0,15,0
17-08 10:55:52,82.799,15.807,2.007,0,0,1681780,320712,208560,5630588,50733.454,712563.660,0,1429.168,0,27.098,8053,11206,4.310,2.010,1.160,5,0,217.788,0,0,20,36,0,15,0
17-08 10:55:53,84.213,14.993,0.500,0,0,1588504,413912,208560,5630660,24955.991,16580.685,0,163.928,0,9.996,6935,9248,4.310,2.010,1.160,8,0,188.917,0,0,20,33,0,16,0
17-08 10:55:54,85.748,14.000,0.250,0,0.250,1648712,353572,208560,5630796,10950.770,4843.898,0,219.995,0,11.000,5523,3545,4.310,2.010,1.160,5,0,105.998,0,0,20,32,0,16,0
17-08 10:55:55,88.263,9.251,2.500,0,0,1736788,265452,208560,5630840,9406.413,1620.243,0,3908.587,0,315.047,6572,5998,4.310,2.010,1.160,6,0,0,0,0,20,34,0,16,0
17-08 10:55:56,85.352,8.760,6.007,0,0,1707696,294328,208564,5631052,9864.814,1621.942,0,328.393,0,33.040,7883,11909,4.310,2.010,1.160,6,0,18.022,0,0,20,35,0,19,0
17-08 10:55:57,80.010,17.502,1.750,0,0,1703648,297860,208564,5631568,9480.142,1620.195,0,180.022,0,10.001,6975,9119,4.280,2.040,1.170,6,0,177.021,0,0,20,33,0,19,0
17-08 10:55:58,85.734,14.247,0.250,0,0,1652812,348528,208564,5631736,9220.230,1457.720,0,219.958,0,20.996,6062,4995,4.280,2.040,1.170,5,0,108.979,0,0,20,33,0,19,0
17-08 10:55:59,89.096,9.761,1.001,0,0,1744984,256336,208568,5631752,10020.850,1621.756,0,176.191,0,10.011,5619,4974,4.280,2.040,1.170,5,0,0,0,0,20,34,0,18,0
17-08 10:56:00,87.883,8.489,2.746,0,0,1732812,268452,208568,5631808,10361.151,1617.838,0,123.834,0,7.989,6867,9323,4.280,2.040,1.170,5,0,42.943,0,0,20,33,0,19,0
17-08 10:56:01,83.167,16.983,0.749,0,0,1659724,341368,208568,5631980,9892.135,1618.386,0,235.765,0,21.978,6143,6029,4.280,2.040,1.170,7,0,143.857,0,0,20,33,0,19,0
17-08 10:56:02,88.719,10.777,0.251,0,0,1714844,286208,208568,5632020,10194.144,1624.006,0,148.366,0,10.025,6836,6630,4.340,2.090,1.190,5,0,6.015,0,0,20,33,0,20,0
17-08 10:56:03,84.939,10.711,2.989,0,0,1765540,235340,208568,5632192,8775.820,1614.081,0,219.196,0,18.931,6857,7843,4.340,2.090,1.190,4,0,50.814,0,0,20,35,0,22,0
17-08 10:56:04,83.717,15.791,1.504,0,0,1570188,430640,208568,5632252,73894.511,2197880.207,0,589.528,0,47.122,8135,8884,4.340,2.090,1.190,6,0,231.600,0,0,20,34,0,20,0
17-08 10:56:05,80.387,16.477,2.247,0,0,1643832,356952,208568,5632296,26206.284,17742.143,0,211.703,0,9.986,6669,8570,4.340,2.090,1.190,5,0,178.750,0,0,20,34,0,20,0
17-08 10:56:06,83.219,14.538,2.005,0,0,1574552,426188,208568,5632340,20455.851,13755.211,0,304.802,0,23.061,6245,6663,4.340,2.090,1.190,4,0,167.441,0,0,20,32,0,20,0
17-08 10:56:07,87.995,10.249,1.750,0,0,1606648,393692,208568,5632732,9237.500,1499.919,0,239.987,0,16.999,5734,6623,4.310,2.120,1.210,5,0,53.997,0,0,20,32,0,20,0
17-08 10:56:08,82.743,14.499,2.750,0,0,1623712,376600,208568,5632760,9359.239,1619.868,0,191.984,0,9.999,5496,5205,4.310,2.120,1.210,4,0,85.993,0,0,20,34,0,20,0
17-08 10:56:09,84.587,10.230,4.491,0,0,1622980,377276,208568,5632816,8565.510,1616.887,0,227.562,0,20.960,6350,7497,4.310,2.120,1.210,5,0,59.885,0,0,20,32,0,23,0
17-08 10:56:10,88.127,11.266,0.250,0,0,1623104,377056,208572,5632908,11087.965,1622.336,0,308.444,0,28.040,6087,7124,4.310,2.120,1.210,4,0,75.108,0,0,20,32,0,25,0
17-08 10:56:11,65.027,14.256,20.008,0,0.250,1587952,412124,208572,5632992,8652.613,1620.677,0,196.082,0,11.005,5525,5239,4.310,2.120,1.210,3,0,149.062,0,0,20,33,0,26,0
17-08 10:56:12,66.156,9.487,24.465,0,0.250,1590668,409104,208572,5633296,8872.426,1617.707,0,167.762,0,8.987,6033,6738,4.290,2.150,1.220,3,0,42.939,0,0,20,33,0,26,0
17-08 10:56:13,67.810,7.006,24.272,0,0,1504644,495084,208576,5633336,12465.089,1621.442,0,264.235,0,22.020,6590,7020,4.290,2.150,1.220,3,0,42.037,0,0,20,32,0,26,0
17-08 10:56:14,64.571,10.222,23.684,0.249,0,1541528,458172,208576,5633364,9366.039,1615.522,0,287.204,0,23.934,4948,4729,4.290,2.150,1.220,3,0,21.939,0,0,20,32,0,26,0
17-08 10:56:15,66.718,9.029,24.329,0.251,0,1587228,412444,208580,5633388,12036.311,1625.308,0,6778.138,0,548.792,5256,3796,4.290,2.150,1.220,3,0,59.193,0,0,20,32,0,26,0
17-08 10:56:16,66.501,10.250,22.250,0,0,1566120,433364,208588,5633572,14357.194,5903.080,0,252.003,0,20.000,6712,8512,4.290,2.150,1.220,5,0,85.001,0,0,20,34,0,25,0
17-08 10:56:17,67.182,14.236,16.733,0,0,1545152,454172,208588,5633736,74617.559,2194167.622,0,155.842,0,9.990,7422,7205,4.260,2.180,1.240,3,0,201.796,0,0,20,34,0,25,0
17-08 10:56:18,70.311,15.764,14.012,0,0,1521320,477980,208588,5633764,28257.703,18941.559,0,148.129,0,9.008,6206,6512,4.260,2.180,1.240,4,0,203.178,0,0,20,34,0,26,0
17-08 10:56:19,64.755,10.001,24.252,0,0,1543648,455488,208596,5633924,9841.812,4844.400,0,12493.031,0,74.006,5656,5245,4.260,2.180,1.240,3,0,66.005,0,0,20,33,0,26,0
17-08 10:56:20,66.010,10.002,23.754,0,0,1524920,474188,208596,5633952,10245.590,1620.251,0,304.047,0,8.001,5225,4943,4.260,2.180,1.240,3,0,34.005,0,0,20,33,0,25,0
17-08 10:56:21,65.932,9.490,24.225,0,0,1573016,425932,208604,5634104,9581.075,1618.324,0,191.801,0,19.979,5243,4543,4.260,2.180,1.240,3,0,63.934,0,0,20,33,0,26,0
17-08 10:56:22,62.781,12.006,24.262,0.250,0,1555900,443004,208608,5634144,9568.722,1620.800,0,316.156,0,35.017,6317,6211,4.160,2.200,1.250,4,0,146.072,0,0,20,32,0,26,0
17-08 10:56:23,64.760,10.752,23.504,0.250,0,1624188,374692,208608,5634168,8838.383,1620.254,0,1372.215,0,26.004,5049,3948,4.160,2.200,1.250,3,0,59.009,0,0,20,32,0,27,0
17-08 10:56:24,65.473,11.245,23.240,0,0,1598676,400180,208616,5634184,8791.400,1619.337,0,207.915,0,20.991,4837,3572,4.160,2.200,1.250,3,0,94.961,0,0,20,33,0,28,0
17-08 10:56:25,66.766,7.002,25.256,0,0,1631636,367036,208616,5634368,18365.475,1620.395,0,592.144,0,83.020,7931,10645,4.160,2.200,1.250,3,0,13.003,0,0,20,33,0,28,0
17-08 10:56:26,64.779,10.505,24.261,0,0,1548116,450504,208620,5634416,19304.750,1620.735,0,380.172,0,41.019,5279,4676,4.160,2.200,1.250,3,0,78.035,0,0,20,32,0,28,0
17-08 10:56:27,64.721,10.995,24.239,0,0,1599320,399300,208620,5634416,9467.716,1457.341,0,223.899,0,11.995,4282,2323,4.150,2.230,1.260,3,0,75.966,0,0,20,32,0,28,0
17-08 10:56:28,67.870,6.488,24.952,0,0,1627716,370852,208620,5634468,9682.405,1616.895,0,307.410,0,23.954,5869,7462,4.150,2.230,1.260,3,0,0.998,0,0,20,33,0,28,0
17-08 10:56:29,65.579,14.768,18.272,0.501,0,1595012,403368,208620,5634668,72920.693,2196201.112,0,240.289,0,20.024,9026,10675,4.150,2.230,1.260,4,0,184.222,0,0,20,34,0,28,0
17-08 10:56:30,60.691,21.729,16.484,0,0,1486416,511876,208624,5634748,31252.573,19753.768,0,287.720,0,18.982,5950,5383,4.150,2.230,1.260,4,0,406.604,0,0,20,33,0,28,0
17-08 10:56:31,48.819,8.011,41.809,0,0,1519528,478568,208628,5634932,16373.983,10886.281,0,120.169,0,6.008,5041,5558,4.150,2.230,1.260,3,0,63.089,0,0,20,34,0,28,0
17-08 10:56:32,41.690,9.986,47.432,0.250,0,1457172,540900,208628,5634956,9214.787,1617.680,0,179.742,0,10.984,5458,5547,3.980,2.220,1.270,2,0,101.854,0,0,20,32,0,27,0
17-08 10:56:33,43.667,7.735,47.909,0,0,1506056,492008,208628,5634964,11047.064,1616.936,0,223.576,0,10.979,3345,1879,3.980,2.220,1.270,2,0,63.879,0,0,20,32,0,27,0
17-08 10:56:34,47.198,5.272,47.449,0.251,0,1551420,446616,208628,5634992,11454.129,1721.232,0,1976.304,0,136.574,4429,5282,3.980,2.220,1.270,4,0,0,0,0,20,33,0,27,0
17-08 10:56:35,44.692,6.492,47.189,0.250,0,1446604,551420,208632,5635000,12039.453,1617.911,0,431.443,0,35.954,3906,3189,3.980,2.220,1.270,2,0,13.982,0,0,20,32,0,27,0
17-08 10:56:36,41.650,9.477,47.636,0,0,1477984,519980,208632,5635060,9705.805,1454.524,0,5718.334,0,563.653,4117,2466,3.980,2.220,1.270,2,0,84.797,0,0,20,32,0,27,0
17-08 10:56:37,46.497,5.000,47.746,0.250,0,1483100,514704,208632,5635220,10823.190,1619.879,0,275.979,0,26.998,4424,4249,3.820,2.220,1.270,3,0,5.000,0,0,20,32,0,27,0
17-08 10:56:38,44.507,7.001,47.757,0,0,1502616,495032,208636,5635372,9392.458,1620.251,0,296.046,0,22.003,3654,3646,3.820,2.220,1.270,4,0,31.005,0,0,20,32,0,27,0
17-08 10:56:39,44.718,5.496,49.215,0,0,1546684,450960,208636,5635376,8848.681,1618.844,0,183.869,0,8.994,2710,1630,3.820,2.220,1.270,3,0,0,0,0,20,33,0,27,0
17-08 10:56:40,45.620,6.016,48.126,0.251,0,1484464,513020,208636,5635536,11211.374,1624.256,0,352.925,0,29.076,4321,5094,3.820,2.220,1.270,4,0,5.013,0,0,20,33,0,24,0
17-08 10:56:41,51.869,8.977,37.904,0,0,1468688,528780,208636,5635560,14981.029,6031.712,0,171.565,0,8.977,4276,3381,3.820,2.220,1.270,3,0,74.810,0,0,20,33,0,24,0
17-08 10:56:42,57.481,12.496,28.741,0,0,1537576,459312,208640,5636128,74094.857,2222627.770,0,127.958,0,7.997,6451,16996,3.750,2.230,1.280,2,0,131.957,0,0,20,34,0,25,0
17-08 10:56:43,42.687,21.343,35.154,0,0,1495512,501348,208640,5636152,28189.394,18182.591,0,389.706,0,42.185,6851,7792,3.750,2.230,1.280,4,0,444.948,0,0,20,33,0,26,1
17-08 10:56:44,41.855,12.457,44.346,0,0,1511828,485016,208640,5636172,12140.878,7665.405,0,159.447,0,8.969,4296,3094,3.750,2.230,1.280,2,0,148.485,0,0,20,32,0,25,0
17-08 10:56:45,47.130,4.512,48.884,0.251,0,1540280,456556,208640,5636180,19454.520,1462.022,0,144.397,0,10.028,3202,2323,3.750,2.230,1.280,3,0,0,0,0,20,33,0,25,0
17-08 10:56:46,43.473,7.495,46.721,0.500,0,1513068,483664,208648,5636276,14271.215,1619.003,0,959.409,0,68.958,5423,5781,3.750,2.230,1.280,2,0,66.959,0,0,20,32,0,25,0
17-08 10:56:47,42.395,8.479,48.381,0,0,1566068,430656,208652,5636280,9381.857,1616.014,0,183.547,0,9.975,3400,1819,3.610,2.230,1.290,3,0,72.820,0,0,20,32,0,25,0
17-08 10:56:48,46.800,4.505,47.801,0,0,1600200,396356,208652,5636448,21623.114,1621.734,0,144.154,0,7.007,4478,4023,3.610,2.230,1.290,2,0,1.001,0,0,20,33,0,25,0
17-08 10:56:49,41.615,11.782,45.626,0.251,0,1532112,464164,208660,5636720,20797.352,1624.480,0,717.980,0,55.152,7136,8321,3.610,2.230,1.290,3,0,181.501,0,0,20,32,0,23,0
17-08 10:56:50,25.864,11.191,61.676,0,0,1539128,457072,208664,5636792,10087.023,1611.536,0,151.206,0,7.958,3460,2480,3.610,2.230,1.290,1,0,195.971,0,0,20,32,0,23,0
17-08 10:56:51,23.597,2.761,73.552,0,0,1538112,458072,208664,5636808,19428.827,1626.683,0,0,0,0,2930,2767,3.610,2.230,1.290,3,0,0,0,0,20,33,0,23,0
17-08 10:56:52,20.937,5.982,71.786,0,0,1488880,507284,208664,5636828,18389.075,1615.176,0,231.309,0,11.964,3481,3193,3.480,2.220,1.290,1,0,55.833,0,0,20,32,0,23,0
17-08 10:56:53,23.016,3.002,73.300,0,0,1504988,491176,208664,5636828,10168.906,1621.101,0,56.038,0,7.005,1787,1221,3.480,2.220,1.290,1,0,0,0,0,20,32,0,22,0
17-08 10:56:54,28.068,6.516,64.407,0.251,0,1449804,546340,208668,5636844,76467.467,2302268.106,0,721.760,0,13.032,5054,4010,3.480,2.220,1.290,2,0,72.176,0,0,20,33,0,22,0
17-08 10:56:55,26.713,13.232,59.168,0,0,1463808,532336,208668,5636840,28410.583,19338.170,0,303.579,0,47.933,4593,3919,3.480,2.220,1.290,1,0,230.680,0,0,20,33,0,22,0
17-08 10:56:56,27.214,8.489,63.167,0,0,1460172,535964,208668,5636852,19705.242,12105.177,0,91.880,0,8.988,3932,3612,3.480,2.220,1.290,2,0,102.866,0,0,20,32,0,22,0
17-08 10:56:57,19.997,7.249,71.488,0.250,0,1425008,571120,208668,5636860,10314.275,1619.729,0,4803.197,0,612.897,4295,3688,3.280,2.200,1.290,1,0,98.983,0,0,20,32,0,18,0
17-08 10:56:58,22.507,3.501,73.273,0,0,1460852,535272,208668,5636864,11108.486,1620.509,0,4.001,0,1.000,1869,1184,3.280,2.200,1.290,1,0,1.000,0,0,20,32,0,18,0
17-08 10:56:59,23.984,2.249,72.452,0.250,0,1467800,528176,208676,5637004,10055.404,1618.938,0,119.921,0,11.992,3038,3195,3.280,2.200,1.290,2,0,0,0,0,20,32,0,19,0
17-08 10:57:00,18.502,7.751,72.259,0.250,0,1437312,558652,208676,5637016,9530.244,1620.212,0,688.090,0,40.005,3061,2248,3.280,2.200,1.290,1,0,94.012,0,0,20,32,0,19,0
17-08 10:57:01,24.001,3.000,73.503,0,0,1463148,532816,208676,5637016,10152.352,1620.056,0,0,0,0,2060,1528,3.280,2.200,1.290,1,0,0,0,0,20,32,0,17,0
17-08 10:57:02,23.321,3.260,72.219,0.251,0,1424104,571820,208680,5637052,10875.020,1624.934,0,228.694,0,24.073,4226,5079,3.100,2.180,1.290,3,0,16.049,0,0,20,32,0,17,0
17-08 10:57:03,21.950,4.739,71.836,0,0,1478460,517460,208684,5637052,10102.003,1616.320,0,107.755,0,7.982,1980,1305,3.100,2.180,1.290,1,0,20.952,0,0,20,32,0,17,0
17-08 10:57:04,24.032,2.754,72.595,0,0,1490824,505088,208684,5637060,20127.443,1459.918,0,108.142,0,9.012,2599,2311,3.100,2.180,1.290,1,0,0,0,0,20,33,0,17,0
17-08 10:57:05,19.687,8.722,70.523,0,0,1452780,543108,208684,5637084,8805.703,1614.811,0,454.539,0,18.939,4549,4323,3.100,2.180,1.290,1,0,134.568,0,0,20,32,0,14,0
17-08 10:57:06,20.575,22.583,52.693,3.513,0,1426612,568440,208692,5637936,32475.135,739525.952,554.032,301.105,25.092,18.066,6179,4585,3.100,2.180,1.290,1,1,404.484,0,0,20,33,0,16,0
17-08 10:57:07,38.446,9.736,37.197,12.732,0,1421988,570156,209712,5639496,67343.937,1694073.637,2508.459,223.684,157.777,6.990,5261,3832,3.010,2.180,1.290,2,0,107.848,0,0,20,33,0,16,0
17-08 10:57:08,44.639,12.539,36.363,6.019,0,1461852,529272,209872,5640292,26859.579,18204.647,312.974,938.922,10.031,8.025,4803,3902,3.010,2.180,1.290,2,0,160.499,0,0,20,32,0,16,0
17-08 10:57:09,30.227,5.496,45.466,15.988,0,1491740,493600,210540,5644928,9695.756,1618.791,1562.832,14513.157,300.775,1572.825,9248,15528,3.010,2.180,1.290,1,1,70.947,0,0,20,36,0,14,0
17-08 10:57:10,20.995,6.748,42.990,27.494,0,1500428,479292,210824,5650004,19872.378,1619.623,2643.385,36347.545,362.916,2900.325,12497,22764,3.010,2.180,1.290,7,1,65.985,0,0,20,36,0,14,0
17-08 10:57:11,40.536,7.507,42.538,8.007,0,1524584,454092,210984,5650856,10834.557,1621.430,56.049,28945.533,5.004,2858.522,12315,23124,3.010,2.180,1.290,3,0,37.033,0,0,20,36,0,14,0
17-08 10:57:12,35.000,19.750,43.500,1.000,0,1463960,514708,211024,5650824,8653.926,1457.988,0,15251.870,0,844.993,6614,7440,2.930,2.180,1.290,3,0,351.997,0,0,20,32,0,14,0
17-08 10:57:13,31.206,22.469,45.187,0.250,0,1477504,501132,211028,5650852,9322.005,1617.745,0,746.959,0,47.933,5986,4436,2.930,2.180,1.290,3,0,383.465,0,0,20,32,0,10,0
17-08 10:57:14,25.032,24.782,42.555,5.006,0,1476204,501920,211220,5651168,15184.676,1622.102,0,14638.969,0,1732.245,13027,20204,2.930,2.180,1.290,1,1,417.541,0,0,20,34,0,10,0
17-08 10:57:15,33.469,15.486,44.959,4.746,0,1424044,553772,211296,5651400,14262.953,1618.519,0,8100.590,0,1227.877,10178,14926,2.930,2.180,1.290,2,0,233.786,0,0,20,32,0,10,0
17-08 10:57:16,24.734,7.745,66.457,0.250,0,1430400,547412,211300,5651400,9528.886,1618.961,0,2726.251,0,139.910,3088,2426,2.930,2.180,1.290,1,0,96.938,0,0,20,32,0,10,0
17-08 10:57:17,22.741,2.999,73.221,0.250,0,1438016,539800,211300,5651396,9790.064,1619.349,0,3246.695,0,486.804,2230,1642,2.860,2.170,1.300,1,0,1.999,0,0,20,32,0,10,0
17-08 10:57:18,21.283,6.510,71.111,0.501,0,1422864,554908,211328,5651412,13525.108,3581.590,0,7371.504,0,371.580,3047,3127,2.860,2.170,1.300,2,0,49.077,0,0,20,33,0,10,0
17-08 10:57:19,15.249,25.248,57.995,0.250,0,1379524,598224,211328,5651440,87685.826,2471695.768,0,431.965,0,29.998,8018,6275,2.860,2.170,1.300,2,0,549.955,0,0,20,33,0,10,0
17-08 10:57:20,28.188,11.724,58.122,0,0,1415040,562696,211340,5651436,28156.082,18410.514,0,0,0,0,4281,3672,2.860,2.170,1.300,1,0,139.693,0,0,20,33,0,10,0
17-08 10:57:21,25.281,4.506,69.836,0,0,1453640,524056,211348,5651468,11354.918,5939.280,0,4.005,0,1.001,2484,1897,2.860,2.170,1.300,1,0,50.061,0,0,20,32,0,8,0
17-08 10:57:22,24.470,1.498,73.660,0,0,1443452,533416,211360,5652212,10170.562,1618.021,0,3.995,0,0.999,1830,1045,2.710,2.150,1.300,1,0,8.989,0,0,20,32,0,8,0
17-08 10:57:23,21.738,3.998,73.210,0,0,1497128,479740,211360,5652212,9505.797,1619.114,0,0,0,0,1674,1340,2.710,2.150,1.300,1,0,0,0,0,20,32,0,8,0
17-08 10:57:24,24.475,2.248,72.925,0,0,1521316,455548,211364,5652212,9604.104,1618.333,0,815.160,0,38.960,1918,1434,2.710,2.150,1.300,1,0,0,0,0,20,32,0,8,0
17-08 10:57:25,13.799,17.060,67.488,0.753,0,1507916,468792,211368,5652364,9704.270,1625.741,40.142,521.843,2.007,33.117,4787,3518,2.710,2.150,1.300,1,0,310.095,0,0,20,32,0,6,0
17-08 10:57:26,7.750,22.750,68.999,0.250,0,1497480,479076,211368,5652516,9051.850,1619.973,0,231.996,0,35.999,5849,4278,2.710,2.150,1.300,2,0,406.993,0,0,20,32,0,6,0
17-08 10:57:27,8.250,21.749,67.998,0,0,1496960,479572,211368,5652540,10870.620,1619.943,0,31.999,0,3.000,5762,4165,2.570,2.130,1.290,1,0,403.986,0,0,20,32,0,6,0
17-08 10:57:28,8.997,21.243,68.227,0,0,1491108,485400,211368,5652564,8861.980,1619.448,0,43.985,0,4.998,5619,3937,2.570,2.130,1.290,1,0,363.876,0,0,20,32,0,6,0
17-08 10:57:29,8.502,23.006,67.766,0,0,1475132,501356,211368,5652584,10260.468,1620.390,0,108.026,0,9.002,5726,3986,2.570,2.130,1.290,1,0,390.094,0,0,20,32,0,6,0
17-08 10:57:30,8.491,21.728,68.180,0,0,1458756,517712,211368,5652604,9636.151,1618.346,0,119.877,0,9.990,5566,3830,2.570,2.130,1.290,2,0,362.629,0,0,20,32,0,5,0
17-08 10:57:31,12.724,26.445,59.377,0,0,1429960,546484,211368,5652636,85431.037,2558586.119,0,2203.436,0,255.471,7567,5346,2.570,2.130,1.290,2,0,482.002,0,0,20,33,0,5,0
17-08 10:57:32,15.047,25.580,57.680,0,0,1409128,567172,211368,5652796,31190.103,20613.174,0,2070.446,0,389.212,7429,6254,2.440,2.120,1.290,2,0,550.715,0,0,20,33,0,5,0
17-08 10:57:33,11.504,24.257,63.269,0,0,1393128,583144,211368,5652816,15937.895,10874.339,0,60.018,0,7.002,6313,5228,2.440,2.120,1.290,3,0,477.147,0,0,20,32,0,5,0
17-08 10:57:34,7.992,21.729,67.685,0,0,1390740,585508,211368,5652840,9420.953,1712.356,0,211.797,0,19.981,5798,4302,2.440,2.120,1.290,2,0,373.641,0,0,20,32,0,5,0
17-08 10:57:35,7.984,22.205,68.362,0,0,1384332,591888,211368,5652868,8864.130,1616.741,0,439.115,0,31.936,5712,4136,2.440,2.120,1.290,2,0,385.223,0,0,20,32,0,5,0
17-08 10:57:36,18.320,20.076,57.970,2.510,0,1393380,580828,211380,5654904,9123.628,1626.172,1983.528,602.286,21.080,9.034,5120,3788,2.440,2.120,1.290,2,0,385.463,0,0,20,34,0,6,0
17-08 10:57:37,42.716,28.977,27.228,0.749,0,1479260,494836,211388,5655008,9498.414,1618.707,71.943,527.579,2.998,35.971,6230,4926,2.490,2.130,1.300,3,1,555.556,0,0,20,34,0,8,0
17-08 10:57:38,68.702,26.635,0.747,3.734,0,1615472,357504,211424,5656060,10610.027,1613.011,541.653,1123.133,10.953,45.802,5433,3912,2.490,2.130,1.300,4,0,336.542,0,0,20,32,0,11,0
17-08 10:57:39,77.402,17.089,0.251,5.277,0,1725544,239584,212716,5662372,9446.004,1628.448,2171.264,281.460,93.485,6.031,16899,2670,2.490,2.130,1.300,4,0,71.370,0,0,20,32,0,11,0
17-08 10:57:40,75.233,11.497,4.999,7.498,0,1738568,218492,213020,5669772,10236.690,1641.630,419.905,31744.836,6.998,2587.416,12065,22723,2.490,2.130,1.300,2,2,79.982,0,0,20,38,0,11,0
17-08 10:57:41,68.428,16.672,6.470,6.718,0,1717064,232364,213380,5676784,10281.678,1612.422,0,73172.104,0,5030.358,16433,33716,2.490,2.130,1.300,10,1,155.270,0,0,20,36,0,12,0
17-08 10:57:42,66.887,13.528,10.021,8.016,0,1749308,191312,213540,5685364,8611.638,1623.325,0,64928.987,0,5015.272,17001,33358,2.770,2.190,1.330,4,2,95.195,0,0,20,36,0,12,0
17-08 10:57:43,75.005,14.702,4.236,3.987,0,1788808,148076,213668,5688996,14735.844,5949.557,0,54904.575,0,4888.026,17110,40812,2.770,2.190,1.330,7,1,104.658,0,0,20,38,0,13,0
17-08 10:57:44,73.665,17.599,4.023,3.520,0,1591904,343556,213760,5690332,80064.779,2634208.060,0,48066.624,0,3903.980,16039,30198,2.770,2.190,1.330,3,1,232.308,0,0,20,34,0,13,1
17-08 10:57:45,43.007,25.754,18.003,11.002,0,1594576,337028,213912,5694072,39840.707,19018.201,412.069,43551.331,8.001,3256.548,15445,27504,2.770,2.190,1.330,5,0,459.077,0,0,20,35,0,13,0
17-08 10:57:46,57.512,19.254,15.253,7.252,0,1607364,322096,214040,5696416,26086.663,6938.506,292.063,39032.473,11.002,3210.697,15453,29745,2.770,2.190,1.330,3,0,188.041,0,0,20,35,0,11,0
17-08 10:57:47,51.219,16.990,21.987,8.245,0,1642788,284688,214100,5698012,9589.279,4841.112,963.425,43211.219,19.988,3466.932,15510,29950,3.110,2.270,1.360,2,1,182.891,0,0,20,35,0,11,0
17-08 10:57:48,44.007,10.752,36.006,6.251,0,1564680,360600,214156,5700152,18609.029,1620.264,668.109,30648.988,12.002,2758.449,14148,24983,3.110,2.270,1.360,3,0,122.020,0,0,20,34,0,11,0
17-08 10:57:49,39.264,9.503,38.513,10.004,0,1609116,313756,214192,5702524,20956.337,1620.567,0,37621.171,0,3657.280,16109,29288,3.110,2.270,1.360,2,1,73.026,0,0,20,34,0,11,0
17-08 10:57:50,37.091,7.717,42.318,9.708,0,1632928,286316,214312,5706000,9284.149,1451.769,0,45030.713,0,3820.601,15765,29733,3.110,2.270,1.360,2,1,50.782,0,0,20,34,0,11,0
17-08 10:57:51,39.351,9.023,39.602,9.775,0,1631556,284804,214368,5708828,20010.329,1624.166,0,46848.172,0,4067.434,17835,33447,3.110,2.270,1.360,3,0,69.177,0,0,20,37,0,11,0
17-08 10:57:52,37.272,10.256,39.774,9.255,0,1598200,315328,214416,5711612,14467.591,1620.963,0,48028.520,0,4088.428,17927,33128,2.940,2.250,1.360,3,0,138.082,0,0,20,36,0,11,0
17-08 10:57:53,38.785,9.258,39.285,9.759,0,1625584,285672,214440,5713860,10275.208,1621.453,0,44744.097,0,3794.400,14746,28083,2.940,2.250,1.360,2,0,44.039,0,0,20,36,0,11,0
17-08 10:57:54,39.246,6.999,41.246,9.499,0.250,1649628,258980,214476,5716472,9671.055,1619.842,0,49635.152,0,4291.581,14393,26915,2.940,2.250,1.360,2,1,32.997,0,0,20,36,0,11,0
17-08 10:57:55,43.515,8.753,46.015,1.000,0,1515044,393596,214484,5716432,15959.350,1620.543,0,18146.083,0,1078.361,6899,11331,2.940,2.250,1.360,4,0,112.038,0,0,20,33,0,12,0
17-08 10:57:56,23.666,9.716,65.268,0.249,0,1479668,428908,214488,5716492,14677.931,1614.273,0,1004.437,0,68.756,4603,5094,2.940,2.250,1.360,2,0,132.530,0,0,20,32,0,12,0
17-08 10:57:57,25.502,7.251,66.006,0,0,1513060,395508,214488,5716508,78553.590,2635232.072,0,1184.099,0,29.002,3958,2197,2.780,2.230,1.350,2,0,52.004,0,0,20,32,0,12,1
17-08 10:57:58,31.609,9.533,58.452,0.251,0,1513440,395120,214488,5716516,30751.432,18936.540,0,465.612,0,26.090,5182,5625,2.780,2.230,1.350,2,0,149.517,0,0,20,34,0,14,0
17-08 10:57:59,28.125,8.213,60.481,0.249,0,1491272,417108,214488,5716688,26454.192,16661.800,0,621.233,0,35.840,6546,8246,2.780,2.230,1.350,1,0,114.490,0,0,20,32,0,14,0
17-08 10:58:00,20.241,7.247,72.717,0,0,1463008,445368,214488,5716692,10428.238,1619.261,0,675.691,0,32.985,2492,1673,2.780,2.230,1.350,1,0,54.975,0,0,20,32,0,14,0
17-08 10:58:01,22.842,2.761,73.043,0.251,0,1500436,407932,214488,5716700,9407.712,1626.520,0,253.014,0,18.072,2065,1552,2.780,2.230,1.350,1,0,0,0,0,20,32,0,14,0
17-08 10:58:02,22.889,4.478,71.653,0.249,0,1426812,481540,214488,5716716,9083.994,1612.190,0,2961.653,0,175.152,3612,3866,2.640,2.210,1.350,1,0,33.836,0,0,20,32,0,13,0
17-08 10:58:03,23.558,4.010,72.177,0,0,1480740,427612,214488,5716716,8445.654,1623.972,0,84.206,0,10.025,1957,1476,2.640,2.210,1.350,2,0,6.015,0,0,20,32,0,13,0
17-08 10:58:04,23.492,2.249,72.724,0.250,0,1495080,413260,214488,5716728,14382.834,1619.418,0,227.918,0,23.991,2585,2458,2.640,2.210,1.350,2,0,0,0,0,20,32,0,13,0
17-08 10:58:05,19.253,7.001,72.763,0,0,1480936,427404,214488,5716728,15031.684,1620.289,0,108.019,0,8.001,2537,1629,2.640,2.210,1.350,5,0,60.011,0,0,20,32,0,13,0
17-08 10:58:06,23.000,3.000,72.999,0,0,1494536,413796,214488,5716736,9625.807,1619.968,0,275.994,0,21.000,2105,1675,2.640,2.210,1.350,1,0,0,0,0,20,32,0,11,0
17-08 10:58:07,22.773,3.754,72.074,0,0,1461876,446440,214488,5716752,12396.684,1621.659,0,312.320,0,40.041,3796,3764,2.510,2.190,1.350,1,0,38.039,0,0,20,32,0,11,0
17-08 10:58:08,22.478,3.996,73.430,0,0,1488528,419784,214488,5716756,13465.114,1456.606,0,0,0,0,1922,1227,2.510,2.190,1.350,1,0,5.994,0,0,20,32,0,11,0
17-08 10:58:09,25.262,2.501,71.283,0.250,0,1507472,400836,214488,5716764,19363.954,5983.767,0,2181.009,0,15.007,2534,2219,2.510,2.190,1.350,2,0,2.001,0,0,20,34,0,12,0
17-08 10:58:10,24.746,14.997,58.240,0.500,0,1452444,455708,214488,5716920,85009.751,2642545.054,0,575.903,0,48.992,7519,6954,2.510,2.190,1.350,2,0,307.948,0,0,20,33,0,12,0
17-08 10:58:11,15.046,28.086,55.670,0,0,1403960,504048,214488,5717068,27864.144,19297.968,0,96.294,0,4.012,6938,6315,2.510,2.190,1.350,1,0,615.882,0,0,20,33,0,12,0
17-08 10:58:12,49.698,18.980,30.218,0,0,1486968,420764,214508,5717320,10847.607,3997.801,0,5753.957,0,84.911,5470,4071,2.390,2.170,1.350,3,0,266.720,0,0,20,32,0,18,0
17-08 10:58:13,68.327,7.232,23.939,0,0,1618716,288496,214540,5717808,11366.206,1615.906,0,231.414,0,11.970,3879,1448,2.390,2.170,1.350,3,0,2.992,0,0,20,32,0,18,0
17-08 10:58:14,69.256,6.751,23.752,0.250,0,1751788,153032,214616,5719900,9655.888,1620.149,0,2512.231,0,66.006,3884,1418,2.390,2.170,1.350,3,0,0,0,0,20,32,0,18,0
17-08 10:58:15,65.840,7.761,21.780,3.254,0,1855316,151100,213736,5621148,8804.053,1622.221,124.170,8235.274,3.004,697.956,4408,1809,2.390,2.170,1.350,4,0,6.008,0,0,20,32,0,18,0
17-08 10:58:16,55.278,6.753,30.516,6.253,0,1866668,130292,213828,5630352,13346.869,1620.834,20.010,24776.751,3.002,1994.026,11345,17918,2.390,2.170,1.350,2,1,105.054,0,0,20,38,0,18,0
17-08 10:58:17,32.287,11.263,41.297,11.763,0,1867668,119960,213916,5639544,11086.575,1459.656,0,105751.954,0,7450.451,24254,47991,2.440,2.190,1.360,5,0,192.218,0,0,20,38,0,18,0
17-08 10:58:18,32.726,11.242,40.970,11.991,0,1865572,204492,213612,5559272,13320.185,1618.807,0,79413.486,0,6398.286,22633,43739,2.440,2.190,1.360,7,0,195.856,0,0,20,38,0,18,0
17-08 10:58:19,46.532,12.008,28.770,9.507,0,1732156,330620,213696,5566412,10783.394,1621.112,8.005,53064.386,2.001,4320.963,18612,34422,2.440,2.190,1.360,4,0,219.150,0,0,20,36,0,18,0
17-08 10:58:20,44.284,11.008,29.272,11.759,0,1765756,289040,213748,5574308,9288.049,1621.230,0,83123.089,0,5590.243,19389,37189,2.440,2.190,1.360,3,0,108.082,0,0,20,36,0,18,0
17-08 10:58:21,46.991,10.748,30.244,9.748,0.250,1816768,228032,213792,5584116,9220.162,1619.677,0,63963.248,0,4467.109,17062,31646,2.440,2.190,1.360,2,0,1.000,0,0,20,36,0,18,0
17-08 10:58:22,44.998,13.250,26.249,13.250,0,1850348,188140,213856,5590300,89576.988,2737499.954,43.999,87669.052,5.000,5975.799,22023,40678,2.640,2.230,1.380,2,1,92.997,0,0,20,37,0,18,0
17-08 10:58:23,48.143,12.472,21.452,14.967,0,1868392,167400,213872,5593024,24586.456,15868.795,7.982,32595.687,1.996,2978.393,14537,26167,2.640,2.230,1.380,2,1,225.500,0,0,20,39,0,18,0
17-08 10:58:24,49.327,14.272,31.800,3.255,0,1805856,228888,213880,5594052,22014.465,17068.722,0,42330.270,0,2824.422,11822,19663,2.640,2.230,1.380,2,0,217.340,0,0,20,32,0,18,0
17-08 10:58:25,16.742,14.993,66.968,0.250,0.250,1520936,513776,213880,5594084,9481.540,1619.238,0,847.601,0,50.976,4158,3135,2.640,2.230,1.380,1,0,248.883,0,0,20,32,0,18,0
17-08 10:58:26,23.703,2.495,72.856,0,0,1550744,483968,213880,5594084,10952.428,1616.815,0,666.687,0,37.925,1856,1269,2.640,2.230,1.380,1,0,0.998,0,0,20,32,0,18,0
17-08 10:58:27,23.254,3.001,72.763,0.500,0,1588812,445900,213880,5594084,12378.131,1458.251,0,4804.827,0,269.046,2173,2112,2.510,2.210,1.370,1,0,0,0,0,20,32,0,18,0
17-08 10:58:28,24.214,1.747,72.391,0,0,1614168,420536,213880,5594092,9173.210,1617.568,0,95.856,0,7.988,2280,1859,2.510,2.210,1.370,1,0,2.995,0,0,20,38,0,18,0
17-08 10:58:29,22.856,3.767,73.339,0,0,1553632,481072,213880,5594092,8763.454,1627.513,0,84.390,0,8.037,2147,1327,2.510,2.210,1.370,1,0,27.125,0,0,20,32,0,18,0
17-08 10:58:30,23.155,2.739,73.199,0,0,1548672,486032,213880,5594092,10213.952,1613.358,0,43.820,0,3.984,1833,1173,2.510,2.210,1.370,2,0,0.996,0,0,20,32,0,18,0
17-08 10:58:31,22.082,3.764,74.026,0,0,1554664,480040,213880,5594092,11285.102,1626.066,0,0,0,0,1740,1071,2.510,2.210,1.370,1,0,0,0,0,20,32,0,18,0
17-08 10:58:32,23.446,2.245,72.581,0.249,0,1587724,446976,213880,5594096,12488.980,1616.244,0,171.601,0,23.944,2194,1787,2.390,2.190,1.370,2,0,1.995,0,0,20,34,0,18,0
17-08 10:58:33,19.786,10.770,68.125,0.250,0,1543196,491492,213884,5594104,9538.434,1622.966,0,637.165,0,44.081,3344,2451,2.390,2.190,1.370,2,0,176.322,0,0,20,32,0,18,0
17-08 10:58:34,17.012,40.029,42.030,0.500,0,1532068,502500,213892,5594216,16153.699,5935.298,96.070,196.142,6.004,21.015,7400,6480,2.390,2.190,1.370,2,0,833.604,0,0,20,33,0,18,0
17-08 10:58:35,20.501,45.503,31.752,0,0,1483792,550692,213892,5594308,88982.711,2786890.852,0,372.024,0,36.002,9449,8400,2.390,2.190,1.370,6,0,1142.073,0,0,20,33,0,18,0
17-08 10:58:36,13.995,28.990,54.731,0,0,1464208,570176,213892,5594392,27720.326,21385.536,0,2327.188,0,442.845,7570,7085,2.390,2.190,1.370,3,0,686.760,0,0,20,32,0,18,1
17-08 10:58:37,8.254,23.011,68.033,0,0,1472724,561656,213892,5594404,8336.027,1686.815,0,44.021,0,11.005,6178,4731,2.200,2.150,1.360,1,0,473.229,0,0,20,32,0,18,0
17-08 10:58:38,8.999,22.497,67.241,0,0,1467324,567036,213892,5594424,8202.855,1619.774,0,283.960,0,12.998,6045,4507,2.200,2.150,1.360,2,0,456.936,0,0,20,32,0,18,0
17-08 10:58:39,8.994,22.236,67.958,0,0,1464076,570196,213892,5594512,9230.339,1619.007,0,35.978,0,8.994,5895,4304,2.200,2.150,1.360,1,0,421.741,0,0,20,32,0,12,0
17-08 10:58:40,8.758,22.522,67.565,0,0.500,1462348,571900,213892,5594536,9444.054,1621.555,0,200.192,0,16.015,6052,4592,2.200,2.150,1.360,1,0,471.452,0,0,20,32,0,12,0
17-08 10:58:41,7.491,23.472,67.920,0,0,1457404,576820,213892,5594560,14301.111,1618.089,0,91.891,0,13.983,6065,4445,2.200,2.150,1.360,1,0,456.461,0,0,20,32,0,12,0
17-08 10:58:42,9.004,21.510,68.031,0.250,0,1459500,574680,213892,5594604,14144.477,1620.742,0,200.092,0,14.006,5972,4517,2.020,2.120,1.360,2,0,419.192,0,0,20,32,0,12,0
17-08 10:58:43,15.219,22.954,59.380,0,0,1453132,581000,213892,5594636,9189.393,1616.726,0,1197.575,0,109.778,6767,10730,2.020,2.120,1.360,1,0,469.050,0,0,20,32,0,11,0
17-08 10:58:44,8.511,22.779,68.086,0,0,1458736,575372,213892,5594660,8536.815,1622.055,0,48.061,0,12.015,6024,4583,2.020,2.120,1.360,2,0,463.587,0,0,20,32,0,11,0
17-08 10:58:45,11.002,18.253,69.260,0,0,1449224,584840,213904,5594348,19880.731,2164.297,0,20.003,0,5.001,5457,3876,2.020,2.120,1.360,1,0,294.040,0,0,20,32,0,11,0
17-08 10:58:46,26.437,9.228,63.099,0.998,0,1478576,555416,213916,5594724,16225.147,1454.517,11.971,311.255,2.993,18.955,3378,2774,2.020,2.120,1.360,1,0,220.472,0,0,20,32,0,13,0
17-08 10:58:47,35.488,6.498,52.482,4.249,0,1553292,479312,213956,5596048,15840.438,7348.420,911.680,351.876,73.974,19.993,3450,2380,1.940,2.100,1.350,2,0,59.979,0,0,20,33,0,13,0
17-08 10:58:48,28.700,9.483,59.396,1.248,0,1547832,482924,213996,5597808,103173.194,2892057.829,822.566,2711.275,85.850,68.880,5933,4174,1.940,2.100,1.350,4,0,106.814,0,0,20,34,0,13,0
17-08 10:58:49,21.873,13.073,52.796,9.554,0,1530944,495424,214000,5602044,40297.892,21109.329,0,43463.637,0,3576.046,15841,28403,1.940,2.100,1.350,3,1,192.077,0,0,20,37,0,13,0
17-08 10:58:50,18.220,4.742,62.397,10.732,0,1526788,496404,214016,5605196,11608.880,1938.807,0,41891.004,0,3720.872,15219,28458,1.940,2.100,1.350,2,0,47.921,0,0,20,36,0,13,0
17-08 10:58:51,17.001,6.000,63.754,11.251,0,1527324,493672,214040,5607352,19359.188,1620.099,0,48362.967,0,4510.277,15900,29843,1.940,2.100,1.350,3,0,57.003,0,0,20,36,0,13,0
17-08 10:58:52,18.004,6.251,62.263,11.252,0,1528092,491404,214040,5608852,18227.740,1620.332,0,55827.454,0,4619.948,16464,31587,2.030,2.110,1.360,0,2,48.010,0,0,20,36,0,13,0
17-08 10:58:53,17.000,4.500,62.499,11.250,0,1528412,488632,214044,5611300,9328.917,1619.986,0,44511.606,0,4137.963,15389,30475,2.030,2.110,1.360,3,1,12.000,0,0,20,36,0,13,0
17-08 10:58:54,16.764,6.756,61.803,12.010,0,1529972,484372,214052,5613960,10499.987,1621.388,0,58041.678,0,4735.053,17184,33123,2.030,2.110,1.360,0,1,45.039,0,0,20,36,0,13,0
17-08 10:58:55,17.249,5.000,63.747,11.000,0,1530648,481628,214060,5615988,9881.556,1457.935,0,34750.439,0,3357.849,13992,26295,2.030,2.110,1.360,1,1,53.998,0,0,20,36,0,13,0
17-08 10:58:56,12.495,6.997,62.224,12.994,0,1531592,477344,214068,5619320,10068.719,1619.312,0,70881.866,0,5678.586,18781,37858,2.030,2.110,1.360,0,1,2.999,0,0,20,36,0,12,0
17-08 10:58:57,16.221,7.237,61.392,12.728,0,1534992,467528,214072,5625700,11329.055,1617.153,0,63552.117,0,5018.166,17779,35085,2.020,2.110,1.370,3,1,0,0,0,20,36,0,12,0
17-08 10:58:58,14.269,5.007,63.585,11.515,0,1534344,465792,214072,5628052,9403.598,1622.173,0,47227.273,0,4495.022,16622,32699,2.020,2.110,1.370,1,0,1.001,0,0,20,36,0,12,0
17-08 10:58:59,14.518,6.007,64.079,11.514,0,1534160,463272,214072,5630756,10663.123,1621.996,0,52328.398,0,4735.828,16813,33829,2.020,2.110,1.370,1,0,0,0,0,20,36,0,12,0
17-08 10:59:00,19.193,10.968,53.592,11.965,0,1536420,458952,214072,5632816,94863.845,2916354.317,0,51850.872,0,4488.744,18622,33120,2.020,2.110,1.370,2,0,105.688,0,0,20,37,0,10,0
17-08 10:59:01,20.552,13.534,51.880,11.278,0,1533724,459384,214072,5635080,34518.764,19750.644,0,56915.057,0,4705.828,18679,34996,2.020,2.110,1.370,2,1,171.431,0,0,20,37,0,10,0
17-08 10:59:02,18.196,8.225,60.320,10.718,0,1532180,458492,214076,5637512,18071.000,7669.083,0,45843.011,0,4095.761,15553,28708,2.180,2.140,1.380,1,0,91.726,0,0,20,36,0,10,0
17-08 10:59:03,22.585,5.772,67.003,3.513,0,1442248,547724,214076,5638196,9697.588,1626.135,0,20513.395,0,1528.768,6723,10623,2.180,2.140,1.380,1,0,46.174,0,0,20,32,0,10,0
17-08 10:59:04,23.164,2.740,72.729,0.498,0,1486068,503904,214076,5638196,7839.751,1452.581,0,1705.637,0,99.628,2038,1672,2.180,2.140,1.380,1,0,0,0,0,20,32,0,10,0
17-08 10:59:05,23.823,2.508,72.222,0.251,0,1521068,468904,214076,5638196,9275.473,1624.988,0,5175.889,0,275.847,2324,2307,2.180,2.140,1.380,1,0,0,0,0,20,34,0,10,0
17-08 10:59:06,10.965,12.211,71.521,3.240,0,1497708,492116,214096,5638324,15136.589,1614.835,107.656,0,25.917,0,3830,2588,2.180,2.140,1.380,0,1,175.439,0,0,20,32,0,10,0
17-08 10:59:07,18.807,3.511,73.471,4.263,0,1520548,468728,214112,5638856,15185.641,1624.884,565.700,0,14.042,0,2086,1313,2.090,2.130,1.380,1,0,29.087,0,0,20,32,0,10,0
17-08 10:59:08,17.453,8.976,72.805,0,0,1523892,465364,214112,5638876,12859.474,1615.662,0,223.400,0,1.995,3116,2164,2.090,2.130,1.380,1,0,108.708,0,0,20,32,0,10,0
17-08 10:59:09,23.743,2.999,72.729,0,0,1542060,447196,214112,5638876,9901.096,1619.525,0,339.900,0,18.994,2376,2104,2.090,2.130,1.380,1,0,0,0,0,20,32,0,10,0
17-08 10:59:10,21.820,5.267,71.478,0.251,0,1504340,484888,214112,5638904,10030.055,1625.194,0,585.872,0,42.135,3827,3964,2.090,2.130,1.380,1,0,40.128,0,0,20,32,0,10,0
17-08 10:59:11,20.435,4.984,73.268,0,0,1561832,427396,214112,5638904,8547.926,1614.885,0,231.268,0,13.956,2121,1531,2.090,2.130,1.380,1,0,26.915,0,0,20,32,0,10,0
17-08 10:59:12,27.424,6.731,64.322,0,0,1548556,440664,214112,5638912,87810.397,2937969.494,0,223.380,0,10.970,4306,2634,2,2.110,1.380,2,0,53.851,0,0,20,34,0,6,0
17-08 10:59:13,30.946,10.818,57.362,0.252,0,1511976,477196,214112,5638956,30106.224,20516.633,0,386.442,0,59.375,7127,9146,2,2.110,1.380,1,0,160.011,0,0,20,34,0,6,0
17-08 10:59:14,25.679,9.224,63.573,0,0,1454444,534708,214112,5638984,37957.517,12087.409,0,287.202,0,22.936,4872,4767,2,2.110,1.380,1,0,132.631,0,0,20,32,0,6,0
17-08 10:59:15,23.242,2.749,72.975,0.250,0,1507084,482068,214112,5638980,9899.580,1619.440,0,175.939,0,11.996,1686,1094,2,2.110,1.380,2,0,0,0,0,20,32,0,6,0
17-08 10:59:16,24.231,2.248,72.194,0,0,1510464,478552,214112,5639116,9186.871,1618.744,0,7.994,0,1.998,3677,4205,2,2.110,1.380,1,0,0,0,0,20,33,0,4,0
17-08 10:59:17,25.014,2.501,71.041,0.250,0,1510412,478552,214112,5639168,9137.241,1620.930,0,2693.545,0,463.266,4947,5852,1.840,2.070,1.370,1,0,0,0,0,20,32,0,4,0
17-08 10:59:18,17.032,9.268,72.638,0,0,1472976,515976,214112,5639180,8734.605,1623.086,0,0,0,0,2923,1900,1.840,2.070,1.370,1,0,72.137,0,0,20,32,0,4,0
17-08 10:59:19,23.431,3.241,72.787,0,0,1510256,478692,214112,5639184,9782.352,1615.270,0,1563.421,0,18.945,2299,1858,1.840,2.070,1.370,1,0,0,0,0,20,32,0,5,0
17-08 10:59:20,24.779,3.254,71.333,0,0,1510248,478692,214112,5639192,15262.693,1621.880,0,284.330,0,19.022,4500,5446,1.840,2.070,1.370,2,0,0,0,0,20,33,0,5,0
17-08 10:59:21,22.245,4.499,71.232,0,0,1484080,504676,214112,5639376,13928.559,1619.600,0,223.945,0,12.997,3802,4233,1.840,2.070,1.370,1,0,29.993,0,0,20,32,0,5,0
17-08 10:59:22,22.989,3.248,72.965,0.250,0,1539168,449588,214112,5639376,20011.282,1619.214,0,211.897,0,15.992,1951,1215,1.770,2.050,1.370,1,0,0,0,0,20,32,0,5,0
17-08 10:59:23,23.795,3.256,72.388,0,0,1550632,438104,214112,5639396,18843.862,1460.780,0,0,0,0,3476,3721,1.770,2.050,1.370,1,0,0,0,0,20,33,0,6,0
17-08 10:59:24,27.164,4.237,66.789,0,0,1549396,439304,214112,5639444,33930.831,834682.687,0,39.874,0,0.997,5911,6814,1.770,2.050,1.370,1,0,51.836,0,0,20,33,0,6,0
17-08 10:59:25,26.105,12.801,60.493,0,0,1491640,497048,214112,5639444,77133.673,2136179.232,0,0,0,0,5228,3597,1.770,2.050,1.370,2,0,158.637,0,0,20,33,0,6,0
17-08 10:59:26,29.936,10.727,57.877,0,0,1511936,476740,214112,5639464,27288.887,19638.179,0,87.813,0,1.996,4491,4122,1.770,2.050,1.370,4,0,155.668,0,0,20,32,0,6,1
17-08 10:59:27,21.722,4.744,72.158,0,0,1482908,505756,214112,5639468,9723.544,1683.843,0,67.913,0,1.997,3333,3288,1.710,2.040,1.360,2,0,33.957,0,0,20,32,0,6,0
17-08 10:59:28,22.734,3.747,73.198,0,0,1495004,493660,214112,5639468,9649.134,1618.848,0,11.991,0,2.998,1808,1201,1.710,2.040,1.360,1,0,0.999,0,0,20,32,0,6,0
17-08 10:59:29,24.020,2.502,72.561,0,0,1514612,474044,214112,5639476,14587.217,1621.358,0,128.107,0,16.013,2708,2546,1.710,2.040,1.360,1,0,0,0,0,20,32,0,7,0
17-08 10:59:30,19.562,6.771,72.730,0,0,1519452,469196,214112,5639484,22747.909,1625.137,0,288.913,0,19.060,2758,1832,1.710,2.040,1.360,1,0,60.190,0,0,20,32,0,7,0
17-08 10:59:31,23.249,2.750,72.998,0.250,0,1556596,431920,214112,5639616,17085.610,1457.967,0,195.996,0,14.000,2144,1541,1.710,2.040,1.360,2,0,0,0,0,20,33,0,7,0
17-08 10:59:32,23.973,2.747,71.918,0,0,1550876,437624,214112,5639632,12350.938,1618.158,0,2920.675,0,463.472,3961,4144,1.650,2.020,1.360,1,0,0,0,0,20,33,0,7,0
17-08 10:59:33,21.445,5.237,72.565,0,0,1553272,435212,214112,5639648,16308.398,1615.878,0,0,0,0,2716,1915,1.650,2.020,1.360,1,0,42.891,0,0,20,32,0,7,0
17-08 10:59:34,23.036,3.255,73.615,0,0,1589016,399468,214112,5639648,29299.632,1716.674,0,12.019,0,3.005,1947,1062,1.650,2.020,1.360,1,0,0,0,0,20,32,0,7,0
17-08 10:59:35,24.288,2.254,71.613,0,0,1582768,405664,214112,5639700,10440.468,1622.559,0,0,0,0,3679,3959,1.650,2.020,1.360,1,0,0,0,0,20,33,0,8,0
17-08 10:59:36,19.468,7.238,72.131,0,0,1574920,413500,214112,5639712,16728.355,1617.327,0,335.446,0,25.957,3334,2822,1.650,2.020,1.360,2,0,66.889,0,0,20,32,0,9,0
17-08 10:59:37,28.598,8.952,60.429,0,0,1584520,403900,214112,5639720,92284.742,2946069.143,0,107.429,0,4.974,4972,2942,1.600,2,1.360,4,0,103.450,0,0,20,32,0,9,1
17-08 10:59:38,30.947,9.561,59.629,0,0,1544640,443756,214112,5639732,27793.781,18071.946,0,0,0,0,5017,5510,1.600,2,1.360,2,0,111.711,0,0,20,33,0,10,0
17-08 10:59:39,23.773,10.010,65.314,0,0,1527764,460628,214112,5639740,15391.144,10947.772,0,24.024,0,1.001,3381,2820,1.600,2,1.360,3,0,135.133,0,0,20,32,0,10,0
17-08 10:59:40,23.762,2.501,73.037,0,0,1558000,430388,214112,5639744,8936.540,1458.741,0,80.041,0,7.004,2087,1531,1.600,2,1.360,1,0,0,0,0,20,32,0,10,0
17-08 10:59:41,19.953,6.485,72.081,0.249,0,1521444,466928,214112,5639760,13432.425,1616.201,0,283.334,0,22.946,2993,2519,1.600,2,1.360,1,0,59.859,0,0,20,32,0,10,0
17-08 10:59:42,23.486,2.249,73.205,0,0,1541932,446436,214112,5639764,14837.900,1619.007,0,83.949,0,5.996,1716,1065,1.550,1.980,1.360,1,0,0,0,0,20,32,0,10,0
17-08 10:59:43,29.511,6.252,63.774,0,0,1540348,447868,214112,5639916,9291.563,1620.622,0,0,0,0,4469,13793,1.550,1.980,1.360,2,0,36.014,0,0,20,33,0,13,0
17-08 10:59:44,21.000,5.500,72.251,0,0,1490060,498144,214112,5639928,11399.142,1620.020,0,148.002,0,24.000,2657,2003,1.550,1.980,1.360,1,0,43.001,0,0,20,32,0,13,0
17-08 10:59:45,22.760,3.251,73.033,0,0,1533652,454548,214112,5639932,19957.108,1620.740,0,8.004,0,2.001,2207,1574,1.550,1.980,1.360,1,0,0,0,0,20,32,0,12,0
17-08 10:59:46,24.736,2.249,71.710,0,0,1533632,454548,214112,5639952,19826.929,1619.096,0,151.915,0,13.992,4100,4660,1.550,1.980,1.360,1,0,0,0,0,20,32,0,12,0
17-08 10:59:47,18.921,7.718,72.200,0.249,0,1520204,467968,214112,5639960,10718.427,1613.291,0,175.271,0,9.959,2694,1818,1.510,1.970,1.360,1,0,66.723,0,0,20,32,0,12,0
17-08 10:59:48,24.018,2.502,73.055,0.250,0,1526488,461680,214112,5639964,18747.089,1621.218,0,88.066,0,10.008,2327,1702,1.510,1.970,1.360,1,0,1.001,0,0,20,32,0,12,0
17-08 10:59:49,29.171,7.293,63.371,0,0,1530420,457728,214112,5639992,26699.227,5937.744,0,0,0,0,3977,3620,1.510,1.970,1.360,2,0,53.312,0,0,20,33,0,10,0
17-08 10:59:50,31.543,9.012,57.578,0,0,1545220,442928,214112,5639992,94684.908,2969743.782,0,8.011,0,2.003,5044,3099,1.510,1.970,1.360,1,0,96.130,0,0,20,33,0,10,0
17-08 10:59:51,29.960,9.987,58.421,0,0,1549744,438392,214112,5640004,37172.964,17484.465,0,115.844,0,12.983,5050,4884,1.510,1.970,1.360,1,0,153.793,0,0,20,33,0,10,0
17-08 10:59:52,22.952,9.231,66.861,0,0,1509892,478116,214112,5640124,28136.408,10008.159,0,151.684,0,10.977,3316,2683,1.550,1.970,1.360,1,0,114.761,0,0,20,32,0,10,0
17-08 10:59:53,23.746,2.500,72.987,0,0,1547052,440952,214112,5640128,8741.451,1619.713,0,151.973,0,5.999,2099,1566,1.550,1.970,1.360,1,0,0,0,0,20,32,0,11,0
17-08 10:59:54,21.742,5.248,71.973,0,0,1456836,531140,214112,5640156,8828.711,1619.397,0,99.963,0,14.994,3707,3814,1.550,1.970,1.360,1,0,42.984,0,0,20,32,0,11,0
17-08 10:59:55,22.839,3.765,73.284,0,0,1513252,474720,214112,5640160,10845.068,1626.308,0,0,0,0,1802,1135,1.550,1.970,1.360,1,0,0,0,0,20,32,0,11,0
17-08 10:59:56,23.435,3.241,72.548,0,0,1530788,457180,214112,5640164,13485.386,1615.494,0,7.978,0,1.994,2981,2824,1.550,1.970,1.360,1,0,0,0,0,20,32,0,11,1
17-08 10:59:57,16.546,10.529,70.697,0.752,0,1438500,549416,214112,5640200,10882.371,1624.534,4.011,593.657,1.003,43.120,4483,3979,1.500,1.950,1.360,2,0,141.395,0,0,20,32,0,11,0
17-08 10:59:58,7.481,16.957,72.316,1.746,0,1443204,543992,214120,5640876,12362.560,1454.302,291.259,4029.752,25.934,597.481,5018,3465,1.500,1.950,1.360,1,1,237.396,0,0,19,12,0,11,20
17-08 10:59:59,9.517,18.534,69.626,1.252,0,1442052,545080,214120,5640948,9355.966,1622.943,36.065,0,4.007,0,5182,3577,1.500,1.950,1.360,1,0,263.478,0,0,21,12,0,11,20
17-08 11:00:00,9.972,19.945,68.560,0,0,1448228,538876,214120,5640976,8453.586,1615.525,0,31.912,0,7.978,5432,3812,1.500,1.950,1.360,6,1,296.180,0,0,21,12,0,11,20
17-08 11:00:01,23.507,13.254,60.517,1.250,0,1437848,549188,214124,5641040,9630.663,1620.448,60.017,0,10.003,0,5719,7151,1.500,1.950,1.360,1,0,138.038,0,0,21,12,0,11,20
17-08 11:00:02,31.319,23.301,43.596,0.501,0,1490276,495820,214140,5641944,86682.093,3014737.063,44.097,16.035,2.004,4.009,7375,4712,1.540,1.950,1.360,4,0,369.815,0,0,23,12,0,11,21
17-08 11:00:03,18.254,26.755,54.260,0,0,1495548,490396,214140,5642444,28237.460,18874.650,0,332.064,0,9.002,7606,7996,1.540,1.950,1.360,1,0,451.087,0,0,23,13,0,11,20
17-08 11:00:04,24.451,14.222,60.379,0,0,1500448,485492,214140,5642096,15233.584,4789.437,0,103.793,0,3.992,4863,5175,1.540,1.950,1.360,3,0,166.667,0,0,23,13,0,11,20
17-08 11:00:05,27.789,25.787,45.064,0,0,1536396,448992,214140,5642620,20029.378,13738.465,4.006,8.011,1.001,2.003,6445,5546,1.540,1.950,1.360,1,0,441.626,0,0,25,12,0,11,20
17-08 11:00:06,13.973,19.214,64.627,0,0,1548492,436864,214140,5642996,9425.121,1616.933,0,23.955,0,5.989,6403,6326,1.540,1.950,1.360,1,0,276.476,0,0,25,12,0,11,20
17-08 11:00:07,25.762,13.506,59.528,0,0,1565952,419400,214140,5642640,8611.111,1458.696,0,1048.501,0,21.010,5269,5567,1.500,1.940,1.360,2,0,147.070,0,0,25,12,0,11,20
17-08 11:00:08,70.296,11.758,18.262,0,0,1806104,179048,214192,5642760,9282.061,1621.058,0,0,0,0,4514,2963,1.500,1.940,1.360,14,0,22.014,0,0,27,12,0,11,20
17-08 11:00:09,88.452,11.276,0,0,0.251,2006664,130224,213796,5494432,8826.149,1623.707,72.165,0,1.002,0,4986,3250,1.500,1.940,1.360,15,0,14.032,0,0,27,12,0,11,20
17-08 11:00:10,84.035,7.980,8.229,0,0,2138700,156496,213804,5339796,9318.128,1615.860,0,698.211,0,13.964,4964,3571,1.500,1.940,1.360,2,0,48.875,0,0,27,12,0,11,20
17-08 11:00:11,8.759,17.768,69.822,2.252,0,2135444,159096,213808,5340416,11505.821,1621.666,500.514,4.004,15.015,1.001,5275,3886,1.500,1.940,1.360,1,0,259.266,0,0,27,12,0,11,20
17-08 11:00:12,10.008,21.517,67.302,0,0,2131232,163144,213808,5340580,9893.659,1621.255,0,344.267,0,9.007,5675,4212,1.460,1.920,1.360,2,0,284.220,0,0,27,12,0,11,20
17-08 11:00:13,22.513,14.008,59.285,2.501,0,2123104,170776,213812,5341440,11736.925,1620.956,496.293,64.038,23.014,2.001,6068,7636,1.460,1.920,1.360,1,0,141.083,0,0,27,12,0,11,20
17-08 11:00:14,25.378,13.187,58.220,1.493,0,2131288,160968,213816,5342696,8913.127,1612.245,1604.283,0,22.890,0,4408,3505,1.460,1.920,1.360,1,0,141.320,0,0,27,12,0,11,20
17-08 11:00:15,20.599,10.048,65.818,2.763,0,2148780,142868,213816,5343268,16697.566,7308.263,152.737,0,9.044,0,3693,3250,1.460,1.920,1.360,4,1,136.659,0,0,28,13,0,12,20
17-08 11:00:16,29.368,10.204,58.986,0,0,2191164,185768,213816,5259856,93678.534,3050178.153,23.893,3.982,2.987,0.996,5601,4050,1.460,1.920,1.360,3,0,110.505,0,0,28,13,0,12,20
17-08 11:00:17,30.965,9.989,55.688,1.498,0,2217576,159496,213820,5259824,25252.738,17337.596,11.987,215.759,1.998,13.984,4939,4899,1.500,1.920,1.360,1,0,109.877,0,0,28,13,0,12,10
17-08 11:00:18,23.351,8.035,66.790,0.753,0,2169996,206624,213820,5260256,12917.055,6120.561,20.087,518.249,1.004,48.209,4942,5710,1.500,1.920,1.360,0,0,93.405,0,0,28,14,0,18,0
17-08 11:00:19,9.754,21.509,67.778,0,0,2170076,206476,213820,5260324,11710.922,1620.681,0,5730.408,0,623.262,6439,4868,1.500,1.920,1.360,1,0,402.169,0,0,28,14,0,18,0
17-08 11:00:20,9.960,20.169,67.976,0,0,2180752,195768,213820,5260356,8799.510,1613.493,0,390.425,0,6.972,5809,4449,1.500,1.920,1.360,1,0,295.807,0,0,28,14,0,18,0
17-08 11:00:21,10.791,20.076,67.505,0,0,2175952,200544,213820,5260380,12577.532,1626.145,0,32.121,0,8.030,5815,4397,1.500,1.920,1.360,1,0,287.085,0,0,28,14,0,18,0
17-08 11:00:22,23.776,13.265,61.567,0,0,2151836,224660,213820,5260364,9871.822,1621.778,0,12.013,0,3.003,5796,7562,1.700,1.960,1.380,1,0,143.157,0,0,28,14,0,17,0
17-08 11:00:23,43.825,13.197,40.339,1.245,0,2248928,127404,213832,5260992,9244.112,1613.561,71.714,203.189,0.996,1.992,4477,3092,1.700,1.960,1.380,2,0,126.495,0,0,28,15,0,17,0
17-08 11:00:24,49.772,3.001,46.020,0,0,2276584,183532,213832,5179280,16373.188,1620.712,0,228.100,0,1.000,3360,1808,1.700,1.960,1.380,4,0,0,0,0,28,15,0,17,0
17-08 11:00:25,48.680,5.019,46.170,0,0,2351416,190336,213832,5099364,10017.984,1626.003,0,2091.722,0,102.378,3303,1808,1.700,1.960,1.380,3,0,0,0,0,28,15,0,17,0
17-08 11:00:26,52.821,3.987,42.108,0.249,0,2392532,149216,213848,5099412,9059.346,1453.083,95.676,267.096,0.997,11.960,4279,3525,1.700,1.960,1.380,3,0,16.943,0,0,28,31,0,16,0
17-08 11:00:27,49.888,7.772,41.615,0,0,2436104,177136,213900,5029080,10700.664,1624.503,0,1111.080,0,89.247,5754,8386,1.730,1.960,1.380,1,0,2.006,0,0,28,31,0,16,0
17-08 11:00:28,13.751,21.751,62.502,0,0,2435708,177320,213904,5029588,93211.712,3119898.241,4.000,352.014,1.000,17.001,7965,6259,1.730,1.960,1.380,5,0,403.016,0,0,28,31,0,16,0
17-08 11:00:29,24.963,14.728,59.412,0.250,0.250,2458932,154088,213904,5029256,9674.693,2434.400,0,127.811,0,12.981,6128,7631,1.730,1.960,1.380,10,0,160.762,0,0,28,31,0,16,0
17-08 11:00:30,9.977,9.727,76.074,2.494,0,2446744,166188,213908,5029340,27314.714,17660.083,83.806,123.713,6.984,12.970,4438,4483,1.730,1.960,1.380,3,0,161.626,0,0,28,31,0,15,0
17-08 11:00:31,6.751,6.501,85.009,0.250,0,2431516,181412,213908,5029344,18884.098,13720.524,0,916.102,0,48.005,3314,3593,1.730,1.960,1.380,0,0,106.012,0,0,28,30,0,15,0
17-08 11:00:32,2.000,1.000,95.494,0,0,2431988,180936,213908,5029348,12298.174,1619.891,0,0,0,0,1321,1693,1.590,1.930,1.370,0,0,3.000,0,0,28,30,0,15,0
17-08 11:00:33,2.749,0.750,96.215,0,0,2431988,180936,213908,5029348,11317.917,1619.416,0,3.999,0,1.000,1317,1711,1.590,1.930,1.370,2,0,1.000,0,0,28,30,0,15,0
17-08 11:00:34,11.266,11.516,75.357,0,0,2387020,225880,213912,5029828,9909.111,1716.444,4.006,949.352,1.001,5.007,5145,6073,1.590,1.930,1.370,1,0,210.299,0,0,28,30,0,15,0
17-08 11:00:35,25.077,12.539,61.690,0,0,2453564,159272,213912,5029392,11129.219,1462.497,0,0,0,0,5172,5803,1.590,1.930,1.370,1,0,122.376,0,0,28,30,0,15,0
17-08 11:00:36,26.987,15.992,55.474,0,0.250,2457388,155416,213912,5029432,8971.732,1619.230,0,363.827,0,28.986,5625,5417,1.590,1.930,1.370,2,0,280.866,0,0,29,46,0,15,0
17-08 11:00:37,18.495,16.995,60.983,2.999,0.250,2471896,140768,213920,5029524,11612.791,1857.487,67.981,3.999,16.995,1.000,5913,6314,1.540,1.910,1.370,1,0,219.939,0,0,29,46,0,16,0
17-08 11:00:38,18.943,13.958,65.554,0,0,2467212,145500,213920,5029460,9145.676,1615.174,0,3.988,0,0.997,5150,5863,1.540,1.910,1.370,0,0,167.500,0,0,29,46,0,14,0
17-08 11:00:39,7.772,9.778,80.478,0,0,2468048,144612,213920,5029528,9867.920,1624.597,0,252.715,0,13.037,3380,3248,1.540,1.910,1.370,1,0,182.516,0,0,30,46,0,14,0
17-08 11:00:40,22.020,17.016,59.805,0.250,0,2487444,125072,213920,5030028,9255.477,1621.485,0,8711.979,0,674.618,6625,7791,1.540,1.910,1.370,2,0,195.179,0,0,31,46,0,14,0
17-08 11:00:41,18.741,14.993,63.469,0.750,0,2444292,246256,213920,4953360,24614.816,381806.012,23.988,43.978,1.999,1.999,5079,4627,1.540,1.910,1.370,1,0,247.877,0,0,31,49,0,15,0
17-08 11:00:42,15.010,25.767,58.288,0,0,2441280,249068,213920,4953564,95335.793,2779204.361,0,48.031,0,9.006,8135,6503,1.500,1.890,1.370,1,0,452.293,0,0,31,49,0,14,0
17-08 11:00:43,22.247,23.746,51.242,1.250,0,2464024,226164,213920,4954808,25328.137,14301.819,7.999,843.871,1.000,10.998,7525,9919,1.500,1.890,1.370,4,0,408.938,0,0,31,49,0,14,0
17-08 11:00:44,31.000,19.500,48.250,0,0,2467312,222868,213920,4953736,11305.924,5499.963,0,20.000,0,2.000,6440,15958,1.500,1.890,1.370,2,0,229.998,0,0,31,48,0,15,0
17-08 11:00:45,30.668,23.936,43.883,0.499,0,2547628,142476,213940,4953788,19588.584,1615.677,3.989,390.954,0.997,11.968,6371,4827,1.500,1.890,1.370,2,0,382.975,0,0,31,48,0,15,0
17-08 11:00:46,31.329,23.309,44.362,0,0,2568148,199160,213968,4878244,14700.158,1624.105,4.010,16.041,1.003,4.010,6448,4905,1.500,1.890,1.370,3,0,417.054,0,0,31,48,0,12,0
17-08 11:00:47,32.487,23.241,42.983,0.750,0,2609968,155468,214048,4879976,10268.835,1709.307,27.989,23.990,2.999,5.998,6838,7767,1.540,1.900,1.370,2,0,357.855,0,0,31,52,0,14,0
17-08 11:00:48,34.644,23.428,39.379,0,0,2664940,179116,214048,4804388,27632.225,1615.045,0,23.927,0,5.982,6593,5749,1.540,1.900,1.370,2,0,296.092,0,0,31,52,0,14,0
17-08 11:00:49,48.008,15.503,36.756,0,0,2715460,128584,214048,4804280,19978.279,1620.266,12.002,0,3.000,0,5605,5844,1.540,1.900,1.370,6,0,115.019,0,0,31,52,0,14,0
17-08 11:00:50,72.643,26.302,0.751,0,0,2794332,199320,214064,4658000,9310.331,1623.196,0,1995.930,0,14.028,5377,4631,1.540,1.900,1.370,4,0,348.687,0,0,31,52,0,14,0
17-08 11:00:51,60.040,20.428,18.934,0,0,2885620,182248,214064,4586068,21988.979,1614.345,3.986,35.874,0.997,8.969,6080,5678,1.540,1.900,1.370,3,0,273.044,0,0,31,52,0,14,0
17-08 11:00:52,67.118,19.534,12.522,0,0,2943824,123540,214092,4586180,19901.072,1622.860,0,8.014,0,2.004,5903,6830,1.730,1.930,1.380,4,0,190.335,0,0,31,52,0,14,0
17-08 11:00:53,72.625,26.295,1.503,0,0,3033192,177588,214184,4446116,10684.339,1460.507,4.007,841.444,1.002,43.074,5621,5252,1.730,1.930,1.380,8,0,360.619,0,0,31,52,0,14,0
17-08 11:00:54,75.863,18.528,3.004,2.504,0,3115596,152808,215064,4388536,13965.761,5224.767,913.358,252.375,91.135,6.009,7090,7481,1.730,1.930,1.380,6,0,238.354,0,0,31,57,0,13,0
17-08 11:00:55,74.523,23.678,1.246,0.249,0,3248044,145264,213216,4266744,12171.990,2430.609,195.406,7090.441,12.961,610.145,8610,10769,1.730,1.930,1.380,5,1,204.379,0,0,31,57,0,13,0
17-08 11:00:56,69.539,24.514,3.002,2.001,0,3309208,130348,213128,4221568,73508.853,2892279.390,252.140,23917.292,9.005,1731.963,13323,21017,1.730,1.930,1.380,6,0,271.151,0,0,31,59,0,13,0
17-08 11:00:57,70.429,24.887,3.235,0.747,0,3361208,128352,213132,4172368,37289.122,359470.362,3.982,14123.657,0.995,1406.592,12124,21399,2.240,2.030,1.420,23,0,383.254,0,0,31,59,0,13,1
17-08 11:00:58,73.940,18.611,6.539,1.006,0,3424652,178056,213232,4060356,14664.336,6063.110,0,4112.493,0,300.791,8298,12540,2.240,2.030,1.420,10,0,101.605,0,0,31,63,0,16,0
17-08 11:00:59,76.796,22.764,0.250,0,0,3459592,141396,213236,4061944,24591.804,13826.323,464.279,660.398,7.004,33.020,8270,10980,2.240,2.030,1.420,8,0,353.213,0,0,31,61,0,19,0
17-08 11:01:00,62.681,24.473,12.237,0,0,3547628,177008,213236,3941216,13013.673,4910.594,0,2157.625,0,64.929,7323,8589,2.240,2.030,1.420,4,0,363.600,0,0,31,73,0,26,0
17-08 11:01:01,47.501,24.500,26.000,0.500,0,3596324,127048,213236,3942644,9572.170,1620.029,0,13800.245,0,1153.021,8178,9171,2.240,2.030,1.420,3,0,340.006,0,0,31,71,0,28,0
17-08 11:01:02,43.163,18.213,38.173,0.249,0,3623796,133868,213232,3909552,9272.321,1455.069,0,594.802,0,32.934,6115,8686,2.300,2.050,1.430,2,0,205.586,0,0,31,73,0,28,0
17-08 11:01:03,65.084,15.019,19.024,0,0,3685988,161316,213240,3821844,10149.028,1622.082,0,572.735,0,28.036,5508,5114,2.300,2.050,1.430,4,0,134.172,0,0,31,74,0,28,0
17-08 11:01:04,55.405,10.233,33.193,0,0,3784192,153980,213256,3733160,9766.307,1617.236,0,3861.400,0,197.662,4924,6615,2.300,2.050,1.430,2,0,8.985,0,0,31,76,0,31,0
17-08 11:01:05,20.307,15.794,62.926,0.251,0,3804648,133008,213260,3733784,9034.202,1624.532,16.045,1440.017,1.003,93.260,5826,5450,2.300,2.050,1.430,1,0,242.677,0,0,31,79,0,31,0
17-08 11:01:06,9.258,19.516,69.557,0.250,0,3813000,124628,213260,3733812,9612.835,1621.321,0,10272.373,0,352.287,6062,4738,2.300,2.050,1.430,1,0,316.258,0,0,31,79,0,31,0
17-08 11:01:07,9.721,18.694,69.542,0,0,3812488,125108,213260,3733844,10525.462,1704.892,0,139.582,0,10.967,5803,4615,2.190,2.030,1.430,2,0,309.074,0,0,31,79,0,32,0
17-08 11:01:08,17.233,11.239,69.930,0.749,0,3843028,127064,213260,3701692,11043.988,1618.386,163.837,0,2.997,0,3736,3048,2.190,2.030,1.430,1,0,123.876,0,0,31,79,0,32,0
17-08 11:01:09,24.523,4.254,68.813,1.752,0,3886792,132784,213264,3652784,10243.431,1621.493,172.158,104.096,3.003,7.006,2644,2244,2.190,2.030,1.430,1,0,1.001,0,0,31,82,0,32,0
17-08 11:01:10,28.558,9.018,59.371,2.004,0,3888552,130988,213272,3652796,99581.726,3322884.642,28.057,392.800,4.008,36.073,6778,6130,2.190,2.030,1.430,3,0,86.175,0,0,31,88,0,32,0
17-08 11:01:11,37.753,14.751,45.503,0.500,0,3834036,252592,213276,3588128,28162.153,20020.531,8.001,252.019,2.000,22.002,5352,5028,2.190,2.030,1.430,3,0,187.014,0,0,31,90,0,32,0
17-08 11:01:12,28.066,8.693,60.851,1.242,0,3873180,213336,213360,3588144,16480.988,11684.423,83.453,170.880,4.967,12.915,3933,3660,2.180,2.030,1.430,1,0,102.329,0,0,31,89,0,32,0
17-08 11:01:13,25.820,3.510,68.437,1.504,0,3907060,178600,213360,3589000,9910.040,1624.432,850.320,240.657,8.022,17.047,3184,3169,2.180,2.030,1.430,1,0,2.005,0,0,31,91,0,32,0
17-08 11:01:14,36.617,6.521,55.929,0.251,0,3975060,158108,213292,3542436,10900.941,1625.209,64.206,244.785,7.023,17.055,4560,4626,2.180,2.030,1.430,5,0,3.010,0,0,31,96,0,32,0
17-08 11:01:15,29.442,6.487,61.878,0.749,0,3923300,209584,213296,3542716,10939.403,1616.808,15.968,990.045,0.998,120.762,4525,4668,2.180,2.030,1.430,1,0,46.907,0,0,31,101,0,32,0
17-08 11:01:16,22.988,3.248,70.962,1.749,0,3969972,162712,213296,3542916,8878.240,1619.132,199.893,1559.164,2.998,18.990,2373,2050,2.180,2.030,1.430,1,0,0,0,0,31,101,0,32,0
17-08 11:01:17,24.833,3.261,70.233,0.251,0,3984324,148352,213296,3542924,8898.579,1625.403,0,1091.629,0,62.207,3326,3644,2.080,2.010,1.430,1,0,0,0,0,31,103,0,32,0
17-08 11:01:18,22.768,6.255,69.305,0.500,0,3963572,169060,213296,3542952,9624.594,1621.279,0,408.322,0,61.048,3728,4057,2.080,2.010,1.430,1,0,44.035,0,0,31,101,0,32,0
17-08 11:01:19,23.237,4.248,71.461,0,0,4014364,118268,213296,3542952,9942.579,1619.117,0,303.834,0,22.987,2520,2194,2.080,2.010,1.430,1,0,7.996,0,0,31,101,0,24,0
17-08 11:01:20,24.900,3.237,71.213,0.249,0,4005992,126632,213296,3542960,9275.574,1452.141,0,326.682,0,29.879,2954,2839,2.080,2.010,1.430,2,0,0,0,0,31,101,0,24,0
17-08 11:01:21,28.312,5.262,61.886,2.004,0,4011252,121212,213296,3543120,9677.229,1623.562,48.106,3311.264,6.013,334.734,6625,9907,2.080,2.010,1.430,4,0,3.007,0,0,31,105,0,24,0
17-08 11:01:22,31.214,7.242,58.682,0.999,0,4006600,166624,213296,3502916,36472.696,887754.314,159.815,1146.670,2.997,126.853,6432,8040,2,2,1.430,4,0,51.940,0,0,31,105,0,25,0
17-08 11:01:23,26.420,14.456,57.575,0.498,0,3950744,222340,213296,3503048,86199.848,2440658.428,0,3836.333,0,223.321,6709,5921,2,2,1.430,2,0,213.351,0,0,31,105,0,25,0
17-08 11:01:24,42.735,11.815,45.249,0,0,4005676,167300,213296,3503168,23713.305,17526.307,0,454.497,0,37.204,6136,7107,2,2,1.430,6,0,162.895,0,0,31,107,0,26,0
17-08 11:01:25,25.226,4.496,69.935,0.500,0,4003972,168996,213296,3503164,12571.237,4070.191,0,1678.429,0,73.931,3926,4483,2,2,1.430,1,0,1.998,0,0,31,107,0,26,0
17-08 11:01:26,24.454,4.492,68.372,0.499,0,4011520,161436,213296,3503176,20199.098,1616.966,0,634.809,0,70.867,4487,5325,2,2,1.430,1,0,0.998,0,0,31,108,0,26,0
17-08 11:01:27,36.368,7.775,54.176,0.752,0,3980972,191948,213300,3503208,22087.781,1625.282,136.443,726.361,2.007,84.274,5200,5557,1.920,1.980,1.420,3,0,53.173,0,0,31,107,0,27,0
17-08 11:01:28,37.622,13.454,44.848,1.744,0,4039728,172184,213296,3464980,9402.095,1453.069,418.580,366.755,7.973,28.902,4599,3729,1.920,1.980,1.420,3,0,137.533,0,0,31,107,0,27,0
17-08 11:01:29,47.178,6.525,46.174,0.502,0,4118824,150816,213296,3407800,9332.253,1626.143,32.121,301.138,1.004,20.076,3620,2751,1.920,1.980,1.420,4,0,0,0,0,31,107,0,27,0
17-08 11:01:30,28.176,4.239,65.578,0.748,0,4126144,147504,213296,3404064,9140.975,1615.753,47.874,630.343,4.987,81.785,4573,5454,1.920,1.980,1.420,1,0,0,0,0,31,108,0,27,0
17-08 11:01:31,24.946,5.239,66.855,0.748,0.249,4135944,137676,213296,3404092,8513.487,1616.485,0,1085.639,0,118.742,5309,7085,1.920,1.980,1.420,1,0,0,0,0,31,108,0,27,0
17-08 11:01:32,20.591,8.287,70.563,0.251,0,4097836,175768,213296,3404108,8931.579,1627.211,0,1345.964,0,120.534,3552,3152,1.840,1.960,1.420,2,0,86.383,0,0,31,107,0,27,0
17-08 11:01:33,23.418,2.491,71.001,1.495,0,4135628,137968,213300,3404112,14133.485,1614.344,3.986,430.492,0.997,24.913,2295,1834,1.840,1.960,1.420,1,0,0,0,0,31,107,0,27,0
17-08 11:01:34,27.247,4.000,67.992,0.500,0,4138868,134716,213300,3404124,9543.917,1713.806,0,2547.711,0,168.981,3880,4707,1.840,1.960,1.420,1,0,1.000,0,0,31,109,0,28,0
17-08 11:01:35,28.028,12.512,57.557,0.250,0,4103756,169764,213300,3404196,102116.449,3345184.574,0,96.095,0,9.009,6113,4118,1.840,1.960,1.420,2,0,157.155,0,0,31,110,0,28,0
17-08 11:01:36,30.903,9.969,58.067,0,0,4134580,138812,213300,3404316,28150.511,20325.109,0,55.825,0,3.987,4427,3954,1.840,1.960,1.420,1,0,109.655,0,0,31,110,0,28,0
17-08 11:01:37,28.816,8.018,61.892,0.251,0,4139684,133616,213300,3404392,19391.447,10966.136,0,6218.253,0,757.737,5125,5481,2.020,2,1.430,3,0,103.237,0,0,31,111,0,29,0
17-08 11:01:38,22.776,5.756,70.829,0,0,4137288,135992,213300,3404412,10483.748,1621.817,0,0,0,0,3140,2743,2.020,2,1.430,2,0,52.058,0,0,31,109,0,29,0
17-08 11:01:39,24.222,3.746,70.670,0,0,4136840,184476,212700,3358420,8956.801,1618.158,0,0,0,0,2405,1998,2.020,2,1.430,1,0,0,0,0,31,109,0,28,0
17-08 11:01:40,25.014,3.752,70.789,0,0,4145244,175932,212700,3358560,9624.364,1620.903,0,124.069,0,7.004,3575,3995,2.020,2,1.430,2,0,0,0,0,31,110,0,28,0
17-08 11:01:41,23.737,9.245,64.216,0.250,0,4110672,210464,212700,3358600,9333.082,1619.147,0,835.560,0,101.946,4654,4927,2.020,2,1.430,1,0,81.957,0,0,31,109,0,28,0
17-08 11:01:42,24.256,4.501,70.267,0.250,0,4155380,165752,212700,3358604,17473.343,1620.403,0,372.092,0,32.008,2559,2179,1.930,1.980,1.430,2,0,0,0,0,31,109,0,28,0
17-08 11:01:43,25.526,3.504,70.071,0.250,0,4171344,149780,212700,3358612,10060.192,1621.643,0,1133.148,0,77.078,3523,4050,1.930,1.980,1.430,1,0,0,0,0,31,111,0,28,0
17-08 11:01:44,29.562,9.520,59.124,1.002,0,4144196,176604,212700,3358936,8444.682,1623.399,168.353,104.218,8.017,8.017,4619,13079,1.930,1.980,1.430,1,0,91.191,0,0,31,109,0,28,0
17-08 11:01:45,25.420,2.492,70.030,0.249,0,4183604,137192,212700,3358940,19449.996,1614.935,0,179.437,0,19.937,2617,2242,1.930,1.980,1.430,2,0,0,0,0,31,109,0,28,0
17-08 11:01:46,25.052,3.758,70.396,0,0,4185852,134932,212704,3358948,14434.014,1623.376,0,240.500,0,22.046,3723,4111,1.930,1.980,1.430,1,0,0,0,0,31,110,0,28,0
17-08 11:01:47,29.867,8.213,56.995,2.738,0,4179428,141184,212704,3359128,47446.955,1475142.438,0,7506.453,0,609.277,9425,13502,1.860,1.960,1.430,2,0,53.760,0,0,31,110,0,28,0
17-08 11:01:48,27.903,13.072,58.069,0.251,0,4106620,213984,212704,3359132,81096.965,1915645.429,0,699.849,0,33.182,5783,4574,1.860,1.960,1.430,2,0,161.890,0,0,31,110,0,25,0
17-08 11:01:49,31.021,9.757,57.289,0,0,4140688,179908,212704,3359140,35508.042,18232.345,0,368.249,0,23.016,5148,5058,1.860,1.960,1.430,2,0,156.106,0,0,31,109,0,25,0
17-08 11:01:50,24.976,3.247,69.932,0.250,0,4142040,178552,212704,3359140,10457.851,1618.429,0,2265.801,0,138.865,3600,4025,1.860,1.960,1.430,1,0,0,0,0,31,110,0,25,0
17-08 11:01:51,27.435,5.487,65.096,0.499,0,4144268,176284,212704,3359180,18824.443,1616.175,0,873.931,0,110.738,5944,8099,1.860,1.960,1.430,3,0,0,0,0,31,110,0,25,0
17-08 11:01:52,39.110,6.769,51.645,0.752,0,4149628,170756,212704,3359348,19105.763,1624.571,0,1083.048,0,127.358,8392,11551,1.790,1.950,1.430,2,0,0,0,0,31,109,0,25,0
17-08 11:01:53,30.903,7.975,59.812,0.249,0.498,4185392,134924,212704,3359416,8841.284,1614.937,0,414.700,0,27.912,4327,4370,1.790,1.950,1.430,1,0,78.753,0,0,31,111,0,25,0
17-08 11:01:54,25.000,2.750,71.251,0,0,4185628,134684,212704,3359420,9299.100,1620.017,0,288.003,0,17.000,2777,2665,1.790,1.950,1.430,1,0,0,0,0,31,111,0,25,0
17-08 11:01:55,24.087,3.513,69.751,0.502,0,4185596,134684,212704,3359452,10656.282,1463.257,0,730.625,0,83.299,4277,5411,1.790,1.950,1.430,2,0,0,0,0,31,112,0,25,0
17-08 11:01:56,19.224,9.737,69.407,0.250,0,4149880,170384,212704,3359468,10115.441,1617.831,0,503.325,0,41.944,3955,3681,1.790,1.950,1.430,1,0,146.803,0,0,31,111,0,25,0
17-08 11:01:57,24.743,3.249,70.980,0,0,4196528,123736,212704,3359468,10068.159,1619.543,0,3954.884,0,597.831,2626,2118,1.730,1.930,1.420,1,0,0,0,0,31,111,0,25,0
17-08 11:01:58,24.713,3.994,69.395,0.499,0,4193796,126456,212704,3359480,10472.119,1617.547,0,2248.590,0,144.780,4323,5311,1.730,1.930,1.420,2,0,0.998,0,0,31,112,0,26,0
17-08 11:01:59,26.279,5.006,66.324,0.751,0.250,4190872,129328,212704,3359532,31783.246,3058.392,0,784.870,0,109.121,6408,8567,1.730,1.930,1.420,2,0,2.002,0,0,31,113,0,26,0
17-08 11:02:00,39.925,11.229,41.172,5.739,0,4205452,148428,211204,3328064,17005.870,195796.069,483.087,5884.881,24.953,363.314,6973,8913,1.730,1.930,1.420,4,0,61.883,0,0,31,113,0,14,0
17-08 11:02:01,45.934,17.725,34.451,0.749,0,4122784,230264,211216,3328876,99737.980,3177027.279,19.971,1054.488,3.994,100.855,10792,12012,1.730,1.930,1.420,2,0,307.559,0,0,31,112,0,15,0
17-08 11:02:02,35.954,15.840,47.268,0.251,0,4157780,195040,211216,3329048,25895.821,17969.884,0,603.421,0,52.297,6477,7355,1.830,1.950,1.430,1,0,240.363,0,0,31,112,0,15,0
17-08 11:02:03,26.393,4.731,66.481,0,0,4185472,167340,211216,3329048,10947.694,4306.571,0,470.097,0,54.778,3194,2935,1.830,1.950,1.430,1,0,8.964,0,0,31,113,0,16,0
17-08 11:02:04,23.536,5.759,69.356,0.250,0,4130780,222024,211216,3329060,19180.419,1460.240,0,268.412,0,19.029,3976,3886,1.830,1.950,1.430,1,0,48.074,0,0,31,113,0,10,0
17-08 11:02:05,22.812,5.014,71.694,0,0,4185452,167348,211216,3329064,9937.923,1624.401,0,204.554,0,7.019,2499,2109,1.830,1.950,1.430,2,0,13.035,0,0,31,113,0,10,0
17-08 11:02:06,24.898,2.739,70.961,0,0,4196444,156220,211216,3329200,12021.967,1613.419,0,231.058,0,15.935,2764,2581,1.830,1.950,1.430,3,0,0,0,0,31,113,0,10,0
17-08 11:02:07,26.512,3.001,69.031,0,0,4194440,158212,211216,3329212,11328.020,1662.737,4.002,712.316,1.000,47.021,4306,5084,1.760,1.930,1.430,2,0,0,0,0,31,114,0,11,0
17-08 11:02:08,25.833,5.768,66.463,0.251,0,4192364,160264,211216,3329236,9448.241,1695.427,0,862.761,0,92.295,5238,6860,1.760,1.930,1.430,1,0,1.003,0,0,31,114,0,10,0
17-08 11:02:09,38.472,6.245,52.461,0.749,0,4191028,161536,211216,3329300,9699.867,1618.810,0,771.433,0,88.935,7213,10087,1.760,1.930,1.430,1,0,0,0,0,31,113,0,10,0
17-08 11:02:10,21.772,7.508,69.820,0.250,0.250,4153928,198604,211216,3329316,9904.943,1621.628,4.004,400.402,1.001,29.029,3373,3153,1.760,1.930,1.430,2,0,74.074,0,0,31,113,0,10,0
17-08 11:02:11,31.379,5.728,61.014,0,0.249,4208056,197876,211212,3277196,13971.071,1613.771,0,462.216,0,29.885,3338,2978,1.760,1.930,1.430,1,0,1.992,0,0,31,113,0,10,0
17-08 11:02:12,25.297,4.508,66.874,1.002,0,4214724,191200,211212,3277220,11203.783,1713.178,4.007,1743.234,1.002,143.266,4870,6263,1.700,1.920,1.430,1,0,0,0,0,31,114,0,10,0
17-08 11:02:13,30.513,10.004,57.274,0.500,0,4205752,200140,211212,3277256,100838.461,3382452.297,16.007,1172.494,2.001,80.034,7955,7896,1.700,1.920,1.430,2,0,102.043,0,0,31,115,0,10,0
17-08 11:02:14,43.077,12.272,42.826,0.751,0,4153876,251816,211212,3277440,28849.506,19742.247,0,825.474,0,93.166,7891,10092,1.700,1.920,1.430,2,0,174.311,0,0,31,116,0,10,0
17-08 11:02:15,18.407,15.919,61.687,1.492,0,4171292,234352,211212,3277500,15785.951,11534.510,15.919,457.679,0.995,30.844,4945,4979,1.700,1.920,1.430,1,0,285.552,0,0,31,115,0,10,0
17-08 11:02:16,24.585,3.010,71.245,0,0,4213048,192596,211212,3277500,15424.140,2016.949,0,329.134,0,20.069,2564,2328,1.700,1.920,1.430,2,0,0,0,0,31,116,0,10,0
17-08 11:02:17,24.936,3.242,70.070,0.249,0,4212912,192724,211212,3277508,15608.819,1615.840,0,1763.460,0,103.733,3938,4552,1.640,1.900,1.430,1,0,0,0,0,31,115,0,10,0
17-08 11:02:18,13.544,15.551,69.226,0,0,4178560,227080,211212,3277536,10235.358,1882.134,4.013,4755.499,1.003,734.393,5434,4096,1.640,1.900,1.430,1,0,238.778,0,0,31,115,0,10,0
17-08 11:02:19,10.494,19.488,67.958,0.500,0,4162356,243244,211212,3277576,9438.223,1788.905,3.998,127.922,0.999,10.993,5827,4838,1.640,1.900,1.430,1,0,315.807,0,0,31,115,0,10,0
17-08 11:02:20,16.163,16.909,64.902,0,0,4167256,238296,211216,3277604,10706.663,1611.371,23.872,15.915,3.979,3.979,5643,5556,1.640,1.900,1.430,1,0,216.839,0,0,31,115,0,10,0
17-08 11:02:21,27.680,17.363,54.101,0,0,4174668,230884,211216,3277608,9996.912,1630.588,0,0,0,0,6766,7117,1.640,1.900,1.430,5,0,223.451,0,0,31,115,0,10,0
17-08 11:02:22,30.474,23.980,44.213,0,0,4226488,178836,211216,3277836,9180.297,1546.702,167.859,319.732,6.994,22.981,6473,5434,1.590,1.890,1.420,5,0,347.708,0,0,31,115,0,10,0
17-08 11:02:23,35.037,21.272,41.294,1.251,0,4248928,155760,211236,3278944,9882.428,1621.711,196.207,3559.756,7.007,178.188,7445,7752,1.590,1.890,1.420,2,0,332.351,0,0,31,118,0,10,0
17-08 11:02:24,34.747,12.749,51.246,0.500,0.250,4271996,132672,211236,3278828,10316.239,1619.881,19.999,247.982,3.000,15.999,5597,7644,1.590,1.890,1.420,4,0,112.992,0,0,33,121,0,8,0
17-08 11:02:25,62.602,26.333,9.440,0,0,4376108,119060,211244,3190860,54681.460,1761751.785,0,250.408,0,16.893,8604,11385,1.590,1.890,1.420,8,0,387.537,0,0,33,128,0,8,0
17-08 11:02:26,56.292,29.654,13.822,0,0,4442648,152232,211244,3093944,68702.685,1692733.205,16.084,526.735,2.010,35.183,7577,6615,1.590,1.890,1.420,4,0,459.385,0,0,33,128,0,8,0
17-08 11:02:27,66.885,20.215,12.479,0,0,4519592,123436,211244,3048572,17736.472,8853.761,0,602.962,0,31.945,7879,9922,1.790,1.920,1.440,8,0,317.454,0,0,33,140,0,8,0
17-08 11:02:28,45.377,22.062,30.836,0.501,0,4558520,122660,211244,3010208,17105.928,11134.196,4.011,545.528,1.003,42.118,8645,13237,1.790,1.920,1.440,2,0,331.930,0,0,33,143,0,8,0
17-08 11:02:29,37.436,22.711,38.684,0.499,0,4602308,122172,211248,2968032,8376.779,1617.254,87.851,167.715,0.998,8.985,14784,5049,1.790,1.920,1.440,2,0,391.336,0,0,33,143,0,7,0
17-08 11:02:30,31.761,23.508,43.515,0.250,0,4640268,131236,211248,2922296,9683.402,1458.512,0,560.197,0,39.014,6712,5790,1.790,1.920,1.440,1,0,371.130,0,0,34,143,0,7,0
17-08 11:02:31,18.523,18.272,61.325,0,0,4653728,163760,211244,2878128,10877.228,1621.973,0,180.219,0,12.015,6326,7202,1.790,1.920,1.440,1,0,263.320,0,0,34,143,0,7,0
17-08 11:02:32,27.215,17.228,54.680,0,0,4681836,135644,211244,2877784,9324.012,1707.804,0,11293.479,0,885.861,5973,4243,1.720,1.910,1.440,3,0,228.706,0,0,34,143,0,7,0
17-08 11:02:33,33.279,22.520,43.789,0,0,4722076,139168,211244,2835448,11619.224,1621.427,0,296.261,0,23.020,6320,4984,1.720,1.910,1.440,2,0,334.294,0,0,34,143,0,7,0
17-08 11:02:34,47.439,15.979,34.955,0.749,0,4753844,152472,211252,2792264,10294.759,1711.798,15.979,771.008,0.999,102.868,6885,9376,1.720,1.910,1.440,6,0,222.714,0,0,34,151,0,7,0
17-08 11:02:35,33.041,17.522,48.560,0,0,4767656,183016,211252,2748808,9390.548,1621.995,0,204.251,0,13.016,5370,5314,1.720,1.910,1.440,4,0,189.233,0,0,34,155,0,7,0
17-08 11:02:36,47.267,26.760,25.259,0.250,0,4884980,149144,211260,2667932,8426.055,1620.588,0,468.170,0,35.013,7986,12027,1.720,1.910,1.440,2,0,386.140,0,0,34,161,0,7,0
17-08 11:02:37,38.216,23.229,36.967,0,0,4913536,162864,211260,2626860,10289.898,1618.568,3.996,551.512,0.999,26.976,6763,5975,1.750,1.910,1.440,6,0,413.634,0,0,34,166,0,7,0
17-08 11:02:38,41.282,23.518,33.777,0,0,4970212,145460,211260,2588924,13551.634,4656.654,0,688.540,0,59.046,9234,13356,1.750,1.910,1.440,2,0,354.278,0,0,34,184,0,7,0
17-08 11:02:39,16.653,25.352,55.179,0,0,4984132,131364,211260,2589592,106294.957,3528910.255,15.907,194.865,1.988,14.913,9517,8850,1.750,1.910,1.440,1,0,460.319,0,0,34,184,0,7,0
17-08 11:02:40,27.502,12.501,58.253,0.500,0,4984456,131032,211260,2589100,11171.670,3844.230,4.000,328.020,1.000,29.002,5670,5752,1.750,1.910,1.440,6,0,162.010,0,0,34,184,0,7,0
17-08 11:02:41,55.760,17.833,25.117,0.251,0,5064904,173208,211260,2469844,25965.991,17691.435,20.094,655.052,5.023,50.234,5886,5436,1.750,1.910,1.440,2,0,201.941,0,0,34,188,0,6,0
17-08 11:02:42,48.564,8.261,40.804,1.001,0,5144160,133796,211260,2431204,12145.978,6174.122,16.021,212.279,4.005,12.016,5353,6123,1.850,1.930,1.450,2,0,51.067,0,0,34,187,0,6,0
17-08 11:02:43,42.412,7.734,44.158,4.740,0,5229252,124436,211360,2357992,8627.022,1616.631,459.043,243.493,39.917,30.936,4010,3637,1.850,1.930,1.450,2,0,4.990,0,0,34,187,0,6,0
17-08 11:02:44,44.729,7.206,39.511,6.461,0,5254212,153032,211368,2306904,8845.388,1610.240,3200.601,5045.420,45.723,38.765,5357,13723,1.850,1.930,1.450,3,1,59.639,0,0,34,193,0,7,0
17-08 11:02:45,34.756,31.482,23.171,10.578,0,5178940,212928,211384,2322352,20877.895,3193.540,15333.022,548.040,174.285,44.327,7457,6990,1.850,1.930,1.450,2,1,491.624,0,0,34,197,0,6,0
17-08 11:02:46,38.283,25.772,27.774,6.255,0,5243460,145400,211388,2326108,19219.599,2722.351,23151.995,896.774,242.209,26.022,7274,7091,1.850,1.930,1.450,3,1,353.305,0,0,34,197,0,6,0
17-08 11:02:47,44.238,21.744,27.243,5.499,0,5233104,164140,211392,2318540,9668.369,1619.559,20246.489,195.947,202.945,11.997,8582,10793,1.940,1.950,1.460,17,0,272.926,0,0,34,201,0,6,0
17-08 11:02:48,57.989,16.924,20.159,3.733,0,5243692,145300,211392,2326748,19162.851,2160.288,7585.897,254.854,80.637,18.915,5700,4476,1.940,1.950,1.460,3,1,150.324,0,0,34,202,0,6,0
17-08 11:02:49,73.505,12.751,6.500,6.500,0,5345468,123040,211392,2249376,19293.215,1458.092,17953.130,14060.885,191.012,1151.072,6096,3717,1.940,1.950,1.460,3,0,7.000,0,0,34,202,0,6,0
17-08 11:02:50,57.323,10.013,9.512,22.779,0,5421332,130004,211380,2168076,9073.489,1706.160,11879.041,4165.274,281.356,13.016,5336,5131,1.940,1.950,1.460,6,0,12.015,0,0,34,208,0,6,0
17-08 11:02:51,57.468,9.495,9.495,22.487,0,5363808,198060,211412,2157952,20213.586,1619.086,13212.539,1099.379,218.876,59.966,5497,4799,1.940,1.950,1.460,3,1,16.990,0,0,34,212,0,7,0
17-08 11:02:52,54.937,13.045,5.770,25.086,0,5447844,140380,211468,2133528,112818.998,3591638.564,21754.237,1252.273,534.825,96.329,8169,6438,2.260,2.010,1.480,2,2,68.233,0,0,34,213,0,7,0
17-08 11:02:53,65.828,18.701,11.470,3.242,0,5486084,127744,211476,2108728,29308.241,18901.497,13732.036,706.151,149.608,35.906,7543,9268,2.260,2.010,1.480,10,0,286.250,0,0,34,214,0,13,0
17-08 11:02:54,37.301,27.788,22.531,11.516,0,5383108,309044,210740,2030756,19218.475,11947.458,22098.442,5066.980,246.339,52.072,7814,9175,2.260,2.010,1.480,2,3,428.590,0,1110.530,34,212,0,13,0
17-08 11:02:55,44.690,22.220,26.964,4.494,0.250,5458052,210024,210740,2054780,9681.966,3607.144,22525.676,403.457,227.693,26.964,6555,7933,2.260,2.010,1.480,3,0,259.650,0,0,34,211,0,13,0
17-08 11:02:56,50.746,20.499,25.498,2.500,0,5519804,131384,210744,2071660,9754.313,1619.886,16154.863,251.982,157.989,8.999,6582,7193,2.260,2.010,1.480,5,0,220.984,0,0,34,211,0,13,0
17-08 11:02:57,57.256,24.753,14.502,3.250,0,5456928,232676,210360,2033332,11012.242,1620.183,15137.707,2960.334,167.019,65.007,7205,7868,2.240,2.010,1.480,5,0,352.040,0,503.057,34,211,0,13,0
17-08 11:02:58,64.656,23.056,8.771,3.508,0,5539568,132604,210380,2051244,11510.818,1461.532,15794.169,396.959,179.434,28.068,6093,7424,2.240,2.010,1.480,3,0,265.642,0,0,34,211,0,13,0
17-08 11:02:59,64.902,20.142,12.433,2.487,0.249,5599860,171944,208572,1952220,10196.300,1611.356,12532.766,2546.340,147.210,28.845,7365,8803,2.240,2.010,1.480,5,0,187.991,0,513.247,34,213,0,15,0
17-08 11:03:00,58.076,23.531,12.767,3.755,0,5561452,241184,204960,1923784,11746.450,1622.134,12384.289,2803.688,130.171,52.068,7620,9935,2.240,2.010,1.480,5,0,298.392,0,555.731,34,215,0,15,0
17-08 11:03:01,56.557,26.527,14.014,2.503,0,5636944,152564,204968,1937408,9636.660,1621.626,12312.343,332.333,128.128,22.022,6438,7488,2.240,2.010,1.480,3,0,341.342,0,0,34,217,0,13,0
17-08 11:03:02,58.973,18.068,21.581,1.004,0,5666708,176692,201644,1886052,9378.404,1626.139,8343.497,2967.201,89.337,39.148,6825,11344,2.300,2.030,1.490,4,0,112.424,0,513.940,34,221,0,16,0
17-08 11:03:03,66.797,19.939,7.726,4.985,0,5702044,172340,198092,1857784,9562.871,1615.080,30196.021,3329.857,302.080,69.787,6844,7118,2.300,2.030,1.490,4,0,189.423,0,656.999,34,227,0,17,0
17-08 11:03:04,74.649,13.277,7.265,4.760,0,5787284,157900,193492,1791436,9029.041,1623.243,15294.559,5078.146,148.296,172.344,5192,3861,2.300,2.030,1.490,2,1,9.018,0,575.149,34,227,0,17,0
17-08 11:03:05,71.689,11.240,4.496,10.991,0,5887440,116340,188940,1735468,19753.161,6095.803,15942.409,12924.982,190.837,44.962,6422,7979,2.300,2.030,1.490,3,3,27.976,0,895.237,34,234,0,18,0
17-08 11:03:06,75.809,13.965,4.738,5.486,0,5850108,184528,184664,1708812,20795.495,1615.920,6762.925,4732.052,219.446,197.501,11425,20817,2.300,2.030,1.490,3,2,17.955,0,446.872,34,236,0,23,0
17-08 11:03:07,79.093,14.016,2.002,3.504,0,5908324,120780,184716,1714296,14870.404,1621.898,6307.382,452.530,203.238,41.048,6455,6534,2.520,2.080,1.510,4,1,40.047,0,0,34,241,0,24,0
17-08 11:03:08,56.977,29.111,9.455,3.732,0,5872432,180156,181076,1696560,104413.426,3642844.530,4669.658,3195.710,102.510,264.733,11285,12710,2.520,2.080,1.510,5,0,417.005,0,1.990,34,244,0,24,0
17-08 11:03:09,50.538,30.423,15.840,1.760,0,5915960,134308,181108,1698792,18402.728,12065.664,3230.384,716.075,32.183,56.321,7673,8490,2.520,2.080,1.510,3,1,442.518,0,0,34,244,0,24,0
17-08 11:03:10,57.926,26.216,11.236,4.494,0,5859684,188128,181132,1701220,20685.553,11303.548,3235.863,20417.895,26.966,1223.436,7761,7260,2.520,2.080,1.510,3,0,295.622,0,0,34,246,0,23,0
17-08 11:03:11,59.469,21.150,14.681,3.484,0,5940084,153184,173820,1663928,11751.530,6268.412,3368.102,2273.270,41.803,30.854,6833,6498,2.520,2.080,1.510,8,0,190.103,0,460.825,35,245,0,23,0
17-08 11:03:12,76.826,18.640,3.275,1.511,0,6017532,118032,169848,1626224,9856.858,1632.230,1696.713,4010.047,38.287,141.057,6626,6567,2.880,2.160,1.540,5,0,129.974,0,451.382,35,252,1,25,0
17-08 11:03:13,73.984,12.497,4.499,8.248,0,6010104,132704,168412,1619428,10066.863,1619.656,2579.452,2223.528,119.975,73.984,6237,6196,2.880,2.160,1.540,4,0,16.996,0,415.912,35,257,0,26,0
17-08 11:03:14,58.363,8.979,16.960,15.214,0,6047396,115560,162324,1606808,11693.592,1616.212,2973.032,750.242,181.574,23.944,5272,4622,2.880,2.160,1.540,3,0,4.988,0,31.925,35,258,0,26,0
17-08 11:03:15,52.283,5.451,21.062,18.832,0,6086680,120684,156800,1568072,11151.358,1605.653,844.454,7719.027,86.230,465.838,4672,3481,2.880,2.160,1.540,5,0,1.982,0,835.534,35,258,0,27,0
17-08 11:03:16,66.296,9.868,22.267,1.771,0,6039372,177828,154524,1562424,8879.564,1475.710,380.567,1194.333,33.401,105.263,6826,7591,2.880,2.160,1.540,2,0,69.838,0,10.121,35,260,0,30,0
17-08 11:03:17,28.855,10.945,56.715,1.990,0,6089256,127608,154552,1562740,13604.617,3173.051,51.740,390.039,5.970,28.855,4253,3702,2.810,2.160,1.540,0,1,149.250,0,0,35,261,0,30,0
17-08 11:03:18,26.255,3.501,67.764,0.750,0,6102548,133664,148912,1549968,472358.559,28317.909,56.012,2104.439,5.001,35.007,4252,3974,2.810,2.160,1.540,2,0,1.000,0,438.091,35,263,0,31,0
17-08 11:03:19,24.297,4.759,68.884,0.250,0,6048744,186948,148948,1550452,526998.165,22247.151,32.062,344.669,2.004,32.062,4445,4513,2.810,2.160,1.540,1,0,5.010,0,0,35,261,0,31,0
17-08 11:03:20,26.745,3.999,67.488,0.250,0,6094676,139468,148956,1551992,1567480.739,47399.525,0,215.961,0,11.998,4625,2998,2.810,2.160,1.540,3,0,0,0,0,35,261,0,31,0
17-08 11:03:21,28.591,4.013,65.207,0,0,6103172,126328,149004,1556588,4851492.156,103938.720,0,870.762,0,58.185,11180,9179,2.810,2.160,1.540,4,0,2.006,0,0,35,264,0,31,0
17-08 11:03:22,24.191,9.976,58.109,5.736,0,6011312,235712,142496,1546728,4003445.190,3746186.786,327.208,363.121,36.911,32.920,11667,8183,2.980,2.200,1.560,1,0,89.783,0,9.976,35,262,0,32,0
17-08 11:03:23,11.206,10.210,75.452,0.498,0,6007568,237616,142544,1548504,1954601.536,51711.038,23.906,290.853,2.988,26.894,6785,5933,2.980,2.200,1.560,1,0,156.383,0,0,35,262,0,32,0
17-08 11:03:24,11.006,7.004,79.546,0,0,6003936,240112,142568,1549608,1057591.927,45919.482,0,192.111,0,23.013,5243,4519,2.980,2.200,1.560,0,0,105.061,0,0,35,265,0,32,0
17-08 11:03:25,5.494,2.248,89.659,0.250,0,6004488,237216,142588,1551932,2706014.124,45923.519,0,1366.617,0,234.762,4952,3838,2.980,2.200,1.560,1,0,0,0,0,35,265,0,32,0
17-08 11:03:26,8.049,3.018,85.772,0,0,6005112,231232,142616,1557264,5550066.117,111384.274,0,285.740,0,23.141,9982,7545,2.980,2.200,1.560,1,0,2.012,0,0,35,269,0,32,0
17-08 11:03:27,10.206,14.936,70.198,2.738,0,6028020,205620,142616,1559968,386308.271,9080.985,2306.092,290.751,26.884,9.957,5832,4912,2.830,2.180,1.560,3,0,255.901,0,0,35,268,0,32,0
17-08 11:03:28,24.754,4.001,69.261,0,0,6079104,154464,142648,1560008,10642.633,1620.249,48.007,236.036,3.000,31.005,3012,3143,2.830,2.180,1.560,2,0,1.000,0,0,35,268,0,32,0
17-08 11:03:29,26.490,3.499,69.473,0.500,0,6101892,131628,142668,1560040,9286.389,1619.370,0,439.829,0,29.988,3285,3376,2.830,2.180,1.560,1,1,0,0,0,35,274,0,33,0
17-08 11:03:30,25.742,3.749,68.230,0.250,0,6099428,134036,142700,1560064,9714.093,1619.515,0,251.925,0,31.990,5605,7353,2.830,2.180,1.560,2,0,0,0,0,35,274,0,33,0
17-08 11:03:31,25.820,4.262,67.434,0.251,0,6110936,121916,142900,1560476,9488.902,1624.434,413.128,553.511,21.057,62.170,5839,7739,2.830,2.180,1.560,1,0,1.003,0,0,35,277,0,34,0
17-08 11:03:32,26.019,5.004,66.800,0.751,0,6111436,143740,135088,1546656,9558.134,1621.210,20.015,2229.664,2.001,68.051,5909,8049,2.680,2.160,1.560,1,0,1.001,0,397.297,35,280,0,36,0
17-08 11:03:33,28.054,8.266,61.870,1.002,0,6039008,223836,129288,1543828,9825.085,1623.153,120.234,23525.699,9.018,89.173,7361,10283,2.680,2.160,1.560,1,0,47.091,0,424.825,35,276,0,46,0
17-08 11:03:34,13.249,15.749,62.747,6.500,0,6055352,205504,129460,1545632,18040.043,5996.682,1935.897,403.979,160.991,26.999,5011,4533,2.680,2.160,1.560,1,1,201.989,0,0,35,277,0,46,0
17-08 11:03:35,27.739,10.996,56.977,2.499,0,6086172,171696,129628,1548452,128284.223,3727357.583,2558.967,28736.402,223.910,1007.593,7482,5622,2.680,2.160,1.560,2,0,96.961,0,0,35,277,0,46,0
17-08 11:03:36,15.172,8.457,57.207,16.167,0,6089352,164756,130416,1551388,74487.840,16898.529,3247.383,982.970,273.600,44.771,5472,5144,2.680,2.160,1.560,1,0,127.348,0,0,35,277,0,46,0
17-08 11:03:37,17.337,10.051,66.585,5.025,0,6097656,162212,129944,1546012,14575.267,7803.225,31164.659,3590.046,1681.452,26.131,5348,6163,2.940,2.230,1.580,2,0,50.253,0,578.910,35,276,0,47,0
17-08 11:03:38,16.227,6.491,70.898,4.743,0,6087620,162936,125780,1558408,9089.916,1617.672,30080.703,3530.918,1571.738,9.986,4559,5166,2.940,2.230,1.580,1,0,0.999,0,580.165,35,276,0,46,0
17-08 11:03:39,17.984,5.745,70.937,5.495,0.250,6099112,152464,118224,1565280,8622.295,1618.554,9735.300,291.739,1035.075,1.998,3898,4123,2.940,2.230,1.580,1,0,0,0,69.938,35,276,0,46,0
17-08 11:03:40,24.529,6.257,67.329,0.751,0,6060548,190920,118284,1565328,9735.398,1621.899,24.028,82120.148,5.006,455.533,3386,3047,2.940,2.230,1.580,1,0,29.034,0,0,35,278,0,46,0
17-08 11:03:41,21.269,3.753,69.060,4.504,0,6108984,140972,118556,1566568,9589.390,1621.419,1149.005,632.553,193.169,18.016,4392,6241,2.940,2.230,1.580,7,1,4.004,0,0,35,278,0,46,0
17-08 11:03:42,26.661,8.721,60.300,1.993,0,6156828,133296,114420,1530748,9537.321,1614.637,3037.909,2352.187,53.821,45.848,10345,18032,2.710,2.190,1.570,1,0,19.934,0,382.729,35,280,0,47,0
17-08 11:03:43,26.437,4.739,67.339,0.249,0,6151916,138140,114468,1530768,10258.444,1616.131,31.924,359.140,1.995,52.873,3050,2935,2.710,2.190,1.570,1,0,0.998,0,0,35,282,0,47,0
17-08 11:03:44,29.014,5.503,61.028,3.502,0,6191868,134380,113340,1497548,8693.049,1458.679,1824.850,1544.719,38.018,21.010,3305,4622,2.710,2.190,1.570,6,0,37.017,0,384.179,35,282,0,48,0
17-08 11:03:45,23.300,14.531,52.112,7.767,0,6041412,288756,113952,1491692,19956.831,1896.069,2481.325,829.781,165.355,22.047,5320,9276,2.710,2.190,1.570,1,0,229.493,0,0,35,282,0,49,0
17-08 11:03:46,18.795,10.776,69.417,0.251,0,6083204,246928,113968,1491712,18637.902,1623.912,0,216.522,0,13.031,4456,4035,2.710,2.190,1.570,1,0,224.541,0,0,35,282,0,48,0
17-08 11:03:47,28.686,5.737,55.626,9.229,0,6108876,221116,113972,1491860,15747.949,5967.717,139.689,0,24.944,0,3549,2901,2.570,2.170,1.570,2,0,49.889,0,0,35,283,0,48,0
17-08 11:03:48,16.562,19.573,59.471,2.258,0,6057824,271896,114048,1492048,125813.136,3760243.437,240.896,4.015,20.075,1.004,7921,5862,2.570,2.170,1.570,3,0,335.247,0,0,35,283,0,48,0
17-08 11:03:49,16.697,21.681,56.569,3.489,0,6050048,279560,114060,1492148,36864.231,19086.026,83.733,0,6.978,0,6325,5946,2.570,2.170,1.570,2,0,397.729,0,0,35,283,0,48,0
17-08 11:03:50,26.534,6.008,66.335,0.250,0,6093472,236112,114060,1492152,13220.994,5609.210,0,2294.950,0,432.556,3610,3307,2.570,2.170,1.570,1,1,50.064,0,0,35,282,0,48,0
17-08 11:03:51,24.948,3.493,69.604,0,0,6102496,227080,114060,1492160,18426.417,1454.953,0,882.153,0,189.603,3494,3540,2.570,2.170,1.570,1,0,0,0,0,35,284,0,48,0
17-08 11:03:52,23.715,6.491,68.650,0,0,6050236,279256,114104,1492232,15417.514,1617.641,59.913,451.342,5.991,40.940,4126,4471,2.530,2.170,1.570,1,0,41.939,0,0,35,282,0,49,0
17-08 11:03:53,25.251,3.750,69.253,0.250,0,6101324,228100,114148,1492256,8201.361,1620.071,16.001,232.010,1.000,26.001,2819,2591,2.530,2.170,1.570,1,0,0,0,0,35,282,0,49,0
17-08 11:03:54,25.107,4.268,69.044,0.251,0,6109364,220036,114164,1492264,10060.860,1626.931,0,297.266,0,24.103,4059,4633,2.530,2.170,1.570,1,0,0,0,0,35,284,0,49,0
17-08 11:03:55,22.894,5.972,69.181,0.249,0,6070972,258344,114184,1492328,9179.608,1612.553,47.779,290.658,2.986,31.853,3411,3481,2.530,2.170,1.570,1,0,55.743,0,0,35,282,0,42,0
17-08 11:03:56,25.641,3.268,70.639,0,0,6108248,221060,114188,1492332,10728.094,1628.973,0,108.598,0,7.039,2856,2644,2.530,2.170,1.570,2,0,0,0,0,35,283,0,42,0
17-08 11:03:57,24.979,3.247,69.942,0,0,6110440,218848,114204,1492344,10697.161,1618.662,0,283.766,0,18.984,3508,3718,2.400,2.150,1.570,1,0,0,0,0,35,282,0,43,0
17-08 11:03:58,22.147,6.470,69.675,0.498,0,6077352,251888,114228,1492368,10203.474,1612.489,15.926,115.462,0.995,12.940,3158,3044,2.400,2.150,1.570,3,0,34.838,0,0,35,282,0,43,0
17-08 11:03:59,24.591,3.513,71.014,0,0,6113132,216104,114228,1492372,10273.147,1626.038,0,0,0,0,2949,2981,2.400,2.150,1.570,1,0,0,0,0,35,282,0,43,0
17-08 11:04:00,28.098,8.206,59.678,2.238,0,6111600,216876,114508,1492852,104177.280,3742803.003,441.615,911.079,17.903,124.328,7430,7684,2.400,2.150,1.570,1,0,54.705,0,0,35,283,0,44,0
17-08 11:04:01,30.547,12.269,55.335,0.250,0,6085192,243112,114524,1493008,28935.683,19046.412,0,300.464,0,23.036,5387,5228,2.400,2.150,1.570,3,0,171.264,0,0,35,283,0,44,0
17-08 11:04:02,29.017,8.505,60.786,0,0,6104072,224200,114544,1493020,18866.214,13877.248,0,240.143,0,17.010,4567,4579,2.770,2.230,1.600,2,0,103.061,0,0,35,282,0,45,0
17-08 11:04:03,25.990,5.748,65.974,0.250,0,6076188,251992,114612,1493044,14495.224,1619.355,15.994,1431.430,1.000,84.966,4090,4479,2.770,2.230,1.600,1,0,40.984,0,0,35,282,0,39,0
17-08 11:04:04,27.518,5.253,66.044,0,0,6105616,222564,114612,1493044,14513.663,1621.079,0,16.011,0,4.003,2818,2324,2.770,2.230,1.600,2,0,1.001,0,0,35,282,0,39,0
17-08 11:04:05,26.380,4.271,69.091,0.251,0,6112648,215520,114616,1493052,10629.418,1628.029,0,84.416,0,8.040,3382,3452,2.770,2.230,1.600,1,0,0,0,0,35,284,0,39,0
17-08 11:04:06,23.635,5.225,69.660,0,0,6058460,269700,114616,1493060,9855.963,1612.143,0,1086.704,0,191.069,3795,3869,2.770,2.230,1.600,1,0,33.835,0,0,35,282,0,39,0
17-08 11:04:07,30.419,4.239,63.831,0,0,6098616,229436,114632,1493152,8588.243,1615.719,51.863,247.345,1.995,19.947,3566,3549,2.630,2.210,1.590,3,0,6.982,0,0,35,282,0,33,0
17-08 11:04:08,25.565,3.509,69.678,0.251,0,6108392,219636,114644,1493164,14828.941,1624.155,0,344.882,0,24.062,4006,4666,2.630,2.210,1.590,1,0,1.003,0,0,35,283,0,33,0
17-08 11:04:09,22.992,5.998,68.725,0.250,0,6064988,262732,114712,1493404,14537.671,1457.466,191.930,595.782,9.996,79.971,4068,4509,2.630,2.210,1.590,2,0,39.985,0,0,35,282,0,34,0
17-08 11:04:10,25.654,3.487,69.489,0.249,0,6115100,212608,114720,1493408,10141.940,1613.943,0,163.387,0,13.948,2585,2213,2.630,2.210,1.590,1,0,0,0,0,35,282,0,34,0
17-08 11:04:11,25.163,3.523,69.701,0.252,0,6118416,209108,114780,1493588,11836.639,1630.557,8.052,2967.212,2.013,162.049,4091,4705,2.630,2.210,1.590,1,0,0,0,0,35,283,0,34,0
17-08 11:04:12,30.429,8.979,58.115,1.247,0,6112320,213904,114780,1494896,14957.234,5967.130,51.879,23.944,2.993,4.988,3935,3298,2.500,2.190,1.590,1,1,56.868,0,0,35,283,0,34,0
17-08 11:04:13,35.602,4.513,45.380,13.790,0,6168088,154676,114920,1498220,9400.939,1624.655,2856.184,240.690,188.540,31.089,4027,3931,2.500,2.190,1.590,2,1,0,0,0,35,284,0,34,0
17-08 11:04:14,37.282,9.008,49.792,3.003,0,6160212,161936,114960,1498760,102151.518,3773402.925,1076.912,348.295,77.065,24.020,7000,5834,2.500,2.190,1.590,2,0,50.042,0,0,35,284,0,35,0
17-08 11:04:15,30.096,13.431,53.725,0.249,0,6117468,204460,115052,1498880,27913.244,19893.260,95.512,744.194,5.969,88.547,6012,6595,2.500,2.190,1.590,3,0,191.023,0,0,35,283,0,32,0
17-08 11:04:16,28.295,8.263,62.348,0,0,6112492,209420,115060,1498888,19640.993,11791.607,0,3413.386,0,22.035,4145,3878,2.500,2.190,1.590,1,0,103.163,0,0,35,283,0,32,0
17-08 11:04:17,25.284,4.005,68.842,0.501,0,6114200,207684,115092,1498884,9512.688,1459.947,0,885.181,0,48.064,3951,4704,2.380,2.170,1.590,1,0,0,0,0,35,282,0,32,0
17-08 11:04:18,23.465,4.992,69.895,0,0,6117976,203884,115092,1498908,10927.572,2090.857,3.994,0,0.998,0,3007,2638,2.380,2.170,1.590,3,0,34.947,0,0,35,282,0,32,0
17-08 11:04:19,25.759,3.251,69.523,0,0,6151680,170132,115116,1498932,9486.138,1620.536,16.005,216.071,1.000,18.006,3264,3534,2.380,2.170,1.590,2,0,0,0,0,35,282,0,28,0
17-08 11:04:20,24.829,4.013,68.971,0.752,0.251,6147836,173784,115240,1499000,9011.822,1856.939,112.359,581.861,6.019,88.282,4393,5530,2.380,2.170,1.590,4,0,0,0,0,35,282,0,28,0
17-08 11:04:21,24.403,5.976,67.481,0.747,0,6136388,184996,115400,1499076,8456.306,1613.571,0,7956.298,0,801.805,3971,4001,2.380,2.170,1.590,2,0,39.841,0,0,35,282,0,28,0
17-08 11:04:22,25.518,3.502,69.549,0.250,0,6167496,153884,115408,1499072,14602.230,1852.298,0,112.079,0,9.006,3056,3026,2.350,2.170,1.590,2,0,0,0,0,35,282,0,29,0
17-08 11:04:23,25.977,3.747,69.438,0,0,6160924,160404,115428,1499104,24851.789,1618.553,15.986,147.868,0.999,13.987,4030,4243,2.350,2.170,1.590,3,0,0,0,0,35,282,0,28,0
17-08 11:04:24,23.220,5.493,69.910,0,0,6131596,189724,115428,1499112,19385.157,1848.631,0,0,0,0,3003,2510,2.350,2.170,1.590,3,0,33.956,0,0,35,282,0,28,0
17-08 11:04:25,25.767,2.752,70.296,0,0,6150588,170728,115428,1499116,9942.532,1621.065,0,8.005,0,1.001,3050,2947,2.350,2.170,1.590,3,0,0,0,0,35,282,0,28,0
17-08 11:04:26,28.511,6.252,63.525,0.500,0,6152548,168432,115480,1499392,61000.912,1622257.912,176.069,792.311,10.004,91.036,5903,6104,2.350,2.170,1.590,2,0,52.020,0,0,35,283,0,28,0
17-08 11:04:27,28.648,11.811,58.302,0.251,0,6128360,192532,115492,1499468,75758.243,2183536.399,0,225.166,0,14.073,5830,4737,2.240,2.150,1.580,2,0,147.765,0,0,35,283,0,28,0
17-08 11:04:28,32.025,11.009,55.544,0,0,6137640,183224,115512,1499476,27512.671,17130.493,0,324.255,0,24.019,5390,5527,2.240,2.150,1.580,2,0,155.122,0,0,35,283,0,29,0
17-08 11:04:29,24.327,4.965,68.016,0.248,0,6095236,225568,115572,1499484,12109.853,4881.275,0,1187.552,0,76.456,4234,4729,2.240,2.150,1.580,2,0,35.746,0,0,35,282,0,29,0
17-08 11:04:30,24.520,4.003,69.807,0.250,0,6101456,219228,115604,1499572,13372.905,1841.502,96.078,212.173,2.002,27.022,2999,3077,2.240,2.150,1.580,1,0,0,0,0,35,282,0,29,0
17-08 11:04:31,25.518,3.252,70.300,0,0,6126896,193752,115616,1499596,15330.942,1621.157,0,136.097,0,13.009,3190,3097,2.240,2.150,1.580,2,0,0,0,0,35,282,0,27,0
17-08 11:04:32,24.883,4.776,68.868,0.503,0,6102448,218036,115684,1499692,15135.827,1739.288,80.430,591.157,5.027,76.408,4582,5611,2.140,2.130,1.580,1,0,37.199,0,0,35,282,0,27,0
17-08 11:04:33,37.913,9.728,50.385,0,0,6163960,156372,115708,1499820,11144.530,1616.306,862.030,319.270,8.979,26.938,4096,3332,2.140,2.130,1.580,1,0,11.973,0,0,35,282,0,27,0
17-08 11:04:34,30.433,5.238,63.360,0,0,6177392,142932,115708,1499828,11138.388,1768.093,255.436,175.612,1.996,12.971,3450,3054,2.140,2.130,1.580,1,0,2.993,0,0,35,282,0,27,0
17-08 11:04:35,24.807,5.262,68.908,0.251,0,6148208,172068,115712,1499872,29083.881,1623.734,0,180.415,0,12.028,4178,4147,2.140,2.130,1.580,3,0,34.078,0,0,35,282,0,27,0
17-08 11:04:36,24.703,4.242,70.116,0,0,6176560,143644,115736,1499920,9519.806,2465.288,31.939,287.451,1.996,20.960,2803,2776,2.140,2.130,1.580,1,0,0,0,0,35,282,0,15,0
17-08 11:04:37,24.730,4.496,69.443,0.749,0,6171988,148204,115740,1499928,12442.766,1618.669,0,1850.478,0,275.773,3154,2925,2.050,2.110,1.580,2,0,0,0,0,35,282,0,16,0
17-08 11:04:38,24.630,6.032,67.857,0,0,6124288,195772,115860,1499940,10479.119,1628.566,32.169,743.913,2.011,93.492,4875,5795,2.050,2.110,1.580,1,0,41.217,0,0,35,282,0,16,0
17-08 11:04:39,27.913,8.972,60.810,0.249,0,6116940,203064,115868,1499996,106911.359,3762907.816,0,143.551,0,9.969,5684,3752,2.050,2.110,1.580,3,0,57.819,0,0,35,283,0,16,0
17-08 11:04:40,32.489,11.996,54.981,0,0,6121844,198012,115880,1500124,27501.373,17760.782,0,251.912,0,20.993,5502,5410,2.050,2.110,1.580,2,0,153.946,0,0,35,283,0,16,0
17-08 11:04:41,29.206,8.238,60.160,0.749,0.499,6112328,207416,115968,1500148,18202.637,13770.300,0,1773.334,0,111.832,5690,6374,2.050,2.110,1.580,1,0,102.845,0,0,35,282,0,16,0
17-08 11:04:42,26.513,6.753,66.282,0,0,6159992,159732,115980,1500156,19088.355,1620.794,4.002,168.082,1.000,13.006,3160,2691,1.960,2.090,1.570,2,0,34.017,0,0,35,282,0,16,0
17-08 11:04:43,27.444,2.744,68.860,0.249,0,6168708,150900,116024,1500228,11914.785,1616.714,63.870,251.489,1.996,30.937,3486,3669,1.960,2.090,1.570,1,0,0,0,0,35,282,0,16,0
17-08 11:04:44,25.512,3.752,68.283,0.250,0,6163780,155476,116104,1500500,8857.234,1458.697,112.054,1200.574,5.002,148.071,4643,5661,1.960,2.090,1.570,1,0,0,0,0,35,282,0,15,0
17-08 11:04:45,30.287,9.011,59.572,0,0,6126028,193204,116128,1500500,21523.073,1621.965,0,276.335,0,22.027,4343,9755,1.960,2.090,1.570,2,0,76.092,0,0,35,282,0,16,0
17-08 11:04:46,29.472,4.496,63.939,0.250,0,6159872,159224,116168,1500596,14521.061,1618.446,47.954,395.620,2.997,38.963,4153,4676,1.960,2.090,1.570,5,0,5.994,0,0,35,282,0,17,0
17-08 11:04:47,24.742,5.248,68.977,0,0,6086000,233064,116180,1500616,11472.253,1619.471,0,191.937,0,8.997,4115,4214,1.890,2.070,1.570,3,0,35.988,0,0,35,282,0,17,0
17-08 11:04:48,25.013,3.502,70.037,0,0,6140656,178408,116180,1500616,21560.326,1620.851,0,196.103,0,11.006,2735,2363,1.890,2.070,1.570,3,0,1.001,0,0,35,282,0,15,0
17-08 11:04:49,25.344,3.513,70.261,0.251,0,6160048,159004,116188,1500620,15376.182,1626.047,0,196.732,0,12.045,3144,3172,1.890,2.070,1.570,1,0,0,0,0,35,284,0,15,0
17-08 11:04:50,24.236,5.747,67.710,0.999,0,6155452,163292,116240,1500876,9677.327,1619.051,223.869,639.625,8.995,78.954,4568,5445,1.890,2.070,1.570,4,0,33.980,0,0,35,282,0,15,0
17-08 11:04:51,27.697,5.989,64.378,0,0,6189184,129392,116272,1501020,36186.364,487105.083,0,239.546,0,20.960,3834,3311,1.890,2.070,1.570,1,0,51.902,0,0,35,283,0,15,0
17-08 11:04:52,30.839,9.778,57.917,0,0,6146128,172440,116276,1501024,105754.983,3325757.021,0,4180.055,0,597.724,6923,5609,1.980,2.090,1.580,2,0,105.304,0,0,35,284,0,15,1
17-08 11:04:53,28.472,15.235,54.696,0.250,0,6054660,263716,116304,1501172,28017.542,18071.290,15.984,299.706,0.999,24.976,6133,6416,1.980,2.090,1.580,3,0,247.757,0,0,35,283,0,15,0
17-08 11:04:54,24.956,3.743,69.377,0,0,6098784,219592,116312,1501188,9805.649,4907.316,0,139.753,0,10.981,2671,2586,1.980,2.090,1.580,2,0,2.995,0,0,35,282,0,15,0
17-08 11:04:55,25.458,3.744,69.885,0,0,6113632,204736,116312,1501196,11731.705,1617.340,0,155.744,0,10.982,3366,3533,1.980,2.090,1.580,1,0,0,0,0,35,286,0,18,0
17-08 11:04:56,16.003,5.751,76.264,0.500,0,6095920,222416,116328,1501212,10662.001,2254.423,12.002,280.053,2.000,20.004,3682,3831,1.980,2.090,1.580,0,0,69.013,0,0,35,283,0,19,0
17-08 11:04:57,3.747,1.249,93.429,0,0,6093344,224968,116340,1501224,17834.419,3138.610,0,199.848,0,7.994,1592,2065,1.820,2.050,1.570,1,0,0,0,0,35,284,0,19,0
17-08 11:04:58,4.499,1.250,91.978,0.500,0,6086952,231280,116388,1501256,10600.491,2191.481,15.996,1247.705,1.000,87.979,2022,2829,1.820,2.050,1.570,0,0,1.000,0,0,35,284,0,20,0
17-08 11:04:59,3.001,1.501,93.289,0.500,0,6081144,236960,116492,1501280,34282.162,3796.568,0,3329.375,0,160.066,1964,2844,1.820,2.050,1.570,2,0,0,0,0,35,283,0,20,1
17-08 11:05:00,4.255,2.003,92.117,0.250,0,6071300,246312,116544,1501720,406267.963,13625.271,112.142,352.447,4.005,48.061,2528,3042,1.820,2.050,1.570,0,0,0,0,0,35,283,0,18,0
17-08 11:05:01,4.268,1.507,91.646,0.502,0,6067852,248768,116556,1502700,977052.060,22941.205,28.122,148.643,4.017,11.048,2762,2739,1.820,2.050,1.570,0,0,3.013,0,0,35,283,0,18,0
17-08 11:05:02,4.728,1.742,90.819,0.498,0,6064488,250940,116572,1503876,1389282.071,26725.155,15.924,210.999,0.995,19.906,3218,3218,1.670,2.020,1.560,0,0,0,0,0,35,283,0,18,0
17-08 11:05:03,6.015,3.007,88.469,0.251,0,6061172,251968,116616,1506120,2254681.666,44811.033,20.050,541.341,2.005,46.114,4785,3882,1.670,2.020,1.560,0,0,6.015,0,0,35,283,0,18,0
17-08 11:05:04,9.772,6.264,81.436,0,0,6052044,258612,116616,1508612,2799105.983,3852064.131,0,4.009,0,1.002,8045,5253,1.670,2.020,1.560,1,0,55.126,0,0,35,284,0,17,0
17-08 11:05:05,11.732,8.986,76.134,0.250,0.250,6035072,272840,116620,1511348,3014210.082,77161.732,0,35.945,0,2.995,8024,6881,1.670,2.020,1.560,3,0,156.762,0,0,35,284,0,17,0
17-08 11:05:06,9.481,7.485,79.843,0,0,6034492,270452,116636,1514300,3360909.198,81767.995,0,263.481,0,20.959,8057,6176,1.670,2.020,1.560,0,0,102.798,0,0,35,283,0,17,0
17-08 11:05:07,5.999,2.250,88.482,0,0,6034420,266432,116636,1518392,4157471.432,81217.853,0,1927.617,0,315.937,7128,4909,1.620,2,1.560,0,0,0,0,0,35,283,0,18,0
17-08 11:05:08,5.741,2.246,88.359,0,0,6034732,261636,116640,1522872,4881582.249,102794.093,0,231.631,0,3.994,7610,6365,1.620,2,1.560,0,0,0.998,0,0,35,283,0,17,0
17-08 11:05:09,5.006,3.254,88.104,0,0,6040732,251532,116640,1526976,4368815.709,78372.471,0,0,0,0,6927,4504,1.620,2,1.560,0,0,0,0,0,35,283,0,17,0
17-08 11:05:10,6.508,2.753,87.353,0.250,0,6041152,245908,116664,1532156,5509905.402,110322.134,48.057,4517.329,2.002,74.087,9512,6847,1.620,2,1.560,1,0,0,0,0,35,283,0,17,0
17-08 11:05:11,5.488,2.245,89.811,0.249,0,6041296,241900,116708,1535976,4101950.757,86012.616,0,463.024,0,33.928,7466,5794,1.620,2,1.560,0,0,0,0,0,35,283,0,17,0
17-08 11:05:12,9.252,4.501,82.767,0,0,6076980,199320,116720,1542860,6641170.951,138483.712,4.001,164.033,1.000,15.003,9845,8536,1.490,1.970,1.550,1,0,4.001,0,0,35,283,0,15,0
17-08 11:05:13,8.508,2.252,85.581,0,0,6072004,199364,116760,1547752,4862356.205,96108.433,48.045,300.283,3.003,35.033,8982,6814,1.490,1.970,1.550,0,0,1.001,0,0,35,283,0,15,0
17-08 11:05:14,7.500,4.250,85.001,0.500,0,6078616,186552,116812,1553900,7622846.719,157040.652,16.000,732.012,1.000,60.001,12123,10986,1.490,1.970,1.550,1,0,0,0,0,35,283,0,15,0
17-08 11:05:15,8.747,3.999,84.721,0,0,6092492,166896,116840,1559652,6228483.942,147613.542,15.995,52566.032,1.000,92.968,11883,9282,1.490,1.970,1.550,0,0,0,0,0,35,283,0,15,0
17-08 11:05:16,8.496,3.498,84.458,0,0,6089720,167008,116840,1562320,2998607.146,73144.999,0,23.988,0,2.999,5675,3792,1.490,1.970,1.550,2,0,18.991,0,0,35,284,0,13,0
17-08 11:05:17,18.006,7.503,71.524,0,0,6093892,155700,116840,1569448,7646882.579,3952759.490,0,224.075,0,12.004,12446,10986,1.530,1.970,1.550,2,0,44.015,0,0,35,284,0,13,0
17-08 11:05:18,11.003,9.502,77.269,0.500,0,6083140,164048,116840,1571860,2629054.235,79249.872,0,2828.709,0,532.133,7698,6430,1.530,1.970,1.550,2,0,155.039,0,0,35,284,0,13,0
17-08 11:05:19,9.246,7.997,80.469,0,0,6046144,199344,116840,1573548,1889469.629,55986.714,0,0,0,0,5750,5096,1.530,1.970,1.550,0,0,106.959,0,0,35,283,0,13,0
17-08 11:05:20,4.491,2.495,89.321,0,0,6039696,201976,116840,1577368,4041058.194,74037.893,0,0,0,0,6609,4477,1.530,1.970,1.550,2,0,0,0,0,35,283,0,13,0
17-08 11:05:21,7.033,2.512,87.661,0,0,6039640,195728,116840,1583672,6829938.089,139029.697,0,4.019,0,1.005,8931,8504,1.530,1.970,1.550,1,0,0,0,0,35,283,0,13,0
17-08 11:05:22,5.243,1.997,90.376,0,0,6040676,190980,116840,1587384,4010952.770,79622.912,0,7.989,0,1.997,6424,4454,1.410,1.940,1.540,1,0,0,0,0,35,283,0,14,0
17-08 11:05:23,5.230,2.490,88.160,0,0,6040388,187704,116852,1590936,3790659.882,71910.612,15.939,187.278,0.996,17.931,6348,5098,1.410,1.940,1.540,0,0,0,0,0,35,283,0,14,0
17-08 11:05:24,6.535,2.262,88.719,0.251,0,6040364,181904,116868,1596744,6797489.458,133609.650,0,305.614,0,27.143,9695,7557,1.410,1.940,1.540,0,0,0,0,0,35,283,0,14,0
17-08 11:05:25,5.758,2.754,87.120,0,0,6040336,173840,116884,1604820,8205461.464,170386.031,0,48.066,0,6.008,9872,10355,1.410,1.940,1.540,1,0,0,0,0,35,283,0,13,0
17-08 11:05:26,5.476,2.240,88.862,0,0,6038276,170272,116884,1610448,5988084.121,106360.113,0,0,0,0,7675,6061,1.410,1.940,1.540,1,0,0,0,0,35,283,0,13,0
17-08 11:05:27,5.503,2.752,88.056,0,0,6038564,164804,116892,1615620,5725780.385,107705.970,0,36.023,0,3.002,8456,6270,1.370,1.920,1.540,0,0,0,0,0,35,283,0,13,0
17-08 11:05:28,6.272,2.760,87.805,0,0,6038544,158308,116908,1622120,6952167.757,144059.019,16.056,96.335,1.003,13.045,10407,8472,1.370,1.920,1.540,0,0,1.003,0,0,35,283,0,13,0
17-08 11:05:29,6.752,2.251,88.028,0.250,0,6040068,153484,116920,1625408,3536214.388,74168.667,0,204.065,0,15.005,6357,4365,1.370,1.920,1.540,0,0,2.001,0,0,35,284,0,12,0
17-08 11:05:30,11.209,8.469,76.721,0,0,6041872,146084,116936,1630988,6085926.902,3903765.103,0,107.609,0,11.957,11890,9182,1.370,1.920,1.540,0,0,103.623,0,0,35,284,0,12,0
17-08 11:05:31,11.467,10.470,75.035,0,0,6040056,142968,116936,1635920,5197378.068,113736.348,0,0,0,0,11328,8921,1.370,1.920,1.540,2,0,158.545,0,0,35,284,0,12,0
17-08 11:05:32,6.755,3.753,85.558,0,0,6037424,140028,116952,1641476,6472390.867,133670.496,0,296.201,0,19.013,10474,8713,1.420,1.920,1.540,1,0,50.034,0,0,35,283,0,12,0
17-08 11:05:33,17.113,8.053,73.989,0,0,6072300,172744,114524,1576128,3280511.233,71143.784,531.510,2955.516,5.033,16.106,7788,6120,1.420,1.920,1.540,1,0,9.060,0,708.680,35,283,0,12,0
17-08 11:05:34,8.469,3.736,85.187,0.249,0,6083580,160384,114536,1577132,1390291.885,26225.719,510.127,207.239,3.985,15.941,3577,2564,1.420,1.920,1.540,0,0,2.989,0,0,35,283,0,12,0
17-08 11:05:35,6.005,2.752,88.577,0,0,6080876,158968,114536,1581252,4325734.669,77411.174,0,0,0,0,6654,4511,1.420,1.920,1.540,1,0,0,0,0,35,283,0,12,0
17-08 11:05:36,5.739,2.994,87.083,0,0,6071644,159700,114536,1589752,9164901.637,191560.752,0,0,0,0,11097,12118,1.420,1.920,1.540,2,0,0.998,0,0,35,283,0,12,0
17-08 11:05:37,4.764,2.257,90.022,0,0.251,6067432,159476,114536,1594192,4746591.613,98983.010,0,4.012,0,1.003,8132,5749,1.310,1.890,1.530,0,0,0,0,0,35,283,0,13,0
17-08 11:05:38,5.494,2.247,89.149,0.250,0,6057860,162232,114540,1601004,7308435.739,152748.689,0,87.900,0,5.993,10839,9307,1.310,1.890,1.530,0,0,0.999,0,0,35,283,0,13,0
17-08 11:05:39,4.486,2.492,89.725,0,0,6054432,159900,114540,1606764,6253090.654,121186.165,0,0,0,0,10109,7446,1.310,1.890,1.530,0,0,0,0,0,35,283,0,13,0
17-08 11:05:40,5.018,2.258,89.566,0,0,6055648,151436,114548,1614004,7762399.140,166031.275,0,80.283,0,10.035,13160,10303,1.310,1.890,1.530,0,0,0,0,0,35,283,0,13,0
17-08 11:05:41,5.007,2.003,89.625,0,0,6055784,146140,114548,1619168,5524756.721,120682.432,0,156.218,0,28.039,7074,6150,1.310,1.890,1.530,0,0,0,0,0,35,283,0,11,0
17-08 11:05:42,10.990,6.744,79.429,0,0,6072288,122372,114548,1626432,8275795.068,3962213.700,3.996,95.914,0.999,7.993,13782,11420,1.200,1.860,1.530,3,0,52.953,0,0,35,284,0,11,0
17-08 11:05:43,14.508,9.756,69.040,3.502,0,6030664,183016,112416,1610016,4674594.588,105296.665,236.138,208.122,27.016,22.013,10087,7196,1.200,1.860,1.530,0,0,106.062,0,0,35,284,0,11,0
17-08 11:05:44,11.706,10.959,73.724,0.249,0,6026816,178892,112432,1617972,8449091.910,197841.569,0,386.553,0,22.914,15959,14076,1.200,1.860,1.530,0,0,156.415,0,0,35,283,0,11,0
17-08 11:05:45,11.981,4.243,80.619,0,0.250,6032948,170468,112448,1620248,2392701.055,50767.613,15.974,119.806,0.998,14.976,5793,8798,1.200,1.860,1.530,2,0,35.942,0,0,35,283,0,11,0
17-08 11:05:46,9.020,4.761,83.689,0.501,0,6035012,165484,112488,1623128,3307811.133,58626.664,80.181,152569.244,3.007,205.465,7033,5959,1.200,1.860,1.530,1,0,6.014,0,0,35,283,0,13,0
17-08 11:05:47,5.499,2.249,88.977,0,0,6032064,163208,112488,1628352,5285311.416,101479.435,0,0,0,0,8089,6447,1.110,1.830,1.520,0,0,1.999,0,0,35,283,0,13,0
17-08 11:05:48,5.247,2.249,88.700,0.250,0,6032544,156936,112508,1634124,6217003.138,127416.537,0,4717.354,0,778.563,8523,8185,1.110,1.830,1.520,0,0,0.999,0,0,35,283,0,13,0
17-08 11:05:49,6.230,2.741,87.724,0,0,6031268,153156,112508,1639180,5423741.340,107330.485,0,27.912,0,0.997,7548,6328,1.110,1.830,1.520,0,0,0,0,0,35,283,0,12,0
17-08 11:05:50,5.767,2.006,88.511,0,0,6031364,147612,112508,1644628,6421180.633,120434.529,0,0,0,0,7787,6526,1.110,1.830,1.520,0,0,0,0,0,35,283,0,12,0
17-08 11:05:51,5.997,3.498,87.460,0,0,6032900,140236,112508,1650468,5748134.180,113742.358,0,3.998,0,1.000,9093,7018,1.110,1.830,1.520,0,0,0,0,0,35,283,0,12,0
17-08 11:05:52,6.528,2.260,87.871,0,0.251,6035020,131292,112508,1657292,7534428.728,154693.431,0,8.034,0,2.008,9249,8700,1.100,1.810,1.520,0,0,0,0,0,35,283,0,13,0
17-08 11:05:53,6.224,2.738,87.381,0.498,0,6034596,126000,112528,1662988,5991062.906,117924.888,15.933,207.125,0.996,17.924,8288,7268,1.100,1.810,1.520,0,0,0,0,0,35,283,0,12,0
17-08 11:05:54,6.010,3.005,87.400,0,0,6032240,144984,111884,1645788,7416078.036,158318.508,0,1726.973,0,14.024,9226,9295,1.100,1.810,1.520,1,0,1.002,0,378.652,35,284,0,12,0
17-08 11:05:55,9.735,8.237,77.878,0,0,6039192,133852,111892,1649968,4403747.788,3879258.110,159.749,123.805,9.984,11.981,10355,6651,1.100,1.810,1.520,0,0,100.842,0,0,35,284,0,12,0
17-08 11:05:56,13.310,10.296,74.083,0,0,6032820,132432,111908,1657740,8521621.592,194280.448,0,72.325,0,6.027,15762,12748,1.100,1.810,1.520,0,0,111.501,0,0,35,284,0,12,0
17-08 11:05:57,8.230,7.981,80.806,0,0,6029248,131784,111908,1661956,4427079.752,95538.163,0,0,0,0,8184,6573,1.170,1.820,1.520,0,0,102.753,0,0,35,283,0,8,0
17-08 11:05:58,5.974,3.236,87.116,0,0,6028556,149804,111812,1644840,6904696.001,142469.477,63.719,127.438,1.991,13.939,9056,8666,1.170,1.820,1.520,0,0,0.996,0,5.974,35,283,0,8,0
17-08 11:05:59,5.013,2.507,88.736,0,0,6028432,145520,111820,1649240,4661087.677,90717.904,0,204.543,0,15.040,7222,4638,1.170,1.820,1.520,1,0,0,0,0,35,283,0,8,0
17-08 11:06:00,5.002,2.751,88.284,0,0,6028064,138212,111836,1656900,8245729.917,171722.140,0,120.046,0,14.005,11648,11299,1.170,1.820,1.520,1,0,0,0,0,35,283,0,8,0
17-08 11:06:01,5.521,2.258,88.833,0,0,6028260,133976,111840,1660936,4472528.392,92886.124,0,80.301,0,3.011,6518,4244,1.170,1.820,1.520,0,0,0,0,0,35,283,0,8,0
17-08 11:06:02,5.963,3.230,86.714,0.497,0,6027040,150076,111912,1644608,8667774.403,179544.771,0,3454.657,0,97.398,13341,11666,1.160,1.800,1.520,0,0,0,0,375.679,35,283,0,7,0
17-08 11:06:03,6.288,3.522,87.284,0,0,6028728,144144,111936,1648860,4954971.615,103350.173,0,104.640,0,12.074,7398,6081,1.160,1.800,1.520,2,0,6.037,0,0,35,283,0,7,0
17-08 11:06:04,5.241,2.495,89.089,0,0,6029232,137648,111964,1654824,6302900.707,126866.090,0,251.544,0,18.966,7916,8006,1.160,1.800,1.520,1,0,0,0,0,35,283,0,7,0
17-08 11:06:05,5.262,2.505,88.945,0,0,6028260,132876,111964,1660568,6155805.020,126080.173,0,0,0,0,8155,7846,1.160,1.800,1.520,1,0,0,0,0,35,283,0,7,0
17-08 11:06:06,4.978,2.738,88.860,0,0,6027024,154036,111964,1641188,4755976.129,93977.554,3.983,35.843,0.996,2.987,7865,5398,1.160,1.800,1.520,0,0,0.996,0,5.974,35,283,0,7,0
17-08 11:06:07,10.016,5.258,80.876,0,0,6035184,138904,111964,1648208,7249050.682,1203714.482,4.006,4.006,1.002,1.002,12451,9448,1.140,1.790,1.510,1,0,52.081,0,0,35,284,0,8,0
17-08 11:06:08,11.747,9.247,75.728,0.500,0,6033068,134124,111980,1655088,7108743.612,2895319.524,159.955,95.973,9.997,5.998,13408,10183,1.140,1.790,1.510,1,0,105.970,0,0,35,283,0,8,1
17-08 11:06:09,12.804,9.540,75.317,0,0,6031044,153676,111980,1636616,7346165.138,165496.949,0,4370.378,0,571.403,12058,11029,1.140,1.790,1.510,2,0,129.545,0,379.596,35,284,0,8,0
17-08 11:06:10,6.483,3.740,86.273,0,0,6026420,152892,111988,1642016,5452628.530,118926.807,0,83.779,0,7.979,8280,7477,1.140,1.790,1.510,0,0,28.924,0,0,35,283,0,7,0
17-08 11:06:11,5.762,2.255,88.687,0,0,6027104,146152,111988,1648072,6619614.960,134861.017,0,20663.671,0,56.119,8143,7268,1.140,1.790,1.510,0,0,0,0,0,35,283,0,7,0
17-08 11:06:12,6.209,2.483,86.921,0,0,6027660,139108,111996,1654552,6812808.624,139012.704,3.974,147.021,0.993,7.947,8483,8555,1.130,1.770,1.510,0,0,0,0,0,35,283,0,7,0
17-08 11:06:13,11.993,4.997,79.206,0.750,0.250,6041392,159280,112056,1619924,6234631.398,124675.218,7020.127,1886.959,93.948,42.976,10716,7973,1.130,1.770,1.510,2,0,3.998,0,383.788,35,283,0,7,0
17-08 11:06:14,6.797,2.769,87.097,0,0,6030796,160184,112056,1629616,8276750.432,172065.536,1321.056,0,13.090,0,12543,11378,1.130,1.770,1.510,1,0,0,0,0,35,283,0,7,0
17-08 11:06:15,8.216,2.987,85.143,0.249,0,6031240,156428,112084,1632900,4363591.086,78975.086,0,231.032,0,20.912,6698,4707,1.130,1.770,1.510,0,0,0,0,0,35,283,0,7,0
17-08 11:06:16,6.227,4.483,84.686,0,0,6032164,148632,112088,1639768,7186703.518,149214.253,0,157017.295,0,192.286,9506,9127,1.130,1.770,1.510,1,0,0,0,0,35,283,0,7,0
17-08 11:06:17,4.767,3.010,89.311,0,0,6032148,144828,112104,1643572,4314980.781,91737.793,0,389.357,0,26.091,7003,4513,1.040,1.750,1.500,1,0,0,0,0,35,283,0,7,0
17-08 11:06:18,6.499,2.750,87.985,0,0,6031780,137976,112104,1650792,7554695.732,158943.212,0,0,0,0,9462,9876,1.040,1.750,1.500,1,0,1.000,0,0,35,283,0,7,0
17-08 11:06:19,4.007,1.753,90.914,0.250,0,6034256,132108,112104,1654184,3678195.927,70170.826,0,1474.665,0,310.561,5239,4727,1.040,1.750,1.500,0,0,0,0,0,35,283,0,7,0
17-08 11:06:20,11.996,3.749,71.228,9.747,0,6046560,136580,112012,1637760,4875557.503,104134.332,1047.671,0,75.976,0,9076,6936,1.040,1.750,1.500,1,0,18.994,0,0,35,284,0,7,0
17-08 11:06:21,14.719,5.738,65.613,10.728,0,6047684,150284,111976,1622184,5446427.548,104354.581,2862.037,1049.813,189.605,2.994,9183,6663,1.040,1.750,1.500,2,0,41.913,0,261.455,35,284,0,7,0
17-08 11:06:22,11.306,8.040,77.889,0,0,6031632,162524,111976,1626000,3690265.818,3893085.967,156.782,96.481,9.045,5.025,9271,6252,1.040,1.730,1.500,1,0,102.512,0,0,35,284,0,7,0
17-08 11:06:23,12.709,8.722,72.763,0.997,0,6030868,155520,112016,1633716,8135168.951,181281.195,23.922,199.351,2.990,19.935,14584,12152,1.040,1.730,1.500,2,0,111.637,0,0,35,284,0,7,0
17-08 11:06:24,14.524,5.259,77.628,0.250,0,6031188,149792,112072,1639068,5777467.597,125951.794,80.132,436.720,2.003,40.066,10481,8816,1.040,1.730,1.500,2,1,50.083,0,0,35,283,0,7,0
17-08 11:06:25,7.222,2.490,86.912,0.249,0,6030332,144852,112096,1644840,6103028.838,110439.983,0,191.255,0,19.922,9023,7261,1.040,1.730,1.500,1,0,0,0,0,35,283,0,7,0
17-08 11:06:26,4.971,2.237,88.490,0,0,6030856,137572,112096,1651596,7167228.840,147849.132,0,0,0,0,12321,9475,1.040,1.730,1.500,1,0,0,0,0,35,283,0,7,0
17-08 11:06:27,5.303,2.778,89.894,0,0,6030740,134296,112104,1654980,3803738.104,79763.053,0,347.455,0,22.221,6234,4113,0.950,1.700,1.490,1,0,0,0,0,35,283,0,7,0
17-08 11:06:28,5.975,2.739,86.143,0.249,0,6029376,154176,111660,1636852,7526434.324,151528.566,3.984,390.384,0.996,18.922,9711,9362,0.950,1.700,1.490,0,0,0.996,0,57.761,35,283,0,7,0
17-08 11:06:29,4.775,1.759,91.729,0,0,6029556,150900,111664,1639944,2863387.770,56420.751,0,281.470,0,19.100,4397,4266,0.950,1.700,1.490,0,0,0,0,0,35,283,0,7,0
17-08 11:06:30,5.226,2.240,89.096,0,0,6029640,148128,111688,1642608,2682745.905,59257.162,47.783,195.115,2.986,21.901,4713,3408,0.950,1.700,1.490,0,0,0,0,0,35,283,0,7,0
17-08 11:06:31,6.523,2.258,88.063,0,0,6029336,144096,111692,1646940,4570785.366,89697.231,0,28.100,0,3.011,6739,5492,0.950,1.700,1.490,0,0,0,0,0,35,283,0,7,0
17-08 11:06:32,5.741,2.496,88.109,0,0,6029348,138300,111692,1652724,6359986.538,128180.639,0,0,0,0,8598,6838,0.880,1.680,1.480,1,0,0,0,0,35,283,0,7,0
17-08 11:06:33,18.573,7.781,70.527,0,0,6054340,149660,111676,1615200,9581548.811,199884.824,534.097,1413.550,6.024,17.067,12577,12685,0.880,1.680,1.480,1,0,9.035,0,321.261,35,283,0,7,0
17-08 11:06:34,13.691,8.214,75.423,0.249,0,6053240,146768,111700,1619156,4262069.341,3849567.208,665.112,485.891,12.944,32.857,9440,5777,0.880,1.680,1.480,0,0,56.754,0,0,35,284,0,7,0
17-08 11:06:35,14.296,10.534,70.978,0,0,6035948,155016,111700,1628204,9602841.951,212897.170,4.013,2776.937,1.003,535.724,16975,14360,0.880,1.680,1.480,1,0,157.507,0,0,35,284,0,7,0
17-08 11:06:36,9.708,7.965,79.653,0,0,6029136,159432,111700,1630592,2810436.783,68019.587,0,0,0,0,6931,5320,0.880,1.680,1.480,0,0,103.549,0,0,35,283,0,7,0
17-08 11:06:37,5.276,2.764,89.438,0.251,0,6023092,159268,111700,1636800,6914102.982,143239.207,0,16621.367,0,52.256,8703,9239,0.810,1.650,1.470,1,0,0,0,0,35,283,0,8,0
17-08 11:06:38,4.495,2.497,90.647,0.250,0,6023380,153728,111700,1642052,5224092.657,104355.676,0,143.837,0,7.991,7225,6411,0.810,1.650,1.470,1,0,0.999,0,0,35,283,0,7,0
17-08 11:06:39,4.975,1.990,88.562,0,0.249,6023564,145664,111700,1649932,8728787.662,179201.449,0,0,0,0,11409,11137,0.810,1.650,1.470,0,0,0,0,0,35,283,0,7,0
17-08 11:06:40,5.000,2.250,89.748,0,0,6025216,138516,111724,1655404,5796635.045,124892.618,0,247.993,0,20.999,8421,7609,0.810,1.650,1.470,1,0,0,0,0,35,283,0,7,0
17-08 11:06:41,5.765,2.757,88.231,0.251,0,6024252,132340,111752,1662516,7621136.369,158103.172,60.157,240.629,4.010,26.068,11213,10076,0.810,1.650,1.470,1,0,0,0,0,35,283,0,7,0
17-08 11:06:42,4.252,3.752,89.552,0,0.250,6022452,152580,111760,1643020,4189487.005,80010.752,0,121943.254,0,185.108,6822,5410,0.820,1.640,1.470,0,0,0,0,262.153,35,283,0,7,0
17-08 11:06:43,9.720,3.739,82.499,0.249,0,6024644,188104,111772,1604012,7518591.370,153207.981,11.964,1670.917,2.991,35.891,11511,10223,0.820,1.640,1.470,1,0,0,0,319.030,35,283,0,7,0
17-08 11:06:44,5.737,2.495,88.307,0.249,0,6021168,186088,111780,1609496,5548263.292,100615.579,0,347.239,0,23.948,6999,5875,0.820,1.640,1.470,1,0,0,0,0,35,283,0,7,0
17-08 11:06:45,12.588,5.287,79.054,0.252,0,6055524,144076,111800,1620320,8406973.666,170806.127,0,2211.487,0,445.117,14424,16300,0.820,1.640,1.470,3,0,36.254,0,0,35,283,0,7,0
17-08 11:06:46,8.006,3.252,85.815,0,0,6027756,168772,111800,1620208,3051320.273,72741.718,4.003,4.003,1.001,1.001,5830,6391,0.820,1.640,1.470,1,0,21.016,0,0,35,284,0,8,0
17-08 11:06:47,13.698,8.717,74.221,0,0,6025760,166184,111812,1624776,5000419.900,3883873.473,171.355,442.335,9.963,31.880,11676,9094,0.840,1.630,1.470,1,0,92.651,0,0,35,284,0,7,0
17-08 11:06:48,13.062,11.555,72.848,0.502,0,6021256,164204,111816,1631264,6633808.016,154888.048,4.019,48.230,1.005,5.024,14277,11371,0.840,1.630,1.470,2,0,158.759,0,0,35,284,0,7,0
17-08 11:06:49,7.211,4.725,84.296,0,0,6021652,159112,111816,1635952,4980825.094,99531.400,0,0,0,0,8515,5628,0.840,1.630,1.470,1,0,51.722,0,0,35,283,0,7,0
17-08 11:06:50,5.247,2.499,87.449,0,0,6021384,150572,111816,1644760,9506562.181,200365.493,0,39.977,0,1.999,13836,12740,0.840,1.630,1.470,1,0,0,0,0,35,283,0,7,0
17-08 11:06:51,6.732,2.743,87.519,0.249,0,6021312,146820,111832,1648568,3981360.145,80589.142,0,143.621,0,12.966,5899,4953,0.840,1.630,1.470,1,0,0,0,0,35,283,0,7,0
17-08 11:06:52,5.501,3.501,88.022,0,0,6019964,162976,111832,1633536,6509175.351,129570.971,0,248.063,0,4.001,8323,8215,0.850,1.610,1.460,0,0,0,0,58.015,35,283,0,8,0
17-08 11:06:53,6.245,2.998,87.179,0,0,6020624,155976,111852,1639856,7079393.147,149262.833,0,163.867,0,17.985,9030,8972,0.850,1.610,1.460,1,0,0,0,0,35,283,0,8,0
17-08 11:06:54,6.022,2.258,90.075,0.502,0,6020288,152700,111860,1643460,3610292.900,72880.771,0,208.753,0,15.054,5181,4410,0.850,1.610,1.460,0,0,0,0,0,35,283,0,8,0
17-08 11:06:55,5.499,2.500,87.236,0,0,6020300,146148,111860,1650000,7016477.849,146398.941,0,51.992,0,5.999,8940,8279,0.850,1.610,1.460,0,0,0,0,0,35,283,0,7,0
17-08 11:06:56,6.016,2.507,88.483,0,0,6021016,138292,111860,1657140,7842672.331,160110.174,0,0,0,0,11457,9563,0.850,1.610,1.460,2,0,0,0,0,35,283,0,7,0
17-08 11:06:57,4.988,2.244,89.281,0,0,6020256,156840,111868,1638328,4876298.504,99629.569,0,1105.288,0,7.980,7145,5795,0.780,1.590,1.460,1,0,0,0,261.359,35,283,0,7,0
17-08 11:06:58,3.502,1.251,92.794,0,0,6020568,156088,111884,1638752,524378.707,23855.360,0,108.051,0,13.006,2579,2638,0.780,1.590,1.460,0,0,1.000,0,0,35,283,0,7,0
17-08 11:06:59,8.522,6.015,82.460,0.251,0,6034704,138412,111900,1642280,3575918.085,3580787.507,160.409,240.614,10.026,18.046,7905,5635,0.780,1.590,1.460,1,0,52.133,0,0,35,284,0,7,0
17-08 11:07:00,12.264,9.511,75.338,0,0,6024504,141808,111912,1649068,7864622.975,480217.839,0,108.126,0,13.015,15236,11669,0.780,1.590,1.460,2,0,107.125,0,0,35,284,0,7,0
17-08 11:07:01,13.202,10.462,72.486,0,0,6041312,141964,111920,1631864,5363409.763,120081.409,3.986,3323.915,0.996,605.797,10984,8793,0.780,1.590,1.460,1,0,156.431,0,57.790,35,283,0,8,0
17-08 11:07:02,7.478,3.988,84.995,0.499,0,6040808,156964,111940,1616332,8485407.030,174962.520,15.952,26145.475,0.997,110.668,12024,11171,0.800,1.580,1.450,0,0,0.997,0,261.215,35,283,0,8,0
17-08 11:07:03,5.793,2.519,88.657,0.252,0,6039956,155356,111968,1618764,2537909.925,60641.593,16.120,278.062,1.007,23.172,4731,3331,0.800,1.580,1.450,0,0,6.045,0,0,35,283,0,8,0
17-08 11:07:04,5.728,2.740,87.665,0,0,6038244,151060,111968,1624772,6305781.345,128759.514,0,3.985,0,0.996,9167,7911,0.800,1.580,1.450,0,0,0,0,0,35,283,0,8,0
17-08 11:07:05,5.237,1.995,90.280,0,0,6035908,149076,111968,1629092,4642075.885,86487.577,0,0,0,0,6471,4337,0.800,1.580,1.450,0,0,0,0,0,35,283,0,8,0
17-08 11:07:06,5.491,2.246,87.606,0,0,6034388,143364,111988,1636304,7745459.464,162035.050,0,223.632,0,17.970,12626,10843,0.800,1.580,1.450,0,0,0,0,0,35,283,0,8,0
17-08 11:07:07,6.269,2.759,87.771,0.502,0,6033412,139560,112064,1641008,5266324.588,105414.002,8.025,1929.969,2.006,101.313,7232,5726,0.740,1.550,1.450,1,0,0,0,0,35,283,0,8,0
17-08 11:07:08,6.755,4.253,86.819,0,0,6031364,158436,112072,1624128,5497216.032,108015.337,0,111776.308,0,143.113,7441,6904,0.740,1.550,1.450,1,0,1.001,0,58.046,35,283,0,8,0
17-08 11:07:09,5.486,2.494,88.772,0,0,6031784,151688,112072,1630456,7021106.924,145177.765,0,0,0,0,8750,8286,0.740,1.550,1.450,0,0,0,0,0,35,283,0,8,0
17-08 11:07:10,4.010,1.504,92.732,0.251,0,6032436,150468,112080,1631016,471947.461,14528.277,0,60.150,0,8.020,2091,2305,0.740,1.550,1.450,1,0,0,0,0,35,283,0,8,0
17-08 11:07:11,7.009,2.003,88.611,0,0,6032932,146424,112080,1634564,3860006.817,86408.895,0,1409.760,0,294.368,5718,3811,0.740,1.550,1.450,1,0,2.003,0,0,35,284,0,8,0
17-08 11:07:12,11.476,9.231,75.841,0,0,6019540,175304,112092,1618136,6367615.240,3918106.733,155.673,1161.563,8.981,9.979,12299,9769,0.680,1.530,1.440,0,0,103.782,0,261.452,35,284,0,8,0
17-08 11:07:13,18.014,12.760,65.802,0.250,0,6034484,173600,112128,1604892,8908544.821,200269.653,56.045,764.610,5.004,45.036,17269,13973,0.680,1.530,1.440,4,0,162.129,0,58.046,35,284,0,8,0
17-08 11:07:14,9.508,5.505,81.818,0.250,0,6030776,174220,112184,1607916,3261893.623,83916.838,16.013,788.656,1.001,65.054,6926,6117,0.680,1.530,1.440,2,0,52.043,0,0,35,283,0,8,0
17-08 11:07:15,10.024,4.010,83.453,0,0,6026016,173980,112188,1612912,5783458.640,116998.221,0,96.234,0,13.032,8240,7742,0.680,1.530,1.440,0,0,0,0,0,35,283,0,8,0
17-08 11:07:16,5.726,2.490,88.380,0,0,6025992,167692,112188,1619224,6757448.580,135638.883,0,3.983,0,0.996,8781,7577,0.680,1.530,1.440,0,0,0,0,0,35,283,0,8,0
17-08 11:07:17,5.499,2.249,88.480,0,0,6024220,165748,112196,1622932,4120312.680,68184.456,0,251.943,0,15.996,6253,4042,0.620,1.500,1.430,1,0,0,0,0,35,283,0,8,0
17-08 11:07:18,5.244,3.496,87.894,0,0,6025192,157008,112196,1630700,8324052.867,172742.454,0,0,0,0,10488,10769,0.620,1.500,1.430,0,0,0.999,0,0,35,283,0,8,0
17-08 11:07:19,5.511,2.255,89.437,0,0.251,6025044,152976,112204,1634872,4387469.093,90087.899,0,80.167,0,6.013,6111,4522,0.620,1.500,1.430,1,0,0,0,0,35,283,0,8,0
17-08 11:07:20,5.251,2.251,88.773,0,0,6025336,145164,112204,1642392,8172514.488,169053.305,0,0,0,0,9799,10457,0.620,1.500,1.430,1,0,0,0,0,35,283,0,8,0
17-08 11:07:21,6.250,2.750,87.754,0,0,6021484,164644,112204,1625732,6411554.370,133692.409,0,1084.052,0,3.000,8150,8199,0.620,1.500,1.430,1,0,0,0,262.013,35,283,0,8,0
17-08 11:07:22,6.001,2.250,87.768,0,0,6022236,158376,112204,1631232,6193889.161,119594.061,0,12.002,0,3.001,7878,6534,0.730,1.510,1.430,0,0,0,0,0,35,283,0,9,0
17-08 11:07:23,6.247,2.249,89.206,0.250,0,6022124,154592,112228,1635104,4164462.982,71366.697,0,263.869,0,30.985,5892,4836,0.730,1.510,1.430,1,0,0,0,0,35,283,0,8,0
17-08 11:07:24,9.992,5.496,74.690,6.495,0,6042508,148636,112276,1620408,7782898.998,163474.542,87.930,555.557,16.986,27.978,11272,10172,0.730,1.510,1.430,1,1,18.985,0,57.954,35,284,0,8,0
17-08 11:07:25,13.062,4.522,65.061,14.067,0,6055368,149884,112380,1605244,4651055.449,95034.642,3227.440,1105.288,209.000,8.038,8230,5150,0.730,1.510,1.430,0,1,0,0,263.259,35,284,0,8,0
17-08 11:07:26,13.754,8.253,73.774,1.250,0,6037388,160444,112384,1612660,7500669.403,3950738.069,768.245,4.001,49.016,1.000,15048,11587,0.730,1.510,1.430,3,0,92.029,0,0,35,284,0,8,0
17-08 11:07:27,11.978,8.235,77.107,0,0,6024864,168792,112384,1616824,4230011.310,99071.480,0,2830.756,0,558.965,9401,6517,0.750,1.500,1.430,0,0,109.797,0,0,35,284,0,8,0
17-08 11:07:28,10.683,7.453,77.513,0.248,0,6022300,163760,112400,1624404,8243660.257,184519.000,15.900,24692.766,0.994,74.531,13166,13154,0.750,1.500,1.430,1,0,103.350,0,0,35,283,0,8,0
17-08 11:07:29,4.011,2.005,91.248,0.251,0,6021932,161548,112408,1626976,2575177.608,51600.456,0,196.535,0,15.041,4342,2916,0.750,1.500,1.430,0,0,0,0,0,35,283,0,8,0
17-08 11:07:30,6.274,2.761,87.334,0,0,6021696,154996,112420,1633752,7662465.509,157052.924,0,88.338,0,13.050,9642,9867,0.750,1.500,1.430,1,0,0,0,0,35,283,0,8,0
17-08 11:07:31,5.499,2.499,89.729,0,0,6021852,150208,112420,1638384,4644349.516,86767.627,0,23.994,0,1.000,6009,4151,0.750,1.500,1.430,0,0,0,0,0,35,283,0,8,0
17-08 11:07:32,6.259,2.504,87.626,0.250,0,6021896,143688,112452,1644828,6967437.569,142579.016,0,1454.091,0,262.377,9760,9254,0.690,1.470,1.420,1,0,2.003,0,0,35,283,0,8,0
17-08 11:07:33,15.677,8.461,72.412,0.498,0,6050428,157560,112360,1601252,4301290.285,81975.485,812.210,113478.486,6.967,160.252,7658,6008,0.690,1.470,1.420,1,0,8.958,0,318.514,35,283,0,8,0
17-08 11:07:34,10.261,3.504,83.843,0,0,6052488,153600,112368,1603256,2267280.845,37072.925,256.283,212.234,2.002,16.018,4690,3237,0.690,1.470,1.420,1,0,3.003,0,0,35,283,0,8,0
17-08 11:07:35,5.507,2.754,87.618,0,0,6046928,153376,112368,1609040,6619380.624,132082.160,0,0,0,0,9699,7842,0.690,1.470,1.420,1,0,0,0,0,35,283,0,8,0
17-08 11:07:36,6.733,2.494,88.527,0.249,0,6043864,152620,112368,1612860,3664691.139,69758.041,0,63.839,0,5.985,5809,3890,0.690,1.470,1.420,1,0,0.997,0,0,35,283,0,8,0
17-08 11:07:37,5.504,2.502,88.560,0,0.250,6042180,150352,112368,1616812,4585120.464,86362.926,0,4.003,0,1.001,6703,5460,0.640,1.450,1.410,1,0,1.001,0,0,35,283,0,9,0
17-08 11:07:38,7.981,4.739,84.049,0,0.249,6045516,141580,112380,1622236,5901585.243,566761.212,0,91.781,0,7.981,9213,8087,0.640,1.450,1.410,1,0,52.874,0,0,35,284,0,9,0
17-08 11:07:39,11.328,8.559,78.035,0,0,6027224,175632,112376,1606320,6406983.944,3520484.055,0,233.601,0,1.007,12475,10695,0.640,1.450,1.410,2,0,105.725,0,58.400,35,284,0,9,0
17-08 11:07:40,12.481,9.485,75.135,0,0,6028032,169796,112376,1611340,5428471.370,122940.763,0,79.878,0,7.988,10743,8206,0.640,1.450,1.410,1,0,155.762,0,0,35,284,0,8,0
17-08 11:07:41,5.731,2.990,87.707,0,0,6023088,166052,112376,1620028,9132049.736,194699.018,0,43.853,0,1.993,12249,12479,0.640,1.450,1.410,1,0,1.993,0,0,35,283,0,8,0
17-08 11:07:42,4.253,2.001,89.559,0,0,6023548,160040,112376,1625580,5986109.639,130999.733,0,4.003,0,1.001,7594,8284,0.590,1.430,1.410,1,0,0,0,0,35,283,0,8,0
17-08 11:07:43,8.502,4.251,84.266,0,0,6018616,203780,112420,1585524,4746500.959,94863.787,68.013,1648.309,2.000,42.008,8069,6410,0.590,1.430,1.410,1,0,0,0,320.060,35,283,0,8,0
17-08 11:07:44,6.244,3.746,86.668,0,0,6019100,196744,112428,1592096,7117887.689,155603.088,0,355.664,0,24.976,10316,10571,0.590,1.430,1.410,0,0,2.997,0,0,35,283,0,8,0
17-08 11:07:45,7.028,2.259,87.100,1.004,0,6017844,192820,112440,1597264,5503209.719,107437.250,16.064,96.387,1.004,12.048,8323,5758,0.590,1.430,1.410,1,0,0,0,0,35,283,0,8,0
17-08 11:07:46,13.454,6.727,76.987,0,0,6029012,173408,112440,1605508,9008603.877,184353.319,0,7.973,0,1.993,15793,17711,0.590,1.430,1.410,0,0,35.878,0,0,35,283,0,9,0
17-08 11:07:47,5.772,2.509,89.839,0,0,6029024,169880,112440,1609024,3567471.144,73605.778,0,0,0,0,5148,3539,0.540,1.400,1.400,0,0,2.008,0,0,35,283,0,9,0
17-08 11:07:48,10.215,4.485,80.973,0.498,0,6034932,156780,112456,1616200,7655311.747,162674.035,0,3240.924,0,572.045,13044,11527,0.540,1.400,1.400,2,0,6.976,0,0,35,283,0,8,0
17-08 11:07:49,4.745,1.998,90.149,0,0,6033480,154512,112456,1619920,4248284.407,76792.363,0,35.960,0,4.994,6398,4052,0.540,1.400,1.400,1,0,0,0,0,35,283,0,8,0
17-08 11:07:50,5.003,1.751,91.308,0,0,6031680,154512,112456,1621720,1874860.093,40719.978,0,0,0,0,3734,2697,0.540,1.400,1.400,0,0,0,0,0,35,283,0,8,0
17-08 11:07:51,11.052,7.786,78.616,0,0,6029116,174900,112456,1602864,3731048.323,3894640.911,160.749,1052.908,10.047,2.009,9056,6359,0.540,1.400,1.400,2,0,66.309,0,263.227,35,284,0,8,0
17-08 11:07:52,13.729,10.983,72.886,0,0,6024128,172764,112456,1609980,7703816.698,176166.441,0,75.881,0,2.995,13252,11694,0.660,1.410,1.400,0,0,145.772,0,0,35,284,0,8,0
17-08 11:07:53,9.712,7.969,79.443,0,0,6023564,170844,112468,1612452,2635387.335,68294.072,0,175.322,0,20.919,7079,5509,0.660,1.410,1.400,0,0,102.603,0,0,35,283,0,8,0
17-08 11:07:54,5.493,2.746,88.631,0,0,6021520,168324,112476,1617008,4895909.614,95870.987,0,8556.486,0,65.911,6594,6083,0.660,1.410,1.400,0,0,0,0,0,35,283,0,8,0
17-08 11:07:55,6.274,3.012,88.090,0,0,6020224,163532,112488,1623084,6564744.185,133653.376,0,84.326,0,9.035,9019,8121,0.660,1.410,1.400,0,0,0,0,0,35,283,0,8,0
17-08 11:07:56,5.233,2.243,88.210,0,0.249,6019552,158812,112488,1628476,6129665.368,123864.828,0,0,0,0,9694,6341,0.660,1.410,1.400,0,0,0,0,0,35,283,0,8,0
17-08 11:07:57,5.511,2.254,89.421,0,0,6019364,153548,112488,1633928,5522993.995,112095.490,0,0,0,0,7476,6729,0.600,1.390,1.390,0,0,0,0,0,35,283,0,8,0
17-08 11:07:58,6.006,2.753,86.839,0.751,0,6018940,147372,112496,1640520,7177625.712,152475.707,16.016,1401.431,1.001,275.281,9684,9259,0.600,1.390,1.390,0,0,1.001,0,0,35,283,0,8,0
17-08 11:07:59,5.008,4.007,88.645,0,0,6019828,141976,112500,1645024,4726849.889,78308.728,0,121954.919,0,181.296,7303,4444,0.600,1.390,1.390,0,0,0,0,0,35,283,0,8,0
17-08 11:08:00,5.719,2.984,86.778,0,0,6018712,158532,112508,1629604,7698513.213,158109.149,0,318.267,0,12.930,11889,10502,0.600,1.390,1.390,0,0,0,0,57.686,35,283,0,8,0
17-08 11:08:01,5.505,1.752,90.828,0,0,6018844,155004,112508,1633000,3188041.999,60292.008,0,0,0,0,4790,3114,0.600,1.390,1.390,0,0,0,0,0,35,283,0,8,0
17-08 11:08:02,5.761,2.004,88.669,0.250,0,6018628,149964,112516,1638248,5606765.100,112192.130,0,288.551,0,19.036,7295,6937,0.560,1.360,1.390,0,0,0,0,0,35,283,0,8,0
17-08 11:08:03,7.725,6.479,82.233,0,0,6019420,165736,112516,1621048,6095969.381,135675.993,15.948,1176.177,0.997,13.955,11521,8615,0.560,1.360,1.390,2,0,57.812,0,261.151,35,284,0,8,0
17-08 11:08:04,9.035,7.278,80.564,0,0,6018412,165796,112520,1621976,826518.789,3842626.647,156.610,216.845,9.035,16.063,6359,4578,0.560,1.360,1.390,0,0,103.403,0,0,35,284,0,7,0
17-08 11:08:05,11.736,10.238,75.663,0,0,6025384,153948,112520,1626840,5382608.322,126395.512,0,0,0,0,10020,9087,0.560,1.360,1.390,0,0,110.872,0,0,35,284,0,7,0
17-08 11:08:06,7.002,4.751,84.524,0,0,6020244,151700,112520,1634228,7932641.200,161963.147,0,0,0,0,12469,10645,0.560,1.360,1.390,1,0,50.014,0,0,35,283,0,7,0
17-08 11:08:07,5.755,2.753,89.335,0,0,6020928,146080,112520,1639164,5186231.492,94526.138,0,32.031,0,2.002,7398,5462,0.510,1.340,1.380,1,0,0,0,0,35,283,0,8,0
17-08 11:08:08,6.771,9.028,81.004,0.251,0,6022544,161140,112524,1622856,6032876.585,130572.881,0,2543.966,0,495.552,11814,10078,0.510,1.340,1.380,1,0,108.339,0,0,35,282,0,8,0
17-08 11:08:09,17.174,9.707,69.940,1.742,0,6059148,146636,112528,1600124,14596.275,1612.848,19.912,999.568,1.991,1.991,3897,3315,0.510,1.340,1.380,1,0,124.448,0,248.896,35,282,0,7,0
17-08 11:08:10,24.861,3.767,69.309,1.256,0,6106044,143696,112548,1555808,9435.049,1627.252,12.054,1104.924,3.013,10.045,2799,2505,0.510,1.340,1.380,1,0,0,0,257.146,35,287,0,7,0
17-08 11:08:11,12.186,3.233,69.385,13.181,0,6102052,169964,112644,1533808,8690.304,1611.526,95.498,27.854,23.874,1.990,2500,2843,0.510,1.340,1.380,1,0,0,0,5.969,35,292,0,7,0
17-08 11:08:12,21.532,3.255,68.851,4.757,0,6103164,168548,112804,1533952,8741.811,1622.378,160.235,4.006,40.059,1.001,4135,4883,0.550,1.340,1.380,1,0,0,0,0,35,305,0,10,0
17-08 11:08:13,29.326,6.517,61.159,2.757,0,6155832,182284,112324,1467132,10176.415,1461.794,14505.652,4543.794,117.304,126.328,6604,8754,0.550,1.340,1.380,4,0,3.008,0,769.999,35,306,0,13,0
17-08 11:08:14,35.063,11.771,51.091,0,0.250,6115076,241144,91060,1474552,8970.036,1622.901,57158.181,3626.483,455.815,14.025,11844,16991,0.550,1.340,1.380,2,0,1.002,0,889.590,35,309,0,16,0
17-08 11:08:15,35.741,14.496,46.988,1.000,0,6108724,165080,73816,1567924,8802.839,1619.602,61904.800,31592.243,484.881,173.957,12998,18977,0.550,1.340,1.380,3,0,1.000,0,4337.935,35,309,0,16,0
17-08 11:08:16,35.483,15.992,36.732,7.996,0,6016384,228300,49872,1599772,15183.654,5966.113,58363.762,202661.948,463.776,991.520,12910,17382,0.550,1.340,1.380,3,1,3.998,0,21379.656,35,310,0,16,0
17-08 11:08:17,36.225,12.991,33.976,14.240,0,5986376,331776,37440,1542300,9566.320,1618.870,50101.014,28743.928,441.692,70.950,12985,18344,0.910,1.400,1.400,6,0,46.967,0,7114.032,35,310,0,16,0
17-08 11:08:18,35.715,17.233,41.210,4.246,0,5979324,243052,34508,1642288,107376.256,3810943.954,51470.271,48345.290,458.557,63.938,13767,16735,0.910,1.400,1.400,5,1,58.943,0,2849.247,35,310,0,16,0
17-08 11:08:19,36.315,17.281,32.308,12.272,0,5959308,231768,18548,1693136,23314.630,4475.992,61722.209,186300.651,528.944,253.453,13299,18512,0.910,1.400,1.400,5,0,47.084,0,6132.951,35,310,0,16,0
17-08 11:08:20,33.765,11.172,29.296,22.096,0,5943732,190332,17508,1752476,9765.042,2969.335,56351.828,5088.587,460.793,7.945,12569,18160,0.910,1.400,1.400,2,3,3.972,0,1668.389,35,310,0,16,0
17-08 11:08:21,36.847,23.311,32.084,5.515,0,5848148,207512,17364,1837636,21276.007,12601.171,63350.764,204694.835,569.499,488.285,12860,17541,0.910,1.400,1.400,4,1,102.269,0,28844.931,35,310,0,16,0
17-08 11:08:22,15.926,5.226,24.137,53.003,0,5834880,199140,17356,1859840,11612.803,2814.863,16554.739,37692.091,141.340,43.796,5759,8077,1.150,1.440,1.410,4,1,3.981,20.902,4464.166,35,310,0,17,0
17-08 11:08:23,4.258,2.505,28.304,62.619,0,5840904,182412,17536,1870364,10097.252,1623.095,16591.635,18150.607,1011.929,32.061,3142,4504,1.150,1.440,1.410,1,6,0,1400.671,2036.884,35,310,0,17,0
17-08 11:08:24,26.413,15.093,38.487,19.369,0,5795044,182104,17620,1918960,16395.916,9831.512,48989.528,218597.455,1931.891,270.666,11025,15522,1.150,1.440,1.410,4,1,52.322,2833.440,21794.142,35,309,0,17,0
17-08 11:08:25,34.511,10.253,53.267,0,0,5778604,413052,17640,1704608,8974.948,1620.532,62980.685,64.021,498.164,9.003,12553,18337,1.150,1.440,1.410,2,0,0,0,0,35,309,0,16,0
17-08 11:08:26,31.654,9.720,53.089,0,0,5779356,290256,17688,1826608,8550.051,1615.098,60364.798,1790.566,472.566,325.014,12503,18182,1.150,1.440,1.410,1,0,0,0,0,35,309,0,16,0
17-08 11:08:27,34.083,14.786,48.869,0.251,0,5700748,182976,17688,2015744,12612.821,1623.968,61843.123,53446.605,484.183,54.132,12254,17604,1.060,1.420,1.400,1,0,0,0,13361.651,35,309,0,16,0
17-08 11:08:28,37.239,14.995,45.736,1.250,0,5599772,189816,17720,2117280,8854.292,1619.505,65803.877,200546.674,515.842,218.933,13496,19064,1.060,1.420,1.400,2,0,1.000,0,25879.086,35,309,0,16,0
17-08 11:08:29,34.278,15.262,46.288,0.500,0,5510844,190688,17744,2205668,18258.950,1621.328,64953.182,161828.502,508.416,188.154,12802,18133,1.060,1.420,1.400,1,0,0,0,23664.376,35,309,0,16,0
17-08 11:08:30,35.508,10.502,48.761,3.001,0,5447024,200408,17900,2258524,26693.770,1620.350,57604.453,46774.111,454.098,61.013,12602,18037,1.060,1.420,1.400,1,4,0,8.002,15746.404,35,309,0,16,0
17-08 11:08:31,32.687,15.969,43.417,5.240,0,5352164,180408,17724,2372552,21239.162,1616.891,47460.744,139899.007,418.196,175.662,12913,18367,1.060,1.420,1.400,4,1,0,42.917,20246.072,35,309,0,16,0
17-08 11:08:32,13.276,11.022,59.618,14.529,0,5318404,481508,14576,2110124,11369.505,1460.892,757.499,267084.666,64.127,377.748,4381,4841,1.060,1.410,1.400,2,0,33.065,18.036,5752.386,35,304,0,20,0
17-08 11:08:33,10.944,6.715,51.485,28.105,0,5325932,473572,14852,2110256,12077.795,1611.699,222.852,986.917,49.744,70.636,3332,3561,1.060,1.410,1.400,2,1,81.580,0,0,35,304,0,20,0
17-08 11:08:34,35.698,9.804,41.983,12.821,0,5369988,428976,15208,2110448,15394.399,6175.257,1383.676,44.245,111.619,5.028,4108,3219,1.060,1.410,1.400,2,1,29.162,0,0,35,305,0,20,0
17-08 11:08:35,17.666,3.483,42.796,33.341,0,5358900,435692,15688,2114348,8436.760,1612.310,4347.265,0,203.032,0,2914,2809,1.060,1.410,1.400,0,2,0.995,0,0,35,305,0,20,0
17-08 11:08:36,13.979,3.495,45.932,35.198,0,5365992,425864,16120,2116652,12429.498,1617.592,2835.779,219.673,234.651,17.973,2729,3027,1.060,1.410,1.400,2,2,0,0,0,35,305,0,20,0
17-08 11:08:37,17.747,6.999,51.240,21.496,0,5354376,435992,16592,2117668,98535.146,3819763.130,1307.750,1523.708,194.963,295.943,5774,3966,1.210,1.440,1.410,1,1,42.992,6.999,0,35,305,0,20,0
17-08 11:08:38,15.270,8.511,57.326,16.772,0,5341860,447216,17856,2117724,26825.440,17648.316,1305.725,112.148,316.418,10.013,4380,4469,1.210,1.440,1.410,0,1,107.142,0,0,35,305,0,20,0
17-08 11:08:39,16.832,9.044,54.515,18.088,0,5325820,461348,19072,2118416,24102.133,15045.117,1897.220,0,314.529,0,4713,4702,1.210,1.440,1.410,1,1,144.703,0,0,35,305,0,20,0
17-08 11:08:40,18.151,3.730,67.132,9.697,0,5267664,518068,19396,2119528,9954.441,5020.484,1404.303,95.477,110.395,10.940,3577,3818,1.210,1.440,1.410,2,0,21.880,1.989,0,35,304,0,21,0
17-08 11:08:41,24.015,6.504,67.291,1.501,0,5318132,467452,19508,2119564,9142.560,1620.986,56.034,424.258,11.007,47.029,3386,3471,1.210,1.440,1.410,1,0,32.019,7.004,0,35,304,0,21,0
17-08 11:08:42,25.998,3.000,68.494,1.250,0,5347984,437384,19596,2119692,9301.235,1619.867,79.993,2691.779,7.999,514.958,3290,3033,1.280,1.450,1.410,2,0,0,4.000,0,35,304,0,21,0
17-08 11:08:43,18.320,2.259,68.511,9.285,0,5344356,439924,20148,2120228,10784.133,1626.203,923.523,622.374,59.226,61.234,3421,3942,1.280,1.450,1.410,3,0,1.004,8.031,0,35,305,0,21,0
17-08 11:08:44,13.225,21.209,51.152,11.228,0,5337704,446292,20416,2120244,9737.278,1616.891,30169.990,3.992,5128.140,0.998,10946,14191,1.280,1.450,1.410,1,1,313.397,7500.578,0,35,305,0,21,0
17-08 11:08:45,11.541,21.075,65.984,0.502,0,5335012,448636,20456,2120552,20702.494,1625.771,144.513,260.926,4.014,24.086,6262,5195,1.280,1.450,1.410,2,0,280.998,0,0,35,305,0,21,0
17-08 11:08:46,17.677,16.432,54.026,9.959,0,5329212,452836,20636,2122488,21362.548,1613.320,1597.386,23.901,40.831,5.975,6508,12279,1.280,1.450,1.410,3,0,264.903,3.984,0,35,305,0,22,0
17-08 11:08:47,6.252,6.002,58.517,26.258,0,5323880,455412,22660,2123232,19132.483,1620.464,2668.765,1064.305,158.045,62.018,3450,4106,1.890,1.570,1.450,0,1,32.009,1.000,0,35,305,0,22,0
17-08 11:08:48,18.735,4.247,53.208,21.733,0,5321960,454404,24012,2124808,30904.774,1618.731,2881.741,263.793,353.723,26.979,4868,5426,1.890,1.570,1.450,0,1,6.995,4.996,0,35,305,0,24,0
17-08 11:08:49,20.425,11.209,64.016,3.238,0,5304132,471124,24172,2125400,19150.028,1452.692,1028.243,0,96.647,0,4904,6057,1.890,1.570,1.450,1,0,98.640,0,0,35,305,0,21,0
17-08 11:08:50,31.708,14.344,34.224,17.867,0,5345400,426412,25608,2127864,112017.410,3876361.637,3627.752,100.659,161.054,5.033,6759,4631,1.890,1.570,1.450,2,0,174.140,0,0,35,307,0,21,0
17-08 11:08:51,38.950,11.735,35.454,12.734,0,5380732,388576,26068,2129908,37247.001,24725.138,2221.138,283.634,214.723,26.965,5916,5496,1.890,1.570,1.450,1,2,157.797,0,0,35,307,0,21,0
17-08 11:08:52,28.964,8.989,38.702,21.473,0,5416148,345976,26472,2136688,24741.331,12177.905,7187.091,175.782,228.716,23.970,4665,4688,1.900,1.580,1.460,0,2,102.872,17.978,0,35,306,0,22,0
17-08 11:08:53,25.771,3.253,47.539,22.018,0,5433368,325844,27688,2138384,9927.248,1621.347,2434.022,396.329,182.151,43.036,3666,4142,1.900,1.580,1.460,2,0,1.001,0,0,35,306,0,22,0
17-08 11:08:54,41.918,3.493,45.411,8.234,0,5470704,285100,28032,2141448,8581.133,1616.822,2143.786,1536.979,200.606,90.821,3934,2994,1.900,1.580,1.460,2,0,0,0,0,35,306,0,21,0
17-08 11:08:55,19.016,13.511,62.301,3.753,0,5501364,253344,28324,2142256,9259.558,1621.323,760.621,340.278,30.025,14.011,4806,3850,1.900,1.580,1.460,2,0,199.163,1.001,0,35,305,0,21,0
17-08 11:08:56,24.203,4.242,70.362,0,0,5549980,204728,28324,2142256,9279.846,1616.837,0,0,0,0,2650,2409,1.900,1.580,1.460,1,0,0,0,0,35,305,0,21,0
17-08 11:08:57,21.771,2.502,70.068,4.004,0,5565776,188164,28592,2142760,10455.189,1459.422,760.741,0,54.053,0,2707,2656,1.830,1.570,1.450,2,1,0,0,0,35,309,0,22,0
17-08 11:08:58,16.271,4.005,67.338,10.514,0,5569456,182128,29240,2144468,11309.795,1622.122,2282.986,264.346,133.174,31.041,3312,3881,1.830,1.570,1.450,0,1,1.001,0,0,35,308,0,22,0
17-08 11:08:59,20.755,2.501,70.017,5.501,0,5578276,189608,28100,2129572,10206.415,1620.383,1824.432,488.116,114.027,1.000,2630,2476,1.830,1.570,1.450,0,1,2.000,41.010,122.029,35,310,0,22,0
17-08 11:09:00,21.187,6.730,68.047,2.742,0,5542244,225536,28172,2129604,11480.750,1615.182,71.786,251.250,5.982,24.926,3353,3199,1.830,1.570,1.450,1,0,49.851,4.985,0,35,309,0,22,0
17-08 11:09:01,24.067,3.008,69.444,2.006,0,5589712,178052,28180,2129612,9314.985,1624.532,40.112,32.090,3.008,3.008,2726,2584,1.830,1.570,1.450,1,0,0,0,0,35,309,0,22,0
17-08 11:09:02,24.756,7.752,64.015,1.750,0,5576972,190564,28260,2129768,35606.524,890188.112,160.038,1084.260,10.002,121.029,4542,4335,1.840,1.580,1.460,2,0,109.026,8.002,0,35,310,0,22,0
17-08 11:09:03,30.719,11.988,49.201,6.494,0,5573488,207784,28320,2116200,92929.231,3063323.960,939.063,651.350,32.967,27.972,6270,4968,1.840,1.580,1.460,4,1,110.889,17.982,98.901,35,309,0,22,0
17-08 11:09:04,33.417,12.563,41.457,10.804,0,5623676,200172,27412,2074668,27057.900,16857.043,33712.075,4257.225,5076.309,93.466,9947,13942,1.840,1.580,1.460,1,0,109.546,8131.541,701.497,35,312,0,22,0
17-08 11:09:05,20.943,7.978,67.067,2.743,0,5576768,247072,27428,2074708,18677.158,6149.261,67.815,187.490,6.981,7.978,3806,3612,1.840,1.580,1.460,1,0,91.750,3.989,0,35,309,0,22,0
17-08 11:09:06,24.694,3.243,70.591,0,0,5626272,197548,27440,2074716,16513.751,1454.719,0,135.694,0,7.982,2667,2371,1.840,1.580,1.460,2,0,0,0,0,35,309,0,22,0
17-08 11:09:07,25.008,3.251,70.272,0.250,0.250,5633800,189824,27496,2074856,9453.024,1620.518,24.008,736.236,5.002,39.012,2955,2979,1.780,1.570,1.450,3,0,0,6.002,0,35,312,0,23,0
17-08 11:09:08,23.991,1.999,69.223,3.249,0,5643896,179528,27544,2075008,9707.195,1619.365,303.881,143.944,18.993,20.992,2905,2923,1.780,1.570,1.450,1,0,2.999,39.984,0,35,313,0,23,0
17-08 11:09:09,20.497,7.999,69.740,0,0,5603908,219508,27544,2075016,10519.557,1619.778,0,0,0,0,3205,2742,1.780,1.570,1.450,3,0,61.991,0,0,35,313,0,23,0
17-08 11:09:10,26.267,3.252,69.796,0,0,5645072,178324,27560,2075020,14114.316,1621.070,0,264.174,0,9.006,2719,2350,1.780,1.570,1.450,1,0,0,0,0,35,313,0,22,0
17-08 11:09:11,23.252,6.000,67.005,2.000,0,5620260,202920,27676,2075120,14801.112,1620.122,112.008,1028.077,7.001,70.005,3786,3807,1.780,1.570,1.450,1,0,42.003,4.000,0,35,313,0,23,0
17-08 11:09:12,26.235,3.248,69.460,0.250,0,5644388,178740,27708,2075140,9220.722,1619.073,7.995,131.924,0.999,14.991,2771,2599,1.790,1.570,1.460,2,0,0,1.999,0,35,313,0,23,0
17-08 11:09:13,26.387,4.523,66.847,1.257,0,5574608,248268,27848,2075252,9863.227,1628.458,128.668,5508.610,11.057,701.644,4104,3923,1.790,1.570,1.460,2,0,25.131,4.021,0,35,313,0,23,0
17-08 11:09:14,12.720,19.703,63.348,2.494,0,5599040,222220,28064,2076652,10572.667,1616.128,754.193,474.862,97.766,47.885,5842,5386,1.790,1.570,1.460,4,2,258.381,147.646,0,35,313,0,14,0
17-08 11:09:15,12.719,11.223,68.583,4.738,0,5568872,247540,28116,2081448,107712.956,3874641.791,5343.002,219.466,125.694,19.951,6416,5048,1.790,1.570,1.460,0,0,151.631,3.990,0,35,314,0,14,0
17-08 11:09:16,25.373,12.561,60.543,0,0.251,5595468,218652,28132,2083728,29177.160,112852.984,1623.856,128.622,33.160,10.049,5503,5562,1.790,1.570,1.460,1,0,167.812,0,0,35,314,0,14,0
17-08 11:09:17,31.336,9.202,57.201,0.497,0,5629296,175480,28180,2093020,19981.470,13719.230,7819.096,608.815,70.631,36.807,4775,4899,1.890,1.600,1.470,1,0,102.464,0,0,35,313,0,14,0
17-08 11:09:18,24.340,6.273,64.489,3.513,0,5562768,241380,28192,2093636,10187.741,1626.024,337.249,2292.493,16.059,308.142,4277,3901,1.890,1.600,1.470,2,0,68.253,60.223,0,35,319,0,14,0
17-08 11:09:19,9.490,9.240,68.426,10.239,0,5566332,234484,28220,2096944,9998.157,1618.245,2589.192,47.948,48.947,6.992,3848,3743,1.890,1.600,1.470,1,0,83.909,7.991,0,35,319,0,14,0
17-08 11:09:20,10.757,11.508,66.045,9.757,0,5567984,229060,28244,2100692,10111.948,1621.114,2877.977,108.074,33.023,10.007,4224,3879,1.890,1.600,1.470,2,0,87.060,3.002,0,35,319,0,14,0
17-08 11:09:21,12.760,14.511,66.052,4.754,0,5565720,228328,28300,2103632,9644.625,1621.282,2321.836,396.313,37.029,31.025,5363,5070,1.890,1.600,1.470,2,0,140.111,8.006,0,35,319,0,14,0
17-08 11:09:22,12.747,13.997,66.985,4.499,0,5567272,223788,28300,2106620,9168.968,1619.641,2527.440,7.998,36.992,2.000,4888,4251,1.820,1.590,1.460,1,0,114.975,7.998,0,35,319,0,14,0
17-08 11:09:23,14.264,15.015,60.809,8.508,0,5572700,215364,28364,2109552,8443.221,1459.421,2610.542,332.324,35.034,27.026,5154,4763,1.820,1.590,1.460,1,0,127.124,28.027,0,35,321,0,14,0
17-08 11:09:24,13.948,12.952,65.756,4.982,0,5592824,186548,28948,2117660,14308.914,1614.012,7611.761,326.788,87.675,29.889,4748,4273,1.820,1.590,1.460,1,0,122.545,0.996,0,35,321,0,14,0
17-08 11:09:25,20.468,3.245,66.645,7.987,0,5623632,172952,29124,2100420,15388.863,1617.463,1425.764,1270.008,38.939,7.987,2806,2851,1.820,1.590,1.460,0,1,0,0,305.521,35,321,0,14,0
17-08 11:09:26,14.497,3.749,66.237,13.247,0,5632116,189344,29652,2074880,10712.948,1619.690,3347.359,1531.707,127.975,2.000,2807,2905,1.820,1.590,1.460,1,0,1.000,0,382.927,35,321,0,14,0
17-08 11:09:27,23.643,6.540,63.133,6.037,0,5659152,181556,30308,2055056,16033.258,6931.044,8845.658,1102.689,247.501,11.067,3849,3789,1.750,1.580,1.460,2,0,50.305,0,257.562,35,322,0,14,0
17-08 11:09:28,22.463,8.237,56.158,9.734,0,5669272,192036,31176,2033816,118805.665,4002598.805,7947.001,1693.230,344.437,26.956,7049,5699,1.750,1.580,1.460,3,0,87.856,0,372.391,35,322,0,14,0
17-08 11:09:29,23.335,10.923,53.868,9.185,0,5678300,200600,31668,2015624,32488.755,109866.386,10561.154,1231.274,329.664,16.880,5599,5490,1.750,1.580,1.460,2,0,129.085,0,258.170,35,322,0,14,0
17-08 11:09:30,28.228,5.041,62.756,3.276,0,5689208,178388,31800,2026768,12449.400,7893.660,10815.221,383.089,155.252,47.382,4557,4885,1.750,1.580,1.460,3,0,52.423,84.683,0,35,325,0,14,0
17-08 11:09:31,24.391,5.476,59.982,7.467,0,5571888,285180,31816,2037280,8367.587,1451.510,10023.185,107.519,91.590,7.964,3315,2947,1.750,1.580,1.460,1,0,4.978,0,0,35,321,0,14,0
17-08 11:09:32,24.505,4.001,65.764,5.001,0,5612132,234392,31832,2047808,10844.340,1620.350,9834.122,0,88.019,0,3092,2806,1.690,1.570,1.460,1,0,0,4.001,0,35,319,0,14,2
17-08 11:09:33,37.219,7.993,51.707,1.249,0,5674984,190412,31860,2029508,10889.853,1618.640,10287.359,2417.969,90.924,77.935,4195,3719,1.690,1.570,1.460,2,0,7.993,0,376.684,35,319,0,14,2
17-08 11:09:34,28.630,7.032,60.022,3.516,0,5687748,195352,31856,2011684,9249.844,1721.789,10620.043,1185.362,95.432,13.059,4018,3730,1.690,1.570,1.460,1,0,7.032,28.127,252.141,35,322,0,14,2
17-08 11:09:35,28.997,3.500,64.243,1.250,0,5557028,315324,31856,2022432,11102.716,1619.813,9974.847,0,86.990,0,3481,3141,1.690,1.570,1.460,2,0,10.999,59.993,0,35,319,0,10,2
17-08 11:09:36,26.421,5.733,63.062,2.991,0,5612416,257760,32008,2024456,19475.845,1615.177,1507.499,79.762,17.946,6.979,3493,3283,1.690,1.570,1.460,1,0,4.985,0,0,35,319,0,10,2
17-08 11:09:37,26.731,3.498,65.204,2.998,0,5632280,232568,32040,2029752,10835.407,1618.866,4876.583,127.910,54.961,10.992,3094,2848,1.640,1.560,1.450,2,0,0,19.986,0,35,319,0,11,2
17-08 11:09:38,24.794,6.762,67.369,0,0,5613304,246556,32056,2034724,10030.673,1622.859,4055.145,104.184,38.067,8.014,3910,3441,1.640,1.560,1.450,2,0,86.152,4.007,0,35,319,0,11,2
17-08 11:09:39,10.032,16.052,67.970,4.515,0,5609168,246044,32188,2039240,9646.157,1667.386,4779.438,5068.371,50.162,769.485,5401,4557,1.640,1.560,1.450,2,0,211.684,3.010,0,35,319,0,10,2
17-08 11:09:40,11.991,13.990,52.960,18.986,0,5609732,236136,32856,2047932,15117.668,5802.650,8041.972,127.904,216.837,9.993,5131,4875,1.640,1.560,1.450,0,2,216.837,153.885,0,35,320,0,10,2
17-08 11:09:41,20.914,7.718,46.310,23.155,0,5643156,197896,33332,2052272,9403.376,1613.373,4290.377,47.804,249.973,2.988,4243,3978,1.640,1.560,1.450,0,2,88.636,4.980,0,35,320,0,10,2
17-08 11:09:42,20.819,4.264,45.652,28.344,0.502,5659972,196736,34028,2036064,20792.291,1625.417,11538.453,1525.082,404.348,3.010,3609,3529,1.670,1.570,1.460,1,1,16.053,4.013,380.267,35,320,0,10,2
17-08 11:09:43,25.520,9.007,52.792,11.009,0,5624688,227088,35124,2039888,112855.142,4070855.495,4503.557,576.455,95.075,27.021,6497,5187,1.670,1.570,1.460,2,0,97.077,0,0,35,320,0,9,2
17-08 11:09:44,22.230,9.991,62.444,4.246,0,5637972,207244,35264,2046316,32551.712,113245.111,6126.488,535.518,80.927,30.972,5153,5330,1.670,1.570,1.460,1,0,168.848,0,0,35,321,0,9,2
17-08 11:09:45,23.574,7.196,56.578,9.678,0,5623812,207184,36812,2058980,27817.670,11673.992,12447.229,357.337,196.535,21.837,4293,4308,1.670,1.570,1.460,2,0,56.578,0,0,35,320,0,9,2
17-08 11:09:46,25.866,6.027,59.516,6.780,0,5623680,199624,37964,2068012,15608.824,1872.376,2896.959,751.361,61.274,16.072,3675,7300,1.670,1.570,1.460,2,0,36.162,0,0,35,319,0,9,2
17-08 11:09:47,25.640,4.730,63.477,4.730,0,5613752,205884,38052,2069100,12905.480,1613.061,2126.850,585.481,31.863,14.936,3741,9948,1.610,1.560,1.450,3,0,8.961,0,0,35,319,0,9,2
17-08 11:09:48,16.882,4.787,64.253,12.347,0,5626268,181648,38916,2079956,20678.899,1469.505,10929.570,32.253,268.099,3.024,10563,19326,1.610,1.560,1.450,1,0,3.024,0,0,35,319,0,9,2
17-08 11:09:49,18.727,6.742,62.423,10.487,0,5632692,195552,42236,2056344,14591.969,1618.001,9412.369,1653.956,449.445,33.958,4176,4844,1.610,1.560,1.450,0,1,12.984,0,258.680,35,319,0,11,2
17-08 11:09:50,14.212,3.740,72.306,8.228,0,5597304,219132,44604,2065784,14067.199,2952.067,11058.285,215.421,602.381,4.987,3347,3732,1.610,1.560,1.450,1,0,0,0,0,35,320,0,11,2
17-08 11:09:51,16.549,3.260,72.464,5.767,0,5602536,203120,45520,2075648,26235.434,4874.387,9520.099,345.018,154.456,12.036,3141,3288,1.610,1.560,1.450,1,0,1.003,0,0,35,320,0,9,2
17-08 11:09:52,26.734,7.995,63.461,0,0,5617764,182964,45564,2080532,17458.234,1619.002,4345.320,95.941,44.972,2.998,10981,19446,1.560,1.550,1.450,1,0,15.990,10.993,0,35,320,0,10,2
17-08 11:09:53,26.440,5.238,64.604,1.497,0,5600696,193668,45620,2086840,10951.282,1616.352,5615.326,411.072,46.894,18.957,3387,3271,1.560,1.550,1.450,1,1,3.991,0,0,35,320,0,10,2
17-08 11:09:54,20.821,9.031,67.228,0.502,0,5559496,228316,45924,2093080,10322.007,1800.105,9777.159,1192.043,77.262,46.157,4582,4230,1.560,1.550,1.450,4,0,124.422,4.014,0,35,319,0,10,2
17-08 11:09:55,23.273,14.515,61.312,0,0,5602436,175024,45948,2103416,75708.294,2499071.417,9561.636,332.335,78.079,10.010,6215,4987,1.560,1.550,1.450,2,0,196.198,2.002,0,35,320,0,9,2
17-08 11:09:56,34.034,8.446,56.392,0,0,5612900,184188,45884,2083764,68482.373,1690060.947,9666.650,5445.440,75.521,695.585,6016,4804,1.560,1.550,1.450,2,0,107.319,0,368.660,35,320,0,9,2
17-08 11:09:57,32.072,10.273,53.620,1.503,0,5636408,179316,45992,2064912,25608.241,17535.195,9870.062,801.792,81.181,2.004,5377,5441,1.600,1.550,1.450,0,1,154.345,0,200.448,35,323,0,11,2
17-08 11:09:58,17.828,12.053,66.039,3.515,0,5565628,239596,46024,2075372,12312.958,4091.932,9999.822,200.880,85.374,12.053,4874,4678,1.600,1.550,1.450,1,0,159.700,0,0,35,319,0,12,2
17-08 11:09:59,27.119,4.976,66.179,0,0,5608928,185912,46040,2085740,8925.736,1612.185,9681.074,55.730,75.633,5.971,3194,2931,1.600,1.550,1.450,2,0,0,0,0,35,319,0,11,2
17-08 11:10:00,27.706,4.243,65.647,0,0,5628112,185284,46068,2067096,9777.628,1617.457,9756.661,1549.564,80.873,14.976,3541,3428,1.600,1.550,1.450,2,0,0,6.989,366.424,35,319,0,12,2
17-08 11:10:01,25.529,7.258,66.825,0,0,5596964,209980,46068,2073548,9437.620,1621.825,5814.543,3624.078,50.056,20.023,3745,3478,1.600,1.550,1.450,1,0,70.079,0,0,35,319,0,12,2
17-08 11:10:02,27.965,4.245,66.416,0,0,5627392,198208,46068,2054720,9731.709,1617.956,9843.567,826.956,76.903,3.995,3408,3086,1.550,1.550,1.450,2,0,0,0,203.743,35,319,0,12,2
17-08 11:10:03,24.247,6.749,64.492,2.750,0,5554588,261644,46132,2064028,8668.953,1619.804,8778.940,571.931,75.991,34.996,4024,3958,1.550,1.550,1.450,2,0,58.993,0,0,35,319,0,12,2
17-08 11:10:04,26.027,5.005,67.069,0,0,5608620,202820,46140,2068812,10024.367,1621.677,3972.108,32.033,34.035,3.003,3112,2925,1.550,1.550,1.450,5,0,3.003,0,0,35,319,0,12,2
17-08 11:10:05,27.775,3.503,67.310,0,0,5631404,172764,46140,2076084,8629.741,1459.309,6830.127,0,56.050,0,3299,3163,1.550,1.550,1.450,1,0,0,0,0,35,319,0,14,2
17-08 11:10:06,25.980,6.995,66.449,0,0,5600248,194680,46140,2085324,8312.652,1618.764,8681.370,0,69.947,0,3656,3449,1.550,1.550,1.450,4,0,31.976,0,0,35,319,0,14,2
17-08 11:10:07,28.001,4.750,65.752,0.500,0,5631616,182004,46128,2066800,9236.296,1620.052,10848.348,1240.040,309.010,4.000,3611,3419,1.510,1.540,1.450,2,0,0,280.009,301.010,35,319,0,14,2
17-08 11:10:08,30.090,11.535,52.909,3.511,0,5564892,266384,46332,2048912,116699.704,4121535.974,10343.083,2856.585,117.353,126.380,7501,6221,1.510,1.540,1.450,5,0,142.428,0,208.627,35,320,0,16,2
17-08 11:10:09,32.946,10.732,54.910,0.250,0,5614456,206156,46396,2059504,29068.521,112678.954,9847.915,595.028,78.871,35.941,5207,5274,1.510,1.540,1.450,2,0,119.804,0,0,35,320,0,16,2
17-08 11:10:10,31.706,8.988,58.420,0,0,5622260,190932,46428,2066892,19256.566,12320.088,6850.596,119.835,53.926,12.982,4913,5009,1.510,1.540,1.450,1,0,102.859,0,0,35,319,0,18,2
17-08 11:10:11,25.391,6.285,67.626,0,0,5642752,169916,46436,2067408,9880.959,1629.061,20.112,4006.283,5.028,723.022,3760,3375,1.510,1.540,1.450,2,0,32.179,5.028,0,35,319,0,17,2
17-08 11:10:12,27.625,3.982,66.947,0,0,5620452,220720,46432,2039392,10339.256,2131.364,3.982,1194.599,0.995,2.986,3223,3054,1.460,1.530,1.450,1,0,0,0.995,297.654,35,319,0,17,2
17-08 11:10:13,22.775,9.010,64.822,1.502,0,5573068,267180,46568,2040180,7857.769,1459.629,144.161,780.871,11.012,69.077,5137,5420,1.460,1.530,1.450,3,0,150.168,12.013,0,35,319,0,17,2
17-08 11:10:14,6.749,3.750,70.494,17.748,0,5574404,263140,47064,2042388,9978.138,2174.812,2155.814,195.983,252.978,10.999,2891,3330,1.460,1.530,1.450,0,1,29.997,0,0,35,320,0,17,2
17-08 11:10:15,10.484,3.495,76.131,7.738,0,5607748,221184,47440,2050624,15737.492,2829.594,7951.617,119.813,210.672,12.980,2837,3372,1.460,1.530,1.450,0,0,0.998,15.975,0,35,320,0,17,2
17-08 11:10:16,8.241,8.241,80.408,1.498,0,5610500,215844,47484,2053168,23743.896,3607.882,1977.742,139.840,44.949,13.984,3885,3852,1.460,1.530,1.450,1,0,124.857,0,0,35,319,1,17,2
17-08 11:10:17,7.247,2.499,88.468,0.250,0,5604972,211076,47540,2063408,15549.450,3940.593,9724.529,511.817,75.973,32.988,2414,2859,1.430,1.520,1.440,0,0,0,0,0,35,320,0,17,2
17-08 11:10:18,13.020,13.772,68.357,3.255,0,5596100,208740,47760,2074396,12389.415,1832.872,10456.386,208.326,148.232,12.019,5246,4872,1.430,1.520,1.440,1,0,209.328,0,0,35,319,0,17,2
17-08 11:10:19,18.496,3.999,67.735,8.248,0,5597544,223456,48108,2058644,8571.151,1619.651,11969.418,827.821,327.929,3.999,3155,3285,1.430,1.520,1.440,1,0,4.999,0,202.956,35,319,0,17,2
17-08 11:10:20,24.286,6.510,63.844,3.756,0,5604240,191428,48596,2083488,42673.075,1115539.865,16328.134,689.018,563.833,6.009,4735,4630,1.430,1.520,1.440,2,0,53.078,0,0,35,320,0,17,2
17-08 11:10:21,28.095,9.783,57.193,3.010,0,5591692,190028,48756,2097264,95362.195,3118783.271,9736.898,0,103.349,0,6424,5329,1.430,1.520,1.440,0,0,122.414,0,0,35,320,0,17,2
17-08 11:10:22,17.998,9.499,67.243,3.250,0,5601396,170364,48876,2107108,41058.762,21609.769,9019.069,807.917,96.990,12.999,4983,4988,1.390,1.510,1.440,1,1,147.985,5.999,0,35,321,0,18,2
17-08 11:10:23,25.185,6.234,63.338,3.990,0,5596576,187856,49120,2094440,10306.591,5483.948,12208.717,3183.842,90.767,99.744,4280,4482,1.390,1.510,1.440,1,0,26.931,0,306.215,35,319,0,18,2
17-08 11:10:24,11.519,14.024,66.613,6.010,0,5565480,206388,49252,2106872,8603.536,1622.742,10658.008,2119.581,109.184,69.117,5625,5387,1.390,1.510,1.440,1,0,235.398,0,0,35,319,0,17,2
17-08 11:10:25,24.161,7.722,66.755,0,0,5594020,196804,49268,2088576,8294.511,1614.067,9831.859,916.631,79.707,7.971,3626,3303,1.390,1.510,1.440,2,0,53.802,2.989,204.249,35,319,0,17,2
17-08 11:10:26,28.012,4.002,66.529,0,0,5622824,187084,47820,2071296,8864.911,1620.715,9440.165,1212.535,74.033,4.002,3257,2857,1.390,1.510,1.440,1,0,0,0,301.133,35,319,0,17,2
17-08 11:10:27,25.730,6.745,66.698,0.250,0,5574708,229176,47820,2077320,9307.769,1618.742,5611.641,0,52.959,0,3772,3546,1.520,1.530,1.450,1,0,46.964,0,0,35,319,0,18,2
17-08 11:10:28,28.118,3.981,65.442,0.249,0,5619064,174232,47852,2087876,9744.093,1612.403,9698.308,103.512,76.639,11.944,3348,3168,1.520,1.530,1.450,2,0,0.995,0,86.592,35,319,0,18,2
17-08 11:10:29,23.227,4.292,67.662,4.292,0,5624916,186304,47628,2070208,10095.831,1472.414,10510.894,1005.846,130.275,12.119,3386,3348,1.520,1.530,1.450,1,0,0,0,119.167,35,319,0,19,2
17-08 11:10:30,28.322,5.217,64.593,0,0,5586884,213896,47688,2080588,17453.057,1609.859,9683.003,190.798,76.518,23.850,3776,3578,1.520,1.530,1.450,2,0,13.912,0,0,35,319,0,19,2
17-08 11:10:31,27.795,4.507,66.357,0,0,5626484,193828,47576,2061280,9427.205,1622.617,9134.733,2852.601,74.120,84.136,3372,3093,1.520,1.530,1.450,1,0,0,0,300.485,35,319,0,19,2
17-08 11:10:32,25.790,4.507,61.595,7.261,0,5624020,182476,48036,2074652,26453.889,1708.641,12615.499,933.443,212.328,133.206,5835,7519,1.480,1.520,1.450,1,0,1.002,0,0,35,320,0,19,1
17-08 11:10:33,41.454,13.485,41.205,2.248,0,5602816,221224,48088,2057120,115826.656,4135930.821,11279.599,1402.458,130.856,67.925,7964,6749,1.480,1.520,1.450,2,0,67.925,0,211.767,35,320,0,19,1
17-08 11:10:34,37.921,13.812,47.966,0,0,5618748,194932,48088,2067480,63478.153,112092.300,10029.211,0,78.353,0,5661,5343,1.480,1.520,1.450,5,0,161.729,0,0,35,320,0,19,1
17-08 11:10:35,30.435,8.232,57.877,1.746,0,5618068,184616,48236,2078328,52082.930,13761.653,9962.754,510.910,91.804,62.866,5845,6395,1.480,1.520,1.450,2,0,102.781,0,0,35,320,0,20,1
17-08 11:10:36,25.512,7.003,64.030,2.001,0,5543540,249508,48484,2087716,11718.569,1620.770,9108.328,1448.688,89.042,129.061,5618,7043,1.480,1.520,1.450,1,0,45.021,0,0,35,319,0,20,1
17-08 11:10:37,10.020,23.546,64.626,0,0,5549908,233764,48488,2097088,105538.479,1547.012,8757.050,52.101,71.139,13.025,6683,6075,1.520,1.530,1.450,1,0,435.849,0,0,35,319,0,21,1
17-08 11:10:38,9.720,21.932,64.798,0.748,0,5553384,220656,48492,2106716,25656.147,1614.973,8944.162,271.156,71.777,16.947,6800,5953,1.520,1.530,1.450,1,0,438.635,0,0,35,319,0,21,1
17-08 11:10:39,11.019,23.541,64.113,0.501,0,5560040,206800,48736,2113672,8724.320,1622.850,6383.209,3995.015,59.104,232.408,7329,7172,1.520,1.530,1.450,3,0,493.867,1.002,0,35,319,0,21,1
17-08 11:10:40,11.745,21.741,64.724,0.500,0,5559808,200504,48780,2120156,9323.288,1619.355,5965.625,303.879,56.977,28.988,6870,6368,1.520,1.530,1.450,2,0,454.819,0,0,35,319,0,20,1
17-08 11:10:41,12.021,22.038,64.110,0,0,5563600,191000,48820,2125828,13908.897,1622.788,5000.591,372.640,43.074,28.048,6942,6371,1.520,1.530,1.450,1,0,449.773,3.005,0,35,319,0,20,1
17-08 11:10:42,11.187,21.628,64.388,0.249,0,5557632,196288,48844,2126484,10013.649,1610.935,3.978,3715.094,0.994,582.721,7071,5879,1.400,1.510,1.440,1,0,415.661,0.994,0,35,319,0,20,1
17-08 11:10:43,12.789,21.565,64.445,0.251,0.752,5563932,185704,48896,2130716,12427.541,1624.908,3943.914,312.945,36.109,31.094,6740,6258,1.400,1.510,1.440,1,0,408.233,0,0,35,319,0,20,1
17-08 11:10:44,11.487,22.723,64.175,0,0,5555940,186640,48932,2137736,19840.830,1704.010,6232.721,495.421,55.935,33.960,6739,6035,1.400,1.510,1.440,1,0,416.514,0,0,35,319,0,20,1
17-08 11:10:45,17.937,21.674,54.310,3.488,0,5590176,198820,48988,2091468,25415.067,5882.416,10268.070,2395.617,111.609,29.895,6513,5792,1.400,1.510,1.440,3,0,316.891,0,508.222,35,320,0,20,1
17-08 11:10:46,24.570,5.766,43.624,25.071,0,5592028,185360,49240,2104620,19872.483,1624.618,12724.165,842.394,283.807,12.034,4281,4195,1.400,1.510,1.440,2,1,39.111,0,0,35,320,0,20,1
17-08 11:10:47,34.355,12.288,38.117,14.795,0,5578564,222052,49796,2086716,14625.710,3193.763,3338.205,5966.239,109.334,309.947,5252,15439,1.930,1.620,1.480,1,0,84.258,0,358.095,35,320,0,21,1
17-08 11:10:48,32.216,8.991,56.691,0.749,0,5588860,205688,49976,2092596,129982.609,4215990.578,1914.006,0,26.972,0,6696,4937,1.930,1.620,1.480,3,0,101.894,0,0,35,320,0,20,1
17-08 11:10:49,30.282,10.511,56.309,2.002,0,5591836,191220,50260,2103808,47018.375,112633.279,10062.567,1217.278,94.099,35.037,5747,6522,1.930,1.620,1.480,2,0,134.141,0,0,35,321,0,20,1
17-08 11:10:50,16.443,4.983,69.258,6.477,0,5598972,203768,50520,2083852,31212.163,13969.289,10567.152,1235.691,153.465,19.931,3816,3773,1.930,1.620,1.480,0,0,49.826,0,145.493,35,320,0,20,1
17-08 11:10:51,13.270,2.504,77.119,4.507,0,5600680,191160,50928,2094344,41959.486,9705.917,10271.786,1133.742,165.254,43.066,3066,3193,1.930,1.620,1.480,0,1,0,0,0,35,320,0,20,1
17-08 11:10:52,15.245,3.249,73.475,6.998,0,5600352,179468,51320,2105964,31850.008,8133.193,10824.265,12375.729,177.939,85.970,3137,3264,1.770,1.590,1.470,0,1,0,9.997,0,35,320,0,18,1
17-08 11:10:53,18.198,3.490,71.297,4.737,0,5624192,174420,51716,2086784,17021.552,6443.660,10677.608,4862.161,150.571,170.515,3367,3763,1.770,1.590,1.470,1,0,0,0,358.978,35,320,0,18,1
17-08 11:10:54,13.511,2.752,75.060,7.506,0,5618332,198312,52076,2068388,17636.199,8007.447,10580.518,1509.215,178.143,34.027,2744,2984,1.770,1.590,1.470,0,0,0,0,145.117,35,320,0,18,1
17-08 11:10:55,16.510,2.752,75.795,3.002,0,5632432,171968,52592,2080112,20211.109,7961.770,11266.750,1040.623,178.107,43.026,2945,3035,1.770,1.590,1.470,2,0,0,0,0,35,320,0,18,1
17-08 11:10:56,21.596,3.767,69.809,3.516,0,5617424,236848,52760,2030084,17773.656,7234.014,7529.321,2744.144,140.622,33.147,3177,3177,1.770,1.590,1.470,1,0,0,0,514.276,35,320,0,18,1
17-08 11:10:57,12.483,1.748,77.147,6.491,0,5622324,216716,53240,2044824,38513.788,6515.337,7617.870,4422.120,157.790,50.932,2613,2683,1.710,1.580,1.470,0,1,0,0,0,35,320,0,18,1
17-08 11:10:58,16.521,3.004,68.339,10.764,0,5622716,195804,54004,2064580,10401.493,1622.104,8274.734,452.587,252.327,28.036,2853,3118,1.710,1.580,1.470,2,0,2.003,0,0,35,320,0,18,1
17-08 11:10:59,24.317,2.978,69.478,0.993,0.248,5621268,185976,54848,2075004,9909.525,1607.916,0,1437.199,0,70.470,3004,2926,1.710,1.580,1.470,1,0,0,0,0,35,320,0,18,1
17-08 11:11:00,29.182,7.295,59.370,3.774,0,5626144,196176,55336,2059236,116953.922,4252322.827,181.129,3071.141,12.075,51.320,6070,4288,1.710,1.580,1.470,3,0,53.332,0,368.295,35,321,0,18,1
17-08 11:11:01,33.032,9.509,56.055,0.250,0,5635636,181008,55524,2064712,30455.774,113168.635,0,624.611,0,15.015,5213,5056,1.710,1.580,1.470,2,0,154.151,0,0,35,321,0,14,1
17-08 11:11:02,29.977,9.166,57.476,1.734,0,5634172,191348,56436,2054992,24328.282,24435.306,19.819,9223.937,1.982,339.902,5299,5423,1.650,1.570,1.470,0,1,107.025,0,142.699,35,320,0,14,1
17-08 11:11:03,25.841,3.262,68.993,0.753,0,5635092,180036,57328,2064488,12093.666,1463.162,36.127,1934.826,2.007,71.251,3240,3268,1.650,1.570,1.470,1,0,0,0,0,35,320,0,14,1
17-08 11:11:04,25.806,4.510,68.648,0.752,0,5638348,183212,58152,2056900,10791.220,1623.493,0,2858.150,0,50.108,3092,2920,1.650,1.570,1.470,3,0,6.013,0,367.791,35,320,0,14,1
17-08 11:11:05,24.979,2.498,69.941,0.749,0,5640416,190020,58880,2047264,9916.680,1792.496,0,1538.709,0,53.955,2851,2772,1.650,1.570,1.470,2,0,0,0,0,35,319,0,14,1
17-08 11:11:06,24.342,4.015,69.512,1.757,0,5590524,239884,58900,2047260,10432.354,1626.134,36.136,401.515,2.008,14.053,2969,2758,1.650,1.570,1.470,2,0,19.072,0,0,35,319,0,14,1
17-08 11:11:07,16.946,2.741,78.750,0.249,0,5616956,213436,58924,2047252,16189.645,4546.578,59.810,689.812,8.972,12.959,2546,2592,1.600,1.560,1.460,1,0,15.949,14.953,0,35,320,0,15,1
17-08 11:11:08,25.521,3.753,69.558,0.250,0,5601000,223800,59104,2052648,9373.881,1795.510,0,1297.090,0,20.017,2923,2691,1.600,1.560,1.460,1,0,4.003,0,0,35,319,0,15,1
17-08 11:11:09,25.010,5.752,66.776,0,0,5629920,193812,59124,2053684,9212.607,1620.635,0,64.025,0,2.001,10396,19279,1.600,1.560,1.460,1,0,13.005,0,0,35,319,0,10,1
17-08 11:11:10,24.940,5.736,67.339,0,0,5618540,205032,59152,2053804,10023.037,1616.136,0,1536.327,0,8.979,8598,15163,1.600,1.560,1.460,1,0,4.988,0,0,35,319,0,10,1
17-08 11:11:11,21.232,7.244,69.691,0,0,5615144,208324,59160,2053900,10129.373,1618.621,0,183.843,0,3.997,4525,6074,1.600,1.560,1.460,2,0,14.987,0,0,35,319,0,10,1
17-08 11:11:12,25.913,4.780,67.928,0.252,0,5618692,211268,59204,2047372,14788.262,5855.930,16.102,607.833,4.025,18.114,3291,2977,1.630,1.570,1.470,2,0,17.108,4.025,0,35,320,0,10,1
17-08 11:11:13,31.101,10.450,54.488,1.493,0,5599920,229680,59304,2047632,117752.642,4211720.532,242.834,3001.589,14.928,488.654,11563,14749,1.630,1.570,1.470,2,0,144.307,0,0,35,320,0,8,1
17-08 11:11:14,34.120,12.544,51.933,0.251,0,5608952,220452,59436,2047704,27858.988,110376.226,36.127,846.979,3.011,68.240,8280,11284,1.630,1.570,1.470,3,0,178.628,0,0,35,320,0,8,1
17-08 11:11:15,22.418,6.975,68.002,0,0,5624824,204500,59484,2047728,21216.479,12699.598,15.942,290.937,0.996,19.927,3693,3751,1.630,1.570,1.470,0,0,67.752,0,0,35,320,0,8,1
17-08 11:11:16,25.091,3.262,70.755,0.251,0,5608884,215080,59584,2052980,10712.679,1866.740,0,794.870,0,15.054,2701,2483,1.630,1.570,1.470,1,0,3.011,0,0,35,319,0,8,1
17-08 11:11:17,24.283,6.759,66.340,0,0,5635992,186812,59604,2054108,9835.392,1622.209,0,7562.297,0,49.067,10541,19265,1.580,1.560,1.460,1,0,10.014,0,0,35,319,0,8,1
17-08 11:11:18,24.874,5.970,65.667,0.497,0,5638832,183812,59640,2054228,10860.883,1611.820,0,2471.458,0,316.394,10395,18458,1.580,1.560,1.460,1,0,8.955,0,0,35,319,0,8,1
17-08 11:11:19,22.002,6.750,70.755,0,0,5639192,183336,59644,2054340,11562.793,1620.111,0,176.012,0,2.000,2772,2380,1.580,1.560,1.460,3,0,15.001,0,0,35,319,0,8,1
17-08 11:11:20,23.738,4.248,70.214,0,0,5606756,222372,59672,2047720,11070.330,1619.171,0,323.834,0,14.992,2774,2499,1.580,1.560,1.460,2,0,5.997,0,0,35,319,0,8,1
17-08 11:11:21,24.127,5.278,68.861,0.754,0,5599296,229744,59672,2047808,8988.183,1465.694,88.464,0,2.011,0,3334,3045,1.580,1.560,1.460,5,0,65.343,0,0,35,319,0,8,1
17-08 11:11:22,24.470,5.244,67.916,0,0,5618972,210060,59672,2047816,8661.339,1618.009,11.985,7.990,2.996,1.998,7539,12198,1.540,1.550,1.460,3,0,49.939,2.996,0,35,319,0,9,1
17-08 11:11:23,25.415,4.983,67.525,0,0,5634784,194136,59740,2047856,9055.817,1614.618,15.947,4636.546,0.997,41.860,6785,10660,1.540,1.550,1.460,1,0,19.934,0,0,35,319,0,9,1
17-08 11:11:24,17.489,2.748,77.950,0.500,0,5648636,180200,59808,2047872,17290.934,4558.083,0,519.667,0,28.981,2551,2630,1.540,1.550,1.460,2,0,15.990,0,0,35,320,0,9,1
17-08 11:11:25,28.153,6.976,63.283,0.249,0,5642676,180676,59940,2053232,92845.531,3385859.188,0,801.252,0,21.925,5249,3611,1.540,1.550,1.460,2,0,54.812,0,0,35,320,0,8,1
17-08 11:11:26,31.533,10.761,54.557,0,0,5620868,201456,59940,2054252,54448.280,959610.518,0,4.004,0,1.001,12887,21124,1.540,1.550,1.460,2,0,117.123,0,0,35,320,0,8,1
17-08 11:11:27,31.106,12.543,53.180,0,0,5602572,219568,59972,2054400,26982.559,18886.085,4.014,88.300,1.003,1.003,12777,21536,1.810,1.600,1.480,2,0,164.558,0,0,35,319,0,8,1
17-08 11:11:28,22.497,6.499,69.240,0.250,0,5604756,217236,60008,2054512,10179.464,1619.756,15.998,763.885,1.000,13.998,3084,2862,1.810,1.600,1.480,2,0,15.998,0,0,35,319,0,8,1
17-08 11:11:29,23.735,4.247,70.704,0.999,0,5597332,231256,60036,2047888,8404.552,1457.055,19.987,227.852,1.999,10.993,2710,2521,1.810,1.600,1.480,2,0,5.996,0,0,35,319,0,6,1
17-08 11:11:30,19.767,4.504,69.060,4.754,0.250,5619152,204576,60112,2052672,8647.478,1621.402,2309.998,808.699,329.285,12.010,3127,3501,1.810,1.600,1.480,2,0,0,0,0,35,319,0,6,1
17-08 11:11:31,21.529,3.505,66.089,6.509,0,5617052,205216,60340,2053900,9294.529,1622.187,1025.382,1886.543,40.054,100.135,5025,6684,1.810,1.600,1.480,1,0,0,2.003,0,35,321,0,7,1
17-08 11:11:32,20.063,4.765,65.959,7.022,0,5611352,208964,60764,2055428,10534.335,1625.143,1500.749,1364.317,80.254,197.625,5898,8399,1.830,1.610,1.480,2,0,0,34.108,0,35,322,0,10,1
17-08 11:11:33,29.676,11.970,47.132,9.227,0,5588344,230060,61360,2056792,11906.186,1615.954,2086.775,69773.284,75.810,1455.356,7298,8831,1.830,1.610,1.480,1,0,78.803,19.950,0,35,321,0,10,1
17-08 11:11:34,14.499,21.249,61.998,0.500,0,5586012,232124,61492,2056928,12535.510,1783.930,507.980,95.996,13.999,6.000,6073,5126,1.830,1.610,1.480,1,0,341.987,15.999,0,35,321,0,10,1
17-08 11:11:35,12.972,17.213,67.105,1.746,0.499,5601008,217048,61492,2057008,10858.615,1616.519,15.966,155.665,3.991,1.996,5167,4321,1.830,1.610,1.480,2,0,245.471,0.998,0,35,321,0,10,1
17-08 11:11:36,25.041,3.756,69.113,0.250,0,5623812,222564,61544,2028636,11088.146,1622.656,0,1438.354,0,47.077,2830,2746,1.830,1.610,1.480,3,0,0,0,145.238,35,321,0,10,1
17-08 11:11:37,26.554,3.257,68.388,0,0.251,5630732,215548,61576,2028604,11041.287,3139.337,8.016,200.405,2.004,20.040,3489,3549,1.760,1.600,1.480,1,0,2.004,2.004,0,35,322,0,11,1
17-08 11:11:38,27.115,12.687,57.464,0.746,0,5577052,269036,61580,2028788,118912.216,4258533.970,159.206,35200.523,9.950,117.415,6540,4539,1.760,1.600,1.480,1,0,140.301,0,0,35,322,0,11,1
17-08 11:11:39,31.902,9.546,56.771,0.251,0,5609768,236176,61588,2028916,31656.006,113602.910,0,610.914,0,4.019,4819,4659,1.760,1.600,1.480,8,0,110.527,0,0,35,322,0,11,1
17-08 11:11:40,26.137,10.704,61.732,0,0,5594736,251196,61592,2028924,19117.155,11025.222,0,3.983,0,0.996,4816,4739,1.760,1.600,1.480,2,1,144.374,0,0,35,321,0,11,1
17-08 11:11:41,26.028,3.003,67.823,2.002,0,5643600,202288,61616,2028944,9611.324,1621.742,24.026,240.258,6.006,16.017,2693,2497,1.760,1.600,1.480,1,0,0,4.004,0,35,321,0,11,1
17-08 11:11:42,23.324,3.762,67.964,3.511,0.251,5638568,206604,61936,2029340,9163.885,1625.123,208.658,995.137,9.028,138.436,4633,5945,1.700,1.590,1.480,4,0,0,0,0,35,322,0,12,1
17-08 11:11:43,27.651,5.979,62.526,1.993,0.249,5604708,239648,62352,2029740,9416.244,1614.213,286.971,1502.613,15.943,186.332,6617,9068,1.700,1.590,1.480,3,0,34.875,0,0,35,321,0,12,1
17-08 11:11:44,24.275,3.504,69.821,0.250,0,5611060,233256,62392,2029740,8994.163,1621.652,0,2826.880,0,455.464,2948,2555,1.700,1.590,1.480,1,0,0,0,0,35,321,0,12,1
17-08 11:11:45,26.268,3.252,69.297,0.250,0,5634996,209116,62428,2029908,21280.308,1621.090,28.019,256.172,4.003,23.015,3088,2801,1.700,1.590,1.480,3,0,2.001,0,0,35,321,0,14,1
17-08 11:11:46,28.353,8.531,60.469,1.756,0,5578936,259304,62440,2035768,15113.765,1463.302,4841.543,112.407,108.393,7.025,3900,3598,1.700,1.590,1.480,1,0,41.149,1.004,0,35,321,0,15,1
17-08 11:11:47,34.572,6.715,57.703,0,0,5634740,202264,62440,2037004,10348.811,1611.716,1225.700,3.980,20.893,0.995,4168,11525,1.640,1.580,1.470,1,0,37.806,0,0,35,321,0,16,1
17-08 11:11:48,28.243,2.999,62.734,3.999,0,5646312,190316,62668,2037152,19275.058,1619.585,771.802,3575.083,15.996,208.946,3782,3997,1.640,1.580,1.470,1,0,1.000,0,0,35,321,0,16,1
17-08 11:11:49,23.862,7.535,67.818,0,0,5660228,176264,62676,2037280,13961.538,1627.640,0,56.264,0,7.033,3503,3395,1.640,1.580,1.470,2,0,42.198,0,0,35,321,0,16,1
17-08 11:11:50,30.506,4.751,60.263,4.001,0,5656816,179636,62704,2037304,14322.018,5904.244,156.033,4.001,24.005,1.000,3416,3208,1.640,1.580,1.470,2,1,19.004,0,0,35,322,0,15,1
17-08 11:11:51,36.227,6.996,37.477,17.239,0,5640740,219976,62984,2012428,19069.105,1618.990,3893.571,2930.172,234.853,160.900,6938,9209,1.640,1.580,1.470,2,0,5.996,0,365.772,35,323,0,17,1
17-08 11:11:52,30.133,10.210,50.554,6.973,0,5567384,291572,63052,2014112,123723.123,4275473.428,1386.611,418.374,49.806,54.787,7416,6214,1.830,1.620,1.490,1,0,78.694,0.996,0,35,322,0,18,1
17-08 11:11:53,33.658,11.052,52.497,0.502,0,5609104,249500,63076,2014436,40422.281,113396.795,60.284,112.530,6.028,13.061,5859,5815,1.830,1.620,1.490,1,0,158.747,0,0,35,322,0,18,1
17-08 11:11:54,30.681,8.730,57.869,0.998,0,5533520,324180,63208,2015208,30310.631,13662.184,710.398,2398.590,7.982,140.683,5182,5420,1.830,1.620,1.490,2,0,107.757,0,0,35,321,0,17,1
17-08 11:11:55,11.747,21.494,63.982,2.249,0,5540560,314180,63216,2018160,10970.927,1619.546,2927.180,91.974,24.993,6.998,6351,5441,1.830,1.620,1.490,2,0,354.901,0,0,35,321,0,17,1
17-08 11:11:56,11.266,19.778,67.094,0,0,5542984,311968,63232,2017932,11236.678,1622.263,0,92.129,0,10.014,6177,5471,1.830,1.620,1.490,2,0,312.436,0,0,35,321,0,17,1
17-08 11:11:57,11.013,21.025,64.076,1.251,0,5547836,305536,63248,2019496,9038.669,1621.914,1409.664,168.199,15.018,15.018,6157,5379,1.770,1.610,1.480,2,0,301.356,0,0,35,321,0,17,1
17-08 11:11:58,25.107,16.904,50.214,5.966,0,5556304,287252,63304,2029732,8245.117,1610.841,9832.094,218.756,125.288,22.870,7159,9132,1.770,1.610,1.480,2,1,206.824,0,0,35,321,0,17,1
17-08 11:11:59,30.421,19.610,30.924,17.850,0,5595956,241712,63516,2034880,10245.648,1629.167,5406.420,4947.840,127.719,833.691,6547,5617,1.770,1.610,1.480,4,2,271.528,0,0,35,321,0,17,1
17-08 11:12:00,33.708,23.221,23.720,18.227,0,5615640,236144,62284,2022032,10492.821,1617.968,9943.511,926.836,151.809,28.964,6822,6284,1.770,1.610,1.480,2,2,324.592,29.962,143.819,35,321,0,17,1
17-08 11:12:01,41.852,17.831,26.994,11.144,0,5688588,174852,61032,2011756,10282.323,1822.685,14720.166,2210.997,871.719,39.624,7987,11696,1.770,1.610,1.480,6,0,192.174,947.995,363.546,35,321,1,17,1
17-08 11:12:02,74.196,22.636,1.258,1.761,0,5810320,184988,54780,1884776,9880.400,1704.246,36563.818,9529.289,4130.834,246.482,10985,15642,2.110,1.680,1.510,7,0,213.282,6529.253,1280.699,35,325,1,18,1
17-08 11:12:03,53.402,24.069,17.801,3.009,0,5856052,173584,55280,1850000,8881.285,1536.374,10449.750,4256.117,112.320,265.757,10421,14147,2.110,1.680,1.510,8,0,318.908,4.011,380.082,35,328,1,18,1
17-08 11:12:04,61.505,22.752,10.501,4.250,0,5885520,200880,53384,1795372,14507.181,5977.487,7512.612,8256.672,124.010,276.022,11101,17299,2.110,1.680,1.510,4,1,253.021,32.003,570.046,35,328,1,18,1
17-08 11:12:05,53.715,21.236,14.990,8.994,0,5923480,173684,54104,1783456,114724.599,4304742.280,11452.573,2526.362,280.818,95.938,9810,9358,2.110,1.680,1.510,6,1,214.861,29.981,174.887,35,330,1,18,1
17-08 11:12:06,57.867,31.063,8.016,1.503,0,5946636,184400,54496,1749104,37158.045,161857.892,10641.492,3210.484,144.291,164.332,9852,12702,2.110,1.680,1.510,4,1,449.909,5.010,379.767,35,331,1,18,1
17-08 11:12:07,68.947,24.481,4.746,2.248,0.250,6004460,205668,55096,1669656,33935.922,395441.125,9828.447,4692.394,704.459,152.883,9720,13040,2.340,1.740,1.530,3,2,275.788,978.248,759.416,35,330,1,21,1
17-08 11:12:08,57.478,15.494,7.247,18.243,0,6029640,211592,52884,1641736,17312.436,4738.203,25802.216,2483.058,1742.339,53.980,7604,8695,2.340,1.740,1.530,3,3,32.987,1336.493,332.874,35,332,1,21,1
17-08 11:12:09,34.875,16.939,29.395,17.437,0,6049064,199672,53676,1633440,18550.476,3050.062,11582.464,1127.955,1007.387,36.868,6382,6852,2.340,1.740,1.530,4,0,41.850,33.879,66.761,35,333,1,21,1
17-08 11:12:10,37.702,11.813,29.659,19.605,0.251,6085136,191332,54264,1606032,36661.312,3980.314,12060.581,1311.020,261.400,26.140,5191,5498,2.340,1.740,1.530,2,1,19.102,17.092,192.028,35,335,1,20,1
17-08 11:12:11,30.074,6.711,51.945,9.693,0,6080244,200696,54376,1601448,134788.161,7883.744,15194.848,4044.271,405.620,208.775,5069,5525,2.340,1.740,1.530,1,1,21.872,10.936,110.353,35,336,1,20,1
17-08 11:12:12,49.533,12.320,32.435,5.280,0,5899412,397988,54796,1584672,13659.962,2219.668,1255.164,2079.871,87.499,18.103,5344,4429,2.390,1.760,1.540,1,0,38.218,25.144,81.465,35,324,1,23,1
17-08 11:12:13,25.468,5.243,52.434,14.981,0,5792868,498308,55036,1590392,12794.851,1617.958,6483.817,2193.232,177.776,142.820,4664,5433,2.390,1.760,1.540,1,0,18.976,114.855,0,35,320,1,23,1
17-08 11:12:14,6.496,1.749,88.701,0.500,0.250,5777880,509116,55092,1594516,11072.941,2058.873,4189.707,399.781,36.980,23.987,2652,3371,2.390,1.760,1.540,1,0,0,1.999,0,35,320,1,23,1
17-08 11:12:15,5.485,1.995,87.266,2.493,0,5774908,507280,55144,1599272,9567.357,1705.429,4727.330,10168.746,46.874,1021.263,2938,3517,2.390,1.760,1.540,0,0,0.997,0.997,0,35,320,1,23,1
17-08 11:12:16,9.249,4.000,82.993,1.750,0,5806820,465748,55160,1608876,10698.061,1619.858,9731.146,143.987,76.993,8.999,2611,2902,2.390,1.760,1.540,0,0,1.000,1.000,0,35,320,1,23,1
17-08 11:12:17,23.037,5.008,68.860,1.002,0,5684240,585008,55252,1612100,8777.048,1622.597,3161.059,669.071,27.043,54.087,3626,3603,2.280,1.750,1.530,1,0,3.005,1.002,0,35,317,1,23,1
17-08 11:12:18,31.248,8.999,57.996,0.250,0,5697596,570816,55268,1612972,122267.189,4376970.578,915.934,67.995,22.998,10.999,6558,4644,2.280,1.750,1.530,8,0,55.996,31.998,0,35,320,1,23,1
17-08 11:12:19,29.761,15.256,51.270,2.001,0,5695432,571328,55356,1614532,31314.016,250189.005,1664.639,500.192,17.007,47.018,5673,6077,2.280,1.750,1.530,1,0,157.060,8.003,0,35,320,1,23,1
17-08 11:12:20,28.863,12.441,55.238,1.742,0,5693052,567820,55356,1620420,34099.096,373621.030,5919.892,1421.252,60.712,271.710,5120,4605,2.280,1.750,1.530,1,0,102.513,0,0,35,319,1,23,1
17-08 11:12:21,23.997,7.249,66.993,0,0,5693040,558896,55364,1629348,16091.234,1457.840,8999.012,71.992,70.992,4.999,3152,2816,2.280,1.750,1.530,2,0,0,0,0,35,319,1,23,1
17-08 11:12:22,25.334,7.274,65.717,0.502,0,5693592,549872,55364,1637820,9789.304,1625.364,8447.877,92.305,85.281,5.017,3156,2808,2.180,1.730,1.530,1,0,0,6.020,0,35,319,1,23,1
17-08 11:12:23,24.194,7.732,65.846,0.249,0,5693480,546272,55412,1641484,8505.142,1616.226,3854.999,223.478,34.918,22.946,3283,3197,2.180,1.730,1.530,2,0,0,0,0,35,319,1,23,1
17-08 11:12:24,24.511,7.503,66.029,1.000,0,5693604,540112,55452,1647480,11031.806,1620.706,5742.502,112.049,48.021,15.007,3188,3048,2.180,1.730,1.530,5,0,0,0,0,35,319,1,23,1
17-08 11:12:25,24.023,8.008,66.313,0.250,0,5693568,530352,55500,1657228,8969.473,1711.617,9865.320,172.163,77.073,20.019,3127,2760,2.180,1.730,1.530,1,0,0,0,0,35,319,1,23,1
17-08 11:12:26,24.458,7.238,67.135,0,0,5694076,520748,55500,1666324,8781.974,1617.233,9148.347,3.993,74.872,0.998,3022,2603,2.180,1.730,1.530,1,0,0,0.998,0,35,319,1,23,1
17-08 11:12:27,22.594,7.029,69.790,0.251,0,5693572,514216,55524,1673336,9156.108,1626.771,7105.573,309.287,58.242,19.079,2870,2701,2.080,1.720,1.530,1,0,0,0,0,35,319,1,23,1
17-08 11:12:28,23.261,6.253,69.284,0.250,0,5694000,505232,55564,1681852,11030.357,1620.787,8452.105,108.052,76.037,17.008,3029,3132,2.080,1.720,1.530,2,0,1.000,0,0,35,319,1,23,1
17-08 11:12:29,22.614,7.455,66.847,0.746,0,5695068,494484,55580,1691516,9076.310,1610.297,9673.710,170.970,76.539,10.934,2945,2616,2.080,1.720,1.530,2,0,0,0.994,0,35,319,1,23,1
17-08 11:12:30,26.472,9.832,62.776,0,0,5700300,479600,55648,1701112,15466.690,6802.036,9733.618,197.657,77.651,29.245,3994,3986,2.080,1.720,1.530,2,0,50.423,1.008,0,35,320,1,23,1
17-08 11:12:31,28.081,11.928,56.908,0.249,0,5699728,474044,55664,1707216,122719.632,4351400.350,5964.164,103.379,48.707,7.952,6548,4635,2.080,1.720,1.530,4,0,55.666,0,0,35,320,1,23,1
17-08 11:12:32,32.595,14.542,52.402,0,0,5705044,463004,55672,1712936,35685.463,605878.629,5704.539,48.140,47.137,4.012,5770,5380,2,1.710,1.520,3,0,157.457,0,0,35,320,1,23,1
17-08 11:12:33,35.858,15.439,46.566,0,0,5725044,435980,55756,1719868,15535.529,14754.619,7761.290,3008.098,62.752,577.714,5774,4766,2,1.710,1.520,5,0,62.752,0,0,35,319,1,23,1
17-08 11:12:34,28.559,9.520,58.370,2.255,0,5710612,441464,55812,1728764,11112.936,1717.545,9202.994,1479.053,76.157,146.302,3730,3460,2,1.710,1.520,2,0,3.006,0,0,35,319,1,23,1
17-08 11:12:35,24.471,6.992,65.422,1.498,0,5711112,436868,55828,1732844,10171.893,1618.074,3967.278,103.876,34.958,8.989,2997,2642,2,1.710,1.520,2,0,0,0.999,0,35,319,1,19,1
17-08 11:12:36,25.272,6.756,66.558,0.250,0,5710416,433392,55844,1737000,9633.448,1711.501,4219.700,128.112,33.029,8.007,3023,2610,2,1.710,1.520,3,0,0,0,0,35,319,1,19,1
17-08 11:12:37,24.271,7.757,66.308,0,0,5711664,425412,55868,1743708,8734.704,1695.495,6918.102,216.191,60.053,14.012,3103,2835,1.920,1.700,1.520,3,0,0,3.003,0,35,319,1,20,1
17-08 11:12:38,24.469,7.490,66.665,0,0,5710684,417088,55892,1752988,12888.560,1617.936,9076.423,111.857,74.904,11.985,3150,2723,1.920,1.700,1.520,2,0,0.999,0,0,35,319,1,20,1
17-08 11:12:39,23.765,7.755,66.541,0.750,0,5710772,407344,55900,1762636,7969.890,1620.995,9725.968,16.010,78.048,4.002,3002,2595,1.920,1.700,1.520,2,0,0,0,0,35,319,1,17,1
17-08 11:12:40,24.259,8.253,66.274,0,0,5711128,397276,55940,1772308,9544.466,1458.530,9747.540,184.067,77.028,16.006,3165,2760,1.920,1.700,1.520,1,0,0,4.001,0,35,319,1,17,1
17-08 11:12:41,25.232,7.495,64.204,1.749,0,5711080,389036,55996,1780540,9201.362,1618.832,8190.092,263.810,72.947,25.981,3321,3081,1.920,1.700,1.520,4,0,0,7.994,0,35,319,1,17,1
17-08 11:12:42,24.506,7.002,66.767,0.250,0,5710512,389652,56012,1780476,10190.553,1620.406,4.001,212.053,1.000,12.003,2987,2649,1.840,1.690,1.520,3,0,0,1.000,0,35,319,1,17,1
17-08 11:12:43,28.748,9.999,60.496,0,0.500,5723688,376324,56092,1780556,88949.161,3269318.392,0,327.978,0,34.998,5607,4393,1.840,1.690,1.520,1,0,51.997,0,0,35,320,1,16,1
17-08 11:12:44,30.108,13.298,54.948,0,0,5704160,394928,56148,1781420,55809.689,1208562.933,0,1947.001,0,44.159,5604,5389,1.840,1.690,1.520,2,0,107.386,0,0,35,320,1,16,1
17-08 11:12:45,31.806,14.526,51.591,1.503,0,5706068,392852,56200,1781556,47131.399,518357.236,8.014,424.752,2.004,30.053,5817,5762,1.840,1.690,1.520,2,0,154.273,0,0,35,320,1,16,1
17-08 11:12:46,26.249,8.915,61.907,0.248,0,5737616,354308,56216,1788528,14435.725,5299.240,7099.991,1137.108,59.431,223.856,3526,3077,1.840,1.690,1.520,2,0,2.972,0.991,0,35,319,1,16,1
17-08 11:12:47,30.880,10.042,57.742,0.251,0,5718384,373064,56240,1788980,9688.651,1626.826,373.567,369.551,9.038,20.084,4166,10620,1.850,1.690,1.520,4,0,38.160,0,0,35,319,1,14,1
17-08 11:12:48,24.888,7.217,66.202,0,0,5718516,363080,56256,1798816,19748.061,2707.805,9684.385,43.803,75.659,5.973,3278,2926,1.850,1.690,1.520,4,0,1.991,0,0,35,319,1,14,1
17-08 11:12:49,24.617,7.033,67.571,0,0,5716544,355364,56264,1808496,20970.708,1464.965,9903.086,28.134,77.368,4.019,3143,2687,1.850,1.690,1.520,2,0,0,0,0,35,319,1,14,1
17-08 11:12:50,24.328,7.273,66.965,0.251,0,5716156,349508,56264,1814740,10955.157,1709.486,6320.283,16.052,64.206,4.013,2996,2634,1.850,1.690,1.520,1,0,0,0,0,35,319,1,14,1
17-08 11:12:51,25.660,6.976,64.274,1.993,0,5717116,338716,56328,1824508,19221.515,1614.332,9729.839,2192.303,78.724,411.555,3692,3291,1.850,1.690,1.520,1,0,0.997,0,0,35,319,1,11,1
17-08 11:12:52,28.351,8.029,61.971,0.251,0,5718860,327312,56380,1834116,18617.273,1625.787,9425.553,349.243,77.275,28.100,4102,4260,1.870,1.700,1.520,2,0,6.021,1.004,0,35,319,1,14,1
17-08 11:12:53,24.737,6.497,66.216,0.999,0,5719124,318608,56428,1842508,9070.345,1619.169,8587.593,123.936,70.964,17.991,3243,3057,1.870,1.700,1.520,2,0,0,0,0,35,319,1,14,1
17-08 11:12:54,26.788,7.937,62.506,0.248,0,5755336,272552,56468,1852312,9220.113,1607.294,9651.701,230.180,75.404,19.843,3782,3797,1.870,1.700,1.520,1,0,0.992,0,0,35,319,1,14,1
17-08 11:12:55,24.331,8.027,66.972,0.251,0,5755292,263436,56500,1861440,9718.253,1625.394,9046.022,148.493,73.243,14.047,3073,2700,1.870,1.700,1.520,3,0,0,0,0,35,319,1,13,1
17-08 11:12:56,30.572,10.525,47.361,10.775,0,5763212,244752,56552,1872164,41164.366,5995.034,10885.483,48.113,161.378,8.019,4104,3316,1.870,1.700,1.520,2,0,19.045,0,0,35,320,1,13,1
17-08 11:12:57,31.625,11.455,46.815,8.218,0,5767956,228100,56652,1883968,75040.056,2049975.291,11932.939,219.136,255.990,16.933,5373,3953,2.040,1.740,1.540,3,0,41.835,0,0,35,320,1,13,1
17-08 11:12:58,30.980,13.349,54.907,0.504,0,5750736,239964,56700,1889272,84074.208,2437436.741,5379.879,153.135,51.381,20.149,6204,5335,2.040,1.740,1.540,1,0,108.807,1.007,0,35,320,1,13,1
17-08 11:12:59,30.008,13.253,54.514,0,0,5751788,228944,56820,1899116,39303.331,516403.740,9858.591,2248.591,77.020,111.029,5561,5482,2.040,1.740,1.540,4,0,108.028,0,0,35,320,1,13,1
17-08 11:13:00,26.362,9.202,63.169,0.746,0,5747692,223560,56868,1908548,21817.773,5131.136,9366.959,206.917,77.594,21.885,3932,3635,2.040,1.740,1.540,1,0,47.750,0,0,35,319,1,13,1
17-08 11:13:01,24.749,7.500,65.747,0.250,0,5739092,222444,56876,1918252,19203.256,1619.937,9855.618,35.999,76.997,3.000,3388,3005,2.040,1.740,1.540,1,0,1.000,0,0,35,319,0,13,1
17-08 11:13:02,24.527,7.759,65.824,0.250,0,5738888,213044,56940,1927792,10459.709,1621.816,9386.508,256.287,76.085,29.033,3452,3435,2.030,1.740,1.540,1,0,0,0,0,35,319,0,13,1
17-08 11:13:03,24.748,7.499,65.744,0,0,5738372,203880,56988,1937424,9942.097,1619.853,9727.117,279.975,75.993,23.998,3331,3075,2.030,1.740,1.540,1,0,0,0,0,35,319,0,12,1
17-08 11:13:04,24.743,8.748,65.232,0,0,5738668,193864,57012,1947120,10025.247,1619.555,9725.329,83.977,75.979,8.998,3376,3038,2.030,1.740,1.540,1,0,5.998,0,0,35,319,0,12,1
17-08 11:13:05,24.498,7.249,67.245,0,0,5739620,183232,57028,1956784,9510.324,1619.885,9727.308,343.976,75.995,57.996,3014,2642,2.030,1.740,1.540,3,0,0,0,0,35,319,0,12,1
17-08 11:13:06,23.750,8.250,66.501,0,0,5738496,174436,57028,1966704,9078.173,1620.031,9856.187,2524.048,77.001,521.010,3310,2766,2.030,1.740,1.540,2,0,0,0,0,35,319,0,12,1
17-08 11:13:07,24.515,8.505,64.039,2.001,0,5736200,199896,55304,1945512,8739.368,1620.996,10086.196,908.558,181.111,29.018,3386,3386,1.950,1.730,1.540,2,0,0,112.069,109.067,35,319,0,13,1
17-08 11:13:08,23.991,7.997,66.224,0,0,5735884,192396,55328,1953304,9925.108,1457.428,7828.930,123.951,66.974,10.996,3155,2796,1.950,1.730,1.540,1,0,1.000,1.000,0,35,319,0,10,1
17-08 11:13:09,24.222,7.242,66.923,0,0,5737380,181148,55328,1963056,9606.953,1618.139,9844.680,0,76.912,0,3050,2601,1.950,1.730,1.540,2,0,0,0,0,35,319,0,10,1
17-08 11:13:10,28.124,12.555,58.256,0.502,0,5740540,208920,54616,1932952,125685.965,4385851.884,6580.953,373.644,61.270,8.035,6235,4133,1.950,1.730,1.540,1,0,54.239,0,81.358,35,320,0,10,1
17-08 11:13:11,30.030,14.264,53.553,0,0,5734328,210140,54632,1937924,37092.705,250037.425,4920.869,92.091,53.052,7.007,5563,5527,1.950,1.730,1.540,2,0,157.156,4.004,0,35,320,0,10,1
17-08 11:13:12,28.941,11.976,57.133,0,0,5731940,206068,54648,1944368,31183.380,375184.547,6371.002,79.837,52.892,6.986,4878,4788,2.040,1.750,1.550,1,0,103.788,1.996,0,35,319,0,9,1
17-08 11:13:13,25.021,7.756,65.804,0.500,0.250,5733100,204952,54752,1944220,8340.852,1621.332,16.013,304.250,1.001,44.036,3361,3607,2.040,1.750,1.550,2,0,1.001,0,0,35,319,0,9,1
17-08 11:13:14,25.000,6.750,65.999,0.500,0,5733380,200720,54904,1948020,8739.843,1619.971,3875.930,863.984,46.999,75.999,3581,3877,2.040,1.750,1.550,1,0,0,0,0,35,319,0,9,1
17-08 11:13:15,24.176,6.979,64.055,2.742,0,5733272,196124,54960,1952668,10212.860,1453.568,4597.980,247.246,91.720,25.921,3234,3148,2.040,1.750,1.550,1,0,0,0,0,35,319,0,9,1
17-08 11:13:16,28.206,8.986,61.905,0,0,5745120,206680,53392,1931832,11149.800,1617.505,8802.421,547.156,176.727,9.985,3422,2818,2.040,1.750,1.550,1,0,0.998,0,110.829,35,319,0,7,1
17-08 11:13:17,21.787,7.012,67.366,2.003,0,5688024,254668,53428,1941008,10477.981,1622.785,9624.516,352.605,162.278,19.033,3236,3009,1.950,1.740,1.540,2,0,2.003,2.003,0,35,317,0,7,1
17-08 11:13:18,21.476,4.245,66.676,6.493,0,5710200,228124,53620,1945184,9802.164,1618.211,4271.278,31.965,213.764,3.996,3209,3248,1.950,1.740,1.540,0,1,0.999,0.999,0,35,317,0,7,1
17-08 11:13:19,18.538,2.255,67.889,9.019,0,5734588,195100,53700,1953740,9133.743,1623.331,8665.783,12.025,236.485,1.002,2936,3082,1.950,1.740,1.540,2,0,0,0,0,35,317,0,7,1
17-08 11:13:20,16.724,4.243,65.897,11.232,0,5753852,227208,52296,1903808,8705.357,1617.465,11865.405,1597.496,302.526,7.987,2972,3088,1.950,1.740,1.540,1,0,0,0,394.382,35,317,0,7,1
17-08 11:13:21,20.854,3.015,67.086,8.291,0,5768700,203768,52368,1912328,8662.323,1628.143,8812.072,0,341.709,0,3302,3345,1.950,1.740,1.540,1,0,0,24.121,0,35,319,0,7,1
17-08 11:13:22,17.978,3.496,75.659,0.749,0,5678724,284412,52368,1921664,14234.802,5907.862,9392.652,2576.887,119.855,538.350,3378,3169,1.880,1.720,1.540,1,0,11.986,15.981,0,35,318,0,8,1
17-08 11:13:23,10.996,8.247,76.969,0.250,0,5669004,284064,52424,1931672,120727.501,4369680.599,9896.025,267.892,95.961,19.992,6249,4933,1.880,1.720,1.540,0,0,95.961,0,0,35,318,0,8,1
17-08 11:13:24,13.459,9.970,73.775,0.249,0,5672104,271296,52496,1941280,30271.633,247738.088,8617.705,346.941,83.744,34.894,5493,5635,1.880,1.720,1.540,1,0,153.532,0,0,35,318,0,7,1
17-08 11:13:25,9.760,6.006,82.589,0,0,5668256,265468,52512,1950928,28852.936,373091.032,9602.296,44.047,100.107,6.006,3781,3871,1.880,1.720,1.540,0,0,55.059,0,0,35,317,0,7,1
17-08 11:13:26,5.249,2.000,90.733,0.250,0,5668652,255488,52512,1960512,9095.322,1619.701,9646.220,7.999,115.979,1.000,2074,2503,1.880,1.720,1.540,0,0,0,1.000,0,35,317,0,7,1
17-08 11:13:27,6.516,2.757,88.969,0,0,5699876,223116,52536,1961636,9090.396,1624.001,2161.325,292.721,25.062,19.047,2112,2614,1.720,1.690,1.530,1,0,0,0,0,35,317,0,7,1
17-08 11:13:28,4.988,1.247,91.521,0.249,0,5708464,214552,52580,1961568,10542.661,1615.963,0,131.671,0,18.953,1922,2581,1.720,1.690,1.530,0,0,0.998,0,0,35,317,0,7,1
17-08 11:13:29,2.744,0.998,94.291,0,0,5703072,219928,52596,1961568,8856.363,1616.416,0,171.619,0,10.976,1472,2079,1.720,1.690,1.530,0,0,0,0,0,35,317,0,7,1
17-08 11:13:30,4.253,0.751,93.821,0.250,0,5698260,224700,52636,1961568,9297.062,1621.232,0,104.079,0,16.012,1740,2470,1.720,1.690,1.530,0,0,0,0,0,35,317,0,7,1
17-08 11:13:31,2.752,1.251,94.564,0,0,5694348,228612,52636,1961568,9883.723,1621.103,0,0,0,0,1563,2140,1.720,1.690,1.530,0,0,0,0,0,35,317,0,7,1
17-08 11:13:32,3.997,0.749,93.673,0,0,5690764,232088,52652,1961664,8871.679,1526.740,95.921,175.855,5.995,11.990,1772,2434,1.590,1.670,1.520,0,0,0,0,0,35,317,0,7,1
17-08 11:13:33,14.724,5.990,77.614,0.250,0,5707676,215108,52708,1961676,10108.320,1617.172,766.659,203.644,5.990,22.960,2954,2984,1.590,1.670,1.520,0,0,8.984,0,0,35,317,0,7,1
17-08 11:13:34,8.274,2.758,86.998,0,0,5704716,218020,52748,1961684,8685.763,1718.901,256.732,240.686,2.006,21.060,2352,2802,1.590,1.670,1.520,1,0,3.009,0,0,35,317,0,7,1
17-08 11:13:35,6.267,5.264,83.980,3.510,0,5694572,227428,52884,1962296,14583.986,6063.625,697.914,216.594,16.044,43.118,2735,2984,1.590,1.670,1.520,2,0,73.201,0,0,35,318,0,7,1
17-08 11:13:36,8.972,6.729,81.742,0,0,5672596,249404,52884,1962284,119055.758,4362427.773,0,0,0,0,5443,3956,1.590,1.670,1.520,0,0,55.824,0,0,35,318,0,7,1
17-08 11:13:37,11.259,9.508,76.814,0,0,5669692,252272,52908,1962304,29838.751,248526.147,4.003,292.242,1.001,19.016,4898,4949,1.940,1.740,1.550,1,0,154.128,0,0,35,318,0,8,1
17-08 11:13:38,8.006,4.504,86.068,0,0,5662100,259840,52932,1962296,27557.721,373087.073,0,104.082,0,11.009,3321,3530,1.940,1.740,1.550,0,0,56.044,0,0,35,317,0,8,1
17-08 11:13:39,2.995,0.749,94.830,0,0,5662324,259616,52932,1962296,10669.859,1455.389,0,0,0,0,1468,2085,1.940,1.740,1.550,0,0,0,0,0,35,317,0,8,1
17-08 11:13:40,3.498,0.749,94.185,0,0,5662548,259376,52948,1962296,9574.434,1618.890,0,51.964,0,6.995,1565,2160,1.940,1.740,1.550,0,0,0,0,0,35,317,0,7,1
17-08 11:13:41,3.501,1.250,93.781,0,0,5663032,258884,52948,1962304,8564.874,1620.544,0,4.001,0,1.000,1603,2138,1.940,1.740,1.550,0,0,0,0,0,35,317,0,7,1
17-08 11:13:42,3.247,0.999,94.168,0,0,5663272,258644,52948,1962304,9150.012,1618.587,0,3.997,0,0.999,1591,2126,1.780,1.710,1.540,0,0,0,0,0,35,317,0,7,1
17-08 11:13:43,4.775,1.508,91.982,1.005,0,5663204,258644,53012,1962308,8751.863,1628.534,16.084,201.054,1.005,24.126,2012,2752,1.780,1.710,1.540,0,0,0,0,0,35,317,0,7,1
17-08 11:13:44,2.739,1.245,94.113,0.249,0,5663156,258644,53064,1962304,9546.698,1613.358,0,410.311,0,31.869,1758,2611,1.780,1.710,1.540,0,0,0,0,0,35,317,0,7,1
17-08 11:13:45,3.749,1.000,92.477,0.500,0,5663316,258392,53104,1962356,21293.782,2707.337,19.995,115.972,2.000,15.996,1941,2596,1.780,1.710,1.540,0,0,0,0,0,35,317,0,7,1
17-08 11:13:46,3.770,2.262,93.486,0,0.251,5686736,234956,53112,1962364,19866.173,1628.457,0,32.167,0,4.021,1778,2230,1.780,1.710,1.540,1,0,0,0,0,35,317,0,7,1
17-08 11:13:47,6.237,2.245,89.310,0.249,0,5693968,227680,53152,1962540,9001.855,1616.562,0,447.049,0,28.938,2090,2602,1.640,1.680,1.530,1,0,15.966,0,0,35,317,0,7,1
17-08 11:13:48,11.943,5.474,80.119,0,0,5695312,226328,53160,1962376,67437.174,1858712.338,0,27.867,0,3.981,4605,9114,1.640,1.680,1.530,1,0,74.645,0,0,35,318,0,7,1
17-08 11:13:49,9.765,7.762,80.878,0,0,5672204,249432,53160,1962380,93635.355,2608074.207,0,0,0,0,5188,4181,1.640,1.680,1.530,2,0,105.167,0,0,35,318,0,7,1
17-08 11:13:50,11.018,7.763,79.632,0,0,5669056,252572,53160,1962376,37694.475,529055.859,0,52.086,0,2.003,4483,4318,1.640,1.680,1.530,0,0,108.179,0,0,35,318,0,7,1
17-08 11:13:51,4.994,3.496,89.887,0,0,5666312,255312,53160,1962384,24136.774,6334.068,0,0,0,0,2774,3232,1.640,1.680,1.530,0,0,49.937,0,0,35,317,0,7,1
17-08 11:13:52,35.162,8.539,51.487,3.767,0,5765572,171364,48732,1951988,15128.696,1627.498,1133.221,12.056,79.366,2.009,3895,3367,1.510,1.650,1.520,5,1,15.069,1.005,59.273,35,317,0,8,1
17-08 11:13:53,86.133,9.487,0.250,4.244,0,5903268,177768,45440,1811188,9187.564,1617.810,1917.405,9043.759,166.774,884.802,6163,4074,1.510,1.650,1.520,3,2,0,0,896.786,35,317,0,5,1
17-08 11:13:54,63.595,7.453,1.242,26.084,0,5988336,187712,45148,1716488,10216.896,1609.742,6335.628,1403.059,158.987,48.690,6098,6210,1.510,1.650,1.520,5,0,5.962,0,250.404,35,317,0,8,1
17-08 11:13:55,89.578,8.531,0,2.509,0,6107856,173644,45480,1610756,10002.672,1625.961,2958.848,4460.353,176.648,181.666,6250,6140,1.510,1.650,1.520,8,0,1.004,0,317.163,35,317,0,8,1
17-08 11:13:56,79.132,5.760,10.518,3.756,0,6193112,180792,45144,1518692,16254.109,3832.392,1482.473,1266.112,147.246,49.082,5882,5315,1.510,1.650,1.520,3,0,0,97.162,198.331,35,327,0,8,1
17-08 11:13:57,26.938,2.245,68.592,0.499,0,6207408,191124,45100,1494108,47667.205,11045.558,818.116,534.768,76.823,24.943,3381,3712,1.710,1.690,1.540,0,0,1.995,3.991,76.823,35,328,0,8,1
17-08 11:13:58,4.253,1.751,92.555,0,0,6207624,190872,45132,1494112,11899.091,1620.966,0,84.050,0,12.007,1980,2836,1.710,1.690,1.540,0,0,1.001,0,0,35,328,0,8,1
17-08 11:13:59,3.749,0.750,93.473,0,0,6207584,190872,45172,1494112,11179.804,1619.537,0,443.873,0,30.991,1752,2446,1.710,1.690,1.540,0,0,0,0,0,35,328,0,8,1
17-08 11:14:00,4.249,1.000,92.472,0.250,0,6207536,190872,45220,1494112,11812.467,1619.516,0,127.962,0,18.994,2096,2932,1.710,1.690,1.540,0,0,0,0,0,35,328,0,8,1
17-08 11:14:01,9.006,3.502,77.801,9.006,0,6219760,177808,45248,1494936,14143.299,5972.927,836.550,0,51.034,0,2536,2814,1.710,1.690,1.540,1,0,19.013,0,0,35,329,0,8,1
17-08 11:14:02,15.261,2.752,69.048,12.008,0.500,6220588,198584,45308,1473272,8744.076,1621.127,3062.128,676.470,213.148,22.015,2873,3191,1.650,1.680,1.530,2,1,2.001,0,96.067,35,329,0,8,1
17-08 11:14:03,9.281,7.525,79.266,0.753,0,6209892,208944,45336,1473568,121142.591,4395564.821,176.593,140.471,11.037,16.054,5866,4684,1.650,1.680,1.530,1,0,95.320,0,0,35,329,0,8,1
17-08 11:14:04,15.235,11.488,71.678,0.250,0,6217184,211824,45244,1463496,33988.643,453943.141,0,359.636,0,24.975,5108,4988,1.650,1.680,1.530,1,0,131.867,0,0,35,329,0,8,1
17-08 11:14:05,8.218,5.727,82.924,0,0,6207140,221848,45260,1463492,28140.371,490674.008,0,55.781,0,6.973,3812,3990,1.650,1.680,1.530,0,0,83.671,0,0,35,328,0,8,1
17-08 11:14:06,8.239,1.248,88.384,0,0,6209156,219832,45340,1463412,10240.536,1617.873,131.827,251.669,5.992,33.955,2345,3109,1.650,1.680,1.530,0,0,0,32.957,0,35,332,0,8,1
17-08 11:14:07,10.248,1.500,85.235,1.750,0,6212900,215828,45416,1463596,15716.224,1619.714,391.931,471.917,19.996,39.993,2708,3289,1.760,1.700,1.540,0,0,2.000,73.987,0,35,336,0,9,1
17-08 11:14:08,4.281,1.511,92.929,0.252,0,6211148,217580,45432,1463580,14634.982,1631.929,0,8385.297,0,950.951,2476,2574,1.760,1.700,1.540,3,0,1.007,0,0,35,336,0,9,1
17-08 11:14:09,5.963,1.988,89.201,0.248,0,6251356,177348,45440,1463596,8565.331,1610.099,15.902,31.804,0.994,3.976,2020,2607,1.760,1.700,1.540,0,0,0,3.976,0,35,336,0,8,1
17-08 11:14:10,4.751,1.250,93.274,0.250,0,6251832,176856,45456,1463596,8547.212,1620.419,24.006,732.190,2.001,9.002,1809,2441,1.760,1.700,1.540,0,0,0,6.002,0,35,336,0,8,1
17-08 11:14:11,4.001,1.000,93.016,0,0,6252068,176616,45456,1463600,9073.564,1620.279,4.001,4.001,1.000,1.000,1713,2335,1.760,1.700,1.540,0,0,0,1.000,0,35,336,0,8,1
17-08 11:14:12,5.510,3.256,85.661,4.008,0,6256800,171596,45684,1463660,14432.120,1623.050,496.934,4.008,31.058,1.002,2451,2751,1.620,1.670,1.530,2,0,33.062,8.015,0,35,336,0,8,1
17-08 11:14:13,11.020,20.787,62.613,4.258,0,6264328,180952,45696,1446764,16374.438,1460.626,52.094,512.922,7.013,28.050,7238,6650,1.620,1.670,1.530,2,0,524.944,13.023,64.115,35,336,0,8,1
17-08 11:14:14,10.243,19.486,68.451,0,0,6266316,185792,44800,1440832,9855.971,1618.845,3.997,439.686,0.999,19.986,7047,6620,1.620,1.670,1.530,1,0,504.640,0.999,31.977,35,336,0,8,1
17-08 11:14:15,11.265,21.779,63.834,2.003,0,6250408,208748,44144,1434452,32124.488,732253.476,76.101,132.175,6.008,18.024,7832,7644,1.620,1.670,1.530,2,0,589.780,0,30.040,35,337,0,8,1
17-08 11:14:16,15.774,25.039,54.084,2.253,0,6256256,202884,44212,1434484,112681.461,3832147.172,272.422,396.614,22.034,30.047,10032,9108,1.620,1.670,1.530,2,0,682.056,4.006,0,35,337,0,8,1
17-08 11:14:17,35.271,15.400,45.704,2.484,0,6312980,175532,44244,1405604,42788.676,765793.699,5671.243,1088.942,129.163,46.697,6650,6643,1.730,1.700,1.540,4,0,178.841,2.981,127.176,35,337,0,8,1
17-08 11:14:18,28.776,7.006,62.806,0,0,6337692,188248,44244,1368760,12127.904,7947.145,7758.976,768.691,77.069,6.005,3972,3988,1.730,1.700,1.540,1,0,50.045,0,192.173,35,336,0,8,1
17-08 11:14:19,28.663,2.991,63.307,2.742,0,6352824,179504,44244,1362512,9129.179,1615.078,705.849,3.988,12.961,0.997,3441,3286,1.730,1.700,1.540,3,0,0.997,0,0,35,339,0,8,1
17-08 11:14:20,37.716,4.777,53.305,3.520,0,6284756,257528,44320,1352724,9928.781,1629.318,8931.075,579.313,105.604,32.184,4329,4070,1.730,1.700,1.540,3,0,25.144,29.167,65.374,35,340,0,8,1
17-08 11:14:21,46.624,7.230,44.380,0.249,0,6130864,400576,44336,1363436,9174.175,1454.065,9980.992,123.665,88.760,8.976,4173,3142,1.730,1.700,1.540,3,0,4.987,23.935,0,35,338,0,9,1
17-08 11:14:22,68.815,12.262,18.518,0.250,0,6205180,316104,44392,1373644,8941.504,1621.542,9781.303,484.461,83.079,33.031,4986,3393,1.830,1.720,1.550,3,0,0,14.013,0,35,338,0,10,1
17-08 11:14:23,70.285,10.755,17.008,0.750,0,6265928,244652,44456,1384284,9144.532,1620.803,9772.843,396.196,79.039,30.015,5195,3859,1.830,1.720,1.550,5,0,0,0,0,35,338,0,10,1
17-08 11:14:24,37.999,7.500,52.749,0.250,0,6279644,220704,44488,1394484,8634.875,1619.977,9679.860,247.996,82.999,20.000,3544,2747,1.830,1.720,1.550,3,0,2.000,0,0,35,338,0,10,1
17-08 11:14:25,58.243,8.999,29.747,2.500,0,6211980,277776,44612,1404952,9363.934,1619.816,9810.883,307.965,94.989,47.995,4829,3924,1.830,1.720,1.550,4,0,3.000,28.997,0,35,329,0,9,1
17-08 11:14:26,67.395,13.479,18.471,0.250,0,6201836,278044,44612,1414828,14172.895,1617.477,9501.181,3.994,95.851,0.998,4955,3111,1.830,1.720,1.550,6,0,1.997,6.989,0,35,327,0,9,1
17-08 11:14:27,66.115,11.564,21.368,0.503,0,6269596,202852,44652,1422220,14332.200,1629.002,6592.430,120.667,89.495,18.100,5758,6872,1.930,1.740,1.560,2,0,0,52.289,0,35,330,0,9,1
17-08 11:14:28,39.506,12.920,45.221,0.745,0,6278448,183692,44756,1432432,117575.103,4347621.181,9883.067,580.421,101.375,49.694,7114,5286,1.930,1.740,1.560,2,0,54.663,0,0,35,335,0,9,1
17-08 11:14:29,30.892,12.809,55.254,0,0,6277712,174180,44772,1442660,35141.847,267674.787,9708.714,192.888,78.361,7.032,5329,5187,1.930,1.740,1.560,2,0,114.527,0,0,35,335,0,9,1
17-08 11:14:30,31.993,15.246,50.738,0.250,0,6269060,199148,44432,1426716,44560.704,905076.869,9281.855,779.820,81.981,36.991,6352,6154,1.930,1.740,1.560,1,0,145.966,0,127.970,35,335,0,9,1
17-08 11:14:31,24.414,8.221,65.768,0.498,0,6265728,192520,44456,1436640,10262.774,4235.051,9219.457,123.564,82.708,10.961,3320,3212,1.930,1.740,1.560,3,0,1.993,0,0,35,334,0,9,1
17-08 11:14:32,24.009,7.753,66.776,0,0,6263700,184348,44456,1446840,9276.579,1620.625,9731.754,4.002,77.030,1.000,3145,2857,1.850,1.730,1.550,1,0,0,0,0,35,334,0,9,1
17-08 11:14:33,35.603,12.787,50.395,0.752,0.251,6294644,185820,44352,1414776,9342.937,1624.684,10193.389,810.336,112.324,38.110,4280,3770,1.850,1.730,1.550,2,0,9.026,0,90.260,35,334,0,9,1
17-08 11:14:34,26.509,8.753,62.772,0.250,0,6288444,182160,44352,1424636,11749.074,1714.595,9731.374,8.003,78.027,1.000,3373,3028,1.850,1.730,1.550,1,0,3.001,0,0,35,334,0,9,1
17-08 11:14:35,24.441,7.233,66.838,0,0,6280836,181944,44352,1432460,9479.093,1616.095,7513.842,0,64.843,0,3004,2676,1.850,1.730,1.550,1,0,0,0,0,35,334,0,9,1
17-08 11:14:36,24.443,7.482,66.344,0.748,0,6278304,175044,44376,1441868,29830.031,1616.209,7709.916,267.373,71.832,14.965,3301,2889,1.850,1.730,1.550,3,0,0,0,0,35,334,0,9,1
17-08 11:14:37,27.052,6.763,61.868,3.256,0,6275728,189600,44564,1429932,10609.205,1623.091,9966.982,541.030,96.183,33.063,3376,3519,1.780,1.710,1.550,1,0,0,13.025,38.073,35,336,0,10,1
17-08 11:14:38,25.390,7.966,64.720,0.249,0,6277612,177140,44644,1440428,8579.870,1613.020,9813.531,358.449,76.668,40.823,3396,3295,1.780,1.710,1.550,4,0,0,0,0,35,338,0,9,1
17-08 11:14:39,23.763,8.004,66.036,0.750,0,6277424,189464,44592,1428492,11435.310,1458.805,9525.256,7484.130,78.043,789.436,3409,2797,1.780,1.710,1.550,3,0,2.001,1.001,90.050,35,338,0,9,1
17-08 11:14:40,24.333,7.777,61.460,5.519,0,6276724,180132,44632,1438484,10276.189,1625.566,9516.588,168.577,77.265,16.055,3067,2790,1.780,1.710,1.550,2,0,0,1.003,0,35,338,0,9,1
17-08 11:14:41,30.073,11.778,55.384,2.255,0,6274192,192312,44684,1428872,121440.881,4387671.836,9466.831,1014.447,94.227,29.070,6557,4647,1.780,1.710,1.550,1,0,54.131,1.002,38.092,35,339,0,9,1
17-08 11:14:42,31.290,15.019,52.066,0.501,0,6274104,187672,44820,1433464,39388.290,667960.843,3965.063,2427.099,39.050,116.148,5973,6044,1.720,1.700,1.550,1,0,156.199,2.003,0,35,338,0,9,1
17-08 11:14:43,29.359,13.436,54.987,0,0,6275432,175984,44900,1443736,46036.449,498406.237,9518.399,214.970,76.633,32.843,5585,5463,1.720,1.700,1.550,3,0,104.499,0,0,35,338,0,9,1
17-08 11:14:44,23.491,7.747,67.973,0.250,0,6275476,189384,44884,1430412,9462.270,1619.362,7668.977,551.782,70.972,41.983,3042,2837,1.720,1.700,1.550,1,0,0,0,44.982,35,338,0,9,1
17-08 11:14:45,24.636,7.290,66.619,0,0,6276160,178676,44924,1440396,20113.305,1629.015,9251.195,108.601,77.428,16.089,3313,3005,1.720,1.700,1.550,1,0,0,0,0,35,338,0,9,1
17-08 11:14:46,23.659,6.724,67.489,0,0,6274884,176492,44916,1443884,19485.722,1613.766,9694.547,59.769,77.700,4.981,3122,2731,1.720,1.700,1.550,1,0,0,0,0,35,338,0,9,1
17-08 11:14:47,28.308,10.021,61.125,0.501,0,6295052,189160,44972,1411264,9322.101,1623.326,9747.974,332.682,111.228,27.055,3544,3239,1.820,1.720,1.550,4,0,3.006,0,0,35,338,0,9,1
17-08 11:14:48,31.081,8.951,56.194,1.492,0,6282556,205168,45020,1407772,27548.114,1450.110,9671.379,254.615,85.535,23.870,4582,8764,1.820,1.720,1.550,5,0,35.805,0.995,0,35,338,0,10,1
17-08 11:14:49,23.587,7.277,68.504,0,0,6282244,195080,45020,1418172,47541.317,1626.030,9892.689,2172.056,77.287,383.422,3496,2777,1.820,1.720,1.550,1,0,1.004,0,0,35,338,0,10,1
17-08 11:14:50,23.196,8.480,67.841,0,0,6279424,188144,45020,1427928,10183.119,1616.210,9302.185,3.991,79.813,0.998,2985,2679,1.820,1.720,1.550,1,0,0,0,0,35,338,0,9,1
17-08 11:14:51,22.998,7.749,66.745,0.500,0,6278012,179692,45068,1437744,19552.626,1619.886,9215.353,267.981,76.995,25.998,3335,2962,1.820,1.720,1.550,1,0,0,0,0,35,338,0,9,1
17-08 11:14:52,25.313,7.519,66.666,0,0,6283224,185832,45076,1426480,9030.419,1624.032,9896.569,68.169,79.197,5.012,3107,2634,1.760,1.710,1.550,1,0,0,4.010,0,35,338,0,10,1
17-08 11:14:53,24.672,7.975,65.294,0.249,0,6282828,176000,45132,1436652,13567.120,5868.452,9681.401,143.546,76.757,20.934,3451,3181,1.760,1.710,1.550,1,0,1.994,0,0,35,339,0,10,1
17-08 11:14:54,33.575,14.282,51.865,0,0,6281852,181764,44720,1432316,122574.776,4380602.527,9829.875,448.999,86.192,37.083,7717,6597,1.760,1.710,1.550,2,0,110.245,0,0,35,339,0,6,1
17-08 11:14:55,31.828,13.784,52.127,1.253,0,6281688,178988,44736,1435236,44213.847,670693.966,9759.806,52.127,77.188,6.015,5671,5127,1.760,1.710,1.550,6,0,106.259,2.005,0,35,339,0,6,1
17-08 11:14:56,27.895,11.706,59.029,0,0,6279056,178292,44704,1438604,29235.471,495799.513,9823.198,91.657,93.649,21.918,4902,4535,1.760,1.710,1.550,1,0,102.616,0.996,0,35,338,0,6,1
17-08 11:14:57,25.238,7.246,66.468,0.250,0,6278844,180580,44420,1436816,14066.129,1457.288,9755.235,119.941,85.958,14.993,3256,2823,1.700,1.700,1.550,5,0,0,0,0,35,338,0,6,1
17-08 11:14:58,26.054,7.265,65.384,0.501,0,6280924,175816,44484,1439496,8817.116,1623.335,9748.029,328.675,91.187,38.078,3648,3588,1.700,1.700,1.550,2,0,0,0,0,35,338,0,6,1
17-08 11:14:59,23.739,8.746,66.720,0,0,6280620,180068,44476,1435556,8950.979,1619.273,9851.574,103.953,100.955,7.996,3155,2793,1.700,1.700,1.550,1,0,1.000,0,0,35,338,0,6,1
17-08 11:15:00,25.227,6.744,65.440,0.749,0,6279992,177792,44460,1438476,10100.686,1618.507,9735.023,139.871,76.929,17.983,3355,3139,1.700,1.700,1.550,2,0,0,0,0,35,338,0,6,1
17-08 11:15:01,23.680,8.226,65.056,1.496,0,6281132,187904,44416,1427268,9394.036,1615.192,9703.116,27.917,83.751,2.991,3180,2878,1.700,1.700,1.550,1,1,0.997,0,0,35,338,0,6,1
17-08 11:15:02,25.070,7.521,65.933,0.251,0,6280776,177948,44488,1437532,10376.867,1624.519,9907.561,557.551,80.223,55.153,3473,3280,1.720,1.700,1.550,1,0,2.006,0,0,35,338,0,6,1
17-08 11:15:03,23.737,7.996,65.964,0,0.250,6280212,175612,44536,1440384,10079.454,1619.109,9722.651,251.861,75.958,22.987,3323,3117,1.720,1.700,1.550,1,0,0,0,0,35,338,0,6,1
17-08 11:15:04,24.759,8.753,65.774,0,0,6280912,179272,44520,1436040,9649.594,1620.604,9731.624,52.019,76.028,6.002,3300,2838,1.720,1.700,1.550,1,0,6.002,0,0,35,338,0,6,1
17-08 11:15:05,23.453,7.485,66.866,0,0,6280888,175980,44508,1439368,8352.315,1616.770,9708.606,0,75.848,0,3040,2597,1.720,1.700,1.550,2,0,0,0,0,35,338,0,6,1
17-08 11:15:06,26.913,9.809,60.868,2.012,0,6288748,193948,44080,1414192,14156.525,6017.353,10000.416,213.289,120.729,12.073,3629,3143,1.720,1.700,1.550,1,1,19.115,0,0,35,339,0,6,1
17-08 11:15:07,34.768,10.005,43.773,10.255,0,6288628,207392,44192,1400760,9656.020,1620.843,13563.052,156.081,325.169,18.009,4193,3777,1.740,1.710,1.550,4,0,23.012,0,0,35,339,0,7,1
17-08 11:15:08,29.148,12.207,57.548,0.249,0,6285500,200156,44252,1411048,121238.040,4366191.738,9853.462,410.561,85.700,51.818,6610,4951,1.740,1.710,1.550,1,0,72.745,0,0,35,339,0,7,1
17-08 11:15:09,30.404,14.574,54.024,0,0,6284264,191008,44252,1421436,42274.472,671498.732,9906.258,0,77.393,0,5412,5169,1.740,1.710,1.550,3,0,107.546,0,0,35,339,0,7,1
17-08 11:15:10,27.324,12.172,57.380,0.994,0,6282416,182340,44272,1431932,28492.293,493348.094,9733.244,2948.986,91.411,533.560,4927,4596,1.740,1.710,1.550,2,0,102.340,16.891,0,35,336,0,6,1
17-08 11:15:11,23.516,8.005,67.045,0,0,6280744,173764,44280,1442180,21255.213,1621.084,9758.525,32.021,82.055,4.003,3169,2728,1.740,1.710,1.550,2,0,0,6.004,0,35,334,0,6,1
17-08 11:15:12,24.275,8.008,61.314,5.005,0,6283268,182412,43816,1431472,10320.730,1621.686,12681.184,324.337,643.669,19.020,3688,3764,1.760,1.720,1.560,4,0,0,735.765,0,35,334,0,6,1
17-08 11:15:13,25.011,8.254,65.280,0,0,6284532,187092,43796,1425548,8804.991,1620.735,9868.473,244.111,79.036,37.017,3515,3474,1.760,1.720,1.560,2,0,1.000,2.001,0,35,334,0,6,1
17-08 11:15:14,24.955,7.487,65.632,0.250,0,6284608,176824,43904,1435632,9019.839,1617.103,9710.601,706.734,75.864,58.894,3492,3479,1.760,1.720,1.560,2,0,0,0,0,35,334,0,6,1
17-08 11:15:15,23.788,8.013,66.607,0.250,0,6284876,178572,43888,1433632,9853.797,1622.601,9743.620,188.302,76.122,37.059,3165,2947,1.760,1.720,1.560,1,0,0,0,0,35,334,0,6,1
17-08 11:15:16,23.148,8.463,65.462,0.996,0,6286100,183292,43800,1427776,9680.474,1451.623,9820.857,95.580,78.654,5.974,3045,2661,1.760,1.720,1.560,2,0,0,0,0,35,334,0,6,1
17-08 11:15:17,27.872,9.542,61.771,0,0,6291656,202848,43688,1402776,12929.755,2150.439,9770.889,305.340,76.335,24.106,3526,3166,1.700,1.700,1.550,3,0,1.004,0,0,35,334,0,6,1
17-08 11:15:18,25.775,6.757,66.065,0.500,0,6291932,192284,43736,1413016,9777.590,1621.591,9737.551,240.236,76.075,23.023,3373,3152,1.700,1.700,1.550,2,0,0,0,0,35,334,0,6,1
17-08 11:15:19,23.728,7.493,66.687,0,0,6291884,181820,43752,1423512,21558.613,1618.469,9718.809,43.958,75.928,5.994,3205,2763,1.700,1.700,1.550,1,0,0.999,0,0,35,334,0,6,1
17-08 11:15:20,24.903,10.459,61.758,0.996,0,6244044,219792,43760,1433380,37132.732,986226.754,9813.608,3.984,86.661,0.996,4167,3561,1.700,1.700,1.550,2,0,57.774,0,0,35,333,0,6,1
17-08 11:15:21,27.645,9.550,55.038,6.283,0,6267924,183812,43844,1445400,100677.429,3405589.377,12079.160,325.703,245.283,30.158,6647,5231,1.700,1.700,1.550,1,1,105.552,0,0,35,333,0,6,1
17-08 11:15:22,29.045,10.266,52.581,5.759,0,6284840,175656,43824,1436672,51616.520,1158358.561,15816.367,100.154,237.366,7.011,6198,5663,1.890,1.740,1.560,1,0,106.164,3.005,0,35,332,0,7,1
17-08 11:15:23,28.256,8.502,58.513,4.251,0,6353056,187980,43604,1356392,16191.468,9455.025,10490.247,200.043,115.025,22.005,4356,5506,1.890,1.740,1.560,2,0,53.011,0,0,35,332,0,5,1
17-08 11:15:24,21.945,4.738,69.825,0.997,0,6332928,271836,41784,1294384,55570.637,13201.892,9783.465,38128.380,103.740,84.787,4022,4189,1.890,1.740,1.560,1,0,0,19.950,9403.418,35,336,0,5,1
17-08 11:15:25,6.750,2.250,89.747,0,0,6329812,264692,41800,1304628,9500.708,1619.950,9731.701,2175.933,76.998,340.990,2507,2938,1.890,1.740,1.560,0,0,0,1.000,0,35,336,0,5,1
17-08 11:15:26,5.243,1.997,90.135,0,0,6328656,255344,41808,1315124,8756.844,1617.939,9715.623,39.949,75.903,5.992,2232,2806,1.890,1.740,1.560,0,0,0,0,0,35,336,0,5,1
17-08 11:15:27,7.011,2.254,89.140,0,0,6326784,246928,41848,1325372,10275.141,1622.549,9879.520,232.365,79.124,40.063,2483,3113,1.900,1.750,1.570,0,0,0,2.003,0,35,336,0,5,1
17-08 11:15:28,6.742,2.497,87.391,0.749,0,6330696,232832,42028,1335376,9394.278,1617.981,9715.877,2189.268,75.905,117.853,3065,4047,1.900,1.750,1.570,0,0,0,0,0,35,336,0,5,1
17-08 11:15:29,6.001,1.500,90.014,0.250,0,6328692,224380,42044,1345816,9667.525,1620.256,9729.535,176.028,76.012,12.002,2333,2870,1.900,1.750,1.570,1,0,1.000,0,0,35,336,0,5,1
17-08 11:15:30,7.249,1.750,89.240,0,0.250,6326672,215832,42076,1356352,9872.914,1619.822,9854.916,83.991,76.992,11.999,2538,3208,1.900,1.750,1.570,0,0,0,0,0,35,336,0,5,1
17-08 11:15:31,5.502,2.251,90.276,0,0,6326392,205996,42076,1366468,10024.846,1620.460,9730.763,0,76.022,0,2301,2820,1.900,1.750,1.570,0,0,0,0,0,35,336,0,5,1
17-08 11:15:32,5.994,1.498,89.406,0,0,6324576,197420,42100,1376836,9605.890,1456.467,9717.773,291.693,75.920,18.980,2433,2970,1.740,1.720,1.560,0,0,0,0,0,35,336,0,5,1
17-08 11:15:33,16.576,9.544,60.778,11.302,0,6329792,211896,41808,1357556,15213.701,5930.169,10564.401,21924.447,99.456,39.180,4119,3978,1.740,1.720,1.560,2,1,37.170,0,5450.974,35,337,0,5,1
17-08 11:15:34,18.220,9.983,66.640,2.496,0,6331700,199276,41872,1368196,119582.124,4372782.230,10534.568,299.504,105.825,28.952,6775,5292,1.740,1.720,1.560,1,0,81.865,0,0,35,339,0,5,1
17-08 11:15:35,14.262,8.757,74.061,0.250,0,6323372,197308,41872,1378492,48680.280,671493.618,9756.073,0,80.066,0,5305,5072,1.740,1.720,1.560,0,0,106.088,1.001,0,35,339,0,5,1
17-08 11:15:36,10.734,7.988,79.131,0.499,0,6321452,188804,41872,1388916,33060.301,618417.350,9721.386,0,76.884,0,4780,4813,1.740,1.720,1.560,3,0,102.845,0,0,35,338,0,5,1
17-08 11:15:37,7.232,1.746,87.782,0.249,0,6307628,192236,41936,1399244,20825.392,1615.995,9839.616,343.150,78.805,29.926,2730,3231,1.600,1.690,1.550,0,0,0,1.995,0,35,338,0,6,1
17-08 11:15:38,7.003,2.751,87.793,0,0,6305048,184456,42024,1409516,11367.623,1620.802,9764.831,336.166,77.038,41.020,2852,3597,1.600,1.690,1.550,0,0,0,0,0,35,338,0,6,1
17-08 11:15:39,6.002,2.001,90.275,0,0,6305652,173612,42024,1419756,8986.497,1620.450,9730.704,0,76.021,0,2308,2843,1.600,1.690,1.550,0,0,1.000,0,0,35,338,0,5,1
17-08 11:15:40,6.788,6.537,84.729,0.503,0,6287552,202568,41968,1409012,10543.583,1466.286,9920.059,18190.798,79.449,25.142,3238,3546,1.600,1.690,1.550,1,0,78.443,2.011,4535.631,35,338,0,5,1
17-08 11:15:41,9.446,12.926,69.353,5.469,0,6297236,181844,42040,1419980,15206.975,2900.402,9867.531,4176.101,103.408,595.592,5781,5380,1.600,1.690,1.550,0,0,276.418,5.966,0,35,339,0,6,1
17-08 11:15:42,7.504,3.002,87.802,0,0,6284344,211100,42020,1403180,17067.081,3489.061,9733.749,18134.711,76.045,23.014,2564,2908,1.470,1.660,1.540,0,0,0,0,4500.658,35,339,0,6,1
17-08 11:15:43,8.756,3.002,86.056,0.250,0,6284892,199628,42092,1414032,190284.517,10052.525,9734.319,536.348,76.049,62.040,3264,3568,1.470,1.660,1.540,0,0,2.001,0,0,35,339,0,6,1
17-08 11:15:44,8.489,1.997,87.637,0,0.250,6286116,187552,42148,1424828,512013.801,13974.036,9843.346,375.517,76.901,31.959,3341,3681,1.470,1.660,1.540,0,0,0,0,0,35,339,0,6,1
17-08 11:15:45,18.334,6.781,71.326,1.005,0,6287512,172556,42312,1438264,1043738.517,20728.863,9788.797,2049.379,78.359,28.129,6693,7813,1.470,1.660,1.540,1,0,38.175,4.018,0,35,338,0,6,1
17-08 11:15:46,9.713,4.732,80.444,2.491,0,6272192,202812,42320,1423428,31998.466,8556.502,9715.101,15863.748,81.690,22.913,3369,3457,1.470,1.660,1.540,3,0,27.894,2.989,3893.213,35,340,0,6,1
17-08 11:15:47,13.268,9.763,67.593,7.761,0,6280468,182948,42472,1434888,156887.309,4388772.024,11756.209,656.906,299.413,29.040,6970,5817,1.600,1.680,1.550,1,1,94.130,218.301,0,35,339,0,6,1
17-08 11:15:48,20.327,11.795,44.920,21.582,0,6261184,218108,41652,1419496,42455.774,502403.533,21778.472,17160.986,1503.694,34.129,7398,15387,1.600,1.680,1.550,3,2,141.536,2092.926,4249.091,35,339,0,7,1
17-08 11:15:49,11.730,6.489,69.883,9.484,0,6235056,230784,41864,1432792,43720.642,1022975.559,13517.319,0,149.749,0,4788,4605,1.600,1.680,1.550,1,0,55.906,56.905,0,35,339,0,7,1
17-08 11:15:50,6.488,4.491,85.588,1.248,0,6233840,221556,41864,1443236,14632.220,8034.746,9969.073,7.985,79.848,0.998,3201,3700,1.600,1.680,1.550,0,0,49.905,3.992,0,35,338,0,7,1
17-08 11:15:51,6.240,1.997,89.857,0.250,0,6227204,217788,41888,1453616,21043.524,1617.427,9712.549,291.536,76.878,16.973,2520,2994,1.600,1.680,1.550,1,0,0,0,0,35,338,0,6,1
17-08 11:15:52,5.735,2.244,90.007,0,0,6224820,210148,41896,1463632,14713.264,1615.637,9713.766,59.838,77.790,4.987,2457,3027,1.630,1.690,1.550,0,0,0,2.992,0,35,338,0,7,1
17-08 11:15:53,7.006,2.252,88.828,0,0,6225208,199332,41952,1474004,9039.941,1621.424,9736.553,416.366,76.067,24.021,2643,3279,1.630,1.690,1.550,0,0,0,0,0,35,338,0,7,1
17-08 11:15:54,9.494,2.998,83.943,0.250,0.250,6227656,186376,42044,1484420,9078.879,1618.908,9861.351,487.671,79.946,45.969,3651,4798,1.630,1.690,1.550,0,0,5.996,1.999,0,35,338,0,8,1
17-08 11:15:55,7.013,2.004,89.662,0.250,0,6226212,177688,42060,1494536,8762.860,1622.937,9745.639,60.109,76.138,6.011,2369,2947,1.630,1.690,1.550,0,0,0,0,0,35,338,0,7,1
17-08 11:15:56,5.502,2.751,89.030,0,0,6210548,210048,41188,1479212,9619.226,1620.543,9731.263,12812.296,76.025,19.006,2340,2792,1.630,1.690,1.550,2,0,0,0,3195.071,35,338,0,7,1
17-08 11:15:57,6.510,1.753,89.386,0.250,0,6210564,199256,41236,1489940,9831.904,1460.214,9886.988,240.364,78.118,23.035,2464,3029,1.660,1.690,1.550,0,0,0,0,0,35,338,0,7,1
17-08 11:15:58,7.234,1.995,88.050,0.249,0,6209064,189532,41324,1501076,10036.250,1616.336,9705.999,335.240,75.828,37.914,2874,3731,1.660,1.690,1.550,1,0,0,0,0,35,338,0,7,1
17-08 11:15:59,7.248,3.499,88.720,0,0,6210916,214480,41324,1475168,9820.629,1619.444,587.798,10864.271,4.998,11.996,2171,2527,1.660,1.690,1.550,0,0,1.000,0,2715.068,35,338,0,7,1
17-08 11:16:00,7.514,6.011,83.910,0.501,0,6217084,208116,41356,1475332,216598.952,3711242.592,168.321,80.153,12.023,12.023,5339,3905,1.660,1.690,1.550,1,0,52.099,2.004,0,35,339,0,7,1
17-08 11:16:01,10.973,7.980,78.308,0.249,0,6201992,223204,41356,1475340,49680.993,921557.836,0,3714.877,0,698.285,4950,4643,1.660,1.690,1.550,1,0,106.738,0,0,35,339,0,7,1
17-08 11:16:02,12.740,8.493,77.190,0.250,0,6201596,223540,41396,1475360,54907.504,1027252.947,15.988,387.700,3.997,26.979,5028,4802,1.610,1.680,1.550,2,0,105.918,0,0,35,339,0,7,1
17-08 11:16:03,5.512,3.508,88.444,0.501,0,6198704,226368,41436,1475380,33622.781,7869.268,32.070,116.255,1.002,16.035,3098,3651,1.610,1.680,1.550,1,0,50.110,0,0,35,338,0,7,1
17-08 11:16:04,5.001,2.001,90.026,0.250,0,6199564,225404,41508,1475412,9525.726,1458.417,8.002,3352.959,2.001,107.031,2276,2913,1.610,1.680,1.550,0,0,6.002,2.001,0,35,338,0,7,1
17-08 11:16:05,3.250,1.000,93.999,0,0,6198092,226876,41508,1475412,24262.687,1705.978,0,0,0,0,1752,2439,1.610,1.680,1.550,1,0,0,0,0,35,338,0,7,1
17-08 11:16:06,4.500,1.250,93.506,0,0,6196804,228164,41508,1475412,24729.658,1620.109,0,44.003,0,2.000,1848,2382,1.610,1.680,1.550,1,0,0,0,0,35,338,0,7,1
17-08 11:16:07,5.000,1.500,91.993,0.250,0,6195868,229052,41556,1475412,9216.261,1619.870,15.999,303.976,1.000,23.998,2113,2846,1.560,1.670,1.550,1,0,0,4.000,0,35,338,0,8,1
17-08 11:16:08,4.749,1.500,91.730,0.250,0,6188680,236240,41620,1475348,8501.141,1619.646,0,283.938,0,29.993,2068,2950,1.560,1.670,1.550,0,0,0,0,0,35,338,0,7,1
17-08 11:16:09,3.003,1.251,93.856,0,0,6188612,236240,41620,1475416,13207.917,1621.832,0,0,0,0,1745,2431,1.560,1.670,1.550,0,0,1.001,0,0,35,338,0,7,1
17-08 11:16:10,4.242,0.749,93.069,0,0,6188596,236240,41636,1475416,9263.934,1616.847,31.938,47.907,3.992,6.986,1748,2402,1.560,1.670,1.550,0,0,0,7.984,0,35,338,0,7,1
17-08 11:16:11,3.748,1.000,93.454,0,0,6188576,236240,41652,1475420,10980.623,1619.207,15.992,203.900,2.999,11.994,1696,2337,1.560,1.670,1.550,0,0,0,3.998,0,35,338,0,7,1
17-08 11:16:12,4.259,1.253,93.445,0,0,6188804,236000,41660,1475424,18896.394,1547.226,0,60.125,0,5.010,1866,2357,1.430,1.640,1.540,0,0,0,0,0,35,338,0,7,1
17-08 11:16:13,9.983,3.743,77.116,7.487,0,6204908,218864,41748,1476380,15385.246,6036.503,966.320,171.701,56.901,20.964,2992,3479,1.430,1.640,1.540,1,0,18.967,0.998,0,35,339,0,7,1
17-08 11:16:14,10.257,2.001,67.794,17.261,0,6221432,196968,41904,1481596,9345.009,1621.042,5351.441,408.263,228.147,35.023,2750,3383,1.430,1.640,1.540,1,0,0,0,0,35,339,0,7,1
17-08 11:16:15,11.485,6.741,77.401,1.248,0,6223144,194808,42100,1481848,121453.335,4360695.876,211.730,2273.105,15.980,148.810,6221,5260,1.430,1.640,1.540,0,0,91.883,0.999,0,35,339,0,7,1
17-08 11:16:16,11.032,7.773,78.480,0.501,0,6208028,209776,42108,1481980,43848.683,674504.478,8.024,64.188,2.006,8.024,4741,4723,1.430,1.640,1.540,2,0,110.324,0,0,35,339,0,7,1
17-08 11:16:17,11.740,8.243,77.931,0.250,0,6207080,210716,42148,1481940,43582.160,619938.519,0,115.897,0,15.986,4902,4758,1.320,1.610,1.530,0,0,102.908,0,0,35,338,0,7,1
17-08 11:16:18,7.508,4.004,86.337,0.250,0,6188356,259256,42072,1453604,20505.716,2054.075,20.020,16484.654,2.002,40.040,2479,3018,1.320,1.610,1.530,0,0,0,0,4045.087,35,338,0,7,1
17-08 11:16:19,3.497,1.249,93.913,0,0,6187044,260552,42072,1453620,8846.797,485.550,0,7.993,0,0.999,1728,2437,1.320,1.610,1.530,1,0,0.999,0,0,35,338,0,7,1
17-08 11:16:20,15.043,3.009,75.215,4.764,0,6209460,237208,42316,1454304,287043.560,9096.002,1488.254,4.011,73.209,1.003,3030,2976,1.320,1.610,1.530,1,0,11.032,148.424,0,35,338,0,7,1
17-08 11:16:21,15.477,4.493,75.137,3.245,0,6218412,228020,42348,1454508,296280.341,10914.619,131.802,251.622,9.985,10.984,3451,3254,1.320,1.610,1.530,1,0,27.958,3.994,0,35,338,0,7,1
17-08 11:16:22,13.977,5.740,72.629,5.491,0,6216120,228736,42364,1456068,154785.692,5820.287,806.654,3474.202,10.982,659.899,3655,3268,1.290,1.600,1.530,2,0,23.960,0,0,35,338,0,8,1
17-08 11:16:23,17.596,5.530,68.877,6.787,0,6214296,223468,42428,1463096,7226.506,817.469,985.387,273.495,11.060,26.143,3066,3114,1.290,1.600,1.530,1,0,11.060,0,0,35,338,0,8,1
