{2} manila_tempest_tests.tests.api.******.test_******_actions_negative.AdminActionsAPIOnlyNegativeTest.test_force_delete_nonexistent_share [5.334722s] ... ok
{2} manila_tempest_tests.tests.api.******.test_******_actions_negative.AdminActionsAPIOnlyNegativeTest.test_force_delete_nonexistent_share_instance [0.192408s] ... ok
{2} manila_tempest_tests.tests.api.******.test_******_actions_negative.AdminActionsAPIOnlyNegativeTest.test_force_delete_nonexistent_snapshot [0.899687s] ... ok
{2} manila_tempest_tests.tests.api.******.test_******_actions_negative.AdminActionsAPIOnlyNegativeTest.test_migration_API_invalid_microversion_1_migrate_share [0.130940s] ... ok
{2} manila_tempest_tests.tests.api.******.test_******_actions_negative.AdminActionsAPIOnlyNegativeTest.test_migration_API_invalid_microversion_2_migration_complete [0.009050s] ... ok
{2} manila_tempest_tests.tests.api.******.test_******_actions_negative.AdminActionsAPIOnlyNegativeTest.test_migration_API_invalid_microversion_3_reset_task_state [0.006495s] ... ok
{2} manila_tempest_tests.tests.api.******.test_******_actions_negative.AdminActionsAPIOnlyNegativeTest.test_migration_API_invalid_microversion_4_migration_get_progress [0.006329s] ... ok
{2} manila_tempest_tests.tests.api.******.test_******_actions_negative.AdminActionsAPIOnlyNegativeTest.test_migration_API_invalid_microversion_5_migration_cancel [0.006616s] ... ok
{2} manila_tempest_tests.tests.api.******.test_******_actions_negative.AdminActionsAPIOnlyNegativeTest.test_reset_nonexistent_share_instance_state [0.015045s] ... ok
{2} manila_tempest_tests.tests.api.******.test_******_actions_negative.AdminActionsAPIOnlyNegativeTest.test_reset_nonexistent_share_state [0.015546s] ... ok
{2} manila_tempest_tests.tests.api.******.test_******_actions_negative.AdminActionsAPIOnlyNegativeTest.test_reset_nonexistent_snapshot_state [0.018356s] ... ok
{2} manila_tempest_tests.tests.api.******.test_******_actions_negative.AdminActionsAPIOnlyNegativeTest.test_reset_task_state_share_not_found [0.188059s] ... ok
{2} manila_tempest_tests.tests.api.******.test_******_actions_negative.AdminActionsAPIOnlyNegativeTest.test_try_list_share_instance_with_member [0.011518s] ... ok
{2} setUpClass (manila_tempest_tests.tests.api.******.test_migration.MigrationOfShareWithSnapshotNFSTest) ... SKIPPED: Share migration tests are disabled.
{3} setUpClass (manila_tempest_tests.tests.api.******.test_******_actions.AdminActionsTest) [0.000000s] ... FAILED

Captured traceback:
~~~~~~~~~~~~~~~~~~~
    Traceback (most recent call last):

      File "/opt/stack/tempest/tempest/test.py", line 185, in setUpClass
    raise value.with_traceback(trace)

      File "/opt/stack/tempest/tempest/test.py", line 178, in setUpClass
    cls.resource_setup()

      File "/opt/stack/tempest/manila-tempest-plugin/manila_tempest_tests/tests/api/******/test_******_actions.py", line 46, in resource_setup
    cls.share = cls.create_share(share_type_id=cls.share_type_id)
                ^^^^^^^^^^^^^^^^^^^^^^^^^^^^^^^^^^^^^^^^^^^^^^^^^

      File "/opt/stack/tempest/manila-tempest-plugin/manila_tempest_tests/tests/api/base.py", line 410, in create_share
    result = cls.create_shares([{"args": args, "kwargs": kwargs}])
             ^^^^^^^^^^^^^^^^^^^^^^^^^^^^^^^^^^^^^^^^^^^^^^^^^^^^^

      File "/opt/stack/tempest/manila-tempest-plugin/manila_tempest_tests/tests/api/base.py", line 468, in create_shares
    waiters.wait_for_resource_status(

      File "/opt/stack/tempest/manila-tempest-plugin/manila_tempest_tests/common/waiters.py", line 109, in wait_for_resource_status
    raise resource_exception(resource_id=resource_id)

    manila_tempest_tests.share_exceptions.ShareBuildErrorException: Share 05b9c12e-f626-49a4-bcc0-dd6f7558cb24 failed to build and is in ERROR status

{3} manila_tempest_tests.tests.api.******.test_export_locations_negative.ExportLocationsAPIOnlyNegativeTest.test_get_export_locations_by_nonexistent_share [0.204457s] ... ok
{3} manila_tempest_tests.tests.api.******.test_export_locations_negative.ExportLocationsAPIOnlyNegativeTest.test_get_export_locations_by_nonexistent_share_instance [0.023487s] ... ok
{1} setUpClass (manila_tempest_tests.tests.api.******.test_******_actions_negative.AdminActionsNegativeTest) [0.000000s] ... FAILED

Captured traceback:
~~~~~~~~~~~~~~~~~~~
    Traceback (most recent call last):

      File "/opt/stack/tempest/tempest/test.py", line 185, in setUpClass
    raise value.with_traceback(trace)

      File "/opt/stack/tempest/tempest/test.py", line 178, in setUpClass
    cls.resource_setup()

      File "/opt/stack/tempest/manila-tempest-plugin/manila_tempest_tests/tests/api/******/test_******_actions_negative.py", line 43, in resource_setup
    cls.share = cls.create_share(share_type_id=cls.share_type_id,
                ^^^^^^^^^^^^^^^^^^^^^^^^^^^^^^^^^^^^^^^^^^^^^^^^^

      File "/opt/stack/tempest/manila-tempest-plugin/manila_tempest_tests/tests/api/base.py", line 410, in create_share
    result = cls.create_shares([{"args": args, "kwargs": kwargs}])
             ^^^^^^^^^^^^^^^^^^^^^^^^^^^^^^^^^^^^^^^^^^^^^^^^^^^^^

      File "/opt/stack/tempest/manila-tempest-plugin/manila_tempest_tests/tests/api/base.py", line 468, in create_shares
    waiters.wait_for_resource_status(

      File "/opt/stack/tempest/manila-tempest-plugin/manila_tempest_tests/common/waiters.py", line 109, in wait_for_resource_status
    raise resource_exception(resource_id=resource_id)

    manila_tempest_tests.share_exceptions.ShareBuildErrorException: Share 7f008a0f-da4f-4917-972a-49ef39d20253 failed to build and is in ERROR status

{2} setUpClass (manila_tempest_tests.tests.api.******.test_migration.MigrationOppositeDriverModesNFSTest) ... SKIPPED: Share migration tests are disabled.
{2} setUpClass (manila_tempest_tests.tests.api.******.test_migration.MigrationTwoPhaseNFSTest) ... SKIPPED: Share migration tests are disabled.
{3} setUpClass (manila_tempest_tests.tests.api.******.test_migration.MigrationWithShareShrinkingNFSTest) ... SKIPPED: Share migration tests are disabled.
{2} setUpClass (manila_tempest_tests.tests.api.******.test_migration.MigrationWithShareExtendingNFSTest) ... SKIPPED: Share migration tests are disabled.
{3} setUpClass (manila_tempest_tests.tests.api.******.test_migration_negative.MigrationNegativeTest) ... SKIPPED: Share migration tests are disabled.
{3} manila_tempest_tests.tests.api.******.test_quotas_negative.SharesAdminQuotasNegativeTest.test_create_share_group_with_exceeding_quota_limit ... SKIPPED: Share Group tests disabled.
{2} setUpClass (manila_tempest_tests.tests.api.******.test_multi_backend.ShareMultiBackendTest) ... SKIPPED: Manila multi-backend tests are disabled.
{2} manila_tempest_tests.tests.api.******.test_quotas.SharesAdminQuotasTest.test_default_quotas [0.016312s] ... ok
{2} manila_tempest_tests.tests.api.******.test_quotas.SharesAdminQuotasTest.test_show_quotas [0.018004s] ... ok
{2} manila_tempest_tests.tests.api.******.test_quotas.SharesAdminQuotasTest.test_show_quotas_for_user [0.018126s] ... ok
{2} manila_tempest_tests.tests.api.******.test_quotas.SharesAdminQuotasTest.test_show_replica_quotas_for_user_using_too_old_microversion [0.017930s] ... ok
{2} manila_tempest_tests.tests.api.******.test_quotas.SharesAdminQuotasTest.test_show_sg_quotas_for_user_using_too_old_microversion [0.016513s] ... ok
{2} manila_tempest_tests.tests.api.******.test_quotas.SharesAdminQuotasTest.test_show_sg_quotas_using_too_old_microversion [0.018962s] ... ok
{2} manila_tempest_tests.tests.api.******.test_quotas.SharesAdminQuotasTest.test_show_share_type_quotas_1___id___True_ [0.127649s] ... ok
{2} manila_tempest_tests.tests.api.******.test_quotas.SharesAdminQuotasTest.test_show_share_type_quotas_2___name___False_ [0.151950s] ... ok
{2} setUpClass (manila_tempest_tests.tests.api.******.test_quotas_negative.ReplicaQuotasNegativeTest) ... SKIPPED: Replication tests are disabled.
{1} manila_tempest_tests.tests.api.******.test_export_locations_negative.ExportLocationsNegativeTest.test_get_inexistent_share_export_location [0.062362s] ... ok
{1} manila_tempest_tests.tests.api.******.test_export_locations_negative.ExportLocationsNegativeTest.test_get_inexistent_share_instance_export_location [0.067898s] ... ok
{1} manila_tempest_tests.tests.api.******.test_export_locations_negative.ExportLocationsNegativeTest.test_get_share_export_location_by_different_project_user [0.218676s] ... ok
{2} manila_tempest_tests.tests.api.******.test_security_services.SecurityServiceAdminTest.test_list_security_services [0.425046s] ... ok
{1} manila_tempest_tests.tests.api.******.test_export_locations_negative.ExportLocationsNegativeTest.test_get_share_instance_export_locations_as_member [0.235493s] ... ok
{1} manila_tempest_tests.tests.api.******.test_export_locations_negative.ExportLocationsNegativeTest.test_list_share_export_locations_by_different_project_user [0.031305s] ... ok
{1} manila_tempest_tests.tests.api.******.test_export_locations_negative.ExportLocationsNegativeTest.test_list_share_instance_export_locations_as_member [0.008045s] ... ok
{2} manila_tempest_tests.tests.api.******.test_security_services.SecurityServiceAdminTest.test_list_security_services_all_tenants [0.126721s] ... ok
{2} manila_tempest_tests.tests.api.******.test_security_services.SecurityServiceAdminTest.test_list_security_services_detailed_filter_by_ss_attributes [0.146177s] ... ok
{2} manila_tempest_tests.tests.api.******.test_security_services.SecurityServiceAdminTest.test_list_security_services_filter_by_share_network ... SKIPPED: Only for multitenancy.
{2} manila_tempest_tests.tests.api.******.test_security_services.SecurityServiceAdminTest.test_list_security_services_invalid_filters [0.127112s] ... ok
{2} manila_tempest_tests.tests.api.******.test_security_services.SecurityServiceAdminTest.test_list_security_services_with_detail_1_2_42 [0.119974s] ... ok
{2} manila_tempest_tests.tests.api.******.test_security_services.SecurityServiceAdminTest.test_list_security_services_with_detail_2_2_44 [0.140313s] ... ok
{2} manila_tempest_tests.tests.api.******.test_security_services.SecurityServiceAdminTest.test_list_security_services_with_detail_3_2_96 [0.154850s] ... ok
{2} manila_tempest_tests.tests.api.******.test_services.ServicesAdminTest.test_get_services_by_all_filters [0.147095s] ... ok
{2} manila_tempest_tests.tests.api.******.test_services.ServicesAdminTest.test_get_services_by_availability_zone [0.044067s] ... ok
{2} manila_tempest_tests.tests.api.******.test_services.ServicesAdminTest.test_get_services_by_binary_name [0.032345s] ... ok
{2} manila_tempest_tests.tests.api.******.test_services.ServicesAdminTest.test_get_services_by_host_name [0.040552s] ... ok
{2} manila_tempest_tests.tests.api.******.test_services.ServicesAdminTest.test_get_services_by_state [0.035175s] ... ok
{2} manila_tempest_tests.tests.api.******.test_services.ServicesAdminTest.test_get_services_by_status [0.036256s] ... ok
{2} manila_tempest_tests.tests.api.******.test_services.ServicesAdminTest.test_list_services [0.034665s] ... ok
{1} setUpClass (manila_tempest_tests.tests.api.******.test_migration.MigrationCancelNFSTest) ... SKIPPED: Share migration tests are disabled.
{1} setUpClass (manila_tempest_tests.tests.api.******.test_scheduler_hints.SharesSchedulerHintsAdminTest) ... SKIPPED: Manila multi-backend tests are disabled.
{1} manila_tempest_tests.tests.api.******.test_services_negative.ServicesAdminNegativeTest.test_get_service_by_invalid_binary [0.198064s] ... ok
{1} manila_tempest_tests.tests.api.******.test_services_negative.ServicesAdminNegativeTest.test_get_service_by_invalid_host [0.012234s] ... ok
{1} manila_tempest_tests.tests.api.******.test_services_negative.ServicesAdminNegativeTest.test_get_service_by_invalid_params [0.041146s] ... ok
{1} manila_tempest_tests.tests.api.******.test_services_negative.ServicesAdminNegativeTest.test_get_service_by_invalid_state [0.015565s] ... ok
{1} manila_tempest_tests.tests.api.******.test_services_negative.ServicesAdminNegativeTest.test_get_service_by_invalid_status [0.009394s] ... ok
{1} manila_tempest_tests.tests.api.******.test_services_negative.ServicesAdminNegativeTest.test_get_service_by_invalid_zone [0.011990s] ... ok
{1} manila_tempest_tests.tests.api.******.test_services_negative.ServicesAdminNegativeTest.test_list_services_with_non_******_user [0.093181s] ... ok
{1} manila_tempest_tests.tests.api.******.test_services_negative.ServicesAdminNegativeTest.test_list_services_with_wrong_versions_1___os_services____2_7__ [0.008766s] ... ok
{1} manila_tempest_tests.tests.api.******.test_services_negative.ServicesAdminNegativeTest.test_list_services_with_wrong_versions_2___services____2_6__ [0.007346s] ... ok
{1} manila_tempest_tests.tests.api.******.test_services_negative.ServicesAdminNegativeTest.test_list_services_with_wrong_versions_3___services____2_0__ [0.009966s] ... ok
{1} setUpClass (manila_tempest_tests.tests.api.******.test_share_manage_negative.ManageCIFSShareNegativeTest) ... SKIPPED: cifs tests are disabled
{1} setUpClass (manila_tempest_tests.tests.api.******.test_share_manage_negative.ManageCephFSShareNegativeTest) ... SKIPPED: cephfs tests are disabled
{1} setUpClass (manila_tempest_tests.tests.api.******.test_share_manage_negative.ManageMapRFSShareNegativeTest) ... SKIPPED: maprfs tests are disabled
{1} setUpClass (manila_tempest_tests.tests.api.******.test_share_servers_manage_negative.ManageShareServersNegativeTest) ... SKIPPED: Multitenancy tests are disabled.
{1} setUpClass (manila_tempest_tests.tests.api.******.test_share_servers_migration_negative.ShareServerErrorStatusOperationNFS) ... SKIPPED: Multitenancy tests are disabled.
{1} setUpClass (manila_tempest_tests.tests.api.******.test_share_servers_migration_negative.ShareServerMigrationInvalidParametersNFS) ... SKIPPED: Multitenancy tests are disabled.
{1} setUpClass (manila_tempest_tests.tests.api.******.test_share_servers_migration_negative.ShareServerMigrationStartInvalidStatesNFS) ... SKIPPED: Multitenancy tests are disabled.
{1} manila_tempest_tests.tests.api.******.test_share_types_extra_specs.ExtraSpecsReadAdminTest.test_get_all_share_type_extra_specs [0.022568s] ... ok
{1} manila_tempest_tests.tests.api.******.test_share_types_extra_specs.ExtraSpecsReadAdminTest.test_get_one_share_type_extra_spec [0.026913s] ... ok
{1} manila_tempest_tests.tests.api.******.test_share_types_extra_specs_negative.ExtraSpecsAdminNegativeTest.test_try_create_es_with_empty_shr_type_id [0.209663s] ... ok
{1} manila_tempest_tests.tests.api.******.test_share_types_extra_specs_negative.ExtraSpecsAdminNegativeTest.test_try_create_es_with_empty_specs [0.045287s] ... ok
{1} manila_tempest_tests.tests.api.******.test_share_types_extra_specs_negative.ExtraSpecsAdminNegativeTest.test_try_create_es_with_invalid_shr_type_id [0.020432s] ... ok
{1} manila_tempest_tests.tests.api.******.test_share_types_extra_specs_negative.ExtraSpecsAdminNegativeTest.test_try_create_es_with_invalid_specs [0.043668s] ... ok
{1} manila_tempest_tests.tests.api.******.test_share_types_extra_specs_negative.ExtraSpecsAdminNegativeTest.test_try_create_extra_specs_with_user [0.164614s] ... ok
{1} manila_tempest_tests.tests.api.******.test_share_types_extra_specs_negative.ExtraSpecsAdminNegativeTest.test_try_delete_es_key_with_empty_shr_type_id [0.007849s] ... ok
{1} manila_tempest_tests.tests.api.******.test_share_types_extra_specs_negative.ExtraSpecsAdminNegativeTest.test_try_delete_es_key_with_invalid_shr_type_id [0.018527s] ... ok
{1} manila_tempest_tests.tests.api.******.test_share_types_extra_specs_negative.ExtraSpecsAdminNegativeTest.test_try_delete_extra_specs_with_user [0.035781s] ... ok
{1} manila_tempest_tests.tests.api.******.test_share_types_extra_specs_negative.ExtraSpecsAdminNegativeTest.test_try_delete_required_spec_snapshot_support_version_1_2_0 [0.049926s] ... ok
{1} manila_tempest_tests.tests.api.******.test_share_types_extra_specs_negative.ExtraSpecsAdminNegativeTest.test_try_delete_required_spec_snapshot_support_version_2_2_23 [0.044423s] ... ok
{1} manila_tempest_tests.tests.api.******.test_share_types_extra_specs_negative.ExtraSpecsAdminNegativeTest.test_try_delete_spec_driver_handles_share_servers [0.039137s] ... ok
{1} manila_tempest_tests.tests.api.******.test_share_types_extra_specs_negative.ExtraSpecsAdminNegativeTest.test_try_delete_with_invalid_key [0.037973s] ... ok
{2} manila_tempest_tests.tests.api.******.test_share_instances.ShareInstancesTest.test_get_instances_of_share_v2_3 [0.026834s] ... ok
{1} manila_tempest_tests.tests.api.******.test_share_types_extra_specs_negative.ExtraSpecsAdminNegativeTest.test_try_get_extra_spec_with_empty_key [0.030936s] ... ok
{2} manila_tempest_tests.tests.api.******.test_share_instances.ShareInstancesTest.test_get_share_instance_1_2_3 [0.052216s] ... ok
{1} manila_tempest_tests.tests.api.******.test_share_types_extra_specs_negative.ExtraSpecsAdminNegativeTest.test_try_get_extra_spec_with_invalid_key [0.044829s] ... ok
{2} manila_tempest_tests.tests.api.******.test_share_instances.ShareInstancesTest.test_get_share_instance_2_2_9 [0.056823s] ... ok
{1} manila_tempest_tests.tests.api.******.test_share_types_extra_specs_negative.ExtraSpecsAdminNegativeTest.test_try_get_extra_spec_with_user [0.034787s] ... ok
{1} manila_tempest_tests.tests.api.******.test_share_types_extra_specs_negative.ExtraSpecsAdminNegativeTest.test_try_get_extra_specs_with_empty_shr_type_id [0.016444s] ... ok
{1} manila_tempest_tests.tests.api.******.test_share_types_extra_specs_negative.ExtraSpecsAdminNegativeTest.test_try_get_extra_specs_with_invalid_shr_type_id [0.018505s] ... ok
{2} manila_tempest_tests.tests.api.******.test_share_instances.ShareInstancesTest.test_get_share_instance_3_2_10 [0.050792s] ... ok
{1} manila_tempest_tests.tests.api.******.test_share_types_extra_specs_negative.ExtraSpecsAdminNegativeTest.test_try_get_extra_specs_with_user [0.033981s] ... ok
{1} manila_tempest_tests.tests.api.******.test_share_types_extra_specs_negative.ExtraSpecsAdminNegativeTest.test_try_list_es_with_empty_shr_type_id [0.015079s] ... ok
{1} manila_tempest_tests.tests.api.******.test_share_types_extra_specs_negative.ExtraSpecsAdminNegativeTest.test_try_list_es_with_invalid_shr_type_id [0.013190s] ... ok
{2} manila_tempest_tests.tests.api.******.test_share_instances.ShareInstancesTest.test_get_share_instance_4_2_30 [0.051722s] ... ok
{1} manila_tempest_tests.tests.api.******.test_share_types_extra_specs_negative.ExtraSpecsAdminNegativeTest.test_try_list_extra_specs_with_user [0.030922s] ... ok
{2} manila_tempest_tests.tests.api.******.test_share_instances.ShareInstancesTest.test_get_share_instance_5_2_54 [0.055100s] ... ok
{2} manila_tempest_tests.tests.api.******.test_share_instances.ShareInstancesTest.test_list_share_instances_v2_3 [0.049851s] ... ok
{1} manila_tempest_tests.tests.api.******.test_share_types_extra_specs_negative.ExtraSpecsAdminNegativeTest.test_try_read_extra_specs_on_share_type_with_user [0.104577s] ... ok
{1} manila_tempest_tests.tests.api.******.test_share_types_extra_specs_negative.ExtraSpecsAdminNegativeTest.test_try_set_too_long_key [0.038555s] ... ok
{1} manila_tempest_tests.tests.api.******.test_share_types_extra_specs_negative.ExtraSpecsAdminNegativeTest.test_try_set_too_long_value_with_creation [0.037653s] ... ok
{2} manila_tempest_tests.tests.api.******.test_share_instances.ShareInstancesTest.test_list_share_instances_with_export_location_path_and_id_1_path [0.151015s] ... ok
{1} manila_tempest_tests.tests.api.******.test_share_types_extra_specs_negative.ExtraSpecsAdminNegativeTest.test_try_set_too_long_value_with_update [0.089526s] ... ok
{2} manila_tempest_tests.tests.api.******.test_share_instances.ShareInstancesTest.test_list_share_instances_with_export_location_path_and_id_2_id [0.193924s] ... ok
{1} manila_tempest_tests.tests.api.******.test_share_types_extra_specs_negative.ExtraSpecsAdminNegativeTest.test_try_set_too_long_value_with_update_of_one_key [0.160880s] ... ok
{0} manila_tempest_tests.tests.api.******.test_export_locations.ExportLocationsTest.test_get_share_export_location [0.204084s] ... ok
{1} manila_tempest_tests.tests.api.******.test_share_types_extra_specs_negative.ExtraSpecsAdminNegativeTest.test_try_update_extra_spec_with_user [0.320139s] ... ok
{1} manila_tempest_tests.tests.api.******.test_share_types_extra_specs_negative.ExtraSpecsAdminNegativeTest.test_try_update_extra_specs_with_user [0.144387s] ... ok
{3} manila_tempest_tests.tests.api.******.test_quotas_negative.SharesAdminQuotasNegativeTest.test_create_share_over_quota_limit [25.206606s] ... ok
{1} manila_tempest_tests.tests.api.******.test_share_types_extra_specs_negative.ExtraSpecsAdminNegativeTest.test_try_update_spec_with_empty_key [0.040432s] ... ok
{1} manila_tempest_tests.tests.api.******.test_share_types_extra_specs_negative.ExtraSpecsAdminNegativeTest.test_try_update_spec_with_empty_shr_type_id [0.006369s] ... ok
{1} manila_tempest_tests.tests.api.******.test_share_types_extra_specs_negative.ExtraSpecsAdminNegativeTest.test_try_update_spec_with_invalid_shr_type_id [0.026117s] ... ok
{1} manila_tempest_tests.tests.api.******.test_share_types_extra_specs_negative.ExtraSpecsAdminNegativeTest.test_try_update_with_invalid_shr_type_id [0.018805s] ... ok
{0} manila_tempest_tests.tests.api.******.test_export_locations.ExportLocationsTest.test_get_share_export_location_by_member [0.425691s] ... ok
{1} manila_tempest_tests.tests.api.******.test_share_types_extra_specs_negative.ExtraSpecsAdminNegativeTest.test_try_update_with_invalid_specs [0.187101s] ... ok
{0} manila_tempest_tests.tests.api.******.test_export_locations.ExportLocationsTest.test_get_share_instance_export_location [0.155614s] ... ok
{0} manila_tempest_tests.tests.api.******.test_export_locations.ExportLocationsTest.test_list_share_export_locations [0.082841s] ... ok
{0} manila_tempest_tests.tests.api.******.test_export_locations.ExportLocationsTest.test_list_share_export_locations_by_member [0.111181s] ... ok
{3} manila_tempest_tests.tests.api.******.test_quotas_negative.SharesAdminQuotasNegativeTest.test_create_share_with_size_bigger_than_quota [0.593281s] ... ok
{0} manila_tempest_tests.tests.api.******.test_export_locations.ExportLocationsTest.test_list_share_export_locations_with_preferred_flag [0.081601s] ... ok
{0} manila_tempest_tests.tests.api.******.test_export_locations.ExportLocationsTest.test_list_share_instance_export_locations [0.084817s] ... ok
{0} manila_tempest_tests.tests.api.******.test_export_locations.ExportLocationsTest.test_list_share_instance_export_locations_with_preferred_flag [0.072344s] ... ok
{0} manila_tempest_tests.tests.api.******.test_export_locations.ExportLocationsTest.test_share_contains_all_export_locations_of_all_share_instances [0.171703s] ... ok
{3} manila_tempest_tests.tests.api.******.test_quotas_negative.SharesAdminQuotasNegativeTest.test_create_snapshot_over_quota_limit [3.405153s] ... FAILED

Captured traceback:
~~~~~~~~~~~~~~~~~~~
    Traceback (most recent call last):

      File "/opt/stack/tempest/manila-tempest-plugin/manila_tempest_tests/tests/api/******/test_quotas_negative.py", line 438, in test_create_snapshot_over_quota_limit
    share = self.create_share(share_type_id=share_type['id'])
            ^^^^^^^^^^^^^^^^^^^^^^^^^^^^^^^^^^^^^^^^^^^^^^^^^

      File "/opt/stack/tempest/manila-tempest-plugin/manila_tempest_tests/tests/api/base.py", line 410, in create_share
    result = cls.create_shares([{"args": args, "kwargs": kwargs}])
             ^^^^^^^^^^^^^^^^^^^^^^^^^^^^^^^^^^^^^^^^^^^^^^^^^^^^^

      File "/opt/stack/tempest/manila-tempest-plugin/manila_tempest_tests/tests/api/base.py", line 468, in create_shares
    waiters.wait_for_resource_status(

      File "/opt/stack/tempest/manila-tempest-plugin/manila_tempest_tests/common/waiters.py", line 109, in wait_for_resource_status
    raise resource_exception(resource_id=resource_id)

    manila_tempest_tests.share_exceptions.ShareBuildErrorException: Share 5f370f3c-adb8-48d6-8783-dcab3ba6ec23 failed to build and is in ERROR status


Captured pythonlogging:
~~~~~~~~~~~~~~~~~~~~~~~
    2026-07-27 09:12:22,531 243664 INFO     [tempest.lib.common.rest_client] Request (SharesAdminQuotasNegativeTest:test_create_snapshot_over_quota_limit): 200 POST http://10.132.46.216/share/v2/types 0.024s
2026-07-27 09:12:22,531 243664 DEBUG    [tempest.lib.common.rest_client] Request - Headers: {'Content-Type': 'application/json', 'Accept': 'application/json', 'x-openstack-manila-api-version': '2.96', 'X-Auth-Token': '<omitted>'}
        Body: {"share_type": {"name": "tempest-typeshare-type-100404436", "extra_specs": {"driver_handles_share_servers": "False", "snapshot_support": true}, "share_type_access:is_public": true}}
    Response - Headers: {'date': 'Mon, 27 Jul 2026 09:12:22 GMT', 'server': 'Apache/2.4.58 (Ubuntu)', 'content-type': 'application/json', 'content-length': '677', 'x-compute-request-id': 'req-83b8fd5b-3673-4af8-a429-fb48fc9058b7', 'x-openstack-manila-api-version': '2.96', 'vary': 'X-OpenStack-Manila-API-Version', 'x-openstack-request-id': 'req-83b8fd5b-3673-4af8-a429-fb48fc9058b7', 'connection': 'close', 'status': '200', 'content-location': 'http://10.132.46.216/share/v2/types'}
        Body: b'{"volume_type": {"id": "c1ddd73c-ad51-4c81-bd6c-fddd4274ccc7", "name": "tempest-typeshare-type-100404436", "extra_specs": {"driver_handles_share_servers": "False", "snapshot_support": "True"}, "required_extra_specs": {"driver_handles_share_servers": "False"}, "share_type_access:is_public": true, "description": null, "is_default": false}, "share_type": {"id": "c1ddd73c-ad51-4c81-bd6c-fddd4274ccc7", "name": "tempest-typeshare-type-100404436", "extra_specs": {"driver_handles_share_servers": "False", "snapshot_support": "True"}, "required_extra_specs": {"driver_handles_share_servers": "False"}, "share_type_access:is_public": true, "description": null, "is_default": false}}'
2026-07-27 09:12:22,835 243664 INFO     [tempest.lib.common.rest_client] Request (SharesAdminQuotasNegativeTest:test_create_snapshot_over_quota_limit): 200 POST http://10.132.46.216/share/v2/shares 0.302s
2026-07-27 09:12:22,835 243664 DEBUG    [tempest.lib.common.rest_client] Request - Headers: {'Content-Type': 'application/json', 'Accept': 'application/json', 'x-openstack-manila-api-version': '2.96', 'X-Auth-Token': '<omitted>'}
        Body: {"share": {"share_proto": "nfs", "description": "Tempest's share", "snapshot_id": null, "name": "tempest-tempest-created-share-184415801", "size": 1, "metadata": {}, "is_public": false, "share_type": "c1ddd73c-ad51-4c81-bd6c-fddd4274ccc7"}}
    Response - Headers: {'date': 'Mon, 27 Jul 2026 09:12:22 GMT', 'server': 'Apache/2.4.58 (Ubuntu)', 'content-type': 'application/json', 'content-length': '1309', 'x-compute-request-id': 'req-2aa88ce3-8cbf-42b4-b633-c22f22d7aa1f', 'x-openstack-manila-api-version': '2.96', 'vary': 'X-OpenStack-Manila-API-Version', 'x-openstack-request-id': 'req-2aa88ce3-8cbf-42b4-b633-c22f22d7aa1f', 'connection': 'close', 'status': '200', 'content-location': 'http://10.132.46.216/share/v2/shares'}
        Body: b'{"share": {"id": "5f370f3c-adb8-48d6-8783-dcab3ba6ec23", "size": 1, "availability_zone": null, "created_at": "2026-07-27T09:12:22.709689", "status": "creating", "name": "tempest-tempest-created-share-184415801", "description": "Tempest\'s share", "project_id": "caab3e00e6af499caa73407d593cff79", "snapshot_id": null, "share_network_id": null, "share_proto": "NFS", "metadata": {}, "share_type": "c1ddd73c-ad51-4c81-bd6c-fddd4274ccc7", "volume_type": "tempest-typeshare-type-100404436", "links": [{"rel": "self", "href": "http://10.132.46.216/share/v2/shares/5f370f3c-adb8-48d6-8783-dcab3ba6ec23"}, {"rel": "bookmark", "href": "http://10.132.46.216/share/shares/5f370f3c-adb8-48d6-8783-dcab3ba6ec23"}], "is_public": false, "snapshot_support": true, "task_state": null, "share_type_name": "tempest-typeshare-type-100404436", "access_rules_status": "active", "replication_type": null, "has_replicas": false, "user_id": "d97104843a3a4b228adf1e552c573bcb", "create_share_from_snapshot_support": false, "revert_to_snapshot_support": false, "share_group_id": null, "source_share_group_snapshot_member_
    id": null, "mount_snapshot_support": false, "progress": null, "is_soft_deleted": false, "scheduled_to_be_deleted_at": null, "source_backup_id": null, "encryption_key_ref": null, "share_server_id": null, "host": ""}}'
2026-07-27 09:12:22,866 243664 INFO     [tempest.lib.common.rest_client] Request (SharesAdminQuotasNegativeTest:test_create_snapshot_over_quota_limit): 200 GET http://10.132.46.216/share/v2/shares/5f370f3c-adb8-48d6-8783-dcab3ba6ec23 0.030s
2026-07-27 09:12:22,867 243664 DEBUG    [tempest.lib.common.rest_client] Request - Headers: {'Content-Type': 'application/json', 'Accept': 'application/json', 'x-openstack-manila-api-version': '2.96', 'X-Auth-Token': '<omitted>'}
        Body: None
    Response - Headers: {'date': 'Mon, 27 Jul 2026 09:12:22 GMT', 'server': 'Apache/2.4.58 (Ubuntu)', 'content-type': 'application/json', 'content-length': '1309', 'x-compute-request-id': 'req-d7fa60de-229b-4e7a-995d-ac1b0c6c7286', 'x-openstack-manila-api-version': '2.96', 'vary': 'X-OpenStack-Manila-API-Version', 'x-openstack-request-id': 'req-d7fa60de-229b-4e7a-995d-ac1b0c6c7286', 'connection': 'close', 'status': '200', 'content-location': 'http://10.132.46.216/share/v2/shares/5f370f3c-adb8-48d6-8783-dcab3ba6ec23'}
        Body: b'{"share": {"id": "5f370f3c-adb8-48d6-8783-dcab3ba6ec23", "size": 1, "availability_zone": null, "created_at": "2026-07-27T09:12:22.709689", "status": "creating", "name": "tempest-tempest-created-share-184415801", "description": "Tempest\'s share", "project_id": "caab3e00e6af499caa73407d593cff79", "snapshot_id": null, "share_network_id": null, "share_proto": "NFS", "metadata": {}, "share_type": "c1ddd73c-ad51-4c81-bd6c-fddd4274ccc7", "volume_type": "tempest-typeshare-type-100404436", "links": [{"rel": "self", "href": "http://10.132.46.216/share/v2/shares/5f370f3c-adb8-48d6-8783-dcab3ba6ec23"}, {"rel": "bookmark", "href": "http://10.132.46.216/share/shares/5f370f3c-adb8-48d6-8783-dcab3ba6ec23"}], "is_public": false, "snapshot_support": true, "task_state": null, "share_type_name": "tempest-typeshare-type-100404436", "access_rules_status": "active", "replication_type": null, "has_replicas": false, "user_id": "d97104843a3a4b228adf1e552c573bcb", "create_share_from_snapshot_support": false, "revert_to_snapshot_support": false, "share_group_id": null, "source_share_group_snapshot_member_id": null, "mount_snapshot_support": false, "progress": null, "is_soft_deleted": false, "scheduled_to_be_deleted_at": null, "source_backup_id": null, "encryption_key_ref": null, "share_server_id": null, "host": ""}}'
2026-07-27 09:12:25,905 243664 INFO     [tempest.lib.common.rest_client] Request (SharesAdminQuotasNegativeTest:test_create_snapshot_over_quota_limit): 200 GET http://10.132.46.216/share/v2/shares/5f370f3c-adb8-48d6-8783-dcab3ba6ec23 0.038s
2026-07-27 09:12:25,906 243664 DEBUG    [tempest.lib.common.rest_client] Request - Headers: {'Content-Type': 'application/json', 'Accept': 'application/json', 'x-openstack-manila-api-version': '2.96', 'X-Auth-Token': '<omitted>'}
        Body: None
    Response - Headers: {'date': 'Mon, 27 Jul 2026 09:12:25 GMT', 'server': 'Apache/2.4.58 (Ubuntu)', 'content-type': 'application/json', 'content-length': '1306', 'x-compute-request-id': 'req-977212ff-5015-4827-b856-edc4eea3a6ce', 'x-openstack-manila-api-version': '2.96', 'vary': 'X-OpenStack-Manila-API-Version', 'x-openstack-request-id': 'req-977212ff-5015-4827-b856-edc4eea3a6ce', 'connection': 'close', 'status': '200', 'content-location': 'http://10.132.46.216/share/v2/shares/5f370f3c-adb8-48d6-8783-dcab3ba6ec23'}
        Body: b'{"share": {"id": "5f370f3c-adb8-48d6-8783-dcab3ba6ec23", "size": 1, "availability_zone": null, "created_at": "2026-07-27T09:12:22.709689", "status": "error", "name": "tempest-tempest-created-share-184415801", "description": "Tempest\'s share", "project_id": "caab3e00e6af499caa73407d593cff79", "snapshot_id": null, "share_network_id": null, "share_proto": "NFS", "metadata": {}, "share_type": "c1ddd73c-ad51-4c81-bd6c-fddd4274ccc7", "volume_type": "tempest-typeshare-type-100404436", "links": [{"rel": "self",
     "href": "http://10.132.46.216/share/v2/shares/5f370f3c-adb8-48d6-8783-dcab3ba6ec23"}, {"rel": "bookmark", "href": "http://10.132.46.216/share/shares/5f370f3c-adb8-48d6-8783-dcab3ba6ec23"}], "is_public": false, "snapshot_support": true, "task_state": null, "share_type_name": "tempest-typeshare-type-100404436", "access_rules_status": "active", "replication_type": null, "has_replicas": false, "user_id": "d97104843a3a4b228adf1e552c573bcb", "create_share_from_snapshot_support": false, "revert_to_snapshot_support": false, "share_group_id": null, "source_share_group_snapshot_member_id": null, "mount_snapshot_support": false, "progress": null, "is_soft_deleted": false, "scheduled_to_be_deleted_at": null, "source_backup_id": null, "encryption_key_ref": null, "share_server_id": null, "host": ""}}'

{3} manila_tempest_tests.tests.api.******.test_quotas_negative.SharesAdminQuotasNegativeTest.test_get_quotas_with_empty_tenant_id [0.006368s] ... ok
{3} manila_tempest_tests.tests.api.******.test_quotas_negative.SharesAdminQuotasNegativeTest.test_quotas_providing_share_type_and_user_id_1_show [0.037103s] ... ok
{3} manila_tempest_tests.tests.api.******.test_quotas_negative.SharesAdminQuotasNegativeTest.test_quotas_providing_share_type_and_user_id_2_reset [0.031205s] ... ok
{3} manila_tempest_tests.tests.api.******.test_quotas_negative.SharesAdminQuotasNegativeTest.test_quotas_providing_share_type_and_user_id_3_update [0.045682s] ... ok
{3} manila_tempest_tests.tests.api.******.test_quotas_negative.SharesAdminQuotasNegativeTest.test_reset_quotas_with_empty_tenant_id [0.006081s] ... ok
{3} manila_tempest_tests.tests.api.******.test_quotas_negative.SharesAdminQuotasNegativeTest.test_share_group_quotas_using_too_old_microversion_1_share_groups [0.025281s] ... ok
{3} manila_tempest_tests.tests.api.******.test_quotas_negative.SharesAdminQuotasNegativeTest.test_share_group_quotas_using_too_old_microversion_2_share_group_snapshots [0.021332s] ... ok
{3} manila_tempest_tests.tests.api.******.test_quotas_negative.SharesAdminQuotasNegativeTest.test_share_replica_quotas_using_too_old_microversion_1_share_replicas [0.020399s] ... ok
{3} manila_tempest_tests.tests.api.******.test_quotas_negative.SharesAdminQuotasNegativeTest.test_share_replica_quotas_using_too_old_microversion_2_replica_gigabytes [0.020174s] ... ok
{3} manila_tempest_tests.tests.api.******.test_quotas_negative.SharesAdminQuotasNegativeTest.test_share_type_quotas_using_nonexistent_share_type_1_show [0.015922s] ... ok
{3} manila_tempest_tests.tests.api.******.test_quotas_negative.SharesAdminQuotasNegativeTest.test_share_type_quotas_using_nonexistent_share_type_2_reset [0.014836s] ... ok
{3} manila_tempest_tests.tests.api.******.test_quotas_negative.SharesAdminQuotasNegativeTest.test_share_type_quotas_using_nonexistent_share_type_3_update [0.029689s] ... ok
{3} manila_tempest_tests.tests.api.******.test_quotas_negative.SharesAdminQuotasNegativeTest.test_share_type_quotas_using_too_old_microversion_1_show [0.029410s] ... ok
{3} manila_tempest_tests.tests.api.******.test_quotas_negative.SharesAdminQuotasNegativeTest.test_share_type_quotas_using_too_old_microversion_2_reset [0.029398s] ... ok
{3} manila_tempest_tests.tests.api.******.test_quotas_negative.SharesAdminQuotasNegativeTest.test_share_type_quotas_using_too_old_microversion_3_update [0.040708s] ... ok
{3} manila_tempest_tests.tests.api.******.test_quotas_negative.SharesAdminQuotasNegativeTest.test_show_quota_detail_with_wrong_versions [0.008251s] ... ok
{3} manila_tempest_tests.tests.api.******.test_quotas_negative.SharesAdminQuotasNegativeTest.test_show_quotas_with_wrong_versions_01___quota_sets____2_0____show_quotas__ [0.007689s] ... ok
{3} manila_tempest_tests.tests.api.******.test_quotas_negative.SharesAdminQuotasNegativeTest.test_show_quotas_with_wrong_versions_02___quota_sets____2_0____default_quotas__ [0.007360s] ... ok
{3} manila_tempest_tests.tests.api.******.test_quotas_negative.SharesAdminQuotasNegativeTest.test_show_quotas_with_wrong_versions_03___quota_sets____2_0____reset_quotas__ [0.008563s] ... ok
{3} manila_tempest_tests.tests.api.******.test_quotas_negative.SharesAdminQuotasNegativeTest.test_show_quotas_with_wrong_versions_04___quota_sets____2_0____update_quotas__ [0.008982s] ... ok
{3} manila_tempest_tests.tests.api.******.test_quotas_negative.SharesAdminQuotasNegativeTest.test_show_quotas_with_wrong_versions_05___quota_sets____2_6____show_quotas__ [0.008092s] ... ok
{3} manila_tempest_tests.tests.api.******.test_quotas_negative.SharesAdminQuotasNegativeTest.test_show_quotas_with_wrong_versions_06___quota_sets____2_6____default_quotas__ [0.008868s] ... ok
{3} manila_tempest_tests.tests.api.******.test_quotas_negative.SharesAdminQuotasNegativeTest.test_show_quotas_with_wrong_versions_07___quota_sets____2_6____reset_quotas__ [0.008840s] ... ok
{3} manila_tempest_tests.tests.api.******.test_quotas_negative.SharesAdminQuotasNegativeTest.test_show_quotas_with_wrong_versions_08___quota_sets____2_6____update_quotas__ [0.007554s] ... ok
{3} manila_tempest_tests.tests.api.******.test_quotas_negative.SharesAdminQuotasNegativeTest.test_show_quotas_with_wrong_versions_09___os_quota_sets____2_7____show_quotas__ [0.008803s] ... ok
{3} manila_tempest_tests.tests.api.******.test_quotas_negative.SharesAdminQuotasNegativeTest.test_show_quotas_with_wrong_versions_10___os_quota_sets____2_7____default_quotas__ [0.012009s] ... ok
{3} manila_tempest_tests.tests.api.******.test_quotas_negative.SharesAdminQuotasNegativeTest.test_show_quotas_with_wrong_versions_11___os_quota_sets____2_7____reset_quotas__ [0.007328s] ... ok
{3} manila_tempest_tests.tests.api.******.test_quotas_negative.SharesAdminQuotasNegativeTest.test_show_quotas_with_wrong_versions_12___os_quota_sets____2_7____update_quotas__ [0.009958s] ... ok
{3} manila_tempest_tests.tests.api.******.test_quotas_negative.SharesAdminQuotasNegativeTest.test_try_set_user_quota_gigabytes_bigger_than_tenant_quota [0.098105s] ... ok
{3} manila_tempest_tests.tests.api.******.test_quotas_negative.SharesAdminQuotasNegativeTest.test_try_set_user_quota_replicas_bigger_than_tenant_quota_1_share_replicas [0.067170s] ... ok
{3} manila_tempest_tests.tests.api.******.test_quotas_negative.SharesAdminQuotasNegativeTest.test_try_set_user_quota_replicas_bigger_than_tenant_quota_2_replica_gigabytes [0.127273s] ... ok
{3} manila_tempest_tests.tests.api.******.test_quotas_negative.SharesAdminQuotasNegativeTest.test_try_set_user_quota_share_networks_bigger_than_tenant_quota [0.074085s] ... ok
{3} manila_tempest_tests.tests.api.******.test_quotas_negative.SharesAdminQuotasNegativeTest.test_try_set_user_quota_shares_bigger_than_tenant_quota [0.074776s] ... ok
{3} manila_tempest_tests.tests.api.******.test_quotas_negative.SharesAdminQuotasNegativeTest.test_try_set_user_quota_snap_gigabytes_bigger_than_tenant_quota [0.093118s] ... ok
{3} manila_tempest_tests.tests.api.******.test_quotas_negative.SharesAdminQuotasNegativeTest.test_try_set_user_quota_snaps_bigger_than_tenant_quota [0.083217s] ... ok
{3} manila_tempest_tests.tests.api.******.test_quotas_negative.SharesAdminQuotasNegativeTest.test_try_update_share_type_quota_for_share_groups_1_share_groups [0.055900s] ... ok
{3} manila_tempest_tests.tests.api.******.test_quotas_negative.SharesAdminQuotasNegativeTest.test_try_update_share_type_quota_for_share_groups_2_share_group_snapshots [0.054392s] ... ok
{3} manila_tempest_tests.tests.api.******.test_quotas_negative.SharesAdminQuotasNegativeTest.test_try_update_share_type_quota_for_share_networks_1_id [0.081325s] ... ok
{3} manila_tempest_tests.tests.api.******.test_quotas_negative.SharesAdminQuotasNegativeTest.test_try_update_share_type_quota_for_share_networks_2_name [0.080314s] ... ok
{3} manila_tempest_tests.tests.api.******.test_quotas_negative.SharesAdminQuotasNegativeTest.test_update_quota_with_wrong_data_1 [0.035796s] ... ok
{3} manila_tempest_tests.tests.api.******.test_quotas_negative.SharesAdminQuotasNegativeTest.test_update_quota_with_wrong_data_2 [0.048501s] ... ok
{3} manila_tempest_tests.tests.api.******.test_quotas_negative.SharesAdminQuotasNegativeTest.test_update_quota_with_wrong_data_3 [0.030185s] ... ok
{3} manila_tempest_tests.tests.api.******.test_quotas_negative.SharesAdminQuotasNegativeTest.test_update_quota_with_wrong_data_4 [0.029365s] ... ok
{3} manila_tempest_tests.tests.api.******.test_quotas_negative.SharesAdminQuotasNegativeTest.test_update_quota_with_wrong_data_5 [0.030862s] ... ok
{3} manila_tempest_tests.tests.api.******.test_quotas_negative.SharesAdminQuotasNegativeTest.test_update_quota_with_wrong_data_6 [0.031013s] ... ok
{3} manila_tempest_tests.tests.api.******.test_quotas_negative.SharesAdminQuotasNegativeTest.test_update_replica_quotas_wrong_data_1 [0.030653s] ... ok
{3} manila_tempest_tests.tests.api.******.test_quotas_negative.SharesAdminQuotasNegativeTest.test_update_replica_quotas_wrong_data_2 [0.033709s] ... ok
{3} manila_tempest_tests.tests.api.******.test_quotas_negative.SharesAdminQuotasNegativeTest.test_update_sg_quota_with_wrong_data_1 ... SKIPPED: Share Group tests disabled.
{3} manila_tempest_tests.tests.api.******.test_quotas_negative.SharesAdminQuotasNegativeTest.test_update_sg_quota_with_wrong_data_2 ... SKIPPED: Share Group tests disabled.
{3} manila_tempest_tests.tests.api.******.test_quotas_negative.SharesAdminQuotasNegativeTest.test_update_share_type_quotas_bigger_than_project_quota_1_11 [0.138994s] ... ok
{3} manila_tempest_tests.tests.api.******.test_quotas_negative.SharesAdminQuotasNegativeTest.test_update_share_type_quotas_bigger_than_project_quota_2__1 [0.143447s] ... ok
{1} manila_tempest_tests.tests.api.******.test_share_types_negative.ShareTypesAdminNegativeTest.test_add_share_type_allowed_for_public [0.231615s] ... ok
{1} manila_tempest_tests.tests.api.******.test_share_types_negative.ShareTypesAdminNegativeTest.test_add_share_type_by_nonexistent_id [0.012991s] ... ok
{1} manila_tempest_tests.tests.api.******.test_share_types_negative.ShareTypesAdminNegativeTest.test_create_share_type_with_description_in_wrong_version_1_2_0 [0.009001s] ... ok
{1} manila_tempest_tests.tests.api.******.test_share_types_negative.ShareTypesAdminNegativeTest.test_create_share_type_with_description_in_wrong_version_2_2_6 [0.009285s] ... ok
{1} manila_tempest_tests.tests.api.******.test_share_types_negative.ShareTypesAdminNegativeTest.test_create_share_type_with_description_in_wrong_version_3_2_40 [0.009957s] ... ok
{1} manila_tempest_tests.tests.api.******.test_share_types_negative.ShareTypesAdminNegativeTest.test_create_share_type_with_empty_name [0.009485s] ... ok
{1} manila_tempest_tests.tests.api.******.test_share_types_negative.ShareTypesAdminNegativeTest.test_create_share_type_with_too_big_name [0.009571s] ... ok
{1} manila_tempest_tests.tests.api.******.test_share_types_negative.ShareTypesAdminNegativeTest.test_create_share_with_non_allowed_share_type [0.265995s] ... ok
{1} manila_tempest_tests.tests.api.******.test_share_types_negative.ShareTypesAdminNegativeTest.test_create_share_with_nonexistent_share_type [0.012615s] ... ok
{1} manila_tempest_tests.tests.api.******.test_share_types_negative.ShareTypesAdminNegativeTest.test_get_share_type_by_nonexistent_id [0.011556s] ... ok
{1} manila_tempest_tests.tests.api.******.test_share_types_negative.ShareTypesAdminNegativeTest.test_remove_share_type_allowed_for_public [0.033179s] ... ok
{1} manila_tempest_tests.tests.api.******.test_share_types_negative.ShareTypesAdminNegativeTest.test_remove_share_type_by_nonexistent_id [0.012821s] ... ok
{1} manila_tempest_tests.tests.api.******.test_share_types_negative.ShareTypesAdminNegativeTest.test_try_create_duplicate_of_share_type [0.077094s] ... ok
{1} manila_tempest_tests.tests.api.******.test_share_types_negative.ShareTypesAdminNegativeTest.test_try_delete_share_type_by_nonexistent_id [0.013965s] ... ok
{0} setUpClass (manila_tempest_tests.tests.api.******.test_migration.MigrationWithDifferentSnapshotSupportNFSTest) ... SKIPPED: Share migration tests are disabled.
{3} setUpClass (manila_tempest_tests.tests.api.******.test_replication.ReplicationAdminTest) ... SKIPPED: Replication tests are disabled.
{3} setUpClass (manila_tempest_tests.tests.api.******.test_replication_actions.ReplicationActionsAdminTest) ... SKIPPED: Replication tests are disabled.
{2} manila_tempest_tests.tests.api.******.test_share_instances_negative.ShareInstancesNegativeTest.test_list_share_instances_with_export_location_and_invalid_version_1_path [0.040882s] ... ok
{2} manila_tempest_tests.tests.api.******.test_share_instances_negative.ShareInstancesNegativeTest.test_list_share_instances_with_export_location_and_invalid_version_2_id [0.029976s] ... ok
{2} manila_tempest_tests.tests.api.******.test_share_instances_negative.ShareInstancesNegativeTest.test_list_share_instances_with_export_location_not_exist_1_path [0.030000s] ... ok
{2} manila_tempest_tests.tests.api.******.test_share_instances_negative.ShareInstancesNegativeTest.test_list_share_instances_with_export_location_not_exist_2_id [0.016485s] ... ok
{3} manila_tempest_tests.tests.api.******.test_scheduler_stats.SchedulerStatsAdminTest.test_pool_list [0.225030s] ... ok
{3} manila_tempest_tests.tests.api.******.test_scheduler_stats.SchedulerStatsAdminTest.test_pool_list_detail [0.025344s] ... ok
{3} manila_tempest_tests.tests.api.******.test_scheduler_stats.SchedulerStatsAdminTest.test_pool_list_detail_with_filters [0.026135s] ... ok
{3} manila_tempest_tests.tests.api.******.test_scheduler_stats.SchedulerStatsAdminTest.test_pool_list_detail_with_filters_negative [0.013549s] ... ok
{3} manila_tempest_tests.tests.api.******.test_scheduler_stats.SchedulerStatsAdminTest.test_pool_list_with_filters [0.025116s] ... ok
{3} manila_tempest_tests.tests.api.******.test_scheduler_stats.SchedulerStatsAdminTest.test_pool_list_with_filters_negative [0.013010s] ... ok
{3} manila_tempest_tests.tests.api.******.test_scheduler_stats.SchedulerStatsAdminTest.test_pool_list_with_share_type_filter_with_detail_1__True___name__ [0.045654s] ... ok
{3} manila_tempest_tests.tests.api.******.test_scheduler_stats.SchedulerStatsAdminTest.test_pool_list_with_share_type_filter_with_detail_2__True___id__ [0.038888s] ... ok
{3} manila_tempest_tests.tests.api.******.test_scheduler_stats.SchedulerStatsAdminTest.test_pool_list_with_share_type_filter_with_detail_3__False___name__ [0.040057s] ... ok
{3} manila_tempest_tests.tests.api.******.test_scheduler_stats.SchedulerStatsAdminTest.test_pool_list_with_share_type_filter_with_detail_4__False___id__ [0.045840s] ... ok
{3} manila_tempest_tests.tests.api.******.test_scheduler_stats.SchedulerStatsAdminTest.test_pool_list_with_share_type_filter_with_detail_negative_1__True___name__ [0.040054s] ... ok
{3} manila_tempest_tests.tests.api.******.test_scheduler_stats.SchedulerStatsAdminTest.test_pool_list_with_share_type_filter_with_detail_negative_2__True___id__ [0.036946s] ... ok
{3} manila_tempest_tests.tests.api.******.test_scheduler_stats.SchedulerStatsAdminTest.test_pool_list_with_share_type_filter_with_detail_negative_3__False___name__ [0.041364s] ... ok
{3} manila_tempest_tests.tests.api.******.test_scheduler_stats.SchedulerStatsAdminTest.test_pool_list_with_share_type_filter_with_detail_negative_4__False___id__ [0.036606s] ... ok
{3} setUpClass (manila_tempest_tests.tests.api.******.test_share_group_types.ShareGroupTypesTest) ... SKIPPED: Share Group tests disabled.
{3} setUpClass (manila_tempest_tests.tests.api.******.test_share_group_types_negative.ShareGroupTypesAdminNegativeTest) ... SKIPPED: Share Group tests disabled.
{3} setUpClass (manila_tempest_tests.tests.api.******.test_share_groups.ShareGroupsTest) ... SKIPPED: Share Group tests disabled.
{3} setUpClass (manila_tempest_tests.tests.api.******.test_share_groups_negative.ShareGroupsNegativeTest) ... SKIPPED: Share Group tests disabled.
{3} setUpClass (manila_tempest_tests.tests.api.******.test_share_manage.ManageGLUSTERFSShareTest) ... SKIPPED: glusterfs tests are disabled
{1} setUpClass (manila_tempest_tests.tests.api.******.test_snapshot_export_locations_negative.SnapshotExportLocationsNegativeTest) [0.000000s] ... FAILED

Captured traceback:
~~~~~~~~~~~~~~~~~~~
    Traceback (most recent call last):

      File "/opt/stack/tempest/tempest/test.py", line 185, in setUpClass
    raise value.with_traceback(trace)

      File "/opt/stack/tempest/tempest/test.py", line 178, in setUpClass
    cls.resource_setup()

      File "/opt/stack/tempest/manila-tempest-plugin/manila_tempest_tests/tests/api/******/test_snapshot_export_locations_negative.py", line 59, in resource_setup
    cls.share = cls.create_share(share_type_id=cls.share_type_id,
                ^^^^^^^^^^^^^^^^^^^^^^^^^^^^^^^^^^^^^^^^^^^^^^^^^

      File "/opt/stack/tempest/manila-tempest-plugin/manila_tempest_tests/tests/api/base.py", line 410, in create_share
    result = cls.create_shares([{"args": args, "kwargs": kwargs}])
             ^^^^^^^^^^^^^^^^^^^^^^^^^^^^^^^^^^^^^^^^^^^^^^^^^^^^^

      File "/opt/stack/tempest/manila-tempest-plugin/manila_tempest_tests/tests/api/base.py", line 468, in create_shares
    waiters.wait_for_resource_status(

      File "/opt/stack/tempest/manila-tempest-plugin/manila_tempest_tests/common/waiters.py", line 109, in wait_for_resource_status
    raise resource_exception(resource_id=resource_id)

    manila_tempest_tests.share_exceptions.ShareBuildErrorException: Share 8fc553d8-0b78-4c40-b74a-0f7c3010de5c failed to build and is in ERROR status

{1} setUpClass (manila_tempest_tests.tests.api.******.test_snapshot_manage.ManageGLUSTERFSSnapshotTest) ... SKIPPED: glusterfs tests are disabled
{1} setUpClass (manila_tempest_tests.tests.api.******.test_snapshot_manage.ManageHDFSSnapshotTest) ... SKIPPED: hdfs tests are disabled
{1} setUpClass (manila_tempest_tests.tests.api.******.test_snapshot_manage_negative.ManageCIFSSnapshotNegativeTest) ... SKIPPED: cifs tests are disabled
{3} manila_tempest_tests.tests.api.******.test_share_networks.ShareNetworkAdminTest.test_get_share_network [0.267694s] ... ok
{3} manila_tempest_tests.tests.api.******.test_share_networks.ShareNetworkAdminTest.test_list_share_networks [0.060777s] ... ok
{3} manila_tempest_tests.tests.api.******.test_share_networks.ShareNetworkAdminTest.test_list_share_networks_all_filter_opts [0.321981s] ... ok
{3} manila_tempest_tests.tests.api.******.test_share_networks.ShareNetworkAdminTest.test_list_share_networks_all_tenants [0.107731s] ... ok
{3} manila_tempest_tests.tests.api.******.test_share_networks.ShareNetworkAdminTest.test_list_share_networks_filter_by_network_detail_opts [0.070205s] ... ok
{1} setUpClass (manila_tempest_tests.tests.api.******.test_snapshot_manage_negative.ManageCephFSSnapshotNegativeTest) ... SKIPPED: cephfs tests are disabled
{3} manila_tempest_tests.tests.api.******.test_share_networks.ShareNetworkAdminTest.test_list_share_networks_filter_by_project_id [0.223212s] ... ok
{3} manila_tempest_tests.tests.api.******.test_share_networks.ShareNetworkAdminTest.test_list_share_networks_filter_by_ss [0.098017s] ... ok
{3} manila_tempest_tests.tests.api.******.test_share_networks.ShareNetworkAdminTest.test_list_share_networks_like_filter [0.071934s] ... ok
{3} manila_tempest_tests.tests.api.******.test_share_networks.ShareNetworkAdminTest.test_list_share_networks_with_detail [0.038965s] ... ok
{3} manila_tempest_tests.tests.api.******.test_share_networks.ShareNetworkAdminTest.test_try_list_share_networks_all_tenants [0.040794s] ... ok
{3} manila_tempest_tests.tests.api.******.test_share_networks.ShareNetworkAdminTest.test_try_list_share_networks_project_id [0.032554s] ... ok
{2} setUpClass (manila_tempest_tests.tests.api.******.test_share_manage.ManageCIFSShareTest) ... SKIPPED: cifs tests are disabled
{3} setUpClass (manila_tempest_tests.tests.api.******.test_share_servers_manage.ManageShareServersTest) ... SKIPPED: Multitenancy tests are disabled.
{3} setUpClass (manila_tempest_tests.tests.api.******.test_share_servers_migration_negative.ShareServerMigrationInvalidStatesCIFS) ... SKIPPED: cifs tests are disabled.
{3} setUpClass (manila_tempest_tests.tests.api.******.test_share_servers_migration_negative.ShareServerMigrationStartNegativesCIFS) ... SKIPPED: cifs tests are disabled.
{3} setUpClass (manila_tempest_tests.tests.api.******.test_share_servers_migration_negative.ShareServerMigrationStartNegativesNFS) ... SKIPPED: Multitenancy tests are disabled.
{3} manila_tempest_tests.tests.api.******.test_share_servers_negative.ShareServersNegativeAdminTest.test_delete_share_server_with_member [0.207627s] ... ok
{3} manila_tempest_tests.tests.api.******.test_share_servers_negative.ShareServersNegativeAdminTest.test_delete_share_server_with_nonexistent_id [0.151155s] ... ok
{3} manila_tempest_tests.tests.api.******.test_share_servers_negative.ShareServersNegativeAdminTest.test_list_share_servers_with_fake_host [0.055562s] ... ok
{3} manila_tempest_tests.tests.api.******.test_share_servers_negative.ShareServersNegativeAdminTest.test_list_share_servers_with_fake_project [0.054672s] ... ok
{1} setUpClass (manila_tempest_tests.tests.api.******.test_snapshot_manage_negative.ManageNFSSnapshotNegativeTest) [0.000000s] ... FAILED

Captured traceback:
~~~~~~~~~~~~~~~~~~~
    Traceback (most recent call last):

      File "/opt/stack/tempest/tempest/test.py", line 185, in setUpClass
    raise value.with_traceback(trace)

      File "/opt/stack/tempest/tempest/test.py", line 178, in setUpClass
    cls.resource_setup()

      File "/opt/stack/tempest/manila-tempest-plugin/manila_tempest_tests/tests/api/******/test_snapshot_manage_negative.py", line 64, in resource_setup
    cls.share = cls.create_share(
                ^^^^^^^^^^^^^^^^^

      File "/opt/stack/tempest/manila-tempest-plugin/manila_tempest_tests/tests/api/base.py", line 410, in create_share
    result = cls.create_shares([{"args": args, "kwargs": kwargs}])
             ^^^^^^^^^^^^^^^^^^^^^^^^^^^^^^^^^^^^^^^^^^^^^^^^^^^^^

      File "/opt/stack/tempest/manila-tempest-plugin/manila_tempest_tests/tests/api/base.py", line 468, in create_shares
    waiters.wait_for_resource_status(

      File "/opt/stack/tempest/manila-tempest-plugin/manila_tempest_tests/common/waiters.py", line 109, in wait_for_resource_status
    raise resource_exception(resource_id=resource_id)

    manila_tempest_tests.share_exceptions.ShareBuildErrorException: Share c740e03a-a3dd-4cab-9455-1590d22360fd failed to build and is in ERROR status

{3} manila_tempest_tests.tests.api.******.test_share_servers_negative.ShareServersNegativeAdminTest.test_list_share_servers_with_fake_share_network [0.054044s] ... ok
{3} manila_tempest_tests.tests.api.******.test_share_servers_negative.ShareServersNegativeAdminTest.test_list_share_servers_with_fake_share_network_subnet_id [0.060702s] ... ok
{3} manila_tempest_tests.tests.api.******.test_share_servers_negative.ShareServersNegativeAdminTest.test_list_share_servers_with_fake_status [0.049986s] ... ok
{3} manila_tempest_tests.tests.api.******.test_share_servers_negative.ShareServersNegativeAdminTest.test_list_share_servers_with_wrong_filter_key [0.009078s] ... ok
{3} manila_tempest_tests.tests.api.******.test_share_servers_negative.ShareServersNegativeAdminTest.test_list_share_servers_with_wrong_filter_value [0.018454s] ... ok
{3} manila_tempest_tests.tests.api.******.test_share_servers_negative.ShareServersNegativeAdminTest.test_show_share_server_details_with_inexistent_id [0.021968s] ... ok
{3} manila_tempest_tests.tests.api.******.test_share_servers_negative.ShareServersNegativeAdminTest.test_show_share_server_with_inexistent_id [0.053035s] ... ok
{3} manila_tempest_tests.tests.api.******.test_share_servers_negative.ShareServersNegativeAdminTest.test_try_list_share_servers_with_member [0.013318s] ... ok
{3} manila_tempest_tests.tests.api.******.test_share_servers_negative.ShareServersNegativeAdminTest.test_try_show_share_server_details_with_member [0.008067s] ... ok
{3} manila_tempest_tests.tests.api.******.test_share_servers_negative.ShareServersNegativeAdminTest.test_try_show_share_server_with_member [0.008078s] ... ok
{1} manila_tempest_tests.tests.api.******.test_user_messages.UserMessageTest.test_delete_message [6.935247s] ... ok
{3} setUpClass (manila_tempest_tests.tests.api.******.test_share_snapshot_instances.ShareSnapshotInstancesTest) [0.000000s] ... FAILED

Captured traceback:
~~~~~~~~~~~~~~~~~~~
    Traceback (most recent call last):

      File "/opt/stack/tempest/tempest/test.py", line 185, in setUpClass
    raise value.with_traceback(trace)

      File "/opt/stack/tempest/tempest/test.py", line 178, in setUpClass
    cls.resource_setup()

      File "/opt/stack/tempest/manila-tempest-plugin/manila_tempest_tests/tests/api/******/test_share_snapshot_instances.py", line 47, in resource_setup
    cls.share = cls.create_share(share_type_id=cls.share_type_id)
                ^^^^^^^^^^^^^^^^^^^^^^^^^^^^^^^^^^^^^^^^^^^^^^^^^

      File "/opt/stack/tempest/manila-tempest-plugin/manila_tempest_tests/tests/api/base.py", line 410, in create_share
    result = cls.create_shares([{"args": args, "kwargs": kwargs}])
             ^^^^^^^^^^^^^^^^^^^^^^^^^^^^^^^^^^^^^^^^^^^^^^^^^^^^^

      File "/opt/stack/tempest/manila-tempest-plugin/manila_tempest_tests/tests/api/base.py", line 468, in create_shares
    waiters.wait_for_resource_status(

      File "/opt/stack/tempest/manila-tempest-plugin/manila_tempest_tests/common/waiters.py", line 109, in wait_for_resource_status
    raise resource_exception(resource_id=resource_id)

    manila_tempest_tests.share_exceptions.ShareBuildErrorException: Share 4866e3b6-7ab4-4e4c-8f79-91f6d0828e8a failed to build and is in ERROR status

{3} manila_tempest_tests.tests.api.******.test_share_snapshot_instances_negative.SnapshotInstancesNegativeNoResourceTest.test_get_snapshot_instance_with_non_existent_instance [0.197896s] ... ok
{3} manila_tempest_tests.tests.api.******.test_share_snapshot_instances_negative.SnapshotInstancesNegativeNoResourceTest.test_list_snapshot_instances_by_non_****** [0.086225s] ... ok
{1} manila_tempest_tests.tests.api.******.test_user_messages.UserMessageTest.test_list_messages [6.613890s] ... ok
{3} manila_tempest_tests.tests.api.******.test_share_types_extra_specs.ExtraSpecsWriteAdminTest.test_delete_one_share_type_extra_spec [0.404276s] ... ok
{3} manila_tempest_tests.tests.api.******.test_share_types_extra_specs.ExtraSpecsWriteAdminTest.test_delete_snapshot_support_extra_spec_1_2_24 [0.154690s] ... ok
{3} manila_tempest_tests.tests.api.******.test_share_types_extra_specs.ExtraSpecsWriteAdminTest.test_delete_snapshot_support_extra_spec_2_2_96 [0.140411s] ... ok
{3} manila_tempest_tests.tests.api.******.test_share_types_extra_specs.ExtraSpecsWriteAdminTest.test_update_all_share_type_extra_specs [0.091198s] ... ok
{3} manila_tempest_tests.tests.api.******.test_share_types_extra_specs.ExtraSpecsWriteAdminTest.test_update_one_share_type_extra_spec [0.106224s] ... ok
{3} setUpClass (manila_tempest_tests.tests.api.******.test_snapshot_manage_negative.ManageGLUSTERFSSnapshotNegativeTest) ... SKIPPED: glusterfs tests are disabled
{3} setUpClass (manila_tempest_tests.tests.api.test_backup_negative.ShareBackupNegativeTest) ... SKIPPED: Share backup tests are disabled.
{3} manila_tempest_tests.tests.api.test_limits.ShareLimitsTest.test_limits_keys [0.114006s] ... ok
{3} manila_tempest_tests.tests.api.test_limits.ShareLimitsTest.test_limits_values [0.022390s] ... ok
{1} manila_tempest_tests.tests.api.******.test_user_messages.UserMessageTest.test_list_messages_filtered [14.195051s] ... ok
{1} manila_tempest_tests.tests.api.******.test_user_messages.UserMessageTest.test_list_messages_sorted_and_paginated [20.679976s] ... ok
{3} manila_tempest_tests.tests.api.test_metadata_negative.SharesMetadataNegativeTest.test_try_delete_unexisting_metadata [0.200752s] ... ok
{3} manila_tempest_tests.tests.api.test_metadata_negative.SharesMetadataNegativeTest.test_try_set_metadata_with_empty_key [0.039015s] ... ok
{3} manila_tempest_tests.tests.api.test_metadata_negative.SharesMetadataNegativeTest.test_try_set_metadata_with_too_big_key [0.032515s] ... ok
{3} manila_tempest_tests.tests.api.test_metadata_negative.SharesMetadataNegativeTest.test_try_set_metadata_with_too_big_value [0.028095s] ... ok
{3} manila_tempest_tests.tests.api.test_metadata_negative.SharesMetadataNegativeTest.test_try_update_metadata_with_empty_key [0.029918s] ... ok
{3} manila_tempest_tests.tests.api.test_metadata_negative.SharesMetadataNegativeTest.test_try_update_metadata_with_too_big_key [0.030124s] ... ok
{3} manila_tempest_tests.tests.api.test_metadata_negative.SharesMetadataNegativeTest.test_try_update_metadata_with_too_big_value [0.029522s] ... ok
{2} manila_tempest_tests.tests.api.******.test_share_manage.ManageNFSShareTest.test_manage [59.817808s] ... ok
{1} manila_tempest_tests.tests.api.******.test_user_messages.UserMessageTest.test_list_messages_with_since_and_before_filters [13.385012s] ... ok
{1} manila_tempest_tests.tests.api.******.test_user_messages.UserMessageTest.test_show_message [6.643828s] ... ok
{3} manila_tempest_tests.tests.api.test_microversions.MicroversionsTest.test_microversions_root_version [0.038035s] ... ok
{3} manila_tempest_tests.tests.api.test_microversions.MicroversionsTest.test_microversions_v2_invalid_version [0.109473s] ... ok
{3} manila_tempest_tests.tests.api.test_microversions.MicroversionsTest.test_microversions_v2_max_version [0.009114s] ... ok
{3} manila_tempest_tests.tests.api.test_microversions.MicroversionsTest.test_microversions_v2_min_version [0.007310s] ... ok
{3} manila_tempest_tests.tests.api.test_microversions.MicroversionsTest.test_microversions_v2_no_version [0.007188s] ... ok
{3} manila_tempest_tests.tests.api.test_microversions.MicroversionsTest.test_microversions_v2_unacceptable_version [0.012685s] ... ok
{3} setUpClass (manila_tempest_tests.tests.api.test_replication.ReplicationTest) ... SKIPPED: Replication tests are disabled.
{3} setUpClass (manila_tempest_tests.tests.api.test_replication_negative.ReplicationAPIOnlyNegativeTest) ... SKIPPED: Replication tests are disabled.
{3} setUpClass (manila_tempest_tests.tests.api.test_replication_snapshots.ReplicationSnapshotTest) ... SKIPPED: Replication tests are disabled.
{0} manila_tempest_tests.tests.api.******.test_quotas.SharesAdminQuotasUpdateTest.test_quotas_usages [109.032905s] ... ok
{0} manila_tempest_tests.tests.api.******.test_quotas.SharesAdminQuotasUpdateTest.test_reset_share_type_quotas_1___id___True_ [0.353034s] ... ok
{0} manila_tempest_tests.tests.api.******.test_quotas.SharesAdminQuotasUpdateTest.test_reset_share_type_quotas_2___name___False_ [0.331889s] ... ok
{0} manila_tempest_tests.tests.api.******.test_quotas.SharesAdminQuotasUpdateTest.test_reset_tenant_quotas [0.160790s] ... ok
{0} manila_tempest_tests.tests.api.******.test_quotas.SharesAdminQuotasUpdateTest.test_set_share_type_quota_bigger_than_users_quota [0.274504s] ... ok
{0} manila_tempest_tests.tests.api.******.test_quotas.SharesAdminQuotasUpdateTest.test_share_group_quotas_usages ... SKIPPED: Share Group tests disabled.
{0} manila_tempest_tests.tests.api.******.test_quotas.SharesAdminQuotasUpdateTest.test_unlimited_quota_for_gigabytes [0.143470s] ... ok
{0} manila_tempest_tests.tests.api.******.test_quotas.SharesAdminQuotasUpdateTest.test_unlimited_quota_for_replica_quotas_1_share_replicas [0.085727s] ... ok
{0} manila_tempest_tests.tests.api.******.test_quotas.SharesAdminQuotasUpdateTest.test_unlimited_quota_for_replica_quotas_2_replica_gigabytes [0.103455s] ... ok
{0} manila_tempest_tests.tests.api.******.test_quotas.SharesAdminQuotasUpdateTest.test_unlimited_quota_for_share_groups ... SKIPPED: Share Group tests disabled.
{0} manila_tempest_tests.tests.api.******.test_quotas.SharesAdminQuotasUpdateTest.test_unlimited_quota_for_share_networks [0.073685s] ... ok
{0} manila_tempest_tests.tests.api.******.test_quotas.SharesAdminQuotasUpdateTest.test_unlimited_quota_for_shares [0.072877s] ... ok
{0} manila_tempest_tests.tests.api.******.test_quotas.SharesAdminQuotasUpdateTest.test_unlimited_quota_for_snapshot_gigabytes [0.078626s] ... ok
{0} manila_tempest_tests.tests.api.******.test_quotas.SharesAdminQuotasUpdateTest.test_unlimited_quota_for_snapshots [0.077236s] ... ok
{0} manila_tempest_tests.tests.api.******.test_quotas.SharesAdminQuotasUpdateTest.test_unlimited_user_quota_for_gigabytes [0.097250s] ... ok
{0} manila_tempest_tests.tests.api.******.test_quotas.SharesAdminQuotasUpdateTest.test_unlimited_user_quota_for_replica_quotas_1_share_replicas [0.108724s] ... ok
{0} manila_tempest_tests.tests.api.******.test_quotas.SharesAdminQuotasUpdateTest.test_unlimited_user_quota_for_replica_quotas_2_replica_gigabytes [0.105335s] ... ok
{0} manila_tempest_tests.tests.api.******.test_quotas.SharesAdminQuotasUpdateTest.test_unlimited_user_quota_for_share_group_snapshots ... SKIPPED: Share Group tests disabled.
{0} manila_tempest_tests.tests.api.******.test_quotas.SharesAdminQuotasUpdateTest.test_unlimited_user_quota_for_share_networks [0.096751s] ... ok
{0} manila_tempest_tests.tests.api.******.test_quotas.SharesAdminQuotasUpdateTest.test_unlimited_user_quota_for_shares [0.115536s] ... ok
{0} manila_tempest_tests.tests.api.******.test_quotas.SharesAdminQuotasUpdateTest.test_unlimited_user_quota_for_snapshot_gigabytes [0.098188s] ... ok
{0} manila_tempest_tests.tests.api.******.test_quotas.SharesAdminQuotasUpdateTest.test_unlimited_user_quota_for_snapshots [0.111305s] ... ok
{0} manila_tempest_tests.tests.api.******.test_quotas.SharesAdminQuotasUpdateTest.test_update_share_type_quota_1___id___True_ [0.504973s] ... ok
{0} manila_tempest_tests.tests.api.******.test_quotas.SharesAdminQuotasUpdateTest.test_update_share_type_quota_2___name___False_ [0.488346s] ... ok
{0} manila_tempest_tests.tests.api.******.test_quotas.SharesAdminQuotasUpdateTest.test_update_share_type_quotas_bigger_than_project_quota_1_11 [0.181101s] ... ok
{0} manila_tempest_tests.tests.api.******.test_quotas.SharesAdminQuotasUpdateTest.test_update_share_type_quotas_bigger_than_project_quota_2__1 [0.163157s] ... ok
{0} manila_tempest_tests.tests.api.******.test_quotas.SharesAdminQuotasUpdateTest.test_update_tenant_quota_encryption_keys [0.096684s] ... ok
{0} manila_tempest_tests.tests.api.******.test_quotas.SharesAdminQuotasUpdateTest.test_update_tenant_quota_gigabytes [0.078601s] ... ok
{0} manila_tempest_tests.tests.api.******.test_quotas.SharesAdminQuotasUpdateTest.test_update_tenant_quota_share_groups_1_share_groups ... SKIPPED: Share Group tests disabled.
{0} manila_tempest_tests.tests.api.******.test_quotas.SharesAdminQuotasUpdateTest.test_update_tenant_quota_share_groups_2_share_group_snapshots ... SKIPPED: Share Group tests disabled.
{0} manila_tempest_tests.tests.api.******.test_quotas.SharesAdminQuotasUpdateTest.test_update_tenant_quota_share_networks [0.086606s] ... ok
{0} manila_tempest_tests.tests.api.******.test_quotas.SharesAdminQuotasUpdateTest.test_update_tenant_quota_shares [0.085505s] ... ok
{0} manila_tempest_tests.tests.api.******.test_quotas.SharesAdminQuotasUpdateTest.test_update_tenant_quota_snapshot_gigabytes [0.085908s] ... ok
{0} manila_tempest_tests.tests.api.******.test_quotas.SharesAdminQuotasUpdateTest.test_update_tenant_quota_snapshots [0.090336s] ... ok
{0} manila_tempest_tests.tests.api.******.test_quotas.SharesAdminQuotasUpdateTest.test_update_user_quota_gigabytes [0.086585s] ... ok
{0} manila_tempest_tests.tests.api.******.test_quotas.SharesAdminQuotasUpdateTest.test_update_user_quota_replica_related_1___share_replicas___False_ [0.075347s] ... ok
{0} manila_tempest_tests.tests.api.******.test_quotas.SharesAdminQuotasUpdateTest.test_update_user_quota_replica_related_2___share_replicas___True_ [0.105473s] ... ok
{0} manila_tempest_tests.tests.api.******.test_quotas.SharesAdminQuotasUpdateTest.test_update_user_quota_replica_related_3___replica_gigabytes___False_ [0.091741s] ... ok
{0} manila_tempest_tests.tests.api.******.test_quotas.SharesAdminQuotasUpdateTest.test_update_user_quota_replica_related_4___replica_gigabytes___True_ [0.105762s] ... ok
{0} manila_tempest_tests.tests.api.******.test_quotas.SharesAdminQuotasUpdateTest.test_update_user_quota_share_groups_1_share_groups ... SKIPPED: Share Group tests disabled.
{0} manila_tempest_tests.tests.api.******.test_quotas.SharesAdminQuotasUpdateTest.test_update_user_quota_share_groups_2_share_group_snapshots ... SKIPPED: Share Group tests disabled.
{0} manila_tempest_tests.tests.api.******.test_quotas.SharesAdminQuotasUpdateTest.test_update_user_quota_share_networks [0.101972s] ... ok
{0} manila_tempest_tests.tests.api.******.test_quotas.SharesAdminQuotasUpdateTest.test_update_user_quota_shares [0.130425s] ... ok
{0} manila_tempest_tests.tests.api.******.test_quotas.SharesAdminQuotasUpdateTest.test_update_user_quota_snapshot_gigabytes [0.100012s] ... ok
{0} manila_tempest_tests.tests.api.******.test_quotas.SharesAdminQuotasUpdateTest.test_update_user_quota_snapshots [0.108010s] ... ok
{0} manila_tempest_tests.tests.api.******.test_quotas.SharesAdminQuotasUpdateTest.test_update_user_quotas_bigger_than_project_quota_1_11 [0.272389s] ... ok
{0} manila_tempest_tests.tests.api.******.test_quotas.SharesAdminQuotasUpdateTest.test_update_user_quotas_bigger_than_project_quota_2__1 [0.142653s] ... ok
{0} setUpClass (manila_tempest_tests.tests.api.******.test_share_manage.ManageCephFSShareTest) ... SKIPPED: cephfs tests are disabled
{0} setUpClass (manila_tempest_tests.tests.api.******.test_share_manage.ManageHDFSShareTest) ... SKIPPED: hdfs tests are disabled
{0} setUpClass (manila_tempest_tests.tests.api.******.test_share_manage.ManageMapRFSShareTest) ... SKIPPED: maprfs tests are disabled
{0} setUpClass (manila_tempest_tests.tests.api.******.test_share_manage_negative.ManageGLUSTERFSShareNegativeTest) ... SKIPPED: glusterfs tests are disabled
{0} setUpClass (manila_tempest_tests.tests.api.******.test_share_servers_migration.ShareServerMigrationBasicCIFS) ... SKIPPED: cifs tests are disabled.
{0} setUpClass (manila_tempest_tests.tests.api.******.test_share_servers_migration.ShareServerMigrationBasicNFS) ... SKIPPED: Multitenancy tests are disabled.
{0} setUpClass (manila_tempest_tests.tests.api.******.test_share_servers_migration_negative.ShareServerMigrationInvalidParametersCIFS) ... SKIPPED: cifs tests are disabled.
{2} manila_tempest_tests.tests.api.******.test_share_manage.ManageNFSShareTest.test_manage_show_user_id [59.693767s] ... ok
{3} manila_tempest_tests.tests.api.test_resource_locks.ResourceLockDeleteTest.test_delete_lock [53.001882s] ... ok
{0} manila_tempest_tests.tests.api.******.test_share_types.ShareTypesAdminTest.test_get_share_with_share_type [49.829587s] ... ok
{0} manila_tempest_tests.tests.api.******.test_share_types.ShareTypesAdminTest.test_private_share_type_access [0.542455s] ... ok
{0} manila_tempest_tests.tests.api.******.test_share_types.ShareTypesAdminTest.test_share_type_create_delete [0.203883s] ... ok
{0} manila_tempest_tests.tests.api.******.test_share_types.ShareTypesAdminTest.test_share_type_create_get_1_2_0 [0.038970s] ... ok
{0} manila_tempest_tests.tests.api.******.test_share_types.ShareTypesAdminTest.test_share_type_create_get_2_2_6 [0.039815s] ... ok
{0} manila_tempest_tests.tests.api.******.test_share_types.ShareTypesAdminTest.test_share_type_create_get_3_2_7 [0.045725s] ... ok
{0} manila_tempest_tests.tests.api.******.test_share_types.ShareTypesAdminTest.test_share_type_create_get_4_2_40 [0.250074s] ... ok
{0} manila_tempest_tests.tests.api.******.test_share_types.ShareTypesAdminTest.test_share_type_create_get_5_2_41 [1.416309s] ... ok
{0} manila_tempest_tests.tests.api.******.test_share_types.ShareTypesAdminTest.test_share_type_create_list_1_2_0 [0.277420s] ... ok
{0} manila_tempest_tests.tests.api.******.test_share_types.ShareTypesAdminTest.test_share_type_create_list_2_2_6 [0.068050s] ... ok
{0} manila_tempest_tests.tests.api.******.test_share_types.ShareTypesAdminTest.test_share_type_create_list_3_2_7 [0.171557s] ... ok
{0} manila_tempest_tests.tests.api.******.test_share_types.ShareTypesAdminTest.test_share_type_create_list_4_2_40 [0.516888s] ... ok
{0} manila_tempest_tests.tests.api.******.test_share_types.ShareTypesAdminTest.test_share_type_create_list_5_2_41 [0.559447s] ... ok
{0} manila_tempest_tests.tests.api.******.test_share_types.ShareTypesAdminTest.test_share_type_create_show_list_with_is_default_key_1_2_45 [0.564091s] ... ok
{0} manila_tempest_tests.tests.api.******.test_share_types.ShareTypesAdminTest.test_share_type_create_show_list_with_is_default_key_2_2_46 [0.061919s] ... ok
{0} manila_tempest_tests.tests.api.******.test_share_types.ShareTypesAdminTest.test_share_type_create_show_list_with_is_default_key_3_2_96 [0.061152s] ... ok
{0} manila_tempest_tests.tests.api.******.test_share_types.ShareTypesAdminTest.test_share_type_create_update_01_2_50_name_description_public [0.052989s] ... ok
{0} manila_tempest_tests.tests.api.******.test_share_types.ShareTypesAdminTest.test_share_type_create_update_02_2_50_name [0.050340s] ... ok
{0} manila_tempest_tests.tests.api.******.test_share_types.ShareTypesAdminTest.test_share_type_create_update_03_2_50_description_public [0.046617s] ... ok
{0} manila_tempest_tests.tests.api.******.test_share_types.ShareTypesAdminTest.test_share_type_create_update_04_2_50_public [0.053809s] ... ok
{0} manila_tempest_tests.tests.api.******.test_share_types.ShareTypesAdminTest.test_share_type_create_update_05_2_50 [0.044519s] ... ok
{0} manila_tempest_tests.tests.api.******.test_share_types.ShareTypesAdminTest.test_share_type_create_update_06_2_96_name_description_public [0.050302s] ... ok
{0} manila_tempest_tests.tests.api.******.test_share_types.ShareTypesAdminTest.test_share_type_create_update_07_2_96_name [0.051339s] ... ok
{0} manila_tempest_tests.tests.api.******.test_share_types.ShareTypesAdminTest.test_share_type_create_update_08_2_96_description [0.276447s] ... ok
{0} manila_tempest_tests.tests.api.******.test_share_types.ShareTypesAdminTest.test_share_type_create_update_09_2_96_public [0.049575s] ... ok
{0} manila_tempest_tests.tests.api.******.test_share_types.ShareTypesAdminTest.test_share_type_create_update_10_2_96 [0.213227s] ... ok
{0} manila_tempest_tests.tests.api.******.test_share_types.ShareTypesAdminTest.test_share_type_unset_description_1___2_50___None______None_ [0.114209s] ... ok
{0} manila_tempest_tests.tests.api.******.test_share_types.ShareTypesAdminTest.test_share_type_unset_description_2___2_96___None______None_ [0.056214s] ... ok
{1} manila_tempest_tests.tests.api.test_access_rules_metadata_negative.AccessesMetadataNegativeTest.test_try_delete_unexisting_access_metadata [0.062123s] ... ok
{1} manila_tempest_tests.tests.api.test_access_rules_metadata_negative.AccessesMetadataNegativeTest.test_try_upd_access_metadata_error_1 [0.045741s] ... ok
{1} manila_tempest_tests.tests.api.test_access_rules_metadata_negative.AccessesMetadataNegativeTest.test_try_upd_access_metadata_error_2 [0.047102s] ... ok
{1} manila_tempest_tests.tests.api.test_access_rules_metadata_negative.AccessesMetadataNegativeTest.test_try_upd_access_metadata_error_3 [0.047234s] ... ok
{0} setUpClass (manila_tempest_tests.tests.api.******.test_shares_actions.SharesActionsAdminTest) [0.000000s] ... FAILED

Captured traceback:
~~~~~~~~~~~~~~~~~~~
    Traceback (most recent call last):

      File "/opt/stack/tempest/tempest/test.py", line 185, in setUpClass
    raise value.with_traceback(trace)

      File "/opt/stack/tempest/tempest/test.py", line 178, in setUpClass
    cls.resource_setup()

      File "/opt/stack/tempest/manila-tempest-plugin/manila_tempest_tests/tests/api/******/test_shares_actions.py", line 55, in resource_setup
    cls.shares.append(cls.create_share(
                      ^^^^^^^^^^^^^^^^^

      File "/opt/stack/tempest/manila-tempest-plugin/manila_tempest_tests/tests/api/base.py", line 410, in create_share
    result = cls.create_shares([{"args": args, "kwargs": kwargs}])
             ^^^^^^^^^^^^^^^^^^^^^^^^^^^^^^^^^^^^^^^^^^^^^^^^^^^^^

      File "/opt/stack/tempest/manila-tempest-plugin/manila_tempest_tests/tests/api/base.py", line 468, in create_shares
    waiters.wait_for_resource_status(

      File "/opt/stack/tempest/manila-tempest-plugin/manila_tempest_tests/common/waiters.py", line 109, in wait_for_resource_status
    raise resource_exception(resource_id=resource_id)

    manila_tempest_tests.share_exceptions.ShareBuildErrorException: Share 45596cac-2b53-48a2-8186-2ee808a46cac failed to build and is in ERROR status

{0} setUpClass (manila_tempest_tests.tests.api.******.test_snapshot_export_locations.SnapshotExportLocationsTest) [0.000000s] ... FAILED

Captured traceback:
~~~~~~~~~~~~~~~~~~~
    Traceback (most recent call last):

      File "/opt/stack/tempest/tempest/test.py", line 185, in setUpClass
    raise value.with_traceback(trace)

      File "/opt/stack/tempest/tempest/test.py", line 178, in setUpClass
    cls.resource_setup()

      File "/opt/stack/tempest/manila-tempest-plugin/manila_tempest_tests/tests/api/******/test_snapshot_export_locations.py", line 61, in resource_setup
    cls.share = cls.create_share(share_type_id=cls.share_type_id,
                ^^^^^^^^^^^^^^^^^^^^^^^^^^^^^^^^^^^^^^^^^^^^^^^^^

      File "/opt/stack/tempest/manila-tempest-plugin/manila_tempest_tests/tests/api/base.py", line 410, in create_share
    result = cls.create_shares([{"args": args, "kwargs": kwargs}])
             ^^^^^^^^^^^^^^^^^^^^^^^^^^^^^^^^^^^^^^^^^^^^^^^^^^^^^

      File "/opt/stack/tempest/manila-tempest-plugin/manila_tempest_tests/tests/api/base.py", line 468, in create_shares
    waiters.wait_for_resource_status(

      File "/opt/stack/tempest/manila-tempest-plugin/manila_tempest_tests/common/waiters.py", line 109, in wait_for_resource_status
    raise resource_exception(resource_id=resource_id)

    manila_tempest_tests.share_exceptions.ShareBuildErrorException: Share 87c3b1b7-12b3-4ce2-bd2a-f469c23237de failed to build and is in ERROR status

{2} manila_tempest_tests.tests.api.******.test_share_manage.ManageNFSShareTest.test_manage_with_is_public_True [80.211896s] ... ok
{0} manila_tempest_tests.tests.api.******.test_snapshot_export_locations_negative.SnapshotExportLocationsAPIOnlyNegativeTest.test_list_export_locations_by_nonexistent_snapshot [0.296497s] ... ok
{0} manila_tempest_tests.tests.api.******.test_snapshot_export_locations_negative.SnapshotExportLocationsAPIOnlyNegativeTest.test_list_export_locations_by_nonexistent_snapshot_instance [0.043981s] ... ok
{0} manila_tempest_tests.tests.api.******.test_snapshot_export_locations_negative.SnapshotExportLocationsAPIOnlyNegativeTest.test_list_inexistent_snapshot_instance_export_locations_by_member [0.165425s] ... ok
{0} setUpClass (manila_tempest_tests.tests.api.******.test_snapshot_manage.ManageCIFSSnapshotTest) ... SKIPPED: cifs tests are disabled
{0} setUpClass (manila_tempest_tests.tests.api.******.test_snapshot_manage.ManageMapRFSSnapshotTest) ... SKIPPED: maprfs tests are disabled
{0} setUpClass (manila_tempest_tests.tests.api.******.test_snapshot_manage.ManageNFSSnapshotTest) [0.000000s] ... FAILED

Captured traceback:
~~~~~~~~~~~~~~~~~~~
    Traceback (most recent call last):

      File "/opt/stack/tempest/tempest/test.py", line 185, in setUpClass
    raise value.with_traceback(trace)

      File "/opt/stack/tempest/tempest/test.py", line 178, in setUpClass
    cls.resource_setup()

      File "/opt/stack/tempest/manila-tempest-plugin/manila_tempest_tests/tests/api/******/test_snapshot_manage.py", line 70, in resource_setup
    cls.share = cls.create_share(share_type_id=cls.st['id'],
                ^^^^^^^^^^^^^^^^^^^^^^^^^^^^^^^^^^^^^^^^^^^^

      File "/opt/stack/tempest/manila-tempest-plugin/manila_tempest_tests/tests/api/base.py", line 410, in create_share
    result = cls.create_shares([{"args": args, "kwargs": kwargs}])
             ^^^^^^^^^^^^^^^^^^^^^^^^^^^^^^^^^^^^^^^^^^^^^^^^^^^^^

      File "/opt/stack/tempest/manila-tempest-plugin/manila_tempest_tests/tests/api/base.py", line 468, in create_shares
    waiters.wait_for_resource_status(

      File "/opt/stack/tempest/manila-tempest-plugin/manila_tempest_tests/common/waiters.py", line 109, in wait_for_resource_status
    raise resource_exception(resource_id=resource_id)

    manila_tempest_tests.share_exceptions.ShareBuildErrorException: Share c70cdd49-0188-49de-ac9d-4ad82e4c4efe failed to build and is in ERROR status

{3} manila_tempest_tests.tests.api.test_resource_locks.ResourceLockDeleteTest.test_delete_locked_resource [79.415620s] ... ok
{0} setUpClass (manila_tempest_tests.tests.api.******.test_snapshot_manage_negative.ManageHDFSSnapshotNegativeTest) ... SKIPPED: hdfs tests are disabled
{0} setUpClass (manila_tempest_tests.tests.api.******.test_snapshot_manage_negative.ManageMapRFSSnapshotNegativeTest) ... SKIPPED: maprfs tests are disabled
{0} manila_tempest_tests.tests.api.******.test_user_messages_negative.UserMessageNegativeTest.test_delete_message_of_other_tenants [8.224091s] ... ok
{0} manila_tempest_tests.tests.api.******.test_user_messages_negative.UserMessageNegativeTest.test_delete_nonexistent_message [3.824853s] ... ok
{0} manila_tempest_tests.tests.api.******.test_user_messages_negative.UserMessageNegativeTest.test_list_messages_with_invalid_time_format [7.458558s] ... ok
{3} setUpClass (manila_tempest_tests.tests.api.test_rules.ShareUserRulesForNFSTest) ... SKIPPED: USER rule tests for nfs protocol are disabled
{1} manila_tempest_tests.tests.api.test_availability_zones_negative.AvailabilityZonesNegativeTest.test_list_availability_zones_api_not_found [0.104220s] ... ok
{1} manila_tempest_tests.tests.api.test_availability_zones_negative.AvailabilityZonesNegativeTest.test_list_availability_zones_api_not_found_with_legacy_url [0.008967s] ... ok
{1} setUpClass (manila_tempest_tests.tests.api.test_backup.ShareBackupTest) ... SKIPPED: Share backup tests are disabled.
{1} manila_tempest_tests.tests.api.test_metadata_negative.SharesMetadataAPIOnlyNegativeTest.test_try_set_metadata_to_unexisting_share [0.337054s] ... ok
{1} manila_tempest_tests.tests.api.test_metadata_negative.SharesMetadataAPIOnlyNegativeTest.test_try_update_all_metadata_for_unexisting_share [0.027399s] ... ok
{3} setUpClass (manila_tempest_tests.tests.api.test_rules_negative.ShareCertRulesForGLUSTERFSNegativeTest) ... SKIPPED: CERT rule tests for glusterfs protocol are disabled
{3} setUpClass (manila_tempest_tests.tests.api.test_rules_negative.ShareIpRulesForCIFSNegativeTest) ... SKIPPED: IP rule tests for cifs protocol are disabled
{0} manila_tempest_tests.tests.api.******.test_user_messages_negative.UserMessageNegativeTest.test_show_message_of_other_tenants [6.959753s] ... ok
{0} manila_tempest_tests.tests.api.******.test_user_messages_negative.UserMessageNegativeTest.test_show_nonexistent_message [6.895284s] ... ok
{3} setUpClass (manila_tempest_tests.tests.api.test_rules_negative.ShareIpRulesForNFSNegativeTest) [0.000000s] ... FAILED

Captured traceback:
~~~~~~~~~~~~~~~~~~~
    Traceback (most recent call last):

      File "/opt/stack/tempest/tempest/test.py", line 185, in setUpClass
    raise value.with_traceback(trace)

      File "/opt/stack/tempest/tempest/test.py", line 178, in setUpClass
    cls.resource_setup()

      File "/opt/stack/tempest/manila-tempest-plugin/manila_tempest_tests/tests/api/test_rules_negative.py", line 58, in resource_setup
    cls.share = cls.create_share(cls.protocol,
                ^^^^^^^^^^^^^^^^^^^^^^^^^^^^^^

      File "/opt/stack/tempest/manila-tempest-plugin/manila_tempest_tests/tests/api/base.py", line 410, in create_share
    result = cls.create_shares([{"args": args, "kwargs": kwargs}])
             ^^^^^^^^^^^^^^^^^^^^^^^^^^^^^^^^^^^^^^^^^^^^^^^^^^^^^

      File "/opt/stack/tempest/manila-tempest-plugin/manila_tempest_tests/tests/api/base.py", line 468, in create_shares
    waiters.wait_for_resource_status(

      File "/opt/stack/tempest/manila-tempest-plugin/manila_tempest_tests/common/waiters.py", line 109, in wait_for_resource_status
    raise resource_exception(resource_id=resource_id)

    manila_tempest_tests.share_exceptions.ShareBuildErrorException: Share f008d8aa-50d6-46ef-823c-9dd1feedb8ac failed to build and is in ERROR status

{3} setUpClass (manila_tempest_tests.tests.api.test_scheduler_hints_negative.SharesSchedulerHintsNegativeTest) ... SKIPPED: Manila multi-backend is disabled.
{3} setUpClass (manila_tempest_tests.tests.api.test_share_encryption_negative.SharesEncryptionNegativeTest) ... SKIPPED: Encryption tests are disabled.
{3} setUpClass (manila_tempest_tests.tests.api.test_share_group_actions.ShareGroupActionsTest) ... SKIPPED: Share Group tests disabled.
{3} manila_tempest_tests.tests.api.test_share_network_subnet_metadata.ShareNetworkSubnetMetadataTest.test_set_and_update_metadata_by_key [0.686382s] ... ok
{3} manila_tempest_tests.tests.api.test_share_network_subnet_metadata.ShareNetworkSubnetMetadataTest.test_set_get_delete_metadata [0.764528s] ... ok
{3} manila_tempest_tests.tests.api.test_share_network_subnet_metadata.ShareNetworkSubnetMetadataTest.test_set_metadata_in_subnet_creation [1.645599s] ... ok
{3} manila_tempest_tests.tests.api.test_share_network_subnet_metadata.ShareNetworkSubnetMetadataTest.test_set_metadata_key_already_exist [1.086150s] ... ok
{3} manila_tempest_tests.tests.api.test_share_network_subnet_metadata.ShareNetworkSubnetMetadataTest.test_set_metadata_max_size_key [0.121484s] ... ok
{3} manila_tempest_tests.tests.api.test_share_network_subnet_metadata.ShareNetworkSubnetMetadataTest.test_set_metadata_max_size_value [0.093459s] ... ok
{3} manila_tempest_tests.tests.api.test_share_network_subnet_metadata.ShareNetworkSubnetMetadataTest.test_set_metadata_min_size_key [0.106575s] ... ok
{3} manila_tempest_tests.tests.api.test_share_network_subnet_metadata.ShareNetworkSubnetMetadataTest.test_set_metadata_min_size_value [0.101602s] ... ok
{3} manila_tempest_tests.tests.api.test_share_network_subnet_metadata.ShareNetworkSubnetMetadataTest.test_set_metadata_not_delete_pre_metadata [1.149071s] ... ok
{3} manila_tempest_tests.tests.api.test_share_network_subnet_metadata.ShareNetworkSubnetMetadataTest.test_upd_metadata_max_size_key [0.213579s] ... ok
{3} manila_tempest_tests.tests.api.test_share_network_subnet_metadata.ShareNetworkSubnetMetadataTest.test_upd_metadata_max_size_value [0.138851s] ... ok
{3} manila_tempest_tests.tests.api.test_share_network_subnet_metadata.ShareNetworkSubnetMetadataTest.test_upd_metadata_min_size_key [0.155667s] ... ok
{3} manila_tempest_tests.tests.api.test_share_network_subnet_metadata.ShareNetworkSubnetMetadataTest.test_upd_metadata_min_size_value [0.141246s] ... ok
{2} manila_tempest_tests.tests.api.******.test_share_manage.ManageNFSShareTest.test_manage_with_os_share_manage_url [79.465282s] ... ok
{2} setUpClass (manila_tempest_tests.tests.api.******.test_share_manage_negative.ManageHDFSShareNegativeTest) ... SKIPPED: hdfs tests are disabled
{2} manila_tempest_tests.tests.api.******.test_share_manage_negative.ManageNFSShareNegativeTest.test_delete_share_in_manage_error [3.965281s] ... FAILED

Captured traceback:
~~~~~~~~~~~~~~~~~~~
    Traceback (most recent call last):

      File "/opt/stack/tempest/manila-tempest-plugin/manila_tempest_tests/tests/api/******/test_share_manage_negative.py", line 275, in test_delete_share_in_manage_error
    share = self._create_share_for_manage()
            ^^^^^^^^^^^^^^^^^^^^^^^^^^^^^^^

      File "/opt/stack/tempest/manila-tempest-plugin/manila_tempest_tests/tests/api/base.py", line 1172, in _create_share_for_manage
    share = self.create_share(**creation_data)
            ^^^^^^^^^^^^^^^^^^^^^^^^^^^^^^^^^^

      File "/opt/stack/tempest/manila-tempest-plugin/manila_tempest_tests/tests/api/base.py", line 410, in create_share
    result = cls.create_shares([{"args": args, "kwargs": kwargs}])
             ^^^^^^^^^^^^^^^^^^^^^^^^^^^^^^^^^^^^^^^^^^^^^^^^^^^^^

      File "/opt/stack/tempest/manila-tempest-plugin/manila_tempest_tests/tests/api/base.py", line 468, in create_shares
    waiters.wait_for_resource_status(

      File "/opt/stack/tempest/manila-tempest-plugin/manila_tempest_tests/common/waiters.py", line 109, in wait_for_resource_status
    raise resource_exception(resource_id=resource_id)

    manila_tempest_tests.share_exceptions.ShareBuildErrorException: Share 4b9a3f0d-d729-46fa-aa88-f3a5cf554461 failed to build and is in ERROR status


Captured pythonlogging:
~~~~~~~~~~~~~~~~~~~~~~~
    2026-07-27 09:17:46,877 243661 INFO     [tempest.lib.common.rest_client] Request (ManageNFSShareNegativeTest:test_delete_share_in_manage_error): 200 POST http://10.132.46.216/share/v2/shares 0.391s
2026-07-27 09:17:46,878 243661 DEBUG    [tempest.lib.common.rest_client] Request - Headers: {'Content-Type': 'application/json', 'Accept': 'application/json', 'x-openstack-manila-api-version': '2.96', 'X-Auth-Token': '<omitted>'}
        Body: {"share": {"share_proto": "nfs", "description": "Tempest's share", "snapshot_id": null, "name": "tempest-tempest-created-share-767534326", "size": 1, "metadata": {}, "is_public": false, "share_type": "dc856d1f-040d-4f53-b50f-2b42fe569f68"}}
    Response - Headers: {'date': 'Mon, 27 Jul 2026 09:17:46 GMT', 'server': 'Apache/2.4.58 (Ubuntu)', 'content-type': 'application/json', 'content-length': '1309', 'x-compute-request-id': 'req-1515bce6-6be9-49b2-8e35-697a0889c2e9', 'x-openstack-manila-api-version': '2.96', 'vary': 'X-OpenStack-Manila-API-Version', 'x-openstack-request-id': 'req-1515bce6-6be9-49b2-8e35-697a0889c2e9', 'connection': 'close', 'status': '200', 'content-location': 'http://10.132.46.216/share/v2/shares'}
        Body: b'{"share": {"id": "4b9a3f0d-d729-46fa-aa88-f3a5cf554461", "size": 1, "availability_zone": null, "created_at": "2026-07-27T09:17:46.659130", "status": "creating", "name": "tempest-tempest-created-share-767534326", "description": "Tempest\'s share", "project_id": "f24921942111403c90eed1460df5273d", "snapshot_id": null, "share_network_id": null, "share_proto": "NFS", "metadata": {}, "share_type": "dc856d1f-040d-4f53-b50f-2b42fe569f68", "volume_type": "tempest-manage-st-name-720218091", "links": [{"rel": "self", "href": "http://10.132.46.216/share/v2/shares/4b9a3f0d-d729-46fa-aa88-f3a5cf554461"}, {"rel": "bookmark", "href": "http://10.132.46.216/share/shares/4b9a3f0d-d729-46fa-aa88-f3a5cf554461"}], "is_public": false, "snapshot_support": true, "task_state": null, "share_type_name": "tempest-manage-st-name-720218091", "access_rules_status": "active", "replication_type": null, "has_replicas": false, "user_id": "a77762351878403e979680d4d8358cba", "create_share_from_snapshot_support": false, "revert_to_snapshot_support": false, "share_group_id": null, "source_share_group_snapshot_member_id": null, "mount_snapshot_support": false, "progress": null, "is_soft_deleted": false, "scheduled_to_be_deleted_at": null, "source_backup_id": null, "encryption_key_ref": null, "share_server_id": null, "host": ""}}'
2026-07-27 09:17:46,977 243661 INFO     [tempest.lib.common.rest_client] Request (ManageNFSShareNegativeTest:test_delete_share_in_manage_error): 200 GET http://10.132.46.216/share/v2/shares/4b9a3f0d-d729-46fa-aa88-f3a5cf554461 0.097s
2026-07-27 09:17:46,977 243661 DEBUG    [tempest.lib.common.rest_client] Request - Headers: {'Content-Type': 'application/json', 'Accept': 'application/json', 'x-openstack-manila-api-version': '2.96', 'X-Auth-Token': '<omitted>'}
        Body: None
    Response - Headers: {'date': 'Mon, 27 Jul 2026 09:17:46 GMT', 'server': 'Apache/2.4.58 (Ubuntu)', 'content-type': 'application/json', 'content-length': '1306', 'x-compute-request-id': 'req-256ccda0-8329-46fa-8916-fe2adbdb13e2', 'x-openstack-manila-api-version': '2.96', 'vary': 'X-OpenStack-Manila-API-Version', 'x-openstack-request-id': 'req-256ccda0-8329-46fa-8916-fe2adbdb13e2', 'connection': 'close', 'status': '200', 'content-location': 'http://10.132.46.216/share/v2/shares/4b9a3f0d-d729-46fa-aa88-f3a5cf554461'}
        Body: b'{"share": {"id": "4b9a3f0d-d729-46fa-aa88-f3a5cf554461", "size": 1, "availability_zone": null, "created_at": "2026-07-27T09:17:46.659130", "status": "error", "name": "tempest-tempest-created-share-767534326", "description": "Tempest\'s share", "project_id": "f24921942111403c90eed1460df5273d", "snapshot_id": null, "share_network_id": null, "share_proto": "NFS", "metadata": {}, "share_type": "dc856d1f-040d-4f53-b50f-2b42fe569f68", "volume_type": "tempest-manage-st-name-720218091", "links": [{"rel": "self", "href": "http://10.132.46.216/share/v2/shares/4b9a3f0d-d729-46fa-aa
    88-f3a5cf554461"}, {"rel": "bookmark", "href": "http://10.132.46.216/share/shares/4b9a3f0d-d729-46fa-aa88-f3a5cf554461"}], "is_public": false, "snapshot_support": true, "task_state": null, "share_type_name": "tempest-manage-st-name-720218091", "access_rules_status": "active", "replication_type": null, "has_replicas": false, "user_id": "a77762351878403e979680d4d8358cba", "create_share_from_snapshot_support": false, "revert_to_snapshot_support": false, "share_group_id": null, "source_share_group_snapshot_member_id": null, "mount_snapshot_support": false, "progress": null, "is_soft_deleted": false, "scheduled_to_be_deleted_at": null, "source_backup_id": null, "encryption_key_ref": null, "share_server_id": null, "host": ""}}'
2026-07-27 09:17:50,094 243661 INFO     [tempest.lib.common.rest_client] Request (ManageNFSShareNegativeTest:test_delete_share_in_manage_error): 200 GET http://10.132.46.216/share/v2/shares/4b9a3f0d-d729-46fa-aa88-f3a5cf554461 0.110s
2026-07-27 09:17:50,094 243661 DEBUG    [tempest.lib.common.rest_client] Request - Headers: {'Content-Type': 'application/json', 'Accept': 'application/json', 'x-openstack-manila-api-version': '2.96', 'X-Auth-Token': '<omitted>'}
        Body: None
    Response - Headers: {'date': 'Mon, 27 Jul 2026 09:17:49 GMT', 'server': 'Apache/2.4.58 (Ubuntu)', 'content-type': 'application/json', 'content-length': '1306', 'x-compute-request-id': 'req-1362aadb-bc20-4f80-be8b-58e302aa70af', 'x-openstack-manila-api-version': '2.96', 'vary': 'X-OpenStack-Manila-API-Version', 'x-openstack-request-id': 'req-1362aadb-bc20-4f80-be8b-58e302aa70af', 'connection': 'close', 'status': '200', 'content-location': 'http://10.132.46.216/share/v2/shares/4b9a3f0d-d729-46fa-aa88-f3a5cf554461'}
        Body: b'{"share": {"id": "4b9a3f0d-d729-46fa-aa88-f3a5cf554461", "size": 1, "availability_zone": null, "created_at": "2026-07-27T09:17:46.659130", "status": "error", "name": "tempest-tempest-created-share-767534326", "description": "Tempest\'s share", "project_id": "f24921942111403c90eed1460df5273d", "snapshot_id": null, "share_network_id": null, "share_proto": "NFS", "metadata": {}, "share_type": "dc856d1f-040d-4f53-b50f-2b42fe569f68", "volume_type": "tempest-manage-st-name-720218091", "links": [{"rel": "self", "href": "http://10.132.46.216/share/v2/shares/4b9a3f0d-d729-46fa-aa88-f3a5cf554461"}, {"rel": "bookmark", "href": "http://10.132.46.216/share/shares/4b9a3f0d-d729-46fa-aa88-f3a5cf554461"}], "is_public": false, "snapshot_support": true, "task_state": null, "share_type_name": "tempest-manage-st-name-720218091", "access_rules_status": "active", "replication_type": null, "has_replicas": false, "user_id": "a77762351878403e979680d4d8358cba", "create_share_from_snapshot_support": false, "revert_to_snapshot_support": false, "share_group_id": null, "source_share_group_snapshot_member_id": null, "mount_snapshot_support": false, "progress": null, "is_soft_deleted": false, "scheduled_to_be_deleted_at": null, "source_backup_id": null, "encryption_key_ref": null, "share_server_id": null, "host": ""}}'

{2} manila_tempest_tests.tests.api.******.test_share_manage_negative.ManageNFSShareNegativeTest.test_manage_invalid_param_manage_error [4.258890s] ... FAILED

Captured traceback:
~~~~~~~~~~~~~~~~~~~
    Traceback (most recent call last):

      File "/opt/stack/tempest/manila-tempest-plugin/manila_tempest_tests/tests/api/******/test_share_manage_negative.py", line 159, in test_manage_invalid_param_manage_error
    share = self._create_share_for_manage()
            ^^^^^^^^^^^^^^^^^^^^^^^^^^^^^^^

      File "/opt/stack/tempest/manila-tempest-plugin/manila_tempest_tests/tests/api/base.py", line 1172, in _create_share_for_manage
    share = self.create_share(**creation_data)
            ^^^^^^^^^^^^^^^^^^^^^^^^^^^^^^^^^^

      File "/opt/stack/tempest/manila-tempest-plugin/manila_tempest_tests/tests/api/base.py", line 410, in create_share
    result = cls.create_shares([{"args": args, "kwargs": kwargs}])
             ^^^^^^^^^^^^^^^^^^^^^^^^^^^^^^^^^^^^^^^^^^^^^^^^^^^^^

      File "/opt/stack/tempest/manila-tempest-plugin/manila_tempest_tests/tests/api/base.py", line 468, in create_shares
    waiters.wait_for_resource_status(

      File "/opt/stack/tempest/manila-tempest-plugin/manila_tempest_tests/common/waiters.py", line 109, in wait_for_resource_status
    raise resource_exception(resource_id=resource_id)

    manila_tempest_tests.share_exceptions.ShareBuildErrorException: Share e7d044d8-2160-4d28-bcc4-49116944e516 failed to build and is in ERROR status


Captured pythonlogging:
~~~~~~~~~~~~~~~~~~~~~~~
    2026-07-27 09:17:51,481 243661 INFO     [tempest.lib.common.rest_client] Request (ManageNFSShareNegativeTest:test_manage_invalid_param_manage_error): 200 POST http://10.132.46.216/share/v2/shares 0.895s
2026-07-27 09:17:51,482 243661 DEBUG    [tempest.lib.common.rest_client] Request - Headers: {'Content-Type': 'application/json', 'Accept': 'application/json', 'x-openstack-manila-api-version': '2.96', 'X-Auth-Token': '<omitted>'}
        Body: {"share": {"share_proto": "nfs", "description": "Tempest's share", "snapshot_id": null, "name": "tempest-tempest-created-share-116563090", "size": 1, "metadata": {}, "is_public": false, "share_type": "dc856d1f-040d-4f53-b50f-2b42fe569f68"}}
    Response - Headers: {'date': 'Mon, 27 Jul 2026 09:17:50 GMT', 'server': 'Apache/2.4.58 (Ubuntu)', 'content-type': 'application/json', 'content-length': '1309', 'x-compute-request-id': 'req-c676e3cb-5ac2-43c3-b4d0-7c2992282fea', 'x-openstack-manila-api-version': '2.96', 'vary': 'X-OpenStack-Manila-API-Version', 'x-openstack-request-id': 'req-c676e3cb-5ac2-43c3-b4d0-7c2992282fea', 'connection': 'close', 'status': '200', 'content-location': 'http://10.132.46.216/share/v2/shares'}
        Body: b'{"share": {"id": "e7d044d8-2160-4d28-bcc4-49116944e516", "size": 1, "availability_zone": null, "created_at": "2026-07-27T09:17:51.073279", "status": "creating", "name": "tempest-tempest-created-share-116563090", "description": "Tempest\'s share", "project_id": "f24921942111403c90eed1460df5273d", "snapshot_id": null, "share_network_id": null, "share_proto": "NFS", "metadata": {}, "share_type": "dc856d1f-040d-4f53-b50f-2b42fe569f68", "volume_type": "tempest-manage-st-name-720218091", "links": [{"rel": "self", "href": "http://10.132.46.216/share/v2/shares/e7d044d8-2160-4d28-bcc4-49116944e516"}, {"rel": "bookmark", "href": "http://10.132.46.216/share/shares/e7d044d8-2160-4d28-bcc4-49116944e516"}], "is_public": false, "snapshot_support": true, "task_state": null, "share_type_name": "tempest-manage-st-name-720218091", "access_rules_status": "active", "replication_type": null, "has_replicas": false, "user_id": "a77762351878403e979680d4d8358cba", "create_share_from_snapshot_support": false, "revert_to_snapshot_support": false, "share_group_id": null, "source_share_group_snapshot_member_id": null, "mount_snapshot_support": false, "progress": null, "is_soft_deleted": false, "scheduled_to_be_deleted_at": null, "source_backup_id": null, "encryption_key_ref": null, "share_server_id": null, "host": ""}}'
2026-07-27 09:17:51,704 243661 INFO     [tempest.lib.common.rest_client] Request (ManageNFSShareNegativeTest:test_manage_invalid_param_manage_error): 200 GET http://10.132.46.216/share/v2/shares/e7d044d8-2160-4d28-bcc4-49116944e516 0.221s
2026-07-27 09:17:51,706 243661 DEBUG    [tempest.lib.common.rest_client] Request - Headers: {'Content-Type': 'application/json', 'Accept': 'application/json', 'x-openstack-manila-api-version': '2.96', 'X-Auth-Token': '<omitted>'}
        Body: None
    Response - Headers: {'date': 'Mon, 27 Jul 2026 09:17:51 GMT', 'server': 'Apache/2.4.58 (Ubuntu)', 'content-type': 'application/json', 'content-length': '1309', 'x-compute-request-id': 'req-97e2731a-0833-4929-9a53-86326d843820', 'x-openstack-manila-api-version': '2.96', 'vary': 'X-OpenStack-Manila-API-Version', 'x-openstack-request-id': 'req-97e2731a-0833-4929-9a53-86326d843820', 'connection': 'close', 'status': '200', 'content-location': 'http://10.132.46.216/share/v2/shares/e7d044d8-2160-4d28-bcc4-49116944e516'}
        Body: b'{"share": {"id": "e7d044d8-2160-4d28-bcc4-49116944e516", "size": 1, "availability_zone": null, "created_at": "2026-07-27T09:17:51.073279", "status": "creating", "name": "tempest-tempest-created-share-116563090", "description": "Tempest\'s share", "project_id": "f24921942111403c90eed1460df5273d", "snapshot_id": null, "share_network_id": null, "share_proto": "NFS", "metadata": {}, "share_type": "dc856d1f-040d-4f53-b50f-2b42fe569f68", "volume_type": "tempest-manage-st-name-720218091", "links": [{"rel": "self", "href": "http://10.132.46.216/share/v2/shares/e7d044d8
    -2160-4d28-bcc4-49116944e516"}, {"rel": "bookmark", "href": "http://10.132.46.216/share/shares/e7d044d8-2160-4d28-bcc4-49116944e516"}], "is_public": false, "snapshot_support": true, "task_state": null, "share_type_name": "tempest-manage-st-name-720218091", "access_rules_status": "active", "replication_type": null, "has_replicas": false, "user_id": "a77762351878403e979680d4d8358cba", "create_share_from_snapshot_support": false, "revert_to_snapshot_support": false, "share_group_id": null, "source_share_group_snapshot_member_id": null, "mount_snapshot_support": false, "progress": null, "is_soft_deleted": false, "scheduled_to_be_deleted_at": null, "source_backup_id": null, "encryption_key_ref": null, "share_server_id": null, "host": ""}}'
2026-07-27 09:17:54,806 243661 INFO     [tempest.lib.common.rest_client] Request (ManageNFSShareNegativeTest:test_manage_invalid_param_manage_error): 200 GET http://10.132.46.216/share/v2/shares/e7d044d8-2160-4d28-bcc4-49116944e516 0.098s
2026-07-27 09:17:54,807 243661 DEBUG    [tempest.lib.common.rest_client] Request - Headers: {'Content-Type': 'application/json', 'Accept': 'application/json', 'x-openstack-manila-api-version': '2.96', 'X-Auth-Token': '<omitted>'}
        Body: None
    Response - Headers: {'date': 'Mon, 27 Jul 2026 09:17:54 GMT', 'server': 'Apache/2.4.58 (Ubuntu)', 'content-type': 'application/json', 'content-length': '1306', 'x-compute-request-id': 'req-7e4b2cb8-5f5d-4f42-9d2b-7cda0387b31a', 'x-openstack-manila-api-version': '2.96', 'vary': 'X-OpenStack-Manila-API-Version', 'x-openstack-request-id': 'req-7e4b2cb8-5f5d-4f42-9d2b-7cda0387b31a', 'connection': 'close', 'status': '200', 'content-location': 'http://10.132.46.216/share/v2/shares/e7d044d8-2160-4d28-bcc4-49116944e516'}
        Body: b'{"share": {"id": "e7d044d8-2160-4d28-bcc4-49116944e516", "size": 1, "availability_zone": null, "created_at": "2026-07-27T09:17:51.073279", "status": "error", "name": "tempest-tempest-created-share-116563090", "description": "Tempest\'s share", "project_id": "f24921942111403c90eed1460df5273d", "snapshot_id": null, "share_network_id": null, "share_proto": "NFS", "metadata": {}, "share_type": "dc856d1f-040d-4f53-b50f-2b42fe569f68", "volume_type": "tempest-manage-st-name-720218091", "links": [{"rel": "self", "href": "http://10.132.46.216/share/v2/shares/e7d044d8-2160-4d28-bcc4-49116944e516"}, {"rel": "bookmark", "href": "http://10.132.46.216/share/shares/e7d044d8-2160-4d28-bcc4-49116944e516"}], "is_public": false, "snapshot_support": true, "task_state": null, "share_type_name": "tempest-manage-st-name-720218091", "access_rules_status": "active", "replication_type": null, "has_replicas": false, "user_id": "a77762351878403e979680d4d8358cba", "create_share_from_snapshot_support": false, "revert_to_snapshot_support": false, "share_group_id": null, "source_share_group_snapshot_member_id": null, "mount_snapshot_support": false, "progress": null, "is_soft_deleted": false, "scheduled_to_be_deleted_at": null, "source_backup_id": null, "encryption_key_ref": null, "share_server_id": null, "host": ""}}'

{2} manila_tempest_tests.tests.api.******.test_share_manage_negative.ManageNFSShareNegativeTest.test_manage_invalid_param_raises_exception [5.914291s] ... FAILED

Captured traceback:
~~~~~~~~~~~~~~~~~~~
    Traceback (most recent call last):

      File "/opt/stack/tempest/manila-tempest-plugin/manila_tempest_tests/tests/api/******/test_share_manage_negative.py", line 109, in test_manage_invalid_param_raises_exception
    share = self._create_share_for_manage()
            ^^^^^^^^^^^^^^^^^^^^^^^^^^^^^^^

      File "/opt/stack/tempest/manila-tempest-plugin/manila_tempest_tests/tests/api/base.py", line 1172, in _create_share_for_manage
    share = self.create_share(**creation_data)
            ^^^^^^^^^^^^^^^^^^^^^^^^^^^^^^^^^^

      File "/opt/stack/tempest/manila-tempest-plugin/manila_tempest_tests/tests/api/base.py", line 410, in create_share
    result = cls.create_shares([{"args": args, "kwargs": kwargs}])
             ^^^^^^^^^^^^^^^^^^^^^^^^^^^^^^^^^^^^^^^^^^^^^^^^^^^^^

      File "/opt/stack/tempest/manila-tempest-plugin/manila_tempest_tests/tests/api/base.py", line 468, in create_shares
    waiters.wait_for_resource_status(

      File "/opt/stack/tempest/manila-tempest-plugin/manila_tempest_tests/common/waiters.py", line 109, in wait_for_resource_status
    raise resource_exception(resource_id=resource_id)

    manila_tempest_tests.share_exceptions.ShareBuildErrorException: Share 6c0421aa-f96f-4ea2-a1f5-f801408c996e failed to build and is in ERROR status


Captured pythonlogging:
~~~~~~~~~~~~~~~~~~~~~~~
    2026-07-27 09:17:57,243 243661 INFO     [tempest.lib.common.rest_client] Request (ManageNFSShareNegativeTest:test_manage_invalid_param_raises_exception): 200 POST http://10.132.46.216/share/v2/shares 2.398s
2026-07-27 09:17:57,244 243661 DEBUG    [tempest.lib.common.rest_client] Request - Headers: {'Content-Type': 'application/json', 'Accept': 'application/json', 'x-openstack-manila-api-version': '2.96', 'X-Auth-Token': '<omitted>'}
        Body: {"share": {"share_proto": "nfs", "description": "Tempest's share", "snapshot_id": null, "name": "tempest-tempest-created-share-1511173615", "size": 1, "metadata": {}, "is_public": false, "share_type": "dc856d1f-040d-4f53-b50f-2b42fe569f68"}}
    Response - Headers: {'date': 'Mon, 27 Jul 2026 09:17:54 GMT', 'server': 'Apache/2.4.58 (Ubuntu)', 'content-type': 'application/json', 'content-length': '1310', 'x-compute-request-id': 'req-6124ecb0-fd60-4a99-8ec3-6ac4ee4b85a9', 'x-openstack-manila-api-version': '2.96', 'vary': 'X-OpenStack-Manila-API-Version', 'x-openstack-request-id': 'req-6124ecb0-fd60-4a99-8ec3-6ac4ee4b85a9', 'connection': 'close', 'status': '200', 'content-location': 'http://10.132.46.216/share/v2/shares'}
        Body: b'{"share": {"id": "6c0421aa-f96f-4ea2-a1f5-f801408c996e", "size": 1, "availability_zone": null, "created_at": "2026-07-27T09:17:55.832005", "status": "creating", "name": "tempest-tempest-created-share-1511173615", "description": "Tempest\'s share", "project_id": "f24921942111403c90eed1460df5273d", "snapshot_id": null, "share_network_id": null, "share_proto": "NFS", "metadata": {}, "share_type": "dc856d1f-040d-4f53-b50f-2b42fe569f68", "volume_type": "tempest-manage-st-name-720218091", "links": [{"rel": "self", "href": "http://10.132.46.216/share/v2/shares/6c0421aa-f96f-4ea2-a1f5-f801408c996e"}, {"rel": "bookmark", "href": "http://10.132.46.216/share/shares/6c0421aa-f96f-4ea2-a1f5-f801408c996e"}], "is_public": false, "snapshot_support": true, "task_state": null, "share_type_name": "tempest-manage-st-name-720218091", "access_rules_status": "active", "replication_type": null, "has_replicas": false, "user_id": "a77762351878403e979680d4d8358cba", "create_share_from_snapshot_support": false, "revert_to_snapshot_support": false, "share_group_id": null, "source_share_group_snapshot_member_id": null, "mount_snapshot_support": false, "progress": null, "is_soft_deleted": false, "scheduled_to_be_deleted_at": null, "source_backup_id": null, "encryption_key_ref": null, "share_server_id": null, "host": ""}}'
2026-07-27 09:17:57,603 243661 INFO     [tempest.lib.common.rest_client] Request (ManageNFSShareNegativeTest:test_manage_invalid_param_raises_exception): 200 GET http://10.132.46.216/share/v2/shares/6c0421aa-f96f-4ea2-a1f5-f801408c996e 0.357s
2026-07-27 09:17:57,605 243661 DEBUG    [tempest.lib.common.rest_client] Request - Headers: {'Content-Type': 'application/json', 'Accept': 'application/json', 'x-openstack-manila-api-version': '2.96', 'X-Auth-Token': '<omitted>'}
        Body: None
    Response - Headers: {'date': 'Mon, 27 Jul 2026 09:17:57 GMT', 'server': 'Apache/2.4.58 (Ubuntu)', 'content-type': 'application/json', 'content-length': '1310', 'x-compute-request-id': 'req-e47b68cf-c08c-4dcc-b815-88898b88bf67', 'x-openstack-manila-api-version': '2.96', 'vary': 'X-OpenStack-Manila-API-Version', 'x-openstack-request-id': 'req-e47b68cf-c08c-4dcc-b815-88898b88bf67', 'connection': 'close', 'status': '200', 'content-location': 'http://10.132.46.216/share/v2/shares/6c0421aa-f96f-4ea2-a1f5-f801408c996e'}
        Body: b'{"share": {"id": "6c0421aa-f96f-4ea2-a1f5-f801408c996e", "size": 1, "availability_zone": null, "created_at": "2026-07-27T09:17:55.832005", "status": "creating", "name": "tempest-tempest-created-share-1511173615", "description": "Tempest\'s share", "project_id": "f24921942111403c90eed1460df5273d", "snapshot_id": null, "share_network_id": null, "share_proto": "NFS", "metadata": {}, "share_type": "dc856d1f-040d-4f53-b50f-2b42fe569f68", "volume_type": "tempest-manage-st-name-720218091", "links": [{"rel": "self", "href": "http://10.132.46.216/share/v2/shar
    es/6c0421aa-f96f-4ea2-a1f5-f801408c996e"}, {"rel": "bookmark", "href": "http://10.132.46.216/share/shares/6c0421aa-f96f-4ea2-a1f5-f801408c996e"}], "is_public": false, "snapshot_support": true, "task_state": null, "share_type_name": "tempest-manage-st-name-720218091", "access_rules_status": "active", "replication_type": null, "has_replicas": false, "user_id": "a77762351878403e979680d4d8358cba", "create_share_from_snapshot_support": false, "revert_to_snapshot_support": false, "share_group_id": null, "source_share_group_snapshot_member_id": null, "mount_snapshot_support": false, "progress": null, "is_soft_deleted": false, "scheduled_to_be_deleted_at": null, "source_backup_id": null, "encryption_key_ref": null, "share_server_id": null, "host": ""}}'
2026-07-27 09:18:00,742 243661 INFO     [tempest.lib.common.rest_client] Request (ManageNFSShareNegativeTest:test_manage_invalid_param_raises_exception): 200 GET http://10.132.46.216/share/v2/shares/6c0421aa-f96f-4ea2-a1f5-f801408c996e 0.129s
2026-07-27 09:18:00,743 243661 DEBUG    [tempest.lib.common.rest_client] Request - Headers: {'Content-Type': 'application/json', 'Accept': 'application/json', 'x-openstack-manila-api-version': '2.96', 'X-Auth-Token': '<omitted>'}
        Body: None
    Response - Headers: {'date': 'Mon, 27 Jul 2026 09:18:00 GMT', 'server': 'Apache/2.4.58 (Ubuntu)', 'content-type': 'application/json', 'content-length': '1307', 'x-compute-request-id': 'req-0e16e9e5-9a4e-48cb-ab1d-91c7dd7c514a', 'x-openstack-manila-api-version': '2.96', 'vary': 'X-OpenStack-Manila-API-Version', 'x-openstack-request-id': 'req-0e16e9e5-9a4e-48cb-ab1d-91c7dd7c514a', 'connection': 'close', 'status': '200', 'content-location': 'http://10.132.46.216/share/v2/shares/6c0421aa-f96f-4ea2-a1f5-f801408c996e'}
        Body: b'{"share": {"id": "6c0421aa-f96f-4ea2-a1f5-f801408c996e", "size": 1, "availability_zone": null, "created_at": "2026-07-27T09:17:55.832005", "status": "error", "name": "tempest-tempest-created-share-1511173615", "description": "Tempest\'s share", "project_id": "f24921942111403c90eed1460df5273d", "snapshot_id": null, "share_network_id": null, "share_proto": "NFS", "metadata": {}, "share_type": "dc856d1f-040d-4f53-b50f-2b42fe569f68", "volume_type": "tempest-manage-st-name-720218091", "links": [{"rel": "self", "href": "http://10.132.46.216/share/v2/shares/6c0421aa-f96f-4ea2-a1f5-f801408c996e"}, {"rel": "bookmark", "href": "http://10.132.46.216/share/shares/6c0421aa-f96f-4ea2-a1f5-f801408c996e"}], "is_public": false, "snapshot_support": true, "task_state": null, "share_type_name": "tempest-manage-st-name-720218091", "access_rules_status": "active", "replication_type": null, "has_replicas": false, "user_id": "a77762351878403e979680d4d8358cba", "create_share_from_snapshot_support": false, "revert_to_snapshot_support": false, "share_group_id": null, "source_share_group_snapshot_member_id": null, "mount_snapshot_support": false, "progress": null, "is_soft_deleted": false, "scheduled_to_be_deleted_at": null, "source_backup_id": null, "encryption_key_ref": null, "share_server_id": null, "host": ""}}'

{3} manila_tempest_tests.tests.api.test_share_network_subnet_metadata_negative.ShareNetworkSubnetMetadataNegativeTest.test_try_delete_unexisting_metadata [1.830845s] ... ok
{2} manila_tempest_tests.tests.api.******.test_share_manage_negative.ManageNFSShareNegativeTest.test_manage_share_duplicate [5.328495s] ... FAILED

Captured traceback:
~~~~~~~~~~~~~~~~~~~
    Traceback (most recent call last):

      File "/opt/stack/tempest/manila-tempest-plugin/manila_tempest_tests/tests/api/******/test_share_manage_negative.py", line 211, in test_manage_share_duplicate
    share = self._create_share_for_manage()
            ^^^^^^^^^^^^^^^^^^^^^^^^^^^^^^^

      File "/opt/stack/tempest/manila-tempest-plugin/manila_tempest_tests/tests/api/base.py", line 1172, in _create_share_for_manage
    share = self.create_share(**creation_data)
            ^^^^^^^^^^^^^^^^^^^^^^^^^^^^^^^^^^

      File "/opt/stack/tempest/manila-tempest-plugin/manila_tempest_tests/tests/api/base.py", line 410, in create_share
    result = cls.create_shares([{"args": args, "kwargs": kwargs}])
             ^^^^^^^^^^^^^^^^^^^^^^^^^^^^^^^^^^^^^^^^^^^^^^^^^^^^^

      File "/opt/stack/tempest/manila-tempest-plugin/manila_tempest_tests/tests/api/base.py", line 468, in create_shares
    waiters.wait_for_resource_status(

      File "/opt/stack/tempest/manila-tempest-plugin/manila_tempest_tests/common/waiters.py", line 109, in wait_for_resource_status
    raise resource_exception(resource_id=resource_id)

    manila_tempest_tests.share_exceptions.ShareBuildErrorException: Share 63cf15b0-6dfc-45a4-8731-a41569ce9d2b failed to build and is in ERROR status


Captured pythonlogging:
~~~~~~~~~~~~~~~~~~~~~~~
    2026-07-27 09:18:02,573 243661 INFO     [tempest.lib.common.rest_client] Request (ManageNFSShareNegativeTest:test_manage_share_duplicate): 200 POST http://10.132.46.216/share/v2/shares 1.803s
2026-07-27 09:18:02,599 243661 DEBUG    [tempest.lib.common.rest_client] Request - Headers: {'Content-Type': 'application/json', 'Accept': 'application/json', 'x-openstack-manila-api-version': '2.96', 'X-Auth-Token': '<omitted>'}
        Body: {"share": {"share_proto": "nfs", "description": "Tempest's share", "snapshot_id": null, "name": "tempest-tempest-created-share-1549328406", "size": 1, "metadata": {}, "is_public": false, "share_type": "dc856d1f-040d-4f53-b50f-2b42fe569f68"}}
    Response - Headers: {'date': 'Mon, 27 Jul 2026 09:18:00 GMT', 'server': 'Apache/2.4.58 (Ubuntu)', 'content-type': 'application/json', 'content-length': '1310', 'x-compute-request-id': 'req-13b89c8a-3979-45d0-8644-1a76db3eba28', 'x-openstack-manila-api-version': '2.96', 'vary': 'X-OpenStack-Manila-API-Version', 'x-openstack-request-id': 'req-13b89c8a-3979-45d0-8644-1a76db3eba28', 'connection': 'close', 'status': '200', 'content-location': 'http://10.132.46.216/share/v2/shares'}
        Body: b'{"share": {"id": "63cf15b0-6dfc-45a4-8731-a41569ce9d2b", "size": 1, "availability_zone": null, "created_at": "2026-07-27T09:18:01.186332", "status": "creating", "name": "tempest-tempest-created-share-1549328406", "description": "Tempest\'s share", "project_id": "f24921942111403c90eed1460df5273d", "snapshot_id": null, "share_network_id": null, "share_proto": "NFS", "metadata": {}, "share_type": "dc856d1f-040d-4f53-b50f-2b42fe569f68", "volume_type": "tempest-manage-st-name-720218091", "links": [{"rel": "self", "href": "http://10.132.46.216/share/v2/shares/63cf15b0-6dfc-45a4-8731-a41569ce9d2b"}, {"rel": "bookmark", "href": "http://10.132.46.216/share/shares/63cf15b0-6dfc-45a4-8731-a41569ce9d2b"}], "is_public": false, "snapshot_support": true, "task_state": null, "share_type_name": "tempest-manage-st-name-720218091", "access_rules_status": "active", "replication_type": null, "has_replicas": false, "user_id": "a77762351878403e979680d4d8358cba", "create_share_from_snapshot_support": false, "revert_to_snapshot_support": false, "share_group_id": null, "source_share_group_snapshot_member_id": null, "mount_snapshot_support": false, "progress": null, "is_soft_deleted": false, "scheduled_to_be_deleted_at": null, "source_backup_id": null, "encryption_key_ref": null, "share_server_id": null, "host": ""}}'
2026-07-27 09:18:02,888 243661 INFO     [tempest.lib.common.rest_client] Request (ManageNFSShareNegativeTest:test_manage_share_duplicate): 200 GET http://10.132.46.216/share/v2/shares/63cf15b0-6dfc-45a4-8731-a41569ce9d2b 0.284s
2026-07-27 09:18:02,890 243661 DEBUG    [tempest.lib.common.rest_client] Request - Headers: {'Content-Type': 'application/json', 'Accept': 'application/json', 'x-openstack-manila-api-version': '2.96', 'X-Auth-Token': '<omitted>'}
        Body: None
    Response - Headers: {'date': 'Mon, 27 Jul 2026 09:18:02 GMT', 'server': 'Apache/2.4.58 (Ubuntu)', 'content-type': 'application/json', 'content-length': '1307', 'x-compute-request-id': 'req-10bca92a-c608-4e67-b31c-dc094f8a0d5a', 'x-openstack-manila-api-version': '2.96', 'vary': 'X-OpenStack-Manila-API-Version', 'x-openstack-request-id': 'req-10bca92a-c608-4e67-b31c-dc094f8a0d5a', 'connection': 'close', 'status': '200', 'content-location': 'http://10.132.46.216/share/v2/shares/63cf15b0-6dfc-45a4-8731-a41569ce9d2b'}
        Body: b'{"share": {"id": "63cf15b0-6dfc-45a4-8731-a41569ce9d2b", "size": 1, "availability_zone": null, "created_at": "2026-07-27T09:18:01.186332", "status": "error", "name": "tempest-tempest-created-share-1549328406", "description": "Tempest\'s share", "project_id": "f24921942111403c90eed1460df5273d", "snapshot_id": null, "share_network_id": null, "share_proto": "NFS", "metadata": {}, "share_type": "dc856d1f-040d-4f53-b50f-2b42fe569f68", "volume_type": "tempest-manage-st-name-720218091", "links": [{"rel": "self", "href": "http://10.132.46.216/share/v2/shares/63cf15b0-6dfc-45a4-8731-a41569
    ce9d2b"}, {"rel": "bookmark", "href": "http://10.132.46.216/share/shares/63cf15b0-6dfc-45a4-8731-a41569ce9d2b"}], "is_public": false, "snapshot_support": true, "task_state": null, "share_type_name": "tempest-manage-st-name-720218091", "access_rules_status": "active", "replication_type": null, "has_replicas": false, "user_id": "a77762351878403e979680d4d8358cba", "create_share_from_snapshot_support": false, "revert_to_snapshot_support": false, "share_group_id": null, "source_share_group_snapshot_member_id": null, "mount_snapshot_support": false, "progress": null, "is_soft_deleted": false, "scheduled_to_be_deleted_at": null, "source_backup_id": null, "encryption_key_ref": null, "share_server_id": null, "host": ""}}'
2026-07-27 09:18:06,084 243661 INFO     [tempest.lib.common.rest_client] Request (ManageNFSShareNegativeTest:test_manage_share_duplicate): 200 GET http://10.132.46.216/share/v2/shares/63cf15b0-6dfc-45a4-8731-a41569ce9d2b 0.191s
2026-07-27 09:18:06,084 243661 DEBUG    [tempest.lib.common.rest_client] Request - Headers: {'Content-Type': 'application/json', 'Accept': 'application/json', 'x-openstack-manila-api-version': '2.96', 'X-Auth-Token': '<omitted>'}
        Body: None
    Response - Headers: {'date': 'Mon, 27 Jul 2026 09:18:05 GMT', 'server': 'Apache/2.4.58 (Ubuntu)', 'content-type': 'application/json', 'content-length': '1307', 'x-compute-request-id': 'req-f4a269c7-fbcc-451f-a878-964fd6934be0', 'x-openstack-manila-api-version': '2.96', 'vary': 'X-OpenStack-Manila-API-Version', 'x-openstack-request-id': 'req-f4a269c7-fbcc-451f-a878-964fd6934be0', 'connection': 'close', 'status': '200', 'content-location': 'http://10.132.46.216/share/v2/shares/63cf15b0-6dfc-45a4-8731-a41569ce9d2b'}
        Body: b'{"share": {"id": "63cf15b0-6dfc-45a4-8731-a41569ce9d2b", "size": 1, "availability_zone": null, "created_at": "2026-07-27T09:18:01.186332", "status": "error", "name": "tempest-tempest-created-share-1549328406", "description": "Tempest\'s share", "project_id": "f24921942111403c90eed1460df5273d", "snapshot_id": null, "share_network_id": null, "share_proto": "NFS", "metadata": {}, "share_type": "dc856d1f-040d-4f53-b50f-2b42fe569f68", "volume_type": "tempest-manage-st-name-720218091", "links": [{"rel": "self", "href": "http://10.132.46.216/share/v2/shares/63cf15b0-6dfc-45a4-8731-a41569ce9d2b"}, {"rel": "bookmark", "href": "http://10.132.46.216/share/shares/63cf15b0-6dfc-45a4-8731-a41569ce9d2b"}], "is_public": false, "snapshot_support": true, "task_state": null, "share_type_name": "tempest-manage-st-name-720218091", "access_rules_status": "active", "replication_type": null, "has_replicas": false, "user_id": "a77762351878403e979680d4d8358cba", "create_share_from_snapshot_support": false, "revert_to_snapshot_support": false, "share_group_id": null, "source_share_group_snapshot_member_id": null, "mount_snapshot_support": false, "progress": null, "is_soft_deleted": false, "scheduled_to_be_deleted_at": null, "source_backup_id": null, "encryption_key_ref": null, "share_server_id": null, "host": ""}}'

{2} manila_tempest_tests.tests.api.******.test_share_manage_negative.ManageNFSShareNegativeTest.test_manage_share_without_share_server_id ... SKIPPED: Multitenancy tests are disabled.
{3} manila_tempest_tests.tests.api.test_share_network_subnet_metadata_negative.ShareNetworkSubnetMetadataNegativeTest.test_try_set_metadata_to_unexisting_subnet [0.945728s] ... ok
{3} manila_tempest_tests.tests.api.test_share_network_subnet_metadata_negative.ShareNetworkSubnetMetadataNegativeTest.test_try_set_metadata_with_empty_key [0.010207s] ... ok
{3} manila_tempest_tests.tests.api.test_share_network_subnet_metadata_negative.ShareNetworkSubnetMetadataNegativeTest.test_try_set_metadata_with_too_big_key [0.009219s] ... ok
{3} manila_tempest_tests.tests.api.test_share_network_subnet_metadata_negative.ShareNetworkSubnetMetadataNegativeTest.test_try_set_metadata_with_too_big_value [0.011698s] ... ok
{3} manila_tempest_tests.tests.api.test_share_network_subnet_metadata_negative.ShareNetworkSubnetMetadataNegativeTest.test_try_upd_metadata_with_empty_key [0.008862s] ... ok
{3} manila_tempest_tests.tests.api.test_share_network_subnet_metadata_negative.ShareNetworkSubnetMetadataNegativeTest.test_try_upd_metadata_with_too_big_key [0.008108s] ... ok
{3} manila_tempest_tests.tests.api.test_share_network_subnet_metadata_negative.ShareNetworkSubnetMetadataNegativeTest.test_try_upd_metadata_with_too_big_value [0.015030s] ... ok
{3} manila_tempest_tests.tests.api.test_share_network_subnet_metadata_negative.ShareNetworkSubnetMetadataNegativeTest.test_try_update_all_metadata_to_unexisting_subnet [0.304485s] ... ok
{2} manila_tempest_tests.tests.api.******.test_share_manage_negative.ManageNFSShareNegativeTest.test_unmanage_share_transitional_state [3.840170s] ... FAILED

Captured traceback:
~~~~~~~~~~~~~~~~~~~
    Traceback (most recent call last):

      File "/opt/stack/tempest/manila-tempest-plugin/manila_tempest_tests/tests/api/******/test_share_manage_negative.py", line 339, in test_unmanage_share_transitional_state
    share = self._create_share_for_manage()
            ^^^^^^^^^^^^^^^^^^^^^^^^^^^^^^^

      File "/opt/stack/tempest/manila-tempest-plugin/manila_tempest_tests/tests/api/base.py", line 1172, in _create_share_for_manage
    share = self.create_share(**creation_data)
            ^^^^^^^^^^^^^^^^^^^^^^^^^^^^^^^^^^

      File "/opt/stack/tempest/manila-tempest-plugin/manila_tempest_tests/tests/api/base.py", line 410, in create_share
    result = cls.create_shares([{"args": args, "kwargs": kwargs}])
             ^^^^^^^^^^^^^^^^^^^^^^^^^^^^^^^^^^^^^^^^^^^^^^^^^^^^^

      File "/opt/stack/tempest/manila-tempest-plugin/manila_tempest_tests/tests/api/base.py", line 468, in create_shares
    waiters.wait_for_resource_status(

      File "/opt/stack/tempest/manila-tempest-plugin/manila_tempest_tests/common/waiters.py", line 109, in wait_for_resource_status
    raise resource_exception(resource_id=resource_id)

    manila_tempest_tests.share_exceptions.ShareBuildErrorException: Share 97156eb7-dff7-4aae-a6f1-87fa3b0ece2c failed to build and is in ERROR status


Captured pythonlogging:
~~~~~~~~~~~~~~~~~~~~~~~
    2026-07-27 09:18:06,435 243661 INFO     [tempest.lib.common.rest_client] Request (ManageNFSShareNegativeTest:test_unmanage_share_transitional_state): 200 POST http://10.132.46.216/share/v2/shares 0.341s
2026-07-27 09:18:06,435 243661 DEBUG    [tempest.lib.common.rest_client] Request - Headers: {'Content-Type': 'application/json', 'Accept': 'application/json', 'x-openstack-manila-api-version': '2.96', 'X-Auth-Token': '<omitted>'}
        Body: {"share": {"share_proto": "nfs", "description": "Tempest's share", "snapshot_id": null, "name": "tempest-tempest-created-share-930913278", "size": 1, "metadata": {}, "is_public": false, "share_type": "dc856d1f-040d-4f53-b50f-2b42fe569f68"}}
    Response - Headers: {'date': 'Mon, 27 Jul 2026 09:18:06 GMT', 'server': 'Apache/2.4.58 (Ubuntu)', 'content-type': 'application/json', 'content-length': '1309', 'x-compute-request-id': 'req-918bc730-233e-4146-992a-292d0556651d', 'x-openstack-manila-api-version': '2.96', 'vary': 'X-OpenStack-Manila-API-Version', 'x-openstack-request-id': 'req-918bc730-233e-4146-992a-292d0556651d', 'connection': 'close', 'status': '200', 'content-location': 'http://10.132.46.216/share/v2/shares'}
        Body: b'{"share": {"id": "97156eb7-dff7-4aae-a6f1-87fa3b0ece2c", "size": 1, "availability_zone": null, "created_at": "2026-07-27T09:18:06.258057", "status": "creating", "name": "tempest-tempest-created-share-930913278", "description": "Tempest\'s share", "project_id": "f24921942111403c90eed1460df5273d", "snapshot_id": null, "share_network_id": null, "share_proto": "NFS", "metadata": {}, "share_type": "dc856d1f-040d-4f53-b50f-2b42fe569f68", "volume_type": "tempest-manage-st-name-720218091", "links": [{"rel": "self", "href": "http://10.132.46.216/share/v2/shares/97156eb7-dff7-4aae-a6f1-87fa3b0ece2c"}, {"rel": "bookmark", "href": "http://10.132.46.216/share/shares/97156eb7-dff7-4aae-a6f1-87fa3b0ece2c"}], "is_public": false, "snapshot_support": true, "task_state": null, "share_type_name": "tempest-manage-st-name-720218091", "access_rules_status": "active", "replication_type": null, "has_replicas": false, "user_id": "a77762351878403e979680d4d8358cba", "create_share_from_snapshot_support": false, "revert_to_snapshot_support": false, "share_group_id": null, "source_share_group_snapshot_member_id": null, "mount_snapshot_support": false, "progress": null, "is_soft_deleted": false, "scheduled_to_be_deleted_at": null, "source_backup_id": null, "encryption_key_ref": null, "share_server_id": null, "host": ""}}'
2026-07-27 09:18:06,467 243661 INFO     [tempest.lib.common.rest_client] Request (ManageNFSShareNegativeTest:test_unmanage_share_transitional_state): 200 GET http://10.132.46.216/share/v2/shares/97156eb7-dff7-4aae-a6f1-87fa3b0ece2c 0.031s
2026-07-27 09:18:06,467 243661 DEBUG    [tempest.lib.common.rest_client] Request - Headers: {'Content-Type': 'application/json', 'Accept': 'application/json', 'x-openstack-manila-api-version': '2.96', 'X-Auth-Token': '<omitted>'}
        Body: None
    Response - Headers: {'date': 'Mon, 27 Jul 2026 09:18:06 GMT', 'server': 'Apache/2.4.58 (Ubuntu)', 'content-type': 'application/json', 'content-length': '1309', 'x-compute-request-id': 'req-bd535d32-fc78-4d6c-b2e0-475416cdacdf', 'x-openstack-manila-api-version': '2.96', 'vary': 'X-OpenStack-Manila-API-Version', 'x-openstack-request-id': 'req-bd535d32-fc78-4d6c-b2e0-475416cdacdf', 'connection': 'close', 'status': '200', 'content-location': 'http://10.132.46.216/share/v2/shares/97156eb7-dff7-4aae-a6f1-87fa3b0ece2c'}
        Body: b'{"share": {"id": "97156eb7-dff7-4aae-a6f1-87fa3b0ece2c", "size": 1, "availability_zone": null, "created_at": "2026-07-27T09:18:06.258057", "status": "creating", "name": "tempest-tempest-created-share-930913278", "description": "Tempest\'s share", "project_id": "f24921942111403c90eed1460df5273d", "snapshot_id": null, "share_network_id": null, "share_proto": "NFS", "metadata": {}, "share_type": "dc856d1f-040d-4f53-b50f-2b42fe569f68", "volume_type": "tempest-manage-st-name-720218091", "links": [{"rel": "self", "href": "http://10.132.46.216/share/v2/shares/97156eb7
    -dff7-4aae-a6f1-87fa3b0ece2c"}, {"rel": "bookmark", "href": "http://10.132.46.216/share/shares/97156eb7-dff7-4aae-a6f1-87fa3b0ece2c"}], "is_public": false, "snapshot_support": true, "task_state": null, "share_type_name": "tempest-manage-st-name-720218091", "access_rules_status": "active", "replication_type": null, "has_replicas": false, "user_id": "a77762351878403e979680d4d8358cba", "create_share_from_snapshot_support": false, "revert_to_snapshot_support": false, "share_group_id": null, "source_share_group_snapshot_member_id": null, "mount_snapshot_support": false, "progress": null, "is_soft_deleted": false, "scheduled_to_be_deleted_at": null, "source_backup_id": null, "encryption_key_ref": null, "share_server_id": null, "host": ""}}'
2026-07-27 09:18:09,929 243661 INFO     [tempest.lib.common.rest_client] Request (ManageNFSShareNegativeTest:test_unmanage_share_transitional_state): 200 GET http://10.132.46.216/share/v2/shares/97156eb7-dff7-4aae-a6f1-87fa3b0ece2c 0.455s
2026-07-27 09:18:09,929 243661 DEBUG    [tempest.lib.common.rest_client] Request - Headers: {'Content-Type': 'application/json', 'Accept': 'application/json', 'x-openstack-manila-api-version': '2.96', 'X-Auth-Token': '<omitted>'}
        Body: None
    Response - Headers: {'date': 'Mon, 27 Jul 2026 09:18:09 GMT', 'server': 'Apache/2.4.58 (Ubuntu)', 'content-type': 'application/json', 'content-length': '1306', 'x-compute-request-id': 'req-3a812cb0-d739-4045-824a-96f01dd1d429', 'x-openstack-manila-api-version': '2.96', 'vary': 'X-OpenStack-Manila-API-Version', 'x-openstack-request-id': 'req-3a812cb0-d739-4045-824a-96f01dd1d429', 'connection': 'close', 'status': '200', 'content-location': 'http://10.132.46.216/share/v2/shares/97156eb7-dff7-4aae-a6f1-87fa3b0ece2c'}
        Body: b'{"share": {"id": "97156eb7-dff7-4aae-a6f1-87fa3b0ece2c", "size": 1, "availability_zone": null, "created_at": "2026-07-27T09:18:06.258057", "status": "error", "name": "tempest-tempest-created-share-930913278", "description": "Tempest\'s share", "project_id": "f24921942111403c90eed1460df5273d", "snapshot_id": null, "share_network_id": null, "share_proto": "NFS", "metadata": {}, "share_type": "dc856d1f-040d-4f53-b50f-2b42fe569f68", "volume_type": "tempest-manage-st-name-720218091", "links": [{"rel": "self", "href": "http://10.132.46.216/share/v2/shares/97156eb7-dff7-4aae-a6f1-87fa3b0ece2c"}, {"rel": "bookmark", "href": "http://10.132.46.216/share/shares/97156eb7-dff7-4aae-a6f1-87fa3b0ece2c"}], "is_public": false, "snapshot_support": true, "task_state": null, "share_type_name": "tempest-manage-st-name-720218091", "access_rules_status": "active", "replication_type": null, "has_replicas": false, "user_id": "a77762351878403e979680d4d8358cba", "create_share_from_snapshot_support": false, "revert_to_snapshot_support": false, "share_group_id": null, "source_share_group_snapshot_member_id": null, "mount_snapshot_support": false, "progress": null, "is_soft_deleted": false, "scheduled_to_be_deleted_at": null, "source_backup_id": null, "encryption_key_ref": null, "share_server_id": null, "host": ""}}'

{2} manila_tempest_tests.tests.api.******.test_share_manage_negative.ManageNFSShareNegativeTest.test_unmanage_share_with_server_unsupported ... SKIPPED: Multitenancy tests are disabled.
{2} manila_tempest_tests.tests.api.******.test_share_manage_negative.ManageNFSShareNegativeTest.test_unmanage_share_with_snapshot [4.326583s] ... FAILED

Captured traceback:
~~~~~~~~~~~~~~~~~~~
    Traceback (most recent call last):

      File "/opt/stack/tempest/manila-tempest-plugin/manila_tempest_tests/tests/api/******/test_share_manage_negative.py", line 320, in test_unmanage_share_with_snapshot
    share = self._create_share_for_manage()
            ^^^^^^^^^^^^^^^^^^^^^^^^^^^^^^^

      File "/opt/stack/tempest/manila-tempest-plugin/manila_tempest_tests/tests/api/base.py", line 1172, in _create_share_for_manage
    share = self.create_share(**creation_data)
            ^^^^^^^^^^^^^^^^^^^^^^^^^^^^^^^^^^

      File "/opt/stack/tempest/manila-tempest-plugin/manila_tempest_tests/tests/api/base.py", line 410, in create_share
    result = cls.create_shares([{"args": args, "kwargs": kwargs}])
             ^^^^^^^^^^^^^^^^^^^^^^^^^^^^^^^^^^^^^^^^^^^^^^^^^^^^^

      File "/opt/stack/tempest/manila-tempest-plugin/manila_tempest_tests/tests/api/base.py", line 468, in create_shares
    waiters.wait_for_resource_status(

      File "/opt/stack/tempest/manila-tempest-plugin/manila_tempest_tests/common/waiters.py", line 109, in wait_for_resource_status
    raise resource_exception(resource_id=resource_id)

    manila_tempest_tests.share_exceptions.ShareBuildErrorException: Share 7b64b6ca-8e68-4008-ab7c-a31f0dd21578 failed to build and is in ERROR status


Captured pythonlogging:
~~~~~~~~~~~~~~~~~~~~~~~
    2026-07-27 09:18:11,031 243661 INFO     [tempest.lib.common.rest_client] Request (ManageNFSShareNegativeTest:test_unmanage_share_with_snapshot): 200 POST http://10.132.46.216/share/v2/shares 1.094s
2026-07-27 09:18:11,032 243661 DEBUG    [tempest.lib.common.rest_client] Request - Headers: {'Content-Type': 'application/json', 'Accept': 'application/json', 'x-openstack-manila-api-version': '2.96', 'X-Auth-Token': '<omitted>'}
        Body: {"share": {"share_proto": "nfs", "description": "Tempest's share", "snapshot_id": null, "name": "tempest-tempest-created-share-433959582", "size": 1, "metadata": {}, "is_public": false, "share_type": "dc856d1f-040d-4f53-b50f-2b42fe569f68"}}
    Response - Headers: {'date': 'Mon, 27 Jul 2026 09:18:09 GMT', 'server': 'Apache/2.4.58 (Ubuntu)', 'content-type': 'application/json', 'content-length': '1309', 'x-compute-request-id': 'req-df93b6a8-67bf-4cdf-b155-73461a63a36c', 'x-openstack-manila-api-version': '2.96', 'vary': 'X-OpenStack-Manila-API-Version', 'x-openstack-request-id': 'req-df93b6a8-67bf-4cdf-b155-73461a63a36c', 'connection': 'close', 'status': '200', 'content-location': 'http://10.132.46.216/share/v2/shares'}
        Body: b'{"share": {"id": "7b64b6ca-8e68-4008-ab7c-a31f0dd21578", "size": 1, "availability_zone": null, "created_at": "2026-07-27T09:18:10.041059", "status": "creating", "name": "tempest-tempest-created-share-433959582", "description": "Tempest\'s share", "project_id": "f24921942111403c90eed1460df5273d", "snapshot_id": null, "share_network_id": null, "share_proto": "NFS", "metadata": {}, "share_type": "dc856d1f-040d-4f53-b50f-2b42fe569f68", "volume_type": "tempest-manage-st-name-720218091", "links": [{"rel": "self", "href": "http://10.132.46.216/share/v2/shares/7b64b6ca-8e68-4008-ab7c-a31f0dd21578"}, {"rel": "bookmark", "href": "http://10.132.46.216/share/shares/7b64b6ca-8e68-4008-ab7c-a31f0dd21578"}], "is_public": false, "snapshot_support": true, "task_state": null, "share_type_name": "tempest-manage-st-name-720218091", "access_rules_status": "active", "replication_type": null, "has_replicas": false, "user_id": "a77762351878403e979680d4d8358cba", "create_share_from_snapshot_support": false, "revert_to_snapshot_support": false, "share_group_id": null, "source_share_group_snapshot_member_id": null, "mount_snapshot_support": false, "progress": null, "is_soft_deleted": false, "scheduled_to_be_deleted_at": null, "source_backup_id": null, "encryption_key_ref": null, "share_server_id": null, "host": ""}}'
2026-07-27 09:18:11,073 243661 INFO     [tempest.lib.common.rest_client] Request (ManageNFSShareNegativeTest:test_unmanage_share_with_snapshot): 200 GET http://10.132.46.216/share/v2/shares/7b64b6ca-8e68-4008-ab7c-a31f0dd21578 0.041s
2026-07-27 09:18:11,073 243661 DEBUG    [tempest.lib.common.rest_client] Request - Headers: {'Content-Type': 'application/json', 'Accept': 'application/json', 'x-openstack-manila-api-version': '2.96', 'X-Auth-Token': '<omitted>'}
        Body: None
    Response - Headers: {'date': 'Mon, 27 Jul 2026 09:18:11 GMT', 'server': 'Apache/2.4.58 (Ubuntu)', 'content-type': 'application/json', 'content-length': '1309', 'x-compute-request-id': 'req-d7931ba9-06dc-4c5f-aa47-953dcbb15ff6', 'x-openstack-manila-api-version': '2.96', 'vary': 'X-OpenStack-Manila-API-Version', 'x-openstack-request-id': 'req-d7931ba9-06dc-4c5f-aa47-953dcbb15ff6', 'connection': 'close', 'status': '200', 'content-location': 'http://10.132.46.216/share/v2/shares/7b64b6ca-8e68-4008-ab7c-a31f0dd21578'}
        Body: b'{"share": {"id": "7b64b6ca-8e68-4008-ab7c-a31f0dd21578", "size": 1, "availability_zone": null, "created_at": "2026-07-27T09:18:10.041059", "status": "creating", "name": "tempest-tempest-created-share-433959582", "description": "Tempest\'s share", "project_id": "f24921942111403c90eed1460df5273d", "snapshot_id": null, "share_network_id": null, "share_proto": "NFS", "metadata": {}, "share_type": "dc856d1f-040d-4f53-b50f-2b42fe569f68", "volume_type": "tempest-manage-st-name-720218091", "links": [{"rel": "self", "href": "http://10.132.46.216/share/v2/shares/7b64b6ca-8e68-4008
    -ab7c-a31f0dd21578"}, {"rel": "bookmark", "href": "http://10.132.46.216/share/shares/7b64b6ca-8e68-4008-ab7c-a31f0dd21578"}], "is_public": false, "snapshot_support": true, "task_state": null, "share_type_name": "tempest-manage-st-name-720218091", "access_rules_status": "active", "replication_type": null, "has_replicas": false, "user_id": "a77762351878403e979680d4d8358cba", "create_share_from_snapshot_support": false, "revert_to_snapshot_support": false, "share_group_id": null, "source_share_group_snapshot_member_id": null, "mount_snapshot_support": false, "progress": null, "is_soft_deleted": false, "scheduled_to_be_deleted_at": null, "source_backup_id": null, "encryption_key_ref": null, "share_server_id": null, "host": ""}}'
2026-07-27 09:18:14,256 243661 INFO     [tempest.lib.common.rest_client] Request (ManageNFSShareNegativeTest:test_unmanage_share_with_snapshot): 200 GET http://10.132.46.216/share/v2/shares/7b64b6ca-8e68-4008-ab7c-a31f0dd21578 0.180s
2026-07-27 09:18:14,257 243661 DEBUG    [tempest.lib.common.rest_client] Request - Headers: {'Content-Type': 'application/json', 'Accept': 'application/json', 'x-openstack-manila-api-version': '2.96', 'X-Auth-Token': '<omitted>'}
        Body: None
    Response - Headers: {'date': 'Mon, 27 Jul 2026 09:18:14 GMT', 'server': 'Apache/2.4.58 (Ubuntu)', 'content-type': 'application/json', 'content-length': '1306', 'x-compute-request-id': 'req-77d0aeca-8ef1-483f-aed7-90c9793fc660', 'x-openstack-manila-api-version': '2.96', 'vary': 'X-OpenStack-Manila-API-Version', 'x-openstack-request-id': 'req-77d0aeca-8ef1-483f-aed7-90c9793fc660', 'connection': 'close', 'status': '200', 'content-location': 'http://10.132.46.216/share/v2/shares/7b64b6ca-8e68-4008-ab7c-a31f0dd21578'}
        Body: b'{"share": {"id": "7b64b6ca-8e68-4008-ab7c-a31f0dd21578", "size": 1, "availability_zone": null, "created_at": "2026-07-27T09:18:10.041059", "status": "error", "name": "tempest-tempest-created-share-433959582", "description": "Tempest\'s share", "project_id": "f24921942111403c90eed1460df5273d", "snapshot_id": null, "share_network_id": null, "share_proto": "NFS", "metadata": {}, "share_type": "dc856d1f-040d-4f53-b50f-2b42fe569f68", "volume_type": "tempest-manage-st-name-720218091", "links": [{"rel": "self", "href": "http://10.132.46.216/share/v2/shares/7b64b6ca-8e68-4008-ab7c-a31f0dd21578"}, {"rel": "bookmark", "href": "http://10.132.46.216/share/shares/7b64b6ca-8e68-4008-ab7c-a31f0dd21578"}], "is_public": false, "snapshot_support": true, "task_state": null, "share_type_name": "tempest-manage-st-name-720218091", "access_rules_status": "active", "replication_type": null, "has_replicas": false, "user_id": "a77762351878403e979680d4d8358cba", "create_share_from_snapshot_support": false, "revert_to_snapshot_support": false, "share_group_id": null, "source_share_group_snapshot_member_id": null, "mount_snapshot_support": false, "progress": null, "is_soft_deleted": false, "scheduled_to_be_deleted_at": null, "source_backup_id": null, "encryption_key_ref": null, "share_server_id": null, "host": ""}}'

{0} manila_tempest_tests.tests.api.test_access_rules_metadata.AccessRulesMetadataTest.test_list_access_filter_by_metadata [7.878299s] ... ok
{0} manila_tempest_tests.tests.api.test_access_rules_metadata.AccessRulesMetadataTest.test_set_get_delete_access_metadata [14.953460s] ... ok
{0} manila_tempest_tests.tests.api.test_access_rules_metadata.AccessRulesMetadataTest.test_update_metadata_by_key [2.646620s] ... ok
{2} setUpClass (manila_tempest_tests.tests.api.******.test_share_servers.ShareServersAdminTest) ... SKIPPED: Share servers can be tested only with multitenant drivers.
{2} setUpClass (manila_tempest_tests.tests.api.******.test_share_servers_migration_negative.ShareServerErrorStatusOperationCIFS) ... SKIPPED: cifs tests are disabled.
{2} setUpClass (manila_tempest_tests.tests.api.******.test_share_snapshot_instances_negative.SnapshotInstancesNegativeTest) [0.000000s] ... FAILED

Captured traceback:
~~~~~~~~~~~~~~~~~~~
    Traceback (most recent call last):

      File "/opt/stack/tempest/tempest/test.py", line 185, in setUpClass
    raise value.with_traceback(trace)

      File "/opt/stack/tempest/tempest/test.py", line 178, in setUpClass
    cls.resource_setup()

      File "/opt/stack/tempest/manila-tempest-plugin/manila_tempest_tests/tests/api/******/test_share_snapshot_instances_negative.py", line 47, in resource_setup
    cls.share = cls.create_share(share_type_id=cls.share_type_id,
                ^^^^^^^^^^^^^^^^^^^^^^^^^^^^^^^^^^^^^^^^^^^^^^^^^

      File "/opt/stack/tempest/manila-tempest-plugin/manila_tempest_tests/tests/api/base.py", line 410, in create_share
    result = cls.create_shares([{"args": args, "kwargs": kwargs}])
             ^^^^^^^^^^^^^^^^^^^^^^^^^^^^^^^^^^^^^^^^^^^^^^^^^^^^^

      File "/opt/stack/tempest/manila-tempest-plugin/manila_tempest_tests/tests/api/base.py", line 468, in create_shares
    waiters.wait_for_resource_status(

      File "/opt/stack/tempest/manila-tempest-plugin/manila_tempest_tests/common/waiters.py", line 109, in wait_for_resource_status
    raise resource_exception(resource_id=resource_id)

    manila_tempest_tests.share_exceptions.ShareBuildErrorException: Share 9a5418e6-88b9-4342-a41b-3bc78506ff6d failed to build and is in ERROR status

{2} setUpClass (manila_tempest_tests.tests.api.******.test_snapshot_manage.ManageCephFSSnapshotTest) ... SKIPPED: cephfs tests are disabled
{2} manila_tempest_tests.tests.api.test_extensions.ExtensionsTest.test_extensions [0.110411s] ... ok
{2} setUpClass (manila_tempest_tests.tests.api.test_metadata.SharesMetadataCEPHFSTest) ... SKIPPED: CEPHFS filesystem metadata tests are disabled for the cephfs protocol.
{1} manila_tempest_tests.tests.api.test_public_shares.PublicSharesTest.test_list_shares_public_with_detail [127.551901s] ... ok
{0} manila_tempest_tests.tests.api.test_availability_zones.AvailabilityZonesTest.test_list_availability_zones [0.502015s] ... ok
{0} manila_tempest_tests.tests.api.test_availability_zones.AvailabilityZonesTest.test_list_availability_zones_legacy_url_api [0.024350s] ... ok
{3} manila_tempest_tests.tests.api.test_share_transfers.ShareTransferTest.test_create_and_accept_share_transfer [62.318973s] ... ok
{1} manila_tempest_tests.tests.api.test_public_shares.PublicSharesTest.test_update_share_set_is_public [58.131293s] ... ok
{2} manila_tempest_tests.tests.api.test_public_shares_negative.PublicSharesNegativeTest.test_delete_metadata_of_other_tenants_public_share [0.850401s] ... ok
{2} manila_tempest_tests.tests.api.test_public_shares_negative.PublicSharesNegativeTest.test_delete_other_tenants_public_share [0.035510s] ... ok
{2} manila_tempest_tests.tests.api.test_public_shares_negative.PublicSharesNegativeTest.test_set_metadata_of_other_tenants_public_share [0.263474s] ... ok
{2} manila_tempest_tests.tests.api.test_public_shares_negative.PublicSharesNegativeTest.test_update_metadata_of_other_tenants_public_share [0.322533s] ... ok
{2} manila_tempest_tests.tests.api.test_public_shares_negative.PublicSharesNegativeTest.test_update_other_tenants_public_share [0.392073s] ... ok
{2} manila_tempest_tests.tests.api.test_public_shares_negative.PublicSharesNegativeTest.test_update_share_with_wrong_public_value [0.487138s] ... ok
{1} manila_tempest_tests.tests.api.test_quotas_negative.SharesQuotasNegativeTest.test_get_quotas_detail_with_wrong_version_1_2_6 [0.143078s] ... ok
{1} manila_tempest_tests.tests.api.test_quotas_negative.SharesQuotasNegativeTest.test_get_quotas_detail_with_wrong_version_2_2_7 [0.012300s] ... ok
{1} manila_tempest_tests.tests.api.test_quotas_negative.SharesQuotasNegativeTest.test_get_quotas_detail_with_wrong_version_3_2_24 [0.012978s] ... ok
{1} manila_tempest_tests.tests.api.test_quotas_negative.SharesQuotasNegativeTest.test_get_quotas_with_empty_tenant_id [0.008014s] ... ok
{1} manila_tempest_tests.tests.api.test_quotas_negative.SharesQuotasNegativeTest.test_try_reset_quotas_with_user [0.010566s] ... ok
{1} manila_tempest_tests.tests.api.test_quotas_negative.SharesQuotasNegativeTest.test_try_update_quotas_with_user [0.010424s] ... ok
{1} setUpClass (manila_tempest_tests.tests.api.test_replication_export_locations.ReplicationExportLocationsTest) ... SKIPPED: Replication tests are disabled.
{1} setUpClass (manila_tempest_tests.tests.api.test_replication_export_locations_negative.ReplicationExportLocationsNegativeTest) ... SKIPPED: Replication tests are disabled.
{2} manila_tempest_tests.tests.api.test_quotas.SharesQuotasTest.test_default_quotas [1.240690s] ... ok
{2} manila_tempest_tests.tests.api.test_quotas.SharesQuotasTest.test_quota_detail_2_52_no_share_replica_quotas [0.372766s] ... ok
{2} manila_tempest_tests.tests.api.test_quotas.SharesQuotasTest.test_show_quotas [0.095514s] ... ok
{2} manila_tempest_tests.tests.api.test_quotas.SharesQuotasTest.test_show_quotas_detail_1___2_25___True_ [0.120753s] ... ok
{2} manila_tempest_tests.tests.api.test_quotas.SharesQuotasTest.test_show_quotas_detail_2___2_25___False_ [0.234678s] ... ok
{2} manila_tempest_tests.tests.api.test_quotas.SharesQuotasTest.test_show_quotas_detail_3___2_53___True_ [0.074139s] ... ok
{2} manila_tempest_tests.tests.api.test_quotas.SharesQuotasTest.test_show_quotas_detail_4___2_53___False_ [0.287856s] ... ok
{2} manila_tempest_tests.tests.api.test_quotas.SharesQuotasTest.test_show_quotas_detail_5___2_96___True_ [0.314314s] ... ok
{2} manila_tempest_tests.tests.api.test_quotas.SharesQuotasTest.test_show_quotas_detail_6___2_96___False_ [0.075952s] ... ok
{2} manila_tempest_tests.tests.api.test_quotas.SharesQuotasTest.test_show_quotas_for_user [0.383381s] ... ok
{2} setUpClass (manila_tempest_tests.tests.api.test_replication.ReplicationActionsTest) ... SKIPPED: Replication tests are disabled.
{2} manila_tempest_tests.tests.api.test_resource_locks_negative.ResourceLockNegativeTestAPIOnly.test_create_resource_lock_invalid_resource [0.429170s] ... ok
{2} manila_tempest_tests.tests.api.test_resource_locks_negative.ResourceLockNegativeTestAPIOnly.test_delete_resource_lock_invalid [0.040088s] ... ok
{1} setUpClass (manila_tempest_tests.tests.api.test_revert_to_snapshot.RevertToSnapshotTest) ... SKIPPED: Revert to snapshot not supported.
{1} setUpClass (manila_tempest_tests.tests.api.test_rules.ShareIpRulesForCIFSTest) ... SKIPPED: IP rule tests for cifs protocol are disabled
{3} manila_tempest_tests.tests.api.test_share_transfers.ShareTransferTest.test_create_and_delete_share_transfer [75.587815s] ... ok
{3} manila_tempest_tests.tests.api.test_shares_negative.SharesAPIOnlyNegativeTest.test_create_share_non_existent_az [1.454609s] ... ok
{3} manila_tempest_tests.tests.api.test_shares_negative.SharesAPIOnlyNegativeTest.test_create_share_size_greater_than_specified_in_share_type [0.416447s] ... ok
{3} manila_tempest_tests.tests.api.test_shares_negative.SharesAPIOnlyNegativeTest.test_create_share_size_less_than_specified_in_share_type [0.155131s] ... ok
{3} manila_tempest_tests.tests.api.test_shares_negative.SharesAPIOnlyNegativeTest.test_create_share_with_invalid_protocol [0.091265s] ... ok
{3} manila_tempest_tests.tests.api.test_shares_negative.SharesAPIOnlyNegativeTest.test_create_share_with_invalid_size [0.058295s] ... ok
{3} manila_tempest_tests.tests.api.test_shares_negative.SharesAPIOnlyNegativeTest.test_create_share_with_out_passing_size [0.058933s] ... ok
{3} manila_tempest_tests.tests.api.test_shares_negative.SharesAPIOnlyNegativeTest.test_create_share_with_wrong_public_value [0.012828s] ... ok
{3} manila_tempest_tests.tests.api.test_shares_negative.SharesAPIOnlyNegativeTest.test_create_share_with_zero_size [0.038934s] ... ok
{3} manila_tempest_tests.tests.api.test_shares_negative.SharesAPIOnlyNegativeTest.test_create_snapshot_with_wrong_id [0.563879s] ... ok
{3} manila_tempest_tests.tests.api.test_shares_negative.SharesAPIOnlyNegativeTest.test_delete_share_with_wrong_id [0.064896s] ... ok
{3} manila_tempest_tests.tests.api.test_shares_negative.SharesAPIOnlyNegativeTest.test_delete_share_without_passing_share_id [0.011240s] ... ok
{3} manila_tempest_tests.tests.api.test_shares_negative.SharesAPIOnlyNegativeTest.test_delete_snapshot_with_wrong_id [0.134602s] ... ok
{3} manila_tempest_tests.tests.api.test_shares_negative.SharesAPIOnlyNegativeTest.test_get_share_with_wrong_id [0.053375s] ... ok
{3} manila_tempest_tests.tests.api.test_shares_negative.SharesAPIOnlyNegativeTest.test_get_share_without_passing_share_id [0.255313s] ... ok
{3} manila_tempest_tests.tests.api.test_shares_negative.SharesAPIOnlyNegativeTest.test_list_by_share_server_by_user [0.026187s] ... ok
{3} manila_tempest_tests.tests.api.test_shares_negative.SharesAPIOnlyNegativeTest.test_list_by_user_with_host_filter [0.019718s] ... ok
{3} manila_tempest_tests.tests.api.test_shares_negative.SharesAPIOnlyNegativeTest.test_list_shares_non******_with_nonexistent_share_server_filter [0.036322s] ... ok
{3} manila_tempest_tests.tests.api.test_shares_negative.SharesAPIOnlyNegativeTest.test_manage_share_by_user [0.010825s] ... ok
{3} manila_tempest_tests.tests.api.test_shares_negative.SharesAPIOnlyNegativeTest.test_unmanage_share_by_user [0.326565s] ... ok
{0} manila_tempest_tests.tests.api.test_metadata.SharesMetadataTest.test_set_and_update_metadata_by_key [83.770879s] ... ok
{1} manila_tempest_tests.tests.api.test_rules.ShareRulesTest.test_access_rules_deleted_if_share_deleted_1_2_9 ... SKIPPED: API version 2.9 does not support cephx access type, need version >= 2.13.
{2} manila_tempest_tests.tests.api.test_resource_locks_negative.ResourceLockNegativeTestWithShares.test_create_resource_lock_invalid_lock_reason_too_long [0.028695s] ... ok
{2} manila_tempest_tests.tests.api.test_resource_locks_negative.ResourceLockNegativeTestWithShares.test_create_resource_lock_invalid_resource_action [0.023338s] ... ok
{2} manila_tempest_tests.tests.api.test_resource_locks_negative.ResourceLockNegativeTestWithShares.test_delete_resource_lock_created_by_different_user [2.291243s] ... ok
{2} manila_tempest_tests.tests.api.test_resource_locks_negative.ResourceLockNegativeTestWithShares.test_update_resource_lock_created_by_different_user [2.887537s] ... ok
{2} manila_tempest_tests.tests.api.test_resource_locks_negative.ResourceLockNegativeTestWithShares.test_update_resource_lock_invalid_param [0.105265s] ... ok
{3} setUpClass (manila_tempest_tests.tests.api.test_snapshot_metadata_negative.ShareSnapshotMetadataNegativeTest) [0.000000s] ... FAILED

Captured traceback:
~~~~~~~~~~~~~~~~~~~
    Traceback (most recent call last):

      File "/opt/stack/tempest/tempest/test.py", line 185, in setUpClass
    raise value.with_traceback(trace)

      File "/opt/stack/tempest/tempest/test.py", line 178, in setUpClass
    cls.resource_setup()

      File "/opt/stack/tempest/manila-tempest-plugin/manila_tempest_tests/tests/api/test_snapshot_metadata_negative.py", line 55, in resource_setup
    cls.share = cls.create_share(
                ^^^^^^^^^^^^^^^^^

      File "/opt/stack/tempest/manila-tempest-plugin/manila_tempest_tests/tests/api/base.py", line 410, in create_share
    result = cls.create_shares([{"args": args, "kwargs": kwargs}])
             ^^^^^^^^^^^^^^^^^^^^^^^^^^^^^^^^^^^^^^^^^^^^^^^^^^^^^

      File "/opt/stack/tempest/manila-tempest-plugin/manila_tempest_tests/tests/api/base.py", line 468, in create_shares
    waiters.wait_for_resource_status(

      File "/opt/stack/tempest/manila-tempest-plugin/manila_tempest_tests/common/waiters.py", line 109, in wait_for_resource_status
    raise resource_exception(resource_id=resource_id)

    manila_tempest_tests.share_exceptions.ShareBuildErrorException: Share b0f077be-8183-48dc-ae64-db106f8c32db failed to build and is in ERROR status

{0} manila_tempest_tests.tests.api.test_metadata.SharesMetadataTest.test_set_get_delete_metadata [78.453043s] ... ok
{0} manila_tempest_tests.tests.api.test_metadata.SharesMetadataTest.test_set_metadata_in_share_creation [79.648103s] ... ok
{1} manila_tempest_tests.tests.api.test_rules.ShareRulesTest.test_access_rules_deleted_if_share_deleted_2_2_27 [158.716821s] ... ok
{2} manila_tempest_tests.tests.api.test_rules.ShareIpRulesForNFSTest.test_create_delete_access_rule_with_cidr_1___2_9___4_ [81.077777s] ... ok
{0} manila_tempest_tests.tests.api.test_metadata.SharesMetadataTest.test_set_metadata_key_already_exist [60.217434s] ... ok
{0} manila_tempest_tests.tests.api.test_metadata.SharesMetadataTest.test_set_metadata_max_size_key [0.161915s] ... ok
{0} manila_tempest_tests.tests.api.test_metadata.SharesMetadataTest.test_set_metadata_max_size_value [0.180079s] ... ok
{0} manila_tempest_tests.tests.api.test_metadata.SharesMetadataTest.test_set_metadata_min_size_key [0.204120s] ... ok
{0} manila_tempest_tests.tests.api.test_metadata.SharesMetadataTest.test_set_metadata_min_size_value [0.216205s] ... ok
{2} manila_tempest_tests.tests.api.test_rules.ShareIpRulesForNFSTest.test_create_delete_access_rule_with_cidr_2___2_37___4_ [77.525529s] ... ok
{0} manila_tempest_tests.tests.api.test_metadata.SharesMetadataTest.test_set_metadata_not_delete_pre_metadata [59.772828s] ... ok
{0} manila_tempest_tests.tests.api.test_metadata.SharesMetadataTest.test_upd_metadata_max_size_key [0.284364s] ... ok
{0} manila_tempest_tests.tests.api.test_metadata.SharesMetadataTest.test_upd_metadata_max_size_value [0.226218s] ... ok
{0} manila_tempest_tests.tests.api.test_metadata.SharesMetadataTest.test_upd_metadata_min_size_key [0.224406s] ... ok
{0} manila_tempest_tests.tests.api.test_metadata.SharesMetadataTest.test_upd_metadata_min_size_value [0.273409s] ... ok
{0} setUpClass (manila_tempest_tests.tests.api.test_replication_negative.ReplicationNegativeTest) ... SKIPPED: Replication tests are disabled.
{1} manila_tempest_tests.tests.api.test_rules.ShareRulesTest.test_access_rules_deleted_if_share_deleted_3_2_28 [139.509426s] ... ok
{2} manila_tempest_tests.tests.api.test_rules.ShareIpRulesForNFSTest.test_create_delete_access_rule_with_cidr_3___2_96___4_ [81.211501s] ... ok
{0} manila_tempest_tests.tests.api.test_resource_locks.ResourceLockCRUTest.test_create_resource_lock [1.332813s] ... ok
{0} manila_tempest_tests.tests.api.test_resource_locks.ResourceLockCRUTest.test_get_resource_lock [0.017348s] ... ok
{0} manila_tempest_tests.tests.api.test_resource_locks.ResourceLockCRUTest.test_list_resource_locks [0.017638s] ... ok
{2} manila_tempest_tests.tests.api.test_rules.ShareIpRulesForNFSTest.test_create_delete_access_rule_with_cidr_4___2_38___6_ [7.002859s] ... ok
{2} manila_tempest_tests.tests.api.test_rules.ShareIpRulesForNFSTest.test_create_delete_access_rule_with_cidr_5___2_96___6_ [7.006969s] ... ok
{0} manila_tempest_tests.tests.api.test_resource_locks.ResourceLockCRUTest.test_list_resource_locks_filtered [38.040661s] ... ok
{0} manila_tempest_tests.tests.api.test_resource_locks.ResourceLockCRUTest.test_list_resource_locks_sorted_and_paginated [0.181542s] ... ok
{0} manila_tempest_tests.tests.api.test_resource_locks.ResourceLockCRUTest.test_update_resource_lock [0.048395s] ... ok
{2} manila_tempest_tests.tests.api.test_rules.ShareIpRulesForNFSTest.test_create_delete_access_rules_with_one_ip_1___2_9___4_ [63.726799s] ... ok
{0} setUpClass (manila_tempest_tests.tests.api.test_revert_to_snapshot_negative.RevertToSnapshotNegativeTest) ... SKIPPED: Revert to snapshot not supported.
{0} setUpClass (manila_tempest_tests.tests.api.test_rules.ShareCephxRulesForCephFSTest) ... SKIPPED: Cephx rule tests for cephfs protocol are disabled.
{0} setUpClass (manila_tempest_tests.tests.api.test_rules.ShareCertRulesForGLUSTERFSTest) ... SKIPPED: Cert rule tests for glusterfs protocol are disabled
{0} setUpClass (manila_tempest_tests.tests.api.test_rules.ShareUserRulesForCIFSTest) ... SKIPPED: USER rule tests for cifs protocol are disabled
{0} setUpClass (manila_tempest_tests.tests.api.test_scheduler_hints.SharesSchedulerHintsTest) ... SKIPPED: Manila multi-backend is disabled.
{0} setUpClass (manila_tempest_tests.tests.api.test_share_encryption.ShareEncryptionCIFSTest) ... SKIPPED: Encryption tests are disabled.
{0} setUpClass (manila_tempest_tests.tests.api.test_share_group_actions.ShareGroupRenameTest) ... SKIPPED: Share Group tests disabled.
{0} setUpClass (manila_tempest_tests.tests.api.test_share_groups.ShareGroupsTest) ... SKIPPED: Share Group tests disabled.
{0} setUpClass (manila_tempest_tests.tests.api.test_share_groups_negative.ShareGroupsNegativeTest) ... SKIPPED: Share Group tests disabled.
{0} manila_tempest_tests.tests.api.test_share_network_subnets.ShareNetworkSubnetsTest.test_create_delete_subnet [0.764446s] ... ok
{0} manila_tempest_tests.tests.api.test_share_network_subnets.ShareNetworkSubnetsTest.test_create_share_on_share_network_with_multiple_subnets_1_True ... SKIPPED: Only for multitenancy.
{0} manila_tempest_tests.tests.api.test_share_network_subnets.ShareNetworkSubnetsTest.test_create_share_on_share_network_with_multiple_subnets_2_False ... SKIPPED: Only for multitenancy.
{0} manila_tempest_tests.tests.api.test_share_network_subnets.ShareNetworkSubnetsTest.test_create_share_on_subnet_with_availability_zone ... SKIPPED: Only for multitenancy.
{0} manila_tempest_tests.tests.api.test_share_network_subnets.ShareNetworkSubnetsTest.test_show_share_network_subnet [0.539781s] ... ok
{0} manila_tempest_tests.tests.api.test_share_network_subnets_negative.ShareNetworkSubnetsNegativeTest.test_add_share_network_subnet_az_not_found [0.080205s] ... ok
{0} manila_tempest_tests.tests.api.test_share_network_subnets_negative.ShareNetworkSubnetsNegativeTest.test_add_share_network_subnet_in_same_az_exists_1_True ... SKIPPED: Skipped. Test requires microversion < than '2.70'.
{0} manila_tempest_tests.tests.api.test_share_network_subnets_negative.ShareNetworkSubnetsNegativeTest.test_add_share_network_subnet_in_same_az_exists_2_False ... SKIPPED: Skipped. Test requires microversion < than '2.70'.
{0} manila_tempest_tests.tests.api.test_share_network_subnets_negative.ShareNetworkSubnetsNegativeTest.test_add_share_network_subnet_missing_parameters [0.015863s] ... ok
{0} manila_tempest_tests.tests.api.test_share_network_subnets_negative.ShareNetworkSubnetsNegativeTest.test_add_share_network_subnet_share_network_not_found [0.023292s] ... ok
{0} manila_tempest_tests.tests.api.test_share_network_subnets_negative.ShareNetworkSubnetsNegativeTest.test_delete_contains_shares ... SKIPPED: Can run only with drivers that do handle share servers creation. Skipping.
{0} manila_tempest_tests.tests.api.test_share_network_subnets_negative.ShareNetworkSubnetsNegativeTest.test_delete_contains_unmanaged_share_servers ... SKIPPED: Can run only with drivers that do handle share servers creation. Skipping.
{0} manila_tempest_tests.tests.api.test_share_network_subnets_negative.ShareNetworkSubnetsNegativeTest.test_delete_subnet_not_found [0.040396s] ... ok
{0} manila_tempest_tests.tests.api.test_share_network_subnets_negative.ShareNetworkSubnetsNegativeTest.test_delete_subnet_share_network_not_found [0.020325s] ... ok
{0} manila_tempest_tests.tests.api.test_share_network_subnets_negative.ShareNetworkSubnetsNegativeTest.test_get_deleted_subnet [0.257100s] ... ok
{0} manila_tempest_tests.tests.api.test_share_network_subnets_negative.ShareNetworkSubnetsNegativeTest.test_show_subnet_not_found [0.043309s] ... ok
{0} manila_tempest_tests.tests.api.test_share_network_subnets_negative.ShareNetworkSubnetsNegativeTest.test_show_subnet_share_network_not_found [0.026237s] ... ok
{0} manila_tempest_tests.tests.api.test_share_networks_negative.ShareNetworksNegativeTest.test_check_add_share_network_subnet_az_not_found [0.604043s] ... ok
{0} manila_tempest_tests.tests.api.test_share_networks_negative.ShareNetworksNegativeTest.test_check_add_share_network_subnet_share_network_not_found [0.025817s] ... ok
{0} manila_tempest_tests.tests.api.test_share_networks_negative.ShareNetworksNegativeTest.test_create_share_network_inexistent_az [0.014057s] ... ok
{0} manila_tempest_tests.tests.api.test_share_networks_negative.ShareNetworksNegativeTest.test_delete_share_network_contains_more_than_one_subnet [0.619495s] ... ok
{0} manila_tempest_tests.tests.api.test_share_networks_negative.ShareNetworksNegativeTest.test_list_shares_with_like_filter_not_exist [0.023676s] ... ok
{0} manila_tempest_tests.tests.api.test_share_networks_negative.ShareNetworksNegativeTest.test_try_delete_share_network_with_existing_shares ... SKIPPED: Can run only with drivers that do handle share servers creation. Skipping.
{0} manila_tempest_tests.tests.api.test_share_networks_negative.ShareNetworksNegativeTest.test_try_delete_share_network_with_wrong_type [0.022146s] ... ok
{0} manila_tempest_tests.tests.api.test_share_networks_negative.ShareNetworksNegativeTest.test_try_delete_share_network_without_id [0.008897s] ... ok
{0} manila_tempest_tests.tests.api.test_share_networks_negative.ShareNetworksNegativeTest.test_try_get_deleted_share_network [0.791955s] ... ok
{0} manila_tempest_tests.tests.api.test_share_networks_negative.ShareNetworksNegativeTest.test_try_get_share_network_with_wrong_id [0.025303s] ... ok
{0} manila_tempest_tests.tests.api.test_share_networks_negative.ShareNetworksNegativeTest.test_try_get_share_network_without_id [0.007742s] ... ok
{0} manila_tempest_tests.tests.api.test_share_networks_negative.ShareNetworksNegativeTest.test_try_list_share_networks_wrong_created_before_value [0.280703s] ... ok
{0} manila_tempest_tests.tests.api.test_share_networks_negative.ShareNetworksNegativeTest.test_try_list_share_networks_wrong_created_since_value [0.012834s] ... ok
{0} manila_tempest_tests.tests.api.test_share_networks_negative.ShareNetworksNegativeTest.test_try_update_invalid_keys_sh_server_exists ... SKIPPED: Only for multitenancy.
{0} manila_tempest_tests.tests.api.test_share_networks_negative.ShareNetworksNegativeTest.test_try_update_nonexistant_share_network [0.024436s] ... ok
{0} manila_tempest_tests.tests.api.test_share_networks_negative.ShareNetworksNegativeTest.test_try_update_share_network_with_empty_id [0.005946s] ... ok
{0} setUpClass (manila_tempest_tests.tests.api.test_share_servers_multiple_subnet.ShareServerMultipleSubnetTest) ... SKIPPED: Multitenancy tests are disabled.
{1} manila_tempest_tests.tests.api.test_rules.ShareRulesTest.test_access_rules_deleted_if_share_deleted_4_2_96 [138.397704s] ... ok
{0} setUpClass (manila_tempest_tests.tests.api.test_shares_actions.SharesRenameTest) [0.000000s] ... FAILED

Captured traceback:
~~~~~~~~~~~~~~~~~~~
    Traceback (most recent call last):

      File "/opt/stack/tempest/tempest/test.py", line 185, in setUpClass
    raise value.with_traceback(trace)

      File "/opt/stack/tempest/tempest/test.py", line 178, in setUpClass
    cls.resource_setup()

      File "/opt/stack/tempest/manila-tempest-plugin/manila_tempest_tests/tests/api/test_shares_actions.py", line 755, in resource_setup
    cls.share = cls.create_share(
                ^^^^^^^^^^^^^^^^^

      File "/opt/stack/tempest/manila-tempest-plugin/manila_tempest_tests/tests/api/base.py", line 410, in create_share
    result = cls.create_shares([{"args": args, "kwargs": kwargs}])
             ^^^^^^^^^^^^^^^^^^^^^^^^^^^^^^^^^^^^^^^^^^^^^^^^^^^^^

      File "/opt/stack/tempest/manila-tempest-plugin/manila_tempest_tests/tests/api/base.py", line 468, in create_shares
    waiters.wait_for_resource_status(

      File "/opt/stack/tempest/manila-tempest-plugin/manila_tempest_tests/common/waiters.py", line 109, in wait_for_resource_status
    raise resource_exception(resource_id=resource_id)

    manila_tempest_tests.share_exceptions.ShareBuildErrorException: Share 582938f5-d0cb-49b5-a82f-ef7c7b7c0918 failed to build and is in ERROR status

{0} setUpClass (manila_tempest_tests.tests.api.test_shares_from_snapshot_across_pools.SharesFromSnapshotAcrossPools) ... SKIPPED: Create share from snapshot tests are disabled.
{0} setUpClass (manila_tempest_tests.tests.api.test_snapshot_metadata.ShareSnapshotMetadataTest) [0.000000s] ... FAILED

Captured traceback:
~~~~~~~~~~~~~~~~~~~
    Traceback (most recent call last):

      File "/opt/stack/tempest/tempest/test.py", line 185, in setUpClass
    raise value.with_traceback(trace)

      File "/opt/stack/tempest/tempest/test.py", line 178, in setUpClass
    cls.resource_setup()

      File "/opt/stack/tempest/manila-tempest-plugin/manila_tempest_tests/tests/api/test_snapshot_metadata.py", line 48, in resource_setup
    cls.share = cls.create_share(
                ^^^^^^^^^^^^^^^^^

      File "/opt/stack/tempest/manila-tempest-plugin/manila_tempest_tests/tests/api/base.py", line 410, in create_share
    result = cls.create_shares([{"args": args, "kwargs": kwargs}])
             ^^^^^^^^^^^^^^^^^^^^^^^^^^^^^^^^^^^^^^^^^^^^^^^^^^^^^

      File "/opt/stack/tempest/manila-tempest-plugin/manila_tempest_tests/tests/api/base.py", line 468, in create_shares
    waiters.wait_for_resource_status(

      File "/opt/stack/tempest/manila-tempest-plugin/manila_tempest_tests/common/waiters.py", line 109, in wait_for_resource_status
    raise resource_exception(resource_id=resource_id)

    manila_tempest_tests.share_exceptions.ShareBuildErrorException: Share b57c88cf-4ee2-4a45-8aee-cd8bdb99c62d failed to build and is in ERROR status

{0} setUpClass (manila_tempest_tests.tests.api.test_snapshot_rules.ShareSnapshotIpRulesForNFSTest) ... SKIPPED: Independent snapshot access rules are disabled when 'snapshot_inherit_share_access' is required.
{0} setUpClass (manila_tempest_tests.tests.api.test_snapshot_rules.ShareSnapshotUserRulesForCIFSTest) ... SKIPPED: Independent snapshot access rules are disabled when 'snapshot_inherit_share_access' is required.
{0} setUpClass (manila_tempest_tests.tests.api.test_snapshot_rules_negative.SnapshotInheritShareAccessNegativeTest) [0.000000s] ... FAILED

Captured traceback:
~~~~~~~~~~~~~~~~~~~
    Traceback (most recent call last):

      File "/opt/stack/tempest/tempest/test.py", line 185, in setUpClass
    raise value.with_traceback(trace)

      File "/opt/stack/tempest/tempest/test.py", line 178, in setUpClass
    cls.resource_setup()

      File "/opt/stack/tempest/manila-tempest-plugin/manila_tempest_tests/tests/api/test_snapshot_rules_negative.py", line 167, in resource_setup
    cls.share = cls.create_share(cls.protocol,
                ^^^^^^^^^^^^^^^^^^^^^^^^^^^^^^

      File "/opt/stack/tempest/manila-tempest-plugin/manila_tempest_tests/tests/api/base.py", line 410, in create_share
    result = cls.create_shares([{"args": args, "kwargs": kwargs}])
             ^^^^^^^^^^^^^^^^^^^^^^^^^^^^^^^^^^^^^^^^^^^^^^^^^^^^^

      File "/opt/stack/tempest/manila-tempest-plugin/manila_tempest_tests/tests/api/base.py", line 468, in create_shares
    waiters.wait_for_resource_status(

      File "/opt/stack/tempest/manila-tempest-plugin/manila_tempest_tests/common/waiters.py", line 109, in wait_for_resource_status
    raise resource_exception(resource_id=resource_id)

    manila_tempest_tests.share_exceptions.ShareBuildErrorException: Share 9b697fd6-3f5a-46e8-90f9-a6efe9f07b69 failed to build and is in ERROR status

{2} manila_tempest_tests.tests.api.test_rules.ShareIpRulesForNFSTest.test_create_delete_access_rules_with_one_ip_2___2_37___4_ [83.153813s] ... ok
{1} manila_tempest_tests.tests.api.test_rules.ShareRulesTest.test_******_delete_restricted_rules [82.626316s] ... ok
{2} manila_tempest_tests.tests.api.test_rules.ShareIpRulesForNFSTest.test_create_delete_access_rules_with_one_ip_3___2_96___4_ [77.611345s] ... ok
{2} manila_tempest_tests.tests.api.test_rules.ShareIpRulesForNFSTest.test_create_delete_access_rules_with_one_ip_4___2_38___6_ [6.771879s] ... ok
{2} manila_tempest_tests.tests.api.test_rules.ShareIpRulesForNFSTest.test_create_delete_access_rules_with_one_ip_5___2_96___6_ [6.640853s] ... ok
{1} manila_tempest_tests.tests.api.test_rules.ShareRulesTest.test_******_listing_restricted_rules [77.783530s] ... ok
{1} manila_tempest_tests.tests.api.test_rules.ShareRulesTest.test_list_access_rules_1_2_9 ... SKIPPED: API version 2.9 does not support cephx access type, need version >= 2.13.
{2} manila_tempest_tests.tests.api.test_rules.ShareIpRulesForNFSTest.test_create_delete_ro_access_rule_1_2_9 [68.755490s] ... ok
{1} manila_tempest_tests.tests.api.test_rules.ShareRulesTest.test_list_access_rules_2_2_27 [80.790247s] ... ok
{2} manila_tempest_tests.tests.api.test_rules.ShareIpRulesForNFSTest.test_create_delete_ro_access_rule_2_2_27 [80.627335s] ... ok
{1} manila_tempest_tests.tests.api.test_rules.ShareRulesTest.test_list_access_rules_3_2_28 [80.141972s] ... ok
{2} manila_tempest_tests.tests.api.test_rules.ShareIpRulesForNFSTest.test_create_delete_ro_access_rule_3_2_28 [77.119263s] ... ok
{1} manila_tempest_tests.tests.api.test_rules.ShareRulesTest.test_list_access_rules_4_2_45 [80.962513s] ... ok
{2} manila_tempest_tests.tests.api.test_rules.ShareIpRulesForNFSTest.test_create_delete_ro_access_rule_4_2_96 [80.321719s] ... ok
{1} manila_tempest_tests.tests.api.test_rules.ShareRulesTest.test_list_access_rules_5_2_96 [80.497745s] ... ok
{2} manila_tempest_tests.tests.api.test_rules.ShareIpRulesForNFSTest.test_update_access_rule [80.719015s] ... ok
{2} manila_tempest_tests.tests.api.test_rules_negative.ShareRulesAPIOnlyNegativeTest.test_create_access_rule_ip_with_wrong_share_id [0.387367s] ... ok
{2} setUpClass (manila_tempest_tests.tests.api.test_rules_negative.ShareRulesNegativeTest) [0.000000s] ... FAILED

Captured traceback:
~~~~~~~~~~~~~~~~~~~
    Traceback (most recent call last):

      File "/opt/stack/tempest/tempest/test.py", line 185, in setUpClass
    raise value.with_traceback(trace)

      File "/opt/stack/tempest/tempest/test.py", line 178, in setUpClass
    cls.resource_setup()

      File "/opt/stack/tempest/manila-tempest-plugin/manila_tempest_tests/tests/api/test_rules_negative.py", line 588, in resource_setup
    cls.share = cls.create_share(share_type_id=cls.share_type_id)
                ^^^^^^^^^^^^^^^^^^^^^^^^^^^^^^^^^^^^^^^^^^^^^^^^^

      File "/opt/stack/tempest/manila-tempest-plugin/manila_tempest_tests/tests/api/base.py", line 410, in create_share
    result = cls.create_shares([{"args": args, "kwargs": kwargs}])
             ^^^^^^^^^^^^^^^^^^^^^^^^^^^^^^^^^^^^^^^^^^^^^^^^^^^^^

      File "/opt/stack/tempest/manila-tempest-plugin/manila_tempest_tests/tests/api/base.py", line 468, in create_shares
    waiters.wait_for_resource_status(

      File "/opt/stack/tempest/manila-tempest-plugin/manila_tempest_tests/common/waiters.py", line 109, in wait_for_resource_status
    raise resource_exception(resource_id=resource_id)

    manila_tempest_tests.share_exceptions.ShareBuildErrorException: Share e13d6746-3897-44e0-830b-64c63a849c94 failed to build and is in ERROR status

{2} manila_tempest_tests.tests.api.test_security_services.SecurityServicesTest.test_create_delete_security_service [0.540523s] ... ok
{2} manila_tempest_tests.tests.api.test_security_services.SecurityServicesTest.test_get_security_service_1_2_43 [0.185704s] ... ok
{2} manila_tempest_tests.tests.api.test_security_services.SecurityServicesTest.test_get_security_service_2_2_44 [0.189050s] ... ok
{2} manila_tempest_tests.tests.api.test_security_services.SecurityServicesTest.test_get_security_service_3_2_96 [0.180303s] ... ok
{2} manila_tempest_tests.tests.api.test_security_services.SecurityServicesTest.test_list_security_services [0.137807s] ... ok
{2} manila_tempest_tests.tests.api.test_security_services.SecurityServicesTest.test_list_security_services_detailed_filter_by_ss_attributes [0.139556s] ... ok
{2} manila_tempest_tests.tests.api.test_security_services.SecurityServicesTest.test_list_security_services_filter_by_invalid_opt [0.140268s] ... ok
{2} manila_tempest_tests.tests.api.test_security_services.SecurityServicesTest.test_list_security_services_filter_by_share_network ... SKIPPED: Only for multitenancy.
{2} manila_tempest_tests.tests.api.test_security_services.SecurityServicesTest.test_list_security_services_with_detail_1_2_42 [0.128856s] ... ok
{2} manila_tempest_tests.tests.api.test_security_services.SecurityServicesTest.test_list_security_services_with_detail_2_2_44 [0.151467s] ... ok
{2} manila_tempest_tests.tests.api.test_security_services.SecurityServicesTest.test_list_security_services_with_detail_3_2_96 [0.155585s] ... ok
{2} manila_tempest_tests.tests.api.test_security_services.SecurityServicesTest.test_try_list_security_services_all_tenants_ignored [0.277883s] ... ok
{2} manila_tempest_tests.tests.api.test_security_services.SecurityServicesTest.test_try_update_valid_keys_sh_server_exists ... SKIPPED: Only for multitenancy.
{2} manila_tempest_tests.tests.api.test_security_services.SecurityServicesTest.test_update_security_service [0.279663s] ... ok
{1} manila_tempest_tests.tests.api.test_rules.ShareRulesTest.test_list_restricted_rules_from_other_user_1___2_81___True_ [78.220279s] ... ok
{2} manila_tempest_tests.tests.api.test_security_services_mapping.SecurityServicesMappingTest.test_map_ss_to_sn_and_delete [0.779352s] ... ok
{2} manila_tempest_tests.tests.api.test_security_services_mapping.SecurityServicesMappingTest.test_map_ss_to_sn_and_list [0.532454s] ... ok
{2} manila_tempest_tests.tests.api.test_security_services_mapping.SecurityServicesMappingTest.test_remap_ss_to_sn [0.668483s] ... ok
{2} manila_tempest_tests.tests.api.test_security_services_mapping_negative.SecServicesMappingNegativeTest.test_add_empty_sec_service_id_to_share_network [0.065608s] ... ok
{2} manila_tempest_tests.tests.api.test_security_services_mapping_negative.SecServicesMappingNegativeTest.test_add_nonexistant_sec_service_to_share_network [0.045683s] ... ok
{2} manila_tempest_tests.tests.api.test_security_services_mapping_negative.SecServicesMappingNegativeTest.test_add_sec_service_to_nonexistant_share_network [0.030086s] ... ok
{2} manila_tempest_tests.tests.api.test_security_services_mapping_negative.SecServicesMappingNegativeTest.test_add_sec_service_to_share_network_with_empty_id [0.009754s] ... ok
{2} manila_tempest_tests.tests.api.test_security_services_mapping_negative.SecServicesMappingNegativeTest.test_add_sec_service_twice_to_share_network [0.116830s] ... ok
{2} manila_tempest_tests.tests.api.test_security_services_mapping_negative.SecServicesMappingNegativeTest.test_delete_nonexistant_sec_service_from_share_network [0.059550s] ... ok
{2} manila_tempest_tests.tests.api.test_security_services_mapping_negative.SecServicesMappingNegativeTest.test_delete_nonexistant_ss_from_nonexistant_sn [0.029649s] ... ok
{2} manila_tempest_tests.tests.api.test_security_services_mapping_negative.SecServicesMappingNegativeTest.test_delete_sec_service_from_nonexistant_share_network [0.024832s] ... ok
{2} manila_tempest_tests.tests.api.test_security_services_mapping_negative.SecServicesMappingNegativeTest.test_delete_ss_from_sn_used_by_share_server ... SKIPPED: Only for multitenancy.
{2} manila_tempest_tests.tests.api.test_security_services_mapping_negative.SecServicesMappingNegativeTest.test_list_sec_services_for_nonexistant_share_network [0.024440s] ... ok
{2} manila_tempest_tests.tests.api.test_security_services_mapping_negative.SecServicesMappingNegativeTest.test_try_delete_ss_that_assigned_to_sn [0.448923s] ... ok
{2} manila_tempest_tests.tests.api.test_security_services_mapping_negative.SecServicesMappingNegativeTest.test_try_map_two_ss_with_same_type_to_sn [0.497634s] ... ok
{2} setUpClass (manila_tempest_tests.tests.api.test_share_encryption.ShareEncryptionNFSTest) ... SKIPPED: Encryption tests are disabled.
{2} manila_tempest_tests.tests.api.test_share_networks.ShareNetworksTest.test_create_delete_share_network [0.269977s] ... ok
{2} manila_tempest_tests.tests.api.test_share_networks.ShareNetworksTest.test_create_two_share_networks_with_same_net_and_subnet [0.509977s] ... ok
{2} manila_tempest_tests.tests.api.test_share_networks.ShareNetworksTest.test_gateway_mtu_neutron_net_id_with_neutron ... SKIPPED: Only for multitenancy.
{2} manila_tempest_tests.tests.api.test_share_networks.ShareNetworksTest.test_get_share_network [0.038294s] ... ok
{2} manila_tempest_tests.tests.api.test_share_networks.ShareNetworksTest.test_list_share_networks [0.038440s] ... ok
{2} manila_tempest_tests.tests.api.test_share_networks.ShareNetworksTest.test_list_share_networks_all_filter_opts [0.075168s] ... ok
{2} manila_tempest_tests.tests.api.test_share_networks.ShareNetworksTest.test_list_share_networks_filter_by_ss [0.069758s] ... ok
{2} manila_tempest_tests.tests.api.test_share_networks.ShareNetworksTest.test_list_share_networks_like_filter [0.040563s] ... ok
{2} manila_tempest_tests.tests.api.test_share_networks.ShareNetworksTest.test_list_share_networks_with_detail [0.529023s] ... ok
{2} manila_tempest_tests.tests.api.test_share_networks.ShareNetworksTest.test_recreate_share_network [0.599507s] ... ok
{2} manila_tempest_tests.tests.api.test_share_networks.ShareNetworksTest.test_try_list_share_networks_all_tenants [0.059386s] ... ok
{2} manila_tempest_tests.tests.api.test_share_networks.ShareNetworksTest.test_try_list_share_networks_project_id [0.044357s] ... ok
{2} manila_tempest_tests.tests.api.test_share_networks.ShareNetworksTest.test_update_share_network [0.100863s] ... ok
{2} manila_tempest_tests.tests.api.test_share_networks.ShareNetworksTest.test_update_valid_keys_sh_server_exists ... SKIPPED: Only for multitenancy.
{2} manila_tempest_tests.tests.api.test_share_transfers_negative.ShareTransferNegativeTest.test_accept_transfer_with_incorrect_auth_key [40.770243s] ... ok
{1} manila_tempest_tests.tests.api.test_rules.ShareRulesTest.test_list_restricted_rules_from_other_user_2___2_81___False_ [80.664324s] ... ok
{2} manila_tempest_tests.tests.api.test_share_transfers_negative.ShareTransferNegativeTest.test_accept_transfer_without_auth_key [40.180098s] ... ok
{2} manila_tempest_tests.tests.api.test_share_transfers_negative.ShareTransferNegativeTest.test_delete_nonexistent_transfer [0.659289s] ... ok
{2} manila_tempest_tests.tests.api.test_share_transfers_negative.ShareTransferNegativeTest.test_delete_transfer_of_other_tenants [37.342437s] ... ok
{2} manila_tempest_tests.tests.api.test_share_transfers_negative.ShareTransferNegativeTest.test_show_nonexistent_transfer [0.040578s] ... ok
{1} manila_tempest_tests.tests.api.test_rules.ShareRulesTest.test_list_restricted_rules_from_other_user_3___2_96___True_ [78.013816s] ... ok
{2} manila_tempest_tests.tests.api.test_share_transfers_negative.ShareTransferNegativeTest.test_show_transfer_of_other_tenants [40.222558s] ... ok
{1} manila_tempest_tests.tests.api.test_rules.ShareRulesTest.test_list_restricted_rules_from_other_user_4___2_96___False_ [80.620680s] ... ok
{2} manila_tempest_tests.tests.api.test_share_type_availability_zones_negative.ShareTypeAvailabilityZonesNegativeTest.test_share_type_azs_create_with_invalid_az_spec_1_az1______az2__az_3___ [0.012791s] ... ok
{2} manila_tempest_tests.tests.api.test_share_type_availability_zones_negative.ShareTypeAvailabilityZonesNegativeTest.test_share_type_azs_create_with_invalid_az_spec_2_az1__az_3 [0.010288s] ... ok
{2} manila_tempest_tests.tests.api.test_share_type_availability_zones_negative.ShareTypeAvailabilityZonesNegativeTest.test_share_type_azs_create_with_invalid_az_spec_3__az2___az_3 [0.012746s] ... ok
{2} manila_tempest_tests.tests.api.test_share_type_availability_zones_negative.ShareTypeAvailabilityZonesNegativeTest.test_share_type_azs_filter_by_invalid_azs_extra_spec [0.146947s] ... ok
{2} manila_tempest_tests.tests.api.test_share_type_availability_zones_negative.ShareTypeAvailabilityZonesNegativeTest.test_share_type_azs_share_groups_unsupported [0.411043s] ... ok
{2} manila_tempest_tests.tests.api.test_share_type_availability_zones_negative.ShareTypeAvailabilityZonesNegativeTest.test_share_type_azs_shares_unsupported_az [0.041899s] ... ok
{1} setUpClass (manila_tempest_tests.tests.api.test_rules_negative.ShareCephxRulesForCephFSNegativeTest) ... SKIPPED: CEPHX rule tests for cephfs protocol are disabled
{2} manila_tempest_tests.tests.api.test_share_types_negative.ShareTypesNegativeTest.test_share_type_update_bad_request_1_2_50 [0.010916s] ... ok
{2} manila_tempest_tests.tests.api.test_share_types_negative.ShareTypesNegativeTest.test_share_type_update_bad_request_2_2_96 [0.007906s] ... ok
{2} manila_tempest_tests.tests.api.test_share_types_negative.ShareTypesNegativeTest.test_share_type_update_bad_request_3_2_50_bad_public [0.010199s] ... ok
{2} manila_tempest_tests.tests.api.test_share_types_negative.ShareTypesNegativeTest.test_share_type_update_bad_request_4_2_96_bad_public [0.007872s] ... ok
{2} manila_tempest_tests.tests.api.test_share_types_negative.ShareTypesNegativeTest.test_share_type_update_bad_request_5_2_50_description [0.008278s] ... ok
{2} manila_tempest_tests.tests.api.test_share_types_negative.ShareTypesNegativeTest.test_share_type_update_bad_request_6_2_96_description [0.008484s] ... ok
{2} manila_tempest_tests.tests.api.test_share_types_negative.ShareTypesNegativeTest.test_share_type_update_conflict_1_2_50 [0.016968s] ... ok
{2} manila_tempest_tests.tests.api.test_share_types_negative.ShareTypesNegativeTest.test_share_type_update_conflict_2_2_96 [0.012985s] ... ok
{2} manila_tempest_tests.tests.api.test_share_types_negative.ShareTypesNegativeTest.test_try_add_access_to_share_type_with_user [0.149858s] ... ok
{2} manila_tempest_tests.tests.api.test_share_types_negative.ShareTypesNegativeTest.test_try_create_share_type_with_user [0.010292s] ... ok
{2} manila_tempest_tests.tests.api.test_share_types_negative.ShareTypesNegativeTest.test_try_delete_share_type_with_user [0.015109s] ... ok
{2} manila_tempest_tests.tests.api.test_share_types_negative.ShareTypesNegativeTest.test_try_remove_access_from_share_type_with_user [0.016150s] ... ok
{1} setUpClass (manila_tempest_tests.tests.api.test_rules_negative.ShareUserRulesForCIFSNegativeTest) ... SKIPPED: USER rule tests for cifs protocol are disabled
{2} setUpClass (manila_tempest_tests.tests.api.test_shares.SharesCIFSTest) ... SKIPPED: cifs tests are disabled
{2} setUpClass (manila_tempest_tests.tests.api.test_shares.SharesHDFSTest) ... SKIPPED: hdfs tests are disabled
{1} setUpClass (manila_tempest_tests.tests.api.test_rules_negative.ShareUserRulesForNFSNegativeTest) ... SKIPPED: USER rule tests for nfs protocol are disabled
{1} manila_tempest_tests.tests.api.test_scheduler_stats_negative.SchedulerStatsNegativeTest.test_try_list_pools_detailed_with_user [0.103393s] ... ok
{1} manila_tempest_tests.tests.api.test_scheduler_stats_negative.SchedulerStatsNegativeTest.test_try_list_pools_with_user [0.011124s] ... ok
{1} manila_tempest_tests.tests.api.test_security_services_negative.SecurityServicesNegativeTest.test_get_deleted_security_service [0.420654s] ... ok
{1} manila_tempest_tests.tests.api.test_security_services_negative.SecurityServicesNegativeTest.test_try_create_security_service_with_empty_type [0.010134s] ... ok
{1} manila_tempest_tests.tests.api.test_security_services_negative.SecurityServicesNegativeTest.test_try_create_security_service_with_wrong_type [0.009655s] ... ok
{1} manila_tempest_tests.tests.api.test_security_services_negative.SecurityServicesNegativeTest.test_try_delete_security_service_with_wrong_type [0.012905s] ... ok
{1} manila_tempest_tests.tests.api.test_security_services_negative.SecurityServicesNegativeTest.test_try_delete_security_service_without_id [0.010076s] ... ok
{1} manila_tempest_tests.tests.api.test_security_services_negative.SecurityServicesNegativeTest.test_try_get_security_service_with_wrong_id [0.013341s] ... ok
{1} manila_tempest_tests.tests.api.test_security_services_negative.SecurityServicesNegativeTest.test_try_get_security_service_without_id [0.007486s] ... ok
{1} manila_tempest_tests.tests.api.test_security_services_negative.SecurityServicesNegativeTest.test_try_update_invalid_keys_sh_server_exists ... SKIPPED: Only for multitenancy.
{1} manila_tempest_tests.tests.api.test_security_services_negative.SecurityServicesNegativeTest.test_try_update_nonexistant_security_service [0.013955s] ... ok
{1} manila_tempest_tests.tests.api.test_security_services_negative.SecurityServicesNegativeTest.test_try_update_security_service_with_empty_id [0.008118s] ... ok
{2} setUpClass (manila_tempest_tests.tests.api.test_shares_actions.SharesActionsTest) [0.000000s] ... FAILED

Captured traceback:
~~~~~~~~~~~~~~~~~~~
    Traceback (most recent call last):

      File "/opt/stack/tempest/tempest/test.py", line 185, in setUpClass
    raise value.with_traceback(trace)

      File "/opt/stack/tempest/tempest/test.py", line 178, in setUpClass
    cls.resource_setup()

      File "/opt/stack/tempest/manila-tempest-plugin/manila_tempest_tests/tests/api/test_shares_actions.py", line 58, in resource_setup
    cls.shares.append(cls.create_share(
                      ^^^^^^^^^^^^^^^^^

      File "/opt/stack/tempest/manila-tempest-plugin/manila_tempest_tests/tests/api/base.py", line 410, in create_share
    result = cls.create_shares([{"args": args, "kwargs": kwargs}])
             ^^^^^^^^^^^^^^^^^^^^^^^^^^^^^^^^^^^^^^^^^^^^^^^^^^^^^

      File "/opt/stack/tempest/manila-tempest-plugin/manila_tempest_tests/tests/api/base.py", line 468, in create_shares
    waiters.wait_for_resource_status(

      File "/opt/stack/tempest/manila-tempest-plugin/manila_tempest_tests/common/waiters.py", line 109, in wait_for_resource_status
    raise resource_exception(resource_id=resource_id)

    manila_tempest_tests.share_exceptions.ShareBuildErrorException: Share 5fd4972e-7409-49b2-966a-552033a8aad2 failed to build and is in ERROR status

{1} setUpClass (manila_tempest_tests.tests.api.test_share_servers_multiple_subnet_negative.ShareServerMultipleSubNegativeTest) ... SKIPPED: Multitenancy tests are disabled.
{1} manila_tempest_tests.tests.api.test_share_type_availability_zones.ShareTypeAvailabilityZonesTest.test_share_type_azs_create_and_get_share_type_1_az1______az2__az_3__ [0.114608s] ... ok
{1} manila_tempest_tests.tests.api.test_share_type_availability_zones.ShareTypeAvailabilityZonesTest.test_share_type_azs_create_and_get_share_type_2_az1_az2_az_3 [0.120943s] ... ok
{1} manila_tempest_tests.tests.api.test_share_type_availability_zones.ShareTypeAvailabilityZonesTest.test_share_type_azs_create_and_get_share_type_3_az1____az2____az_3 [0.126891s] ... ok
{1} manila_tempest_tests.tests.api.test_share_type_availability_zones.ShareTypeAvailabilityZonesTest.test_share_type_azs_filter_by_availability_zones_1_az1 [0.259596s] ... ok
{1} manila_tempest_tests.tests.api.test_share_type_availability_zones.ShareTypeAvailabilityZonesTest.test_share_type_azs_filter_by_availability_zones_2_az2 [0.213552s] ... ok
{1} manila_tempest_tests.tests.api.test_share_type_availability_zones.ShareTypeAvailabilityZonesTest.test_share_type_azs_filter_by_availability_zones_3_az_3 [0.219366s] ... ok
{1} manila_tempest_tests.tests.api.test_share_type_availability_zones.ShareTypeAvailabilityZonesTest.test_share_type_azs_filter_by_availability_zones_4_az1___az_3 [0.187186s] ... ok
{1} manila_tempest_tests.tests.api.test_share_type_availability_zones.ShareTypeAvailabilityZonesTest.test_share_type_azs_filter_by_availability_zones_5_az_3__az1 [0.209099s] ... ok
{1} manila_tempest_tests.tests.api.test_share_type_availability_zones.ShareTypeAvailabilityZonesTest.test_share_type_azs_filter_by_availability_zones_6_az2__az_3__az1 [0.209722s] ... ok
{2} setUpClass (manila_tempest_tests.tests.api.test_shares_actions_negative.SharesActionsNegativeTest) [0.000000s] ... FAILED

Captured traceback:
~~~~~~~~~~~~~~~~~~~
    Traceback (most recent call last):

      File "/opt/stack/tempest/tempest/test.py", line 185, in setUpClass
    raise value.with_traceback(trace)

      File "/opt/stack/tempest/tempest/test.py", line 178, in setUpClass
    cls.resource_setup()

      File "/opt/stack/tempest/manila-tempest-plugin/manila_tempest_tests/tests/api/test_shares_actions_negative.py", line 47, in resource_setup
    cls.share = cls.create_share(
                ^^^^^^^^^^^^^^^^^

      File "/opt/stack/tempest/manila-tempest-plugin/manila_tempest_tests/tests/api/base.py", line 410, in create_share
    result = cls.create_shares([{"args": args, "kwargs": kwargs}])
             ^^^^^^^^^^^^^^^^^^^^^^^^^^^^^^^^^^^^^^^^^^^^^^^^^^^^^

      File "/opt/stack/tempest/manila-tempest-plugin/manila_tempest_tests/tests/api/base.py", line 468, in create_shares
    waiters.wait_for_resource_status(

      File "/opt/stack/tempest/manila-tempest-plugin/manila_tempest_tests/common/waiters.py", line 109, in wait_for_resource_status
    raise resource_exception(resource_id=resource_id)

    manila_tempest_tests.share_exceptions.ShareBuildErrorException: Share 9433fcb3-8392-4791-a7f2-222fe5fb5f3e failed to build and is in ERROR status

{2} manila_tempest_tests.tests.api.test_shares_negative.SharesNegativeTest.test_create_share_from_snap_with_different_share_network ... SKIPPED: Only for multitenancy.
{2} manila_tempest_tests.tests.api.test_shares_negative.SharesNegativeTest.test_create_share_from_snap_with_less_size ... SKIPPED: Create share from snapshot tests are disabled.
{2} manila_tempest_tests.tests.api.test_shares_negative.SharesNegativeTest.test_create_share_with_nonexistant_share_network ... SKIPPED: Only for multitenancy.
{2} manila_tempest_tests.tests.api.test_shares_negative.SharesNegativeTest.test_try_delete_share_with_existing_snapshot [3.354937s] ... FAILED

Captured traceback:
~~~~~~~~~~~~~~~~~~~
    Traceback (most recent call last):

      File "/opt/stack/tempest/manila-tempest-plugin/manila_tempest_tests/tests/api/test_shares_negative.py", line 51, in test_try_delete_share_with_existing_snapshot
    share = self.create_share(share_type_id=self.share_type_id)
            ^^^^^^^^^^^^^^^^^^^^^^^^^^^^^^^^^^^^^^^^^^^^^^^^^^^

      File "/opt/stack/tempest/manila-tempest-plugin/manila_tempest_tests/tests/api/base.py", line 410, in create_share
    result = cls.create_shares([{"args": args, "kwargs": kwargs}])
             ^^^^^^^^^^^^^^^^^^^^^^^^^^^^^^^^^^^^^^^^^^^^^^^^^^^^^

      File "/opt/stack/tempest/manila-tempest-plugin/manila_tempest_tests/tests/api/base.py", line 468, in create_shares
    waiters.wait_for_resource_status(

      File "/opt/stack/tempest/manila-tempest-plugin/manila_tempest_tests/common/waiters.py", line 109, in wait_for_resource_status
    raise resource_exception(resource_id=resource_id)

    manila_tempest_tests.share_exceptions.ShareBuildErrorException: Share c70b384b-6f01-4989-87cd-7b1f8e252ed3 failed to build and is in ERROR status


Captured pythonlogging:
~~~~~~~~~~~~~~~~~~~~~~~
    2026-07-27 09:43:42,700 243661 INFO     [tempest.lib.common.rest_client] Request (SharesNegativeTest:test_try_delete_share_with_existing_snapshot): 200 POST http://10.132.46.216/share/v2/shares 0.278s
2026-07-27 09:43:42,701 243661 DEBUG    [tempest.lib.common.rest_client] Request - Headers: {'Content-Type': 'application/json', 'Accept': 'application/json', 'x-openstack-manila-api-version': '2.96', 'X-Auth-Token': '<omitted>'}
        Body: {"share": {"share_proto": "nfs", "description": "Tempest's share", "snapshot_id": null, "name": "tempest-tempest-created-share-1097824778", "size": 1, "metadata": {}, "is_public": false, "share_type": "6bb39ec4-dadb-4b2d-b93b-f3fc20ed32d0"}}
    Response - Headers: {'date': 'Mon, 27 Jul 2026 09:43:42 GMT', 'server': 'Apache/2.4.58 (Ubuntu)', 'content-type': 'application/json', 'content-length': '1273', 'x-compute-request-id': 'req-57373b17-c26c-4e4e-9a22-34b58a265839', 'x-openstack-manila-api-version': '2.96', 'vary': 'X-OpenStack-Manila-API-Version', 'x-openstack-request-id': 'req-57373b17-c26c-4e4e-9a22-34b58a265839', 'connection': 'close', 'status': '200', 'content-location': 'http://10.132.46.216/share/v2/shares'}
        Body: b'{"share": {"id": "c70b384b-6f01-4989-87cd-7b1f8e252ed3", "size": 1, "availability_zone": null, "created_at": "2026-07-27T09:43:42.581837", "status": "creating", "name": "tempest-tempest-created-share-1097824778", "description": "Tempest\'s share", "project_id": "224ddb4624794e7e9561290b8f2a55a0", "snapshot_id": null, "share_network_id": null, "share_proto": "NFS", "metadata": {}, "share_type": "6bb39ec4-dadb-4b2d-b93b-f3fc20ed32d0", "volume_type": "tempest-typeshare-type-884934885", "links": [{"rel": "self", "href": "http://10.132.46.216/share/v2/shares/c70b384b-6f01-4989-87cd-7b1f8e252ed3"}, {"rel": "bookmark", "href": "http://10.132.46.216/share/shares/c70b384b-6f01-4989-87cd-7b1f8e252ed3"}], "is_public": false, "snapshot_support": true, "task_state": null, "share_type_name": "tempest-typeshare-type-884934885", "access_rules_status": "active", "replication_type": null, "has_replicas": false, "user_id": "c5bc6f084d344db7bff3be6f520abe27", "create_share_from_snapshot_support": false, "revert_to_snapshot_support": false, "share_group_id": null, "source_share_group_snapshot_member_id": null, "mount_snapshot_support": false, "progress": null, "is_soft_deleted": false, "scheduled_to_be_deleted_at": null, "source_backup_id": null, "encryption_key_ref": null}}'
2026-07-27 09:43:42,731 243661 INFO     [tempest.lib.common.rest_client] Request (SharesNegativeTest:test_try_delete_share_with_existing_snapshot): 200 GET http://10.132.46.216/share/v2/shares/c70b384b-6f01-4989-87cd-7b1f8e252ed3 0.029s
2026-07-27 09:43:42,732 243661 DEBUG    [tempest.lib.common.rest_client] Request - Headers: {'Content-Type': 'application/json', 'Accept': 'application/json', 'x-openstack-manila-api-version': '2.96', 'X-Auth-Token': '<omitted>'}
        Body: None
    Response - Headers: {'date': 'Mon, 27 Jul 2026 09:43:42 GMT', 'server': 'Apache/2.4.58 (Ubuntu)', 'content-type': 'application/json', 'content-length': '1273', 'x-compute-request-id': 'req-b30eb02d-750c-4629-8752-97628bc8ece1', 'x-openstack-manila-api-version': '2.96', 'vary': 'X-OpenStack-Manila-API-Version', 'x-openstack-request-id': 'req-b30eb02d-750c-4629-8752-97628bc8ece1', 'connection': 'close', 'status': '200', 'content-location': 'http://10.132.46.216/share/v2/shares/c70b384b-6f01-4989-87cd-7b1f8e252ed3'}
        Body: b'{"share": {"id": "c70b384b-6f01-4989-87cd-7b1f8e252ed3", "size": 1, "availability_zone": null, "created_at": "2026-07-27T09:43:42.581837", "status": "creating", "name": "tempest-tempest-created-share-1097824778", "description": "Tempest\'s share", "project_id": "224ddb4624794e7e9561290b8f2a55a0", "snapshot_id": null, "share_network_id": null, "share_proto": "NFS", "metadata": {}, "share_type": "6bb39ec4-dadb-4b2d-b93b-f3fc20ed32d0", "volume_type": "tempest-typeshare-type-884934885", "links": [{"rel": "self", "href": "http://10.132.46.216/share/v2/shares/c70b384b-6f01-4989-87cd-7b1f8e252ed3"}, {"rel"
    : "bookmark", "href": "http://10.132.46.216/share/shares/c70b384b-6f01-4989-87cd-7b1f8e252ed3"}], "is_public": false, "snapshot_support": true, "task_state": null, "share_type_name": "tempest-typeshare-type-884934885", "access_rules_status": "active", "replication_type": null, "has_replicas": false, "user_id": "c5bc6f084d344db7bff3be6f520abe27", "create_share_from_snapshot_support": false, "revert_to_snapshot_support": false, "share_group_id": null, "source_share_group_snapshot_member_id": null, "mount_snapshot_support": false, "progress": null, "is_soft_deleted": false, "scheduled_to_be_deleted_at": null, "source_backup_id": null, "encryption_key_ref": null}}'
2026-07-27 09:43:45,774 243661 INFO     [tempest.lib.common.rest_client] Request (SharesNegativeTest:test_try_delete_share_with_existing_snapshot): 200 GET http://10.132.46.216/share/v2/shares/c70b384b-6f01-4989-87cd-7b1f8e252ed3 0.041s
2026-07-27 09:43:45,774 243661 DEBUG    [tempest.lib.common.rest_client] Request - Headers: {'Content-Type': 'application/json', 'Accept': 'application/json', 'x-openstack-manila-api-version': '2.96', 'X-Auth-Token': '<omitted>'}
        Body: None
    Response - Headers: {'date': 'Mon, 27 Jul 2026 09:43:45 GMT', 'server': 'Apache/2.4.58 (Ubuntu)', 'content-type': 'application/json', 'content-length': '1270', 'x-compute-request-id': 'req-e4f665fe-31a8-45b0-8369-6093a749b4a2', 'x-openstack-manila-api-version': '2.96', 'vary': 'X-OpenStack-Manila-API-Version', 'x-openstack-request-id': 'req-e4f665fe-31a8-45b0-8369-6093a749b4a2', 'connection': 'close', 'status': '200', 'content-location': 'http://10.132.46.216/share/v2/shares/c70b384b-6f01-4989-87cd-7b1f8e252ed3'}
        Body: b'{"share": {"id": "c70b384b-6f01-4989-87cd-7b1f8e252ed3", "size": 1, "availability_zone": null, "created_at": "2026-07-27T09:43:42.581837", "status": "error", "name": "tempest-tempest-created-share-1097824778", "description": "Tempest\'s share", "project_id": "224ddb4624794e7e9561290b8f2a55a0", "snapshot_id": null, "share_network_id": null, "share_proto": "NFS", "metadata": {}, "share_type": "6bb39ec4-dadb-4b2d-b93b-f3fc20ed32d0", "volume_type": "tempest-typeshare-type-884934885", "links": [{"rel": "self", "href": "http://10.132.46.216/share/v2/shares/c70b384b-6f01-4989-87cd-7b1f8e252ed3"}, {"rel": "bookmark", "href": "http://10.132.46.216/share/shares/c70b384b-6f01-4989-87cd-7b1f8e252ed3"}], "is_public": false, "snapshot_support": true, "task_state": null, "share_type_name": "tempest-typeshare-type-884934885", "access_rules_status": "active", "replication_type": null, "has_replicas": false, "user_id": "c5bc6f084d344db7bff3be6f520abe27", "create_share_from_snapshot_support": false, "revert_to_snapshot_support": false, "share_group_id": null, "source_share_group_snapshot_member_id": null, "mount_snapshot_support": false, "progress": null, "is_soft_deleted": false, "scheduled_to_be_deleted_at": null, "source_backup_id": null, "encryption_key_ref": null}}'

{2} setUpClass (manila_tempest_tests.tests.api.test_snapshot_rules_negative.SnapshotIpRulesForNFSNegativeTest) ... SKIPPED: Independent snapshot access rules are disabled when 'snapshot_inherit_share_access' is required.
{1} manila_tempest_tests.tests.api.test_share_type_availability_zones.ShareTypeAvailabilityZonesTest.test_share_type_azs_old_version_api_ignores_spec [68.157696s] ... ok
{1} manila_tempest_tests.tests.api.test_share_type_availability_zones.ShareTypeAvailabilityZonesTest.test_share_type_azs_share_groups_az_in_create_req_1_True [3.527395s] ... ok
{1} manila_tempest_tests.tests.api.test_share_type_availability_zones.ShareTypeAvailabilityZonesTest.test_share_type_azs_share_groups_az_in_create_req_2_False [6.333499s] ... ok
{1} manila_tempest_tests.tests.api.test_share_type_availability_zones.ShareTypeAvailabilityZonesTest.test_share_type_azs_shares_az_in_create_req_1_True [30.889110s] ... ok
{1} manila_tempest_tests.tests.api.test_share_type_availability_zones.ShareTypeAvailabilityZonesTest.test_share_type_azs_shares_az_in_create_req_2_False [40.058345s] ... ok
{1} setUpClass (manila_tempest_tests.tests.api.test_shares.SharesCephFSTest) ... SKIPPED: cephfs tests are disabled
{1} setUpClass (manila_tempest_tests.tests.api.test_shares.SharesGLUSTERFSTest) ... SKIPPED: glusterfs tests are disabled
{1} setUpClass (manila_tempest_tests.tests.api.test_shares.SharesMapRFSTest) ... SKIPPED: maprfs tests are disabled
{1} manila_tempest_tests.tests.api.test_shares.SharesNFSTest.test_create_delete_snapshot [4.105348s] ... FAILED

Captured traceback:
~~~~~~~~~~~~~~~~~~~
    Traceback (most recent call last):

      File "/opt/stack/tempest/manila-tempest-plugin/manila_tempest_tests/tests/api/test_shares.py", line 133, in test_create_delete_snapshot
    share = self.create_share(self.protocol,
            ^^^^^^^^^^^^^^^^^^^^^^^^^^^^^^^^

      File "/opt/stack/tempest/manila-tempest-plugin/manila_tempest_tests/tests/api/base.py", line 410, in create_share
    result = cls.create_shares([{"args": args, "kwargs": kwargs}])
             ^^^^^^^^^^^^^^^^^^^^^^^^^^^^^^^^^^^^^^^^^^^^^^^^^^^^^

      File "/opt/stack/tempest/manila-tempest-plugin/manila_tempest_tests/tests/api/base.py", line 468, in create_shares
    waiters.wait_for_resource_status(

      File "/opt/stack/tempest/manila-tempest-plugin/manila_tempest_tests/common/waiters.py", line 109, in wait_for_resource_status
    raise resource_exception(resource_id=resource_id)

    manila_tempest_tests.share_exceptions.ShareBuildErrorException: Share 9682132c-3032-4592-89a1-44c54d501941 failed to build and is in ERROR status


Captured pythonlogging:
~~~~~~~~~~~~~~~~~~~~~~~
    2026-07-27 09:46:10,878 243659 INFO     [tempest.lib.common.rest_client] Request (SharesNFSTest:test_create_delete_snapshot): 200 POST http://10.132.46.216/share/v2/types 0.021s
2026-07-27 09:46:10,878 243659 DEBUG    [tempest.lib.common.rest_client] Request - Headers: {'Content-Type': 'application/json', 'Accept': 'application/json', 'x-openstack-manila-api-version': '2.96', 'X-Auth-Token': '<omitted>'}
        Body: {"share_type": {"name": "tempest-typeshare-type-2020491563", "extra_specs": {"driver_handles_share_servers": "False", "snapshot_support": true}, "share_type_access:is_public": true}}
    Response - Headers: {'date': 'Mon, 27 Jul 2026 09:46:10 GMT', 'server': 'Apache/2.4.58 (Ubuntu)', 'content-type': 'application/json', 'content-length': '679', 'x-compute-request-id': 'req-acd57a5d-7880-4ee0-8d0d-991b5af84851', 'x-openstack-manila-api-version': '2.96', 'vary': 'X-OpenStack-Manila-API-Version', 'x-openstack-request-id': 'req-acd57a5d-7880-4ee0-8d0d-991b5af84851', 'connection': 'close', 'status': '200', 'content-location': 'http://10.132.46.216/share/v2/types'}
        Body: b'{"volume_type": {"id": "282e40f6-df25-4371-98a1-ec88cbdc8cee", "name": "tempest-typeshare-type-2020491563", "extra_specs": {"driver_handles_share_servers": "False", "snapshot_support": "True"}, "required_extra_specs": {"driver_handles_share_servers": "False"}, "share_type_access:is_public": true, "description": null, "is_default": false}, "share_type": {"id": "282e40f6-df25-4371-98a1-ec88cbdc8cee", "name": "tempest-typeshare-type-2020491563", "extra_specs": {"driver_handles_share_servers": "False", "snapshot_support": "True"}, "required_extra_specs": {"driver_handles_share_servers": "False"}, "share_type_access:is_public": true, "description": null, "is_default": false}}'
2026-07-27 09:46:11,248 243659 INFO     [tempest.lib.common.rest_client] Request (SharesNFSTest:test_create_delete_snapshot): 200 POST http://10.132.46.216/share/v2/shares 0.369s
2026-07-27 09:46:11,249 243659 DEBUG    [tempest.lib.common.rest_client] Request - Headers: {'Content-Type': 'application/json', 'Accept': 'application/json', 'x-openstack-manila-api-version': '2.96', 'X-Auth-Token': '<omitted>'}
        Body: {"share": {"share_proto": "nfs", "description": "Tempest's share", "snapshot_id": null, "name": "tempest-tempest-created-share-1037233387", "size": 1, "metadata": {}, "is_public": false, "share_type": "282e40f6-df25-4371-98a1-ec88cbdc8cee"}}
    Response - Headers: {'date': 'Mon, 27 Jul 2026 09:46:10 GMT', 'server': 'Apache/2.4.58 (Ubuntu)', 'content-type': 'application/json', 'content-length': '1275', 'x-compute-request-id': 'req-85df91a0-4f15-4f2d-9c04-16f72cbaca8e', 'x-openstack-manila-api-version': '2.96', 'vary': 'X-OpenStack-Manila-API-Version', 'x-openstack-request-id': 'req-85df91a0-4f15-4f2d-9c04-16f72cbaca8e', 'connection': 'close', 'status': '200', 'content-location': 'http://10.132.46.216/share/v2/shares'}
        Body: b'{"share": {"id": "9682132c-3032-4592-89a1-44c54d501941", "size": 1, "availability_zone": null, "created_at": "2026-07-27T09:46:11.063358", "status": "creating", "name": "tempest-tempest-created-share-1037233387", "description": "Tempest\'s share", "project_id": "0ffb9a5bd72d4026847213f889dd402d", "snapshot_id": null, "share_network_id": null, "share_proto": "NFS", "metadata": {}, "share_type": "282e40f6-df25-4371-98a1-ec88cbdc8cee", "volume_type": "tempest-typeshare-type-2020491563", "links": [{"rel": "self", "href": "http://10.132.46.216/share/v2/shares/9682132c-3032-4592-89a1-44c54d501941"}, {"rel": "bookmark", "href": "http://10.132.46.216/share/shares/9682132c-3032-4592-89a1-44c54d501941"}], "is_public": false, "snapshot_support": true, "task_state": null, "share_type_name": "tempest-typeshare-type-2020491563", "access_rules_status": "active", "replication_type": null, "has_replicas": false, "user_id": "4b75e4fddc594b36be26099641d8d1e8", "create_share_from_snapshot_support": false, "revert_to_snapshot_support": false, "share_group_id": null, "source_share_group_snapshot_member_id": null, "mount_snapshot_support": false, "
    progress": null, "is_soft_deleted": false, "scheduled_to_be_deleted_at": null, "source_backup_id": null, "encryption_key_ref": null}}'
2026-07-27 09:46:11,286 243659 INFO     [tempest.lib.common.rest_client] Request (SharesNFSTest:test_create_delete_snapshot): 200 GET http://10.132.46.216/share/v2/shares/9682132c-3032-4592-89a1-44c54d501941 0.036s
2026-07-27 09:46:11,286 243659 DEBUG    [tempest.lib.common.rest_client] Request - Headers: {'Content-Type': 'application/json', 'Accept': 'application/json', 'x-openstack-manila-api-version': '2.96', 'X-Auth-Token': '<omitted>'}
        Body: None
    Response - Headers: {'date': 'Mon, 27 Jul 2026 09:46:11 GMT', 'server': 'Apache/2.4.58 (Ubuntu)', 'content-type': 'application/json', 'content-length': '1275', 'x-compute-request-id': 'req-6d53ca91-6b7d-4248-a7ed-75408ff80ee1', 'x-openstack-manila-api-version': '2.96', 'vary': 'X-OpenStack-Manila-API-Version', 'x-openstack-request-id': 'req-6d53ca91-6b7d-4248-a7ed-75408ff80ee1', 'connection': 'close', 'status': '200', 'content-location': 'http://10.132.46.216/share/v2/shares/9682132c-3032-4592-89a1-44c54d501941'}
        Body: b'{"share": {"id": "9682132c-3032-4592-89a1-44c54d501941", "size": 1, "availability_zone": null, "created_at": "2026-07-27T09:46:11.063358", "status": "creating", "name": "tempest-tempest-created-share-1037233387", "description": "Tempest\'s share", "project_id": "0ffb9a5bd72d4026847213f889dd402d", "snapshot_id": null, "share_network_id": null, "share_proto": "NFS", "metadata": {}, "share_type": "282e40f6-df25-4371-98a1-ec88cbdc8cee", "volume_type": "tempest-typeshare-type-2020491563", "links": [{"rel": "self", "href": "http://10.132.46.216/share/v2/shares/9682132c-3032-4592-89a1-44c54d501941"}, {"rel": "bookmark", "href": "http://10.132.46.216/share/shares/9682132c-3032-4592-89a1-44c54d501941"}], "is_public": false, "snapshot_support": true, "task_state": null, "share_type_name": "tempest-typeshare-type-2020491563", "access_rules_status": "active", "replication_type": null, "has_replicas": false, "user_id": "4b75e4fddc594b36be26099641d8d1e8", "create_share_from_snapshot_support": false, "revert_to_snapshot_support": false, "share_group_id": null, "source_share_group_snapshot_member_id": null, "mount_snapshot_support": false, "progress": null, "is_soft_deleted": false, "scheduled_to_be_deleted_at": null, "source_backup_id": null, "encryption_key_ref": null}}'
2026-07-27 09:46:14,324 243659 INFO     [tempest.lib.common.rest_client] Request (SharesNFSTest:test_create_delete_snapshot): 200 GET http://10.132.46.216/share/v2/shares/9682132c-3032-4592-89a1-44c54d501941 0.036s
2026-07-27 09:46:14,324 243659 DEBUG    [tempest.lib.common.rest_client] Request - Headers: {'Content-Type': 'application/json', 'Accept': 'application/json', 'x-openstack-manila-api-version': '2.96', 'X-Auth-Token': '<omitted>'}
        Body: None
    Response - Headers: {'date': 'Mon, 27 Jul 2026 09:46:14 GMT', 'server': 'Apache/2.4.58 (Ubuntu)', 'content-type': 'application/json', 'content-length': '1272', 'x-compute-request-id': 'req-bf82db06-4071-4f7c-abfa-3c25dad30a66', 'x-openstack-manila-api-version': '2.96', 'vary': 'X-OpenStack-Manila-API-Version', 'x-openstack-request-id': 'req-bf82db06-4071-4f7c-abfa-3c25dad30a66', 'connection': 'close', 'status': '200', 'content-location': 'http://10.132.46.216/share/v2/shares/9682132c-3032-4592-89a1-44c54d501941'}
        Body: b'{"share": {"id": "9682132c-3032-4592-89a1-44c54d501941", "size": 1, "availability_zone": null, "created_at": "2026-07-27T09:46:11.063358", "status": "error", "name": "tempest-tempest-created-share-1037233387", "description": "Tempest\'s share", "project_id": "0ffb9a5bd72d4026847213f889dd402d", "snapshot_id": null, "share_network_id": null, "share_proto": "NFS", "metadata": {}, "share_type": "282e40f6-df25-4371-98a1-ec88cbdc8cee", "volume_type": "tempest-typeshare-type-2020491563", "links": [{"rel": "self", "href": "http://10.132.46.216/share/v2/shares/9682132c-3032-4592-89a1-44c54d501941"}, {"rel": "bookmark", "href": "http://10.132.46.216/share/shares/9682132c-3032-45
    92-89a1-44c54d501941"}], "is_public": false, "snapshot_support": true, "task_state": null, "share_type_name": "tempest-typeshare-type-2020491563", "access_rules_status": "active", "replication_type": null, "has_replicas": false, "user_id": "4b75e4fddc594b36be26099641d8d1e8", "create_share_from_snapshot_support": false, "revert_to_snapshot_support": false, "share_group_id": null, "source_share_group_snapshot_member_id": null, "mount_snapshot_support": false, "progress": null, "is_soft_deleted": false, "scheduled_to_be_deleted_at": null, "source_backup_id": null, "encryption_key_ref": null}}'
2026-07-27 09:46:14,349 243659 INFO     [tempest.lib.common.rest_client] Request (SharesNFSTest:_run_cleanups): 200 GET http://10.132.46.216/share/v2/share-replicas/detail?share_id=9682132c-3032-4592-89a1-44c54d501941 0.022s
2026-07-27 09:46:14,350 243659 DEBUG    [tempest.lib.common.rest_client] Request - Headers: {'Content-Type': 'application/json', 'Accept': 'application/json', 'x-openstack-manila-api-version': '2.96', 'X-Auth-Token': '<omitted>'}
        Body: None
    Response - Headers: {'date': 'Mon, 27 Jul 2026 09:46:14 GMT', 'server': 'Apache/2.4.58 (Ubuntu)', 'content-type': 'application/json', 'content-length': '22', 'x-compute-request-id': 'req-10e863c6-d677-4a2e-a169-c12bfa5636ec', 'x-openstack-manila-api-version': '2.96', 'vary': 'X-OpenStack-Manila-API-Version', 'x-openstack-request-id': 'req-10e863c6-d677-4a2e-a169-c12bfa5636ec', 'connection': 'close', 'status': '200', 'content-location': 'http://10.132.46.216/share/v2/share-replicas/detail?share_id=9682132c-3032-4592-89a1-44c54d501941'}
        Body: b'{"share_replicas": []}'
2026-07-27 09:46:14,869 243659 INFO     [tempest.lib.common.rest_client] Request (SharesNFSTest:_run_cleanups): 202 DELETE http://10.132.46.216/share/v2/shares/9682132c-3032-4592-89a1-44c54d501941 0.518s
2026-07-27 09:46:14,869 243659 DEBUG    [tempest.lib.common.rest_client] Request - Headers: {'Content-Type': 'application/json', 'Accept': 'application/json', 'x-openstack-manila-api-version': '2.96', 'X-Auth-Token': '<omitted>'}
        Body: None
    Response - Headers: {'date': 'Mon, 27 Jul 2026 09:46:14 GMT', 'server': 'Apache/2.4.58 (Ubuntu)', 'content-length': '0', 'content-type': 'text/html; charset=UTF-8', 'x-compute-request-id': 'req-993ee0c5-917a-4066-b379-c0f9ca9327e9', 'x-openstack-manila-api-version': '2.96', 'vary': 'X-OpenStack-Manila-API-Version', 'x-openstack-request-id': 'req-993ee0c5-917a-4066-b379-c0f9ca9327e9', 'connection': 'close', 'status': '202', 'content-location': 'http://10.132.46.216/share/v2/shares/9682132c-3032-4592-89a1-44c54d501941'}
        Body: b''
2026-07-27 09:46:14,885 243659 INFO     [tempest.lib.common.rest_client] Request (SharesNFSTest:_run_cleanups): 404 GET http://10.132.46.216/share/v2/shares/9682132c-3032-4592-89a1-44c54d501941 0.016s
2026-07-27 09:46:14,886 243659 DEBUG    [tempest.lib.common.rest_client] Request - Headers: {'Content-Type': 'application/json', 'Accept': 'application/json', 'x-openstack-manila-api-version': '2.96', 'X-Auth-Token': '<omitted>'}
        Body: None
    Response - Headers: {'date': 'Mon, 27 Jul 2026 09:46:14 GMT', 'server': 'Apache/2.4.58 (Ubuntu)', 'x-openstack-manila-api-version': '2.96', 'vary': 'X-OpenStack-Manila-API-Version', 'content-length': '78', 'content-type': 'application/json', 'x-compute-request-id': 'req-e194638b-fae4-47fc-85e1-a4a1dc353e61', 'x-openstack-request-id': 'req-e194638b-fae4-47fc-85e1-a4a1dc353e61', 'connection': 'close', 'status': '404', 'content-location': 'http://10.132.46.216/share/v2/shares/9682132c-3032-4592-89a1-44c54d501941'}
        Body: b'{"itemNotFound": {"code": 404, "message": "The resource could not be found."}}'
2026-07-27 09:46:14,902 243659 INFO     [tempest.lib.common.rest_client] Request (SharesNFSTest:_run_cleanups): 200 GET http://10.132.46.216/share/v2/shares?share_type_id=282e40f6-df25-4371-98a1-ec88cbdc8cee 0.015s
2026-07-27 09:46:14,902 243659 DEBUG    [tempest.lib.common.rest_client] Request - Headers: {'Content-Type': 'application/json', 'Accept': 'application/json',
     'x-openstack-manila-api-version': '2.96', 'X-Auth-Token': '<omitted>'}
        Body: None
    Response - Headers: {'date': 'Mon, 27 Jul 2026 09:46:14 GMT', 'server': 'Apache/2.4.58 (Ubuntu)', 'content-type': 'application/json', 'content-length': '14', 'x-compute-request-id': 'req-a908bbea-74ee-4d7a-847a-be61ae3203f1', 'x-openstack-manila-api-version': '2.96', 'vary': 'X-OpenStack-Manila-API-Version', 'x-openstack-request-id': 'req-a908bbea-74ee-4d7a-847a-be61ae3203f1', 'connection': 'close', 'status': '200', 'content-location': 'http://10.132.46.216/share/v2/shares?share_type_id=282e40f6-df25-4371-98a1-ec88cbdc8cee'}
        Body: b'{"shares": []}'
2026-07-27 09:46:14,948 243659 INFO     [tempest.lib.common.rest_client] Request (SharesNFSTest:_run_cleanups): 202 DELETE http://10.132.46.216/share/v2/types/282e40f6-df25-4371-98a1-ec88cbdc8cee 0.045s
2026-07-27 09:46:14,948 243659 DEBUG    [tempest.lib.common.rest_client] Request - Headers: {'Content-Type': 'application/json', 'Accept': 'application/json', 'x-openstack-manila-api-version': '2.96', 'X-Auth-Token': '<omitted>'}
        Body: None
    Response - Headers: {'date': 'Mon, 27 Jul 2026 09:46:14 GMT', 'server': 'Apache/2.4.58 (Ubuntu)', 'content-length': '0', 'content-type': 'text/html; charset=UTF-8', 'x-compute-request-id': 'req-a3c2f09d-1164-454a-9675-de6a74cfb988', 'x-openstack-manila-api-version': '2.96', 'vary': 'X-OpenStack-Manila-API-Version', 'x-openstack-request-id': 'req-a3c2f09d-1164-454a-9675-de6a74cfb988', 'connection': 'close', 'status': '202', 'content-location': 'http://10.132.46.216/share/v2/types/282e40f6-df25-4371-98a1-ec88cbdc8cee'}
        Body: b''
2026-07-27 09:46:14,960 243659 INFO     [tempest.lib.common.rest_client] Request (SharesNFSTest:_run_cleanups): 404 GET http://10.132.46.216/share/v2/types/282e40f6-df25-4371-98a1-ec88cbdc8cee 0.011s
2026-07-27 09:46:14,961 243659 DEBUG    [tempest.lib.common.rest_client] Request - Headers: {'Content-Type': 'application/json', 'Accept': 'application/json', 'x-openstack-manila-api-version': '2.96', 'X-Auth-Token': '<omitted>'}
        Body: None
    Response - Headers: {'date': 'Mon, 27 Jul 2026 09:46:14 GMT', 'server': 'Apache/2.4.58 (Ubuntu)', 'x-openstack-manila-api-version': '2.96', 'vary': 'X-OpenStack-Manila-API-Version', 'content-length': '67', 'content-type': 'application/json', 'x-compute-request-id': 'req-3bf67470-a54b-4d82-8f19-b349e3742ba6', 'x-openstack-request-id': 'req-3bf67470-a54b-4d82-8f19-b349e3742ba6', 'connection': 'close', 'status': '404', 'content-location': 'http://10.132.46.216/share/v2/types/282e40f6-df25-4371-98a1-ec88cbdc8cee'}
        Body: b'{"itemNotFound": {"code": 404, "message": "Share type not found."}}'

{1} manila_tempest_tests.tests.api.test_shares.SharesNFSTest.test_create_get_delete_share [30.946302s] ... ok
{1} manila_tempest_tests.tests.api.test_shares.SharesNFSTest.test_create_share_from_snapshot ... SKIPPED: Create share from snapshot tests are disabled.
{1} manila_tempest_tests.tests.api.test_shares.SharesNFSTest.test_create_share_from_snapshot_share_network_not_provided ... SKIPPED: Only for multitenancy.

==============================
Failed 26 tests - output below:
==============================

setUpClass (manila_tempest_tests.tests.api.******.test_******_actions.AdminActionsTest)
-------------------------------------------------------------------------------------

Captured traceback:
~~~~~~~~~~~~~~~~~~~
    Traceback (most recent call last):

      File "/opt/stack/tempest/tempest/test.py", line 185, in setUpClass
    raise value.with_traceback(trace)

      File "/opt/stack/tempest/tempest/test.py", line 178, in setUpClass
    cls.resource_setup()

      File "/opt/stack/tempest/manila-tempest-plugin/manila_tempest_tests/tests/api/******/test_******_actions.py", line 46, in resource_setup
    cls.share = cls.create_share(share_type_id=cls.share_type_id)
                ^^^^^^^^^^^^^^^^^^^^^^^^^^^^^^^^^^^^^^^^^^^^^^^^^

      File "/opt/stack/tempest/manila-tempest-plugin/manila_tempest_tests/tests/api/base.py", line 410, in create_share
    result = cls.create_shares([{"args": args, "kwargs": kwargs}])
             ^^^^^^^^^^^^^^^^^^^^^^^^^^^^^^^^^^^^^^^^^^^^^^^^^^^^^

      File "/opt/stack/tempest/manila-tempest-plugin/manila_tempest_tests/tests/api/base.py", line 468, in create_shares
    waiters.wait_for_resource_status(

      File "/opt/stack/tempest/manila-tempest-plugin/manila_tempest_tests/common/waiters.py", line 109, in wait_for_resource_status
    raise resource_exception(resource_id=resource_id)

    manila_tempest_tests.share_exceptions.ShareBuildErrorException: Share 05b9c12e-f626-49a4-bcc0-dd6f7558cb24 failed to build and is in ERROR status


setUpClass (manila_tempest_tests.tests.api.******.test_******_actions_negative.AdminActionsNegativeTest)
------------------------------------------------------------------------------------------------------

Captured traceback:
~~~~~~~~~~~~~~~~~~~
    Traceback (most recent call last):

      File "/opt/stack/tempest/tempest/test.py", line 185, in setUpClass
    raise value.with_traceback(trace)

      File "/opt/stack/tempest/tempest/test.py", line 178, in setUpClass
    cls.resource_setup()

      File "/opt/stack/tempest/manila-tempest-plugin/manila_tempest_tests/tests/api/******/test_******_actions_negative.py", line 43, in resource_setup
    cls.share = cls.create_share(share_type_id=cls.share_type_id,
                ^^^^^^^^^^^^^^^^^^^^^^^^^^^^^^^^^^^^^^^^^^^^^^^^^

      File "/opt/stack/tempest/manila-tempest-plugin/manila_tempest_tests/tests/api/base.py", line 410, in create_share
    result = cls.create_shares([{"args": args, "kwargs": kwargs}])
             ^^^^^^^^^^^^^^^^^^^^^^^^^^^^^^^^^^^^^^^^^^^^^^^^^^^^^

      File "/opt/stack/tempest/manila-tempest-plugin/manila_tempest_tests/tests/api/base.py", line 468, in create_shares
    waiters.wait_for_resource_status(

      File "/opt/stack/tempest/manila-tempest-plugin/manila_tempest_tests/common/waiters.py", line 109, in wait_for_resource_status
    raise resource_exception(resource_id=resource_id)

    manila_tempest_tests.share_exceptions.ShareBuildErrorException: Share 7f008a0f-da4f-4917-972a-49ef39d20253 failed to build and is in ERROR status


manila_tempest_tests.tests.api.******.test_quotas_negative.SharesAdminQuotasNegativeTest.test_create_snapshot_over_quota_limit[api_with_backend,id-a2267f4d-63ef-4631-a01d-3723707e5516,negative]
------------------------------------------------------------------------------------------------------------------------------------------------------------------------------------------------

Captured traceback:
~~~~~~~~~~~~~~~~~~~
    Traceback (most recent call last):

      File "/opt/stack/tempest/manila-tempest-plugin/manila_tempest_tests/tests/api/******/test_quotas_negative.py", line 438, in test_create_snapshot_over_quota_limit
    share = self.create_share(share_type_id=share_type['id'])
            ^^^^^^^^^^^^^^^^^^^^^^^^^^^^^^^^^^^^^^^^^^^^^^^^^

      File "/opt/stack/tempest/manila-tempest-plugin/manila_tempest_tests/tests/api/base.py", line 410, in create_share
    result = cls.create_shares([{"args": args, "kwargs": kwargs}])
             ^^^^^^^^^^^^^^^^^^^^^^^^^^^^^^^^^^^^^^^^^^^^^^^^^^^^^

      File "/opt/stack/tempest/manila-tempest-plugin/manila_tempest_tests/tests/api/base.py", line 468, in create_shares
    waiters.wait_for_resource_status(

      File "/opt/stack/tempest/manila-tempest-plugin/manila_tempest_tests/common/waiters.py", line 109, in wait_for_resource_status
    raise resource_exception(resource_id=resource_id)

    manila_tempest_tests.share_exceptions.ShareBuildErrorException: Share 5f370f3c-adb8-48d6-8783-dcab3ba6ec23 failed to build and is in ERROR status


Captured pythonlogging:
~~~~~~~~~~~~~~~~~~~~~~~
    2026-07-27 09:12:22,531 243664 INFO     [tempest.lib.common.rest_client] Request (SharesAdminQuotasNegativeTest:test_create_snapshot_over_quota_limit): 200 POST http://10.132.46.216/share/v2/types 0.024s
2026-07-27 09:12:22,531 243664 DEBUG    [tempest.lib.common.rest_client] Request - Headers: {'Content-Type': 'application/json', 'Accept': 'application/json', 'x-openstack-manila-api-version': '2.96', 'X-Auth-Token': '<omitted>'}
        Body: {"share_type": {"name": "tempest-typeshare-type-100404436", "extra_specs": {"driver_handles_share_servers": "False", "snapshot_support": true}, "share_type_access:is_public": true}}
    Response - Headers: {'date': 'Mon, 27 Jul 2026 09:12:22 GMT', 'server': 'Apache/2.4.58 (Ubuntu)', 'content-type': 'application/json', 'content-length': '677', 'x-compute-request-id': 'req-83b8fd5b-3673-4af8-a429-fb48fc9058b7', 'x-openstack-manila-api-version': '2.96', 'vary': 'X-OpenStack-Manila-API-Version', 'x-openstack-request-id': 'req-83b8fd5b-3673-4af8-a429-fb48fc9058b7', 'connection': 'close', 'status': '200', 'content-location': 'http://10.132.46.216/share/v2/types'}
        Body: b'{"volume_type": {"id": "c1ddd73c-ad51-4c81-bd6c-fddd4274ccc7", "name": "tempest-typeshare-type-100404436", "extra_specs": {"driver_handles_share_servers": "False", "snapshot_support": "True"}, "required_extra_specs": {"driver_handles_share_servers": "False"}, "share_type_access:is_public": true, "description": null, "is_default": false}, "share_type": {"id": "c1ddd73c-ad51-4c81-bd6c-fddd4274ccc7", "name": "tempest-typeshare-type-100404436", "extra_specs": {"driver_handles_share_servers": "False", "snapshot_support": "True"}, "required_extra_specs": {"driver_handles_share_servers": "False"}, "share_type_access:is_public": true, "description": null, "is_default": false}}'
2026-07-27 09:12:22,835 243664 INFO     [tempest.lib.common.rest_client] Request (SharesAdminQuotasNegativeTest:test_create_snapshot_over_quota_limit): 200 POST http://10.132.46.216/share/v2/shares 0.302s
2026-07-27 09:12:22,835 243664 DEBUG    [tempest.lib.common.rest_client] Request - Headers: {'Content-Type': 'application/json', 'Accept': 'application/json', 'x-openstack-manila-api-version': '2.96', 'X-Auth-Token': '<omitted>'}
        Body: {"share": {"share_proto": "nfs", "description": "Tempest's share", "snapshot_id": null, "name": "tempest-tempest-created-share-184415801", "size": 1, "metadata": {}, "is_public": false, "share_type": "c1ddd73c-ad51-4c81-bd6c-fddd4274ccc7"}}
    Response - Headers: {'date': 'Mon, 27 Jul 2026 09:12:22 GMT', 'server': 'Apache/2.4.58 (Ubuntu)', 'content-type': 'application/json', 'content-length': '1309', 'x-compute-request-id': 'req-2aa88ce3-8cbf-42b4-b633-c22f22d7aa1f', 'x-openstack-manila-api-version': '2.96', 'vary': 'X-OpenStack-Manila-API-Version', 'x-openstack-request-id': 'req-2aa88ce3-8cbf-42b4-b633-c22f22d7aa1f', 'connection': 'close', 'status': '200', 'content-location': 'http://10.132.46.216/share/v2/shares'}
        Body: b'{"share": {"id": "5f370f3c-adb8-48d6-8783-dcab3ba6ec23", "size": 1, "availability_zone": null, "created_at": "2026-07-27T09:12:22.709689", "status": "creating", "name": "tempest-tempest-created-share-184415801", "description": "Tempest\'s share", "project_id": "caab3e00e6af499caa73407d593cff79", "snapshot_id": null, "share_network_id": null, "share_proto": "NFS", "metadata": {}, "share_type": "c1ddd73c-ad51-4c81-bd6c-fddd4274ccc7", "volume_type": "tempest-typeshare-type-100404436", "links": [{"rel": "self", "href": "http://10.132.46.216/share/v2/shares/5f370f3c-adb8-48d6-8783-dcab3ba6ec23"}, {"rel": "bookmark", "href": "http://10.132.46.216/share/shares/5f370f3c-adb8-48d6-8783-dcab3ba6ec23"}], "is_public": false, "snapshot_support": true, "task_state": null, "share_type_name": "tempest-typeshare-type-100404436", "access_rules_status": "active", "replication_type": null, "has_replicas": false, "user_id": "d97104843a3a4b228adf1e552c573bcb", "create_share_from_snapshot_support": false, "revert_to_snapshot_support": false, "share_group_id": null, "source_share_group_snapshot_member_
    id": null, "mount_snapshot_support": false, "progress": null, "is_soft_deleted": false, "scheduled_to_be_deleted_at": null, "source_backup_id": null, "encryption_key_ref": null, "share_server_id": null, "host": ""}}'
2026-07-27 09:12:22,866 243664 INFO     [tempest.lib.common.rest_client] Request (SharesAdminQuotasNegativeTest:test_create_snapshot_over_quota_limit): 200 GET http://10.132.46.216/share/v2/shares/5f370f3c-adb8-48d6-8783-dcab3ba6ec23 0.030s
2026-07-27 09:12:22,867 243664 DEBUG    [tempest.lib.common.rest_client] Request - Headers: {'Content-Type': 'application/json', 'Accept': 'application/json', 'x-openstack-manila-api-version': '2.96', 'X-Auth-Token': '<omitted>'}
        Body: None
    Response - Headers: {'date': 'Mon, 27 Jul 2026 09:12:22 GMT', 'server': 'Apache/2.4.58 (Ubuntu)', 'content-type': 'application/json', 'content-length': '1309', 'x-compute-request-id': 'req-d7fa60de-229b-4e7a-995d-ac1b0c6c7286', 'x-openstack-manila-api-version': '2.96', 'vary': 'X-OpenStack-Manila-API-Version', 'x-openstack-request-id': 'req-d7fa60de-229b-4e7a-995d-ac1b0c6c7286', 'connection': 'close', 'status': '200', 'content-location': 'http://10.132.46.216/share/v2/shares/5f370f3c-adb8-48d6-8783-dcab3ba6ec23'}
        Body: b'{"share": {"id": "5f370f3c-adb8-48d6-8783-dcab3ba6ec23", "size": 1, "availability_zone": null, "created_at": "2026-07-27T09:12:22.709689", "status": "creating", "name": "tempest-tempest-created-share-184415801", "description": "Tempest\'s share", "project_id": "caab3e00e6af499caa73407d593cff79", "snapshot_id": null, "share_network_id": null, "share_proto": "NFS", "metadata": {}, "share_type": "c1ddd73c-ad51-4c81-bd6c-fddd4274ccc7", "volume_type": "tempest-typeshare-type-100404436", "links": [{"rel": "self", "href": "http://10.132.46.216/share/v2/shares/5f370f3c-adb8-48d6-8783-dcab3ba6ec23"}, {"rel": "bookmark", "href": "http://10.132.46.216/share/shares/5f370f3c-adb8-48d6-8783-dcab3ba6ec23"}], "is_public": false, "snapshot_support": true, "task_state": null, "share_type_name": "tempest-typeshare-type-100404436", "access_rules_status": "active", "replication_type": null, "has_replicas": false, "user_id": "d97104843a3a4b228adf1e552c573bcb", "create_share_from_snapshot_support": false, "revert_to_snapshot_support": false, "share_group_id": null, "source_share_group_snapshot_member_id": null, "mount_snapshot_support": false, "progress": null, "is_soft_deleted": false, "scheduled_to_be_deleted_at": null, "source_backup_id": null, "encryption_key_ref": null, "share_server_id": null, "host": ""}}'
2026-07-27 09:12:25,905 243664 INFO     [tempest.lib.common.rest_client] Request (SharesAdminQuotasNegativeTest:test_create_snapshot_over_quota_limit): 200 GET http://10.132.46.216/share/v2/shares/5f370f3c-adb8-48d6-8783-dcab3ba6ec23 0.038s
2026-07-27 09:12:25,906 243664 DEBUG    [tempest.lib.common.rest_client] Request - Headers: {'Content-Type': 'application/json', 'Accept': 'application/json', 'x-openstack-manila-api-version': '2.96', 'X-Auth-Token': '<omitted>'}
        Body: None
    Response - Headers: {'date': 'Mon, 27 Jul 2026 09:12:25 GMT', 'server': 'Apache/2.4.58 (Ubuntu)', 'content-type': 'application/json', 'content-length': '1306', 'x-compute-request-id': 'req-977212ff-5015-4827-b856-edc4eea3a6ce', 'x-openstack-manila-api-version': '2.96', 'vary': 'X-OpenStack-Manila-API-Version', 'x-openstack-request-id': 'req-977212ff-5015-4827-b856-edc4eea3a6ce', 'connection': 'close', 'status': '200', 'content-location': 'http://10.132.46.216/share/v2/shares/5f370f3c-adb8-48d6-8783-dcab3ba6ec23'}
        Body: b'{"share": {"id": "5f370f3c-adb8-48d6-8783-dcab3ba6ec23", "size": 1, "availability_zone": null, "created_at": "2026-07-27T09:12:22.709689", "status": "error", "name": "tempest-tempest-created-share-184415801", "description": "Tempest\'s share", "project_id": "caab3e00e6af499caa73407d593cff79", "snapshot_id": null, "share_network_id": null, "share_proto": "NFS", "metadata": {}, "share_type": "c1ddd73c-ad51-4c81-bd6c-fddd4274ccc7", "volume_type": "tempest-typeshare-type-100404436", "links": [{"rel": "self",
     "href": "http://10.132.46.216/share/v2/shares/5f370f3c-adb8-48d6-8783-dcab3ba6ec23"}, {"rel": "bookmark", "href": "http://10.132.46.216/share/shares/5f370f3c-adb8-48d6-8783-dcab3ba6ec23"}], "is_public": false, "snapshot_support": true, "task_state": null, "share_type_name": "tempest-typeshare-type-100404436", "access_rules_status": "active", "replication_type": null, "has_replicas": false, "user_id": "d97104843a3a4b228adf1e552c573bcb", "create_share_from_snapshot_support": false, "revert_to_snapshot_support": false, "share_group_id": null, "source_share_group_snapshot_member_id": null, "mount_snapshot_support": false, "progress": null, "is_soft_deleted": false, "scheduled_to_be_deleted_at": null, "source_backup_id": null, "encryption_key_ref": null, "share_server_id": null, "host": ""}}'


setUpClass (manila_tempest_tests.tests.api.******.test_snapshot_export_locations_negative.SnapshotExportLocationsNegativeTest)
-----------------------------------------------------------------------------------------------------------------------------

Captured traceback:
~~~~~~~~~~~~~~~~~~~
    Traceback (most recent call last):

      File "/opt/stack/tempest/tempest/test.py", line 185, in setUpClass
    raise value.with_traceback(trace)

      File "/opt/stack/tempest/tempest/test.py", line 178, in setUpClass
    cls.resource_setup()

      File "/opt/stack/tempest/manila-tempest-plugin/manila_tempest_tests/tests/api/******/test_snapshot_export_locations_negative.py", line 59, in resource_setup
    cls.share = cls.create_share(share_type_id=cls.share_type_id,
                ^^^^^^^^^^^^^^^^^^^^^^^^^^^^^^^^^^^^^^^^^^^^^^^^^

      File "/opt/stack/tempest/manila-tempest-plugin/manila_tempest_tests/tests/api/base.py", line 410, in create_share
    result = cls.create_shares([{"args": args, "kwargs": kwargs}])
             ^^^^^^^^^^^^^^^^^^^^^^^^^^^^^^^^^^^^^^^^^^^^^^^^^^^^^

      File "/opt/stack/tempest/manila-tempest-plugin/manila_tempest_tests/tests/api/base.py", line 468, in create_shares
    waiters.wait_for_resource_status(

      File "/opt/stack/tempest/manila-tempest-plugin/manila_tempest_tests/common/waiters.py", line 109, in wait_for_resource_status
    raise resource_exception(resource_id=resource_id)

    manila_tempest_tests.share_exceptions.ShareBuildErrorException: Share 8fc553d8-0b78-4c40-b74a-0f7c3010de5c failed to build and is in ERROR status


setUpClass (manila_tempest_tests.tests.api.******.test_snapshot_manage_negative.ManageNFSSnapshotNegativeTest)
-------------------------------------------------------------------------------------------------------------

Captured traceback:
~~~~~~~~~~~~~~~~~~~
    Traceback (most recent call last):

      File "/opt/stack/tempest/tempest/test.py", line 185, in setUpClass
    raise value.with_traceback(trace)

      File "/opt/stack/tempest/tempest/test.py", line 178, in setUpClass
    cls.resource_setup()

      File "/opt/stack/tempest/manila-tempest-plugin/manila_tempest_tests/tests/api/******/test_snapshot_manage_negative.py", line 64, in resource_setup
    cls.share = cls.create_share(
                ^^^^^^^^^^^^^^^^^

      File "/opt/stack/tempest/manila-tempest-plugin/manila_tempest_tests/tests/api/base.py", line 410, in create_share
    result = cls.create_shares([{"args": args, "kwargs": kwargs}])
             ^^^^^^^^^^^^^^^^^^^^^^^^^^^^^^^^^^^^^^^^^^^^^^^^^^^^^

      File "/opt/stack/tempest/manila-tempest-plugin/manila_tempest_tests/tests/api/base.py", line 468, in create_shares
    waiters.wait_for_resource_status(

      File "/opt/stack/tempest/manila-tempest-plugin/manila_tempest_tests/common/waiters.py", line 109, in wait_for_resource_status
    raise resource_exception(resource_id=resource_id)

    manila_tempest_tests.share_exceptions.ShareBuildErrorException: Share c740e03a-a3dd-4cab-9455-1590d22360fd failed to build and is in ERROR status


setUpClass (manila_tempest_tests.tests.api.******.test_share_snapshot_instances.ShareSnapshotInstancesTest)
----------------------------------------------------------------------------------------------------------

Captured traceback:
~~~~~~~~~~~~~~~~~~~
    Traceback (most recent call last):

      File "/opt/stack/tempest/tempest/test.py", line 185, in setUpClass
    raise value.with_traceback(trace)

      File "/opt/stack/tempest/tempest/test.py", line 178, in setUpClass
    cls.resource_setup()

      File "/opt/stack/tempest/manila-tempest-plugin/manila_tempest_tests/tests/api/******/test_share_snapshot_instances.py", line 47, in resource_setup
    cls.share = cls.create_share(share_type_id=cls.share_type_id)
                ^^^^^^^^^^^^^^^^^^^^^^^^^^^^^^^^^^^^^^^^^^^^^^^^^

      File "/opt/stack/tempest/manila-tempest-plugin/manila_tempest_tests/tests/api/base.py", line 410, in create_share
    result = cls.create_shares([{"args": args, "kwargs": kwargs}])
             ^^^^^^^^^^^^^^^^^^^^^^^^^^^^^^^^^^^^^^^^^^^^^^^^^^^^^

      File "/opt/stack/tempest/manila-tempest-plugin/manila_tempest_tests/tests/api/base.py", line 468, in create_shares
    waiters.wait_for_resource_status(

      File "/opt/stack/tempest/manila-tempest-plugin/manila_tempest_tests/common/waiters.py", line 109, in wait_for_resource_status
    raise resource_exception(resource_id=resource_id)

    manila_tempest_tests.share_exceptions.ShareBuildErrorException: Share 4866e3b6-7ab4-4e4c-8f79-91f6d0828e8a failed to build and is in ERROR status


setUpClass (manila_tempest_tests.tests.api.******.test_shares_actions.SharesActionsAdminTest)
--------------------------------------------------------------------------------------------

Captured traceback:
~~~~~~~~~~~~~~~~~~~
    Traceback (most recent call last):

      File "/opt/stack/tempest/tempest/test.py", line 185, in setUpClass
    raise value.with_traceback(trace)

      File "/opt/stack/tempest/tempest/test.py", line 178, in setUpClass
    cls.resource_setup()

      File "/opt/stack/tempest/manila-tempest-plugin/manila_tempest_tests/tests/api/******/test_shares_actions.py", line 55, in resource_setup
    cls.shares.append(cls.create_share(
                      ^^^^^^^^^^^^^^^^^

      File "/opt/stack/tempest/manila-tempest-plugin/manila_tempest_tests/tests/api/base.py", line 410, in create_share
    result = cls.create_shares([{"args": args, "kwargs": kwargs}])
             ^^^^^^^^^^^^^^^^^^^^^^^^^^^^^^^^^^^^^^^^^^^^^^^^^^^^^

      File "/opt/stack/tempest/manila-tempest-plugin/manila_tempest_tests/tests/api/base.py", line 468, in create_shares
    waiters.wait_for_resource_status(

      File "/opt/stack/tempest/manila-tempest-plugin/manila_tempest_tests/common/waiters.py", line 109, in wait_for_resource_status
    raise resource_exception(resource_id=resource_id)

    manila_tempest_tests.share_exceptions.ShareBuildErrorException: Share 45596cac-2b53-48a2-8186-2ee808a46cac failed to build and is in ERROR status


setUpClass (manila_tempest_tests.tests.api.******.test_snapshot_export_locations.SnapshotExportLocationsTest)
------------------------------------------------------------------------------------------------------------

Captured traceback:
~~~~~~~~~~~~~~~~~~~
    Traceback (most recent call last):

      File "/opt/stack/tempest/tempest/test.py", line 185, in setUpClass
    raise value.with_traceback(trace)

      File "/opt/stack/tempest/tempest/test.py", line 178, in setUpClass
    cls.resource_setup()

      File "/opt/stack/tempest/manila-tempest-plugin/manila_tempest_tests/tests/api/******/test_snapshot_export_locations.py", line 61, in resource_setup
    cls.share = cls.create_share(share_type_id=cls.share_type_id,
                ^^^^^^^^^^^^^^^^^^^^^^^^^^^^^^^^^^^^^^^^^^^^^^^^^

      File "/opt/stack/tempest/manila-tempest-plugin/manila_tempest_tests/tests/api/base.py", line 410, in create_share
    result = cls.create_shares([{"args": args, "kwargs": kwargs}])
             ^^^^^^^^^^^^^^^^^^^^^^^^^^^^^^^^^^^^^^^^^^^^^^^^^^^^^

      File "/opt/stack/tempest/manila-tempest-plugin/manila_tempest_tests/tests/api/base.py", line 468, in create_shares
    waiters.wait_for_resource_status(

      File "/opt/stack/tempest/manila-tempest-plugin/manila_tempest_tests/common/waiters.py", line 109, in wait_for_resource_status
    raise resource_exception(resource_id=resource_id)

    manila_tempest_tests.share_exceptions.ShareBuildErrorException: Share 87c3b1b7-12b3-4ce2-bd2a-f469c23237de failed to build and is in ERROR status


setUpClass (manila_tempest_tests.tests.api.******.test_snapshot_manage.ManageNFSSnapshotTest)
--------------------------------------------------------------------------------------------

Captured traceback:
~~~~~~~~~~~~~~~~~~~
    Traceback (most recent call last):

      File "/opt/stack/tempest/tempest/test.py", line 185, in setUpClass
    raise value.with_traceback(trace)

      File "/opt/stack/tempest/tempest/test.py", line 178, in setUpClass
    cls.resource_setup()

      File "/opt/stack/tempest/manila-tempest-plugin/manila_tempest_tests/tests/api/******/test_snapshot_manage.py", line 70, in resource_setup
    cls.share = cls.create_share(share_type_id=cls.st['id'],
                ^^^^^^^^^^^^^^^^^^^^^^^^^^^^^^^^^^^^^^^^^^^^

      File "/opt/stack/tempest/manila-tempest-plugin/manila_tempest_tests/tests/api/base.py", line 410, in create_share
    result = cls.create_shares([{"args": args, "kwargs": kwargs}])
             ^^^^^^^^^^^^^^^^^^^^^^^^^^^^^^^^^^^^^^^^^^^^^^^^^^^^^

      File "/opt/stack/tempest/manila-tempest-plugin/manila_tempest_tests/tests/api/base.py", line 468, in create_shares
    waiters.wait_for_resource_status(

      File "/opt/stack/tempest/manila-tempest-plugin/manila_tempest_tests/common/waiters.py", line 109, in wait_for_resource_status
    raise resource_exception(resource_id=resource_id)

    manila_tempest_tests.share_exceptions.ShareBuildErrorException: Share c70cdd49-0188-49de-ac9d-4ad82e4c4efe failed to build and is in ERROR status


setUpClass (manila_tempest_tests.tests.api.test_rules_negative.ShareIpRulesForNFSNegativeTest)
----------------------------------------------------------------------------------------------

Captured traceback:
~~~~~~~~~~~~~~~~~~~
    Traceback (most recent call last):

      File "/opt/stack/tempest/tempest/test.py", line 185, in setUpClass
    raise value.with_traceback(trace)

      File "/opt/stack/tempest/tempest/test.py", line 178, in setUpClass
    cls.resource_setup()

      File "/opt/stack/tempest/manila-tempest-plugin/manila_tempest_tests/tests/api/test_rules_negative.py", line 58, in resource_setup
    cls.share = cls.create_share(cls.protocol,
                ^^^^^^^^^^^^^^^^^^^^^^^^^^^^^^

      File "/opt/stack/tempest/manila-tempest-plugin/manila_tempest_tests/tests/api/base.py", line 410, in create_share
    result = cls.create_shares([{"args": args, "kwargs": kwargs}])
             ^^^^^^^^^^^^^^^^^^^^^^^^^^^^^^^^^^^^^^^^^^^^^^^^^^^^^

      File "/opt/stack/tempest/manila-tempest-plugin/manila_tempest_tests/tests/api/base.py", line 468, in create_shares
    waiters.wait_for_resource_status(

      File "/opt/stack/tempest/manila-tempest-plugin/manila_tempest_tests/common/waiters.py", line 109, in wait_for_resource_status
    raise resource_exception(resource_id=resource_id)

    manila_tempest_tests.share_exceptions.ShareBuildErrorException: Share f008d8aa-50d6-46ef-823c-9dd1feedb8ac failed to build and is in ERROR status


manila_tempest_tests.tests.api.******.test_share_manage_negative.ManageNFSShareNegativeTest.test_delete_share_in_manage_error[api_with_backend,id-162b6b96-e801-40f4-b111-7e533cf8b943,negative]
-----------------------------------------------------------------------------------------------------------------------------------------------------------------------------------------------

Captured traceback:
~~~~~~~~~~~~~~~~~~~
    Traceback (most recent call last):

      File "/opt/stack/tempest/manila-tempest-plugin/manila_tempest_tests/tests/api/******/test_share_manage_negative.py", line 275, in test_delete_share_in_manage_error
    share = self._create_share_for_manage()
            ^^^^^^^^^^^^^^^^^^^^^^^^^^^^^^^

      File "/opt/stack/tempest/manila-tempest-plugin/manila_tempest_tests/tests/api/base.py", line 1172, in _create_share_for_manage
    share = self.create_share(**creation_data)
            ^^^^^^^^^^^^^^^^^^^^^^^^^^^^^^^^^^

      File "/opt/stack/tempest/manila-tempest-plugin/manila_tempest_tests/tests/api/base.py", line 410, in create_share
    result = cls.create_shares([{"args": args, "kwargs": kwargs}])
             ^^^^^^^^^^^^^^^^^^^^^^^^^^^^^^^^^^^^^^^^^^^^^^^^^^^^^

      File "/opt/stack/tempest/manila-tempest-plugin/manila_tempest_tests/tests/api/base.py", line 468, in create_shares
    waiters.wait_for_resource_status(

      File "/opt/stack/tempest/manila-tempest-plugin/manila_tempest_tests/common/waiters.py", line 109, in wait_for_resource_status
    raise resource_exception(resource_id=resource_id)

    manila_tempest_tests.share_exceptions.ShareBuildErrorException: Share 4b9a3f0d-d729-46fa-aa88-f3a5cf554461 failed to build and is in ERROR status


Captured pythonlogging:
~~~~~~~~~~~~~~~~~~~~~~~
    2026-07-27 09:17:46,877 243661 INFO     [tempest.lib.common.rest_client] Request (ManageNFSShareNegativeTest:test_delete_share_in_manage_error): 200 POST http://10.132.46.216/share/v2/shares 0.391s
2026-07-27 09:17:46,878 243661 DEBUG    [tempest.lib.common.rest_client] Request - Headers: {'Content-Type': 'application/json', 'Accept': 'application/json', 'x-openstack-manila-api-version': '2.96', 'X-Auth-Token': '<omitted>'}
        Body: {"share": {"share_proto": "nfs", "description": "Tempest's share", "snapshot_id": null, "name": "tempest-tempest-created-share-767534326", "size": 1, "metadata": {}, "is_public": false, "share_type": "dc856d1f-040d-4f53-b50f-2b42fe569f68"}}
    Response - Headers: {'date': 'Mon, 27 Jul 2026 09:17:46 GMT', 'server': 'Apache/2.4.58 (Ubuntu)', 'content-type': 'application/json', 'content-length': '1309', 'x-compute-request-id': 'req-1515bce6-6be9-49b2-8e35-697a0889c2e9', 'x-openstack-manila-api-version': '2.96', 'vary': 'X-OpenStack-Manila-API-Version', 'x-openstack-request-id': 'req-1515bce6-6be9-49b2-8e35-697a0889c2e9', 'connection': 'close', 'status': '200', 'content-location': 'http://10.132.46.216/share/v2/shares'}
        Body: b'{"share": {"id": "4b9a3f0d-d729-46fa-aa88-f3a5cf554461", "size": 1, "availability_zone": null, "created_at": "2026-07-27T09:17:46.659130", "status": "creating", "name": "tempest-tempest-created-share-767534326", "description": "Tempest\'s share", "project_id": "f24921942111403c90eed1460df5273d", "snapshot_id": null, "share_network_id": null, "share_proto": "NFS", "metadata": {}, "share_type": "dc856d1f-040d-4f53-b50f-2b42fe569f68", "volume_type": "tempest-manage-st-name-720218091", "links": [{"rel": "self", "href": "http://10.132.46.216/share/v2/shares/4b9a3f0d-d729-46fa-aa88-f3a5cf554461"}, {"rel": "bookmark", "href": "http://10.132.46.216/share/shares/4b9a3f0d-d729-46fa-aa88-f3a5cf554461"}], "is_public": false, "snapshot_support": true, "task_state": null, "share_type_name": "tempest-manage-st-name-720218091", "access_rules_status": "active", "replication_type": null, "has_replicas": false, "user_id": "a77762351878403e979680d4d8358cba", "create_share_from_snapshot_support": false, "revert_to_snapshot_support": false, "share_group_id": null, "source_share_group_snapshot_member_id": null, "mount_snapshot_support": false, "progress": null, "is_soft_deleted": false, "scheduled_to_be_deleted_at": null, "source_backup_id": null, "encryption_key_ref": null, "share_server_id": null, "host": ""}}'
2026-07-27 09:17:46,977 243661 INFO     [tempest.lib.common.rest_client] Request (ManageNFSShareNegativeTest:test_delete_share_in_manage_error): 200 GET http://10.132.46.216/share/v2/shares/4b9a3f0d-d729-46fa-aa88-f3a5cf554461 0.097s
2026-07-27 09:17:46,977 243661 DEBUG    [tempest.lib.common.rest_client] Request - Headers: {'Content-Type': 'application/json', 'Accept': 'application/json', 'x-openstack-manila-api-version': '2.96', 'X-Auth-Token': '<omitted>'}
        Body: None
    Response - Headers: {'date': 'Mon, 27 Jul 2026 09:17:46 GMT', 'server': 'Apache/2.4.58 (Ubuntu)', 'content-type': 'application/json', 'content-length': '1306', 'x-compute-request-id': 'req-256ccda0-8329-46fa-8916-fe2adbdb13e2', 'x-openstack-manila-api-version': '2.96', 'vary': 'X-OpenStack-Manila-API-Version', 'x-openstack-request-id': 'req-256ccda0-8329-46fa-8916-fe2adbdb13e2', 'connection': 'close', 'status': '200', 'content-location': 'http://10.132.46.216/share/v2/shares/4b9a3f0d-d729-46fa-aa88-f3a5cf554461'}
        Body: b'{"share": {"id": "4b9a3f0d-d729-46fa-aa88-f3a5cf554461", "size": 1, "availability_zone": null, "created_at": "2026-07-27T09:17:46.659130", "status": "error", "name": "tempest-tempest-created-share-767534326", "description": "Tempest\'s share", "project_id": "f24921942111403c90eed1460df5273d", "snapshot_id": null, "share_network_id": null, "share_proto": "NFS", "metadata": {}, "share_type": "dc856d1f-040d-4f53-b50f-2b42fe569f68", "volume_type": "tempest-manage-st-name-720218091", "links": [{"rel": "self", "href": "http://10.132.46.216/share/v2/shares/4b9a3f0d-d729-46fa-aa
    88-f3a5cf554461"}, {"rel": "bookmark", "href": "http://10.132.46.216/share/shares/4b9a3f0d-d729-46fa-aa88-f3a5cf554461"}], "is_public": false, "snapshot_support": true, "task_state": null, "share_type_name": "tempest-manage-st-name-720218091", "access_rules_status": "active", "replication_type": null, "has_replicas": false, "user_id": "a77762351878403e979680d4d8358cba", "create_share_from_snapshot_support": false, "revert_to_snapshot_support": false, "share_group_id": null, "source_share_group_snapshot_member_id": null, "mount_snapshot_support": false, "progress": null, "is_soft_deleted": false, "scheduled_to_be_deleted_at": null, "source_backup_id": null, "encryption_key_ref": null, "share_server_id": null, "host": ""}}'
2026-07-27 09:17:50,094 243661 INFO     [tempest.lib.common.rest_client] Request (ManageNFSShareNegativeTest:test_delete_share_in_manage_error): 200 GET http://10.132.46.216/share/v2/shares/4b9a3f0d-d729-46fa-aa88-f3a5cf554461 0.110s
2026-07-27 09:17:50,094 243661 DEBUG    [tempest.lib.common.rest_client] Request - Headers: {'Content-Type': 'application/json', 'Accept': 'application/json', 'x-openstack-manila-api-version': '2.96', 'X-Auth-Token': '<omitted>'}
        Body: None
    Response - Headers: {'date': 'Mon, 27 Jul 2026 09:17:49 GMT', 'server': 'Apache/2.4.58 (Ubuntu)', 'content-type': 'application/json', 'content-length': '1306', 'x-compute-request-id': 'req-1362aadb-bc20-4f80-be8b-58e302aa70af', 'x-openstack-manila-api-version': '2.96', 'vary': 'X-OpenStack-Manila-API-Version', 'x-openstack-request-id': 'req-1362aadb-bc20-4f80-be8b-58e302aa70af', 'connection': 'close', 'status': '200', 'content-location': 'http://10.132.46.216/share/v2/shares/4b9a3f0d-d729-46fa-aa88-f3a5cf554461'}
        Body: b'{"share": {"id": "4b9a3f0d-d729-46fa-aa88-f3a5cf554461", "size": 1, "availability_zone": null, "created_at": "2026-07-27T09:17:46.659130", "status": "error", "name": "tempest-tempest-created-share-767534326", "description": "Tempest\'s share", "project_id": "f24921942111403c90eed1460df5273d", "snapshot_id": null, "share_network_id": null, "share_proto": "NFS", "metadata": {}, "share_type": "dc856d1f-040d-4f53-b50f-2b42fe569f68", "volume_type": "tempest-manage-st-name-720218091", "links": [{"rel": "self", "href": "http://10.132.46.216/share/v2/shares/4b9a3f0d-d729-46fa-aa88-f3a5cf554461"}, {"rel": "bookmark", "href": "http://10.132.46.216/share/shares/4b9a3f0d-d729-46fa-aa88-f3a5cf554461"}], "is_public": false, "snapshot_support": true, "task_state": null, "share_type_name": "tempest-manage-st-name-720218091", "access_rules_status": "active", "replication_type": null, "has_replicas": false, "user_id": "a77762351878403e979680d4d8358cba", "create_share_from_snapshot_support": false, "revert_to_snapshot_support": false, "share_group_id": null, "source_share_group_snapshot_member_id": null, "mount_snapshot_support": false, "progress": null, "is_soft_deleted": false, "scheduled_to_be_deleted_at": null, "source_backup_id": null, "encryption_key_ref": null, "share_server_id": null, "host": ""}}'


manila_tempest_tests.tests.api.******.test_share_manage_negative.ManageNFSShareNegativeTest.test_manage_invalid_param_manage_error[api_with_backend,id-01b36343-c503-4c14-bb74-71f131ae96b6,negative]
----------------------------------------------------------------------------------------------------------------------------------------------------------------------------------------------------

Captured traceback:
~~~~~~~~~~~~~~~~~~~
    Traceback (most recent call last):

      File "/opt/stack/tempest/manila-tempest-plugin/manila_tempest_tests/tests/api/******/test_share_manage_negative.py", line 159, in test_manage_invalid_param_manage_error
    share = self._create_share_for_manage()
            ^^^^^^^^^^^^^^^^^^^^^^^^^^^^^^^

      File "/opt/stack/tempest/manila-tempest-plugin/manila_tempest_tests/tests/api/base.py", line 1172, in _create_share_for_manage
    share = self.create_share(**creation_data)
            ^^^^^^^^^^^^^^^^^^^^^^^^^^^^^^^^^^

      File "/opt/stack/tempest/manila-tempest-plugin/manila_tempest_tests/tests/api/base.py", line 410, in create_share
    result = cls.create_shares([{"args": args, "kwargs": kwargs}])
             ^^^^^^^^^^^^^^^^^^^^^^^^^^^^^^^^^^^^^^^^^^^^^^^^^^^^^

      File "/opt/stack/tempest/manila-tempest-plugin/manila_tempest_tests/tests/api/base.py", line 468, in create_shares
    waiters.wait_for_resource_status(

      File "/opt/stack/tempest/manila-tempest-plugin/manila_tempest_tests/common/waiters.py", line 109, in wait_for_resource_status
    raise resource_exception(resource_id=resource_id)

    manila_tempest_tests.share_exceptions.ShareBuildErrorException: Share e7d044d8-2160-4d28-bcc4-49116944e516 failed to build and is in ERROR status


Captured pythonlogging:
~~~~~~~~~~~~~~~~~~~~~~~
    2026-07-27 09:17:51,481 243661 INFO     [tempest.lib.common.rest_client] Request (ManageNFSShareNegativeTest:test_manage_invalid_param_manage_error): 200 POST http://10.132.46.216/share/v2/shares 0.895s
2026-07-27 09:17:51,482 243661 DEBUG    [tempest.lib.common.rest_client] Request - Headers: {'Content-Type': 'application/json', 'Accept': 'application/json', 'x-openstack-manila-api-version': '2.96', 'X-Auth-Token': '<omitted>'}
        Body: {"share": {"share_proto": "nfs", "description": "Tempest's share", "snapshot_id": null, "name": "tempest-tempest-created-share-116563090", "size": 1, "metadata": {}, "is_public": false, "share_type": "dc856d1f-040d-4f53-b50f-2b42fe569f68"}}
    Response - Headers: {'date': 'Mon, 27 Jul 2026 09:17:50 GMT', 'server': 'Apache/2.4.58 (Ubuntu)', 'content-type': 'application/json', 'content-length': '1309', 'x-compute-request-id': 'req-c676e3cb-5ac2-43c3-b4d0-7c2992282fea', 'x-openstack-manila-api-version': '2.96', 'vary': 'X-OpenStack-Manila-API-Version', 'x-openstack-request-id': 'req-c676e3cb-5ac2-43c3-b4d0-7c2992282fea', 'connection': 'close', 'status': '200', 'content-location': 'http://10.132.46.216/share/v2/shares'}
        Body: b'{"share": {"id": "e7d044d8-2160-4d28-bcc4-49116944e516", "size": 1, "availability_zone": null, "created_at": "2026-07-27T09:17:51.073279", "status": "creating", "name": "tempest-tempest-created-share-116563090", "description": "Tempest\'s share", "project_id": "f24921942111403c90eed1460df5273d", "snapshot_id": null, "share_network_id": null, "share_proto": "NFS", "metadata": {}, "share_type": "dc856d1f-040d-4f53-b50f-2b42fe569f68", "volume_type": "tempest-manage-st-name-720218091", "links": [{"rel": "self", "href": "http://10.132.46.216/share/v2/shares/e7d044d8-2160-4d28-bcc4-49116944e516"}, {"rel": "bookmark", "href": "http://10.132.46.216/share/shares/e7d044d8-2160-4d28-bcc4-49116944e516"}], "is_public": false, "snapshot_support": true, "task_state": null, "share_type_name": "tempest-manage-st-name-720218091", "access_rules_status": "active", "replication_type": null, "has_replicas": false, "user_id": "a77762351878403e979680d4d8358cba", "create_share_from_snapshot_support": false, "revert_to_snapshot_support": false, "share_group_id": null, "source_share_group_snapshot_member_id": null, "mount_snapshot_support": false, "progress": null, "is_soft_deleted": false, "scheduled_to_be_deleted_at": null, "source_backup_id": null, "encryption_key_ref": null, "share_server_id": null, "host": ""}}'
2026-07-27 09:17:51,704 243661 INFO     [tempest.lib.common.rest_client] Request (ManageNFSShareNegativeTest:test_manage_invalid_param_manage_error): 200 GET http://10.132.46.216/share/v2/shares/e7d044d8-2160-4d28-bcc4-49116944e516 0.221s
2026-07-27 09:17:51,706 243661 DEBUG    [tempest.lib.common.rest_client] Request - Headers: {'Content-Type': 'application/json', 'Accept': 'application/json', 'x-openstack-manila-api-version': '2.96', 'X-Auth-Token': '<omitted>'}
        Body: None
    Response - Headers: {'date': 'Mon, 27 Jul 2026 09:17:51 GMT', 'server': 'Apache/2.4.58 (Ubuntu)', 'content-type': 'application/json', 'content-length': '1309', 'x-compute-request-id': 'req-97e2731a-0833-4929-9a53-86326d843820', 'x-openstack-manila-api-version': '2.96', 'vary': 'X-OpenStack-Manila-API-Version', 'x-openstack-request-id': 'req-97e2731a-0833-4929-9a53-86326d843820', 'connection': 'close', 'status': '200', 'content-location': 'http://10.132.46.216/share/v2/shares/e7d044d8-2160-4d28-bcc4-49116944e516'}
        Body: b'{"share": {"id": "e7d044d8-2160-4d28-bcc4-49116944e516", "size": 1, "availability_zone": null, "created_at": "2026-07-27T09:17:51.073279", "status": "creating", "name": "tempest-tempest-created-share-116563090", "description": "Tempest\'s share", "project_id": "f24921942111403c90eed1460df5273d", "snapshot_id": null, "share_network_id": null, "share_proto": "NFS", "metadata": {}, "share_type": "dc856d1f-040d-4f53-b50f-2b42fe569f68", "volume_type": "tempest-manage-st-name-720218091", "links": [{"rel": "self", "href": "http://10.132.46.216/share/v2/shares/e7d044d8
    -2160-4d28-bcc4-49116944e516"}, {"rel": "bookmark", "href": "http://10.132.46.216/share/shares/e7d044d8-2160-4d28-bcc4-49116944e516"}], "is_public": false, "snapshot_support": true, "task_state": null, "share_type_name": "tempest-manage-st-name-720218091", "access_rules_status": "active", "replication_type": null, "has_replicas": false, "user_id": "a77762351878403e979680d4d8358cba", "create_share_from_snapshot_support": false, "revert_to_snapshot_support": false, "share_group_id": null, "source_share_group_snapshot_member_id": null, "mount_snapshot_support": false, "progress": null, "is_soft_deleted": false, "scheduled_to_be_deleted_at": null, "source_backup_id": null, "encryption_key_ref": null, "share_server_id": null, "host": ""}}'
2026-07-27 09:17:54,806 243661 INFO     [tempest.lib.common.rest_client] Request (ManageNFSShareNegativeTest:test_manage_invalid_param_manage_error): 200 GET http://10.132.46.216/share/v2/shares/e7d044d8-2160-4d28-bcc4-49116944e516 0.098s
2026-07-27 09:17:54,807 243661 DEBUG    [tempest.lib.common.rest_client] Request - Headers: {'Content-Type': 'application/json', 'Accept': 'application/json', 'x-openstack-manila-api-version': '2.96', 'X-Auth-Token': '<omitted>'}
        Body: None
    Response - Headers: {'date': 'Mon, 27 Jul 2026 09:17:54 GMT', 'server': 'Apache/2.4.58 (Ubuntu)', 'content-type': 'application/json', 'content-length': '1306', 'x-compute-request-id': 'req-7e4b2cb8-5f5d-4f42-9d2b-7cda0387b31a', 'x-openstack-manila-api-version': '2.96', 'vary': 'X-OpenStack-Manila-API-Version', 'x-openstack-request-id': 'req-7e4b2cb8-5f5d-4f42-9d2b-7cda0387b31a', 'connection': 'close', 'status': '200', 'content-location': 'http://10.132.46.216/share/v2/shares/e7d044d8-2160-4d28-bcc4-49116944e516'}
        Body: b'{"share": {"id": "e7d044d8-2160-4d28-bcc4-49116944e516", "size": 1, "availability_zone": null, "created_at": "2026-07-27T09:17:51.073279", "status": "error", "name": "tempest-tempest-created-share-116563090", "description": "Tempest\'s share", "project_id": "f24921942111403c90eed1460df5273d", "snapshot_id": null, "share_network_id": null, "share_proto": "NFS", "metadata": {}, "share_type": "dc856d1f-040d-4f53-b50f-2b42fe569f68", "volume_type": "tempest-manage-st-name-720218091", "links": [{"rel": "self", "href": "http://10.132.46.216/share/v2/shares/e7d044d8-2160-4d28-bcc4-49116944e516"}, {"rel": "bookmark", "href": "http://10.132.46.216/share/shares/e7d044d8-2160-4d28-bcc4-49116944e516"}], "is_public": false, "snapshot_support": true, "task_state": null, "share_type_name": "tempest-manage-st-name-720218091", "access_rules_status": "active", "replication_type": null, "has_replicas": false, "user_id": "a77762351878403e979680d4d8358cba", "create_share_from_snapshot_support": false, "revert_to_snapshot_support": false, "share_group_id": null, "source_share_group_snapshot_member_id": null, "mount_snapshot_support": false, "progress": null, "is_soft_deleted": false, "scheduled_to_be_deleted_at": null, "source_backup_id": null, "encryption_key_ref": null, "share_server_id": null, "host": ""}}'


manila_tempest_tests.tests.api.******.test_share_manage_negative.ManageNFSShareNegativeTest.test_manage_invalid_param_raises_exception[api_with_backend,id-8267161e-4f55-44eb-9af5-30d1a3fb2606,negative]
--------------------------------------------------------------------------------------------------------------------------------------------------------------------------------------------------------

Captured traceback:
~~~~~~~~~~~~~~~~~~~
    Traceback (most recent call last):

      File "/opt/stack/tempest/manila-tempest-plugin/manila_tempest_tests/tests/api/******/test_share_manage_negative.py", line 109, in test_manage_invalid_param_raises_exception
    share = self._create_share_for_manage()
            ^^^^^^^^^^^^^^^^^^^^^^^^^^^^^^^

      File "/opt/stack/tempest/manila-tempest-plugin/manila_tempest_tests/tests/api/base.py", line 1172, in _create_share_for_manage
    share = self.create_share(**creation_data)
            ^^^^^^^^^^^^^^^^^^^^^^^^^^^^^^^^^^

      File "/opt/stack/tempest/manila-tempest-plugin/manila_tempest_tests/tests/api/base.py", line 410, in create_share
    result = cls.create_shares([{"args": args, "kwargs": kwargs}])
             ^^^^^^^^^^^^^^^^^^^^^^^^^^^^^^^^^^^^^^^^^^^^^^^^^^^^^

      File "/opt/stack/tempest/manila-tempest-plugin/manila_tempest_tests/tests/api/base.py", line 468, in create_shares
    waiters.wait_for_resource_status(

      File "/opt/stack/tempest/manila-tempest-plugin/manila_tempest_tests/common/waiters.py", line 109, in wait_for_resource_status
    raise resource_exception(resource_id=resource_id)

    manila_tempest_tests.share_exceptions.ShareBuildErrorException: Share 6c0421aa-f96f-4ea2-a1f5-f801408c996e failed to build and is in ERROR status


Captured pythonlogging:
~~~~~~~~~~~~~~~~~~~~~~~
    2026-07-27 09:17:57,243 243661 INFO     [tempest.lib.common.rest_client] Request (ManageNFSShareNegativeTest:test_manage_invalid_param_raises_exception): 200 POST http://10.132.46.216/share/v2/shares 2.398s
2026-07-27 09:17:57,244 243661 DEBUG    [tempest.lib.common.rest_client] Request - Headers: {'Content-Type': 'application/json', 'Accept': 'application/json', 'x-openstack-manila-api-version': '2.96', 'X-Auth-Token': '<omitted>'}
        Body: {"share": {"share_proto": "nfs", "description": "Tempest's share", "snapshot_id": null, "name": "tempest-tempest-created-share-1511173615", "size": 1, "metadata": {}, "is_public": false, "share_type": "dc856d1f-040d-4f53-b50f-2b42fe569f68"}}
    Response - Headers: {'date': 'Mon, 27 Jul 2026 09:17:54 GMT', 'server': 'Apache/2.4.58 (Ubuntu)', 'content-type': 'application/json', 'content-length': '1310', 'x-compute-request-id': 'req-6124ecb0-fd60-4a99-8ec3-6ac4ee4b85a9', 'x-openstack-manila-api-version': '2.96', 'vary': 'X-OpenStack-Manila-API-Version', 'x-openstack-request-id': 'req-6124ecb0-fd60-4a99-8ec3-6ac4ee4b85a9', 'connection': 'close', 'status': '200', 'content-location': 'http://10.132.46.216/share/v2/shares'}
        Body: b'{"share": {"id": "6c0421aa-f96f-4ea2-a1f5-f801408c996e", "size": 1, "availability_zone": null, "created_at": "2026-07-27T09:17:55.832005", "status": "creating", "name": "tempest-tempest-created-share-1511173615", "description": "Tempest\'s share", "project_id": "f24921942111403c90eed1460df5273d", "snapshot_id": null, "share_network_id": null, "share_proto": "NFS", "metadata": {}, "share_type": "dc856d1f-040d-4f53-b50f-2b42fe569f68", "volume_type": "tempest-manage-st-name-720218091", "links": [{"rel": "self", "href": "http://10.132.46.216/share/v2/shares/6c0421aa-f96f-4ea2-a1f5-f801408c996e"}, {"rel": "bookmark", "href": "http://10.132.46.216/share/shares/6c0421aa-f96f-4ea2-a1f5-f801408c996e"}], "is_public": false, "snapshot_support": true, "task_state": null, "share_type_name": "tempest-manage-st-name-720218091", "access_rules_status": "active", "replication_type": null, "has_replicas": false, "user_id": "a77762351878403e979680d4d8358cba", "create_share_from_snapshot_support": false, "revert_to_snapshot_support": false, "share_group_id": null, "source_share_group_snapshot_member_id": null, "mount_snapshot_support": false, "progress": null, "is_soft_deleted": false, "scheduled_to_be_deleted_at": null, "source_backup_id": null, "encryption_key_ref": null, "share_server_id": null, "host": ""}}'
2026-07-27 09:17:57,603 243661 INFO     [tempest.lib.common.rest_client] Request (ManageNFSShareNegativeTest:test_manage_invalid_param_raises_exception): 200 GET http://10.132.46.216/share/v2/shares/6c0421aa-f96f-4ea2-a1f5-f801408c996e 0.357s
2026-07-27 09:17:57,605 243661 DEBUG    [tempest.lib.common.rest_client] Request - Headers: {'Content-Type': 'application/json', 'Accept': 'application/json', 'x-openstack-manila-api-version': '2.96', 'X-Auth-Token': '<omitted>'}
        Body: None
    Response - Headers: {'date': 'Mon, 27 Jul 2026 09:17:57 GMT', 'server': 'Apache/2.4.58 (Ubuntu)', 'content-type': 'application/json', 'content-length': '1310', 'x-compute-request-id': 'req-e47b68cf-c08c-4dcc-b815-88898b88bf67', 'x-openstack-manila-api-version': '2.96', 'vary': 'X-OpenStack-Manila-API-Version', 'x-openstack-request-id': 'req-e47b68cf-c08c-4dcc-b815-88898b88bf67', 'connection': 'close', 'status': '200', 'content-location': 'http://10.132.46.216/share/v2/shares/6c0421aa-f96f-4ea2-a1f5-f801408c996e'}
        Body: b'{"share": {"id": "6c0421aa-f96f-4ea2-a1f5-f801408c996e", "size": 1, "availability_zone": null, "created_at": "2026-07-27T09:17:55.832005", "status": "creating", "name": "tempest-tempest-created-share-1511173615", "description": "Tempest\'s share", "project_id": "f24921942111403c90eed1460df5273d", "snapshot_id": null, "share_network_id": null, "share_proto": "NFS", "metadata": {}, "share_type": "dc856d1f-040d-4f53-b50f-2b42fe569f68", "volume_type": "tempest-manage-st-name-720218091", "links": [{"rel": "self", "href": "http://10.132.46.216/share/v2/shar
    es/6c0421aa-f96f-4ea2-a1f5-f801408c996e"}, {"rel": "bookmark", "href": "http://10.132.46.216/share/shares/6c0421aa-f96f-4ea2-a1f5-f801408c996e"}], "is_public": false, "snapshot_support": true, "task_state": null, "share_type_name": "tempest-manage-st-name-720218091", "access_rules_status": "active", "replication_type": null, "has_replicas": false, "user_id": "a77762351878403e979680d4d8358cba", "create_share_from_snapshot_support": false, "revert_to_snapshot_support": false, "share_group_id": null, "source_share_group_snapshot_member_id": null, "mount_snapshot_support": false, "progress": null, "is_soft_deleted": false, "scheduled_to_be_deleted_at": null, "source_backup_id": null, "encryption_key_ref": null, "share_server_id": null, "host": ""}}'
2026-07-27 09:18:00,742 243661 INFO     [tempest.lib.common.rest_client] Request (ManageNFSShareNegativeTest:test_manage_invalid_param_raises_exception): 200 GET http://10.132.46.216/share/v2/shares/6c0421aa-f96f-4ea2-a1f5-f801408c996e 0.129s
2026-07-27 09:18:00,743 243661 DEBUG    [tempest.lib.common.rest_client] Request - Headers: {'Content-Type': 'application/json', 'Accept': 'application/json', 'x-openstack-manila-api-version': '2.96', 'X-Auth-Token': '<omitted>'}
        Body: None
    Response - Headers: {'date': 'Mon, 27 Jul 2026 09:18:00 GMT', 'server': 'Apache/2.4.58 (Ubuntu)', 'content-type': 'application/json', 'content-length': '1307', 'x-compute-request-id': 'req-0e16e9e5-9a4e-48cb-ab1d-91c7dd7c514a', 'x-openstack-manila-api-version': '2.96', 'vary': 'X-OpenStack-Manila-API-Version', 'x-openstack-request-id': 'req-0e16e9e5-9a4e-48cb-ab1d-91c7dd7c514a', 'connection': 'close', 'status': '200', 'content-location': 'http://10.132.46.216/share/v2/shares/6c0421aa-f96f-4ea2-a1f5-f801408c996e'}
        Body: b'{"share": {"id": "6c0421aa-f96f-4ea2-a1f5-f801408c996e", "size": 1, "availability_zone": null, "created_at": "2026-07-27T09:17:55.832005", "status": "error", "name": "tempest-tempest-created-share-1511173615", "description": "Tempest\'s share", "project_id": "f24921942111403c90eed1460df5273d", "snapshot_id": null, "share_network_id": null, "share_proto": "NFS", "metadata": {}, "share_type": "dc856d1f-040d-4f53-b50f-2b42fe569f68", "volume_type": "tempest-manage-st-name-720218091", "links": [{"rel": "self", "href": "http://10.132.46.216/share/v2/shares/6c0421aa-f96f-4ea2-a1f5-f801408c996e"}, {"rel": "bookmark", "href": "http://10.132.46.216/share/shares/6c0421aa-f96f-4ea2-a1f5-f801408c996e"}], "is_public": false, "snapshot_support": true, "task_state": null, "share_type_name": "tempest-manage-st-name-720218091", "access_rules_status": "active", "replication_type": null, "has_replicas": false, "user_id": "a77762351878403e979680d4d8358cba", "create_share_from_snapshot_support": false, "revert_to_snapshot_support": false, "share_group_id": null, "source_share_group_snapshot_member_id": null, "mount_snapshot_support": false, "progress": null, "is_soft_deleted": false, "scheduled_to_be_deleted_at": null, "source_backup_id": null, "encryption_key_ref": null, "share_server_id": null, "host": ""}}'


manila_tempest_tests.tests.api.******.test_share_manage_negative.ManageNFSShareNegativeTest.test_manage_share_duplicate[api_with_backend,id-832b1c4d-e6f2-4a75-9ea5-d99f780db743,negative]
-----------------------------------------------------------------------------------------------------------------------------------------------------------------------------------------

Captured traceback:
~~~~~~~~~~~~~~~~~~~
    Traceback (most recent call last):

      File "/opt/stack/tempest/manila-tempest-plugin/manila_tempest_tests/tests/api/******/test_share_manage_negative.py", line 211, in test_manage_share_duplicate
    share = self._create_share_for_manage()
            ^^^^^^^^^^^^^^^^^^^^^^^^^^^^^^^

      File "/opt/stack/tempest/manila-tempest-plugin/manila_tempest_tests/tests/api/base.py", line 1172, in _create_share_for_manage
    share = self.create_share(**creation_data)
            ^^^^^^^^^^^^^^^^^^^^^^^^^^^^^^^^^^

      File "/opt/stack/tempest/manila-tempest-plugin/manila_tempest_tests/tests/api/base.py", line 410, in create_share
    result = cls.create_shares([{"args": args, "kwargs": kwargs}])
             ^^^^^^^^^^^^^^^^^^^^^^^^^^^^^^^^^^^^^^^^^^^^^^^^^^^^^

      File "/opt/stack/tempest/manila-tempest-plugin/manila_tempest_tests/tests/api/base.py", line 468, in create_shares
    waiters.wait_for_resource_status(

      File "/opt/stack/tempest/manila-tempest-plugin/manila_tempest_tests/common/waiters.py", line 109, in wait_for_resource_status
    raise resource_exception(resource_id=resource_id)

    manila_tempest_tests.share_exceptions.ShareBuildErrorException: Share 63cf15b0-6dfc-45a4-8731-a41569ce9d2b failed to build and is in ERROR status


Captured pythonlogging:
~~~~~~~~~~~~~~~~~~~~~~~
    2026-07-27 09:18:02,573 243661 INFO     [tempest.lib.common.rest_client] Request (ManageNFSShareNegativeTest:test_manage_share_duplicate): 200 POST http://10.132.46.216/share/v2/shares 1.803s
2026-07-27 09:18:02,599 243661 DEBUG    [tempest.lib.common.rest_client] Request - Headers: {'Content-Type': 'application/json', 'Accept': 'application/json', 'x-openstack-manila-api-version': '2.96', 'X-Auth-Token': '<omitted>'}
        Body: {"share": {"share_proto": "nfs", "description": "Tempest's share", "snapshot_id": null, "name": "tempest-tempest-created-share-1549328406", "size": 1, "metadata": {}, "is_public": false, "share_type": "dc856d1f-040d-4f53-b50f-2b42fe569f68"}}
    Response - Headers: {'date': 'Mon, 27 Jul 2026 09:18:00 GMT', 'server': 'Apache/2.4.58 (Ubuntu)', 'content-type': 'application/json', 'content-length': '1310', 'x-compute-request-id': 'req-13b89c8a-3979-45d0-8644-1a76db3eba28', 'x-openstack-manila-api-version': '2.96', 'vary': 'X-OpenStack-Manila-API-Version', 'x-openstack-request-id': 'req-13b89c8a-3979-45d0-8644-1a76db3eba28', 'connection': 'close', 'status': '200', 'content-location': 'http://10.132.46.216/share/v2/shares'}
        Body: b'{"share": {"id": "63cf15b0-6dfc-45a4-8731-a41569ce9d2b", "size": 1, "availability_zone": null, "created_at": "2026-07-27T09:18:01.186332", "status": "creating", "name": "tempest-tempest-created-share-1549328406", "description": "Tempest\'s share", "project_id": "f24921942111403c90eed1460df5273d", "snapshot_id": null, "share_network_id": null, "share_proto": "NFS", "metadata": {}, "share_type": "dc856d1f-040d-4f53-b50f-2b42fe569f68", "volume_type": "tempest-manage-st-name-720218091", "links": [{"rel": "self", "href": "http://10.132.46.216/share/v2/shares/63cf15b0-6dfc-45a4-8731-a41569ce9d2b"}, {"rel": "bookmark", "href": "http://10.132.46.216/share/shares/63cf15b0-6dfc-45a4-8731-a41569ce9d2b"}], "is_public": false, "snapshot_support": true, "task_state": null, "share_type_name": "tempest-manage-st-name-720218091", "access_rules_status": "active", "replication_type": null, "has_replicas": false, "user_id": "a77762351878403e979680d4d8358cba", "create_share_from_snapshot_support": false, "revert_to_snapshot_support": false, "share_group_id": null, "source_share_group_snapshot_member_id": null, "mount_snapshot_support": false, "progress": null, "is_soft_deleted": false, "scheduled_to_be_deleted_at": null, "source_backup_id": null, "encryption_key_ref": null, "share_server_id": null, "host": ""}}'
2026-07-27 09:18:02,888 243661 INFO     [tempest.lib.common.rest_client] Request (ManageNFSShareNegativeTest:test_manage_share_duplicate): 200 GET http://10.132.46.216/share/v2/shares/63cf15b0-6dfc-45a4-8731-a41569ce9d2b 0.284s
2026-07-27 09:18:02,890 243661 DEBUG    [tempest.lib.common.rest_client] Request - Headers: {'Content-Type': 'application/json', 'Accept': 'application/json', 'x-openstack-manila-api-version': '2.96', 'X-Auth-Token': '<omitted>'}
        Body: None
    Response - Headers: {'date': 'Mon, 27 Jul 2026 09:18:02 GMT', 'server': 'Apache/2.4.58 (Ubuntu)', 'content-type': 'application/json', 'content-length': '1307', 'x-compute-request-id': 'req-10bca92a-c608-4e67-b31c-dc094f8a0d5a', 'x-openstack-manila-api-version': '2.96', 'vary': 'X-OpenStack-Manila-API-Version', 'x-openstack-request-id': 'req-10bca92a-c608-4e67-b31c-dc094f8a0d5a', 'connection': 'close', 'status': '200', 'content-location': 'http://10.132.46.216/share/v2/shares/63cf15b0-6dfc-45a4-8731-a41569ce9d2b'}
        Body: b'{"share": {"id": "63cf15b0-6dfc-45a4-8731-a41569ce9d2b", "size": 1, "availability_zone": null, "created_at": "2026-07-27T09:18:01.186332", "status": "error", "name": "tempest-tempest-created-share-1549328406", "description": "Tempest\'s share", "project_id": "f24921942111403c90eed1460df5273d", "snapshot_id": null, "share_network_id": null, "share_proto": "NFS", "metadata": {}, "share_type": "dc856d1f-040d-4f53-b50f-2b42fe569f68", "volume_type": "tempest-manage-st-name-720218091", "links": [{"rel": "self", "href": "http://10.132.46.216/share/v2/shares/63cf15b0-6dfc-45a4-8731-a41569
    ce9d2b"}, {"rel": "bookmark", "href": "http://10.132.46.216/share/shares/63cf15b0-6dfc-45a4-8731-a41569ce9d2b"}], "is_public": false, "snapshot_support": true, "task_state": null, "share_type_name": "tempest-manage-st-name-720218091", "access_rules_status": "active", "replication_type": null, "has_replicas": false, "user_id": "a77762351878403e979680d4d8358cba", "create_share_from_snapshot_support": false, "revert_to_snapshot_support": false, "share_group_id": null, "source_share_group_snapshot_member_id": null, "mount_snapshot_support": false, "progress": null, "is_soft_deleted": false, "scheduled_to_be_deleted_at": null, "source_backup_id": null, "encryption_key_ref": null, "share_server_id": null, "host": ""}}'
2026-07-27 09:18:06,084 243661 INFO     [tempest.lib.common.rest_client] Request (ManageNFSShareNegativeTest:test_manage_share_duplicate): 200 GET http://10.132.46.216/share/v2/shares/63cf15b0-6dfc-45a4-8731-a41569ce9d2b 0.191s
2026-07-27 09:18:06,084 243661 DEBUG    [tempest.lib.common.rest_client] Request - Headers: {'Content-Type': 'application/json', 'Accept': 'application/json', 'x-openstack-manila-api-version': '2.96', 'X-Auth-Token': '<omitted>'}
        Body: None
    Response - Headers: {'date': 'Mon, 27 Jul 2026 09:18:05 GMT', 'server': 'Apache/2.4.58 (Ubuntu)', 'content-type': 'application/json', 'content-length': '1307', 'x-compute-request-id': 'req-f4a269c7-fbcc-451f-a878-964fd6934be0', 'x-openstack-manila-api-version': '2.96', 'vary': 'X-OpenStack-Manila-API-Version', 'x-openstack-request-id': 'req-f4a269c7-fbcc-451f-a878-964fd6934be0', 'connection': 'close', 'status': '200', 'content-location': 'http://10.132.46.216/share/v2/shares/63cf15b0-6dfc-45a4-8731-a41569ce9d2b'}
        Body: b'{"share": {"id": "63cf15b0-6dfc-45a4-8731-a41569ce9d2b", "size": 1, "availability_zone": null, "created_at": "2026-07-27T09:18:01.186332", "status": "error", "name": "tempest-tempest-created-share-1549328406", "description": "Tempest\'s share", "project_id": "f24921942111403c90eed1460df5273d", "snapshot_id": null, "share_network_id": null, "share_proto": "NFS", "metadata": {}, "share_type": "dc856d1f-040d-4f53-b50f-2b42fe569f68", "volume_type": "tempest-manage-st-name-720218091", "links": [{"rel": "self", "href": "http://10.132.46.216/share/v2/shares/63cf15b0-6dfc-45a4-8731-a41569ce9d2b"}, {"rel": "bookmark", "href": "http://10.132.46.216/share/shares/63cf15b0-6dfc-45a4-8731-a41569ce9d2b"}], "is_public": false, "snapshot_support": true, "task_state": null, "share_type_name": "tempest-manage-st-name-720218091", "access_rules_status": "active", "replication_type": null, "has_replicas": false, "user_id": "a77762351878403e979680d4d8358cba", "create_share_from_snapshot_support": false, "revert_to_snapshot_support": false, "share_group_id": null, "source_share_group_snapshot_member_id": null, "mount_snapshot_support": false, "progress": null, "is_soft_deleted": false, "scheduled_to_be_deleted_at": null, "source_backup_id": null, "encryption_key_ref": null, "share_server_id": null, "host": ""}}'


manila_tempest_tests.tests.api.******.test_share_manage_negative.ManageNFSShareNegativeTest.test_unmanage_share_transitional_state[api_with_backend,id-f71bcb3c-836e-4e9e-972a-50debeb8c285,negative]
----------------------------------------------------------------------------------------------------------------------------------------------------------------------------------------------------

Captured traceback:
~~~~~~~~~~~~~~~~~~~
    Traceback (most recent call last):

      File "/opt/stack/tempest/manila-tempest-plugin/manila_tempest_tests/tests/api/******/test_share_manage_negative.py", line 339, in test_unmanage_share_transitional_state
    share = self._create_share_for_manage()
            ^^^^^^^^^^^^^^^^^^^^^^^^^^^^^^^

      File "/opt/stack/tempest/manila-tempest-plugin/manila_tempest_tests/tests/api/base.py", line 1172, in _create_share_for_manage
    share = self.create_share(**creation_data)
            ^^^^^^^^^^^^^^^^^^^^^^^^^^^^^^^^^^

      File "/opt/stack/tempest/manila-tempest-plugin/manila_tempest_tests/tests/api/base.py", line 410, in create_share
    result = cls.create_shares([{"args": args, "kwargs": kwargs}])
             ^^^^^^^^^^^^^^^^^^^^^^^^^^^^^^^^^^^^^^^^^^^^^^^^^^^^^

      File "/opt/stack/tempest/manila-tempest-plugin/manila_tempest_tests/tests/api/base.py", line 468, in create_shares
    waiters.wait_for_resource_status(

      File "/opt/stack/tempest/manila-tempest-plugin/manila_tempest_tests/common/waiters.py", line 109, in wait_for_resource_status
    raise resource_exception(resource_id=resource_id)

    manila_tempest_tests.share_exceptions.ShareBuildErrorException: Share 97156eb7-dff7-4aae-a6f1-87fa3b0ece2c failed to build and is in ERROR status


Captured pythonlogging:
~~~~~~~~~~~~~~~~~~~~~~~
    2026-07-27 09:18:06,435 243661 INFO     [tempest.lib.common.rest_client] Request (ManageNFSShareNegativeTest:test_unmanage_share_transitional_state): 200 POST http://10.132.46.216/share/v2/shares 0.341s
2026-07-27 09:18:06,435 243661 DEBUG    [tempest.lib.common.rest_client] Request - Headers: {'Content-Type': 'application/json', 'Accept': 'application/json', 'x-openstack-manila-api-version': '2.96', 'X-Auth-Token': '<omitted>'}
        Body: {"share": {"share_proto": "nfs", "description": "Tempest's share", "snapshot_id": null, "name": "tempest-tempest-created-share-930913278", "size": 1, "metadata": {}, "is_public": false, "share_type": "dc856d1f-040d-4f53-b50f-2b42fe569f68"}}
    Response - Headers: {'date': 'Mon, 27 Jul 2026 09:18:06 GMT', 'server': 'Apache/2.4.58 (Ubuntu)', 'content-type': 'application/json', 'content-length': '1309', 'x-compute-request-id': 'req-918bc730-233e-4146-992a-292d0556651d', 'x-openstack-manila-api-version': '2.96', 'vary': 'X-OpenStack-Manila-API-Version', 'x-openstack-request-id': 'req-918bc730-233e-4146-992a-292d0556651d', 'connection': 'close', 'status': '200', 'content-location': 'http://10.132.46.216/share/v2/shares'}
        Body: b'{"share": {"id": "97156eb7-dff7-4aae-a6f1-87fa3b0ece2c", "size": 1, "availability_zone": null, "created_at": "2026-07-27T09:18:06.258057", "status": "creating", "name": "tempest-tempest-created-share-930913278", "description": "Tempest\'s share", "project_id": "f24921942111403c90eed1460df5273d", "snapshot_id": null, "share_network_id": null, "share_proto": "NFS", "metadata": {}, "share_type": "dc856d1f-040d-4f53-b50f-2b42fe569f68", "volume_type": "tempest-manage-st-name-720218091", "links": [{"rel": "self", "href": "http://10.132.46.216/share/v2/shares/97156eb7-dff7-4aae-a6f1-87fa3b0ece2c"}, {"rel": "bookmark", "href": "http://10.132.46.216/share/shares/97156eb7-dff7-4aae-a6f1-87fa3b0ece2c"}], "is_public": false, "snapshot_support": true, "task_state": null, "share_type_name": "tempest-manage-st-name-720218091", "access_rules_status": "active", "replication_type": null, "has_replicas": false, "user_id": "a77762351878403e979680d4d8358cba", "create_share_from_snapshot_support": false, "revert_to_snapshot_support": false, "share_group_id": null, "source_share_group_snapshot_member_id": null, "mount_snapshot_support": false, "progress": null, "is_soft_deleted": false, "scheduled_to_be_deleted_at": null, "source_backup_id": null, "encryption_key_ref": null, "share_server_id": null, "host": ""}}'
2026-07-27 09:18:06,467 243661 INFO     [tempest.lib.common.rest_client] Request (ManageNFSShareNegativeTest:test_unmanage_share_transitional_state): 200 GET http://10.132.46.216/share/v2/shares/97156eb7-dff7-4aae-a6f1-87fa3b0ece2c 0.031s
2026-07-27 09:18:06,467 243661 DEBUG    [tempest.lib.common.rest_client] Request - Headers: {'Content-Type': 'application/json', 'Accept': 'application/json', 'x-openstack-manila-api-version': '2.96', 'X-Auth-Token': '<omitted>'}
        Body: None
    Response - Headers: {'date': 'Mon, 27 Jul 2026 09:18:06 GMT', 'server': 'Apache/2.4.58 (Ubuntu)', 'content-type': 'application/json', 'content-length': '1309', 'x-compute-request-id': 'req-bd535d32-fc78-4d6c-b2e0-475416cdacdf', 'x-openstack-manila-api-version': '2.96', 'vary': 'X-OpenStack-Manila-API-Version', 'x-openstack-request-id': 'req-bd535d32-fc78-4d6c-b2e0-475416cdacdf', 'connection': 'close', 'status': '200', 'content-location': 'http://10.132.46.216/share/v2/shares/97156eb7-dff7-4aae-a6f1-87fa3b0ece2c'}
        Body: b'{"share": {"id": "97156eb7-dff7-4aae-a6f1-87fa3b0ece2c", "size": 1, "availability_zone": null, "created_at": "2026-07-27T09:18:06.258057", "status": "creating", "name": "tempest-tempest-created-share-930913278", "description": "Tempest\'s share", "project_id": "f24921942111403c90eed1460df5273d", "snapshot_id": null, "share_network_id": null, "share_proto": "NFS", "metadata": {}, "share_type": "dc856d1f-040d-4f53-b50f-2b42fe569f68", "volume_type": "tempest-manage-st-name-720218091", "links": [{"rel": "self", "href": "http://10.132.46.216/share/v2/shares/97156eb7
    -dff7-4aae-a6f1-87fa3b0ece2c"}, {"rel": "bookmark", "href": "http://10.132.46.216/share/shares/97156eb7-dff7-4aae-a6f1-87fa3b0ece2c"}], "is_public": false, "snapshot_support": true, "task_state": null, "share_type_name": "tempest-manage-st-name-720218091", "access_rules_status": "active", "replication_type": null, "has_replicas": false, "user_id": "a77762351878403e979680d4d8358cba", "create_share_from_snapshot_support": false, "revert_to_snapshot_support": false, "share_group_id": null, "source_share_group_snapshot_member_id": null, "mount_snapshot_support": false, "progress": null, "is_soft_deleted": false, "scheduled_to_be_deleted_at": null, "source_backup_id": null, "encryption_key_ref": null, "share_server_id": null, "host": ""}}'
2026-07-27 09:18:09,929 243661 INFO     [tempest.lib.common.rest_client] Request (ManageNFSShareNegativeTest:test_unmanage_share_transitional_state): 200 GET http://10.132.46.216/share/v2/shares/97156eb7-dff7-4aae-a6f1-87fa3b0ece2c 0.455s
2026-07-27 09:18:09,929 243661 DEBUG    [tempest.lib.common.rest_client] Request - Headers: {'Content-Type': 'application/json', 'Accept': 'application/json', 'x-openstack-manila-api-version': '2.96', 'X-Auth-Token': '<omitted>'}
        Body: None
    Response - Headers: {'date': 'Mon, 27 Jul 2026 09:18:09 GMT', 'server': 'Apache/2.4.58 (Ubuntu)', 'content-type': 'application/json', 'content-length': '1306', 'x-compute-request-id': 'req-3a812cb0-d739-4045-824a-96f01dd1d429', 'x-openstack-manila-api-version': '2.96', 'vary': 'X-OpenStack-Manila-API-Version', 'x-openstack-request-id': 'req-3a812cb0-d739-4045-824a-96f01dd1d429', 'connection': 'close', 'status': '200', 'content-location': 'http://10.132.46.216/share/v2/shares/97156eb7-dff7-4aae-a6f1-87fa3b0ece2c'}
        Body: b'{"share": {"id": "97156eb7-dff7-4aae-a6f1-87fa3b0ece2c", "size": 1, "availability_zone": null, "created_at": "2026-07-27T09:18:06.258057", "status": "error", "name": "tempest-tempest-created-share-930913278", "description": "Tempest\'s share", "project_id": "f24921942111403c90eed1460df5273d", "snapshot_id": null, "share_network_id": null, "share_proto": "NFS", "metadata": {}, "share_type": "dc856d1f-040d-4f53-b50f-2b42fe569f68", "volume_type": "tempest-manage-st-name-720218091", "links": [{"rel": "self", "href": "http://10.132.46.216/share/v2/shares/97156eb7-dff7-4aae-a6f1-87fa3b0ece2c"}, {"rel": "bookmark", "href": "http://10.132.46.216/share/shares/97156eb7-dff7-4aae-a6f1-87fa3b0ece2c"}], "is_public": false, "snapshot_support": true, "task_state": null, "share_type_name": "tempest-manage-st-name-720218091", "access_rules_status": "active", "replication_type": null, "has_replicas": false, "user_id": "a77762351878403e979680d4d8358cba", "create_share_from_snapshot_support": false, "revert_to_snapshot_support": false, "share_group_id": null, "source_share_group_snapshot_member_id": null, "mount_snapshot_support": false, "progress": null, "is_soft_deleted": false, "scheduled_to_be_deleted_at": null, "source_backup_id": null, "encryption_key_ref": null, "share_server_id": null, "host": ""}}'


manila_tempest_tests.tests.api.******.test_share_manage_negative.ManageNFSShareNegativeTest.test_unmanage_share_with_snapshot[api_with_backend,id-7cad4763-8f78-46a5-aeeb-6ca174284d3d,negative]
-----------------------------------------------------------------------------------------------------------------------------------------------------------------------------------------------

Captured traceback:
~~~~~~~~~~~~~~~~~~~
    Traceback (most recent call last):

      File "/opt/stack/tempest/manila-tempest-plugin/manila_tempest_tests/tests/api/******/test_share_manage_negative.py", line 320, in test_unmanage_share_with_snapshot
    share = self._create_share_for_manage()
            ^^^^^^^^^^^^^^^^^^^^^^^^^^^^^^^

      File "/opt/stack/tempest/manila-tempest-plugin/manila_tempest_tests/tests/api/base.py", line 1172, in _create_share_for_manage
    share = self.create_share(**creation_data)
            ^^^^^^^^^^^^^^^^^^^^^^^^^^^^^^^^^^

      File "/opt/stack/tempest/manila-tempest-plugin/manila_tempest_tests/tests/api/base.py", line 410, in create_share
    result = cls.create_shares([{"args": args, "kwargs": kwargs}])
             ^^^^^^^^^^^^^^^^^^^^^^^^^^^^^^^^^^^^^^^^^^^^^^^^^^^^^

      File "/opt/stack/tempest/manila-tempest-plugin/manila_tempest_tests/tests/api/base.py", line 468, in create_shares
    waiters.wait_for_resource_status(

      File "/opt/stack/tempest/manila-tempest-plugin/manila_tempest_tests/common/waiters.py", line 109, in wait_for_resource_status
    raise resource_exception(resource_id=resource_id)

    manila_tempest_tests.share_exceptions.ShareBuildErrorException: Share 7b64b6ca-8e68-4008-ab7c-a31f0dd21578 failed to build and is in ERROR status


Captured pythonlogging:
~~~~~~~~~~~~~~~~~~~~~~~
    2026-07-27 09:18:11,031 243661 INFO     [tempest.lib.common.rest_client] Request (ManageNFSShareNegativeTest:test_unmanage_share_with_snapshot): 200 POST http://10.132.46.216/share/v2/shares 1.094s
2026-07-27 09:18:11,032 243661 DEBUG    [tempest.lib.common.rest_client] Request - Headers: {'Content-Type': 'application/json', 'Accept': 'application/json', 'x-openstack-manila-api-version': '2.96', 'X-Auth-Token': '<omitted>'}
        Body: {"share": {"share_proto": "nfs", "description": "Tempest's share", "snapshot_id": null, "name": "tempest-tempest-created-share-433959582", "size": 1, "metadata": {}, "is_public": false, "share_type": "dc856d1f-040d-4f53-b50f-2b42fe569f68"}}
    Response - Headers: {'date': 'Mon, 27 Jul 2026 09:18:09 GMT', 'server': 'Apache/2.4.58 (Ubuntu)', 'content-type': 'application/json', 'content-length': '1309', 'x-compute-request-id': 'req-df93b6a8-67bf-4cdf-b155-73461a63a36c', 'x-openstack-manila-api-version': '2.96', 'vary': 'X-OpenStack-Manila-API-Version', 'x-openstack-request-id': 'req-df93b6a8-67bf-4cdf-b155-73461a63a36c', 'connection': 'close', 'status': '200', 'content-location': 'http://10.132.46.216/share/v2/shares'}
        Body: b'{"share": {"id": "7b64b6ca-8e68-4008-ab7c-a31f0dd21578", "size": 1, "availability_zone": null, "created_at": "2026-07-27T09:18:10.041059", "status": "creating", "name": "tempest-tempest-created-share-433959582", "description": "Tempest\'s share", "project_id": "f24921942111403c90eed1460df5273d", "snapshot_id": null, "share_network_id": null, "share_proto": "NFS", "metadata": {}, "share_type": "dc856d1f-040d-4f53-b50f-2b42fe569f68", "volume_type": "tempest-manage-st-name-720218091", "links": [{"rel": "self", "href": "http://10.132.46.216/share/v2/shares/7b64b6ca-8e68-4008-ab7c-a31f0dd21578"}, {"rel": "bookmark", "href": "http://10.132.46.216/share/shares/7b64b6ca-8e68-4008-ab7c-a31f0dd21578"}], "is_public": false, "snapshot_support": true, "task_state": null, "share_type_name": "tempest-manage-st-name-720218091", "access_rules_status": "active", "replication_type": null, "has_replicas": false, "user_id": "a77762351878403e979680d4d8358cba", "create_share_from_snapshot_support": false, "revert_to_snapshot_support": false, "share_group_id": null, "source_share_group_snapshot_member_id": null, "mount_snapshot_support": false, "progress": null, "is_soft_deleted": false, "scheduled_to_be_deleted_at": null, "source_backup_id": null, "encryption_key_ref": null, "share_server_id": null, "host": ""}}'
2026-07-27 09:18:11,073 243661 INFO     [tempest.lib.common.rest_client] Request (ManageNFSShareNegativeTest:test_unmanage_share_with_snapshot): 200 GET http://10.132.46.216/share/v2/shares/7b64b6ca-8e68-4008-ab7c-a31f0dd21578 0.041s
2026-07-27 09:18:11,073 243661 DEBUG    [tempest.lib.common.rest_client] Request - Headers: {'Content-Type': 'application/json', 'Accept': 'application/json', 'x-openstack-manila-api-version': '2.96', 'X-Auth-Token': '<omitted>'}
        Body: None
    Response - Headers: {'date': 'Mon, 27 Jul 2026 09:18:11 GMT', 'server': 'Apache/2.4.58 (Ubuntu)', 'content-type': 'application/json', 'content-length': '1309', 'x-compute-request-id': 'req-d7931ba9-06dc-4c5f-aa47-953dcbb15ff6', 'x-openstack-manila-api-version': '2.96', 'vary': 'X-OpenStack-Manila-API-Version', 'x-openstack-request-id': 'req-d7931ba9-06dc-4c5f-aa47-953dcbb15ff6', 'connection': 'close', 'status': '200', 'content-location': 'http://10.132.46.216/share/v2/shares/7b64b6ca-8e68-4008-ab7c-a31f0dd21578'}
        Body: b'{"share": {"id": "7b64b6ca-8e68-4008-ab7c-a31f0dd21578", "size": 1, "availability_zone": null, "created_at": "2026-07-27T09:18:10.041059", "status": "creating", "name": "tempest-tempest-created-share-433959582", "description": "Tempest\'s share", "project_id": "f24921942111403c90eed1460df5273d", "snapshot_id": null, "share_network_id": null, "share_proto": "NFS", "metadata": {}, "share_type": "dc856d1f-040d-4f53-b50f-2b42fe569f68", "volume_type": "tempest-manage-st-name-720218091", "links": [{"rel": "self", "href": "http://10.132.46.216/share/v2/shares/7b64b6ca-8e68-4008
    -ab7c-a31f0dd21578"}, {"rel": "bookmark", "href": "http://10.132.46.216/share/shares/7b64b6ca-8e68-4008-ab7c-a31f0dd21578"}], "is_public": false, "snapshot_support": true, "task_state": null, "share_type_name": "tempest-manage-st-name-720218091", "access_rules_status": "active", "replication_type": null, "has_replicas": false, "user_id": "a77762351878403e979680d4d8358cba", "create_share_from_snapshot_support": false, "revert_to_snapshot_support": false, "share_group_id": null, "source_share_group_snapshot_member_id": null, "mount_snapshot_support": false, "progress": null, "is_soft_deleted": false, "scheduled_to_be_deleted_at": null, "source_backup_id": null, "encryption_key_ref": null, "share_server_id": null, "host": ""}}'
2026-07-27 09:18:14,256 243661 INFO     [tempest.lib.common.rest_client] Request (ManageNFSShareNegativeTest:test_unmanage_share_with_snapshot): 200 GET http://10.132.46.216/share/v2/shares/7b64b6ca-8e68-4008-ab7c-a31f0dd21578 0.180s
2026-07-27 09:18:14,257 243661 DEBUG    [tempest.lib.common.rest_client] Request - Headers: {'Content-Type': 'application/json', 'Accept': 'application/json', 'x-openstack-manila-api-version': '2.96', 'X-Auth-Token': '<omitted>'}
        Body: None
    Response - Headers: {'date': 'Mon, 27 Jul 2026 09:18:14 GMT', 'server': 'Apache/2.4.58 (Ubuntu)', 'content-type': 'application/json', 'content-length': '1306', 'x-compute-request-id': 'req-77d0aeca-8ef1-483f-aed7-90c9793fc660', 'x-openstack-manila-api-version': '2.96', 'vary': 'X-OpenStack-Manila-API-Version', 'x-openstack-request-id': 'req-77d0aeca-8ef1-483f-aed7-90c9793fc660', 'connection': 'close', 'status': '200', 'content-location': 'http://10.132.46.216/share/v2/shares/7b64b6ca-8e68-4008-ab7c-a31f0dd21578'}
        Body: b'{"share": {"id": "7b64b6ca-8e68-4008-ab7c-a31f0dd21578", "size": 1, "availability_zone": null, "created_at": "2026-07-27T09:18:10.041059", "status": "error", "name": "tempest-tempest-created-share-433959582", "description": "Tempest\'s share", "project_id": "f24921942111403c90eed1460df5273d", "snapshot_id": null, "share_network_id": null, "share_proto": "NFS", "metadata": {}, "share_type": "dc856d1f-040d-4f53-b50f-2b42fe569f68", "volume_type": "tempest-manage-st-name-720218091", "links": [{"rel": "self", "href": "http://10.132.46.216/share/v2/shares/7b64b6ca-8e68-4008-ab7c-a31f0dd21578"}, {"rel": "bookmark", "href": "http://10.132.46.216/share/shares/7b64b6ca-8e68-4008-ab7c-a31f0dd21578"}], "is_public": false, "snapshot_support": true, "task_state": null, "share_type_name": "tempest-manage-st-name-720218091", "access_rules_status": "active", "replication_type": null, "has_replicas": false, "user_id": "a77762351878403e979680d4d8358cba", "create_share_from_snapshot_support": false, "revert_to_snapshot_support": false, "share_group_id": null, "source_share_group_snapshot_member_id": null, "mount_snapshot_support": false, "progress": null, "is_soft_deleted": false, "scheduled_to_be_deleted_at": null, "source_backup_id": null, "encryption_key_ref": null, "share_server_id": null, "host": ""}}'


setUpClass (manila_tempest_tests.tests.api.******.test_share_snapshot_instances_negative.SnapshotInstancesNegativeTest)
----------------------------------------------------------------------------------------------------------------------

Captured traceback:
~~~~~~~~~~~~~~~~~~~
    Traceback (most recent call last):

      File "/opt/stack/tempest/tempest/test.py", line 185, in setUpClass
    raise value.with_traceback(trace)

      File "/opt/stack/tempest/tempest/test.py", line 178, in setUpClass
    cls.resource_setup()

      File "/opt/stack/tempest/manila-tempest-plugin/manila_tempest_tests/tests/api/******/test_share_snapshot_instances_negative.py", line 47, in resource_setup
    cls.share = cls.create_share(share_type_id=cls.share_type_id,
                ^^^^^^^^^^^^^^^^^^^^^^^^^^^^^^^^^^^^^^^^^^^^^^^^^

      File "/opt/stack/tempest/manila-tempest-plugin/manila_tempest_tests/tests/api/base.py", line 410, in create_share
    result = cls.create_shares([{"args": args, "kwargs": kwargs}])
             ^^^^^^^^^^^^^^^^^^^^^^^^^^^^^^^^^^^^^^^^^^^^^^^^^^^^^

      File "/opt/stack/tempest/manila-tempest-plugin/manila_tempest_tests/tests/api/base.py", line 468, in create_shares
    waiters.wait_for_resource_status(

      File "/opt/stack/tempest/manila-tempest-plugin/manila_tempest_tests/common/waiters.py", line 109, in wait_for_resource_status
    raise resource_exception(resource_id=resource_id)

    manila_tempest_tests.share_exceptions.ShareBuildErrorException: Share 9a5418e6-88b9-4342-a41b-3bc78506ff6d failed to build and is in ERROR status


setUpClass (manila_tempest_tests.tests.api.test_snapshot_metadata_negative.ShareSnapshotMetadataNegativeTest)
-------------------------------------------------------------------------------------------------------------

Captured traceback:
~~~~~~~~~~~~~~~~~~~
    Traceback (most recent call last):

      File "/opt/stack/tempest/tempest/test.py", line 185, in setUpClass
    raise value.with_traceback(trace)

      File "/opt/stack/tempest/tempest/test.py", line 178, in setUpClass
    cls.resource_setup()

      File "/opt/stack/tempest/manila-tempest-plugin/manila_tempest_tests/tests/api/test_snapshot_metadata_negative.py", line 55, in resource_setup
    cls.share = cls.create_share(
                ^^^^^^^^^^^^^^^^^

      File "/opt/stack/tempest/manila-tempest-plugin/manila_tempest_tests/tests/api/base.py", line 410, in create_share
    result = cls.create_shares([{"args": args, "kwargs": kwargs}])
             ^^^^^^^^^^^^^^^^^^^^^^^^^^^^^^^^^^^^^^^^^^^^^^^^^^^^^

      File "/opt/stack/tempest/manila-tempest-plugin/manila_tempest_tests/tests/api/base.py", line 468, in create_shares
    waiters.wait_for_resource_status(

      File "/opt/stack/tempest/manila-tempest-plugin/manila_tempest_tests/common/waiters.py", line 109, in wait_for_resource_status
    raise resource_exception(resource_id=resource_id)

    manila_tempest_tests.share_exceptions.ShareBuildErrorException: Share b0f077be-8183-48dc-ae64-db106f8c32db failed to build and is in ERROR status


setUpClass (manila_tempest_tests.tests.api.test_shares_actions.SharesRenameTest)
--------------------------------------------------------------------------------

Captured traceback:
~~~~~~~~~~~~~~~~~~~
    Traceback (most recent call last):

      File "/opt/stack/tempest/tempest/test.py", line 185, in setUpClass
    raise value.with_traceback(trace)

      File "/opt/stack/tempest/tempest/test.py", line 178, in setUpClass
    cls.resource_setup()

      File "/opt/stack/tempest/manila-tempest-plugin/manila_tempest_tests/tests/api/test_shares_actions.py", line 755, in resource_setup
    cls.share = cls.create_share(
                ^^^^^^^^^^^^^^^^^

      File "/opt/stack/tempest/manila-tempest-plugin/manila_tempest_tests/tests/api/base.py", line 410, in create_share
    result = cls.create_shares([{"args": args, "kwargs": kwargs}])
             ^^^^^^^^^^^^^^^^^^^^^^^^^^^^^^^^^^^^^^^^^^^^^^^^^^^^^

      File "/opt/stack/tempest/manila-tempest-plugin/manila_tempest_tests/tests/api/base.py", line 468, in create_shares
    waiters.wait_for_resource_status(

      File "/opt/stack/tempest/manila-tempest-plugin/manila_tempest_tests/common/waiters.py", line 109, in wait_for_resource_status
    raise resource_exception(resource_id=resource_id)

    manila_tempest_tests.share_exceptions.ShareBuildErrorException: Share 582938f5-d0cb-49b5-a82f-ef7c7b7c0918 failed to build and is in ERROR status


setUpClass (manila_tempest_tests.tests.api.test_snapshot_metadata.ShareSnapshotMetadataTest)
--------------------------------------------------------------------------------------------

Captured traceback:
~~~~~~~~~~~~~~~~~~~
    Traceback (most recent call last):

      File "/opt/stack/tempest/tempest/test.py", line 185, in setUpClass
    raise value.with_traceback(trace)

      File "/opt/stack/tempest/tempest/test.py", line 178, in setUpClass
    cls.resource_setup()

      File "/opt/stack/tempest/manila-tempest-plugin/manila_tempest_tests/tests/api/test_snapshot_metadata.py", line 48, in resource_setup
    cls.share = cls.create_share(
                ^^^^^^^^^^^^^^^^^

      File "/opt/stack/tempest/manila-tempest-plugin/manila_tempest_tests/tests/api/base.py", line 410, in create_share
    result = cls.create_shares([{"args": args, "kwargs": kwargs}])
             ^^^^^^^^^^^^^^^^^^^^^^^^^^^^^^^^^^^^^^^^^^^^^^^^^^^^^

      File "/opt/stack/tempest/manila-tempest-plugin/manila_tempest_tests/tests/api/base.py", line 468, in create_shares
    waiters.wait_for_resource_status(

      File "/opt/stack/tempest/manila-tempest-plugin/manila_tempest_tests/common/waiters.py", line 109, in wait_for_resource_status
    raise resource_exception(resource_id=resource_id)

    manila_tempest_tests.share_exceptions.ShareBuildErrorException: Share b57c88cf-4ee2-4a45-8aee-cd8bdb99c62d failed to build and is in ERROR status


setUpClass (manila_tempest_tests.tests.api.test_snapshot_rules_negative.SnapshotInheritShareAccessNegativeTest)
---------------------------------------------------------------------------------------------------------------

Captured traceback:
~~~~~~~~~~~~~~~~~~~
    Traceback (most recent call last):

      File "/opt/stack/tempest/tempest/test.py", line 185, in setUpClass
    raise value.with_traceback(trace)

      File "/opt/stack/tempest/tempest/test.py", line 178, in setUpClass
    cls.resource_setup()

      File "/opt/stack/tempest/manila-tempest-plugin/manila_tempest_tests/tests/api/test_snapshot_rules_negative.py", line 167, in resource_setup
    cls.share = cls.create_share(cls.protocol,
                ^^^^^^^^^^^^^^^^^^^^^^^^^^^^^^

      File "/opt/stack/tempest/manila-tempest-plugin/manila_tempest_tests/tests/api/base.py", line 410, in create_share
    result = cls.create_shares([{"args": args, "kwargs": kwargs}])
             ^^^^^^^^^^^^^^^^^^^^^^^^^^^^^^^^^^^^^^^^^^^^^^^^^^^^^

      File "/opt/stack/tempest/manila-tempest-plugin/manila_tempest_tests/tests/api/base.py", line 468, in create_shares
    waiters.wait_for_resource_status(

      File "/opt/stack/tempest/manila-tempest-plugin/manila_tempest_tests/common/waiters.py", line 109, in wait_for_resource_status
    raise resource_exception(resource_id=resource_id)

    manila_tempest_tests.share_exceptions.ShareBuildErrorException: Share 9b697fd6-3f5a-46e8-90f9-a6efe9f07b69 failed to build and is in ERROR status


setUpClass (manila_tempest_tests.tests.api.test_rules_negative.ShareRulesNegativeTest)
--------------------------------------------------------------------------------------

Captured traceback:
~~~~~~~~~~~~~~~~~~~
    Traceback (most recent call last):

      File "/opt/stack/tempest/tempest/test.py", line 185, in setUpClass
    raise value.with_traceback(trace)

      File "/opt/stack/tempest/tempest/test.py", line 178, in setUpClass
    cls.resource_setup()

      File "/opt/stack/tempest/manila-tempest-plugin/manila_tempest_tests/tests/api/test_rules_negative.py", line 588, in resource_setup
    cls.share = cls.create_share(share_type_id=cls.share_type_id)
                ^^^^^^^^^^^^^^^^^^^^^^^^^^^^^^^^^^^^^^^^^^^^^^^^^

      File "/opt/stack/tempest/manila-tempest-plugin/manila_tempest_tests/tests/api/base.py", line 410, in create_share
    result = cls.create_shares([{"args": args, "kwargs": kwargs}])
             ^^^^^^^^^^^^^^^^^^^^^^^^^^^^^^^^^^^^^^^^^^^^^^^^^^^^^

      File "/opt/stack/tempest/manila-tempest-plugin/manila_tempest_tests/tests/api/base.py", line 468, in create_shares
    waiters.wait_for_resource_status(

      File "/opt/stack/tempest/manila-tempest-plugin/manila_tempest_tests/common/waiters.py", line 109, in wait_for_resource_status
    raise resource_exception(resource_id=resource_id)

    manila_tempest_tests.share_exceptions.ShareBuildErrorException: Share e13d6746-3897-44e0-830b-64c63a849c94 failed to build and is in ERROR status


setUpClass (manila_tempest_tests.tests.api.test_shares_actions.SharesActionsTest)
---------------------------------------------------------------------------------

Captured traceback:
~~~~~~~~~~~~~~~~~~~
    Traceback (most recent call last):

      File "/opt/stack/tempest/tempest/test.py", line 185, in setUpClass
    raise value.with_traceback(trace)

      File "/opt/stack/tempest/tempest/test.py", line 178, in setUpClass
    cls.resource_setup()

      File "/opt/stack/tempest/manila-tempest-plugin/manila_tempest_tests/tests/api/test_shares_actions.py", line 58, in resource_setup
    cls.shares.append(cls.create_share(
                      ^^^^^^^^^^^^^^^^^

      File "/opt/stack/tempest/manila-tempest-plugin/manila_tempest_tests/tests/api/base.py", line 410, in create_share
    result = cls.create_shares([{"args": args, "kwargs": kwargs}])
             ^^^^^^^^^^^^^^^^^^^^^^^^^^^^^^^^^^^^^^^^^^^^^^^^^^^^^

      File "/opt/stack/tempest/manila-tempest-plugin/manila_tempest_tests/tests/api/base.py", line 468, in create_shares
    waiters.wait_for_resource_status(

      File "/opt/stack/tempest/manila-tempest-plugin/manila_tempest_tests/common/waiters.py", line 109, in wait_for_resource_status
    raise resource_exception(resource_id=resource_id)

    manila_tempest_tests.share_exceptions.ShareBuildErrorException: Share 5fd4972e-7409-49b2-966a-552033a8aad2 failed to build and is in ERROR status


setUpClass (manila_tempest_tests.tests.api.test_shares_actions_negative.SharesActionsNegativeTest)
--------------------------------------------------------------------------------------------------

Captured traceback:
~~~~~~~~~~~~~~~~~~~
    Traceback (most recent call last):

      File "/opt/stack/tempest/tempest/test.py", line 185, in setUpClass
    raise value.with_traceback(trace)

      File "/opt/stack/tempest/tempest/test.py", line 178, in setUpClass
    cls.resource_setup()

      File "/opt/stack/tempest/manila-tempest-plugin/manila_tempest_tests/tests/api/test_shares_actions_negative.py", line 47, in resource_setup
    cls.share = cls.create_share(
                ^^^^^^^^^^^^^^^^^

      File "/opt/stack/tempest/manila-tempest-plugin/manila_tempest_tests/tests/api/base.py", line 410, in create_share
    result = cls.create_shares([{"args": args, "kwargs": kwargs}])
             ^^^^^^^^^^^^^^^^^^^^^^^^^^^^^^^^^^^^^^^^^^^^^^^^^^^^^

      File "/opt/stack/tempest/manila-tempest-plugin/manila_tempest_tests/tests/api/base.py", line 468, in create_shares
    waiters.wait_for_resource_status(

      File "/opt/stack/tempest/manila-tempest-plugin/manila_tempest_tests/common/waiters.py", line 109, in wait_for_resource_status
    raise resource_exception(resource_id=resource_id)

    manila_tempest_tests.share_exceptions.ShareBuildErrorException: Share 9433fcb3-8392-4791-a7f2-222fe5fb5f3e failed to build and is in ERROR status


manila_tempest_tests.tests.api.test_shares_negative.SharesNegativeTest.test_try_delete_share_with_existing_snapshot[api_with_backend,id-b9bb8dee-0c7c-4e51-909c-028335b1a6a0,negative]
--------------------------------------------------------------------------------------------------------------------------------------------------------------------------------------

Captured traceback:
~~~~~~~~~~~~~~~~~~~
    Traceback (most recent call last):

      File "/opt/stack/tempest/manila-tempest-plugin/manila_tempest_tests/tests/api/test_shares_negative.py", line 51, in test_try_delete_share_with_existing_snapshot
    share = self.create_share(share_type_id=self.share_type_id)
            ^^^^^^^^^^^^^^^^^^^^^^^^^^^^^^^^^^^^^^^^^^^^^^^^^^^

      File "/opt/stack/tempest/manila-tempest-plugin/manila_tempest_tests/tests/api/base.py", line 410, in create_share
    result = cls.create_shares([{"args": args, "kwargs": kwargs}])
             ^^^^^^^^^^^^^^^^^^^^^^^^^^^^^^^^^^^^^^^^^^^^^^^^^^^^^

      File "/opt/stack/tempest/manila-tempest-plugin/manila_tempest_tests/tests/api/base.py", line 468, in create_shares
    waiters.wait_for_resource_status(

      File "/opt/stack/tempest/manila-tempest-plugin/manila_tempest_tests/common/waiters.py", line 109, in wait_for_resource_status
    raise resource_exception(resource_id=resource_id)

    manila_tempest_tests.share_exceptions.ShareBuildErrorException: Share c70b384b-6f01-4989-87cd-7b1f8e252ed3 failed to build and is in ERROR status


Captured pythonlogging:
~~~~~~~~~~~~~~~~~~~~~~~
    2026-07-27 09:43:42,700 243661 INFO     [tempest.lib.common.rest_client] Request (SharesNegativeTest:test_try_delete_share_with_existing_snapshot): 200 POST http://10.132.46.216/share/v2/shares 0.278s
2026-07-27 09:43:42,701 243661 DEBUG    [tempest.lib.common.rest_client] Request - Headers: {'Content-Type': 'application/json', 'Accept': 'application/json', 'x-openstack-manila-api-version': '2.96', 'X-Auth-Token': '<omitted>'}
        Body: {"share": {"share_proto": "nfs", "description": "Tempest's share", "snapshot_id": null, "name": "tempest-tempest-created-share-1097824778", "size": 1, "metadata": {}, "is_public": false, "share_type": "6bb39ec4-dadb-4b2d-b93b-f3fc20ed32d0"}}
    Response - Headers: {'date': 'Mon, 27 Jul 2026 09:43:42 GMT', 'server': 'Apache/2.4.58 (Ubuntu)', 'content-type': 'application/json', 'content-length': '1273', 'x-compute-request-id': 'req-57373b17-c26c-4e4e-9a22-34b58a265839', 'x-openstack-manila-api-version': '2.96', 'vary': 'X-OpenStack-Manila-API-Version', 'x-openstack-request-id': 'req-57373b17-c26c-4e4e-9a22-34b58a265839', 'connection': 'close', 'status': '200', 'content-location': 'http://10.132.46.216/share/v2/shares'}
        Body: b'{"share": {"id": "c70b384b-6f01-4989-87cd-7b1f8e252ed3", "size": 1, "availability_zone": null, "created_at": "2026-07-27T09:43:42.581837", "status": "creating", "name": "tempest-tempest-created-share-1097824778", "description": "Tempest\'s share", "project_id": "224ddb4624794e7e9561290b8f2a55a0", "snapshot_id": null, "share_network_id": null, "share_proto": "NFS", "metadata": {}, "share_type": "6bb39ec4-dadb-4b2d-b93b-f3fc20ed32d0", "volume_type": "tempest-typeshare-type-884934885", "links": [{"rel": "self", "href": "http://10.132.46.216/share/v2/shares/c70b384b-6f01-4989-87cd-7b1f8e252ed3"}, {"rel": "bookmark", "href": "http://10.132.46.216/share/shares/c70b384b-6f01-4989-87cd-7b1f8e252ed3"}], "is_public": false, "snapshot_support": true, "task_state": null, "share_type_name": "tempest-typeshare-type-884934885", "access_rules_status": "active", "replication_type": null, "has_replicas": false, "user_id": "c5bc6f084d344db7bff3be6f520abe27", "create_share_from_snapshot_support": false, "revert_to_snapshot_support": false, "share_group_id": null, "source_share_group_snapshot_member_id": null, "mount_snapshot_support": false, "progress": null, "is_soft_deleted": false, "scheduled_to_be_deleted_at": null, "source_backup_id": null, "encryption_key_ref": null}}'
2026-07-27 09:43:42,731 243661 INFO     [tempest.lib.common.rest_client] Request (SharesNegativeTest:test_try_delete_share_with_existing_snapshot): 200 GET http://10.132.46.216/share/v2/shares/c70b384b-6f01-4989-87cd-7b1f8e252ed3 0.029s
2026-07-27 09:43:42,732 243661 DEBUG    [tempest.lib.common.rest_client] Request - Headers: {'Content-Type': 'application/json', 'Accept': 'application/json', 'x-openstack-manila-api-version': '2.96', 'X-Auth-Token': '<omitted>'}
        Body: None
    Response - Headers: {'date': 'Mon, 27 Jul 2026 09:43:42 GMT', 'server': 'Apache/2.4.58 (Ubuntu)', 'content-type': 'application/json', 'content-length': '1273', 'x-compute-request-id': 'req-b30eb02d-750c-4629-8752-97628bc8ece1', 'x-openstack-manila-api-version': '2.96', 'vary': 'X-OpenStack-Manila-API-Version', 'x-openstack-request-id': 'req-b30eb02d-750c-4629-8752-97628bc8ece1', 'connection': 'close', 'status': '200', 'content-location': 'http://10.132.46.216/share/v2/shares/c70b384b-6f01-4989-87cd-7b1f8e252ed3'}
        Body: b'{"share": {"id": "c70b384b-6f01-4989-87cd-7b1f8e252ed3", "size": 1, "availability_zone": null, "created_at": "2026-07-27T09:43:42.581837", "status": "creating", "name": "tempest-tempest-created-share-1097824778", "description": "Tempest\'s share", "project_id": "224ddb4624794e7e9561290b8f2a55a0", "snapshot_id": null, "share_network_id": null, "share_proto": "NFS", "metadata": {}, "share_type": "6bb39ec4-dadb-4b2d-b93b-f3fc20ed32d0", "volume_type": "tempest-typeshare-type-884934885", "links": [{"rel": "self", "href": "http://10.132.46.216/share/v2/shares/c70b384b-6f01-4989-87cd-7b1f8e252ed3"}, {"rel"
    : "bookmark", "href": "http://10.132.46.216/share/shares/c70b384b-6f01-4989-87cd-7b1f8e252ed3"}], "is_public": false, "snapshot_support": true, "task_state": null, "share_type_name": "tempest-typeshare-type-884934885", "access_rules_status": "active", "replication_type": null, "has_replicas": false, "user_id": "c5bc6f084d344db7bff3be6f520abe27", "create_share_from_snapshot_support": false, "revert_to_snapshot_support": false, "share_group_id": null, "source_share_group_snapshot_member_id": null, "mount_snapshot_support": false, "progress": null, "is_soft_deleted": false, "scheduled_to_be_deleted_at": null, "source_backup_id": null, "encryption_key_ref": null}}'
2026-07-27 09:43:45,774 243661 INFO     [tempest.lib.common.rest_client] Request (SharesNegativeTest:test_try_delete_share_with_existing_snapshot): 200 GET http://10.132.46.216/share/v2/shares/c70b384b-6f01-4989-87cd-7b1f8e252ed3 0.041s
2026-07-27 09:43:45,774 243661 DEBUG    [tempest.lib.common.rest_client] Request - Headers: {'Content-Type': 'application/json', 'Accept': 'application/json', 'x-openstack-manila-api-version': '2.96', 'X-Auth-Token': '<omitted>'}
        Body: None
    Response - Headers: {'date': 'Mon, 27 Jul 2026 09:43:45 GMT', 'server': 'Apache/2.4.58 (Ubuntu)', 'content-type': 'application/json', 'content-length': '1270', 'x-compute-request-id': 'req-e4f665fe-31a8-45b0-8369-6093a749b4a2', 'x-openstack-manila-api-version': '2.96', 'vary': 'X-OpenStack-Manila-API-Version', 'x-openstack-request-id': 'req-e4f665fe-31a8-45b0-8369-6093a749b4a2', 'connection': 'close', 'status': '200', 'content-location': 'http://10.132.46.216/share/v2/shares/c70b384b-6f01-4989-87cd-7b1f8e252ed3'}
        Body: b'{"share": {"id": "c70b384b-6f01-4989-87cd-7b1f8e252ed3", "size": 1, "availability_zone": null, "created_at": "2026-07-27T09:43:42.581837", "status": "error", "name": "tempest-tempest-created-share-1097824778", "description": "Tempest\'s share", "project_id": "224ddb4624794e7e9561290b8f2a55a0", "snapshot_id": null, "share_network_id": null, "share_proto": "NFS", "metadata": {}, "share_type": "6bb39ec4-dadb-4b2d-b93b-f3fc20ed32d0", "volume_type": "tempest-typeshare-type-884934885", "links": [{"rel": "self", "href": "http://10.132.46.216/share/v2/shares/c70b384b-6f01-4989-87cd-7b1f8e252ed3"}, {"rel": "bookmark", "href": "http://10.132.46.216/share/shares/c70b384b-6f01-4989-87cd-7b1f8e252ed3"}], "is_public": false, "snapshot_support": true, "task_state": null, "share_type_name": "tempest-typeshare-type-884934885", "access_rules_status": "active", "replication_type": null, "has_replicas": false, "user_id": "c5bc6f084d344db7bff3be6f520abe27", "create_share_from_snapshot_support": false, "revert_to_snapshot_support": false, "share_group_id": null, "source_share_group_snapshot_member_id": null, "mount_snapshot_support": false, "progress": null, "is_soft_deleted": false, "scheduled_to_be_deleted_at": null, "source_backup_id": null, "encryption_key_ref": null}}'


manila_tempest_tests.tests.api.test_shares.SharesNFSTest.test_create_delete_snapshot[backend,id-775f8f87-5727-4bb7-b69f-9ce6b9bdb140,positive]
----------------------------------------------------------------------------------------------------------------------------------------------

Captured traceback:
~~~~~~~~~~~~~~~~~~~
    Traceback (most recent call last):

      File "/opt/stack/tempest/manila-tempest-plugin/manila_tempest_tests/tests/api/test_shares.py", line 133, in test_create_delete_snapshot
    share = self.create_share(self.protocol,
            ^^^^^^^^^^^^^^^^^^^^^^^^^^^^^^^^

      File "/opt/stack/tempest/manila-tempest-plugin/manila_tempest_tests/tests/api/base.py", line 410, in create_share
    result = cls.create_shares([{"args": args, "kwargs": kwargs}])
             ^^^^^^^^^^^^^^^^^^^^^^^^^^^^^^^^^^^^^^^^^^^^^^^^^^^^^

      File "/opt/stack/tempest/manila-tempest-plugin/manila_tempest_tests/tests/api/base.py", line 468, in create_shares
    waiters.wait_for_resource_status(

      File "/opt/stack/tempest/manila-tempest-plugin/manila_tempest_tests/common/waiters.py", line 109, in wait_for_resource_status
    raise resource_exception(resource_id=resource_id)

    manila_tempest_tests.share_exceptions.ShareBuildErrorException: Share 9682132c-3032-4592-89a1-44c54d501941 failed to build and is in ERROR status


Captured pythonlogging:
~~~~~~~~~~~~~~~~~~~~~~~
    2026-07-27 09:46:10,878 243659 INFO     [tempest.lib.common.rest_client] Request (SharesNFSTest:test_create_delete_snapshot): 200 POST http://10.132.46.216/share/v2/types 0.021s
2026-07-27 09:46:10,878 243659 DEBUG    [tempest.lib.common.rest_client] Request - Headers: {'Content-Type': 'application/json', 'Accept': 'application/json', 'x-openstack-manila-api-version': '2.96', 'X-Auth-Token': '<omitted>'}
        Body: {"share_type": {"name": "tempest-typeshare-type-2020491563", "extra_specs": {"driver_handles_share_servers": "False", "snapshot_support": true}, "share_type_access:is_public": true}}
    Response - Headers: {'date': 'Mon, 27 Jul 2026 09:46:10 GMT', 'server': 'Apache/2.4.58 (Ubuntu)', 'content-type': 'application/json', 'content-length': '679', 'x-compute-request-id': 'req-acd57a5d-7880-4ee0-8d0d-991b5af84851', 'x-openstack-manila-api-version': '2.96', 'vary': 'X-OpenStack-Manila-API-Version', 'x-openstack-request-id': 'req-acd57a5d-7880-4ee0-8d0d-991b5af84851', 'connection': 'close', 'status': '200', 'content-location': 'http://10.132.46.216/share/v2/types'}
        Body: b'{"volume_type": {"id": "282e40f6-df25-4371-98a1-ec88cbdc8cee", "name": "tempest-typeshare-type-2020491563", "extra_specs": {"driver_handles_share_servers": "False", "snapshot_support": "True"}, "required_extra_specs": {"driver_handles_share_servers": "False"}, "share_type_access:is_public": true, "description": null, "is_default": false}, "share_type": {"id": "282e40f6-df25-4371-98a1-ec88cbdc8cee", "name": "tempest-typeshare-type-2020491563", "extra_specs": {"driver_handles_share_servers": "False", "snapshot_support": "True"}, "required_extra_specs": {"driver_handles_share_servers": "False"}, "share_type_access:is_public": true, "description": null, "is_default": false}}'
2026-07-27 09:46:11,248 243659 INFO     [tempest.lib.common.rest_client] Request (SharesNFSTest:test_create_delete_snapshot): 200 POST http://10.132.46.216/share/v2/shares 0.369s
2026-07-27 09:46:11,249 243659 DEBUG    [tempest.lib.common.rest_client] Request - Headers: {'Content-Type': 'application/json', 'Accept': 'application/json', 'x-openstack-manila-api-version': '2.96', 'X-Auth-Token': '<omitted>'}
        Body: {"share": {"share_proto": "nfs", "description": "Tempest's share", "snapshot_id": null, "name": "tempest-tempest-created-share-1037233387", "size": 1, "metadata": {}, "is_public": false, "share_type": "282e40f6-df25-4371-98a1-ec88cbdc8cee"}}
    Response - Headers: {'date': 'Mon, 27 Jul 2026 09:46:10 GMT', 'server': 'Apache/2.4.58 (Ubuntu)', 'content-type': 'application/json', 'content-length': '1275', 'x-compute-request-id': 'req-85df91a0-4f15-4f2d-9c04-16f72cbaca8e', 'x-openstack-manila-api-version': '2.96', 'vary': 'X-OpenStack-Manila-API-Version', 'x-openstack-request-id': 'req-85df91a0-4f15-4f2d-9c04-16f72cbaca8e', 'connection': 'close', 'status': '200', 'content-location': 'http://10.132.46.216/share/v2/shares'}
        Body: b'{"share": {"id": "9682132c-3032-4592-89a1-44c54d501941", "size": 1, "availability_zone": null, "created_at": "2026-07-27T09:46:11.063358", "status": "creating", "name": "tempest-tempest-created-share-1037233387", "description": "Tempest\'s share", "project_id": "0ffb9a5bd72d4026847213f889dd402d", "snapshot_id": null, "share_network_id": null, "share_proto": "NFS", "metadata": {}, "share_type": "282e40f6-df25-4371-98a1-ec88cbdc8cee", "volume_type": "tempest-typeshare-type-2020491563", "links": [{"rel": "self", "href": "http://10.132.46.216/share/v2/shares/9682132c-3032-4592-89a1-44c54d501941"}, {"rel": "bookmark", "href": "http://10.132.46.216/share/shares/9682132c-3032-4592-89a1-44c54d501941"}], "is_public": false, "snapshot_support": true, "task_state": null, "share_type_name": "tempest-typeshare-type-2020491563", "access_rules_status": "active", "replication_type": null, "has_replicas": false, "user_id": "4b75e4fddc594b36be26099641d8d1e8", "create_share_from_snapshot_support": false, "revert_to_snapshot_support": false, "share_group_id": null, "source_share_group_snapshot_member_id": null, "mount_snapshot_support": false, "
    progress": null, "is_soft_deleted": false, "scheduled_to_be_deleted_at": null, "source_backup_id": null, "encryption_key_ref": null}}'
2026-07-27 09:46:11,286 243659 INFO     [tempest.lib.common.rest_client] Request (SharesNFSTest:test_create_delete_snapshot): 200 GET http://10.132.46.216/share/v2/shares/9682132c-3032-4592-89a1-44c54d501941 0.036s
2026-07-27 09:46:11,286 243659 DEBUG    [tempest.lib.common.rest_client] Request - Headers: {'Content-Type': 'application/json', 'Accept': 'application/json', 'x-openstack-manila-api-version': '2.96', 'X-Auth-Token': '<omitted>'}
        Body: None
    Response - Headers: {'date': 'Mon, 27 Jul 2026 09:46:11 GMT', 'server': 'Apache/2.4.58 (Ubuntu)', 'content-type': 'application/json', 'content-length': '1275', 'x-compute-request-id': 'req-6d53ca91-6b7d-4248-a7ed-75408ff80ee1', 'x-openstack-manila-api-version': '2.96', 'vary': 'X-OpenStack-Manila-API-Version', 'x-openstack-request-id': 'req-6d53ca91-6b7d-4248-a7ed-75408ff80ee1', 'connection': 'close', 'status': '200', 'content-location': 'http://10.132.46.216/share/v2/shares/9682132c-3032-4592-89a1-44c54d501941'}
        Body: b'{"share": {"id": "9682132c-3032-4592-89a1-44c54d501941", "size": 1, "availability_zone": null, "created_at": "2026-07-27T09:46:11.063358", "status": "creating", "name": "tempest-tempest-created-share-1037233387", "description": "Tempest\'s share", "project_id": "0ffb9a5bd72d4026847213f889dd402d", "snapshot_id": null, "share_network_id": null, "share_proto": "NFS", "metadata": {}, "share_type": "282e40f6-df25-4371-98a1-ec88cbdc8cee", "volume_type": "tempest-typeshare-type-2020491563", "links": [{"rel": "self", "href": "http://10.132.46.216/share/v2/shares/9682132c-3032-4592-89a1-44c54d501941"}, {"rel": "bookmark", "href": "http://10.132.46.216/share/shares/9682132c-3032-4592-89a1-44c54d501941"}], "is_public": false, "snapshot_support": true, "task_state": null, "share_type_name": "tempest-typeshare-type-2020491563", "access_rules_status": "active", "replication_type": null, "has_replicas": false, "user_id": "4b75e4fddc594b36be26099641d8d1e8", "create_share_from_snapshot_support": false, "revert_to_snapshot_support": false, "share_group_id": null, "source_share_group_snapshot_member_id": null, "mount_snapshot_support": false, "progress": null, "is_soft_deleted": false, "scheduled_to_be_deleted_at": null, "source_backup_id": null, "encryption_key_ref": null}}'
2026-07-27 09:46:14,324 243659 INFO     [tempest.lib.common.rest_client] Request (SharesNFSTest:test_create_delete_snapshot): 200 GET http://10.132.46.216/share/v2/shares/9682132c-3032-4592-89a1-44c54d501941 0.036s
2026-07-27 09:46:14,324 243659 DEBUG    [tempest.lib.common.rest_client] Request - Headers: {'Content-Type': 'application/json', 'Accept': 'application/json', 'x-openstack-manila-api-version': '2.96', 'X-Auth-Token': '<omitted>'}
        Body: None
    Response - Headers: {'date': 'Mon, 27 Jul 2026 09:46:14 GMT', 'server': 'Apache/2.4.58 (Ubuntu)', 'content-type': 'application/json', 'content-length': '1272', 'x-compute-request-id': 'req-bf82db06-4071-4f7c-abfa-3c25dad30a66', 'x-openstack-manila-api-version': '2.96', 'vary': 'X-OpenStack-Manila-API-Version', 'x-openstack-request-id': 'req-bf82db06-4071-4f7c-abfa-3c25dad30a66', 'connection': 'close', 'status': '200', 'content-location': 'http://10.132.46.216/share/v2/shares/9682132c-3032-4592-89a1-44c54d501941'}
        Body: b'{"share": {"id": "9682132c-3032-4592-89a1-44c54d501941", "size": 1, "availability_zone": null, "created_at": "2026-07-27T09:46:11.063358", "status": "error", "name": "tempest-tempest-created-share-1037233387", "description": "Tempest\'s share", "project_id": "0ffb9a5bd72d4026847213f889dd402d", "snapshot_id": null, "share_network_id": null, "share_proto": "NFS", "metadata": {}, "share_type": "282e40f6-df25-4371-98a1-ec88cbdc8cee", "volume_type": "tempest-typeshare-type-2020491563", "links": [{"rel": "self", "href": "http://10.132.46.216/share/v2/shares/9682132c-3032-4592-89a1-44c54d501941"}, {"rel": "bookmark", "href": "http://10.132.46.216/share/shares/9682132c-3032-45
    92-89a1-44c54d501941"}], "is_public": false, "snapshot_support": true, "task_state": null, "share_type_name": "tempest-typeshare-type-2020491563", "access_rules_status": "active", "replication_type": null, "has_replicas": false, "user_id": "4b75e4fddc594b36be26099641d8d1e8", "create_share_from_snapshot_support": false, "revert_to_snapshot_support": false, "share_group_id": null, "source_share_group_snapshot_member_id": null, "mount_snapshot_support": false, "progress": null, "is_soft_deleted": false, "scheduled_to_be_deleted_at": null, "source_backup_id": null, "encryption_key_ref": null}}'
2026-07-27 09:46:14,349 243659 INFO     [tempest.lib.common.rest_client] Request (SharesNFSTest:_run_cleanups): 200 GET http://10.132.46.216/share/v2/share-replicas/detail?share_id=9682132c-3032-4592-89a1-44c54d501941 0.022s
2026-07-27 09:46:14,350 243659 DEBUG    [tempest.lib.common.rest_client] Request - Headers: {'Content-Type': 'application/json', 'Accept': 'application/json', 'x-openstack-manila-api-version': '2.96', 'X-Auth-Token': '<omitted>'}
        Body: None
    Response - Headers: {'date': 'Mon, 27 Jul 2026 09:46:14 GMT', 'server': 'Apache/2.4.58 (Ubuntu)', 'content-type': 'application/json', 'content-length': '22', 'x-compute-request-id': 'req-10e863c6-d677-4a2e-a169-c12bfa5636ec', 'x-openstack-manila-api-version': '2.96', 'vary': 'X-OpenStack-Manila-API-Version', 'x-openstack-request-id': 'req-10e863c6-d677-4a2e-a169-c12bfa5636ec', 'connection': 'close', 'status': '200', 'content-location': 'http://10.132.46.216/share/v2/share-replicas/detail?share_id=9682132c-3032-4592-89a1-44c54d501941'}
        Body: b'{"share_replicas": []}'
2026-07-27 09:46:14,869 243659 INFO     [tempest.lib.common.rest_client] Request (SharesNFSTest:_run_cleanups): 202 DELETE http://10.132.46.216/share/v2/shares/9682132c-3032-4592-89a1-44c54d501941 0.518s
2026-07-27 09:46:14,869 243659 DEBUG    [tempest.lib.common.rest_client] Request - Headers: {'Content-Type': 'application/json', 'Accept': 'application/json', 'x-openstack-manila-api-version': '2.96', 'X-Auth-Token': '<omitted>'}
        Body: None
    Response - Headers: {'date': 'Mon, 27 Jul 2026 09:46:14 GMT', 'server': 'Apache/2.4.58 (Ubuntu)', 'content-length': '0', 'content-type': 'text/html; charset=UTF-8', 'x-compute-request-id': 'req-993ee0c5-917a-4066-b379-c0f9ca9327e9', 'x-openstack-manila-api-version': '2.96', 'vary': 'X-OpenStack-Manila-API-Version', 'x-openstack-request-id': 'req-993ee0c5-917a-4066-b379-c0f9ca9327e9', 'connection': 'close', 'status': '202', 'content-location': 'http://10.132.46.216/share/v2/shares/9682132c-3032-4592-89a1-44c54d501941'}
        Body: b''
2026-07-27 09:46:14,885 243659 INFO     [tempest.lib.common.rest_client] Request (SharesNFSTest:_run_cleanups): 404 GET http://10.132.46.216/share/v2/shares/9682132c-3032-4592-89a1-44c54d501941 0.016s
2026-07-27 09:46:14,886 243659 DEBUG    [tempest.lib.common.rest_client] Request - Headers: {'Content-Type': 'application/json', 'Accept': 'application/json', 'x-openstack-manila-api-version': '2.96', 'X-Auth-Token': '<omitted>'}
        Body: None
    Response - Headers: {'date': 'Mon, 27 Jul 2026 09:46:14 GMT', 'server': 'Apache/2.4.58 (Ubuntu)', 'x-openstack-manila-api-version': '2.96', 'vary': 'X-OpenStack-Manila-API-Version', 'content-length': '78', 'content-type': 'application/json', 'x-compute-request-id': 'req-e194638b-fae4-47fc-85e1-a4a1dc353e61', 'x-openstack-request-id': 'req-e194638b-fae4-47fc-85e1-a4a1dc353e61', 'connection': 'close', 'status': '404', 'content-location': 'http://10.132.46.216/share/v2/shares/9682132c-3032-4592-89a1-44c54d501941'}
        Body: b'{"itemNotFound": {"code": 404, "message": "The resource could not be found."}}'
2026-07-27 09:46:14,902 243659 INFO     [tempest.lib.common.rest_client] Request (SharesNFSTest:_run_cleanups): 200 GET http://10.132.46.216/share/v2/shares?share_type_id=282e40f6-df25-4371-98a1-ec88cbdc8cee 0.015s
2026-07-27 09:46:14,902 243659 DEBUG    [tempest.lib.common.rest_client] Request - Headers: {'Content-Type': 'application/json', 'Accept': 'application/json',
     'x-openstack-manila-api-version': '2.96', 'X-Auth-Token': '<omitted>'}
        Body: None
    Response - Headers: {'date': 'Mon, 27 Jul 2026 09:46:14 GMT', 'server': 'Apache/2.4.58 (Ubuntu)', 'content-type': 'application/json', 'content-length': '14', 'x-compute-request-id': 'req-a908bbea-74ee-4d7a-847a-be61ae3203f1', 'x-openstack-manila-api-version': '2.96', 'vary': 'X-OpenStack-Manila-API-Version', 'x-openstack-request-id': 'req-a908bbea-74ee-4d7a-847a-be61ae3203f1', 'connection': 'close', 'status': '200', 'content-location': 'http://10.132.46.216/share/v2/shares?share_type_id=282e40f6-df25-4371-98a1-ec88cbdc8cee'}
        Body: b'{"shares": []}'
2026-07-27 09:46:14,948 243659 INFO     [tempest.lib.common.rest_client] Request (SharesNFSTest:_run_cleanups): 202 DELETE http://10.132.46.216/share/v2/types/282e40f6-df25-4371-98a1-ec88cbdc8cee 0.045s
2026-07-27 09:46:14,948 243659 DEBUG    [tempest.lib.common.rest_client] Request - Headers: {'Content-Type': 'application/json', 'Accept': 'application/json', 'x-openstack-manila-api-version': '2.96', 'X-Auth-Token': '<omitted>'}
        Body: None
    Response - Headers: {'date': 'Mon, 27 Jul 2026 09:46:14 GMT', 'server': 'Apache/2.4.58 (Ubuntu)', 'content-length': '0', 'content-type': 'text/html; charset=UTF-8', 'x-compute-request-id': 'req-a3c2f09d-1164-454a-9675-de6a74cfb988', 'x-openstack-manila-api-version': '2.96', 'vary': 'X-OpenStack-Manila-API-Version', 'x-openstack-request-id': 'req-a3c2f09d-1164-454a-9675-de6a74cfb988', 'connection': 'close', 'status': '202', 'content-location': 'http://10.132.46.216/share/v2/types/282e40f6-df25-4371-98a1-ec88cbdc8cee'}
        Body: b''
2026-07-27 09:46:14,960 243659 INFO     [tempest.lib.common.rest_client] Request (SharesNFSTest:_run_cleanups): 404 GET http://10.132.46.216/share/v2/types/282e40f6-df25-4371-98a1-ec88cbdc8cee 0.011s
2026-07-27 09:46:14,961 243659 DEBUG    [tempest.lib.common.rest_client] Request - Headers: {'Content-Type': 'application/json', 'Accept': 'application/json', 'x-openstack-manila-api-version': '2.96', 'X-Auth-Token': '<omitted>'}
        Body: None
    Response - Headers: {'date': 'Mon, 27 Jul 2026 09:46:14 GMT', 'server': 'Apache/2.4.58 (Ubuntu)', 'x-openstack-manila-api-version': '2.96', 'vary': 'X-OpenStack-Manila-API-Version', 'content-length': '67', 'content-type': 'application/json', 'x-compute-request-id': 'req-3bf67470-a54b-4d82-8f19-b349e3742ba6', 'x-openstack-request-id': 'req-3bf67470-a54b-4d82-8f19-b349e3742ba6', 'connection': 'close', 'status': '404', 'content-location': 'http://10.132.46.216/share/v2/types/282e40f6-df25-4371-98a1-ec88cbdc8cee'}
        Body: b'{"itemNotFound": {"code": 404, "message": "Share type not found."}}'



======
Totals
======
Ran: 725 tests in 2107.8290 sec.
 - Passed: 572
 - Skipped: 127
 - Expected Fail: 0
 - Unexpected Success: 0
 - Failed: 26
Sum of execute time for each test: 4020.3643 sec.

==============
Worker Balance
==============
 - Worker 0 (181 tests) => 0:17:36.553171
 - Worker 1 (160 tests) => 0:34:53.982230
 - Worker 2 (193 tests) => 0:32:12.062692
 - Worker 3 (191 tests) => 0:10:34.861004
