"pcp-dstat 6.2.0 CSV Output"
"Author:","PCP team <pcp@groups.io> and Dag Wieers <dag@wieers.com>",,,,"URL:","https://pcp.io/ and http://dag.wieers.com/home-made/dstat/"
"Host:","ubuntu",,,,"User:","ubuntu"
"Cmdline:","dstat -tcmndrylpg --tcp --output /tmp/devstack_logs/dstat-csv.log",,,,"Date:","14 Jul 2026 04:04:41 UTC"
"system","total usage",,,,,"memory usage",,,,"net/total",,"dsk/total",,"io/total",,"system",,"load avg",,,"procs",,,"paging",,"tcp sockets",,,,
"time","total usage:usr","total usage:sys","total usage:idl","total usage:wai","total usage:stl","used","free","buf","cach","net/total:recv","net/total:send","dsk/total:read","dsk/total:writ","read","writ","int","csw","1m","5m","15m","run","blk","new","in","out","lis","act","syn","tim","clo"
14-07 04:04:41,,963580,636488,218872,5887148,,,,,,,1.060,0.990,0.720,2,0,,,,19,3,0,7,0
14-07 04:04:42,8.737,21.467,68.146,0,0,959088,640932,218872,5887176,10717.671,4956.448,0,1369.913,0,205.687,5720,3984,0.980,0.980,0.720,2,0,336.487,0,0,19,2,0,7,0
14-07 04:04:43,8.490,21.224,69.165,0,0,951704,648284,218872,5887208,9787.951,1618.008,0,15.980,0,3.995,5244,3516,0.980,0.980,0.720,3,0,312.615,0,0,19,2,0,7,0
14-07 04:04:44,15.262,17.264,66.054,0,0,957948,641888,218872,5887812,11268.138,1621.315,0,16.013,0,4.003,5338,4871,0.980,0.980,0.720,1,0,230.187,0,0,19,2,0,7,0
14-07 04:04:45,20.789,21.541,57.108,0,0,963624,636200,218872,5891396,10583.989,1623.065,0,16.030,0,4.008,5981,14613,0.980,0.980,0.720,2,0,271.513,0,0,19,2,0,8,0
14-07 04:04:46,16.947,10.716,70.528,0,0,1079772,519704,218872,6012540,22791.111,1614.906,0,31.899,0,1.994,4611,5470,0.980,0.980,0.720,0,0,79.748,0,0,20,2,0,8,0
14-07 04:04:47,2.759,4.766,91.815,0,0,1090808,508652,218876,6012552,15075.741,2171.453,0,104.358,0,3.010,1714,1629,0.900,0.960,0.720,1,0,65.224,0,0,20,4,0,8,0
14-07 04:04:48,19.435,6.478,72.755,0,0,1096080,503364,218876,6012568,14705.441,1453.103,0,27.906,0,6.976,2622,1687,0.900,0.960,0.720,1,0,40.862,0,0,20,4,0,7,0
14-07 04:04:49,14.044,13.292,71.473,0.251,0.502,1111896,487492,218880,6012620,10957.253,1625.080,0,236.740,0,17.053,4141,2995,0.900,0.960,0.720,1,0,175.549,0,0,20,4,0,9,0
14-07 04:04:50,22.424,3.986,73.001,0,0,1156336,442636,218880,6013008,10326.847,1614.504,0,741.476,0,21.925,2000,1576,0.900,0.960,0.720,1,0,0,0,0,20,4,0,9,0
14-07 04:04:51,22.508,3.251,73.025,0,0,1189052,408868,218880,6013884,10499.549,1620.548,0,28.009,0,2.001,1768,1224,0.900,0.960,0.720,1,0,0,0,0,20,4,0,9,0
14-07 04:04:52,24.791,9.265,60.851,3.506,0,1211748,382664,219128,6017084,72157.863,2006251.619,0,11414.962,0,833.384,7752,9961,0.990,0.980,0.720,1,0,117.195,0,0,20,7,0,9,0
14-07 04:04:53,21.247,12.498,54.492,9.749,0,1213908,373408,219680,6023400,28717.935,19764.202,0,33267.291,0,3097.562,15403,27122,0.990,0.980,0.720,4,1,218.969,0,0,20,7,0,9,0
14-07 04:04:54,19.500,10.750,64.999,2.750,0,1164996,421756,219860,6023764,14265.846,7811.916,0,29583.681,0,1861.980,8423,13498,0.990,0.980,0.720,1,0,136.999,0,0,20,4,0,9,0
14-07 04:04:55,22.460,2.995,73.370,0,0,1213384,373368,219860,6023764,15671.140,1617.125,0,638.864,0,34.938,1854,1310,0.990,0.980,0.720,1,0,0,0,0,20,4,0,9,0
14-07 04:04:56,23.248,2.750,72.993,0.250,0,1240272,346472,219868,6023764,14398.712,1619.855,0,611.945,0,26.998,1809,1244,0.990,0.980,0.720,1,0,0,0,0,20,4,0,9,0
14-07 04:04:57,23.243,2.749,71.980,0.750,0,1206504,380184,219896,6023776,13388.218,1457.588,0,6618.130,0,371.895,2698,2809,0.990,0.980,0.720,1,0,9.997,0,0,20,4,0,9,0
14-07 04:04:58,23.269,3.253,73.059,0,0,1201632,385056,219896,6023776,30801.885,1621.310,0,3306.671,0,364.294,1944,1253,0.990,0.980,0.720,1,0,0,0,0,20,4,0,9,0
14-07 04:04:59,23.489,2.499,73.216,0,0,1225000,361688,219896,6023776,8944.875,1619.253,0,3.998,0,1.000,1711,1070,0.990,0.980,0.720,1,0,0,0,0,20,4,0,9,0
14-07 04:05:00,19.754,6.001,73.015,0,0,1188568,398104,219896,6023792,10194.073,1620.330,0,0,0,0,2455,1470,0.990,0.980,0.720,1,0,58.012,0,0,20,4,0,9,0
14-07 04:05:01,10.285,19.316,69.236,0,0,1181208,405432,219896,6023820,10412.461,1625.536,0,16.055,0,4.014,5244,3490,0.990,0.980,0.720,1,0,285.974,0,0,20,4,0,9,0
14-07 04:05:02,10.245,20.239,67.464,0,0,1173584,413032,219896,6023844,12709.311,1619.148,0,27.985,0,6.996,5385,3645,0.990,0.980,0.730,1,0,289.847,0,0,20,4,0,9,0
14-07 04:05:03,21.001,15.751,62.754,0,0,1160760,425676,219896,6024436,10393.667,1620.104,0,144.009,0,6.000,6119,7449,0.990,0.980,0.730,1,0,183.012,0,0,20,4,0,9,0
14-07 04:05:04,50.236,14.746,33.990,0.500,0,1243092,343300,219904,6024488,17308.004,5901.297,0,479.861,0,32.990,4582,3522,0.990,0.980,0.730,3,0,175.949,0,0,20,6,0,9,0
14-07 04:05:05,47.531,12.508,36.023,0,0,1310712,275676,219904,6024488,77704.147,2037994.240,0,128.083,0,6.004,5228,3519,0.990,0.980,0.730,2,0,123.079,0,0,20,6,0,9,0
14-07 04:05:06,54.211,10.243,34.475,0,0,1321788,264132,219904,6024936,34965.038,17427.558,0,303.783,0,5.996,4733,3381,0.990,0.980,0.730,2,0,153.890,0,0,20,6,0,9,0
14-07 04:05:07,41.643,9.476,47.877,0,0,1331600,254092,219904,6025068,14639.293,4111.410,0,0,0,0,2969,1673,1.070,1,0.730,2,0,1.995,0,0,20,5,0,9,0
14-07 04:05:08,37.576,9.770,50.603,0,0,1354356,228676,219904,6027380,11247.842,1623.297,0,480.977,0,37.075,4388,4244,1.070,1,0.730,1,0,60.122,0,0,20,4,0,9,0
14-07 04:05:09,2.744,4.739,91.540,0,0,1349784,233232,219904,6027392,27705.570,1616.300,0,4465.776,0,260.404,1820,1513,1.070,1,0.730,0,0,57.868,0,0,20,4,0,9,0
14-07 04:05:10,19.258,6.753,72.779,0,0,1387980,195040,219908,6027392,10777.297,1620.646,0,912.364,0,2.001,2120,1564,1.070,1,0.730,1,0,22.009,0,0,20,4,0,9,0
14-07 04:05:11,21.745,2.999,73.232,0,0,1427292,155716,219908,6027392,11992.014,1619.597,0,3.999,0,1.000,1830,1291,1.070,1,0.730,1,0,0,0,0,20,4,0,9,0
14-07 04:05:12,25.228,1.249,73.186,0,0,1430640,152368,219908,6027392,9537.699,1618.591,0,0,0,0,1735,1093,1.060,1,0.740,1,0,0.999,0,0,20,4,0,9,0
14-07 04:05:13,23.006,3.251,70.767,1.000,0,1436324,220656,217596,5957004,15087.668,1620.394,0,1812.441,0,201.049,3714,4910,1.060,1,0.740,1,0,1.000,0,0,20,10,0,9,0
14-07 04:05:14,20.765,5.754,72.053,0.250,0.250,1360216,296728,217628,5957008,15076.124,1621.196,0,2557.887,0,156.115,2665,2316,1.060,1,0.740,1,0,42.031,0,0,20,4,0,11,0
14-07 04:05:15,24.493,2.749,72.479,0,0,1391964,264980,217628,5957008,14984.712,1619.537,0,0,0,0,1826,1025,1.060,1,0.740,2,0,5.998,0,0,20,4,0,11,0
14-07 04:05:16,23.302,2.255,73.165,1.002,0,1409316,247380,217636,5957252,13736.900,1461.287,4.009,1310.949,1.002,25.056,2194,1781,1.060,1,0.740,2,0,1.002,0,0,20,13,0,11,0
14-07 04:05:17,17.958,5.487,61.358,13.469,0,1407344,248888,217692,5957532,71785.623,2045553.038,303.297,738.289,72.831,21.949,4224,3058,1.060,1,0.740,1,1,53.875,0,0,20,17,0,11,0
14-07 04:05:18,24.144,9.956,57.248,6.223,0,1412448,243480,217704,5957792,28298.599,17689.238,250.897,1083.238,62.724,4.978,4632,4250,1.060,1,0.740,2,0,159.300,0,0,20,29,0,12,0
14-07 04:05:19,26.454,10.329,63.488,0,0,1424796,230996,217704,5957928,19410.320,13946.286,0,4534.886,0,399.070,3959,3218,1.060,1,0.740,2,0,147.132,0,0,20,28,0,12,0
14-07 04:05:20,22.181,3.489,73.024,0,0,1471620,184168,217704,5957932,25415.405,1615.006,0,1132.498,0,0.997,1899,1187,1.060,1,0.740,2,0,0,0,0,20,28,0,12,0
14-07 04:05:21,20.814,9.028,68.712,0,0,1430288,225480,217704,5957952,9627.707,1625.014,0,12.037,0,3.009,3362,2473,1.060,1,0.740,3,0,154.477,0,0,20,28,0,13,0
14-07 04:05:22,42.979,7.996,48.727,0,0,1485724,170040,217704,5957956,16240.188,1619.221,0,0,0,0,2910,1399,1.130,1.010,0.740,2,0,2.999,0,0,20,28,0,13,0
14-07 04:05:23,46.007,5.501,48.257,0,0,1506312,149444,217704,5957964,19266.746,1620.231,0,276.039,0,12.002,3637,2597,1.130,1.010,0.740,2,0,0,0,0,20,28,0,13,0
14-07 04:05:24,44.258,7.001,47.009,0.250,0,1381656,273860,217704,5958184,14808.683,1620.294,0,2056.373,0,61.011,6442,7690,1.130,1.010,0.740,5,0,72.013,0,0,20,28,0,14,0
14-07 04:05:25,68.464,28.485,2.249,0,0,1506688,148788,217704,5958224,9791.883,1457.238,0,259.864,0,17.991,5544,4300,1.130,1.010,0.740,6,0,505.736,0,0,20,28,0,14,0
14-07 04:05:26,85.828,13.473,0,0,0,1698024,143368,212288,5779668,11525.888,1616.758,0,143.712,0,7.984,4873,2364,1.130,1.010,0.740,6,0,0,0,0,20,28,0,14,0
14-07 04:05:27,88.574,10.759,1.001,0,0,1830888,191412,211328,5603596,11734.786,1621.352,24.020,444.371,2.002,30.025,5433,3327,1.520,1.100,0.770,6,0,0,0,0,20,29,0,14,0
14-07 04:05:28,89.598,8.985,1.248,0.250,0,1868028,154196,211328,5603684,9815.323,1617.252,19.966,183.688,0.998,21.963,7254,10317,1.520,1.100,0.770,6,0,0,0,0,20,30,0,16,0
14-07 04:05:29,76.229,15.547,8.275,0,0.251,1622716,397212,211332,5606000,20500.538,196809.777,2274.829,569.710,26.078,68.205,7414,8290,1.520,1.100,0.770,1,0,306.921,0,0,20,29,0,16,0
14-07 04:05:30,22.949,11.973,59.118,3.991,0,1572972,445056,211340,5607884,76628.863,1875292.854,1879.802,3891.309,49.889,213.523,5793,4808,1.520,1.100,0.770,1,0,162.637,0,0,20,29,0,16,0
14-07 04:05:31,30.595,10.784,56.426,1.254,0,1513772,504212,211348,5607928,31309.577,18523.730,28.088,148.463,4.013,9.028,4693,4283,1.520,1.100,0.770,1,0,156.488,0,0,20,28,0,16,0
14-07 04:05:32,23.672,3.239,72.262,0.249,0,1468644,549324,211352,5607932,14901.913,1614.681,0,861.163,0,46.846,3060,2925,1.480,1.100,0.770,1,0,13.954,0,0,20,28,0,16,0
14-07 04:05:33,20.009,6.253,72.784,0,0,1504364,513604,211352,5607932,26647.384,1620.753,0,0,0,0,2416,1643,1.480,1.100,0.770,1,0,55.026,0,0,20,28,0,13,0
14-07 04:05:34,23.729,2.498,72.935,0,0,1527672,490292,211352,5607936,9363.716,1618.568,0,7.993,0,0.999,1959,1437,1.480,1.100,0.770,4,0,0,0,0,20,28,0,14,0
14-07 04:05:35,21.321,5.017,71.988,0.251,0,1488940,528992,211360,5607960,8864.336,1462.841,0,409.355,0,35.116,3356,3253,1.480,1.100,0.770,1,0,49.163,0,0,20,28,0,14,0
14-07 04:05:36,8.750,21.749,68.247,0,0,1469724,548204,211360,5607964,9067.630,1619.934,0,175.993,0,8.000,5665,3911,1.480,1.100,0.770,1,0,422.983,0,0,20,28,0,14,0
14-07 04:05:37,48.024,31.015,20.760,0,0,1478776,539104,211364,5608008,10892.401,1620.804,0,236.117,0,21.010,5912,4509,1.600,1.130,0.790,5,0,566.281,0,0,20,28,0,11,0
14-07 04:05:38,88.492,11.716,0,0,0,1644300,373576,211368,5608008,11246.200,1615.289,0,626.174,0,39.884,5021,2383,1.600,1.130,0.790,5,0,0,0,0,20,28,0,11,0
14-07 04:05:39,89.867,9.262,1.001,0,0,1761772,255964,211368,5608148,14973.455,1622.108,0,3352.356,0,352.458,5900,4198,1.600,1.130,0.790,5,0,0,0,0,20,29,0,11,0
14-07 04:05:40,87.889,7.261,3.506,0.250,0,1767696,249928,211372,5608256,14859.458,1622.561,0,464.734,0,44.070,7661,11898,1.600,1.130,0.790,6,0,0,0,0,20,29,0,14,0
14-07 04:05:41,81.135,18.224,0.749,0,0,1715920,301540,211372,5608420,10988.455,1757.514,0,435.384,0,40.942,6563,6856,1.600,1.130,0.790,8,0,260.631,0,0,20,29,0,14,0
14-07 04:05:42,83.065,17.013,0,0,0,1731776,285676,211372,5608436,76231.262,2092255.524,0,212.165,0,10.008,6647,4531,1.960,1.210,0.810,7,0,156.121,0,0,20,29,0,14,0
14-07 04:05:43,84.807,14.760,0,0,0,1770608,246820,211372,5608440,28306.142,19215.995,0,176.119,0,17.012,6301,5552,1.960,1.210,0.810,6,0,159.108,0,0,20,30,0,14,0
14-07 04:05:44,88.389,10.955,0.498,0,0,1871380,146000,211380,5608476,25346.477,6027.382,3.984,1258.858,0.996,46.809,6463,6434,1.960,1.210,0.810,8,0,49.797,0,0,20,30,0,14,0
14-07 04:05:45,88.700,9.020,1.754,0,0,1789944,227232,211380,5608680,10778.347,1623.668,0,3544.006,0,432.978,7229,10840,1.960,1.210,0.810,5,0,50.113,0,0,20,30,0,16,0
14-07 04:05:46,76.081,14.265,8.759,0.501,0,1652528,364624,211396,5608744,9869.510,1621.727,16.017,276.294,1.001,26.028,7051,17873,1.960,1.210,0.810,4,0,229.244,0,0,20,28,0,20,0
14-07 04:05:47,43.708,8.242,46.955,0,0,1644148,372996,211396,5608752,15892.905,1618.463,0,155.852,0,9.991,3168,1821,1.960,1.220,0.820,2,0,54.948,0,0,20,28,0,20,0
14-07 04:05:48,45.361,4.985,48.850,0,0,1672976,344156,211396,5608764,12708.040,1615.049,0,123.621,0,11.963,3033,1978,1.960,1.220,0.820,4,0,0,0,0,20,29,0,20,0
14-07 04:05:49,43.150,9.533,46.913,0.251,0,1556024,460904,211396,5608968,9979.740,1625.659,0,349.216,0,28.098,5559,6237,1.960,1.220,0.820,2,0,115.402,0,0,20,28,0,18,0
14-07 04:05:50,50.414,20.216,28.452,0,0,1611908,404996,211396,5608992,15376.842,1617.249,0,455.226,0,15.973,4834,3024,1.960,1.220,0.820,3,0,262.553,0,0,20,28,0,18,0
14-07 04:05:51,68.990,7.249,23.996,0,0,1684356,332544,211396,5608996,10437.462,1619.761,0,171.975,0,8.999,3896,1800,1.960,1.220,0.820,3,0,0,0,0,20,28,0,18,0
14-07 04:05:52,62.937,5.767,29.839,0,0,1677540,339296,211404,5609052,9666.795,1624.840,0,798.378,0,53.158,6899,9005,2.040,1.250,0.830,3,0,1.003,0,0,20,29,0,19,0
14-07 04:05:53,69.255,20.501,9.501,0,0,1559080,457716,211408,5609088,9947.681,1620.111,0,240.016,0,27.002,5630,4217,2.040,1.250,0.830,4,0,258.018,0,0,20,28,0,19,0
14-07 04:05:54,88.752,11.250,0.250,0,0,1658828,357964,211408,5609100,69796.559,2095816.823,0,148.003,0,7.000,6215,2845,2.040,1.250,0.830,5,0,60.001,0,0,20,29,0,19,0
14-07 04:05:55,83.513,14.210,1.496,0,0,1713612,302900,211408,5609376,37553.485,17716.749,0,514.541,0,30.912,6466,7338,2.040,1.250,0.830,4,0,151.570,0,0,20,31,0,21,0
14-07 04:05:56,70.699,12.285,15.794,0,0,1630324,386104,211408,5609456,23191.195,13878.014,0,264.744,0,33.093,8842,12065,2.040,1.250,0.830,4,0,185.522,0,0,20,28,0,22,0
14-07 04:05:57,62.216,18.490,18.990,0,0,1548496,467908,211408,5609480,13531.632,1619.118,0,215.882,0,13.992,4357,2492,2.120,1.280,0.840,3,0,241.868,0,0,20,28,0,22,0
14-07 04:05:58,68.220,6.997,24.489,0,0,1661432,354960,211408,5609492,19038.517,1619.278,0,139.938,0,5.997,4347,2525,2.120,1.280,0.840,3,0,0,0,0,20,29,0,22,0
14-07 04:05:59,63.270,6.752,29.259,0.250,0,1661176,355008,211420,5609688,15900.124,1620.522,0,5049.627,0,449.145,7995,9678,2.120,1.280,0.840,3,0,0,0,0,20,28,0,23,0
14-07 04:06:00,57.790,20.514,21.014,0,0,1557320,458844,211424,5609704,9624.613,2142.472,0,212.146,0,16.011,4713,3011,2.120,1.280,0.840,3,0,299.206,0,0,20,28,0,23,0
14-07 04:06:01,68.303,6.731,24.430,0,0,1617800,398364,211424,5609704,9774.865,1615.350,0,187.460,0,9.971,3726,1206,2.120,1.280,0.840,3,0,0,0,0,20,28,0,23,0
14-07 04:06:02,62.794,7.255,29.270,0.250,0,1634004,381996,211424,5609868,11172.795,1621.131,0,812.567,0,57.040,6063,6511,2.190,1.310,0.860,5,0,1.001,0,0,20,30,0,23,1
14-07 04:06:03,62.760,19.253,17.003,0,0.250,1524424,491448,211424,5609996,10574.702,1620.261,0,188.030,0,17.003,6489,6192,2.190,1.310,0.860,4,0,287.046,0,0,20,28,0,23,0
14-07 04:06:04,67.591,7.510,24.033,0,0,1600380,415492,211424,5609996,13365.081,1459.975,0,188.255,0,7.009,3676,1298,2.190,1.310,0.860,3,0,0,0,0,20,28,0,23,0
14-07 04:06:05,67.044,6.504,26.017,0,0,1651252,364608,211424,5610008,18943.532,1621.072,0,140.093,0,7.005,4392,2547,2.190,1.310,0.860,4,0,0,0,0,20,28,0,23,0
14-07 04:06:06,64.750,9.500,24.750,0,0,1461972,553552,211436,5610332,20021.127,5997.038,4.000,748.005,1.000,60.000,8172,9387,2.190,1.310,0.860,4,0,105.001,0,0,20,29,0,23,0
14-07 04:06:07,74.745,14.999,8.999,0.500,0,1550808,464688,211436,5610356,70804.455,2105143.875,15.999,135.991,1.000,8.999,5859,3010,2.340,1.350,0.870,3,0,117.992,0,0,20,29,0,23,0
14-07 04:06:08,71.756,13.001,14.501,0,0,1628440,387048,211436,5610372,46343.935,19840.685,0,132.011,0,8.001,5630,5221,2.340,1.350,0.870,4,0,158.013,0,0,20,29,0,23,0
14-07 04:06:09,69.747,13.249,15.999,0.500,0,1610104,405328,211436,5610424,16348.334,11056.549,0,675.972,0,58.998,8191,10160,2.340,1.350,0.870,4,0,223.991,0,0,20,28,0,25,0
14-07 04:06:10,74.996,25.999,0,0,0,1607064,408312,211436,5610480,9307.465,1619.907,0,359.979,0,23.999,5448,4075,2.340,1.350,0.870,7,0,409.976,0,0,20,28,0,25,0
14-07 04:06:11,81.252,17.750,0,0,0,1691012,324340,211436,5610504,14206.336,1620.038,0,176.004,0,8.000,5360,3823,2.340,1.350,0.870,9,0,267.006,0,0,20,28,0,25,0
14-07 04:06:12,83.993,16.499,0,0,0,1798724,216596,211444,5610528,15020.808,1619.871,0,547.957,0,35.997,5851,5040,2.790,1.460,0.910,7,0,261.979,0,0,20,28,0,25,0
14-07 04:06:13,84.874,14.187,0,0,0,1859232,155904,211444,5610712,10999.226,1612.848,0,422.128,0,29.868,6868,7135,2.790,1.460,0.910,8,0,231.971,0,0,20,30,0,26,0
14-07 04:06:14,81.929,17.288,0.752,0,0,1736728,278340,211444,5610780,18152.582,1461.186,0,152.332,0,15.033,6913,6727,2.790,1.460,0.910,6,0,260.568,0,0,20,30,0,24,0
14-07 04:06:15,82.112,18.025,0.250,0,0,1515148,499692,211448,5611004,23392.844,1622.208,16.022,1189.619,1.001,37.050,6533,5715,2.790,1.460,0.910,5,0,253.345,0,0,20,28,0,24,0
14-07 04:06:16,87.873,11.733,0.250,0,0,1668200,346628,211452,5611012,13768.108,1617.663,0,199.711,0,9.986,5119,2700,2.790,1.460,0.910,7,0,6.990,0,0,20,29,0,24,0
14-07 04:06:17,90.077,8.733,1.248,0,0,1776356,238436,211452,5611048,9706.381,1616.898,0,550.943,0,40.922,5701,5923,2.970,1.520,0.930,6,0,0.998,0,0,20,32,0,24,0
14-07 04:06:18,81.809,10.791,6.525,0,0,1632304,382296,211452,5611240,9425.653,1626.151,0,96.365,0,8.030,6718,8554,2.970,1.520,0.930,3,0,105.399,0,0,20,35,0,28,0
14-07 04:06:19,54.748,20.499,24.499,0,0,1442580,571968,211452,5611300,82198.328,2164105.647,0,135.996,0,8.000,8443,9060,2.970,1.520,0.930,2,0,415.986,0,0,20,33,0,28,0
14-07 04:06:20,20.479,33.966,44.205,0,0,1436376,578136,211452,5611328,31909.819,20528.297,0,4183.781,0,425.571,7683,6978,2.970,1.520,0.930,4,0,759.234,0,0,20,33,0,28,0
14-07 04:06:21,61.597,34.054,3.506,0.250,0,1514996,499472,211464,5611360,23962.715,13926.919,12.019,36.057,3.005,9.014,6306,5915,2.970,1.520,0.930,6,0,667.050,0,0,20,32,0,28,0
14-07 04:06:22,79.494,20.249,0,0,0,1669160,345280,211464,5611388,13214.076,1619.887,4.000,11.999,1.000,3.000,5792,4434,3.290,1.610,0.970,6,0,325.977,0,0,20,32,0,26,0
14-07 04:06:23,89.247,10.500,0.250,0,0,1779756,234660,211464,5611412,13698.577,1619.950,0,8.000,0,2.000,5863,4439,3.290,1.610,0.970,6,0,88.997,0,0,20,33,0,27,0
14-07 04:06:24,89.263,9.251,1.500,0,0,1745024,269216,211464,5611588,8436.196,1458.207,4.001,388.055,1.000,30.004,7547,8517,3.290,1.610,0.970,8,0,36.005,0,0,20,33,0,28,0
14-07 04:06:25,82.242,17.248,0.500,0,0,1650276,363864,211464,5611688,18793.251,1619.849,0,639.940,0,49.995,7457,8657,3.290,1.610,0.970,6,0,181.983,0,0,20,32,0,28,0
14-07 04:06:26,85.257,14.751,0,0,0,1664928,349200,211464,5611700,28537.455,4691.404,0,388.033,0,16.001,5182,2930,3.290,1.610,0.970,6,0,150.013,0,0,20,33,0,27,0
14-07 04:06:27,90.593,9.733,0,0,0,1788368,221228,211620,5615692,12469.444,1617.204,79.862,243.579,3.993,9.983,5220,3122,3.510,1.690,0.990,7,0,0.998,0,0,20,33,0,27,0
14-07 04:06:28,88.146,10.267,1.252,0,0,1837368,169304,211832,5617896,10604.570,1796.977,0,1778.947,0,72.119,7172,6944,3.510,1.690,0.990,5,0,1.002,0,0,20,35,0,28,0
14-07 04:06:29,89.051,9.479,0.499,0,0,1854512,151588,211876,5618296,11995.199,1616.388,0,3.991,0,0.998,7603,15283,3.510,1.690,0.990,6,0,5.987,0,0,20,36,0,28,0
14-07 04:06:30,87.279,11.754,1.000,0.250,0,1799188,205160,211924,5619884,22046.214,1620.530,0,1960.642,0,38.012,11722,23710,3.510,1.690,0.990,7,0,37.012,0,0,20,34,0,27,0
14-07 04:06:31,85.670,13.777,0.501,0,0,1610304,393868,211984,5619980,16026.750,74073.746,0,2384.724,0,139.276,6988,8034,3.510,1.690,0.990,6,0,134.266,0,0,20,33,0,27,0
14-07 04:06:32,80.095,19.462,0,0,0,1644156,359968,211992,5620032,88414.001,2118669.337,0,163.683,0,5.988,12512,15781,3.790,1.780,1.030,7,0,196.620,0,0,20,33,0,27,0
14-07 04:06:33,85.408,15.028,0,0,0,1767520,236224,212036,5620308,39057.296,20550.038,0,641.187,0,9.017,6572,5680,3.790,1.780,1.030,6,0,163.302,0,0,20,33,0,27,0
14-07 04:06:34,89.959,9.496,0.750,0,0,1811124,192892,212036,5620036,13277.967,1589.278,0,327.851,0,15.993,6173,5581,3.790,1.780,1.030,6,0,0,0,0,20,33,0,26,0
14-07 04:06:35,82.161,15.733,1.249,0,0,1835552,218316,212056,5577876,10289.883,1618.252,15.983,2525.272,3.996,28.969,6471,10261,3.790,1.780,1.030,6,0,109.881,0,0,20,35,0,26,0
14-07 04:06:36,83.608,12.229,2.496,1.747,0,1870460,182656,212088,5578608,15245.079,1617.250,143.756,1689.128,21.963,8.985,7042,12893,3.790,1.780,1.030,4,0,70.879,0,0,20,36,0,26,0
14-07 04:06:37,86.702,10.994,0.750,0.999,0,1902108,149140,212088,5580472,12908.804,1619.097,71.960,483.730,0.999,7.996,7529,12308,3.880,1.830,1.050,7,0,38.978,0,0,20,32,0,27,0
14-07 04:06:38,86.586,13.553,0.251,0,0,1722400,318440,212088,5590776,9528.930,1626.303,0,1072.155,0,12.047,7041,7872,3.880,1.830,1.050,6,0,212.825,0,0,20,32,0,27,0
14-07 04:06:39,77.498,22.250,0,0,0,1590120,449940,212088,5591552,9783.809,1619.968,0,483.991,0,11.000,5621,4318,3.880,1.830,1.050,6,0,335.993,0,0,20,32,0,27,0
14-07 04:06:40,84.689,14.989,0.250,0,0,1718856,321180,212088,5591576,13880.927,1618.825,0,5160.255,0,478.653,7042,5929,3.880,1.830,1.050,6,0,208.848,0,0,20,33,0,29,0
14-07 04:06:41,85.886,12.733,0.749,0.250,0,1797260,242464,212096,5591880,16197.578,1617.860,191.746,127.831,19.974,3.995,7815,8108,3.880,1.830,1.050,6,0,117.844,0,0,20,34,0,29,0
14-07 04:06:42,85.749,12.500,1.250,0,0,1730596,308836,212096,5592172,25658.777,2163.981,0,267.998,0,15.000,7796,9601,3.970,1.880,1.070,4,0,74.999,0,0,20,35,0,26,0
14-07 04:06:43,85.368,13.268,1.502,0,0,1665560,373772,212096,5592272,29257.483,1622.245,0,0,0,0,7262,10408,3.970,1.880,1.070,6,0,68.094,0,0,20,34,0,26,0
14-07 04:06:44,86.758,13.001,0.250,0,0,1595028,444272,212100,5592300,76234.840,2189035.400,0,248.022,0,22.002,7343,7181,3.970,1.880,1.070,5,0,157.014,0,0,20,33,0,26,0
14-07 04:06:45,83.764,15.253,0.500,0,0,1690956,348188,212104,5592460,25918.443,16536.835,0,204.035,0,15.003,6515,7148,3.970,1.880,1.070,6,0,159.027,0,0,20,34,0,26,0
14-07 04:06:46,84.037,13.756,1.251,0,0,1778116,260736,212104,5592576,18440.114,11061.867,0,200.088,0,18.008,7046,14730,3.970,1.880,1.070,6,0,136.060,0,0,20,33,0,27,0
14-07 04:06:47,83.703,14.698,1.495,0,0,1766620,272180,212104,5592796,9740.383,1614.263,0,271.037,0,23.915,6194,6043,4.220,1.970,1.100,6,0,178.366,0,0,20,33,0,21,0
14-07 04:06:48,87.675,11.273,1.002,0,0,1771688,266916,212108,5592988,11022.062,1623.249,0,152.305,0,10.020,6723,9393,4.220,1.970,1.100,5,0,0,0,0,20,34,0,23,0
14-07 04:06:49,91.374,8.011,0.751,0,0,1791040,247468,212112,5593080,15760.456,1622.208,4.005,284.387,1.001,23.031,6615,7526,4.220,1.970,1.100,5,0,0,0,0,20,32,0,24,0
14-07 04:06:50,82.394,15.230,1.498,0,0,1772676,265668,212116,5593240,14710.000,1617.910,0,191.752,0,10.986,6918,7169,4.220,1.970,1.100,5,0,123.840,0,0,20,34,0,24,0
14-07 04:06:51,89.628,10.014,0.751,0,0,1684592,353696,212116,5593296,18021.766,1622.319,0,256.367,0,11.016,6555,6204,4.220,1.970,1.100,5,0,72.103,0,0,20,32,0,24,0
14-07 04:06:52,86.225,13.496,0.500,0,0,1710316,327952,212120,5593312,14299.799,1619.524,0,171.949,0,7.998,5536,3554,4.280,2.020,1.120,5,0,48.986,0,0,20,33,0,24,0
14-07 04:06:53,90.776,8.502,1.000,0.250,0,1770912,267176,212128,5593484,11202.181,1620.460,0,212.060,0,22.006,6974,8299,4.280,2.020,1.120,5,0,0,0,0,20,33,0,24,0
14-07 04:06:54,85.521,11.220,1.995,0,0,1726224,311804,212132,5593540,21019.626,1615.667,0,183.508,0,9.973,6838,7181,4.280,2.020,1.120,6,0,66.821,0,0,20,34,0,24,0
14-07 04:06:55,84.970,13.535,1.755,0,0,1640676,397296,212144,5593584,9571.838,1461.793,0,513.332,0,51.133,7823,8835,4.280,2.020,1.120,5,0,143.372,0,0,20,32,0,24,0
14-07 04:06:56,83.238,16.748,0,0,0,1625544,412416,212144,5593596,29554.884,616147.182,0,4919.315,0,299.958,5903,3604,4.280,2.020,1.120,4,0,157.978,0,0,20,33,0,24,0
14-07 04:06:57,83.376,12.942,3.733,0,0,1694608,343080,212144,5593900,71045.374,1574051.651,0,230.964,0,10.951,7942,9409,4.340,2.070,1.140,5,0,106.522,0,0,20,35,0,24,0
14-07 04:06:58,82.507,13.793,3.511,0,0.251,1551676,485916,212148,5593996,27647.278,16623.878,0,308.964,0,24.075,7077,10378,4.340,2.070,1.140,6,0,163.510,0,0,20,35,0,25,0
14-07 04:06:59,82.383,17.027,0.501,0,0,1561704,475732,212148,5594152,11303.212,5132.269,0,232.374,0,14.023,5680,4903,4.340,2.070,1.140,4,0,196.316,0,0,20,32,0,22,0
14-07 04:07:00,89.502,8.750,1.250,0,0,1668780,368644,212148,5594164,14181.381,1620.043,0,196.005,0,10.000,4968,2336,4.340,2.070,1.140,4,0,0,0,0,20,32,0,22,0
14-07 04:07:01,85.187,9.743,3.997,0,0,1674976,362388,212164,5594208,10847.995,1618.805,0,6235.399,0,565.583,6338,6883,4.340,2.070,1.140,4,0,59.956,0,0,20,34,0,22,0
14-07 04:07:02,79.729,7.748,11.997,0,0,1709992,327016,212164,5594564,9389.514,1619.571,0,187.950,0,20.994,7630,10171,4.230,2.080,1.150,6,0,1.000,0,0,20,32,0,22,0
14-07 04:07:03,63.711,17.239,18.738,0,0,1610368,426620,212168,5594580,10075.776,1619.000,0,167.896,0,9.994,4624,3009,4.230,2.080,1.150,5,0,223.862,0,0,20,32,0,21,0
14-07 04:07:04,69.156,6.491,23.718,0,0,1655204,381764,212168,5594600,10024.430,1456.029,0,143.805,0,7.989,4493,3679,4.230,2.080,1.150,4,0,0,0,0,20,32,0,21,0
14-07 04:07:05,64.605,8.514,25.541,0.501,0,1656128,380788,212172,5594648,21230.426,1622.631,0,204.331,0,16.026,5735,6070,4.230,2.080,1.150,3,0,43.070,0,0,20,33,0,21,0
14-07 04:07:06,67.618,9.232,22.955,0,0,1628116,408620,212176,5594824,14049.662,1710.671,0,279.456,0,21.957,6718,7250,4.230,2.080,1.150,3,0,33.934,0,0,20,32,0,22,0
14-07 04:07:07,66.638,8.518,23.799,0,0,1573876,462848,212176,5594836,19866.114,1623.360,0,356.738,0,10.021,5049,4439,4.130,2.100,1.160,3,0,30.062,0,0,20,33,0,22,0
14-07 04:07:08,67.044,8.255,23.265,0,0,1602772,433912,212176,5594876,19541.823,1621.064,0,356.234,0,35.023,5178,4171,4.130,2.100,1.160,3,0,59.039,0,0,20,32,0,22,0
14-07 04:07:09,67.977,13.995,17.994,0,0,1583236,453432,212176,5594900,74645.385,2184684.308,0,147.949,0,8.997,6388,5180,4.130,2.100,1.160,5,0,175.940,0,0,20,34,0,22,0
14-07 04:07:10,71.771,12.254,16.005,0,0,1619784,416700,212176,5595076,28923.582,20461.071,0,152.045,0,9.003,6868,9354,4.130,2.100,1.160,3,0,125.037,0,0,20,34,0,23,0
14-07 04:07:11,62.704,11.991,24.232,0,0,1575580,460864,212176,5595120,17294.412,11142.890,0,699.491,0,11.991,6553,7783,4.130,2.100,1.160,6,0,169.876,0,0,20,33,0,21,0
14-07 04:07:12,64.033,11.756,23.512,0,0,1534760,501624,212180,5595172,7932.053,1620.828,4.002,12802.542,1.001,86.044,4707,3343,4.040,2.110,1.170,3,0,85.043,0,0,20,32,0,21,0
14-07 04:07:13,67.548,7.005,24.768,0,0,1621164,415204,212180,5595188,10812.662,1459.034,0,144.102,0,8.006,4642,3380,4.040,2.110,1.170,3,0,0,0,0,20,33,0,21,0
14-07 04:07:14,66.716,8.496,24.737,0.250,0,1635776,400432,212180,5595348,8903.462,1619.175,0,211.892,0,19.990,5753,5914,4.040,2.110,1.170,3,0,33.983,0,0,20,33,0,21,0
14-07 04:07:15,64.532,12.256,22.261,0,0,1577152,459024,212180,5595380,17133.419,1620.796,0,228.112,0,24.012,5507,5085,4.040,2.110,1.170,3,0,101.050,0,0,20,32,0,21,0
14-07 04:07:16,63.181,11.737,23.974,0,0,1640372,395780,212188,5595396,14082.527,1618.222,0,251.723,0,20.977,4965,3480,4.040,2.110,1.170,3,0,113.875,0,0,20,32,0,21,0
14-07 04:07:17,65.991,9.499,24.247,0.250,0,1600836,435300,212188,5595412,16304.817,1619.783,0,363.951,0,30.996,4861,4160,3.960,2.130,1.180,3,0,59.992,0,0,20,33,0,21,0
14-07 04:07:18,62.963,14.242,20.988,0.750,0,1562732,473368,212188,5595448,22556.591,1619.038,0,219.869,0,15.990,5815,5160,3.960,2.130,1.180,4,0,94.944,0,0,20,32,0,21,0
14-07 04:07:19,69.263,6.501,23.504,0,0,1619028,416888,212192,5595628,18529.404,1620.298,0,204.037,0,20.004,6383,7160,3.960,2.130,1.180,4,0,0,0,0,20,33,0,17,0
14-07 04:07:20,63.620,11.227,24.450,0,0,1587416,448496,212200,5595640,10215.164,1616.702,0,251.487,0,22.953,5056,5038,3.960,2.130,1.180,3,0,72.851,0,0,20,32,0,17,0
14-07 04:07:21,71.271,12.548,16.061,0.251,0,1618024,417860,212204,5595668,14730.914,5925.491,0,4717.908,0,474.802,5360,3082,3.960,2.130,1.180,6,0,113.431,0,0,20,33,0,17,0
14-07 04:07:22,76.197,10.243,12.741,0,0,1676260,359588,212204,5595704,72045.233,2184131.270,0,251.826,0,16.988,7118,6894,3.880,2.140,1.190,4,0,97.932,0,0,20,34,0,17,0
14-07 04:07:23,68.014,12.253,18.254,0,0,1583204,452284,212204,5596068,28636.007,19675.127,0,308.065,0,23.005,7921,10954,3.880,2.140,1.190,4,0,180.038,0,0,20,34,0,18,0
14-07 04:07:24,44.734,19.993,34.738,0,0,1471576,563800,212204,5596172,18340.639,7809.292,0,359.875,0,24.991,5749,6010,3.880,2.140,1.190,2,0,325.887,0,0,20,32,0,18,0
14-07 04:07:25,44.638,5.486,48.379,0,0,1548688,486688,212204,5596172,13830.315,1615.947,0,179.550,0,8.977,2995,1688,3.880,2.140,1.190,2,0,0,0,0,20,32,0,18,0
14-07 04:07:26,46.646,4.241,48.142,0.249,0,1546960,488224,212204,5596364,8895.114,1616.386,0,187.581,0,16.962,3903,3752,3.880,2.140,1.190,2,0,1.996,0,0,20,32,0,18,0
14-07 04:07:27,41.481,11.564,47.263,0,0,1507840,527316,212204,5596392,11663.900,1629.064,0,631.514,0,69.386,5208,5002,3.810,2.160,1.200,2,0,156.873,0,0,20,32,0,18,0
14-07 04:07:28,44.157,6.237,48.149,0.249,0,1561976,473176,212204,5596396,10496.012,1616.613,0,183.615,0,7.983,2853,1672,3.810,2.160,1.200,2,0,7.983,0,0,20,32,0,17,0
14-07 04:07:29,45.951,4.495,48.698,0,0,1562008,473116,212208,5596420,22170.356,1618.274,0,211.774,0,19.979,3560,3742,3.810,2.160,1.200,2,0,0,0,0,20,32,0,17,0
14-07 04:07:30,41.734,9.496,47.982,0.250,0,1525344,509760,212208,5596440,9688.284,1619.379,0,267.897,0,27.989,4234,3432,3.810,2.160,1.200,2,0,98.962,0,0,20,32,0,17,0
14-07 04:07:31,45.245,5.749,47.994,0.250,0,1591568,443512,212228,5596444,9983.837,1619.811,0,2539.704,0,158.981,3279,2479,3.810,2.160,1.200,3,0,0,0,0,20,32,0,17,0
14-07 04:07:32,46.221,5.247,47.221,0.250,0,1606048,428844,212232,5596628,13486.648,1618.997,0,207.871,0,20.987,4396,4258,3.660,2.160,1.210,4,0,0.999,0,0,20,32,0,16,0
14-07 04:07:33,44.648,7.274,47.909,0,0,1509368,525488,212232,5596664,9741.244,1462.842,0,248.824,0,25.083,4214,4040,3.660,2.160,1.210,2,0,35.116,0,0,20,32,0,16,0
14-07 04:07:34,47.289,8.757,42.535,0,0,1582712,452012,212236,5596792,70674.778,2215873.530,0,140.115,0,6.005,4757,2865,3.660,2.160,1.210,2,0,54.044,0,0,20,34,0,16,0
14-07 04:07:35,51.803,12.204,35.117,0,0,1572336,462212,212252,5596952,33274.712,18957.052,0,278.941,0,22.913,5894,6612,3.660,2.160,1.210,3,0,157.403,0,0,20,33,0,16,0
14-07 04:07:36,48.655,10.032,41.131,0.251,0,1555816,478708,212252,5596976,18815.750,13883.086,0,116.370,0,7.022,5475,5618,3.660,2.160,1.210,4,0,147.468,0,0,20,32,0,16,0
14-07 04:07:37,43.504,7.001,49.005,0,0.250,1627236,407284,212252,5596980,18120.780,1620.159,0,128.013,0,8.001,2809,1468,3.530,2.150,1.210,2,0,17.002,0,0,20,32,0,16,1
14-07 04:07:38,45.344,4.734,48.334,0.249,0,1621512,412528,212252,5597460,11744.681,1614.458,0,207.288,0,19.932,3611,4288,3.530,2.150,1.210,2,0,0,0,0,20,32,0,16,0
14-07 04:07:39,34.605,19.559,45.137,0.251,0,1509440,524572,212256,5597484,9876.948,1624.927,0,357.083,0,32.097,5905,5182,3.530,2.150,1.210,3,0,384.165,0,0,20,32,0,16,0
14-07 04:07:40,45.144,5.238,48.636,0,0,1525636,508376,212256,5597484,9655.357,1616.210,0,191.551,0,8.979,2785,1339,3.530,2.150,1.210,2,0,0,0,0,20,32,0,15,0
14-07 04:07:41,45.359,5.263,48.867,0,0,1569160,464716,212256,5597620,21632.756,1461.497,0,140.336,0,10.024,3207,2169,3.530,2.150,1.210,4,0,0,0,0,20,33,0,16,0
14-07 04:07:42,41.459,9.740,46.454,0.250,0,1453868,579836,212264,5597784,15121.992,1618.394,0,5722.321,0,524.479,5775,5774,3.490,2.170,1.220,2,0,140.860,0,0,20,32,0,16,0
14-07 04:07:43,44.668,6.987,48.411,0,0,1518804,514888,212268,5597792,14747.992,1617.039,0,195.642,0,8.984,2919,1405,3.490,2.170,1.220,2,0,0,0,0,20,32,0,16,0
14-07 04:07:44,45.962,4.996,48.210,0,0,1567608,466072,212268,5597804,9456.087,1618.646,0,123.896,0,5.995,3420,2280,3.490,2.170,1.220,4,0,0,0,0,20,33,0,14,0
14-07 04:07:45,46.960,4.520,47.211,0.502,0,1530772,502852,212268,5597860,10194.498,1627.262,0,570.546,0,50.224,6600,8876,3.490,2.170,1.220,5,0,0,0,0,20,32,0,14,0
14-07 04:07:46,37.490,25.243,36.240,0,0,1492984,540336,212276,5601648,33924.728,831233.826,0,123.966,0,8.998,6618,14024,3.490,2.170,1.220,7,0,465.873,0,0,21,34,0,14,0
14-07 04:07:47,30.397,9.219,59.548,0,0,1475852,557460,212276,5598164,61440.402,1466049.576,0,3.986,0,0.997,4907,4350,3.370,2.160,1.230,3,0,106.638,0,0,20,33,0,15,0
14-07 04:07:48,31.062,10.521,57.614,0,0,1447288,585864,212276,5598324,25573.699,18304.288,0,280.556,0,15.030,5686,6676,3.370,2.160,1.230,2,0,156.310,0,0,20,32,0,14,0
14-07 04:07:49,20.465,6.239,71.875,0.250,0,1400512,632596,212276,5598368,8954.484,1617.198,0,143.751,0,11.979,2634,2014,3.370,2.160,1.230,2,0,55.903,0,0,20,32,0,14,0
14-07 04:07:50,23.536,2.504,73.112,0,0,1448444,584660,212276,5598372,14234.859,1622.491,0,100.154,0,8.012,1952,1266,3.370,2.160,1.230,2,0,0,0,0,20,33,0,14,0
14-07 04:07:51,22.246,3.749,72.986,0,0,1423932,609160,212276,5598384,14313.313,1457.726,0,103.980,0,11.998,2847,2505,3.370,2.160,1.230,1,0,25.995,0,0,20,32,0,14,0
14-07 04:07:52,19.542,6.765,72.405,0,0,1469892,563200,212276,5598384,14689.518,1623.483,0,152.327,0,13.028,2493,1733,3.180,2.140,1.230,1,0,66.142,0,0,20,32,0,12,0
14-07 04:07:53,24.670,2.243,72.763,0.249,0,1498848,534244,212276,5598384,26275.456,1614.743,0,127.585,0,9.968,2145,1637,3.180,2.140,1.230,1,0,0,0,0,20,32,0,12,0
14-07 04:07:54,20.069,6.271,71.996,0,0,1476504,556568,212280,5598400,8823.163,1625.557,0,333.139,0,24.082,3680,3417,3.180,2.140,1.230,1,0,90.309,0,0,20,32,0,12,0
14-07 04:07:55,21.434,4.486,73.275,0,0,1481516,551556,212280,5598400,8794.969,1615.036,0,0,0,0,1792,1269,3.180,2.140,1.230,1,0,8.972,0,0,20,32,0,12,0
14-07 04:07:56,23.743,2.249,73.477,0,0,1482756,550308,212280,5598408,10711.669,1619.496,0,0,0,0,2095,1542,3.180,2.140,1.230,1,0,0,0,0,20,32,0,10,0
14-07 04:07:57,19.749,7.000,71.745,0.250,0,1416968,616080,212280,5598424,10938.260,1619.890,0,471.968,0,24.998,3841,3399,3,2.130,1.220,1,0,93.994,0,0,20,32,0,10,0
14-07 04:07:58,23.006,4.251,72.770,0,0,1422256,610788,212280,5598428,11831.296,3133.873,0,460.128,0,46.013,1916,1209,3,2.130,1.220,1,0,2.001,0,0,20,33,0,10,0
14-07 04:07:59,29.712,7.990,60.424,0.250,0,1445236,587792,212288,5598436,87599.331,2290811.900,0,243.692,0,18.976,5321,4022,3,2.130,1.220,2,0,103.869,0,0,20,33,0,11,0
14-07 04:08:00,30.030,12.262,56.556,0.250,0,1407760,625108,212292,5598596,39620.255,17556.395,0,716.710,0,52.052,6362,7396,3,2.130,1.220,5,0,189.187,0,0,20,33,0,10,0
14-07 04:08:01,24.055,5.763,68.657,0,0,1408972,623896,212292,5598592,17364.808,7667.578,0,0,0,0,2654,2069,3,2.130,1.220,1,0,50.115,0,0,20,32,0,10,0
14-07 04:08:02,23.730,2.998,72.939,0,0,1437432,595432,212292,5598596,9667.974,1688.598,0,0,0,0,2153,1614,2.840,2.110,1.220,1,0,0.999,0,0,20,32,0,10,0
14-07 04:08:03,24.433,1.995,71.804,0,0,1380860,651848,212292,5598752,9484.169,1615.600,0,3602.189,0,418.859,4152,4525,2.840,2.110,1.220,1,0,0,0,0,20,32,0,10,0
14-07 04:08:04,10.034,23.079,65.726,0,0,1347868,684560,212300,5599024,21170.667,1625.580,0,24.083,0,5.017,5471,3630,2.840,2.110,1.220,2,0,363.247,0,0,20,32,0,10,0
14-07 04:08:05,30.194,9.981,48.410,10.730,0,1408476,621128,213036,5600776,9701.002,1617.000,2395.556,307.430,136.746,15.970,3759,2748,2.840,2.110,1.220,2,1,123.770,0,0,20,32,0,12,0
14-07 04:08:06,39.991,5.999,48.489,5.249,0,1474816,554124,213076,5601368,9952.709,1713.606,79.982,819.811,12.997,6.998,2816,1586,2.840,2.110,1.220,4,0,2.999,0,0,20,32,0,12,0
14-07 04:08:07,39.973,6.496,45.220,6.995,0,1483680,541996,213276,5604272,13333.067,1660.887,91.938,11024.614,8.994,1250.162,7992,12223,2.780,2.100,1.230,1,3,62.958,0,0,20,36,0,12,0
14-07 04:08:08,15.215,7.233,39.909,34.920,0,1480960,539056,213872,5608856,13837.349,1616.303,1755.983,43795.824,360.176,3462.081,13791,25864,2.780,2.100,1.230,2,1,71.836,0,0,20,36,0,12,0
14-07 04:08:09,19.850,6.030,42.464,29.649,0,1488936,526988,214016,5612612,13077.755,1628.187,2367.906,24093.141,293.476,2228.203,10289,18727,2.780,2.100,1.230,4,1,33.167,0,0,20,36,0,11,0
14-07 04:08:10,45.306,6.258,43.304,3.504,0,1467924,548436,214200,5611992,20268.046,1459.804,64.079,21062.027,6.007,1587.962,7790,11619,2.780,2.100,1.230,2,0,11.014,0,0,20,32,0,11,0
14-07 04:08:11,39.178,19.464,41.174,0,0,1435928,580380,214200,5612044,79461.112,2417084.315,0,718.681,0,41.923,6777,4881,2.780,2.100,1.230,3,0,367.326,0,0,20,33,0,11,0
14-07 04:08:12,33.480,28.732,32.730,3.498,0,1443456,572476,214364,5612252,32855.970,20536.480,0,11405.047,0,1165.290,11518,16451,2.870,2.140,1.240,5,0,581.645,0,0,20,35,0,11,0
14-07 04:08:13,26.277,28.530,37.039,5.255,0,1446364,569072,214516,5612608,19199.071,11134.641,0,18563.407,0,2321.427,15563,25171,2.870,2.140,1.240,2,0,524.548,0,0,20,34,0,10,0
14-07 04:08:14,24.260,16.507,58.524,0.250,0,1399692,615716,214524,5612628,9279.771,1620.659,0,1476.600,0,86.035,4689,3934,2.870,2.140,1.240,1,0,318.129,0,0,20,32,0,10,0
14-07 04:08:15,22.462,4.243,71.877,0.250,0,1409236,606168,214528,5612628,12774.139,1617.232,0,758.702,0,82.858,2158,1420,2.870,2.140,1.240,1,0,9.983,0,0,20,32,0,10,0
14-07 04:08:16,22.741,3.749,72.222,0.250,0,1423512,591872,214548,5612628,25545.000,1619.366,0,4230.344,0,213.916,2393,2314,2.870,2.140,1.240,1,0,2.999,0,0,20,32,0,10,0
14-07 04:08:17,18.048,9.525,71.438,0.251,0,1415728,599628,214556,5612648,14506.244,1624.282,0,184.486,0,16.042,3163,2190,2.720,2.120,1.240,1,0,128.338,0,0,20,32,0,9,0
14-07 04:08:18,10.717,18.942,68.790,0,0,1414132,601204,214556,5612668,14670.177,1615.065,0,63.805,0,7.976,5270,3693,2.720,2.120,1.240,1,0,342.952,0,0,20,32,0,9,0
14-07 04:08:19,20.755,4.251,73.017,1.750,0,1459160,555976,214556,5612868,11071.565,1620.375,172.040,40.009,6.001,1.000,1808,1245,2.720,2.120,1.240,1,0,0,0,0,20,32,0,9,0
14-07 04:08:20,23.995,1.500,73.736,0,0,1481644,533408,214556,5612920,9958.069,1457.717,0,0,0,0,1682,931,2.720,2.120,1.240,1,0,0,0,0,20,32,0,9,0
14-07 04:08:21,22.996,2.750,73.487,0,0,1459816,554480,214560,5613604,9554.297,1619.711,0,0,0,0,1909,1143,2.720,2.120,1.240,1,0,8.998,0,0,20,32,0,9,0
14-07 04:08:22,22.750,3.500,73.001,0,0.250,1512892,501388,214564,5613616,8503.174,1662.034,0,648.013,0,2.000,1860,1293,2.580,2.100,1.240,1,0,1.000,0,0,20,32,0,9,0
14-07 04:08:23,31.259,4.501,62.267,0.250,0,1536980,477296,214568,5613628,16331.545,5904.643,0,2436.678,0,383.107,2895,2028,2.580,2.100,1.240,2,0,19.005,0,0,20,33,0,9,0
14-07 04:08:24,20.070,22.077,54.440,2.258,0,1470892,543244,214568,5613760,82678.194,2506198.255,40.140,148.519,2.007,8.028,7022,5257,2.580,2.100,1.240,1,0,460.611,0,0,20,33,0,9,0
14-07 04:08:25,14.977,27.956,55.663,0,0,1404336,609764,214568,5613800,33984.834,19764.081,0,39.938,0,4.992,7283,6846,2.580,2.100,1.240,3,0,621.028,0,0,20,33,0,7,0
14-07 04:08:26,8.254,24.262,66.033,0,0,1379976,634096,214568,5613820,14811.460,5032.535,0,28.014,0,3.002,6026,4549,2.580,2.100,1.240,3,0,430.217,0,0,20,32,0,7,0
14-07 04:08:27,8.254,22.261,68.284,0,0,1379580,634468,214568,5613844,17178.556,1620.807,0,48.024,0,4.002,5668,3942,2.460,2.080,1.240,1,0,362.180,0,0,20,32,0,7,0
14-07 04:08:28,9.004,22.260,67.529,0,0,1375516,638512,214568,5613864,23281.092,1620.703,0,580.252,0,14.006,5844,4253,2.460,2.080,1.240,1,0,423.183,0,0,20,32,0,7,0
14-07 04:08:29,8.481,21.203,68.100,0,0,1370416,643596,214568,5613880,10206.580,1454.804,0,247.456,0,11.974,5618,3917,2.460,2.080,1.240,1,0,358.213,0,0,20,32,0,7,0
14-07 04:08:30,8.255,22.264,68.795,0,0,1368944,645048,214568,5613900,9759.339,1621.053,0,96.062,0,8.005,5482,3816,2.460,2.080,1.240,1,0,357.232,0,0,20,32,0,7,0
14-07 04:08:31,8.752,20.754,69.263,0,0,1377444,636520,214568,5613928,8985.697,1620.306,0,40.008,0,5.001,5515,3909,2.460,2.080,1.240,1,0,355.067,0,0,20,32,0,7,0
14-07 04:08:32,8.485,21.213,69.379,0,0,1376148,637792,214568,5613952,10479.682,1617.173,0,59.895,0,6.988,5621,3931,2.420,2.080,1.240,2,0,365.361,0,0,20,32,0,7,0
14-07 04:08:33,9.267,21.538,67.621,0,0,1375056,638856,214568,5613980,20064.760,1622.892,0,589.050,0,41.073,5787,4191,2.420,2.080,1.240,1,0,340.607,0,0,20,32,0,6,0
14-07 04:08:34,8.481,22.700,67.601,0,0,1381000,632892,214568,5614000,14577.932,1616.444,0,1233.287,0,157.653,5778,3986,2.420,2.080,1.240,1,0,382.159,0,0,20,32,0,6,0
14-07 04:08:35,5.250,7.249,79.494,6.999,0,1353008,658892,214568,5615988,19045.561,1619.878,1975.851,4.000,20.998,1.000,2636,1920,2.420,2.080,1.240,0,0,77.994,0,0,20,32,0,6,0
14-07 04:08:36,15.261,13.760,69.052,0,0,1384532,627440,214576,5615992,82457.573,2602451.318,0,0,0,0,5174,3880,2.420,2.080,1.240,2,0,301.225,0,0,20,33,0,6,0
14-07 04:08:37,37.363,33.852,28.085,0,0,1443472,568484,214580,5616040,29458.755,21140.694,0,429.293,0,28.085,7203,7028,2.550,2.110,1.260,6,0,692.085,0,0,20,33,0,8,0
14-07 04:08:38,63.660,27.851,2.984,3.979,0,1542512,468960,214628,5616476,16195.588,9540.099,278.514,970.820,9.947,46.751,6063,5644,2.550,2.110,1.260,4,0,532.161,0,0,20,32,0,12,0
14-07 04:08:39,75.651,23.374,0.503,2.011,0,1678676,326496,215764,5621516,10463.467,1628.633,868.604,4431.491,73.389,414.196,17448,2787,2.550,2.110,1.260,5,0,87.464,0,0,20,32,0,12,0
14-07 04:08:40,79.998,12.000,1.250,5.750,0,1724552,272848,216016,5628664,22008.413,1619.957,1927.949,15615.584,26.999,1243.967,8337,12045,2.550,2.110,1.260,5,0,63.998,0,0,20,36,0,12,0
14-07 04:08:41,73.874,13.727,5.491,5.990,0,1707840,283172,216368,5634336,11760.999,1701.107,0,54742.903,0,3930.316,14786,28839,2.550,2.110,1.260,4,1,130.778,0,0,20,36,0,12,0
14-07 04:08:42,65.250,13.250,11.750,7.750,0.250,1745524,236344,216512,5643304,14662.944,1619.994,0,59715.773,0,4363.983,16364,31581,2.900,2.190,1.290,6,0,106.000,0,0,20,36,0,12,0
14-07 04:08:43,67.565,12.715,10.721,7.230,0,1765084,210476,216708,5649384,13900.947,1615.577,0,55468.160,0,4823.795,16435,32483,2.900,2.190,1.290,6,2,59.836,0,0,20,36,0,13,0
14-07 04:08:44,74.350,11.516,5.007,7.009,0,1676868,292728,216980,5655044,15535.970,1622.190,0,60986.316,0,4569.167,15752,31545,2.900,2.190,1.290,4,1,51.069,0,0,20,34,0,13,0
14-07 04:08:45,41.353,26.817,18.546,11.028,0,1622128,345656,217124,5656712,15073.611,1624.052,417.041,48709.538,9.023,3639.080,15981,28459,2.900,2.190,1.290,4,0,418.043,0,0,20,34,0,13,0
14-07 04:08:46,58.847,18.203,15.210,5.735,0,1648048,317132,217180,5659704,10917.616,1615.799,3.990,42258.136,0.997,3287.453,14535,26755,2.900,2.190,1.290,3,1,166.567,0,0,20,34,0,13,0
14-07 04:08:47,57.410,21.059,14.039,6.267,0.251,1681484,281948,217244,5660928,9859.442,1624.522,1636.555,35395.519,32.089,3008.373,14431,35233,3.390,2.310,1.330,6,0,204.569,0,0,20,35,0,14,0
14-07 04:08:48,41.010,12.253,35.759,7.502,0,1657092,304132,217360,5663024,81932.066,2611621.623,0,45131.053,0,3913.959,19240,33694,3.390,2.310,1.330,4,0,132.032,0,0,20,36,0,14,0
14-07 04:08:49,43.505,15.752,30.504,7.751,0,1561020,397392,217480,5665716,29251.405,21987.559,4.000,38760.511,1.000,3574.416,15636,28273,3.390,2.310,1.330,4,0,221.026,0,0,20,35,0,12,0
14-07 04:08:50,45.703,11.239,33.216,7.492,0,1594932,361348,217576,5667752,20340.203,12228.497,0,32670.595,0,3107.822,13336,26212,3.390,2.310,1.330,1,1,141.855,0,0,20,34,0,12,0
14-07 04:08:51,40.539,8.008,39.788,9.509,0,1618568,334332,217632,5671056,27993.825,1621.554,0,49711.635,0,4274.096,16168,31723,3.390,2.310,1.330,2,0,51.049,0,0,20,36,0,12,0
14-07 04:08:52,36.746,7.999,41.496,9.249,0,1618892,331308,217680,5673708,16132.324,1619.832,0,53670.423,0,4287.554,17951,33988,3.360,2.320,1.340,4,0,48.995,0,0,20,37,0,13,0
14-07 04:08:53,40.435,7.738,39.686,9.734,0,1619240,328032,217720,5676596,16123.152,1617.407,0,48845.691,0,4175.306,17469,33321,3.360,2.320,1.340,2,0,80.870,0,0,20,36,0,13,0
14-07 04:08:54,35.809,12.270,39.065,10.267,0,1582972,361804,217776,5679032,10298.026,1622.683,0,60592.178,0,4733.827,16562,33374,3.360,2.320,1.340,1,1,131.217,0,0,20,36,0,13,0
14-07 04:08:55,39.186,6.989,42.930,8.736,0,1622552,319972,217804,5681224,10541.746,1617.353,0,41228.518,0,3358.503,12892,25632,3.360,2.320,1.340,4,0,29.951,0,0,20,36,0,13,0
14-07 04:08:56,41.749,5.750,43.749,6.500,0.250,1625896,314188,217824,5683648,11609.770,1619.968,0,24039.524,0,2135.958,11114,19995,3.360,2.320,1.340,4,1,26.999,0,0,20,35,0,14,0
14-07 04:08:57,38.020,13.257,45.774,1.751,0.250,1517480,422516,217824,5683736,13956.186,1620.835,0,19149.860,0,1106.570,8642,12372,3.330,2.330,1.350,2,0,212.109,0,0,20,32,0,14,0
14-07 04:08:58,21.013,5.253,72.795,0,0,1466732,473264,217824,5683736,14926.320,1621.012,0,508.317,0,24.015,2215,1515,3.330,2.330,1.350,1,0,30.019,0,0,20,32,0,14,0
14-07 04:08:59,23.240,2.749,72.467,0.750,0,1505508,434484,217824,5683740,13835.752,1619.269,0,3190.559,0,151.931,2259,1972,3.330,2.330,1.350,1,0,0,0,0,20,32,0,14,0
14-07 04:09:00,26.308,4.964,66.515,0,0,1508236,431600,217824,5683896,45422.620,1107046.561,0,0,0,0,5521,6227,3.330,2.330,1.350,1,0,51.623,0,0,20,34,0,15,0
14-07 04:09:01,29.137,10.047,60.032,0,0,1408888,530912,217824,5683932,65597.206,1537088.951,0,8.038,0,1.005,6211,5874,3.330,2.330,1.350,2,0,162.765,0,0,20,33,0,16,0
14-07 04:09:02,29.502,12.251,57.254,0,0,1458760,481036,217824,5683936,30284.917,17705.121,0,64.004,0,4.000,4427,3724,3.140,2.310,1.350,1,0,157.010,0,0,20,32,0,15,0
14-07 04:09:03,23.698,2.495,72.592,0,0,1485812,453980,217824,5683940,21601.920,1616.477,0,0,0,0,2113,1458,3.140,2.310,1.350,1,0,0,0,0,20,32,0,15,0
14-07 04:09:04,24.805,1.754,72.912,0,0.251,1486020,453756,217824,5683956,9783.804,1623.618,0,0,0,0,2978,2930,3.140,2.310,1.350,1,0,0,0,0,20,32,0,15,0
14-07 04:09:05,21.500,5.000,71.502,0.250,0.250,1481220,458556,217824,5683956,8489.189,1620.036,0,3308.074,0,425.009,2496,1932,3.140,2.310,1.350,1,0,34.001,0,0,20,32,0,15,0
14-07 04:09:06,22.241,3.249,73.469,0,0,1487728,452044,217824,5683960,9276.144,1713.288,0,143.940,0,9.996,2093,1621,3.140,2.310,1.350,1,0,0,0,0,20,32,0,13,0
14-07 04:09:07,22.085,5.019,72.780,0.251,0,1414632,525124,217824,5683976,9394.153,1626.259,0,309.190,0,29.112,2945,2547,3.050,2.300,1.350,2,0,60.232,0,0,20,32,0,13,0
14-07 04:09:08,22.668,2.740,73.236,0,0,1474100,465656,217824,5683976,10396.544,1614.185,0,139.497,0,7.971,1797,1186,3.050,2.300,1.350,2,0,0,0,0,20,32,0,13,0
14-07 04:09:09,23.465,2.996,72.392,0,0,1498524,441228,217824,5683980,14310.676,1563.670,0,3870.233,0,74.888,2267,1715,3.050,2.300,1.350,2,0,0,0,0,20,33,0,13,0
14-07 04:09:10,21.522,5.005,71.823,0.250,0,1470908,468696,217824,5684132,14511.687,2035.060,0,40.041,0,4.004,3914,3924,3.050,2.300,1.350,2,0,43.044,0,0,20,32,0,13,0
14-07 04:09:11,22.764,3.502,73.294,0,0,1527232,412368,217824,5684136,9948.934,1620.967,0,16.010,0,4.002,1766,1138,3.050,2.300,1.350,1,0,0,0,0,20,32,0,13,0
14-07 04:09:12,24.064,3.509,71.942,0,0,1533492,406096,217824,5684148,10460.853,3141.364,0,0,0,0,2833,2622,2.890,2.280,1.350,1,0,3.008,0,0,20,34,0,13,0
14-07 04:09:13,22.002,16.752,58.256,0.250,0,1436920,502484,217824,5684332,87374.013,2635493.851,0,380.039,0,27.003,7108,6082,2.890,2.280,1.350,1,0,304.031,0,0,20,33,0,13,0
14-07 04:09:14,14.759,30.268,54.033,0,0,1400980,538328,217824,5684432,42527.773,20897.665,0,236.143,0,12.007,7335,6900,2.890,2.280,1.350,3,0,665.403,0,0,20,33,0,13,0
14-07 04:09:15,59.260,15.753,24.004,0.250,0,1502968,436116,217844,5684632,11443.968,5030.865,0,4820.829,0,85.015,5400,4024,2.890,2.280,1.350,4,0,227.039,0,0,20,32,0,19,0
14-07 04:09:16,66.026,9.219,23.919,0,0,1645424,292756,217860,5685456,10136.631,1614.526,0,295.000,0,12.956,3819,1679,2.890,2.280,1.350,3,0,2.990,0,0,20,32,0,19,0
14-07 04:09:17,63.993,6.499,27.247,2.250,0,1746264,189492,217924,5687656,14782.343,1619.818,4.000,2755.691,1.000,89.990,3826,1483,2.900,2.290,1.360,3,0,0,0,0,20,32,0,19,0
14-07 04:09:18,66.487,7.025,23.584,2.258,0,1844748,241244,217448,5540100,15837.530,1625.803,144.516,3825.655,4.014,106.380,3971,1527,2.900,2.290,1.360,4,0,6.021,0,0,20,32,0,19,0
14-07 04:09:19,47.665,8.485,34.438,6.988,0,1864864,211336,217544,5549668,14438.204,1455.400,0,56922.299,0,4253.401,17191,31143,2.900,2.290,1.360,3,1,149.732,0,0,20,38,0,19,0
14-07 04:09:20,35.763,10.504,40.015,11.004,0,1864040,201044,217660,5560588,10972.035,1620.596,0,75639.817,0,6175.271,22101,41782,2.900,2.290,1.360,1,2,256.094,0,0,20,38,0,19,0
14-07 04:09:21,41.408,10.477,35.671,10.976,0,1864516,191972,217708,5569088,13894.252,1616.423,0,95859.862,0,7141.196,24143,47740,2.900,2.290,1.360,7,1,137.695,0,0,20,38,0,19,0
14-07 04:09:22,46.132,13.288,27.579,10.029,0,1746532,300696,217776,5578200,13989.979,1624.643,0,81625.261,0,5874.788,20518,39809,2.830,2.290,1.360,2,1,217.622,0,0,20,36,0,19,0
14-07 04:09:23,48.035,10.257,29.271,9.507,0,1788100,250800,217820,5586388,9986.215,1621.171,0,64842.851,0,4678.380,16965,32404,2.830,2.290,1.360,5,0,61.044,0,0,20,36,0,19,0
14-07 04:09:24,42.987,10.747,31.490,10.747,0,1836024,191580,217848,5597512,9958.895,1619.495,0,93158.954,0,6317.030,20059,40742,2.830,2.290,1.360,6,0,23.993,0,0,20,36,0,19,0
14-07 04:09:25,59.095,12.467,18.950,7.979,0,1882696,141916,217864,5600480,39826.356,527439.152,0,55645.790,0,4517.131,18261,34732,2.830,2.290,1.360,5,0,146.615,0,0,20,39,0,19,0
14-07 04:09:26,60.638,13.030,21.048,3.508,0,1756424,267088,217868,5601564,85244.190,2219926.076,0,42376.535,0,2926.667,13338,21167,2.830,2.290,1.360,3,0,218.498,0,0,20,33,0,19,0
14-07 04:09:27,24.183,20.942,53.601,0.249,0,1485664,537688,217868,5601724,34129.070,18283.146,0,1563.651,0,97.728,5816,5615,2.920,2.320,1.380,1,0,403.877,0,0,20,32,0,19,0
14-07 04:09:28,23.238,2.999,72.964,0,0,1535792,487560,217868,5601724,18258.958,1619.198,0,639.683,0,35.982,1903,1258,2.920,2.320,1.380,1,0,1.000,0,0,20,32,0,19,0
14-07 04:09:29,23.019,3.253,72.060,0.751,0,1567152,456200,217868,5601724,14582.160,1459.217,0,4892.080,0,293.245,2324,2298,2.920,2.320,1.380,1,0,0,0,0,20,32,0,19,0
14-07 04:09:30,24.497,1.500,72.491,0,0,1590764,432576,217868,5601736,10408.736,1619.803,0,295.964,0,7.999,2189,1729,2.920,2.320,1.380,1,0,2.000,0,0,20,38,0,19,0
14-07 04:09:31,21.984,3.997,73.197,0,0,1488768,534568,217868,5601740,9257.306,1618.829,0,87.936,0,5.996,2136,1280,2.920,2.320,1.380,1,0,26.980,0,0,20,32,0,19,0
14-07 04:09:32,23.253,3.250,73.010,0.250,0,1516716,506620,217868,5601740,9419.286,1620.221,0,40.005,0,4.001,1836,1156,2.770,2.290,1.370,1,0,2.000,0,0,20,32,0,19,0
14-07 04:09:33,22.997,2.500,73.242,0,0,1559608,463728,217868,5601740,8788.039,1619.823,0,0,0,0,1700,1015,2.770,2.290,1.370,1,0,0,0,0,20,32,0,19,0
14-07 04:09:34,24.253,1.500,73.010,0.250,0,1580272,443064,217868,5601740,13272.907,1620.233,0,116.017,0,17.002,2088,1527,2.770,2.290,1.370,1,0,2.000,0,0,20,34,0,19,0
14-07 04:09:35,14.804,31.114,52.943,0.502,0,1449464,573768,217876,5601836,13646.788,1625.932,56.205,606.212,1.004,46.168,6353,5204,2.770,2.290,1.370,3,0,675.464,0,0,20,32,0,19,0
14-07 04:09:36,15.503,41.007,41.757,0.250,0,1447332,575816,217876,5601920,14235.322,1620.264,16.003,2232.364,3.000,383.062,7833,6872,2.770,2.290,1.370,4,0,975.159,0,0,20,32,0,19,0
14-07 04:09:37,11.988,29.220,57.191,0,0,1444568,578544,217876,5601956,37560.399,4648.223,0,303.688,0,26.972,6762,5431,2.620,2.270,1.370,2,0,682.299,0,0,20,33,0,19,0
14-07 04:09:38,13.498,27.246,57.492,0,0,1439920,583168,217876,5601988,97562.214,2795648.975,0,43.994,0,10.998,8389,6770,2.620,2.270,1.370,4,0,658.907,0,0,20,33,0,19,0
14-07 04:09:39,13.757,28.264,55.778,0,0,1437060,585868,217876,5602144,32465.358,21015.589,0,52.026,0,13.007,7505,7149,2.620,2.270,1.370,2,0,703.354,0,0,20,33,0,13,0
14-07 04:09:40,9.496,21.740,67.970,0,0,1441940,580896,217876,5602232,12858.293,3658.376,0,535.762,0,65.971,6122,4690,2.620,2.270,1.370,2,0,467.792,0,0,20,32,0,13,0
14-07 04:09:41,8.502,23.255,67.515,0,0,1450696,572112,217876,5602260,10146.254,1620.360,0,52.012,0,13.003,6114,4645,2.620,2.270,1.370,3,0,494.110,0,0,20,32,0,13,0
14-07 04:09:42,8.251,22.752,67.756,0,0,1454664,568116,217876,5602288,9932.912,1620.149,0,1732.159,0,320.029,6683,4851,2.490,2.250,1.370,1,0,510.047,0,0,20,32,0,13,0
14-07 04:09:43,8.753,21.757,68.523,0.250,0,1454452,568292,217876,5602324,10884.626,1620.540,0,88.029,0,9.003,5859,4327,2.490,2.250,1.370,1,0,416.139,0,0,20,32,0,12,0
14-07 04:09:44,8.243,22.480,67.191,0,0,1454544,568160,217876,5602364,14088.558,1618.571,0,175.845,0,10.990,6418,5506,2.490,2.250,1.370,1,0,411.636,0,0,20,32,0,12,0
14-07 04:09:45,8.261,22.531,67.593,0,0,1444784,577896,217876,5602388,15788.718,2166.981,0,640.882,0,43.059,6270,4801,2.490,2.250,1.370,1,0,512.705,0,0,20,32,0,12,0
14-07 04:09:46,18.742,19.491,60.723,0.250,0,1439424,583208,217892,5602416,10553.296,1619.278,0,131.941,0,5.997,5604,4317,2.490,2.250,1.370,2,0,394.824,0,0,20,32,0,12,0
14-07 04:09:47,28.665,6.730,63.063,0.499,0,1476932,545508,217892,5602564,9528.818,1453.701,71.788,402.809,4.985,23.929,3235,11807,2.450,2.250,1.370,1,0,45.864,0,0,20,32,0,14,0
14-07 04:09:48,21.566,2.508,73.225,2.006,0,1531552,489592,217908,5603780,23157.082,1624.988,645.983,236.727,44.135,13.040,1835,1376,2.450,2.250,1.370,1,0,0,0,0,20,32,0,14,0
14-07 04:09:49,20.002,2.750,71.258,4.500,0,1532592,484356,217924,5607832,11923.312,1620.178,556.061,8904.980,85.009,732.081,5138,7834,2.450,2.250,1.370,0,1,9.001,0,0,20,36,0,14,0
14-07 04:09:50,22.726,10.988,53.194,9.740,0.499,1522020,487504,217940,5615172,94359.198,2891431.420,0,48677.031,0,3683.143,17137,29122,2.450,2.250,1.370,3,0,141.851,0,0,20,37,0,14,0
14-07 04:09:51,22.528,12.766,52.065,9.261,0,1520028,487336,217952,5617308,27846.552,19791.558,0,41147.056,0,3676.562,16505,29735,2.450,2.250,1.370,1,1,207.257,0,0,20,37,0,13,0
14-07 04:09:52,18.745,8.998,59.985,9.748,0,1518640,486680,217960,5619340,17780.531,7810.037,0,43824.985,0,3979.000,15874,29921,2.340,2.220,1.370,3,0,104.974,0,0,20,36,0,13,0
14-07 04:09:53,17.639,5.466,61.860,9.937,0,1519492,484440,217960,5620728,13043.810,1609.856,0,42392.880,0,3726.519,14245,26657,2.340,2.220,1.370,4,0,38.756,0,0,20,36,0,13,0
14-07 04:09:54,16.827,6.027,63.037,11.553,0,1520008,480168,217964,5624464,14211.668,1627.405,0,45470.910,0,4151.893,15903,30803,2.340,2.220,1.370,2,1,18.082,0,0,20,36,0,13,0
14-07 04:09:55,18.028,5.509,63.349,10.767,0,1521112,476920,217968,5626572,13407.025,1622.544,0,41949.785,0,3800.961,14952,28449,2.340,2.220,1.370,2,1,54.085,0,0,20,36,0,12,0
14-07 04:09:56,17.424,5.974,62.727,10.455,0,1522232,474148,217968,5628224,10286.303,1612.991,0,45876.651,0,4130.054,15904,30746,2.340,2.220,1.370,1,0,41.818,0,0,20,36,0,12,0
14-07 04:09:57,14.795,7.523,61.688,12.789,0,1522652,472132,217968,5629820,9592.222,1462.455,0,76156.005,0,6375.422,19122,38618,2.310,2.220,1.370,3,0,0,0,0,20,36,0,12,0
14-07 04:09:58,15.255,6.002,63.271,11.754,0,1522460,470368,217972,5631772,10051.413,1620.550,0,55214.751,0,4881.658,16843,33892,2.310,2.220,1.370,2,1,0,0,0,20,36,0,12,0
14-07 04:09:59,15.002,7.251,62.508,11.751,0,1522500,468352,217976,5633744,10163.225,1620.195,0,62323.514,0,5285.637,17698,35189,2.310,2.220,1.370,4,1,0,0,0,20,36,0,11,0
14-07 04:10:00,16.245,6.498,62.229,12.246,0,1523036,465832,217976,5635728,25465.455,1619.457,0,66921.544,0,5448.172,17978,36141,2.310,2.220,1.370,1,2,0,0,0,20,36,0,11,0
14-07 04:10:01,14.007,5.753,65.285,11.006,0,1523588,462832,217976,5638160,13495.145,1620.858,0,44859.751,0,4409.335,16875,33082,2.310,2.220,1.370,0,1,0,0,0,20,36,0,11,0
14-07 04:10:02,19.247,10.498,54.492,13.248,0,1529496,454788,217980,5640260,100188.436,2914210.382,47.993,50948.594,6.999,4270.379,18297,31828,2.200,2.200,1.370,2,0,98.986,0,0,20,37,0,11,0
14-07 04:10:03,29.254,10.751,53.007,5.001,0,1528516,454420,217980,5641592,33447.415,20053.647,0,31368.140,0,2396.316,11330,18923,2.200,2.200,1.370,1,0,173.023,0,0,20,33,0,9,0
14-07 04:10:04,24.704,10.980,61.885,0.250,0,1455540,527396,217980,5641592,19261.278,12218.340,0,4747.196,0,270.498,4108,4145,2.200,2.200,1.370,3,0,139.741,0,0,20,32,0,9,0
14-07 04:10:05,22.945,2.743,72.825,0.249,0,1500872,482064,217980,5641592,9622.844,1616.111,0,1520.342,0,94.772,1969,1617,2.200,2.200,1.370,1,0,0,0,0,20,32,0,9,0
14-07 04:10:06,23.312,3.509,71.940,0.752,0,1421016,561916,217980,5641596,12446.898,1718.542,0,5442.385,0,300.795,2649,2518,2.200,2.200,1.370,1,0,35.093,0,0,20,32,0,9,0
14-07 04:10:07,15.484,8.991,72.175,2.497,0,1447756,535004,218016,5641732,9089.508,1456.479,155.837,63.933,34.963,5.994,3245,2266,2.110,2.180,1.370,1,0,141.852,0,0,20,32,0,9,0
14-07 04:10:08,14.522,10.766,72.609,1.001,0,1469144,513088,218016,5642260,9256.845,1622.427,516.773,0,5.007,0,3310,2248,2.110,2.180,1.370,1,0,136.204,0,0,20,32,0,9,0
14-07 04:10:09,22.712,2.496,73.127,0,0,1519796,462436,218016,5642260,13500.319,1617.283,0,0,0,0,1724,1012,2.110,2.180,1.370,1,0,0,0,0,20,32,0,9,0
14-07 04:10:10,23.011,3.251,72.783,0.250,0,1538900,443312,218016,5642280,13808.339,1620.744,0,508.233,0,41.019,2934,3160,2.110,2.180,1.370,1,0,0,0,0,20,33,0,9,0
14-07 04:10:11,20.064,6.521,72.733,0.251,0,1466676,515516,218016,5642300,22793.921,1625.199,0,333.066,0,26.083,3444,3097,2.110,2.180,1.370,1,0,67.215,0,0,20,32,0,9,0
14-07 04:10:12,22.971,1.997,73.408,0,0,1506688,475504,218016,5642300,14164.212,1617.968,0,2209.226,0,358.550,2032,1153,2.020,2.160,1.370,1,0,0.999,0,0,20,32,0,9,0
14-07 04:10:13,23.966,2.746,72.648,0.250,0,1525832,456352,218016,5642308,10232.652,1617.732,0,119.832,0,7.989,2733,2703,2.020,2.160,1.370,1,0,0,0,0,20,33,0,9,0
14-07 04:10:14,27.018,5.504,66.545,0,0,1528636,453500,218016,5642364,30760.591,598939.932,0,52.035,0,7.005,6223,7691,2.020,2.160,1.370,4,0,52.035,0,0,20,34,0,9,0
14-07 04:10:15,28.218,11.487,58.682,0.250,0,1456240,525888,218016,5642364,79836.083,2347767.968,0,271.687,0,21.975,5398,4036,2.020,2.160,1.370,1,0,142.836,0,0,20,33,0,3,0
14-07 04:10:16,30.308,11.021,57.611,0,0,1506720,475272,218016,5642508,25923.034,17397.579,0,364.704,0,52.101,4356,3591,2.020,2.160,1.370,1,0,154.298,0,0,20,33,0,3,0
14-07 04:10:17,23.961,2.746,71.633,0,0,1510704,471276,218016,5642512,12617.408,4115.284,0,3.993,0,0.998,3392,3703,1.940,2.140,1.360,1,0,1.997,0,0,20,33,0,3,0
14-07 04:10:18,23.784,3.255,71.351,0,0,1511104,470828,218016,5642560,10941.557,1622.307,0,8.011,0,2.003,4791,6085,1.940,2.140,1.360,1,0,0,0,0,20,32,0,3,0
14-07 04:10:19,19.467,6.988,72.628,0,0,1520856,461072,218016,5642564,14202.125,1617.281,0,0,0,0,2449,1528,1.940,2.140,1.360,2,0,54.908,0,0,20,32,0,3,0
14-07 04:10:20,23.554,2.506,72.668,0.251,0,1559612,422316,218016,5642564,17128.543,1623.749,0,364.842,0,27.062,2362,2026,1.940,2.140,1.360,3,0,0,0,0,20,33,0,3,0
14-07 04:10:21,23.196,2.744,72.083,0,0,1555636,426272,218016,5642584,9389.267,1616.259,0,1492.545,0,16.961,2997,2919,1.940,2.140,1.360,1,0,0,0,0,20,32,0,3,0
14-07 04:10:22,20.510,6.253,72.785,0,0,1478492,503412,218016,5642588,11411.503,1620.782,0,0,0,0,2235,1487,1.860,2.120,1.360,1,0,35.017,0,0,20,32,0,3,0
14-07 04:10:23,23.487,2.748,72.958,0,0,1513768,468132,218016,5642592,21634.660,1619.077,0,115.934,0,6.996,2076,1517,1.860,2.120,1.360,1,0,0,0,0,20,32,0,3,0
14-07 04:10:24,20.752,5.751,72.008,0,0,1499232,482652,218016,5642608,8887.024,1458.168,0,112.013,0,12.001,3010,2473,1.860,2.120,1.360,1,0,60.007,0,0,20,32,0,3,0
14-07 04:10:25,22.740,3.249,73.469,0.250,0,1499452,482428,218016,5642612,11433.153,1619.314,0,179.924,0,13.994,1739,1114,1.860,2.120,1.360,1,0,0,0,0,20,32,0,3,0
14-07 04:10:26,23.504,2.250,72.762,0,0,1514048,467824,218016,5642620,11281.917,1620.275,0,36.006,0,1.000,2430,2141,1.860,2.120,1.360,1,0,0,0,0,20,33,0,3,0
14-07 04:10:27,35.860,8.777,55.169,0,0,1520628,461096,218016,5642776,56709.523,1635178.402,0,196.602,0,2.006,5654,4899,1.870,2.120,1.370,2,0,104.319,0,0,20,33,0,3,0
14-07 04:10:28,27.410,9.469,60.801,0,0,1545296,436420,218016,5642776,68793.417,1322609.975,0,2998.169,0,401.683,4657,3330,1.870,2.120,1.370,1,0,106.650,0,0,20,33,0,3,0
14-07 04:10:29,30.761,11.004,58.021,0,0,1552256,429452,218016,5642784,29727.009,18274.768,0,8.003,0,2.001,4635,4346,1.870,2.120,1.370,1,0,156.058,0,0,20,32,0,3,0
14-07 04:10:30,23.767,3.252,71.050,0.250,0,1520568,461112,218016,5642812,9693.848,1621.145,0,528.373,0,42.030,4280,5042,1.870,2.120,1.370,2,0,13.009,0,0,20,32,0,3,0
14-07 04:10:31,19.283,6.762,73.377,0,0.250,1565504,416168,218016,5642820,12087.920,1622.808,0,280.485,0,15.026,2426,1678,1.870,2.120,1.370,1,0,54.094,0,0,20,32,0,3,0
14-07 04:10:32,23.673,2.492,72.515,0,0,1591956,389712,218016,5642824,12524.450,1614.772,0,131.574,0,5.981,2132,1563,1.800,2.100,1.360,1,0,0.997,0,0,20,32,0,3,0
14-07 04:10:33,23.829,2.007,72.992,0,0,1582772,398880,218016,5642840,12185.342,1462.843,0,8.027,0,2.007,2906,2835,1.800,2.100,1.360,2,0,0,0,0,20,32,0,3,0
14-07 04:10:34,21.449,5.237,72.825,0,0,1545144,436508,218016,5642840,23009.815,1616.124,0,0,0,0,2181,1430,1.800,2.100,1.360,1,0,33.919,0,0,20,32,0,3,0
14-07 04:10:35,23.501,2.750,73.004,0,0,1568632,413016,218016,5642844,8735.537,1620.100,0,4.000,0,1.000,2005,1448,1.800,2.100,1.360,1,0,0,0,0,20,32,0,4,0
14-07 04:10:36,20.545,6.013,72.159,0.251,0,1525464,456172,218016,5642856,13326.316,1623.572,0,128.282,0,12.026,3093,2517,1.800,2.100,1.360,2,0,60.132,0,0,20,32,0,4,0
14-07 04:10:37,23.020,3.003,73.565,0.250,0,1554172,427464,218016,5642856,14351.634,1621.427,0,180.159,0,14.012,1780,1132,1.740,2.080,1.360,1,0,0,0,0,20,32,0,4,0
14-07 04:10:38,22.926,1.994,73.262,0,0,1565040,416464,218016,5642988,14016.509,1614.759,0,31.896,0,0.997,2329,1803,1.740,2.080,1.360,2,0,0,0,0,20,33,0,4,0
14-07 04:10:39,22.501,6.000,71.002,0,0,1486388,495092,218016,5643012,14076.410,3055.089,0,0,0,0,4267,4341,1.740,2.080,1.360,2,0,45.001,0,0,20,33,0,4,0
14-07 04:10:40,28.731,9.494,59.960,0,0,1525840,455640,218016,5643012,93396.305,2952229.846,0,67.955,0,4.997,5166,3390,1.740,2.080,1.360,1,0,103.931,0,0,20,33,0,4,0
14-07 04:10:41,30.865,11.543,56.461,0,0,1545440,436028,218016,5643024,27142.419,16884.088,0,8.030,0,2.008,4603,4201,1.740,2.080,1.360,2,0,159.596,0,0,20,33,0,5,0
14-07 04:10:42,26.404,4.484,67.254,0.249,0,1535352,446088,218016,5643052,15242.293,9030.994,0,111.592,0,13.949,4762,5598,1.680,2.060,1.360,2,0,50.814,0,0,20,32,0,7,0
14-07 04:10:43,18.994,7.498,72.478,0,0,1487264,494172,218016,5643056,9308.233,1619.519,0,323.904,0,15.995,2643,1812,1.680,2.060,1.360,2,0,66.980,0,0,20,32,0,7,0
14-07 04:10:44,22.517,3.252,73.304,0,0,1531348,450084,218016,5643060,13776.117,1621.191,0,32.024,0,4.003,2100,1576,1.680,2.060,1.360,3,0,0,0,0,20,32,0,7,0
14-07 04:10:45,24.253,2.500,72.760,0,0,1523524,457896,218016,5643072,13962.868,1620.217,0,0,0,0,2983,2867,1.680,2.060,1.360,3,0,2.000,0,0,20,32,0,7,0
14-07 04:10:46,20.510,5.503,73.286,0,0,1524956,456460,218016,5643076,27586.496,1620.793,0,8.004,0,2.001,2134,1583,1.680,2.060,1.360,1,0,32.016,0,0,20,32,0,7,0
14-07 04:10:47,29.735,5.247,63.968,0,0,1532924,448484,218016,5643084,14092.021,1619.198,0,183.909,0,30.985,3056,12188,1.620,2.050,1.360,1,0,35.982,0,0,20,32,0,8,0
14-07 04:10:48,20.553,6.768,71.184,0.752,0.251,1526152,455240,218016,5643100,11750.388,1624.200,0,7896.421,0,687.779,3727,3604,1.620,2.050,1.360,2,0,60.156,0,0,20,32,0,5,0
14-07 04:10:49,23.177,3.240,72.274,0,0,1572992,408368,218016,5643132,12979.344,1614.941,0,167.475,0,10.966,1847,1129,1.620,2.050,1.360,1,0,0,0,0,20,32,0,5,0
14-07 04:10:50,23.840,2.509,73.528,0,0,1587468,393752,218016,5643272,13487.982,1463.532,0,36.137,0,1.004,2458,2119,1.620,2.050,1.360,2,0,0,0,0,20,33,0,5,0
14-07 04:10:51,21.219,4.743,72.145,0,0,1541028,440176,218016,5643288,11930.606,1617.642,0,0,0,0,3485,3363,1.620,2.050,1.360,1,0,42.937,0,0,20,32,0,5,0
14-07 04:10:52,26.945,7.235,64.867,0,0,1543604,437596,218016,5643296,89715.424,2947403.003,0,3.992,0,0.998,4365,2317,1.650,2.040,1.360,1,0,54.888,0,0,20,33,0,5,0
14-07 04:10:53,30.338,10.029,57.917,0,0,1541608,439516,218016,5643372,32178.851,18728.039,0,8.023,0,2.006,4853,4595,1.650,2.040,1.360,3,0,155.449,0,0,20,34,0,5,0
14-07 04:10:54,22.993,15.245,59.732,0.500,0,1436912,544112,218016,5643468,32035.216,15709.202,3.999,587.820,1.000,45.986,6193,6276,1.650,2.040,1.360,1,0,246.925,0,0,20,32,0,5,0
14-07 04:10:55,6.972,15.686,74.447,1.245,0,1444100,536320,218016,5644072,14020.020,1613.443,282.850,318.705,27.887,11.951,4488,3146,1.650,2.040,1.360,0,0,217.118,0,0,20,32,0,5,0
14-07 04:10:56,6.027,10.297,81.622,0.753,0,1432612,547744,218028,5644128,9282.292,1627.415,36.165,0,4.018,0,3314,2630,1.650,2.040,1.360,1,0,150.687,0,0,21,12,0,5,20
14-07 04:10:57,9.006,20.763,69.045,0,0,1436208,544116,218028,5644160,22678.697,1621.051,0,20.013,0,5.003,5436,3748,1.680,2.040,1.370,1,0,296.192,0,0,21,12,0,5,20
14-07 04:10:58,15.719,17.216,65.871,0,0,1427440,552872,218028,5644516,10212.066,1616.844,0,19.961,0,4.990,5517,5242,1.680,2.040,1.370,3,0,199.610,0,0,21,12,0,5,20
14-07 04:10:59,26.293,18.029,55.089,0,0,1463016,517200,218032,5644268,9854.993,1460.370,0,4.007,0,1.002,5291,4883,1.680,2.040,1.370,2,0,220.358,0,0,21,12,0,5,20
14-07 04:11:00,17.236,21.233,58.202,1.499,0,1477792,501432,218040,5645208,10190.628,1618.670,43.964,315.741,1.998,6.994,5554,3893,1.680,2.040,1.370,3,0,305.749,0,0,23,12,0,5,20
14-07 04:11:01,16.510,16.510,65.539,0,0,1484832,494376,218040,5645568,15061.947,1620.963,0,48.029,0,6.004,5518,5378,1.680,2.040,1.370,4,0,205.122,0,0,23,12,0,5,20
14-07 04:11:02,26.239,16.993,55.228,0,0,1516240,462900,218040,5645296,9882.003,1619.345,0,7.997,0,1.000,5776,5891,1.630,2.030,1.360,2,0,216.912,0,0,23,12,0,5,20
14-07 04:11:03,16.009,22.012,60.534,0,0,1536320,442504,218040,5645612,9420.283,1620.909,4.002,16.009,1.001,4.002,5666,4073,1.630,2.030,1.360,1,0,309.173,0,0,25,12,0,5,20
14-07 04:11:04,18.979,16.481,63.429,0.250,0,1543772,435028,218040,5645636,19323.272,5946.314,0,303.659,0,15.982,5980,6289,1.630,2.030,1.360,1,0,206.768,0,0,25,13,0,5,20
14-07 04:11:05,32.012,17.006,49.268,0,0,1577580,401180,218044,5645672,84502.082,3017817.038,0,812.299,0,11.004,6779,5494,1.630,2.030,1.360,2,0,196.072,0,0,25,13,0,5,20
14-07 04:11:06,75.591,16.520,8.510,0,0,1798584,179720,218096,5646044,31383.747,18328.044,0,32.039,0,2.002,5895,5190,1.630,2.030,1.360,15,0,172.207,0,0,27,13,0,5,20
14-07 04:11:07,84.485,15.247,0,0,0,1972232,172640,218076,5482972,27657.950,16173.047,171.969,1539.719,3.999,64.988,6015,5258,2.780,2.260,1.440,13,0,115.979,0,0,27,12,0,5,20
14-07 04:11:08,89.699,10.216,0,0,0,2145424,141748,218060,5343744,10145.999,1614.589,574.076,47.840,14.950,2.990,5137,3552,2.780,2.260,1.440,10,0,41.860,0,0,27,12,0,5,20
14-07 04:11:09,19.520,16.267,62.564,0.250,0,2093684,193344,218064,5343808,23031.423,1459.484,4.004,4892.976,1.001,546.556,5582,4040,2.780,2.260,1.440,1,0,236.240,0,0,27,12,0,5,20
14-07 04:11:10,9.009,18.519,67.569,2.753,0,2077392,209048,218064,5344396,8847.065,1621.662,432.443,196.201,8.008,12.012,5114,3872,2.780,2.260,1.440,1,0,259.266,0,0,27,12,0,5,20
14-07 04:11:11,18.757,16.256,60.272,3.001,0,2062388,223700,218064,5345092,13389.877,1620.590,340.124,44.016,17.006,5.002,6515,8056,2.780,2.260,1.440,13,0,201.073,0,0,27,12,0,5,20
14-07 04:11:12,23.494,12.996,56.235,6.498,0,2091988,192812,218064,5346040,18333.055,1619.563,1167.685,0,27.992,0,4333,3277,3.280,2.370,1.480,2,1,130.965,0,0,27,12,0,5,20
14-07 04:11:13,23.453,3.493,70.609,1.747,0,2135316,148976,218064,5346548,20507.921,1616.762,223.552,0,5.988,0,2393,1926,3.280,2.370,1.480,3,0,15.968,0,0,28,12,0,5,20
14-07 04:11:14,16.490,10.743,70.955,0,0,2165608,184748,218064,5281628,14274.982,1618.977,0,0,0,0,3517,2629,3.280,2.370,1.480,2,0,90.943,0,0,28,12,0,6,20
14-07 04:11:15,24.785,4.256,69.349,0.501,0,2217232,133120,218064,5281632,10270.689,1622.320,8.011,148.212,1.001,2.003,2411,1855,3.280,2.370,1.480,1,0,6.009,0,0,28,13,0,7,16
14-07 04:11:16,23.040,4.007,69.872,1.503,0,2222228,128080,218064,5281676,14067.505,1622.827,16.028,332.579,2.003,29.051,3845,4518,3.280,2.370,1.480,2,0,0,0,0,28,17,0,8,0
14-07 04:11:17,18.260,13.007,67.038,1.001,0,2142044,207912,218064,5282012,20419.588,5286.000,20.011,320.182,1.001,36.020,4819,4327,3.100,2.350,1.480,3,0,199.113,0,0,28,15,0,12,0
14-07 04:11:18,14.246,25.244,57.736,0.750,0,2142152,207712,218064,5282084,97540.761,3078379.029,59.985,383.905,4.999,4.999,8332,6727,3.100,2.350,1.480,3,0,515.872,0,0,28,15,0,12,0
14-07 04:11:19,16.508,27.014,55.028,0,0,2141916,207708,218064,5282284,33282.731,19644.876,8.004,32.016,1.001,8.004,7061,6459,3.100,2.350,1.480,2,0,444.223,0,0,28,15,0,12,0
14-07 04:11:20,18.965,17.218,62.384,0,0,2144512,205080,218064,5282656,16856.571,5020.639,15.970,15.970,0.998,3.993,6127,6882,3.100,2.350,1.480,3,0,258.518,0,0,28,14,0,12,0
14-07 04:11:21,31.474,15.237,49.958,1.499,0,2213928,135524,218072,5282904,26023.365,1618.654,115.904,3.997,4.996,0.999,5457,5401,3.100,2.350,1.480,3,0,179.850,0,0,28,14,0,12,0
14-07 04:11:22,49.214,5.246,44.218,0,0,2227916,200908,218072,5205436,12077.124,1618.810,0,287.788,0,3.997,3459,1932,3.010,2.340,1.480,2,0,16.988,0,0,28,15,0,12,0
14-07 04:11:23,47.002,5.500,46.502,0.250,0.250,2298996,129592,218072,5205672,10416.430,1620.067,0,1468.061,0,83.003,3395,1995,3.010,2.340,1.480,3,0,0,0,0,28,15,0,12,0
14-07 04:11:24,53.182,4.265,41.643,0,0,2365376,141348,218076,5129476,8896.519,1625.576,0,192.661,0,12.041,4088,3056,3.010,2.340,1.480,3,0,13.045,0,0,28,29,0,12,0
14-07 04:11:25,46.172,5.740,46.422,0.749,0,2402696,179100,218092,5055848,8697.361,1617.278,95.839,910.468,0.998,66.887,3752,2651,3.010,2.340,1.480,2,0,5.990,0,0,28,31,0,12,0
14-07 04:11:26,33.026,13.260,53.042,0.250,0,2422984,156348,218096,5058156,9271.289,1621.275,0,400.315,0,18.014,7430,10955,3.010,2.340,1.480,1,0,149.117,0,0,28,30,0,13,0
14-07 04:11:27,16.206,16.206,65.074,0,0,2436880,142428,218100,5058312,11138.900,1454.071,0,87.763,0,3.989,6163,6507,2.930,2.340,1.490,0,0,264.286,0,0,28,30,0,13,0
14-07 04:11:28,16.232,9.989,70.670,1.498,0,2429840,149380,218100,5058268,14786.230,1618.165,79.909,0,5.993,0,4602,5630,2.930,2.340,1.490,0,0,100.886,0,0,28,30,0,13,0
14-07 04:11:29,2.752,1.251,95.084,0,0,2431284,147936,218100,5058268,21431.973,1621.435,0,8.007,0,2.002,1413,1726,2.930,2.340,1.490,1,0,3.003,0,0,28,30,0,13,0
14-07 04:11:30,15.503,6.001,77.014,0.500,0,2439028,209644,218100,4990028,33520.115,359866.651,20.004,7233.320,1.000,753.137,3622,2794,2.930,2.340,1.490,1,0,63.011,0,0,28,31,0,13,0
14-07 04:11:31,8.527,7.775,81.010,0,0,2431120,217424,218100,4990156,94256.426,2768031.364,0,4.013,0,1.003,5024,3772,2.930,2.340,1.490,1,0,107.344,0,0,28,31,0,13,0
14-07 04:11:32,10.752,10.252,76.768,0,0,2372124,276416,218100,4990160,43124.918,18623.283,16.004,92.021,1.000,2.000,4594,4540,3.010,2.360,1.500,3,0,136.031,0,0,28,31,0,13,0
14-07 04:11:33,20.742,16.993,61.226,0,0,2448420,200076,218100,4990652,10670.815,5028.028,0,0,0,0,6296,7448,3.010,2.360,1.500,3,0,295.884,0,0,28,30,0,13,0
14-07 04:11:34,25.751,11.750,60.751,0.250,0,2408252,240240,218100,4990176,16195.317,1620.032,0,184.004,0,13.000,5080,5403,3.010,2.360,1.500,2,0,193.004,0,0,28,38,0,13,0
14-07 04:11:35,19.760,21.010,55.777,2.251,0,2458576,189600,218108,4990588,14590.075,1858.901,68.033,196.095,17.008,17.008,6075,5270,3.010,2.360,1.500,2,0,318.154,0,0,29,46,0,13,0
14-07 04:11:36,22.288,13.373,62.159,0,0,2448112,200056,218108,4990560,13882.040,1444.271,0,3.962,0,0.991,6181,8407,3.010,2.360,1.500,4,0,137.691,0,0,29,46,0,13,0
14-07 04:11:37,9.303,10.309,78.197,0,0,2444288,203900,218108,4990424,13496.182,1629.318,0,241.380,0,11.063,3869,3995,2.770,2.320,1.490,0,0,188.076,0,0,29,46,0,12,0
14-07 04:11:38,15.738,14.989,67.450,0,0,2453436,194728,218108,4990904,9680.778,1618.792,0,447.666,0,53.960,5655,6139,2.770,2.320,1.490,1,0,213.840,0,0,31,46,0,12,0
14-07 04:11:39,21.822,14.548,62.456,0.251,0,2467828,180276,218108,4990484,15309.376,1625.348,8.026,12.040,1.003,3.010,5066,5549,2.770,2.320,1.490,1,0,146.482,0,0,31,48,0,13,0
14-07 04:11:40,9.759,20.519,68.813,0,0,2471184,176748,218108,4990644,10324.425,1663.519,0,392.358,0,19.017,5747,4456,2.770,2.320,1.490,2,0,325.297,0,0,31,48,0,14,0
14-07 04:11:41,9.977,20.203,67.844,0,0,2471808,175964,218108,4990804,10699.349,1616.276,0,35.917,0,8.979,5924,4610,2.770,2.320,1.490,1,0,325.251,0,0,31,48,0,14,0
14-07 04:11:42,23.476,13.486,61.437,0,0,2454704,193068,218108,4991284,14856.802,1618.345,0,1046.929,0,1.998,6128,7596,2.630,2.300,1.490,2,0,161.834,0,0,31,48,0,13,0
14-07 04:11:43,31.869,25.094,42.158,0,0,2493324,154424,218120,4990820,101526.128,3162771.851,0,76.286,0,9.034,7699,5975,2.630,2.300,1.490,3,0,393.473,0,0,31,49,0,13,0
14-07 04:11:44,36.935,27.452,34.190,0,0,2528960,190948,218120,4920480,42131.869,20512.907,3.993,31.944,0.998,2.995,7114,6773,2.630,2.300,1.490,5,0,512.099,0,0,31,49,0,13,0
14-07 04:11:45,33.751,25.751,39.752,0,0,2574788,144588,218188,4920912,15904.678,10919.465,0,652.028,0,6.000,6750,6039,2.630,2.300,1.490,2,1,466.020,0,0,31,48,0,13,0
14-07 04:11:46,33.296,23.282,42.058,0.250,0,2624348,166492,218208,4851252,13526.630,1622.234,32.044,36.050,2.003,9.012,7408,7960,2.630,2.300,1.490,2,0,337.465,0,0,31,52,0,13,0
14-07 04:11:47,41.283,20.393,36.061,0.249,0,2709176,154116,218208,4782184,18735.608,1611.537,19.896,15.916,3.979,3.979,6545,8822,3.860,2.560,1.580,6,0,248.694,0,0,31,52,0,13,0
14-07 04:11:48,61.973,18.065,19.821,0,0,2733588,129692,218208,4781040,13569.830,1625.851,0,0,0,0,5102,15304,3.860,2.560,1.580,5,0,200.722,0,0,31,52,0,14,0
14-07 04:11:49,60.615,26.550,12.273,0,0,2828824,173260,218224,4644860,10259.510,1623.086,0,1074.042,0,21.040,5889,4439,3.860,2.560,1.580,4,0,353.673,0,0,31,52,0,14,0
14-07 04:11:50,63.916,18.901,16.663,0,0,2879788,191584,218232,4578004,9882.371,1611.581,230.794,7.958,1.990,1.990,6225,8558,3.860,2.560,1.580,3,0,213.883,0,0,31,52,0,13,0
14-07 04:11:51,71.628,20.106,7.791,0,0,2958812,180524,218256,4511128,11680.654,1628.596,4.021,8295.788,1.005,806.256,5877,3890,3.860,2.560,1.580,4,0,263.390,0,0,31,52,0,13,0
14-07 04:11:52,69.393,25.960,3.245,1.498,0,3054824,149576,218556,4447256,8586.771,1617.508,195.698,1593.545,19.969,101.843,5913,5013,3.950,2.600,1.600,3,2,322.503,0,0,31,52,0,13,0
14-07 04:11:53,79.461,17.741,1.749,1.249,0,3137172,191188,218932,4325732,9012.562,1619.203,411.797,2134.949,39.980,77.962,7126,8176,3.950,2.600,1.600,4,0,157.922,0,0,31,56,0,13,0
14-07 04:11:54,69.687,26.476,1.748,0.999,0.250,3254548,123072,218368,4277232,14260.104,1618.536,83.924,12480.713,4.995,1282.840,10897,17011,3.950,2.600,1.600,5,0,251.772,0,0,31,56,0,13,0
14-07 04:11:55,67.603,26.193,3.243,1.996,0,3338376,146456,218180,4172220,63807.891,1986711.726,0,23824.061,0,1717.256,12930,21251,3.950,2.600,1.600,9,0,322.297,0,0,31,59,0,13,0
14-07 04:11:56,71.910,20.901,5.972,0.746,0,3380296,144684,218216,4132452,66558.245,1241637.282,83.605,10625.751,4.976,1102.785,12180,19046,3.950,2.600,1.600,5,0,207.021,0,0,31,58,0,13,1
14-07 04:11:57,78.769,20.702,1.515,0,0,3424560,152700,218208,4080044,20886.896,11263.957,76.749,1268.382,5.049,48.473,8448,9198,4.040,2.640,1.610,5,0,247.415,0,0,31,65,0,17,0
14-07 04:11:58,70.986,26.745,1.750,0,0,3480060,149124,218200,4028656,26440.728,15828.844,3.999,1211.758,1.000,56.989,8578,14870,4.040,2.640,1.610,6,0,428.914,0,0,31,74,0,25,0
14-07 04:11:59,55.905,23.710,18.968,0.250,0,3549360,128680,218196,3980312,10225.675,4115.028,7.986,870.525,1.997,48.917,7080,8379,4.040,2.640,1.610,4,0,357.394,0,0,31,73,0,27,0
14-07 04:12:00,39.829,22.795,36.572,0.250,0,3597776,136304,218196,3925756,9244.287,1623.211,0,829.641,0,44.087,7174,8666,4.040,2.640,1.610,4,0,301.597,0,0,31,73,0,28,0
14-07 04:12:01,50.492,14.498,33.494,0,0,3640140,150700,218200,3870036,12661.889,1619.730,0,723.879,0,36.994,5463,6435,4.040,2.640,1.610,4,0,141.976,0,0,31,75,0,28,0
14-07 04:12:02,69.923,14.484,14.983,0.250,0,3744044,163884,218204,3755508,10802.068,1618.213,0,5302.143,0,263.709,6086,8404,3.950,2.650,1.620,4,0,73.918,0,0,31,78,0,32,0
14-07 04:12:03,46.716,5.996,45.966,0.500,0,3809448,153280,218212,3702860,16283.013,1618.808,143.894,563.585,7.994,30.977,3801,3260,3.950,2.650,1.620,1,0,18.986,0,0,31,81,0,32,0
14-07 04:12:04,9.478,19.206,69.840,0,0,3831464,131236,218212,3702888,20693.486,1454.660,0,674.451,0,41.904,5860,4616,3.950,2.650,1.620,4,0,293.326,0,0,31,81,0,32,0
14-07 04:12:05,9.519,19.288,69.889,0,0,3827212,135464,218212,3702912,10161.229,1623.232,0,80.160,0,9.018,5734,4475,3.950,2.650,1.620,1,0,288.575,0,0,31,81,0,32,0
14-07 04:12:06,8.743,19.484,69.691,0.250,0,3823100,139532,218212,3702940,10138.421,1802.475,0,119.899,0,9.992,5501,4151,3.950,2.650,1.620,1,0,276.766,0,0,31,81,0,32,0
14-07 04:12:07,20.226,10.987,67.920,0,0,3850208,147304,218212,3669668,22252.650,1618.084,0,447.470,0,6.992,3746,3033,3.720,2.620,1.620,2,0,113.865,0,0,31,83,0,32,0
14-07 04:12:08,24.997,3.000,69.993,0.250,0,3890824,152204,218212,3625048,10593.920,1619.835,67.993,55.994,1.000,1.000,2313,1788,3.720,2.620,1.620,2,0,0,0,0,31,83,0,32,0
14-07 04:12:09,40.908,11.544,46.178,0,0.502,3931804,186640,218212,3551100,101716.874,3315818.509,0,1903.333,0,21.081,6126,4698,3.720,2.620,1.620,2,1,107.414,0,0,31,89,0,32,0
14-07 04:12:10,33.238,9.746,55.230,0.500,0,3909096,209340,218212,3551104,30985.805,20475.602,15.994,175.936,1.000,21.992,5885,6403,3.720,2.620,1.620,2,0,118.957,0,0,31,92,0,33,0
14-07 04:12:11,23.925,9.969,63.550,1.246,0,3852212,266112,218212,3551216,25084.970,11100.029,91.711,203.359,1.994,11.962,4047,3724,3.720,2.620,1.620,1,0,149.529,0,0,31,91,0,33,0
14-07 04:12:12,25.236,2.998,67.462,2.249,0,3897676,220476,218212,3551388,11440.543,1619.086,171.903,9994.359,1.999,985.444,3285,2608,3.500,2.590,1.620,2,0,2.998,0,0,31,93,0,33,0
14-07 04:12:13,39.480,6.747,51.973,0.500,0,3995764,158696,218212,3515428,15348.050,1619.161,819.575,275.857,36.981,30.984,4725,4894,3.500,2.590,1.620,6,1,3.998,0,0,31,98,0,33,0
14-07 04:12:14,25.281,4.005,68.083,1.252,0,4000608,153404,218216,3516128,14036.202,1459.789,368.452,508.623,28.034,52.064,3802,4521,3.500,2.590,1.620,1,0,2.002,0,0,31,102,0,32,0
14-07 04:12:15,22.446,6.235,69.083,0.998,0,3949272,204580,218216,3516288,8837.637,1616.093,151.633,1799.650,5.986,136.670,3425,3459,3.500,2.590,1.620,2,0,45.889,0,0,31,101,0,32,0
14-07 04:12:16,24.295,3.507,70.382,0.501,0,3998332,155440,218216,3516368,14191.523,1623.033,80.150,148.277,1.002,8.015,2420,1900,3.500,2.590,1.620,1,0,3.006,0,0,31,101,0,32,0
14-07 04:12:17,24.009,3.751,70.026,0.250,0,4004860,148900,218216,3516380,14935.484,1620.595,0,5125.882,0,180.066,3906,4365,3.300,2.570,1.610,1,0,0,0,0,31,102,0,32,0
14-07 04:12:18,22.474,5.993,69.920,0.250,0,3982852,170824,218216,3516464,11792.460,1618.142,63.927,415.523,3.995,62.928,3584,3722,3.300,2.570,1.610,1,0,50.942,0,0,31,101,0,26,0
14-07 04:12:19,24.527,3.754,70.577,0.250,0,4035036,147536,218216,3487740,27845.536,1621.779,0,324.356,0,21.023,2502,2132,3.300,2.570,1.610,1,0,0,0,0,31,101,0,26,0
14-07 04:12:20,24.244,3.249,70.483,0.250,0,4050792,131924,218216,3487616,20822.919,1619.605,0,367.910,0,27.993,3078,2991,3.300,2.570,1.610,2,0,0,0,0,31,101,0,26,0
14-07 04:12:21,28.465,6.991,59.428,2.747,0,4049668,132104,218216,3488568,77863.336,2410756.058,866.946,2524.930,47.942,252.693,7594,9116,3.300,2.570,1.610,2,0,53.934,0,0,31,104,0,26,0
14-07 04:12:22,31.832,11.279,54.140,1.003,0,4030820,149832,218216,3489664,53008.787,914274.255,1106.856,1215.136,57.147,139.360,7370,8446,3.270,2.580,1.620,12,0,111.287,0,0,31,106,0,27,0
14-07 04:12:23,38.780,16.763,43.284,0.250,0,3962460,217796,218216,3490060,27158.092,17163.330,64.050,1729.343,4.003,135.105,7470,9442,3.270,2.580,1.620,1,0,269.209,0,0,31,106,0,29,0
14-07 04:12:24,20.712,2.745,71.121,3.494,0,4009292,170196,218216,3490828,13689.141,1617.064,766.608,2970.606,6.987,23.956,2257,1985,3.270,2.580,1.620,1,0,0,0,0,31,106,0,29,0
14-07 04:12:25,24.505,3.001,70.514,0.250,0,4035752,143748,218216,3490832,9265.869,1620.327,0,2620.529,0,294.059,2984,2757,3.270,2.580,1.620,1,0,0,0,0,31,108,0,29,0
14-07 04:12:26,24.298,4.509,69.138,0.751,0,4037500,141732,218216,3491100,10158.237,1623.234,240.479,2068.120,13.026,146.291,4629,6146,3.270,2.580,1.620,1,0,1.002,0,0,31,108,0,29,0
14-07 04:12:27,30.619,6.472,60.989,0.747,0,4059832,224540,218220,3388744,8330.353,1613.097,79.659,1115.228,3.983,106.544,4850,5865,3.090,2.550,1.620,2,0,3.983,0,0,31,107,0,29,0
14-07 04:12:28,36.916,15.068,44.450,2.260,0,4104332,179600,218224,3389180,13883.380,1627.312,437.968,373.679,9.041,26.117,5086,3992,3.090,2.550,1.620,2,0,186.839,0,0,31,107,0,29,0
14-07 04:12:29,46.384,5.237,45.885,0.748,0,4127028,156680,218224,3389404,15670.895,1615.967,71.821,315.213,4.988,18.953,3484,2114,3.090,2.550,1.620,2,0,0,0,0,31,107,0,29,0
14-07 04:12:30,28.246,4.999,61.241,4.749,0,4162568,120932,218224,3389612,10057.496,1619.758,199.970,275.959,3.000,14.998,3097,2751,3.090,2.550,1.620,1,0,0,0,0,31,107,0,29,0
14-07 04:12:31,24.490,4.998,67.724,0.750,0,4162476,158180,218224,3353348,26483.665,1619.368,47.981,1783.304,1.999,170.933,5548,7452,3.090,2.550,1.620,3,0,0,0,0,31,108,0,29,0
14-07 04:12:32,25.110,4.520,68.551,0.502,0,4074500,245996,218224,3353508,16444.112,1464.422,0,755.312,0,78.344,4343,5130,3,2.540,1.620,1,0,15.066,0,0,31,107,0,29,0
14-07 04:12:33,23.679,7.727,67.298,0,0,4118340,202148,218224,3353516,16704.923,4958.137,0,478.565,0,35.892,3529,3017,3,2.540,1.620,2,0,74.776,0,0,31,110,0,29,0
14-07 04:12:34,38.334,8.268,51.864,0.501,0,4169620,150868,218224,3353524,94416.464,3323765.409,0,4177.179,0,239.526,5777,4288,3,2.540,1.620,4,0,60.132,0,0,31,111,0,29,0
14-07 04:12:35,30.405,10.218,57.071,0.498,0,4161964,158492,218228,3353532,28489.776,19577.687,3.988,1459.429,0.997,74.766,5772,6473,3,2.540,1.620,1,0,153.519,0,0,31,110,0,29,0
14-07 04:12:36,27.100,11.543,59.971,0,0,4103396,217036,218228,3353556,22328.358,16235.886,0,96.355,0,7.026,4540,4200,3,2.540,1.620,1,0,163.603,0,0,31,109,0,29,0
14-07 04:12:37,25.239,2.499,71.219,0,0,4156376,164052,218228,3353556,9390.886,1619.291,0,47.979,0,3.998,2375,1907,2.840,2.510,1.620,2,0,0,0,0,31,110,0,29,0
14-07 04:12:38,23.925,3.489,70.029,0.249,0,4156996,163432,218228,3353556,14752.457,1614.905,0,4681.231,0,621.041,3875,3935,2.840,2.510,1.620,2,0,0,0,0,31,109,0,29,0
14-07 04:12:39,24.506,8.002,66.515,0,0,4194400,149056,218228,3331052,17190.887,1620.366,0,128.029,0,4.001,3161,2441,2.840,2.510,1.620,1,0,51.012,0,0,31,109,0,29,0
14-07 04:12:40,25.240,3.499,69.971,0,0.250,4239964,136816,218224,3298544,14272.110,1619.332,0,3.998,0,1.000,2647,2173,2.840,2.510,1.620,2,0,0,0,0,31,110,0,30,0
14-07 04:12:41,24.839,4.265,69.249,0.502,0,4237284,139112,218224,3298928,8883.961,1463.264,341.228,630.267,22.079,73.264,4193,5322,2.840,2.510,1.620,3,0,0,0,0,31,110,0,31,0
14-07 04:12:42,19.673,8.218,69.230,0.249,0,4178228,198160,218224,3298936,22158.542,1613.704,0,458.212,0,50.802,3774,3718,2.700,2.490,1.610,1,0,82.677,0,0,31,109,0,31,0
14-07 04:12:43,25.250,2.750,71.000,0.250,0,4222168,154212,218224,3298944,9220.944,1619.990,0,379.998,0,28.000,2391,2174,2.700,2.490,1.610,1,0,0,0,0,31,109,0,29,0
14-07 04:12:44,25.044,4.007,69.622,0.250,0,4229604,146664,218224,3299056,9768.131,1622.846,0,1266.221,0,78.137,3535,4157,2.700,2.490,1.610,1,0,0,0,0,31,111,0,29,0
14-07 04:12:45,22.218,6.491,70.149,0.250,0,4192024,184228,218224,3299072,10389.102,1617.680,0,351.496,0,8.987,3131,2711,2.700,2.490,1.610,1,0,54.921,0,0,31,109,0,29,0
14-07 04:12:46,26.863,4.017,67.784,0,0,4194360,181888,218224,3299076,21808.501,6006.200,0,76.320,0,4.017,2824,2374,2.700,2.490,1.610,3,0,19.080,0,0,31,110,0,29,0
14-07 04:12:47,30.713,8.240,59.179,0,0,4190816,185420,218228,3299088,101751.710,3339435.330,0,27.967,0,3.995,6326,5186,2.720,2.500,1.620,2,0,90.892,0,0,31,112,0,27,0
14-07 04:12:48,36.645,15.206,43.376,3.241,0,4179776,195712,218228,3299832,34591.045,19551.070,299.144,2125.918,16.952,282.193,9231,19319,2.720,2.500,1.620,8,0,192.449,0,0,31,111,0,28,0
14-07 04:12:49,25.830,9.028,62.946,0.502,0,4154168,221248,218228,3299904,15193.321,5140.009,0,1207.762,0,89.278,5225,6400,2.720,2.500,1.620,1,0,103.322,0,0,31,109,0,28,0
14-07 04:12:50,24.409,3.238,70.736,0,0,4197092,178324,218228,3299904,9533.398,1452.575,0,852.815,0,47.821,2397,2007,2.720,2.500,1.620,1,0,0,0,0,31,109,0,28,0
14-07 04:12:51,25.063,2.757,70.928,0,0,4207612,167792,218228,3299916,9445.643,1624.065,0,621.556,0,33.083,3247,3403,2.720,2.500,1.620,1,0,0,0,0,31,111,0,27,0
14-07 04:12:52,25.166,3.987,69.019,0.249,0,4205988,169408,218228,3299924,10551.610,1614.585,0,661.780,0,54.816,3945,4582,2.580,2.470,1.620,1,0,0.997,0,0,31,110,0,27,0
14-07 04:12:53,27.904,6.536,62.846,0.754,0,4204072,171264,218228,3299984,10336.899,1628.967,16.089,1548.524,1.006,151.836,7250,10358,2.580,2.470,1.620,2,0,0,0,0,31,110,0,27,0
14-07 04:12:54,47.224,8.699,42.253,0.497,0,4163600,211644,218228,3300076,21627.509,1610.580,0,918.627,0,97.430,8980,12052,2.580,2.470,1.620,1,0,78.541,0,0,31,113,0,28,0
14-07 04:12:55,23.532,3.755,71.347,0,0,4217464,157644,218228,3300212,13101.739,1622.196,0,676.917,0,68.092,2406,2000,2.580,2.470,1.620,3,0,0,0,0,31,113,0,28,0
14-07 04:12:56,27.268,3.502,68.296,0.250,0,4242796,132260,218228,3300264,14829.001,1621.093,48.032,376.254,3.002,26.018,2964,2782,2.580,2.470,1.620,3,0,2.001,0,0,31,115,0,28,0
14-07 04:12:57,25.737,3.998,68.214,0.750,0,4239760,135208,218228,3300352,9982.791,1619.155,47.975,947.506,2.998,114.940,4772,6007,2.450,2.450,1.610,2,0,0,0,0,31,115,0,28,0
14-07 04:12:58,19.249,10.000,67.748,0.500,0,4161492,213460,218228,3300368,10565.712,1619.956,0,3903.894,0,230.994,4350,4407,2.450,2.450,1.610,2,0,146.996,0,0,31,115,0,28,0
14-07 04:12:59,28.752,7.188,61.469,0,0,4192064,182820,218228,3300436,101146.530,3322872.692,0,440.199,0,23.795,5064,3361,2.450,2.450,1.610,2,0,53.538,0,0,31,116,0,16,0
14-07 04:13:00,31.611,11.380,56.900,0.253,0,4189760,184976,218228,3300584,28159.680,19588.771,0,1039.879,0,51.589,5819,6651,2.450,2.450,1.610,1,0,159.826,0,0,31,117,0,17,0
14-07 04:13:01,27.697,8.733,59.137,1.996,0,4187444,187156,218228,3300720,18215.194,12217.654,99.809,1026.039,1.996,84.838,6300,8011,2.450,2.450,1.610,1,0,102.804,0,0,31,116,0,18,0
14-07 04:13:02,26.166,6.230,65.538,0.997,0,4194052,195544,218228,3285896,9138.489,1614.785,87.717,1411.442,4.984,94.694,6127,8379,2.420,2.440,1.620,5,0,1.994,0,0,31,116,0,18,0
14-07 04:13:03,39.957,11.309,45.988,0.503,0,4114128,303128,218228,3258604,21629.121,1628.442,48.250,5673.410,3.016,716.715,10477,14024,2.420,2.440,1.620,3,0,133.693,0,0,31,115,0,12,0
14-07 04:13:04,35.403,12.715,50.860,0.249,0,4153820,263360,218232,3258644,22583.816,1942.651,0,913.485,0,74.794,6176,6653,2.420,2.440,1.620,2,0,154.574,0,0,31,115,0,12,0
14-07 04:13:05,24.604,3.013,70.548,0,0,4203672,213504,218232,3258648,11348.930,1803.617,0,405.713,0,24.102,2420,2020,2.420,2.440,1.620,1,0,0,0,0,31,116,0,12,0
14-07 04:13:06,25.889,3.236,69.203,0.249,0,4205936,211236,218236,3258648,29436.836,1955.618,0,537.695,0,31.863,3806,4203,2.420,2.440,1.620,1,0,0,0,0,31,115,0,12,0
14-07 04:13:07,21.562,6.519,71.205,0,0,4217000,200156,218236,3258664,11007.705,1624.680,0,353.017,0,17.049,3042,2568,2.300,2.420,1.610,1,0,61.176,0,0,31,115,0,12,0
14-07 04:13:08,25.125,2.239,70.649,0,0,4247488,169668,218236,3258664,10916.763,1969.216,0,258.715,0,15.921,2274,1818,2.300,2.420,1.610,2,0,0,0,0,31,115,0,12,0
14-07 04:13:09,31.267,6.504,61.033,0.250,0,4274316,176116,218236,3226416,9309.035,1662.899,0,1488.805,0,97.052,3801,3833,2.300,2.420,1.610,3,0,3.002,0,0,31,117,0,12,0
14-07 04:13:10,25.594,5.520,66.997,0.502,0,4270028,180352,218236,3226468,12224.025,1696.248,28.104,626.307,2.007,74.274,5408,6784,2.300,2.420,1.610,2,0,0,0,0,31,116,0,13,0
14-07 04:13:11,29.028,9.009,60.057,0.500,0,4268216,182156,218236,3226516,50107.846,1524358.560,0,700.669,0,79.076,7932,10238,2.300,2.420,1.610,4,0,53.051,0,0,31,119,0,13,0
14-07 04:13:12,33.280,12.261,52.797,0.500,0,4241120,209084,218236,3226676,74390.594,1856206.656,0,600.538,0,62.056,12722,18033,2.120,2.370,1.600,2,0,108.097,0,0,31,119,0,12,0
14-07 04:13:13,30.392,13.203,53.311,0,0,4169628,280556,218236,3226696,33784.362,18203.537,0,573.967,0,54.806,6190,6874,2.120,2.370,1.600,1,0,229.188,0,0,31,117,0,13,0
14-07 04:13:14,24.979,2.997,70.689,0.250,0,4215532,234652,218236,3226696,20327.505,1708.530,0,263.773,0,15.986,2512,2013,2.120,2.370,1.600,2,0,0,0,0,31,117,0,13,0
14-07 04:13:15,24.762,3.252,70.535,0,0,4222604,227572,218236,3226704,16124.913,1620.795,0,256.126,0,14.007,3590,3911,2.120,2.370,1.600,2,0,0,0,0,31,119,0,13,0
14-07 04:13:16,25.768,4.753,67.046,1.001,0,4222772,227188,218236,3226920,9755.646,1621.104,64.044,1004.684,2.001,112.076,5595,7251,2.120,2.370,1.600,1,0,6.004,0,0,31,118,0,13,0
14-07 04:13:17,27.570,5.514,64.664,0.251,0,4220248,229644,218236,3226988,22103.205,1461.717,0,862.192,0,88.224,7894,12155,2.030,2.350,1.600,1,0,0,0,0,31,118,0,13,0
14-07 04:13:18,24.758,13.004,61.270,1.000,0,4136508,313340,218236,3227032,11102.617,1690.551,0,5677.850,0,374.122,7478,9451,2.030,2.350,1.600,1,0,189.062,0,0,31,117,0,14,0
14-07 04:13:19,21.617,5.963,69.573,0,0,4189368,260456,218236,3227056,8994.736,2643.757,15.902,147.096,0.994,6.957,2759,2458,2.030,2.350,1.600,1,0,57.646,0,0,31,117,0,14,0
14-07 04:13:20,25.057,3.508,70.411,0,0,4224632,225188,218236,3227060,11107.455,1623.721,0,160.368,0,10.023,2879,2618,2.030,2.350,1.600,1,0,0,0,0,31,117,0,14,0
14-07 04:13:21,25.497,3.000,69.991,0.250,0,4224624,225188,218236,3227068,18302.704,1619.797,0,383.952,0,19.997,3521,3715,2.030,2.350,1.600,2,0,0,0,0,31,117,0,14,0
14-07 04:13:22,10.044,19.084,69.304,0,0,4167800,281968,218236,3227096,18994.440,1884.277,0,140.618,0,8.035,5622,4315,1.950,2.330,1.600,1,0,270.187,0,0,31,117,0,14,0
14-07 04:13:23,10.246,20.492,67.473,0,0,4169880,279860,218236,3227124,17293.048,4899.031,0,111.955,0,8.996,5715,4426,1.950,2.330,1.600,1,0,291.883,0,0,31,118,0,14,0
14-07 04:13:24,20.505,19.254,58.514,0,0,4158656,291072,218236,3227144,102773.919,3393992.911,0,3904.909,0,547.127,8804,7085,1.950,2.330,1.600,2,0,273.064,0,0,31,118,0,11,0
14-07 04:13:25,29.718,20.977,48.198,0,0,4161568,287788,218236,3227516,19901.323,10365.710,0,3.996,0,0.999,6262,7639,1.950,2.330,1.600,3,0,328.642,0,0,31,118,0,11,0
14-07 04:13:26,37.745,26.996,33.745,0.250,0,4212524,236660,218236,3227696,29239.832,18656.340,0,739.895,0,79.989,7259,7375,1.950,2.330,1.600,2,0,504.928,0,0,31,118,0,11,0
14-07 04:13:27,35.029,22.018,40.533,1.501,0,4243788,204924,218240,3228496,12564.323,4125.389,164.135,644.530,6.005,43.035,6963,7754,2.030,2.340,1.600,3,0,324.266,0,0,31,120,0,11,0
14-07 04:13:28,32.995,11.248,53.993,0.500,0,4247020,201504,218240,3228672,9966.619,1619.776,75.989,315.956,4.999,24.997,5922,7499,2.030,2.340,1.600,8,0,96.987,0,0,33,123,0,10,0
14-07 04:13:29,64.091,25.936,9.975,0,0,4372888,149904,214644,3161324,22224.885,1615.993,111.723,422.951,5.985,29.926,7953,11009,2.030,2.340,1.600,4,0,336.166,0,0,33,129,0,10,0
14-07 04:13:30,55.401,23.564,19.804,0,0,4454184,150364,214492,3081808,16614.210,1624.420,0,292.797,0,23.063,6316,4882,2.030,2.340,1.600,3,0,362.988,0,0,33,129,0,10,0
14-07 04:13:31,66.232,18.495,14.746,0,0,4537280,149496,214492,3001872,18873.844,1619.558,3.999,459.874,1.000,10.997,6754,7748,2.030,2.340,1.600,5,0,241.934,0,0,33,143,0,10,0
14-07 04:13:32,40.433,18.719,37.688,0.749,0,4566196,118668,214492,3003444,14935.436,1617.340,31.947,2511.869,7.987,54.910,7468,11813,1.950,2.320,1.600,3,0,220.637,0,0,33,145,0,10,0
14-07 04:13:33,37.324,23.547,38.827,0.250,0,4608428,119804,214492,2961600,10625.045,1623.215,88.175,116.230,1.002,7.014,14216,4946,1.950,2.320,1.600,4,0,373.740,0,0,33,145,0,10,0
14-07 04:13:34,32.963,22.724,43.451,0,0,4630956,140584,214492,2919332,19527.003,1708.076,0,355.599,0,18.979,6334,5097,1.950,2.320,1.600,2,0,322.637,0,0,33,145,0,10,0
14-07 04:13:35,20.674,20.176,57.289,0.249,0,4669492,136696,214492,2885568,70006.102,1614.054,0,282.958,0,17.934,7649,7583,1.950,2.320,1.600,1,0,286.943,0,0,34,145,0,10,0
14-07 04:13:36,24.833,13.294,60.451,0,0,4674376,131800,214492,2885108,11853.448,1647.483,0,381.269,0,6.020,4974,5632,1.950,2.320,1.600,2,0,147.491,0,0,34,145,0,10,0
14-07 04:13:37,43.941,26.215,28.961,0.250,0,4732516,144368,214492,2815840,68884.668,2407498.016,139.813,207.722,2.996,9.987,7649,5651,2.030,2.330,1.610,2,0,420.436,0,0,34,146,0,10,0
14-07 04:13:38,45.908,23.703,28.942,0.250,0,4769752,147568,214496,2777092,55865.417,1083038.789,3.992,403.195,0.998,32.934,7942,8375,2.030,2.330,1.610,2,0,404.193,0,0,34,152,0,10,0
14-07 04:13:39,45.402,17.308,36.622,0,0,4812912,143676,214496,2738280,16262.362,7949.574,4.013,204.684,1.003,11.037,7289,7926,2.030,2.330,1.610,4,0,156.523,0,0,34,158,0,10,0
14-07 04:13:40,45.130,28.674,24.934,0,0,4840368,148272,214492,2706924,36097.208,17116.577,7.979,227.397,1.995,14.960,8442,12187,2.030,2.330,1.610,6,0,542.560,0,0,34,157,0,10,0
14-07 04:13:41,45.826,25.793,26.794,0.250,0,4942500,121848,214500,2633688,16116.642,1706.822,16.026,657.086,1.002,46.076,7123,6989,2.030,2.330,1.610,7,0,432.715,0,0,34,167,0,10,0
14-07 04:13:42,45.130,23.568,31.089,0.752,0,4989112,147340,214500,2564348,11116.934,1624.667,84.242,1103.169,6.017,71.205,10906,14697,2.110,2.340,1.620,1,0,388.115,0,0,34,185,0,10,0
14-07 04:13:43,11.225,19.956,66.355,0,0,4995252,141340,214500,2564312,9786.595,1616.464,0,435.048,0,33.926,6059,5200,2.110,2.340,1.620,2,0,315.310,0,0,34,185,0,10,0
14-07 04:13:44,25.913,13.704,58.304,0.249,0,5004012,132516,214500,2564872,8357.927,1614.577,0,10309.372,0,591.015,6534,7861,2.110,2.340,1.620,2,0,170.428,0,0,34,187,0,9,0
14-07 04:13:45,37.411,14.061,47.706,0.251,0,5092304,116972,214500,2494320,13914.036,2010.676,0,212.919,0,11.048,4754,3752,2.110,2.340,1.620,2,0,118.511,0,0,34,189,0,9,0
14-07 04:13:46,46.860,6.979,44.118,0,0,5169664,124288,214500,2412236,13740.929,2434.723,0,506.486,0,43.869,3852,2948,2.110,2.340,1.620,6,0,2.991,0,0,34,189,0,9,0
14-07 04:13:47,41.378,7.022,45.641,5.768,0,5249596,131220,214500,2328480,10482.486,1625.036,361.119,212.659,34.106,24.075,3426,2649,2.100,2.340,1.620,3,0,2.006,0,0,34,189,0,9,0
14-07 04:13:48,47.345,8.223,38.125,3.987,0,5274180,169080,214504,2268208,14385.801,2711.105,1251.893,2483.851,16.944,26.912,5447,17455,2.100,2.340,1.620,1,1,52.827,0,0,34,195,0,9,0
14-07 04:13:49,33.623,26.597,31.114,7.528,0,5189404,239932,214528,2282088,15168.561,2177.978,14087.602,413.515,169.621,26.096,6359,5748,2.100,2.340,1.620,3,1,398.460,0,0,34,199,0,9,0
14-07 04:13:50,38.018,25.262,27.013,9.504,0,5260400,175444,214532,2276484,19547.222,5745.711,24127.383,11541.445,250.118,753.355,7050,5999,2.100,2.340,1.620,3,0,344.162,0,0,34,200,0,9,0
14-07 04:13:51,46.428,26.210,21.717,3.744,0.250,5250012,163388,214532,2299388,98291.488,3557692.955,20540.338,275.575,208.678,14.977,9362,9572,2.100,2.340,1.620,2,0,400.383,0,0,34,201,0,9,0
14-07 04:13:52,47.506,14.177,35.319,1.741,0,5263560,145708,214532,2303300,28313.711,8582.957,3907.947,445.713,44.770,21.888,8315,9412,2.810,2.480,1.670,7,1,109.438,0,0,34,204,0,10,0
14-07 04:13:53,70.082,20.849,1.005,6.531,0,5288196,158548,214536,2267288,22360.067,15461.342,20091.305,313.487,204.972,18.086,6066,5895,2.810,2.480,1.670,6,0,292.387,0,0,34,204,0,10,1
14-07 04:13:54,74.274,14.755,5.252,5.752,0,5413932,130132,214536,2173724,17072.431,9381.984,11639.703,3064.975,236.075,11.004,5526,4464,2.810,2.480,1.670,5,0,61.019,0,0,34,204,0,10,0
14-07 04:13:55,55.072,11.014,14.018,19.025,0.250,5432872,146636,214572,2139860,9806.819,1622.120,14691.204,304.398,217.284,16.021,5391,5515,2.810,2.480,1.670,4,1,15.020,0,0,34,209,0,11,0
14-07 04:13:56,47.269,8.753,12.755,29.762,0,5386928,198204,214576,2134664,14245.612,1620.638,18227.180,1016.400,382.151,53.021,5203,4760,2.810,2.480,1.670,4,0,15.006,0,0,34,214,0,12,0
14-07 04:13:57,71.442,9.957,8.712,8.712,0,5449384,166648,214596,2106484,10073.510,1613.036,18372.680,1995.385,348.495,147.364,6178,7490,2.990,2.520,1.690,5,0,18.918,0,0,34,214,0,15,0
14-07 04:13:58,40.641,24.335,29.101,5.519,0.251,5476708,163704,214584,2082836,14326.758,1625.646,27816.609,485.687,268.934,24.084,7626,7976,2.990,2.520,1.690,3,0,341.185,0,0,34,215,0,16,0
14-07 04:13:59,37.226,25.483,30.480,4.997,0,5441028,190248,214584,2092732,8471.488,1618.947,24004.382,627.592,229.850,47.969,7715,10397,2.990,2.520,1.690,8,1,356.768,0,0,34,213,0,17,0
14-07 04:14:00,47.714,15.988,32.975,1.998,0,5487768,134776,214584,2100952,8139.812,1618.769,7662.175,379.711,85.935,19.985,5877,6083,2.990,2.520,1.690,3,0,112.914,0,0,34,213,0,17,0
14-07 04:14:01,58.958,24.982,10.992,3.248,0,5532476,132576,214584,2059332,9700.056,1618.841,14737.450,279.800,147.894,13.990,6482,6315,2.990,2.520,1.690,3,0,346.752,0,0,34,213,0,15,0
14-07 04:14:02,58.842,25.681,9.724,5.236,0,5576028,131236,214588,2019144,9236.159,1615.655,25060.599,2561.112,241.351,247.335,7640,9166,3.070,2.550,1.700,10,1,364.021,0,0,34,213,0,15,0
14-07 04:14:03,67.825,18.087,10.299,4.270,0,5564528,143328,214708,2018812,22499.700,1627.792,15188.704,852.079,196.943,17.082,5994,6934,3.070,2.550,1.700,5,0,123.592,0,0,34,215,0,15,0
14-07 04:14:04,64.508,25.253,7.251,1.500,0,5633768,119220,214708,1975096,79942.485,2904035.549,17802.112,2872.341,185.022,160.019,9165,10892,3.070,2.550,1.700,6,0,348.041,0,0,34,218,0,17,0
14-07 04:14:05,61.020,28.509,8.503,1.250,0,5674716,143968,214712,1913036,51663.181,739556.951,15317.094,44.015,162.054,10.003,7762,8491,3.070,2.550,1.700,5,0,409.136,0,0,34,220,0,17,0
14-07 04:14:06,66.672,24.131,4.229,4.727,0,5627592,294168,214720,1825168,24925.388,7740.921,17585.494,1011.027,183.099,48.760,8415,12265,3.070,2.550,1.700,7,0,264.698,0,0,34,222,0,19,0
14-07 04:14:07,57.634,20.619,17.886,2.981,0,5730332,175824,214724,1840432,19649.302,7757.768,15215.440,826.753,163.959,36.767,6451,7094,2.980,2.540,1.700,10,0,258.360,0,0,34,228,0,20,0
14-07 04:14:08,71.189,13.584,10.565,3.522,0,5813924,143964,213796,1790712,11781.586,4994.773,15201.657,1545.522,153.948,39.242,5370,4966,2.980,2.540,1.700,4,0,63.391,0,0,34,231,0,21,0
14-07 04:14:09,74.038,16.313,4.267,5.521,0,5921904,164912,211812,1665760,10883.290,1626.320,2561.955,13645.021,62.242,62.242,9601,20908,2.980,2.540,1.700,7,0,14.055,0,0,34,233,0,21,0
14-07 04:14:10,82.384,9.986,2.996,4.244,0,5864980,220716,211828,1666864,10311.456,1617.718,954.654,10952.552,42.939,1558.801,8214,8887,2.980,2.540,1.700,6,0,15.977,0,0,34,239,0,23,0
14-07 04:14:11,66.160,9.237,17.227,6.491,0,5907492,176720,211848,1668332,9919.537,1617.804,1134.460,1909.409,64.912,237.677,6641,8530,2.980,2.540,1.700,6,0,9.986,0,0,34,244,0,26,0
14-07 04:14:12,59.420,12.034,22.063,6.017,0,5890712,209380,211828,1652868,8750.971,1624.636,3963.309,826.358,71.203,62.177,6188,7315,2.990,2.540,1.710,4,0,34.097,0,0,34,247,0,26,0
14-07 04:14:13,44.631,27.178,21.692,4.488,0,5914552,181500,212096,1656588,14545.240,1454.125,4432.189,1846.081,77.793,76.795,7705,8236,2.990,2.540,1.710,3,0,366.025,0,0,34,247,0,24,0
14-07 04:14:14,50.407,27.085,21.818,0,0,5882164,213720,212104,1656748,13332.657,1625.077,1288.024,3531.032,11.034,40.125,6317,5349,2.990,2.540,1.710,3,0,359.122,0,0,34,249,0,24,0
14-07 04:14:15,59.874,26.832,11.925,1.739,0,5924832,163612,212116,1664704,27402.026,1609.896,1184.566,9238.023,40.744,692.653,9299,8231,2.990,2.540,1.710,12,0,242.478,0,0,34,250,0,24,0
14-07 04:14:16,57.114,18.870,13.587,8.806,0,5936736,148932,212116,1667428,14845.586,1630.388,3691.520,390.488,48.308,31.199,6114,6204,2.990,2.540,1.710,6,0,94.603,0,0,35,252,0,25,0
14-07 04:14:17,79.572,18.517,1.001,1.251,0,5947752,156344,210504,1650928,10846.766,1621.460,2053.849,724.652,38.034,59.053,6101,4855,3.150,2.590,1.730,3,0,116.105,0,0,35,256,0,25,0
14-07 04:14:18,78.216,14.604,1.980,4.703,0,6044696,131308,203584,1586596,39176.292,1030762.502,2522.712,304.943,163.362,23.762,6840,5776,3.150,2.590,1.730,6,0,65.345,0,0,35,260,0,25,0
14-07 04:14:19,58.326,12.372,14.392,14.897,0,6091692,140428,192964,1543232,88176.090,2651224.322,2993.539,727.176,160.585,41.409,7009,6111,3.150,2.590,1.730,5,0,110.086,0,0,35,262,0,25,0
14-07 04:14:20,73.241,13.248,11.999,1.000,0,6062672,203356,190468,1512988,27626.770,19141.762,607.929,1023.880,59.993,51.994,6578,6900,3.150,2.590,1.730,4,1,162.981,0,0,35,264,0,25,0
14-07 04:14:21,46.222,15.491,36.228,1.249,0,6124368,139856,190540,1514728,9618.210,4649.201,447.730,1035.377,22.986,92.944,6258,7422,3.150,2.590,1.730,3,0,210.873,0,0,35,261,0,25,0
14-07 04:14:22,26.390,3.734,67.220,0.249,0,6148312,152416,178956,1491988,48300.929,5044.002,0,466.060,0,42.822,3481,3830,2.980,2.560,1.720,1,0,1.992,0,0,35,263,0,25,1
14-07 04:14:23,27.965,4.744,63.920,0.499,0,6061844,230212,178972,1500644,9321521.237,199509.011,79.899,567.286,4.994,48.938,16809,14387,2.980,2.560,1.720,4,0,1.997,0,0,35,263,0,25,0
14-07 04:14:24,26.358,5.523,66.523,0,0,6096232,185460,178980,1511000,11032076.127,235787.370,0,2040.388,0,17.070,19931,14619,2.980,2.560,1.720,2,0,3.012,0,0,35,263,0,25,0
14-07 04:14:25,29.768,13.758,51.781,3.252,0,6148116,128924,179080,1515552,2417110.686,48590.721,2365.398,304.180,32.019,21.012,8649,6614,2.980,2.560,1.720,4,0,252.149,0,0,35,262,0,25,0
14-07 04:14:26,45.065,8.763,43.814,1.001,0,6189696,167000,158476,1460008,20801.221,1622.357,44.064,1113.618,2.003,77.112,5149,5445,2.980,2.560,1.720,4,0,5.007,0,0,35,263,0,25,0
14-07 04:14:27,47.259,6.751,44.258,0.750,0.250,6194132,162700,158516,1459968,9277.674,1620.292,8.001,412.074,2.000,45.008,4579,4167,2.900,2.550,1.720,2,0,5.001,0,0,35,262,0,25,0
14-07 04:14:28,46.438,5.243,46.938,0,0,6223412,145084,157460,1449544,10220.455,1617.856,0,351.534,0,36.951,5165,5770,2.900,2.550,1.720,2,0,0,0,0,35,268,0,26,0
14-07 04:14:29,50.232,7.997,39.985,0.250,0,6228324,303192,122704,1334120,9684.452,1619.407,575.789,523.808,34.987,46.983,7290,9310,2.900,2.550,1.720,2,0,3.999,0,0,35,277,0,27,0
14-07 04:14:30,38.732,7.996,48.477,2.749,0,6157316,373696,122784,1334544,16398.299,1619.240,191.910,719.662,10.995,65.969,7085,8949,2.900,2.550,1.720,1,0,37.982,0,0,35,276,0,28,0
14-07 04:14:31,32.655,10.470,53.844,0.748,0,6151236,363828,122832,1350444,110932.526,3676992.345,478.613,562.370,37.890,43.873,9920,11238,2.900,2.550,1.720,1,0,101.705,0,0,35,280,0,34,0
14-07 04:14:32,25.356,17.574,52.721,2.511,0,6073668,433872,122988,1357784,30356.453,20834.475,313.315,25169.676,24.101,283.189,7717,8987,2.750,2.520,1.720,1,0,347.459,0,0,35,277,0,38,0
14-07 04:14:33,21.460,7.236,64.628,4.492,0,6100044,403944,123036,1361268,21672.185,10129.922,3501.406,9721.691,248.532,183.654,4120,4060,2.750,2.520,1.720,1,0,76.855,0,0,35,276,0,38,0
14-07 04:14:34,20.955,2.744,70.597,4.241,0,6130848,372444,123256,1361744,13340.152,1616.504,638.619,502.912,97.789,27.940,2628,2592,2.750,2.520,1.720,1,0,0,0,0,35,276,0,38,0
14-07 04:14:35,13.533,5.764,70.923,8.270,0,6140248,302640,124284,1421100,9725.781,1623.971,31577.211,922.255,1310.204,12.029,3802,4487,2.750,2.520,1.720,1,0,0,0,0,35,276,0,38,0
14-07 04:14:36,13.757,5.253,72.037,6.503,0,6138336,292056,124560,1433292,9040.695,1620.842,6103.170,8696.516,1511.785,19.010,4182,4936,2.750,2.520,1.720,2,0,0,0,0,35,276,0,38,0
14-07 04:14:37,14.999,6.249,70.493,6.999,0,6145136,215476,125420,1502200,12189.827,1619.844,34520.677,3007.710,1403.865,21.998,4389,5151,2.600,2.500,1.720,1,1,0,0,0,35,276,0,38,0
14-07 04:14:38,18.182,4.981,65.753,9.215,0,6097824,258780,125712,1505948,22053.124,1613.935,1773.336,35120.019,310.832,174.345,3092,3044,2.600,2.500,1.720,1,0,8.966,0,0,35,276,0,38,0
14-07 04:14:39,25.498,3.000,69.493,0.250,0,6145360,211204,125728,1505972,9176.136,1619.847,11.999,231.978,3.000,27.997,2698,2454,2.600,2.500,1.720,2,0,19.998,0,0,35,278,0,38,0
14-07 04:14:40,25.514,8.254,60.032,3.752,0,6179736,185392,125916,1498344,13647.322,1620.870,3946.117,1204.646,232.125,61.033,12259,21782,2.600,2.500,1.720,1,0,4.002,0,0,35,278,0,40,0
14-07 04:14:41,22.999,5.750,69.997,0.250,0,6189928,190084,125420,1484420,19388.167,1457.937,0,643.972,0,34.998,2687,2183,2.600,2.500,1.720,1,0,0,0,0,35,278,0,40,0
14-07 04:14:42,28.666,4.985,64.063,0,0,6200976,178756,125468,1484652,14527.534,1615.278,91.732,486.578,7.977,45.866,3248,2917,2.480,2.470,1.710,1,0,2.991,0,0,35,282,0,39,0
14-07 04:14:43,19.044,8.520,58.635,12.278,0,6083036,324092,123168,1460668,15297.236,6060.961,240.554,19091.977,19.044,186.429,3651,3231,2.480,2.470,1.710,1,3,45.104,0,0,35,283,0,40,0
14-07 04:14:44,3.768,3.014,33.661,58.027,0,6088856,317756,123324,1461024,11336.137,1627.774,590.822,35501.543,72.345,184.883,2237,2475,2.480,2.470,1.710,1,1,3.014,0,0,35,283,0,40,0
14-07 04:14:45,21.739,14.493,42.479,19.990,0,6091568,311604,123556,1464256,12019.057,1619.199,3418.310,463.771,147.927,3.998,5036,4689,2.480,2.470,1.710,1,1,325.839,0,0,35,283,0,40,0
14-07 04:14:46,30.896,10.216,46.345,11.212,0,6154556,246104,123620,1466704,11088.848,3617.879,2463.745,23.920,180.396,2.990,4558,3841,2.480,2.470,1.710,1,0,143.519,0,0,35,283,0,40,0
14-07 04:14:47,30.641,9.544,57.263,1.758,0,6157924,242412,123652,1466984,107842.840,3737242.449,305.401,208.959,11.051,20.092,5998,4443,2.360,2.450,1.710,1,0,102.470,0,0,35,283,0,40,0
14-07 04:14:48,25.729,22.232,47.461,2.498,0,6147240,252348,123836,1468164,32931.063,18975.478,503.588,343.719,30.975,23.980,7314,8284,2.360,2.450,1.710,2,1,387.683,0,0,35,283,0,40,0
14-07 04:14:49,17.901,21.133,55.940,3.232,0,6142224,253904,124132,1470712,23119.817,5002.266,3369.320,127.294,91.493,7.956,6084,13297,2.360,2.450,1.710,2,0,328.180,0,0,35,282,0,41,0
14-07 04:14:50,24.732,3.248,69.698,0.250,0,6150892,245084,124148,1470848,14884.951,1456.919,127.905,223.834,7.994,17.987,2727,2497,2.360,2.450,1.710,2,0,0,0,0,35,282,0,40,0
14-07 04:14:51,24.350,2.510,70.539,2.008,0,6170188,225720,124176,1470888,17843.189,1626.672,20.082,333.367,5.021,20.082,2865,2809,2.360,2.450,1.710,1,0,0,0,0,35,282,0,41,0
14-07 04:14:52,23.461,3.245,69.633,1.747,0,6170272,225468,124208,1471024,10957.603,1617.285,147.752,163.725,12.978,11.980,3526,4027,2.250,2.420,1.710,3,0,0.998,0,0,35,282,0,41,0
14-07 04:14:53,22.482,5.995,70.193,0,0,6149236,246488,124212,1471036,10543.425,1618.683,3.997,127.896,0.999,8.993,2965,2533,2.250,2.420,1.710,1,0,41.966,0,0,35,282,0,41,0
14-07 04:14:54,24.766,3.002,70.797,0,0,6165104,230612,124212,1471044,9282.140,1621.072,0,0,0,0,2622,2399,2.250,2.420,1.710,2,0,0,0,0,35,283,0,40,0
14-07 04:14:55,25.994,3.249,68.985,0,0,6165244,230360,124228,1471140,9198.053,1619.657,95.980,99.979,5.999,11.997,3776,4500,2.250,2.420,1.710,1,0,0,0,0,35,282,0,40,0
14-07 04:14:56,21.707,6.986,69.613,0.250,0,6117844,277740,124236,1471152,15286.911,1616.818,0,127.749,0,7.984,3053,2583,2.250,2.420,1.710,1,0,55.890,0,0,35,282,0,40,0
14-07 04:14:57,26.889,3.769,68.101,0.503,0,6165520,229912,124304,1471236,17954.539,1628.393,44.228,2516.973,5.026,394.031,3395,3378,2.150,2.400,1.700,3,0,20.104,0,0,35,285,0,41,0
14-07 04:14:58,24.914,3.737,68.514,0.498,0,6165076,229912,124356,1471628,15369.091,1885.509,366.737,255.122,19.931,28.901,4127,4815,2.150,2.400,1.700,1,0,0,0,0,35,284,0,36,0
14-07 04:14:59,28.523,9.508,60.047,0,0,6124048,270928,124360,1471636,108166.457,3746299.783,0,132.104,0,10.008,5745,3828,2.150,2.400,1.700,2,0,88.070,0,0,35,285,0,36,0
14-07 04:15:00,32.612,10.285,56.193,0,0,6159468,235356,124368,1471788,27598.655,19431.645,128.441,244.840,8.028,18.062,5134,5184,2.150,2.400,1.700,1,0,158.544,0,0,35,286,0,36,0
14-07 04:15:01,26.995,8.748,60.489,1.250,0,6159768,234572,124460,1472172,31536.099,12238.710,363.932,759.858,24.995,74.986,5794,7093,2.150,2.400,1.700,3,0,105.980,0,0,35,285,0,37,0
14-07 04:15:02,24.909,4.982,68.002,0.747,0,6157536,236296,124568,1472572,10337.293,1614.112,227.171,733.325,13.949,84.691,3962,4615,2.060,2.380,1.700,3,0,14.945,0,0,35,284,0,35,0
14-07 04:15:03,24.754,3.501,70.513,0,0,6190420,203396,124584,1472572,9155.663,1620.294,0,228.041,0,15.003,2457,2056,2.060,2.380,1.700,2,0,0,0,0,35,284,0,35,0
14-07 04:15:04,25.604,3.514,69.782,0.251,0,6197960,195784,124628,1472600,10223.332,1626.576,0,1269.131,0,71.288,3744,4384,2.060,2.380,1.700,3,0,0,0,0,35,284,0,35,0
14-07 04:15:05,23.899,4.730,69.955,0,0,6122092,271652,124636,1472592,14092.668,1613.208,0,67.715,0,6.971,2786,2419,2.060,2.380,1.700,1,0,34.853,0,0,35,284,0,35,0
14-07 04:15:06,25.519,3.252,70.302,0,0,6168396,225324,124644,1472608,10475.810,1715.279,4.003,56.042,1.001,9.007,2705,2429,2.060,2.380,1.700,1,0,0,0,0,35,285,0,30,0
14-07 04:15:07,25.809,3.508,69.158,0.251,0,6168356,225324,124680,1472612,9841.546,1461.348,16.037,160.367,1.002,17.039,3956,4465,1.970,2.350,1.690,1,0,0,0,0,35,284,0,30,0
14-07 04:15:08,23.426,5.732,69.530,0,0,6136672,256968,124692,1472640,14216.070,1614.896,0,139.559,0,10.965,3100,2703,1.970,2.350,1.690,1,0,33.893,0,0,35,284,0,30,0
14-07 04:15:09,25.238,3.498,70.217,0,0,6166896,226728,124704,1472644,15000.984,1619.243,0,179.916,0,13.993,2593,2212,1.970,2.350,1.690,1,0,0,0,0,35,284,0,30,0
14-07 04:15:10,31.041,5.257,62.332,0,0,6179744,213104,124704,1473420,9302.243,1622.135,0,2863.769,0,125.165,3968,4101,1.970,2.350,1.690,2,0,4.005,0,0,35,286,0,28,0
14-07 04:15:11,28.087,7.954,60.897,0.497,0,6105472,286516,124792,1474204,49453.055,1412817.317,222.708,711.869,12.925,78.544,6186,6524,1.970,2.350,1.690,2,0,91.469,0,0,35,285,0,28,0
14-07 04:15:12,33.649,11.802,52.734,0.502,0,6179968,211932,124824,1474260,82280.500,2358226.523,28.125,3262.492,4.018,459.039,6347,5271,2.050,2.360,1.700,2,0,108.482,0,0,35,285,0,28,0
14-07 04:15:13,31.352,11.538,56.184,0,0,6187756,203976,124840,1474420,42209.893,17487.128,16.052,272.891,1.003,22.072,5412,5654,2.050,2.360,1.700,1,0,154.505,0,0,35,285,0,28,0
14-07 04:15:14,25.982,3.498,68.701,0,0,6094776,296756,124900,1474552,17200.762,4119.069,0,1279.090,0,76.945,3887,4231,2.050,2.360,1.700,1,0,5.996,0,0,35,284,0,25,0
14-07 04:15:15,22.560,5.765,70.437,0.251,0,6145764,245748,124900,1474572,15943.301,1624.310,0,3064.130,0,15.040,2953,2661,2.050,2.360,1.700,1,0,30.080,0,0,35,284,0,25,0
14-07 04:15:16,25.625,3.981,68.168,0,0,6172948,218552,124904,1474580,18880.161,1450.942,0,71.651,0,6.966,3133,2929,2.050,2.360,1.700,1,0,5.971,0,0,35,284,0,25,0
14-07 04:15:17,26.777,4.004,67.318,0.501,0,6172428,218552,125068,1474936,16380.629,1621.646,324.329,680.691,17.017,99.101,4731,5712,1.970,2.340,1.700,1,0,0,0,0,35,284,0,25,0
14-07 04:15:18,23.074,6.521,69.222,0.502,0,6188124,202472,125236,1475152,11591.124,1625.205,0,3808.197,0,233.749,3528,3834,1.970,2.340,1.700,1,0,40.129,0,0,35,284,0,25,0
14-07 04:15:19,25.158,2.989,70.243,0,0,6181844,208732,125252,1475156,10685.946,1614.101,0,171.374,0,14.945,2976,3016,1.970,2.340,1.700,1,0,0,0,0,35,284,0,24,0
14-07 04:15:20,25.485,2.998,70.208,0,0,6182040,208508,125272,1475164,14675.238,1619.033,0,259.845,0,15.990,3532,3635,1.970,2.340,1.700,1,0,0,0,0,35,284,0,24,0
14-07 04:15:21,22.771,5.755,70.315,0,0,6140204,250340,125272,1475168,10715.893,1621.497,0,8.007,0,2.002,2829,2432,1.970,2.340,1.700,2,0,34.031,0,0,35,284,0,24,0
14-07 04:15:22,25.993,3.249,69.480,0,0,6177980,212552,125280,1475172,13383.217,1619.542,0,91.974,0,3.999,3219,3162,1.890,2.320,1.690,1,0,1.000,0,0,35,284,0,24,0
14-07 04:15:23,24.988,3.498,68.967,0.500,0,6178424,211824,125424,1475312,13164.735,1619.229,111.947,735.650,6.997,78.962,4252,5152,1.890,2.320,1.690,1,0,0,0,0,35,284,0,23,0
14-07 04:15:24,29.643,10.802,58.783,0.251,0.251,6178672,211572,125424,1475328,125027.491,3782993.759,0,184.891,0,10.048,6042,4371,1.890,2.320,1.690,2,0,134.649,0,0,35,285,0,23,0
14-07 04:15:25,31.739,10.496,56.980,0,0,6175444,214788,125432,1475320,32541.839,19292.383,0,191.934,0,13.995,4881,4598,1.890,2.320,1.690,4,0,117.960,0,0,35,286,0,24,0
14-07 04:15:26,28.995,8.249,60.740,0,0,6170712,219464,125472,1475336,23718.052,12238.963,0,771.872,0,40.993,5476,6183,1.890,2.320,1.690,1,0,102.983,0,0,35,284,0,25,0
14-07 04:15:27,24.932,5.236,67.566,0.499,0,6173448,216520,125528,1475488,9969.837,1615.598,143.609,331.098,3.989,34.905,3559,3653,1.820,2.300,1.690,2,0,33.908,0,0,35,284,0,26,0
14-07 04:15:28,25.711,2.746,69.644,0,0,6208516,181432,125544,1475492,13619.179,1617.527,15.976,183.719,0.998,19.969,3071,3045,1.820,2.300,1.690,2,0,0,0,0,35,285,0,26,0
14-07 04:15:29,24.635,4.776,68.625,0.503,0,6197488,192156,125636,1475704,9309.933,1628.911,128.704,619.389,8.044,81.446,4139,5223,1.820,2.300,1.690,3,0,0,0,0,35,284,0,26,0
14-07 04:15:30,23.883,4.727,69.908,0.249,0,6138668,250852,125656,1475808,8926.388,1612.124,0,310.483,0,22.888,2987,2808,1.820,2.300,1.690,2,0,39.806,0,0,35,284,0,26,0
14-07 04:15:31,27.351,3.262,68.001,0,0,6185108,204388,125676,1475812,11320.826,1626.008,0,236.875,0,15.056,2843,2517,1.820,2.300,1.690,1,0,0,0,0,35,285,0,22,0
14-07 04:15:32,27.383,4.232,65.968,0.498,0,6177524,211884,125756,1475820,18927.198,1613.113,0,1270.576,0,71.694,4273,4808,1.750,2.280,1.690,2,0,0.996,0,0,35,282,0,22,2
14-07 04:15:33,23.561,5.765,69.930,0,0.251,6126528,262880,125756,1475820,28991.766,1624.189,0,2719.012,0,406.047,3242,2536,1.750,2.280,1.690,2,0,34.088,0,0,35,282,0,22,2
14-07 04:15:34,24.951,3.244,69.863,0,0,6177864,211532,125768,1475820,14686.178,1455.144,15.969,107.788,0.998,10.978,2584,2302,1.750,2.280,1.690,1,0,0,0,0,35,282,0,22,2
14-07 04:15:35,25.253,3.250,69.507,0.250,0,6172264,217076,125792,1475852,9632.978,1620.165,0,272.028,0,19.002,4115,4774,1.750,2.280,1.690,2,0,0,0,0,35,283,0,14,2
14-07 04:15:36,25.817,8.021,64.166,0.251,0,6102388,286680,125896,1476028,66199.292,1335272.044,128.332,693.795,8.021,81.210,5051,4982,1.750,2.280,1.690,4,0,92.239,0,0,35,283,0,14,2
14-07 04:15:37,30.216,10.988,56.687,0.250,0,6139708,249336,125928,1476008,90504.921,2437139.108,15.982,355.603,0.999,29.967,6008,4822,1.770,2.270,1.690,1,0,106.881,0,0,35,283,0,14,2
14-07 04:15:38,31.285,10.762,56.313,0,0,6163140,225852,125940,1476060,25929.945,17449.478,0,200.224,0,13.015,5239,5421,1.770,2.270,1.690,2,0,154.172,0,0,35,283,0,14,2
14-07 04:15:39,23.942,5.985,68.085,0,0,6090052,298916,125952,1476064,15460.545,4112.038,0,251.391,0,12.969,4210,4425,1.770,2.270,1.690,2,0,35.913,0,0,35,282,0,14,2
14-07 04:15:40,27.740,4.998,65.975,0.250,0,6176644,212312,125964,1476064,10035.237,1619.393,0,195.927,0,11.996,2801,2525,1.770,2.270,1.690,2,0,0,0,0,35,282,0,15,2
14-07 04:15:41,24.252,3.250,70.005,0,0,6204728,184212,125976,1476068,10052.683,1620.110,0,180.012,0,12.001,2778,2837,1.770,2.270,1.690,1,0,0,0,0,35,282,0,15,2
14-07 04:15:42,25.264,6.003,67.288,0.750,0,6138056,250476,126136,1476316,9852.591,1620.920,68.039,1520.863,5.003,132.075,5013,6288,1.870,2.280,1.690,1,0,41.023,0,0,35,282,0,15,2
14-07 04:15:43,23.723,3.995,70.419,0,0,6165124,223364,126160,1476336,9028.672,1456.334,15.982,267.694,0.999,23.973,2688,2712,1.870,2.280,1.690,1,0,0,0,0,35,282,0,12,2
14-07 04:15:44,24.761,3.502,69.530,0.500,0,6184980,203468,126192,1476344,9486.153,1620.710,0,268.117,0,21.009,2890,2877,1.870,2.280,1.690,2,0,0,0,0,35,282,0,12,2
14-07 04:15:45,24.744,4.749,69.484,0,0,6125532,262888,126208,1476356,9197.940,1619.637,0,159.964,0,9.998,4062,4225,1.870,2.280,1.690,2,0,33.992,0,0,35,282,0,12,2
14-07 04:15:46,24.758,4.501,69.271,0.250,0,6180212,208128,126260,1476384,14649.470,1620.494,16.005,332.101,1.000,33.010,2959,3025,1.870,2.280,1.690,1,0,2.001,0,0,35,282,0,12,2
14-07 04:15:47,26.091,2.760,69.744,0,0,6196672,191652,126292,1476368,15340.601,1625.680,0,545.907,0,63.221,3178,3032,1.800,2.260,1.690,2,0,0,0,0,35,282,0,12,2
14-07 04:15:48,24.535,6.009,67.346,0.751,0,6097708,290424,126388,1476468,24585.127,1706.438,48.069,560.801,3.004,71.102,4748,5654,1.800,2.260,1.690,1,0,30.043,0,0,35,282,0,12,2
14-07 04:15:49,45.291,11.945,40.314,0,0.249,6177924,210092,126428,1476552,42837.368,1205740.264,0,286.677,0,23.890,6184,18651,1.800,2.260,1.690,3,0,112.481,0,0,35,283,0,15,2
14-07 04:15:50,31.115,9.786,57.964,0.251,0,6175268,212724,126444,1476548,88105.530,2572590.131,0,172.638,0,7.026,5850,4991,1.800,2.260,1.690,1,0,107.397,0,0,35,283,0,15,2
14-07 04:15:51,31.735,10.245,56.224,0,0,6167424,220416,126452,1476704,25523.274,17356.026,0,143.934,0,8.996,5700,6323,1.800,2.260,1.690,1,0,153.929,0,0,35,283,0,13,2
14-07 04:15:52,37.727,11.243,50.219,0,0,6153408,234412,126464,1476704,9539.136,4119.468,767.528,159.902,5.996,9.994,4171,3199,1.820,2.260,1.690,3,0,47.971,0,0,35,282,0,13,2
14-07 04:15:53,29.393,4.982,63.269,0.249,0,6187504,200152,126488,1476844,10536.484,1614.100,259.053,450.354,2.989,22.916,2965,2407,1.820,2.260,1.690,5,0,1.993,0,0,35,283,0,14,2
14-07 04:15:54,25.099,4.267,69.022,0.251,0,6187164,200380,126616,1476828,19155.387,1626.401,16.063,1702.701,1.004,118.466,4211,5280,1.820,2.260,1.690,2,0,0,0,0,35,283,0,14,2
14-07 04:15:55,22.271,6.506,68.316,0.500,0,6125564,261624,126736,1477064,18299.615,1621.561,160.154,692.667,7.007,87.084,3965,4316,1.820,2.260,1.690,1,0,34.033,0,0,35,282,0,14,2
14-07 04:15:56,25.396,3.237,69.716,0,0,6178712,208452,126760,1477064,13925.179,1613.417,0,243.008,0,20.915,2543,2163,1.820,2.260,1.690,2,0,0,0,0,35,282,0,14,2
14-07 04:15:57,26.044,4.257,67.865,0.501,0,6178652,208212,126952,1477172,10249.338,1622.745,96.163,4251.191,1.002,219.371,4264,5256,1.750,2.240,1.690,2,0,0,0,0,35,284,0,15,2
14-07 04:15:58,22.203,7.484,68.354,0.249,0,6103500,283300,126976,1477212,9683.354,1508.783,15.966,211.549,0.998,21.953,4263,4259,1.750,2.240,1.690,2,0,91.804,0,0,35,282,0,15,2
14-07 04:15:59,25.523,4.004,69.313,0.500,0,6160184,226600,126988,1477216,20790.040,1621.485,0,3791.472,0,500.458,2974,2463,1.750,2.240,1.690,2,0,0,0,0,35,282,0,15,2
14-07 04:16:00,25.714,2.746,70.151,0,0,6179536,207236,126992,1477224,9973.856,1509.859,0,75.892,0,3.994,3140,3125,1.750,2.240,1.690,2,0,0,0,0,35,284,1,13,2
14-07 04:16:01,20.761,6.754,70.539,0,0,6090012,296664,127004,1477308,10404.740,2253.243,64.035,252.139,4.002,19.010,4502,4769,1.750,2.240,1.690,0,0,69.038,0,0,35,283,0,16,2
14-07 04:16:02,9.044,7.537,81.398,0,0,6089776,296896,127004,1477320,110008.789,3807834.967,0,8.039,0,1.005,5218,3708,1.610,2.200,1.680,2,0,74.364,0,0,35,284,0,16,2
14-07 04:16:03,11.496,8.997,77.975,0,0,6087132,299476,127004,1477376,32199.862,20218.634,0,0,0,0,4511,4397,1.610,2.200,1.680,1,0,138.956,0,0,35,285,0,16,2
14-07 04:16:04,6.968,6.719,83.120,0,0,6084972,301616,127016,1477384,32768.288,13771.083,0,187.145,0,9.955,3729,3801,1.610,2.200,1.680,1,0,102.532,0,0,35,284,0,16,2
14-07 04:16:05,2.997,0.999,94.154,0.250,0,6084916,301616,127032,1477424,25205.219,2904.030,31.967,387.604,1.998,28.970,1708,2464,1.610,2.200,1.680,0,0,0,0,0,35,283,0,16,3
14-07 04:16:06,3.749,1.000,93.731,0,0,6085268,301112,127032,1477576,272498.222,10939.761,0,0,0,0,1924,2153,1.610,2.200,1.680,1,0,0,0,0,35,283,0,16,2
14-07 04:16:07,4.752,1.751,91.295,0.250,0,6085412,300356,127060,1478160,511690.889,14166.946,16.008,172.084,1.000,22.011,2726,3061,1.480,2.160,1.670,1,0,0,0,0,35,283,0,16,2
14-07 04:16:08,3.253,1.251,92.075,0.250,0,6085344,299852,127108,1478684,768613.676,17870.617,0,288.236,0,31.025,2816,2948,1.480,2.160,1.670,2,0,0,0,0,35,283,0,16,2
14-07 04:16:09,3.755,1.252,93.133,0.250,0,6085344,298604,127120,1479920,1004533.122,22400.024,0,216.309,0,15.021,3004,2868,1.480,2.160,1.670,0,0,0,0,0,35,283,0,16,2
14-07 04:16:10,8.233,3.243,85.328,0.249,0,6130048,252132,127160,1481648,1439001.828,33364.872,7.984,550.892,1.996,45.908,4429,4043,1.480,2.160,1.670,1,0,3.992,0,0,35,283,0,17,2
14-07 04:16:11,5.256,1.752,91.356,0,0,6129748,251632,127172,1482436,973474.181,22023.592,0,64.074,0,7.008,3357,3235,1.480,2.160,1.670,0,0,0,0,0,35,283,0,17,2
14-07 04:16:12,8.997,2.999,84.726,0.250,0,6150748,229512,127200,1483528,1333056.025,30437.210,23.993,467.865,2.999,35.990,4117,3927,1.360,2.130,1.660,0,0,0,0,0,35,283,0,16,2
14-07 04:16:13,4.500,1.500,91.742,0,0,6147352,231524,127224,1484888,1492819.080,29371.424,15.999,103.991,1.000,15.999,3472,3088,1.360,2.130,1.660,0,0,1.000,0,0,35,283,0,16,2
14-07 04:16:14,5.498,3.499,87.215,0,0,6127652,249712,127228,1486404,1597947.014,39069.353,0,179.928,0,10.996,4586,4019,1.360,2.130,1.660,1,0,50.980,0,0,35,284,0,16,2
14-07 04:16:15,9.551,7.792,80.434,0,0,6106628,269176,127248,1487944,1758278.811,3842565.115,16.087,217.171,1.005,19.103,7529,5514,1.360,2.130,1.660,1,0,84.455,0,0,35,284,0,16,2
14-07 04:16:16,11.733,9.736,75.892,0.499,0,6090548,283688,127280,1489472,1681437.847,55661.811,0,171.756,0,17.974,6868,6457,1.360,2.130,1.660,1,0,136.805,0,0,35,284,0,15,2
14-07 04:16:17,6.256,4.004,87.082,0.250,0,6086020,286748,127332,1490888,1650921.917,42422.135,48.045,568.538,1.001,47.045,5213,4801,1.330,2.110,1.660,1,0,50.047,0,0,35,283,0,15,2
14-07 04:16:18,4.228,0.995,92.273,0.249,0,6086160,285236,127356,1492240,1280359.804,30460.525,0,314.375,0,59.691,3888,3875,1.330,2.110,1.660,1,0,0,0,0,35,283,0,15,2
14-07 04:16:19,4.998,1.749,90.714,0.250,0,6085636,284228,127376,1493752,1678361.032,39686.442,0,179.929,0,19.992,4366,4026,1.330,2.110,1.660,0,0,0,0,0,35,283,0,15,2
14-07 04:16:20,3.751,1.500,92.277,0.250,0,6085508,282716,127392,1495376,1707937.698,40043.528,0,2920.841,0,458.132,4129,3644,1.330,2.110,1.660,1,0,0,0,0,35,283,0,15,2
14-07 04:16:21,3.234,0.995,92.785,0,0,6084192,282716,127408,1496676,1404930.778,32083.342,0,250.744,0,18.905,3008,3347,1.330,2.110,1.660,0,0,0,0,0,35,283,0,15,2
14-07 04:16:22,4.525,1.508,92.252,0,0,6084188,280952,127420,1498432,1919945.799,43914.881,0,56.306,0,6.033,4104,4140,1.230,2.070,1.650,1,0,0,0,0,35,283,0,15,2
14-07 04:16:23,4.250,1.750,91.240,0.250,0,6084456,278688,127432,1500416,2140292.668,43121.178,19.998,4275.522,2.000,26.997,4460,3589,1.230,2.070,1.650,0,0,1.000,0,0,35,283,0,15,2
14-07 04:16:24,3.750,1.750,92.994,0,0,6084172,277932,127432,1501456,1104251.922,25960.400,0,79.995,0,1.000,2806,2514,1.230,2.070,1.650,0,0,0,0,0,35,283,0,15,2
14-07 04:16:25,4.000,1.250,92.001,0,0,6084392,276672,127480,1502448,1209934.376,25608.283,0,428.005,0,31.000,3355,3315,1.230,2.070,1.650,0,0,0,0,0,35,283,0,15,2
14-07 04:16:26,3.251,2.250,92.517,0,0,6095768,263944,127488,1503792,1317179.776,30467.500,0,36.006,0,4.001,3407,3077,1.230,2.070,1.650,0,0,0,0,0,35,283,0,15,2
14-07 04:16:27,9.254,6.003,81.287,0.500,0.250,6095456,262928,127536,1505076,1470031.920,3808918.383,16.007,380.174,1.000,40.018,6794,5390,1.130,2.040,1.640,2,0,54.025,0,0,35,284,0,16,2
14-07 04:16:28,11.761,10.259,75.820,0.250,0,6089064,268016,127556,1506368,1411881.705,50070.234,16.015,24314.452,1.001,62.057,6642,6443,1.130,2.040,1.640,1,0,153.141,0,0,35,284,0,13,2
14-07 04:16:29,9.233,8.734,79.107,0,0,6084224,271776,127556,1507436,1133338.766,41642.484,0,63.884,0,7.986,5384,5256,1.130,2.040,1.640,1,0,107.805,0,0,35,283,0,13,2
14-07 04:16:30,3.252,1.251,93.060,0,0,6084116,270796,127556,1508524,1333815.940,31538.191,0,0,0,0,3561,3378,1.130,2.040,1.640,1,0,0,0,0,35,283,0,13,2
14-07 04:16:31,3.513,1.506,92.849,0,0,6083832,269788,127576,1509796,1221750.466,28788.355,0,365.375,0,20.076,3412,3175,1.130,2.040,1.640,3,0,0,0,0,35,283,0,13,2
14-07 04:16:32,3.233,0.995,93.008,0,0,6083728,269032,127576,1510656,936867.064,22500.876,0,0,0,0,3034,2897,1.040,2,1.630,0,0,0,0,0,35,283,0,12,1
14-07 04:16:33,3.757,1.252,93.921,0,0,6084224,267776,127584,1511416,827681.888,18289.276,0,36.066,0,3.005,2604,2543,1.040,2,1.630,0,0,1.002,0,0,35,283,0,12,1
14-07 04:16:34,3.741,0.998,93.274,0,0,6083924,267524,127584,1511968,628817.758,14279.364,0,0,0,0,2270,2319,1.040,2,1.630,1,0,0,0,0,35,283,0,12,1
14-07 04:16:35,2.506,1.253,92.989,0,0,6083876,266768,127584,1512772,862887.791,18894.563,0,1568.030,0,280.722,2689,2591,1.040,2,1.630,0,0,0,0,0,35,283,0,12,1
14-07 04:16:36,4.250,1.000,93.745,0,0,6083832,266012,127584,1513572,868373.125,19834.998,0,0,0,0,2504,2602,1.040,2,1.630,0,0,0,0,0,35,283,0,12,1
14-07 04:16:37,4.004,1.752,91.837,0.250,0,6084036,265004,127616,1514344,879204.957,19986.981,16.015,152.144,1.001,15.014,2719,2956,0.950,1.970,1.620,1,0,0,0,0,35,283,0,12,1
14-07 04:16:38,4.492,1.497,91.838,0.250,0,6083712,264500,127632,1515156,861632.329,20262.193,0,271.520,0,23.958,2751,3045,0.950,1.970,1.620,0,0,0,0,0,35,283,0,12,1
14-07 04:16:39,4.751,1.500,91.512,0,0,6086012,261492,127632,1515864,903486.035,23444.011,0,8.001,0,2.000,3027,2778,0.950,1.970,1.620,2,0,2.000,0,0,35,284,0,12,1
14-07 04:16:40,12.555,9.040,75.832,0,0,6113528,232964,127632,1516876,1036563.413,3832320.848,0,8.035,0,2.009,7026,5151,0.950,1.970,1.620,0,0,104.457,0,0,35,284,0,13,1
14-07 04:16:41,9.715,9.715,77.972,0,0,6106724,238892,127632,1517764,1022568.631,38410.956,0,11.957,0,1.993,5778,5369,0.950,1.970,1.620,1,0,156.442,0,0,35,284,0,12,1
14-07 04:16:42,6.748,4.749,85.729,0.250,0,6102596,241836,127664,1518908,1153708.527,34890.306,15.996,303.924,1.000,22.994,4796,4764,0.880,1.940,1.610,0,0,53.987,0,0,35,283,0,12,1
14-07 04:16:43,4.246,1.499,91.170,0.250,0,6101548,241836,127684,1519936,1015241.714,22456.219,19.982,211.813,1.998,19.982,3041,3273,0.880,1.940,1.610,0,0,0.999,0,0,35,283,0,12,1
14-07 04:16:44,4.002,1.501,93.548,0,0,6100404,241836,127692,1521072,1204252.749,28058.533,0,36.019,0,4.002,3132,3136,0.880,1.940,1.610,0,0,0,0,0,35,283,0,12,1
14-07 04:16:45,3.998,1.249,92.202,0,0,6099540,240856,127692,1522916,1989419.182,41314.323,0,23.987,0,0.999,3912,3120,0.880,1.940,1.610,0,0,0,0,0,35,283,0,12,1
14-07 04:16:46,4.986,1.995,91.003,0,0.249,6097292,240856,127716,1525140,2546499.848,53492.759,0,223.393,0,14.959,4218,4111,0.880,1.940,1.610,0,0,1.995,0,0,35,283,0,12,1
14-07 04:16:47,4.511,1.754,91.217,0,0,6094944,240852,127748,1527460,2384295.416,49227.156,16.038,104.248,1.002,15.036,4208,4138,0.810,1.900,1.600,0,0,0,0,0,35,283,0,12,1
14-07 04:16:48,4.506,2.253,90.873,0.250,0,6093380,238864,127764,1530996,3789229.952,84416.642,0,196.267,0,14.019,6423,5761,0.810,1.900,1.600,2,0,0,0,0,35,283,0,12,1
14-07 04:16:49,11.797,5.020,79.820,0,0,6106836,221480,127764,1534924,4198995.717,93068.890,0,40.161,0,4.016,8047,13552,0.810,1.900,1.600,1,0,36.145,0,0,35,283,0,13,1
14-07 04:16:50,9.206,2.737,84.842,0.249,0,6104920,219716,127776,1538592,3744744.090,81207.637,15.923,222.928,0.995,13.933,7590,6834,0.810,1.900,1.600,0,0,5.971,0,0,35,283,0,15,1
14-07 04:16:51,4.756,2.753,89.856,0.250,0,6102388,218124,127776,1542716,4434697.360,94571.475,0,1710.016,0,297.350,6840,6285,0.810,1.900,1.600,0,0,0,0,0,35,283,0,15,1
14-07 04:16:52,28.435,9.478,60.362,0,0,6131860,186380,127784,1544992,2518981.814,63344.200,766.248,87.799,5.986,5.986,7270,5230,0.820,1.890,1.600,3,0,29.932,0,0,35,284,0,15,1
14-07 04:16:53,14.524,8.264,74.121,0.250,0,6094188,219384,127824,1549608,4991608.363,3894203.186,256.419,376.615,2.003,28.046,11941,8563,0.820,1.890,1.600,4,0,99.162,0,0,35,284,0,11,1
14-07 04:16:54,10.453,11.199,74.662,0.249,0,6090356,219056,127892,1553704,4533919.930,116308.930,0,14283.273,0,143.350,10322,9052,0.820,1.890,1.600,1,0,155.296,0,0,35,284,0,11,1
14-07 04:16:55,8.030,4.768,85.068,0,0,6082708,222284,127892,1558120,4623968.350,103959.984,0,20.075,0,2.008,9469,7593,0.820,1.890,1.600,0,0,53.199,0,0,35,283,0,11,1
14-07 04:16:56,5.003,2.251,89.296,0,0,6082228,217744,127892,1563140,5408521.994,111761.549,0,0,0,0,7045,7244,0.820,1.890,1.600,0,0,0,0,0,35,283,0,11,1
14-07 04:16:57,6.025,3.515,87.616,0.251,0,6083168,212240,127952,1567644,4838044.636,97896.959,32.134,377.577,2.008,34.143,9189,7079,0.760,1.860,1.590,0,0,0,0,0,35,283,0,12,1
14-07 04:16:58,5.474,2.240,89.333,0.249,0,6091200,200856,127996,1570952,3533713.132,67846.974,15.926,222.958,0.995,21.898,6179,5244,0.760,1.860,1.590,0,0,0,0,0,35,283,0,12,1
14-07 04:16:59,4.751,2.751,90.267,0,0,6091316,197088,127996,1574604,4160959.038,82985.258,0,54005.930,0,75.014,5867,5842,0.760,1.860,1.590,1,0,0,0,0,35,283,0,12,1
14-07 04:17:00,4.501,1.500,90.520,0.250,0,6087452,196452,128004,1579096,4603897.516,92235.904,0,112.024,0,6.001,6195,6568,0.760,1.860,1.590,0,0,0,0,0,35,283,0,12,1
14-07 04:17:01,4.246,1.748,90.166,0.250,0,6089284,190920,128020,1582780,3963400.913,92460.033,3.996,319.703,0.999,20.980,5745,6201,0.760,1.860,1.590,1,0,2.997,0,0,35,283,0,8,1
14-07 04:17:02,5.255,2.002,90.588,0,0,6081076,196636,128020,1585272,2736767.481,55281.822,0,1777.731,0,302.294,4416,3402,0.700,1.830,1.580,0,0,0,0,0,35,283,0,8,1
14-07 04:17:03,4.999,2.250,90.237,0,0,6080860,192884,128020,1589240,4216479.076,87535.276,0,0,0,0,7747,6063,0.700,1.830,1.580,0,0,1.000,0,0,35,283,0,8,1
14-07 04:17:04,4.751,1.750,90.260,0,0,6080932,188952,128020,1593100,4162495.935,84471.090,0,0,0,0,5763,4908,0.700,1.830,1.580,0,0,0,0,0,35,283,0,8,1
14-07 04:17:05,8.240,5.493,83.649,0,0,6089324,177528,128020,1596140,3344688.330,3595967.814,0,3.995,0,0.999,7165,6222,0.700,1.830,1.580,0,0,51.937,0,0,35,284,0,7,1
14-07 04:17:06,11.742,8.245,77.199,0,0,6078160,184920,128024,1599900,4096524.434,358899.876,0,35.976,0,1.999,8946,7360,0.700,1.830,1.580,0,0,106.929,0,0,35,284,0,7,1
14-07 04:17:07,12.761,10.259,74.062,0,0,6074984,184132,128048,1603840,4228156.016,102175.014,16.013,156.130,1.001,18.015,10820,8960,0.800,1.830,1.580,0,0,156.130,0,0,35,283,0,7,1
14-07 04:17:08,4.508,2.004,90.661,0.250,0.250,6075780,179400,128080,1607744,4228340.109,85902.432,0,248.441,0,21.037,7726,6097,0.800,1.830,1.580,0,0,0,0,0,35,283,0,7,1
14-07 04:17:09,4.769,1.757,91.356,0,0,6075668,175912,128080,1611344,3881817.896,84589.393,0,8.031,0,2.008,5881,5753,0.800,1.830,1.580,2,0,0,0,0,35,283,0,7,1
14-07 04:17:10,6.490,3.245,87.618,0,0,6100536,177612,124612,1588736,4190899.014,89365.490,0,15.976,0,3.994,6310,6114,0.800,1.830,1.580,1,0,1.997,0,0,35,283,0,8,1
14-07 04:17:11,8.229,3.990,84.035,0.499,0,6102056,203924,116884,1569336,3449026.822,74557.055,11.969,3.990,1.995,0.997,6130,5668,0.800,1.830,1.580,0,0,1.995,0,0,35,283,0,8,1
14-07 04:17:12,8.030,2.259,87.581,0,0,6097736,204748,116900,1572816,3720866.236,81784.891,16.061,325.228,1.004,24.091,6077,6181,0.900,1.830,1.590,1,0,0,0,0,35,283,0,8,1
14-07 04:17:13,8.462,3.236,85.121,0.249,0,6088708,210184,116912,1576396,4668619.200,100114.502,19.911,195.132,1.991,20.907,8869,7043,0.900,1.830,1.590,1,0,0.996,0,0,35,283,0,7,1
14-07 04:17:14,5.005,2.002,90.592,0,0.250,6082692,211460,116924,1581124,4588606.756,98436.456,0,200.204,0,15.015,6278,6312,0.900,1.830,1.590,1,0,0,0,0,35,283,0,7,1
14-07 04:17:15,5.243,2.247,88.879,0,0,6081860,207708,116924,1585708,4942519.633,107893.406,0,0,0,0,8820,6921,0.900,1.830,1.590,0,0,0,0,0,35,283,0,7,1
14-07 04:17:16,5.731,2.741,89.451,0,0,6078940,206956,116924,1589380,3928180.474,86070.385,0,0,0,0,5635,5118,0.900,1.830,1.590,3,0,5.980,0,0,35,283,0,7,1
14-07 04:17:17,6.293,2.769,88.612,0,0,6079376,201448,116940,1594436,5493704.477,115968.192,16.111,108.751,1.007,10.070,8385,7076,0.820,1.800,1.580,0,0,2.014,0,0,35,284,0,7,1
14-07 04:17:18,10.011,7.258,75.086,3.754,0,6083508,191708,116956,1600028,5724659.853,3914304.480,352.404,1894.173,32.037,319.366,11761,9743,0.820,1.800,1.580,0,0,52.060,0,0,35,284,0,7,1
14-07 04:17:19,10.708,10.210,74.208,0.498,0,6078328,191560,116964,1605348,5490178.751,134139.347,7.969,8343.181,1.992,45.820,12486,9776,0.820,1.800,1.580,1,0,157.381,0,0,35,284,0,7,1
14-07 04:17:20,8.750,8.250,81.754,0,0,6074920,193708,116964,1606608,1377166.484,43083.361,0,56.003,0,1.000,5369,4385,0.820,1.800,1.580,0,0,103.006,0,0,35,283,0,7,1
14-07 04:17:21,3.750,2.000,92.241,0,0,6075584,191216,116964,1608436,2144957.189,44173.864,0,0,0,0,4250,3332,0.820,1.800,1.580,1,0,0,0,0,35,283,0,7,1
14-07 04:17:22,5.012,2.005,90.463,0,0,6075404,187688,116976,1612132,3834795.038,82937.233,0,68.160,0,6.014,7440,5972,0.840,1.790,1.570,0,0,0,0,0,35,283,0,7,1
14-07 04:17:23,12.720,2.245,81.806,0.499,0,6078244,182792,117052,1614112,1538124.061,59103.901,790.127,279.338,46.889,36.913,5042,4462,0.840,1.790,1.570,4,0,0.998,0,0,35,283,0,7,1
14-07 04:17:24,5.250,2.500,89.252,0,0,6079104,177488,117052,1618556,4691784.239,104461.942,0,0,0,0,8222,5792,0.840,1.790,1.570,0,0,0,0,0,35,283,0,7,1
14-07 04:17:25,4.999,2.999,88.981,0,0,6076788,191956,116396,1607300,4324796.523,91768.574,0,85837.830,0,99.979,6116,6283,0.840,1.790,1.570,1,0,0,0,0,35,283,0,7,1
14-07 04:17:26,5.000,2.250,90.507,0.250,0,6086636,178824,116424,1610556,3356652.266,68577.665,0,436.036,0,24.002,4931,4481,0.840,1.790,1.570,0,0,0,0,0,35,283,0,7,1
14-07 04:17:27,6.013,2.505,88.938,0.501,0,6076652,201268,115664,1599344,4102395.084,87466.854,32.068,384.813,2.004,37.078,8092,7136,0.770,1.760,1.570,4,0,0,0,0,35,283,0,7,1
14-07 04:17:28,5.983,2.493,89.498,0,0,6077136,196980,115688,1603124,3968725.877,80409.563,15.955,1683.260,0.997,290.183,6188,5919,0.770,1.760,1.570,1,0,0,0,0,35,283,0,8,1
14-07 04:17:29,5.001,1.750,89.515,0,0,6077356,192948,115688,1606936,4076285.574,83956.120,0,8.001,0,2.000,6636,5437,0.770,1.760,1.570,0,0,0,0,0,35,283,0,8,1
14-07 04:17:30,6.488,2.495,86.590,2.246,0,6081052,186428,115700,1609752,3030158.398,70336.626,7.985,71.867,0.998,2.994,5302,4982,0.770,1.760,1.570,1,1,3.993,0,0,35,284,0,7,1
14-07 04:17:31,9.773,9.021,78.182,1.002,0,6081676,198336,115136,1598012,3529197.406,3874167.584,332.773,336.782,31.072,23.054,9739,7525,0.770,1.760,1.570,0,0,102.237,0,0,35,284,0,7,1
14-07 04:17:32,12.055,11.050,75.844,0,0,6081504,194552,115140,1601964,4281123.226,106107.653,8.036,16.073,2.009,2.009,9931,8417,0.870,1.760,1.570,4,0,157.716,0,0,35,283,0,7,1
14-07 04:17:33,7.755,4.753,85.056,0,0,6079428,192804,115152,1605776,4131620.443,93196.071,0,68.045,0,6.004,8426,6738,0.870,1.760,1.570,0,0,53.035,0,0,35,283,0,7,1
14-07 04:17:34,4.994,2.497,90.147,0,0,6078096,189528,115172,1610364,4906616.937,111098.634,15.982,111.872,0.999,11.986,7750,7415,0.870,1.760,1.570,1,0,0,0,0,35,283,0,7,1
14-07 04:17:35,3.999,1.250,92.481,0.250,0,6078000,188016,115172,1611972,1749770.904,38358.238,0,183.963,0,11.998,3311,3007,0.870,1.760,1.570,1,0,0,0,0,35,283,0,7,1
14-07 04:17:36,5.250,2.000,89.999,0,0,6079872,180456,115176,1617656,6114006.832,136493.215,0,36.000,0,4.000,9708,8222,0.870,1.760,1.570,0,0,0,0,0,35,283,0,7,1
14-07 04:17:37,6.505,2.752,87.812,0.500,0,6078452,176676,115192,1622840,5721410.336,118339.693,16.011,240.170,1.001,24.017,8319,7739,0.800,1.730,1.560,0,0,0,0,0,35,283,0,7,1
14-07 04:17:38,5.473,2.488,88.307,0,0,6076900,190252,114152,1612484,5329072.421,104720.898,0,246.763,0,19.900,8262,7039,0.800,1.730,1.560,1,0,0,0,0,35,283,0,7,1
14-07 04:17:39,6.283,2.262,89.215,0,0,6077648,183208,114160,1618772,6797218.375,143558.932,0,80.420,0,6.031,10240,9184,0.800,1.730,1.560,0,0,0,0,0,35,283,0,7,1
14-07 04:17:40,5.999,2.749,88.479,0,0,6078120,176668,114160,1624840,6534273.227,135909.225,0,3.999,0,1.000,8390,8886,0.800,1.730,1.560,1,0,0,0,0,35,283,0,8,1
14-07 04:17:41,7.489,4.244,84.624,0,0,6095424,215676,114152,1571004,6931493.438,142178.203,0,11.982,0,2.996,11959,9097,0.800,1.730,1.560,0,0,0,0,0,35,283,0,8,1
14-07 04:17:42,5.760,3.005,87.659,0.250,0.250,6094436,209908,114188,1577724,7427395.923,156044.868,16.029,336.610,1.002,24.044,10291,9903,0.820,1.720,1.560,1,0,0,0,0,35,283,0,7,1
14-07 04:17:43,8.246,5.497,83.458,0.250,0,6101668,198604,114220,1581772,3766845.828,3053908.034,363.816,191.903,34.982,19.990,8331,6955,0.820,1.720,1.560,1,0,52.973,0,0,35,284,0,7,1
14-07 04:17:44,13.005,8.753,75.529,0.250,0,6083436,211300,114252,1587272,5902920.107,945378.728,8.003,2276.876,2.001,376.145,11613,10106,0.820,1.720,1.560,0,0,107.041,0,0,35,284,0,7,1
14-07 04:17:45,12.686,9.950,75.121,0,0,6082124,206196,114252,1593680,6790250.131,157000.935,0,16444.931,0,52.734,14057,11428,0.820,1.720,1.560,0,0,155.216,0,0,35,283,0,7,1
14-07 04:17:46,5.748,2.999,87.963,0.250,0,6082304,199672,114284,1599996,6634150.226,141412.278,15.993,319.865,1.000,23.990,11401,8982,0.820,1.720,1.560,0,0,1.999,0,0,35,283,0,7,1
14-07 04:17:47,5.527,3.015,88.176,0,0,6081936,193120,114292,1606908,7442152.221,155056.875,16.078,112.544,1.005,14.068,12518,10098,0.750,1.690,1.550,1,0,0,0,0,35,283,0,7,1
14-07 04:17:48,6.221,1.742,88.332,0,0,6081624,187324,114308,1613000,6520504.317,138303.745,0,226.927,0,12.939,8504,8782,0.750,1.690,1.550,0,0,0,0,0,35,283,0,7,1
14-07 04:17:49,8.262,4.757,84.875,0.250,0,6109268,189212,114056,1587176,2384127.096,66071.692,0,40.059,0,4.006,5515,7079,0.750,1.690,1.550,4,0,34.050,0,0,35,283,0,7,1
14-07 04:17:50,8.779,4.515,83.780,0.251,0,6092464,214320,113740,1577228,6253521.802,128497.016,0,103935.011,0,112.375,10828,15399,0.750,1.690,1.550,1,0,2.007,0,0,35,283,0,5,1
14-07 04:17:51,5.001,2.751,88.769,0,0,6090668,210208,113740,1583136,6338810.318,128797.010,0,0,0,0,8798,8036,0.750,1.690,1.550,0,0,0,0,0,35,283,0,5,1
14-07 04:17:52,23.917,8.471,65.026,0.249,0.249,6098460,211604,113776,1574096,6284804.354,130123.115,785.291,358.762,7.972,26.907,13241,10487,0.850,1.700,1.550,2,0,16.942,0,0,35,283,0,7,1
14-07 04:17:53,10.282,3.762,82.761,0,0,6110608,193180,113792,1580388,7259263.305,151464.336,256.811,80.253,2.006,7.022,10619,9829,0.850,1.700,1.550,0,0,2.006,0,0,35,283,0,7,1
14-07 04:17:54,5.230,2.989,88.662,0,0,6108172,188992,113804,1587000,6759456.903,146769.796,0,103.605,0,9.962,11971,9823,0.850,1.700,1.550,1,0,0,0,0,35,283,0,7,1
14-07 04:17:55,6.025,2.762,88.119,0,0,6104276,187508,113804,1592380,5816991.321,119407.072,0,1442.039,0,246.030,8704,7695,0.850,1.700,1.550,2,0,2.008,0,0,35,284,0,7,1
14-07 04:17:56,16.178,5.227,64.710,10.702,0,6114588,198288,113884,1571400,7185053.683,156407.961,2628.237,79.644,176.211,8.960,10759,10060,0.850,1.700,1.550,0,1,16.924,0,0,35,284,0,7,1
14-07 04:17:57,14.510,6.505,72.550,3.502,0,6108064,198652,113972,1577540,5676381.894,3902197.646,1256.874,428.298,105.073,38.026,12800,9713,0.940,1.700,1.550,0,0,44.031,0,0,35,284,0,7,1
14-07 04:17:58,12.045,11.794,74.024,0.251,0,6089092,213600,114064,1581472,3877195.796,96802.950,32.119,1967.274,5.019,118.438,9905,9031,0.940,1.700,1.550,0,0,158.586,0,0,35,284,0,7,1
14-07 04:17:59,10.200,6.717,79.609,0,0,6084744,213904,114064,1585516,4226941.245,100955.583,0,7.961,0,1.990,9257,7957,0.940,1.700,1.550,0,0,102.497,0,0,35,283,0,7,1
14-07 04:18:00,4.248,1.999,91.448,0,0,6084924,211156,114072,1588076,2747736.476,71605.021,0,71.959,0,2.998,4522,4648,0.940,1.700,1.550,1,0,0,0,0,35,283,0,7,1
14-07 04:18:01,5.279,2.011,89.239,0,0,6084304,207152,114084,1592688,4992083.802,103897.257,0,221.212,0,15.083,7603,5999,0.940,1.700,1.550,0,0,0,0,0,35,283,0,7,1
14-07 04:18:02,5.741,1.747,89.860,0.250,0,6084716,203372,114084,1596056,3588141.852,72466.858,0,59.906,0,5.991,6498,4833,1.030,1.710,1.550,0,0,0,0,0,35,283,0,7,1
14-07 04:18:03,4.224,1.988,90.944,0,0,6084596,200080,114084,1599468,3651901.268,77393.073,0,0,0,0,5281,5591,1.030,1.710,1.550,0,0,0.994,0,0,35,283,0,7,1
14-07 04:18:04,4.263,1.003,91.785,0,0,6084724,197560,114084,1601860,2583946.262,55903.453,0,0,0,0,4451,3350,1.030,1.710,1.550,0,0,0,0,0,35,283,0,7,1
14-07 04:18:05,3.746,1.498,91.403,0,0,6084496,194788,114084,1604860,3274969.961,66411.734,0,7.992,0,1.998,5927,4550,1.030,1.710,1.550,0,0,0,0,0,35,283,0,7,1
14-07 04:18:06,3.757,1.753,91.423,0,0,6084524,191980,114084,1607640,2977584.360,65898.808,0,0,0,0,5232,4429,1.030,1.710,1.550,1,0,0,0,0,35,283,0,7,1
14-07 04:18:07,5.746,1.749,89.695,0.250,0,6084744,189712,114124,1609648,2161015.016,42669.719,63.961,423.739,3.998,39.975,4652,4288,1.030,1.700,1.550,0,0,0,0,0,35,283,0,7,1
14-07 04:18:08,4.511,2.256,91.229,0,0,6084736,187444,114132,1611916,2553452.019,49143.193,0,56.141,0,7.018,4614,3949,1.030,1.700,1.550,0,0,0,0,0,35,283,0,7,1
14-07 04:18:09,6.008,3.255,88.124,0,0,6089560,180660,114132,1613880,2235194.910,50656.523,0,8.011,0,2.003,5360,4544,1.030,1.700,1.550,2,0,40.057,0,0,35,284,0,7,1
14-07 04:18:10,11.737,7.491,78.660,0,0,6082088,202672,114096,1599444,2906121.596,3843770.185,0,347.604,0,21.975,8354,6117,1.030,1.700,1.550,1,0,68.921,0,0,35,284,0,8,1
14-07 04:18:11,14.914,12.179,69.596,0,0,6119048,194728,114056,1570544,2348187.185,71969.719,0,2123.687,0,368.861,7778,6829,1.030,1.700,1.550,1,0,159.078,0,0,35,284,0,7,1
14-07 04:18:12,7.262,4.758,85.646,0.250,0,6115228,197108,114084,1571956,1861615.036,50382.009,32.055,304.520,1.002,24.041,5261,5271,0.940,1.670,1.540,0,0,50.086,0,0,35,283,0,7,1
14-07 04:18:13,8.763,3.255,85.381,0,0,6119600,205464,114096,1559480,2464528.199,50583.320,24.037,192.294,3.005,20.031,5254,4477,0.940,1.670,1.540,0,0,1.002,0,0,35,283,0,7,1
14-07 04:18:14,3.002,1.001,92.801,0.250,0,6118640,205016,114108,1560876,1581170.614,37678.866,0,200.111,0,15.008,3135,2796,0.940,1.670,1.540,2,0,0,0,0,35,283,0,7,1
14-07 04:18:15,4.496,1.249,91.926,0,0,6116704,205016,114108,1562812,2022887.531,38419.015,0,0,0,0,3528,3119,0.940,1.670,1.540,0,0,0,0,0,35,283,0,7,1
14-07 04:18:16,5.251,3.001,89.518,0.250,0,6115920,204268,114136,1564316,1618992.675,41050.283,16.003,12590.540,1.000,66.013,3957,3758,0.940,1.670,1.540,0,0,7.001,0,0,35,283,0,7,1
14-07 04:18:17,4.255,1.502,90.850,0,0,6113832,204268,114168,1566372,2223123.054,44995.771,16.018,120.133,1.001,16.018,4513,3424,0.870,1.640,1.530,0,0,0,0,0,35,283,0,7,1
14-07 04:18:18,4.240,1.746,91.044,0.499,0,6111760,204268,114200,1568412,2203034.763,49028.941,15.964,107.756,0.998,15.964,4807,4512,0.870,1.640,1.530,0,0,0,0,0,35,283,0,7,1
14-07 04:18:19,4.999,1.500,90.739,0,0,6110600,203260,114224,1570556,2110547.033,48540.228,147.982,195.977,4.000,15.998,4249,4178,0.870,1.640,1.530,0,0,0,0,0,35,283,0,7,1
14-07 04:18:20,3.254,1.252,92.623,0,0,6108836,203260,114224,1572320,1931488.553,47040.263,0,0,0,0,4334,3779,0.870,1.640,1.530,0,0,0,0,0,35,283,0,7,1
14-07 04:18:21,4.226,2.734,89.989,0.249,0,6107688,202252,114252,1574448,2262750.244,48047.085,0,90239.427,0,149.153,4288,3653,0.870,1.640,1.530,0,0,0,0,0,35,283,0,7,1
14-07 04:18:22,8.582,6.058,82.791,0.252,0,6101720,205932,114260,1576736,2413250.371,3876431.036,201.928,52.501,5.048,6.058,7584,5833,1.360,1.730,1.560,2,0,53.511,0,0,35,284,0,7,1
14-07 04:18:23,11.509,8.757,77.057,0,0,6097844,207296,114272,1579236,2386197.055,70591.630,4.003,76.057,1.001,7.005,7304,5832,1.360,1.730,1.560,1,0,145.108,0,0,35,284,0,7,1
14-07 04:18:24,9.239,8.989,78.657,0,0,6089856,212992,114272,1581520,2485434.796,71512.460,0,27.967,0,0.999,7364,6470,1.360,1.730,1.560,0,0,117.861,0,0,35,283,0,7,1
14-07 04:18:25,4.479,1.742,92.073,0,0,6090148,210976,114272,1583244,1967489.847,46153.963,0,0,0,0,4240,4184,1.360,1.730,1.560,0,0,0,0,0,35,283,0,7,1
14-07 04:18:26,4.506,1.502,91.616,0,0,6090200,208708,114272,1585460,2278171.097,49294.492,0,2006.544,0,353.448,3971,3602,1.360,1.730,1.560,0,0,0,0,0,35,283,0,7,1
14-07 04:18:27,4.256,2.003,90.123,0.501,0,6089612,206692,114332,1588004,2965867.930,64762.237,0,432.589,0,38.052,6299,5525,1.330,1.720,1.560,0,0,0,0,0,35,283,0,7,1
14-07 04:18:28,5.239,1.996,89.305,0,0.249,6089012,204424,114368,1590836,2785306.324,64067.764,15.965,215.528,0.998,21.952,5357,4566,1.330,1.720,1.560,0,0,0,0,0,35,283,0,8,1
14-07 04:18:29,6.006,1.752,89.596,0,0,6089504,201160,114380,1593596,3143550.279,67646.719,0,88.095,0,8.009,6017,4498,1.330,1.720,1.560,0,0,0,0,0,35,283,0,8,1
14-07 04:18:30,3.497,1.748,91.665,0,0,6088796,198888,114380,1596576,3039173.225,70586.532,0,0,0,0,4978,4854,1.330,1.720,1.560,0,0,0,0,0,35,283,0,8,1
14-07 04:18:31,2.752,1.001,93.067,0.250,0,6089760,197488,114392,1597000,1503318.211,25560.332,0,436.313,0,27.019,3047,2407,1.330,1.720,1.560,0,0,0,0,0,35,283,0,7,1
14-07 04:18:32,3.759,1.253,92.964,0,0.251,6087628,197660,114392,1598960,1192340.782,28112.574,0,0,0,0,3069,2695,1.300,1.700,1.560,1,0,0,0,0,35,283,0,7,1
14-07 04:18:33,3.492,1.995,92.535,0,0,6089280,193884,114392,1601084,2325874.105,46985.058,0,0,0,0,4821,3956,1.300,1.700,1.560,0,0,0.998,0,0,35,283,0,7,1
14-07 04:18:34,4.991,1.996,90.581,0,0,6091156,189884,114392,1603208,2156092.917,46885.320,0,0,0,0,4535,3712,1.300,1.700,1.560,0,0,1.996,0,0,35,284,0,7,1
14-07 04:18:35,9.008,8.507,79.570,0,0.500,6089860,204696,114392,1589728,2344745.988,3842194.302,0,4.004,0,1.001,8157,5939,1.300,1.700,1.560,0,0,105.092,0,0,35,284,0,7,1
14-07 04:18:36,11.008,10.758,76.055,0,0,6094328,198372,114392,1591596,1886925.830,67302.252,0,0,0,0,7074,5613,1.300,1.700,1.560,2,0,158.113,0,0,35,283,0,7,2
14-07 04:18:37,7.754,4.502,85.293,0.250,0,6091700,198764,114420,1593792,2382030.283,60233.326,0,252.127,0,28.014,5946,4786,1.200,1.680,1.550,1,0,52.026,0,0,35,283,0,7,1
14-07 04:18:38,3.999,0.750,91.982,0.250,0,6092088,196244,114464,1595880,2218748.397,45285.232,0,343.933,0,27.995,4866,4354,1.200,1.680,1.550,2,0,0,0,0,35,283,0,7,1
14-07 04:18:39,3.998,1.499,91.206,0,0,6091260,194756,114480,1598180,2523431.132,52528.503,3.998,123.940,1.000,11.994,5118,4208,1.200,1.680,1.550,0,0,0,0,0,35,283,0,7,1
14-07 04:18:40,3.750,2.000,91.488,0,0,6090524,193776,114480,1599896,1932388.434,38485.030,0,3.999,0,1.000,3802,3080,1.200,1.680,1.550,2,0,0,0,0,35,283,0,8,1
14-07 04:18:41,9.008,4.004,83.824,0,0,6117600,195164,114480,1571560,2174212.157,51479.369,0,20.018,0,5.004,4617,3406,1.200,1.680,1.550,2,0,1.001,0,0,35,283,0,8,1
14-07 04:18:42,4.746,1.748,90.665,0.250,0,6117836,192672,114500,1573796,2355156.169,43698.239,19.981,2313.842,1.998,361.663,4313,4021,1.180,1.660,1.540,0,0,0,0,0,35,283,0,8,1
14-07 04:18:43,4.751,1.750,91.012,0.250,0,6114796,193892,114524,1575592,1952882.881,38698.972,20.003,192.025,2.000,19.002,3805,3724,1.180,1.660,1.540,1,0,1.000,0,0,35,283,0,7,1
14-07 04:18:44,3.752,1.251,92.043,0.250,0,6108560,197656,114536,1578052,2604685.584,61118.289,0,236.109,0,18.008,4223,3930,1.180,1.660,1.540,0,0,0,0,0,35,283,0,7,1
14-07 04:18:45,4.497,1.249,91.932,0,0,6105772,198584,114536,1579912,2007812.064,43820.678,0,0,0,0,3566,3550,1.180,1.660,1.540,0,0,0,0,0,35,283,0,7,1
14-07 04:18:46,4.004,2.002,91.594,0,0,6099216,203144,114536,1581908,2151272.988,48791.829,0,4252.343,0,40.041,4123,3720,1.180,1.660,1.540,0,0,2.002,0,0,35,283,0,7,1
14-07 04:18:47,7.277,5.521,83.310,0.251,0,6108068,191476,114556,1584712,2898708.625,3173051.939,216.806,152.567,6.022,13.049,7389,5683,1.090,1.640,1.540,0,0,52.194,0,0,35,284,0,7,1
14-07 04:18:48,13.006,7.754,77.288,0,0,6098460,198716,114584,1587048,2439987.222,765605.206,40.019,204.099,4.002,14.007,8129,6810,1.090,1.640,1.540,2,0,112.054,0,0,35,284,0,7,1
14-07 04:18:49,9.952,9.703,76.878,0,0.498,6087128,207548,114588,1589540,2618514.540,71209.432,0,39.807,0,3.981,7921,6480,1.090,1.640,1.540,0,0,153.258,0,0,35,283,0,7,1
14-07 04:18:50,10.756,5.253,81.048,0,0,6096116,210700,114588,1577400,3416983.973,69214.078,0,88.052,0,2.001,7031,18780,1.090,1.640,1.540,0,0,36.021,0,0,35,283,0,8,1
14-07 04:18:51,3.498,1.499,92.695,0,0,6095052,210224,114588,1578940,1807289.129,37259.902,0,0,0,0,3317,3624,1.090,1.640,1.540,1,0,0,0,0,35,283,0,8,1
14-07 04:18:52,24.336,9.283,64.228,0.502,0.251,6110068,191100,114620,1583016,4173284.927,85531.674,794.822,64569.248,9.032,388.379,8950,7448,1.240,1.660,1.540,1,0,17.061,0,0,35,283,0,9,1
14-07 04:18:53,5.984,2.743,88.018,0,0.249,6101364,196904,114632,1585904,3335698.600,73913.419,255.328,95.748,1.995,6.982,6438,4734,1.240,1.660,1.540,0,0,1.995,0,0,35,283,0,9,1
14-07 04:18:54,4.246,1.249,91.417,0,0,6101788,193180,114632,1589204,3321474.958,88474.061,0,0,0,0,4988,4161,1.240,1.660,1.540,1,0,0,0,0,35,283,0,9,1
14-07 04:18:55,5.499,1.750,90.235,0.250,0,6100576,191412,114648,1592168,3174337.534,78280.770,0,223.962,0,15.997,5478,4438,1.240,1.660,1.540,0,0,0,0,0,35,283,0,9,1
14-07 04:18:56,4.235,1.993,90.188,0,0,6100560,187884,114648,1595712,3803695.585,78688.099,3.986,0,0.997,0,5347,4477,1.240,1.660,1.540,2,0,0,0,0,35,283,0,7,1
14-07 04:18:57,5.518,2.007,89.047,0.251,0,6097060,187632,114704,1599408,3895863.613,86019.248,32.107,381.273,2.007,34.114,7867,6729,1.140,1.630,1.540,1,0,0,0,0,35,283,0,7,1
14-07 04:18:58,5.502,2.001,89.280,0,0,6096412,185124,114740,1602528,3403902.095,73405.039,16.005,160.055,1.000,16.005,6729,5277,1.140,1.630,1.540,0,0,0,0,0,35,283,0,8,1
14-07 04:18:59,5.515,2.005,89.746,0,0,6094768,183392,114740,1605904,3608287.886,85460.978,0,8.022,0,2.005,6623,5720,1.140,1.630,1.540,1,0,2.005,0,0,35,284,0,8,1
14-07 04:19:00,11.958,3.986,67.017,13.951,0,6110980,176596,114824,1596424,4361051.731,95583.527,2009.012,0,131.542,0,8052,6519,1.140,1.630,1.540,2,0,16.941,0,0,35,284,0,7,1
14-07 04:19:01,11.759,6.005,73.055,5.254,0,6095752,200784,114896,1587384,4630918.561,3886678.786,1665.257,388.293,119.090,22.017,9968,8101,1.140,1.630,1.540,0,0,44.033,0,0,35,284,0,7,1
14-07 04:19:02,11.300,10.045,75.586,0,0,6097416,194728,114912,1591768,4597198.252,112656.654,8.036,68.304,2.009,6.027,10369,8768,1.130,1.620,1.530,1,0,153.683,0,0,35,284,0,7,1
14-07 04:19:03,9.952,8.459,78.125,0,0,6092876,195956,114916,1595068,3573091.572,87971.795,3.981,47.771,0.995,3.981,8142,7031,1.130,1.620,1.530,1,0,108.479,0,0,35,283,0,7,1
14-07 04:19:04,4.495,1.748,90.395,0,0,6086624,197552,114996,1599644,4524139.607,92392.449,0,1486.270,0,67.921,7299,6363,1.130,1.620,1.530,1,0,0,0,0,35,283,0,7,1
14-07 04:19:05,4.522,2.512,90.933,0,0,6086736,193040,114996,1604044,4898725.307,109485.248,0,32.153,0,3.014,7578,6915,1.130,1.620,1.530,1,0,0,0,0,35,283,0,7,1
14-07 04:19:06,4.739,1.746,89.295,0,0,6086256,188756,114996,1608808,5018439.499,106634.738,0,0,0,0,8465,6970,1.130,1.620,1.530,0,0,0,0,0,35,283,0,7,1
14-07 04:19:07,5.258,2.003,89.645,0.501,0,6086332,184440,115024,1613020,4473969.073,96688.035,16.026,2055.317,1.002,328.530,6486,6684,1.040,1.590,1.530,1,0,0,0,0,35,283,0,7,1
14-07 04:19:08,4.236,2.243,89.710,0,0,6087332,178720,115040,1617724,5208922.063,110878.053,0,275.112,0,19.936,8792,7548,1.040,1.590,1.530,1,0,0,0,0,35,283,0,7,1
14-07 04:19:09,4.501,1.000,91.527,0,0,6086716,176308,115044,1620748,3095273.827,69246.108,0,80.023,0,6.002,5361,4907,1.040,1.590,1.530,4,0,0,0,0,35,283,0,7,1
14-07 04:19:10,5.250,2.250,89.746,0,0,6084980,192572,114984,1606284,3251413.578,65426.953,0,4.000,0,1.000,5660,4344,1.040,1.590,1.530,1,0,0,0,0,35,283,0,8,1
14-07 04:19:11,9.002,4.251,84.020,0,0.250,6097252,207592,114916,1579084,3119195.396,69606.946,0,16.004,0,4.001,6639,5191,1.040,1.590,1.530,0,0,4.001,0,0,35,283,0,8,1
14-07 04:19:12,7.502,2.501,87.519,0.250,0,6097356,205452,114936,1581100,2137436.372,47454.510,20.004,4420.979,2.000,59.013,5435,4783,0.950,1.570,1.520,1,0,0,0,0,35,283,0,7,1
14-07 04:19:13,9.986,4.244,82.886,0,0,6122800,193784,114944,1567316,2281960.811,53896.550,15.978,119.834,0.999,14.979,5219,4566,0.950,1.570,1.520,1,0,2.996,0,0,35,284,0,7,1
14-07 04:19:14,10.295,8.035,78.846,0.251,0,6118008,195924,114980,1570036,2670371.029,3867969.562,204.898,445.954,6.026,30.132,8491,6984,0.950,1.570,1.520,1,0,105.462,0,0,35,284,0,7,1
14-07 04:19:15,11.518,10.516,75.366,0,0,6094160,217352,114980,1572456,2619453.762,76656.132,4.006,0,1.002,0,8333,7313,0.950,1.570,1.520,1,0,158.244,0,0,35,284,0,7,1
14-07 04:19:16,6.496,4.997,84.950,0,0.250,6086160,222892,114980,1574916,2659729.787,68610.907,0,0,0,0,5700,5467,0.950,1.570,1.520,0,0,56.967,0,0,35,283,0,7,1
14-07 04:19:17,4.255,3.004,88.610,1.001,0,6085816,220872,114980,1577280,2668184.894,62483.722,0,70748.002,0,82.102,5139,4754,0.880,1.540,1.510,0,1,0,0,0,35,283,0,7,1
14-07 04:19:18,3.996,2.248,83.921,6.744,0,6085880,218352,115008,1579708,2517309.289,59116.584,19.981,13307.526,1.998,339.682,5247,5194,0.880,1.540,1.510,2,0,0,0,0,35,283,0,7,1
14-07 04:19:19,4.488,2.493,90.253,0,0,6093044,208712,115012,1582180,2568888.211,59506.927,0,35.902,0,3.989,4624,4516,0.880,1.540,1.510,2,0,0,0,0,35,283,0,7,1
14-07 04:19:20,4.243,1.497,91.342,0,0,6091616,207956,115012,1584364,2337899.257,55709.380,0,0,0,0,4624,4304,0.880,1.540,1.510,0,0,0,0,0,35,283,0,7,1
14-07 04:19:21,4.482,1.743,90.642,0,0,6091752,205436,115012,1586748,2558230.264,60254.027,0,103.591,0,6.972,4422,4597,0.880,1.540,1.510,0,0,0,0,0,35,283,0,7,1
14-07 04:19:22,5.268,2.508,90.804,0.251,0,6091404,203416,115028,1589100,2549310.576,59172.399,0,80.269,0,6.020,4717,4753,0.810,1.510,1.500,0,0,0,0,0,35,283,0,7,1
14-07 04:19:23,4.773,2.261,90.443,0,0,6091940,200392,115036,1591580,2851860.738,65962.816,0,60.295,0,7.034,5398,4731,0.810,1.510,1.500,0,0,1.005,0,0,35,283,0,7,1
14-07 04:19:24,3.484,1.742,91.837,0,0,6091996,198628,115036,1593288,1800303.191,36931.798,0,0,0,0,3801,3089,0.810,1.510,1.500,1,0,0,0,0,35,283,0,7,1
14-07 04:19:25,4.998,1.749,90.967,0,0,6090540,197872,115036,1595500,2281531.497,54404.220,0,0,0,0,4419,3865,0.810,1.510,1.500,3,0,0,0,0,35,283,0,7,1
14-07 04:19:26,7.752,5.752,83.277,0,0,6103808,182980,115036,1597132,1813735.678,3398070.913,0,0,0,0,6440,4467,0.810,1.510,1.500,1,0,52.017,0,0,35,284,0,7,1
14-07 04:19:27,12.541,8.528,76.503,0.251,0,6089804,195136,115104,1598904,1993351.564,499928.898,16.053,385.273,1.003,36.119,7054,6733,0.900,1.520,1.500,0,0,107.355,0,0,35,284,0,7,1
14-07 04:19:28,11.198,10.203,76.150,0,0,6087020,196420,115132,1600380,1543762.021,52418.918,15.927,175.194,0.995,15.927,6728,6262,0.900,1.520,1.500,0,0,155.286,0,0,35,283,0,7,1
14-07 04:19:29,4.010,2.256,91.476,0,0,6087540,194332,115132,1601944,1680729.889,42910.154,0,8.020,0,2.005,3403,3453,0.900,1.520,1.500,0,0,0,0,0,35,283,0,7,1
14-07 04:19:30,3.748,1.749,91.199,0,0,6086852,193576,115132,1603388,1611498.134,40603.302,0,0,0,0,3665,3374,0.900,1.520,1.500,0,0,0,0,0,35,283,0,7,1
14-07 04:19:31,3.500,1.250,92.750,0,0,6086852,192568,115164,1604364,970257.703,23862.042,0,368.001,0,21.000,2915,2901,0.900,1.520,1.500,0,0,0,0,0,35,283,0,7,1
14-07 04:19:32,3.751,1.500,92.014,0,0,6086724,191308,115164,1605752,1534406.730,36761.791,0,0,0,0,3187,3087,0.830,1.500,1.500,0,0,0,0,0,35,283,0,7,1
14-07 04:19:33,3.749,1.499,92.214,0,0,6087156,189540,115164,1607088,1413991.163,35530.008,0,3.998,0,1.000,3313,3226,0.830,1.500,1.500,0,0,1.000,0,0,35,283,0,7,1
14-07 04:19:34,4.251,2.001,90.773,0.250,0,6087056,188280,115180,1608432,1496951.106,37269.588,20.005,1784.459,2.001,307.079,3478,3573,0.830,1.500,1.500,0,0,0,0,0,35,283,0,7,1
14-07 04:19:35,4.248,1.999,91.455,0.500,0,6087076,186764,115196,1609912,1541049.484,37967.485,0,187.908,0,11.994,3484,3351,0.830,1.500,1.500,0,0,0,0,0,35,283,0,7,1
14-07 04:19:36,4.000,1.500,91.510,0,0,6087296,185252,115200,1611200,1468430.930,36207.993,0,36.004,0,4.000,3179,3170,0.830,1.500,1.500,1,0,0,0,0,35,283,0,7,1
14-07 04:19:37,5.250,1.750,90.003,0,0,6087124,183992,115236,1612596,1462296.453,37129.230,0,144.005,0,18.001,3699,3696,0.760,1.470,1.490,0,0,0,0,0,35,283,0,7,1
14-07 04:19:38,4.502,2.001,90.536,0,0,6088436,181224,115264,1614024,1555830.662,40012.782,0,304.120,0,21.008,3852,3515,0.760,1.470,1.490,1,0,2.001,0,0,35,284,0,7,1
14-07 04:19:39,10.020,9.519,78.410,0,0,6099172,184488,115268,1600060,1564786.026,3832452.417,200.409,88.180,5.010,7.014,7261,5564,0.760,1.470,1.490,2,0,103.210,0,0,35,284,0,7,1
14-07 04:19:40,12.018,9.264,76.114,0,0,6091768,190268,115268,1601684,1659413.041,58362.788,0,4.006,0,1.002,6721,5974,0.760,1.470,1.490,1,0,139.209,0,0,35,284,0,8,1
14-07 04:19:41,9.448,6.713,80.059,0,0,6094112,201840,115268,1587760,1554923.002,49395.139,0,7.956,0,1.989,5625,4814,0.760,1.470,1.490,1,0,70.611,0,0,35,283,0,7,1
14-07 04:19:42,4.506,1.752,92.121,0.501,0,6092756,202032,115296,1588900,1034806.935,24884.776,8.011,304.401,2.003,24.032,3041,3300,0.700,1.450,1.480,0,0,0,0,0,35,283,0,7,1
14-07 04:19:43,4.249,2.250,89.734,0.250,0,6092548,201028,115336,1590072,1287028.964,31986.233,0,14253.430,0,350.937,4109,3514,0.700,1.450,1.480,0,0,2.999,0,0,35,283,0,7,1
14-07 04:19:44,3.753,1.501,92.085,0,0,6092348,200272,115368,1590996,936481.125,25007.209,4.004,168.156,1.001,18.017,2938,2798,0.700,1.450,1.480,0,0,1.001,0,0,35,283,0,7,1
14-07 04:19:45,3.749,1.000,91.982,0,0,6092276,199516,115368,1591824,1005746.282,26232.843,0,0,0,0,2883,2741,0.700,1.450,1.480,0,0,0,0,0,35,283,0,7,1
14-07 04:19:46,3.999,2.000,90.485,0.250,0,6092028,198508,115416,1593032,1060909.714,27589.572,15.997,411.934,1.000,31.995,3345,3470,0.700,1.450,1.480,0,0,2.000,0,0,35,283,0,7,1
14-07 04:19:47,4.752,2.001,90.296,0.250,0,6092492,197276,115460,1593756,1121793.178,30477.518,16.008,244.124,1.001,31.016,3439,3313,0.650,1.420,1.470,1,0,0,0,0,35,283,0,7,1
14-07 04:19:48,3.746,1.998,90.893,0.499,0,6092204,196268,115464,1595048,1038164.731,28448.397,0,35673.862,0,52.937,3338,3211,0.650,1.420,1.470,0,0,0,0,0,35,283,0,7,1
14-07 04:19:49,4.000,1.500,91.490,0,0,6092088,195512,115472,1595912,1016831.864,26499.130,0,51.994,0,4.000,2990,2812,0.650,1.420,1.470,1,0,0,0,0,35,283,0,7,1
14-07 04:19:50,10.765,5.007,82.112,0,0.250,6101880,214784,115472,1567052,792699.385,22308.376,0,0,0,0,4130,9787,0.650,1.420,1.470,0,0,36.049,0,0,35,283,0,8,1
14-07 04:19:51,6.745,5.246,84.943,0,0,6110000,205776,115476,1567944,944784.109,1935392.376,83.944,31.978,1.999,2.998,4678,3647,0.650,1.420,1.470,1,0,51.965,0,0,35,284,0,8,1
14-07 04:19:52,35.627,14.699,47.087,0.249,0,6118920,195344,115504,1569420,1024072.016,1903128.742,1291.532,231.200,36.872,19.931,8742,8803,1.070,1.500,1.490,3,0,124.569,0,0,35,294,0,9,1
14-07 04:19:53,12.807,10.045,75.084,0,0.251,6093304,219988,115512,1570384,1161321.338,47549.820,257.146,56.251,2.009,7.031,6103,6080,1.070,1.500,1.490,1,0,158.707,0,0,35,293,0,6,1
14-07 04:19:54,3.241,1.496,91.738,0,0.249,6093368,218980,115512,1571328,908147.567,22609.409,0,0,0,0,2595,2659,1.070,1.500,1.490,0,0,0,0,0,35,293,0,6,1
14-07 04:19:55,4.508,2.254,91.667,0.501,0,6093268,217972,115536,1572412,1110640.128,27644.232,0,2159.925,0,338.615,3409,3115,1.070,1.500,1.490,0,0,0,0,0,35,293,0,6,1
14-07 04:19:56,4.503,1.001,91.557,0,0,6093004,217216,115560,1573408,1072623.857,26362.513,0,108.068,0,12.008,2870,2853,1.070,1.500,1.490,0,0,0,0,0,35,293,0,6,1
14-07 04:19:57,4.994,2.497,89.135,0.250,0,6093300,215704,115616,1574568,1170560.378,29763.564,31.959,475.386,1.997,33.956,3760,3698,0.990,1.470,1.490,0,0,0,0,0,35,293,0,6,1
14-07 04:19:58,4.748,1.749,89.716,0,0,6093832,214204,115648,1575504,1159659.115,30384.370,0,191.927,0,19.992,3674,3571,0.990,1.470,1.490,1,0,0,0,0,35,293,0,7,1
14-07 04:19:59,4.514,2.006,91.289,0,0,6094248,212704,115648,1576588,1156176.485,28771.090,0,8.025,0,2.006,3208,2863,0.990,1.470,1.490,0,0,0,0,0,35,293,0,7,1
14-07 04:20:00,3.992,1.746,91.811,0,0,6093924,211948,115656,1577660,1025758.855,26447.516,0,67.860,0,2.994,2783,2930,0.990,1.470,1.490,0,0,0,0,0,35,293,0,7,1
14-07 04:20:01,3.995,0.999,92.623,0.499,0,6094324,210716,115692,1578456,877413.428,18053.339,0,415.433,0,26.963,2486,2597,0.990,1.470,1.490,0,0,0,0,0,35,293,0,6,1
14-07 04:20:02,4.257,1.503,90.910,0,0,6094208,210212,115700,1579068,627891.055,17226.262,0,108.190,0,9.016,2742,2771,0.990,1.470,1.480,1,0,0,0,0,35,293,0,6,1
14-07 04:20:03,3.996,1.748,91.164,0,0,6097484,206188,115700,1579816,829867.642,22515.773,0,0,0,0,2598,2672,0.990,1.470,1.480,1,0,2.997,0,0,35,294,0,6,1
14-07 04:20:04,9.498,4.499,65.985,17.496,0,6112344,189648,115740,1581468,716646.067,21557.219,1035.770,0,72.984,0,3406,3154,0.990,1.470,1.480,2,0,18.996,0,0,35,294,0,6,1
14-07 04:20:05,12.967,5.985,71.815,6.982,0,6117388,196408,115828,1569812,793258.019,2477007.901,2816.724,7.979,188.513,1.995,4927,3855,0.990,1.470,1.480,1,0,41.892,0,0,35,294,0,6,1
14-07 04:20:06,10.023,8.269,78.929,0,0,6097300,215912,115828,1570384,717581.626,1345739.795,0,0,0,0,5582,4606,0.990,1.470,1.480,1,0,107.243,0,0,35,294,0,6,1
14-07 04:20:07,10.262,10.513,76.091,0.751,0,6098892,213860,115884,1570800,265898.236,23265.933,20.024,412.495,2.002,38.046,5242,5570,0.990,1.460,1.480,0,0,154.185,0,0,35,294,0,6,1
14-07 04:20:08,4.502,1.751,91.534,0,0,6094004,218116,115896,1571412,761108.664,24723.084,0,80.029,0,9.003,2974,3052,0.990,1.460,1.480,1,0,2.001,0,0,35,293,0,6,1
14-07 04:20:09,3.746,1.249,92.909,0,0,6094796,216880,115896,1571856,408637.578,10717.446,0,15.984,0,3.996,2130,2429,0.990,1.460,1.480,0,0,0,0,0,35,293,0,6,1
14-07 04:20:10,4.000,1.250,91.996,0.250,0,6094612,216628,115904,1572284,404384.370,10595.538,0,315.986,0,18.999,2232,2523,0.990,1.460,1.480,0,0,0,0,0,35,293,0,7,1
14-07 04:20:11,3.502,1.751,93.045,0,0,6100620,210312,115904,1572592,414716.544,10997.371,0,16.008,0,3.001,2142,2353,0.990,1.460,1.480,1,0,0,0,0,35,293,0,7,1
14-07 04:20:12,9.251,4.000,83.257,0.250,0,6130988,194684,115920,1557904,432213.145,11785.040,28.002,1704.150,4.000,91.008,3251,3716,0.910,1.430,1.470,1,0,4.000,0,0,35,293,0,7,1
14-07 04:20:13,6.248,2.499,89.471,0.250,0,6127676,197808,115932,1558080,404403.555,10430.584,0,99.967,0,11.996,2624,3093,0.910,1.430,1.470,0,0,1.000,0,0,35,293,0,6,1
14-07 04:20:14,6.757,1.752,88.589,0,0,6112704,213092,115948,1557752,559077.669,13843.933,4.004,472.476,1.001,61.061,2587,2624,0.910,1.430,1.470,1,0,0,0,0,35,293,0,6,1
14-07 04:20:15,2.749,1.499,93.208,0,0,6110868,214536,115948,1558144,560493.030,15472.961,0,0,0,0,2130,2349,0.910,1.430,1.470,2,0,0,0,0,35,293,0,6,1
14-07 04:20:16,5.242,2.996,89.870,0.250,0,6110476,214088,115980,1558952,737097.752,17698.350,15.977,2360.579,0.999,377.453,3032,3100,0.910,1.430,1.470,0,0,6.990,0,0,35,293,0,6,1
14-07 04:20:17,4.254,1.501,91.333,0.250,0,6109096,214716,116004,1559680,912550.356,22364.424,16.015,120.110,1.001,16.015,3022,3037,0.840,1.410,1.460,1,0,0,0,0,35,293,0,6,1
14-07 04:20:18,10.017,7.513,79.383,0.250,0,6111268,211340,116040,1560860,1203770.381,3813104.324,16.027,312.524,1.002,26.044,6972,5332,0.840,1.410,1.460,1,0,84.141,0,0,35,294,0,6,1
14-07 04:20:19,9.960,9.462,77.436,0,0,6098304,222924,116060,1562208,1459845.794,52657.455,15.935,22592.380,0.996,48.802,6316,5868,0.840,1.410,1.460,1,0,127.483,0,0,35,294,0,6,1
14-07 04:20:20,8.773,8.021,81.211,0,0,6095480,224404,116060,1563552,1635447.306,47564.789,0,40.104,0,1.003,5592,5093,0.840,1.410,1.460,0,0,103.269,0,0,35,293,0,6,1
14-07 04:20:21,4.016,1.506,91.367,0,0,6095460,222136,116060,1565840,2312835.628,53314.047,0,0,0,0,4058,3909,0.840,1.410,1.460,1,0,1.004,0,0,35,293,0,6,1
14-07 04:20:22,4.469,1.738,89.140,0.248,0,6095484,219616,116088,1568308,2841406.148,62601.418,0,385.362,0,27.810,5850,4623,0.850,1.400,1.460,0,0,0,0,0,35,293,0,6,1
14-07 04:20:23,5.264,2.256,90.236,0,0,6095412,216588,116104,1571392,3157017.619,65565.246,0,76.199,0,7.018,5221,4195,0.850,1.400,1.460,1,0,1.003,0,0,35,293,0,6,1
14-07 04:20:24,5.005,2.002,89.835,0,0,6095528,212080,116104,1575784,4886854.202,104719.112,0,0,0,0,6948,6254,0.850,1.400,1.460,0,0,0,0,0,35,293,0,6,1
14-07 04:20:25,5.521,2.510,88.592,0,0,6095700,207040,116104,1580652,5182190.076,103934.985,0,0,0,0,8938,6732,0.850,1.400,1.460,1,0,0,0,0,35,293,0,6,1
14-07 04:20:26,4.976,1.742,89.315,0,0.249,6095828,201496,116104,1586068,5697413.397,120760.507,0,0,0,0,8347,7390,0.850,1.400,1.460,0,0,0,0,0,35,293,0,6,1
14-07 04:20:27,6.506,2.502,87.074,0.250,0,6096056,193936,116144,1593360,7869461.927,170340.982,16.014,448.382,1.001,39.033,10383,11779,0.780,1.380,1.450,0,0,0,0,0,35,293,0,6,1
14-07 04:20:28,6.496,3.248,87.443,0.250,0,6096016,187776,116172,1599532,6569034.536,132279.402,15.990,167.890,0.999,19.987,9266,8606,0.780,1.380,1.450,0,0,0,0,0,35,293,0,7,1
14-07 04:20:29,5.004,1.751,89.818,0,0,6096416,184008,116184,1602888,3719191.331,73841.896,0,60.045,0,8.006,5991,4767,0.780,1.380,1.450,1,0,0,0,0,35,293,0,7,1
14-07 04:20:30,7.006,5.255,84.575,0,0,6102700,187908,116152,1592744,6313530.588,665857.241,0,0,0,0,9112,8801,0.780,1.380,1.450,0,0,52.046,0,0,35,294,0,6,1
14-07 04:20:31,11.032,8.776,76.724,0.251,0,6102980,180972,116176,1599368,7012018.665,3411506.796,196.574,441.289,6.018,27.079,14170,10888,0.780,1.380,1.450,2,0,105.308,0,0,35,294,0,6,1
14-07 04:20:32,10.704,9.708,77.419,0,0,6097036,184148,116176,1602136,2699106.887,70616.710,0,0,0,0,7162,6275,0.720,1.360,1.440,1,0,107.540,0,0,35,294,0,6,1
14-07 04:20:33,5.237,3.491,88.285,0,0,6097196,180348,116176,1605776,3994980.340,85403.958,0,23.942,0,1.995,7388,6528,0.720,1.360,1.440,0,0,50.876,0,0,35,293,0,6,1
14-07 04:20:34,4.258,1.753,91.662,0,0,6097248,177100,116176,1608972,3375428.217,71642.738,0,8.014,0,2.004,4933,5006,0.720,1.360,1.440,1,0,0,0,0,35,293,0,6,1
14-07 04:20:35,4.516,2.007,90.311,0,0,6096324,189952,116164,1597160,4135338.966,86899.152,0,76.263,0,4.014,6113,4927,0.720,1.360,1.440,0,0,0,0,0,35,293,0,6,1
14-07 04:20:36,4.737,1.745,90.760,0,0,6096272,185912,116164,1601252,4391433.755,89587.268,0,0,0,0,5904,5989,0.720,1.360,1.440,0,0,0,0,0,35,293,0,6,1
14-07 04:20:37,5.253,1.751,89.294,0.250,0,6097164,181404,116200,1604832,3922026.887,81888.044,24.012,2785.362,3.001,441.216,6041,6303,0.900,1.380,1.450,0,1,0,0,0,35,293,0,6,1
14-07 04:20:38,5.247,2.498,90.194,0.250,0,6096952,177120,116232,1609296,4710767.832,99756.479,0,251.845,0,21.986,6413,6830,0.900,1.380,1.450,0,0,0,0,0,35,293,0,6,1
14-07 04:20:39,3.749,1.749,91.972,0,0,6096564,190972,116232,1595832,1803863.196,41965.000,0,12388.162,0,43.986,3679,3188,0.900,1.380,1.450,0,0,0,0,0,35,293,0,6,1
14-07 04:20:40,4.985,1.994,89.723,0,0,6098744,184432,116232,1600192,4651175.598,97535.281,0,3.988,0,0.997,8573,6600,0.900,1.380,1.450,0,0,0,0,0,35,293,0,7,1
14-07 04:20:41,3.764,1.757,92.354,0,0,6098028,182100,116232,1603240,3158218.766,66501.031,0,4.015,0,1.004,4775,4879,0.900,1.380,1.450,0,0,0,0,0,35,293,0,7,1
14-07 04:20:42,7.782,3.514,85.601,0.251,0,6109336,225000,116248,1549156,3722677.012,69993.255,24.099,329.352,3.012,24.099,6436,5318,0.830,1.360,1.450,1,0,0,0,0,35,293,0,6,1
14-07 04:20:43,9.175,6.199,80.841,0.248,0,6103652,226900,116264,1552924,3875693.196,3839011.426,214.252,95.223,5.951,11.903,9060,7452,0.830,1.360,1.450,1,0,54.555,0,0,35,294,0,6,1
14-07 04:20:44,12.048,11.546,73.796,0.251,0,6099520,227016,116280,1556924,4309779.734,103283.106,4.016,86579.132,1.004,122.491,9200,7928,0.830,1.360,1.450,2,0,158.636,0,0,35,294,0,6,1
14-07 04:20:45,8.987,8.238,79.637,0,0,6103204,219000,116280,1561256,4660637.085,103575.660,0,0,0,0,9450,7908,0.830,1.360,1.450,1,0,102.854,0,0,35,293,0,6,1
14-07 04:20:46,5.002,2.001,90.038,0,0,6102604,215220,116280,1565636,4711685.466,96078.405,0,0,0,0,7064,6286,0.830,1.360,1.450,0,0,2.001,0,0,35,293,0,6,1
14-07 04:20:47,5.492,2.247,89.862,0.250,0,6102720,211184,116292,1569544,4218043.300,87591.754,0,1781.270,0,308.527,6062,6138,0.760,1.340,1.440,0,0,0,0,0,35,293,0,6,1
14-07 04:20:48,5.000,1.500,90.505,0,0,6099848,210176,116308,1573408,4067418.868,87838.727,0,208.011,0,14.001,7570,6497,0.760,1.340,1.440,0,0,0,0,0,35,293,0,6,1
14-07 04:20:49,5.012,2.255,90.458,0,0,6099696,205892,116316,1577836,4748981.213,98726.605,0,40.092,0,4.009,8223,6623,0.760,1.340,1.440,0,0,0,0,0,35,293,0,6,1
14-07 04:20:50,10.486,5.742,80.389,0,0,6123472,207080,116316,1553080,4431780.965,92664.120,0,35.950,0,0.999,7899,16934,0.760,1.340,1.440,1,0,35.950,0,0,35,293,0,6,1
14-07 04:20:51,4.254,2.252,90.582,0,0,6134540,192480,116316,1556612,3921825.453,85746.042,0,0,0,0,6366,5820,0.760,1.340,1.440,0,0,0,0,0,35,293,0,6,1
14-07 04:20:52,22.169,8.718,66.256,0,0,6123412,199968,116368,1560200,3686229.670,79459.911,769.173,490.198,6.974,39.854,8902,7712,0.780,1.330,1.440,1,0,16.938,0,0,35,293,0,6,1
14-07 04:20:53,11.574,4.781,81.521,0,0.252,6114580,205052,116372,1563944,4061529.617,86241.282,257.647,112.721,2.013,8.051,7115,5359,0.780,1.330,1.440,0,0,3.019,0,0,35,293,0,6,1
14-07 04:20:54,4.494,2.247,90.384,0.250,0,6114644,200768,116388,1568148,4513643.093,91945.791,0,95.877,0,9.987,6056,5885,0.780,1.330,1.440,1,0,0,0,0,35,293,0,5,1
14-07 04:20:55,8.278,4.264,84.533,0,0,6110680,200576,116388,1572304,4634865.806,100339.071,0,0,0,0,7550,6920,0.780,1.330,1.440,4,0,50.168,0,0,35,294,0,5,1
14-07 04:20:56,10.978,7.734,77.841,0,0,6102256,203320,116388,1577992,5934526.670,3907703.259,199.592,0,4.990,0,12191,9715,0.780,1.330,1.440,2,0,81.833,0,0,35,294,0,5,1
14-07 04:20:57,12.969,10.475,73.573,0,0,6100208,199352,116444,1583944,6248256.675,148707.257,31.923,426.973,1.995,33.918,13061,10626,0.720,1.310,1.430,0,0,132.681,0,0,35,294,0,5,1
14-07 04:20:58,6.719,4.977,83.611,0.249,0,6098196,195744,116456,1589552,6015497.771,139150.783,0,159.259,0,15.926,9414,10247,0.720,1.310,1.430,0,0,49.769,0,0,35,293,0,6,1
14-07 04:20:59,5.012,1.754,89.962,0,0,6098512,192000,116456,1592980,3747119.435,94947.525,0,12.028,0,2.005,5473,3850,0.720,1.310,1.430,1,0,0,0,0,35,293,0,5,1
14-07 04:21:00,4.508,2.505,90.917,0,0,6098432,187464,116456,1597596,4944876.849,104515.786,0,0,0,0,6564,6630,0.720,1.310,1.430,1,0,0,0,0,35,293,0,5,1
14-07 04:21:01,5.017,1.756,89.797,0.251,0,6098204,182924,116492,1602328,5109221.431,113998.440,0,465.537,0,27.089,8663,7658,0.720,1.310,1.430,0,0,0,0,0,35,293,0,5,1
14-07 04:21:02,6.228,1.993,88.195,0,0,6098228,177380,116504,1607836,5890954.471,120838.354,0,59.793,0,5.979,7790,7730,0.660,1.290,1.420,0,0,0,0,0,35,293,0,5,1
14-07 04:21:03,6.262,6.011,84.911,0.250,0,6102444,183288,116504,1597780,5375542.233,112980.825,0,2128.046,0,338.644,8128,8261,0.660,1.290,1.420,1,0,74.141,0,0,35,292,0,5,2
14-07 04:21:04,15.965,10.976,69.849,1.247,0,6139040,175916,116576,1568612,10219.874,1724.267,71.844,63.862,17.961,0.998,4052,3617,0.660,1.290,1.420,1,0,158.657,0,0,35,292,0,5,1
14-07 04:21:05,20.260,4.002,69.533,4.252,0,6176948,180200,116732,1526380,10643.093,1620.776,156.075,12465.965,39.019,51.024,2400,2156,0.660,1.290,1.420,1,0,0,0,0,35,292,0,5,1
14-07 04:21:06,18.517,2.753,69.815,7.757,0.250,6192572,191352,117152,1499508,11090.281,1715.590,416.386,0,104.096,0,2810,2980,0.660,1.290,1.420,0,1,0,0,0,35,292,0,5,1
14-07 04:21:07,21.274,3.003,68.326,4.505,0,6193108,190092,117740,1499644,14053.693,1621.811,680.760,196.219,149.167,15.017,4425,5187,0.690,1.280,1.420,2,0,0,0,0,35,306,0,7,1
14-07 04:21:08,31.795,6.760,52.324,8.011,0,6222660,187276,117856,1473716,14857.078,5911.387,13419.038,404.574,188.267,49.070,6599,8288,0.690,1.280,1.420,1,1,19.027,0,0,35,308,0,10,1
14-07 04:21:09,39.744,12.998,39.494,5.749,0,6203728,301996,97484,1406344,72995.750,2724527.422,50888.854,151.979,565.921,15.998,12101,14600,0.690,1.280,1.420,1,0,41.994,0,0,35,310,0,12,1
14-07 04:21:10,37.248,16.499,43.247,0,0,6208336,203240,97484,1500484,64928.914,1088454.507,42085.352,73179.395,335.979,96.994,12867,17026,0.690,1.280,1.420,3,0,148.991,0,0,35,310,0,13,1
14-07 04:21:11,35.327,15.784,47.103,0,0,6208692,182892,97564,1522328,31615.843,17055.137,34571.278,1158.523,278.607,68.148,12134,17276,0.690,1.280,1.420,6,1,115.251,0,0,35,309,0,12,1
14-07 04:21:12,32.746,18.248,45.745,1.250,0,6202604,200296,79372,1545456,9407.914,1619.813,50554.163,190506.004,571.934,300.965,11769,16340,1.030,1.340,1.440,1,0,4.999,0,0,35,309,0,12,1
14-07 04:21:13,33.713,11.987,52.692,0.250,0,6203736,198528,65236,1568916,21842.134,1618.232,52182.982,2816.922,554.394,435.524,11992,16720,1.030,1.340,1.440,3,0,0.999,0,0,35,309,0,12,1
14-07 04:21:14,34.791,11.263,51.811,0.250,0,6195360,232340,64888,1555180,11079.993,1621.902,54604.031,604.709,591.694,35.041,11264,15823,1.030,1.340,1.440,1,0,0,0,0,35,309,0,12,1
14-07 04:21:15,32.687,15.220,48.656,0.998,0,6196360,193144,29156,1637384,9483.606,1616.864,55376.596,102573.057,437.152,220.572,11433,16055,1.030,1.340,1.440,4,0,0.998,0,0,35,309,0,12,1
14-07 04:21:16,32.778,11.010,51.795,3.003,0.250,6197836,187724,18784,1652620,9944.594,1621.401,55728.158,60.052,448.387,3.003,11387,16434,1.030,1.340,1.440,5,1,3.003,0,0,35,309,0,12,1
14-07 04:21:17,34.442,13.228,49.916,0,0,6222992,208112,12656,1617612,20910.625,1617.264,52035.969,26207.663,409.308,115.804,10778,14752,1.270,1.390,1.450,1,0,2.995,0,0,35,309,0,12,1
14-07 04:21:18,36.913,13.468,43.398,3.741,0,6218872,184200,12248,1647676,21508.440,1616.201,53186.974,133681.756,419.015,206.515,12101,16424,1.270,1.390,1.450,4,1,0.998,0,0,35,309,0,12,1
14-07 04:21:19,30.361,10.037,53.194,5.771,0,6216120,412168,12292,1423580,14957.580,1463.340,53840.462,74254.954,424.549,112.410,10112,14117,1.270,1.390,1.450,3,0,0,0,0,35,309,0,12,1
14-07 04:21:20,36.290,10.261,51.807,0,0,6233800,266124,12292,1551944,15555.230,1621.796,63942.828,272.302,499.553,54.060,13015,18944,1.270,1.390,1.450,3,0,0,0,0,35,309,0,12,1
14-07 04:21:21,34.634,16.196,41.611,4.236,0,6226672,189260,12320,1636664,14435.815,1754.145,65250.201,113445.331,518.270,166.444,12884,18377,1.270,1.390,1.450,3,1,0.997,0,0,35,310,0,12,1
14-07 04:21:22,34.320,13.277,39.080,13.277,0,6221808,362680,7604,1475568,14655.094,5840.994,56624.276,48.099,478.984,6.012,11440,16129,1.330,1.400,1.450,4,0,17.035,0,0,35,310,0,12,1
14-07 04:21:23,35.991,16.246,33.242,13.997,0,6201280,333180,6832,1528660,105426.018,3780933.047,39050.746,141438.484,594.859,315.925,13941,16891,1.330,1.400,1.450,1,1,39.991,0,0,35,310,0,12,1
14-07 04:21:24,16.967,8.234,56.390,15.969,0,6118048,669052,6948,1275960,30683.873,10005.394,526.967,38991.593,57.887,99.804,4469,4900,1.330,1.400,1.450,0,2,103.797,0,0,35,305,0,19,1
14-07 04:21:25,14.474,14.724,53.904,14.973,0,6126232,659560,7648,1276568,30344.145,15850.868,1126.002,738.689,97.826,51.908,5270,5214,1.330,1.400,1.450,3,0,220.608,0,0,35,305,0,19,1
14-07 04:21:26,12.055,6.027,65.798,14.315,0,6140612,644356,8244,1276796,16499.607,7684.748,823.725,44.200,81.368,4.018,3126,3340,1.330,1.400,1.450,1,0,50.227,0,0,35,304,0,19,1
14-07 04:21:27,18.378,3.229,67.800,8.941,0,6171616,611596,9908,1276888,15309.449,1609.325,1649.061,409.285,135.104,40.730,2994,3288,1.300,1.390,1.450,1,0,0,0,0,35,304,0,19,1
14-07 04:21:28,13.267,1.752,67.087,16.021,0,6186960,593212,12732,1277104,18142.579,1622.108,2859.717,2142.785,137.178,357.465,2795,3194,1.300,1.390,1.450,2,0,0,0,0,35,304,0,20,1
14-07 04:21:29,10.760,2.753,69.314,14.513,0,6202612,573568,14012,1279816,17564.260,1621.501,3995.699,16.015,325.301,3.003,2502,2812,1.300,1.390,1.450,0,1,0,0,0,35,304,0,20,1
14-07 04:21:30,9.734,1.498,70.138,16.224,0,6203080,570808,14992,1281128,11113.291,1617.423,2284.360,0,232.629,0,2332,2670,1.300,1.390,1.450,0,1,0,0,0,35,304,0,20,1
14-07 04:21:31,5.746,1.749,70.201,20.486,0,6203076,569548,16104,1281280,11000.357,1618.875,1263.122,0,141.901,0,1864,2309,1.300,1.390,1.450,0,1,0,0,0,35,304,0,19,1
14-07 04:21:32,6.016,1.504,70.442,20.305,0,6203356,568036,17208,1281408,11813.199,1624.428,1203.280,352.962,146.399,21.057,1861,2406,1.280,1.390,1.450,0,1,0,0,0,35,304,0,19,1
14-07 04:21:33,8.003,2.501,70.776,17.506,0,6203656,566020,18504,1281828,11830.274,1620.585,1708.617,40.014,309.112,4.001,2276,2710,1.280,1.390,1.450,0,1,1.000,0,0,35,304,0,19,1
14-07 04:21:34,10.013,2.003,66.339,20.528,0,6204224,563752,19720,1282312,16373.971,1622.177,1638.198,248.333,245.329,32.043,2583,3304,1.280,1.390,1.450,1,1,0,0,0,35,304,0,19,1
14-07 04:21:35,10.242,1.749,69.943,15.737,0,6204328,562240,20212,1283228,18205.150,1618.680,1362.888,63.948,137.888,7.993,2568,2945,1.280,1.390,1.450,2,0,0,0,0,35,304,0,20,1
14-07 04:21:36,24.964,9.237,60.413,5.242,0,6156636,609296,20336,1283748,105363.730,3789260.766,627.100,0,44.935,0,5571,3661,1.280,1.390,1.450,2,0,93.865,0,0,35,304,0,20,1
14-07 04:21:37,32.171,10.556,55.546,0.754,0,6204372,561540,20352,1283752,40413.376,18972.109,0,64.343,0,6.032,5055,5022,1.340,1.400,1.450,3,1,155.830,0,0,35,305,0,20,1
14-07 04:21:38,26.908,8.969,58.052,4.485,0,6208412,556932,20616,1284036,29018.032,16960.156,450.464,1168.016,25.912,111.619,5131,5604,1.340,1.400,1.450,2,2,107.633,0,0,35,305,0,20,1
14-07 04:21:39,16.020,10.763,66.833,4.255,0,6185236,579660,20872,1284224,15943.902,1622.025,276.345,2030.535,25.031,342.427,4751,4390,1.340,1.400,1.450,1,0,154.192,0,0,35,305,0,20,1
14-07 04:21:40,9.991,18.233,67.437,3.247,0,6185296,579404,21012,1284280,11403.388,1618.494,159.851,103.903,7.993,7.993,5663,4759,1.340,1.400,1.450,4,0,279.740,0,0,35,305,0,21,1
14-07 04:21:41,10.750,20.001,66.503,0.500,0,6181056,583456,21044,1284436,14202.549,1620.063,0,336.013,0,27.001,6160,4996,1.340,1.400,1.450,3,0,322.012,0,0,35,305,0,21,1
14-07 04:21:42,12.224,10.977,45.902,29.188,0,6180256,580812,22084,1287360,18996.347,1616.541,3245.055,351.248,111.761,28.938,5069,6314,1.630,1.460,1.470,0,1,99.786,0,0,35,305,0,21,1
14-07 04:21:43,7.251,2.250,69.261,18.253,0,6176864,582516,23060,1288072,14339.272,1620.257,1800.285,128.020,220.035,12.002,2733,3099,1.630,1.460,1.470,0,1,1.000,0,0,35,305,0,21,1
14-07 04:21:44,17.778,8.013,64.852,7.762,0,6160080,598508,23140,1288784,19587.811,1622.552,713.122,360.567,156.246,29.046,4530,5628,1.630,1.460,1.470,1,0,92.145,0,0,35,305,0,20,1
14-07 04:21:45,24.211,10.982,47.922,14.476,0,6172460,584812,23636,1289548,10205.355,1455.626,1010.352,191.687,74.878,12.979,4420,3975,1.630,1.460,1.470,1,3,126.793,0,0,35,305,0,20,1
14-07 04:21:46,31.384,4.268,44.189,19.835,0,6208488,546004,24024,1291940,11409.702,1626.945,2864.226,321.372,148.634,23.099,3524,2978,1.630,1.460,1.470,2,0,2.009,0,0,35,306,0,20,1
14-07 04:21:47,27.243,3.999,45.738,20.994,0,6244688,505460,24184,1296124,9559.459,1619.569,4482.808,87.977,164.956,9.997,3367,2922,1.740,1.480,1.480,2,0,0,0,0,35,306,0,20,1
14-07 04:21:48,26.761,4.252,44.019,22.760,0,6271292,474212,24728,1300228,27792.753,5839.469,4397.860,304.129,224.095,27.011,4084,4485,1.740,1.480,1.480,2,2,4.002,0,0,35,307,0,20,1
14-07 04:21:49,18.731,7.742,37.461,32.966,0,6277404,467176,24776,1301100,110692.266,3838944.872,731.242,191.801,120.875,12.987,6010,4492,1.740,1.480,1.480,1,2,101.894,0,0,35,307,0,20,1
14-07 04:21:50,47.259,10.447,31.092,10.447,0,6348648,393408,25148,1304928,28304.944,90261.618,1786.906,469.610,151.230,19.899,5871,6833,1.740,1.480,1.480,4,1,192.023,0,0,35,307,0,20,1
14-07 04:21:51,29.708,11.833,50.101,6.294,0,6341940,397904,25364,1305252,16389.795,6257.830,1220.549,708.966,94.663,59.416,5412,13079,1.740,1.480,1.480,1,0,155.086,0,0,35,305,0,22,1
14-07 04:21:52,32.954,13.981,49.930,2.247,0,6383436,356136,25388,1305500,20991.722,1617.744,1006.596,415.421,23.967,5.992,4630,3467,1.760,1.490,1.480,2,0,107.850,0,0,35,305,0,21,1
14-07 04:21:53,29.394,3.736,65.762,0,0,6429860,309688,25404,1305508,10710.286,1614.165,255.078,51.813,1.993,6.975,3006,2582,1.760,1.490,1.480,3,0,1.993,0,0,35,305,0,21,1
14-07 04:21:54,24.266,3.752,61.040,9.006,0,6431548,306980,25636,1306300,12056.845,1458.949,748.487,4959.227,53.035,587.382,4804,5193,1.760,1.490,1.480,1,0,6.004,0,0,35,308,0,23,1
14-07 04:21:55,11.798,3.012,70.284,13.304,0,6431916,303704,26236,1308608,9973.257,1626.566,2996.094,0,175.709,0,2443,2664,1.760,1.490,1.480,1,0,0,0,0,35,308,0,23,1
14-07 04:21:56,21.212,1.747,69.874,5.989,0,6440392,294380,26304,1309388,8943.929,1617.094,738.673,111.799,54.901,9.982,2531,2414,1.760,1.490,1.480,1,0,1.996,0,0,35,309,0,23,1
14-07 04:21:57,23.164,6.974,67.001,0.996,0,6397172,337472,26400,1309420,9297.453,1614.003,15.941,629.660,0.996,49.815,3580,3409,1.700,1.480,1.480,1,0,49.815,0,0,35,309,0,23,1
14-07 04:21:58,26.011,3.001,69.030,0,0,6449236,285308,26444,1309476,9744.178,1620.695,48.021,160.069,1.000,16.007,2965,2856,1.700,1.480,1.480,2,0,0,0,0,35,309,0,24,1
14-07 04:21:59,24.342,2.760,70.015,1.757,0,6453808,280560,26508,1309588,27564.365,1626.157,80.304,385.459,5.019,29.110,3155,3130,1.700,1.480,1.480,3,0,0,0,0,35,309,0,25,1
14-07 04:22:00,22.897,6.471,69.437,0,0,6414404,319948,26516,1309596,10014.919,1612.740,0,67.695,0,2.987,3307,3038,1.700,1.480,1.480,2,0,56.745,0,0,35,309,0,24,1
14-07 04:22:01,29.652,6.533,62.068,0,0.251,6447392,286952,26516,1309608,110284.956,3869920.399,0,0,0,0,5468,3601,1.700,1.480,1.480,4,0,54.278,0,0,35,310,0,24,1
14-07 04:22:02,30.693,11.479,55.647,0.499,0,6368628,365616,26572,1309648,34679.086,103256.695,31.941,590.911,1.996,35.934,5650,5605,1.640,1.470,1.480,1,0,199.632,0,0,35,310,0,24,1
14-07 04:22:03,28.079,8.946,61.376,0,0,6414500,319616,26572,1309776,24409.455,13594.271,0,0,0,0,4223,4071,1.640,1.470,1.480,2,0,103.371,0,0,35,309,0,24,1
14-07 04:22:04,25.860,3.515,70.048,0,0,6440176,293912,26588,1309788,9838.800,1626.912,0,56.239,0,6.026,2901,2554,1.640,1.470,1.480,1,0,0,0,0,35,312,0,24,1
14-07 04:22:05,25.515,1.751,70.791,0,0,6452000,282068,26612,1309784,8310.841,1620.944,0,172.100,0,13.008,2559,2278,1.640,1.470,1.480,2,0,1.001,0,0,35,314,0,24,1
14-07 04:22:06,20.973,6.991,69.911,0.999,0,6395420,338428,26644,1309972,9949.351,1711.824,159.797,451.426,8.989,12.983,3558,3364,1.640,1.470,1.480,1,0,62.920,0,0,35,313,0,24,1
14-07 04:22:07,26.877,2.512,67.820,1.005,0,6445820,287776,26856,1310012,10029.386,1627.690,156.741,325.538,5.024,37.176,3118,3007,1.590,1.470,1.470,1,0,0,0,0,35,313,0,24,1
14-07 04:22:08,25.035,2.727,68.413,1.487,0,6456868,276268,27096,1310232,10013.149,1606.229,206.232,1788.664,5.949,131.869,3292,3644,1.590,1.470,1.470,1,0,0,0,0,35,313,0,22,1
14-07 04:22:09,23.347,5.774,69.789,0,0,6402956,330004,27136,1310368,14001.902,1626.727,0,2470.215,0,328.358,3353,2837,1.590,1.470,1.470,1,0,42.174,0,0,35,313,0,22,1
14-07 04:22:10,26.086,3.010,69.731,0.251,0,6456188,276748,27160,1310368,22350.021,1625.383,0,236.784,0,13.043,2871,2388,1.590,1.470,1.470,1,0,0,0,0,35,314,0,23,1
14-07 04:22:11,24.004,5.001,69.512,0.500,0,6390156,342664,27244,1310400,25998.537,1620.283,16.003,652.114,1.000,47.008,3575,3316,1.590,1.470,1.470,1,1,41.007,0,0,35,313,0,24,1
14-07 04:22:12,12.255,19.508,63.275,3.251,0,6430044,302012,27432,1310976,12041.832,1458.585,196.079,228.092,17.007,23.009,5823,5203,1.460,1.440,1.470,3,0,285.114,0,0,35,313,0,20,1
14-07 04:22:13,8.504,6.753,80.033,3.001,0,6435256,296608,27472,1311140,24826.382,5905.470,132.055,148.062,11.005,13.005,3652,3802,1.460,1.440,1.470,0,1,75.031,0,0,35,314,0,20,1
14-07 04:22:14,29.242,5.452,45.845,15.860,0,6453384,264420,27620,1325052,14507.806,1605.811,13112.138,448.041,266.644,28.746,3812,3451,1.460,1.440,1.470,2,2,8.921,0,0,35,314,0,20,1
14-07 04:22:15,34.079,8.583,53.264,2.777,0,6489116,217496,27680,1336176,105924.146,3903852.351,10868.882,149.442,160.549,14.136,6347,4479,1.460,1.440,1.470,4,0,65.633,0,0,35,314,0,20,1
14-07 04:22:16,37.059,10.695,49.743,0.995,0,6477732,218072,27864,1346796,33850.171,112111.966,9912.803,350.191,84.563,26.861,6065,6300,1.460,1.440,1.470,1,0,141.270,0,0,35,320,0,22,1
14-07 04:22:17,16.319,18.830,57.996,5.775,0,6399320,285536,27924,1357684,18216.373,12359.496,10187.270,208.887,116.495,20.085,6045,6049,1.430,1.430,1.460,0,1,265.126,0,0,35,319,0,22,1
14-07 04:22:18,14.973,15.971,65.633,1.497,0,6400204,273724,27956,1368580,9232.518,1617.113,10273.660,91.836,113.797,11.979,5377,4714,1.430,1.430,1.460,1,1,135.758,0,0,35,319,0,22,1
14-07 04:22:19,14.252,17.502,65.508,1.000,0,6395008,268424,28032,1379000,11532.394,1620.196,9881.194,364.044,90.011,31.004,5721,4945,1.430,1.430,1.460,2,0,148.018,0,0,35,319,0,22,1
14-07 04:22:20,14.271,16.525,67.601,0.501,0,6384492,268336,28052,1389584,19640.228,1622.414,9850.659,136.203,90.134,8.012,5627,4499,1.430,1.430,1.460,2,0,150.224,0,0,35,319,0,22,1
14-07 04:22:21,15.134,14.142,64.755,3.473,0,6397120,244720,28396,1400228,11035.698,1607.719,10317.187,567.664,97.257,41.682,5133,4478,1.430,1.430,1.460,1,0,150.848,0,0,35,321,0,22,1
14-07 04:22:22,23.853,3.515,66.788,4.520,0,6424136,206996,28588,1410744,9657.714,1464.325,10200.056,100.434,111.482,10.043,3097,2924,1.390,1.430,1.460,1,0,0,0,0,35,321,0,22,1
14-07 04:22:23,19.208,4.740,64.857,9.230,0,6449152,191024,24528,1405956,25652.332,1616.429,12552.271,71.841,283.374,8.980,3322,3304,1.390,1.430,1.460,2,0,1.996,0,0,35,321,0,22,1
14-07 04:22:24,19.272,3.504,66.826,8.259,0,6475816,188168,22240,1384700,22879.908,1621.836,6503.364,0,234.265,0,3051,3012,1.390,1.430,1.460,1,0,0,0,0,35,319,0,22,3
14-07 04:22:25,12.240,3.247,66.198,16.737,0,6482616,210220,22184,1356076,13293.529,1618.725,4736.269,0,146.884,0,2656,2867,1.390,1.430,1.460,1,1,0,0,0,35,319,0,15,3
14-07 04:22:26,13.057,3.013,66.540,16.070,0,6484828,200200,23116,1362952,9664.070,1627.083,7589.037,164.717,311.355,21.092,2940,3242,1.390,1.430,1.460,1,0,0,0,0,35,319,0,15,3
14-07 04:22:27,17.766,5.755,59.553,14.513,0,6501072,187568,23568,1358932,25251.589,5908.285,7194.436,288.258,286.256,26.023,4062,4067,1.360,1.420,1.460,3,2,31.028,0,0,35,320,0,15,3
14-07 04:22:28,25.484,8.745,52.968,10.494,0,6513124,184516,23712,1349780,118615.592,3990028.315,1934.819,415.746,145.911,53.967,7197,6035,1.360,1.420,1.460,1,0,78.952,0,0,35,324,0,16,3
14-07 04:22:29,30.549,9.014,53.586,5.008,0,6390404,306804,23744,1350184,33653.102,110417.511,148.238,188.303,9.014,16.026,5176,4859,1.360,1.420,1.460,4,0,111.179,0,0,35,320,0,15,3
14-07 04:22:30,28.793,7.198,60.813,1.738,0,6430004,267072,23836,1350220,16789.406,10817.302,150.916,2319.341,24.822,284.953,4362,4226,1.360,1.420,1.460,2,0,103.258,0,0,35,319,0,15,3
14-07 04:22:31,19.786,3.005,67.371,7.514,0,6459984,234716,23884,1352548,9835.723,1622.924,2320.181,565.018,169.305,33.060,2837,3134,1.360,1.420,1.460,0,1,0,0,0,35,319,0,15,3
14-07 04:22:32,19.589,4.772,67.306,7.785,0,6489832,199528,23916,1357856,10046.728,1627.407,5452.819,104.476,140.640,13.059,2985,3088,1.330,1.410,1.450,2,1,1.005,0,0,35,319,0,15,3
14-07 04:22:33,23.188,4.239,68.067,3.241,0,6502720,180696,23936,1363780,11661.695,1615.663,5960.001,47.871,169.545,6.981,3619,3779,1.330,1.410,1.450,2,0,2.992,0,0,35,322,0,15,3
14-07 04:22:34,28.289,4.256,65.841,0.501,0,6398044,297336,23740,1352720,25460.214,1622.244,580.803,0,11.015,0,3281,2790,1.330,1.410,1.450,2,1,16.022,0,0,35,319,0,16,3
14-07 04:22:35,26.905,3.986,66.267,0.747,0,6445388,250052,23744,1352656,10417.300,1614.313,123.565,7.972,4.982,0.996,3063,2790,1.330,1.410,1.450,1,0,0,0,0,35,319,0,16,3
14-07 04:22:36,27.267,3.502,67.292,0.250,0,6471484,217508,23744,1359104,13723.582,1621.014,6387.995,0,55.034,0,3010,2589,1.330,1.410,1.450,1,0,0,0,0,35,319,0,16,3
14-07 04:22:37,26.886,5.528,66.588,0.503,0,6401724,286148,23784,1360184,8836.823,1628.259,1001.078,188.958,10.051,16.082,3711,3306,1.300,1.400,1.450,2,0,59.301,0,0,35,319,0,15,3
14-07 04:22:38,9.984,15.475,67.392,4.742,0,6404916,277196,24092,1365636,19182.148,1617.399,6325.826,539.133,61.900,23.961,5286,4725,1.300,1.400,1.450,1,0,203.672,0,0,35,319,0,15,3
14-07 04:22:39,10.222,14.460,65.568,7.729,0.249,6397868,273236,24744,1375992,11039.385,1453.968,10439.050,55.845,116.676,5.983,5107,4573,1.300,1.400,1.450,0,1,230.361,0,0,35,319,0,15,3
14-07 04:22:40,18.245,9.497,59.984,9.497,0,6413760,245360,24892,1387836,56767.921,1808986.488,12152.772,3239.140,230.939,352.906,5790,4657,1.300,1.400,1.450,0,2,140.963,0,0,35,320,0,16,3
14-07 04:22:41,19.475,9.238,55.929,12.734,0,6406000,238340,26840,1400664,80604.165,2337773.455,14853.234,83.894,355.551,1.997,6023,5148,1.300,1.400,1.450,0,1,121.846,0,0,35,320,0,15,3
14-07 04:22:42,30.283,10.511,54.559,3.003,0,6455308,186072,27540,1402928,27394.647,17989.469,3051.302,384.416,70.076,24.026,5412,5590,1.440,1.430,1.460,4,0,157.170,0,0,35,320,0,15,3
14-07 04:22:43,20.483,4.246,67.943,5.495,0,6444792,205660,27344,1394064,17786.152,6939.207,1970.355,451.623,71.940,23.980,3265,3512,1.440,1.430,1.460,2,0,18.984,0,0,35,320,0,15,3
14-07 04:22:44,16.834,1.759,67.085,12.312,0.251,6446416,202064,29004,1394376,9775.836,1628.133,1853.258,180.904,82.412,11.055,2580,2670,1.440,1.430,1.460,5,0,1.005,0,0,35,320,0,15,3
14-07 04:22:45,26.006,4.501,64.765,4.251,0,6437896,198376,29888,1405700,14968.455,1794.414,6589.521,1132.261,67.015,25.006,3309,2957,1.440,1.430,1.460,1,0,2.000,0,0,35,319,0,15,3
14-07 04:22:46,17.499,5.250,64.496,9.749,0,6436128,182972,30024,1422736,13611.243,1619.910,16695.071,4.000,239.987,1.000,7237,11780,1.440,1.430,1.460,0,1,7.000,0,0,35,319,0,15,3
14-07 04:22:47,18.945,5.983,65.311,7.728,0,6458404,192368,29224,1393080,26758.724,1453.802,4227.791,498.560,264.237,22.934,6775,10692,1.410,1.420,1.460,0,1,7.977,0,0,35,319,0,15,3
14-07 04:22:48,10.512,4.505,66.827,15.768,0.250,6444528,194540,33092,1400916,12683.640,1621.872,11753.566,204.236,655.757,14.016,3303,3996,1.410,1.420,1.460,1,1,0,0,0,35,319,0,15,3
14-07 04:22:49,13.461,3.241,75.281,5.983,0,6397592,230248,34492,1410744,14067.092,3782.999,11107.698,87.745,353.971,0.997,2888,3106,1.410,1.420,1.460,1,0,0,0,0,35,320,0,15,3
14-07 04:22:50,11.481,2.496,79.119,5.241,0,6405368,215184,35028,1417492,13329.963,4121.187,7096.268,447.261,108.820,14.975,2519,2772,1.410,1.420,1.460,0,0,0,0,0,35,320,0,15,3
14-07 04:22:51,31.091,9.277,54.159,3.510,0,6439528,202780,34312,1397292,10087.579,1690.958,10394.479,112.329,115.338,3.009,11963,28361,1.410,1.420,1.460,1,0,49.144,0,0,35,320,0,16,3
14-07 04:22:52,37.825,11.022,48.846,0,0,6442264,201652,34324,1395708,9254.254,1623.202,10644.997,388.767,87.172,8.016,4280,3398,1.530,1.450,1.470,2,0,18.036,0,0,35,320,0,16,3
14-07 04:22:53,32.997,8.999,53.495,2.750,0,6437504,200404,34636,1401404,117901.578,4049531.681,10618.971,1099.893,118.988,39.996,6741,5165,1.530,1.450,1.470,4,0,86.992,0,0,35,320,0,14,3
14-07 04:22:54,25.995,22.496,49.491,1.000,0,6410888,217084,34672,1411312,36933.232,113910.125,9774.209,467.914,76.986,13.997,7336,8071,1.530,1.450,1.470,2,0,403.926,0,0,35,320,0,15,3
14-07 04:22:55,30.640,7.972,59.288,0.498,0,6443128,175040,34676,1421108,24207.488,10856.202,9701.330,3.986,77.722,0.996,4491,4385,1.530,1.450,1.470,2,0,100.640,0,0,35,319,0,15,3
14-07 04:22:56,27.196,3.743,66.369,0.499,0,6456728,187120,33000,1398440,15369.686,1616.811,9976.323,4822.488,83.835,117.768,3339,3003,1.530,1.450,1.470,2,0,0,0,0,35,319,0,15,3
14-07 04:22:57,24.944,6.047,65.509,1.260,0,6372100,262468,33088,1407632,10142.780,1632.681,9187.359,471.663,75.587,40.313,3998,4066,1.570,1.460,1.470,1,0,45.352,0,0,35,319,0,16,3
14-07 04:22:58,21.890,9.701,63.928,2.487,0,6412724,213352,33120,1416092,26095.641,1611.886,8330.069,119.399,71.639,13.930,4379,4129,1.570,1.460,1.470,1,0,110.444,0,0,35,319,0,17,3
14-07 04:22:59,28.004,4.501,66.760,0,0,6462096,178176,33016,1402256,14963.287,1620.248,9729.487,28.004,76.012,4.001,3160,2816,1.570,1.460,1.470,3,0,0,0,0,35,320,0,17,3
14-07 04:23:00,24.619,6.029,67.075,0.502,0,6386900,280248,32856,1376276,9899.018,1627.897,9835.711,1350.551,84.409,214.038,3767,3295,1.570,1.460,1.470,5,0,61.297,0,0,35,319,0,17,3
14-07 04:23:01,25.546,4.960,66.964,0.248,0,6439656,218372,32856,1385396,14232.075,1607.135,8158.691,0,68.452,0,3190,2899,1.570,1.460,1.470,4,0,8.929,0,0,35,319,0,15,3
14-07 04:23:02,27.641,4.272,66.840,0,0,6471612,200804,32488,1372144,14471.587,1628.280,9906.373,0,77.394,0,3312,2937,1.520,1.450,1.470,1,0,0,0,0,35,319,0,15,3
14-07 04:23:03,25.403,7.222,65.997,0,0,6419916,242132,32524,1382476,18778.045,1613.816,9770.560,394.488,82.683,18.927,3928,3526,1.520,1.450,1.470,1,0,56.782,0,0,35,319,0,15,3
14-07 04:23:04,27.928,3.740,66.330,0.249,0,6449096,203400,32548,1392004,18801.810,1615.858,9703.130,107.724,75.806,9.974,3198,2828,1.520,1.450,1.470,1,0,0,0,0,35,319,0,15,3
14-07 04:23:05,29.985,7.811,61.481,0,0,6468824,208564,32524,1367260,61726.416,1980610.314,10288.576,8.063,112.884,2.016,4982,4059,1.520,1.450,1.470,3,0,52.410,0,0,35,324,0,16,3
14-07 04:23:06,30.850,10.947,55.479,0.249,0,6408900,261008,32524,1374736,82077.741,2219581.018,7563.118,0,69.660,0,6245,5154,1.520,1.450,1.470,2,0,138.325,0,0,35,320,0,17,3
14-07 04:23:07,33.633,11.044,53.462,0.251,0,6452964,207312,32572,1384324,25945.783,19878.749,9782.754,164.652,77.306,18.072,5470,5515,1.560,1.460,1.470,2,0,156.620,0,0,35,319,0,17,4
14-07 04:23:08,27.615,3.732,65.181,1.244,0,6456892,197408,32708,1390156,14302.943,1677.782,5803.574,481.641,57.717,55.727,4034,4421,1.560,1.460,1.470,1,0,0,0,0,35,319,0,18,3
14-07 04:23:09,25.813,6.265,66.412,0.501,0,6427244,226660,32892,1390368,16056.171,2146.236,4.010,2389.830,1.002,140.342,3771,3898,1.560,1.460,1.470,1,0,47.115,0,0,35,319,0,18,3
14-07 04:23:10,27.110,3.765,68.027,0.251,0,6457040,196900,32908,1390316,25634.301,1626.618,8.033,100.409,2.008,10.041,3215,3274,1.560,1.460,1.470,1,0,0,0,0,35,319,0,17,3
14-07 04:23:11,25.109,4.972,67.371,0,0,6382756,264068,32924,1397416,18542.735,1610.942,7115.987,2871.852,58.670,386.825,3761,3277,1.560,1.460,1.470,1,0,31.821,0,0,35,319,0,20,3
14-07 04:23:12,27.789,4.506,66.093,0.250,0,6432900,204032,32956,1407276,31715.417,1622.272,9885.845,236.331,78.109,13.018,3734,3507,1.520,1.450,1.470,1,0,0,0,0,35,319,0,20,3
14-07 04:23:13,30.471,5.745,61.692,0,0,6457988,206696,32800,1380112,17752.377,1498.597,9734.884,171.839,76.928,16.984,3689,3333,1.520,1.450,1.470,2,0,1.998,0,0,35,319,0,20,3
14-07 04:23:14,22.115,10.052,66.849,0.754,0,6388056,266852,32912,1389776,14150.848,1628.499,9795.117,747.903,77.404,57.299,5153,5077,1.520,1.450,1.470,2,0,164.860,0,0,35,319,0,18,3
14-07 04:23:15,7.954,3.480,72.829,13.174,0,6392752,249648,33716,1401480,11830.678,2619.870,12177.674,214.760,400.686,9.943,3007,3362,1.520,1.450,1.470,0,0,15.908,0,0,35,320,0,18,3
14-07 04:23:16,5.251,2.000,88.269,2.000,0,6390252,242332,33748,1411264,21485.520,3658.770,9846.071,148.031,90.019,18.004,2314,2799,1.520,1.450,1.470,0,0,0,0,0,35,320,0,18,3
14-07 04:23:17,10.007,10.507,75.551,2.001,0,6388424,234228,33800,1421144,20564.763,3045.038,9902.627,312.209,97.065,25.017,4240,3988,1.480,1.450,1.460,0,0,131.088,0,0,35,320,0,18,3
14-07 04:23:18,15.573,7.536,66.564,8.791,0,6406188,204656,33920,1432844,26573.313,7722.417,12012.649,204.967,231.090,14.066,4012,3988,1.480,1.450,1.460,2,0,60.284,0,0,35,320,0,16,4
14-07 04:23:19,20.257,15.256,49.768,11.754,0,6385116,213016,34392,1445080,121365.018,4090270.512,12436.511,72.026,288.104,7.003,7405,5461,1.480,1.450,1.460,1,1,210.076,0,0,35,320,0,16,3
14-07 04:23:20,25.007,10.003,55.514,8.252,0,6409316,177588,34476,1456224,40140.437,112315.203,11138.896,0,237.062,0,5334,5314,1.480,1.450,1.460,2,1,152.040,0,0,35,320,0,16,3
14-07 04:23:21,19.424,10.459,57.524,9.712,0,6405980,192496,34684,1444456,26918.049,16789.914,19116.755,509.993,684.307,4.980,5576,5949,1.480,1.450,1.460,1,0,115.545,0,0,35,319,0,16,3
14-07 04:23:22,27.542,3.756,66.601,0.501,0,6417820,194076,34700,1431020,26352.088,1622.468,7471.366,572.871,65.099,9.014,3570,3379,1.440,1.440,1.460,0,1,15.023,0,0,35,319,0,16,3
14-07 04:23:23,14.706,2.492,75.024,4.985,0,6418820,182764,34988,1441044,26718.586,6120.579,10013.862,809.563,108.673,17.946,2942,2895,1.440,1.440,1.460,0,1,1.994,0,0,35,320,0,16,3
14-07 04:23:24,23.843,5.019,66.006,4.016,0,6401432,207928,35156,1433100,15780.281,1800.994,12307.796,1803.002,91.355,80.312,3790,3782,1.440,1.440,1.460,1,0,20.078,0,0,35,319,0,16,3
14-07 04:23:25,10.998,8.249,66.491,12.248,0,6379404,217012,35392,1445808,8949.769,1619.777,11774.380,1827.749,125.983,52.993,4720,4726,1.440,1.440,1.460,2,0,134.981,0,0,35,319,0,16,3
14-07 04:23:26,20.671,10.460,66.994,0,0,6405684,189148,35384,1447400,15486.800,1613.831,9818.468,7.970,76.707,1.992,4273,3904,1.440,1.440,1.460,1,0,147.436,0,0,35,319,0,16,2
14-07 04:23:27,28.041,4.006,65.346,0.501,0,6455268,185156,35056,1402144,8887.005,1622.374,9774.303,1982.902,78.114,133.195,3525,3385,1.400,1.430,1.460,1,0,0,0,0,35,319,0,16,2
14-07 04:23:28,29.419,3.490,65.321,0.249,0,6458008,194944,35024,1389672,14995.927,1615.575,9701.428,163.552,75.792,18.948,3861,3911,1.400,1.430,1.460,1,0,0,0,0,35,319,0,18,2
14-07 04:23:29,24.356,7.031,68.298,0,0.251,6415928,227112,35024,1399584,19018.065,1627.107,9899.237,4.018,77.338,1.004,3565,3207,1.400,1.430,1.460,2,0,47.206,0,0,35,319,0,18,2
14-07 04:23:30,27.936,3.741,67.096,0,0,6458076,197712,34980,1386880,14688.361,1454.669,9705.772,0,75.826,0,3290,2925,1.400,1.430,1.460,3,0,0,0,0,35,319,0,17,2
14-07 04:23:31,24.165,3.488,65.021,4.235,0,6461520,183604,34996,1397568,18312.575,4780.183,10427.316,0,121.572,0,3371,3179,1.400,1.430,1.460,2,0,1.993,0,0,35,320,0,18,2
14-07 04:23:32,31.183,11.568,53.313,3.269,0,6420624,214112,34996,1407968,121415.831,4134216.946,10437.277,136.803,119.703,3.018,6873,5013,1.370,1.420,1.450,3,0,117.691,0,0,35,320,0,18,2
14-07 04:23:33,34.255,10.502,54.259,0,0,6461384,185748,34848,1395736,56642.952,111630.643,9729.538,48.008,76.012,3.000,5302,5030,1.370,1.420,1.450,2,0,123.019,0,0,35,320,0,18,2
14-07 04:23:34,28.765,9.505,54.528,5.253,0,6457292,177316,35212,1407888,25136.079,10996.722,12374.439,1220.635,200.104,138.072,6693,8344,1.370,1.420,1.450,2,0,89.046,0,0,35,320,0,17,2
14-07 04:23:35,25.411,5.481,63.030,2.990,0,6393268,252480,35260,1396700,10694.720,1614.373,10706.678,641.763,132.538,84.705,5277,6609,1.370,1.420,1.450,3,0,4.983,0,0,35,319,0,18,2
14-07 04:23:36,27.271,4.253,66.802,0.250,0,6447672,188156,35260,1406620,14864.619,1621.267,9863.710,1657.295,77.060,245.192,3218,2859,1.370,1.420,1.450,2,0,0,0,0,35,319,0,18,2
14-07 04:23:37,28.585,4.263,65.696,0.501,0,6463928,184404,35364,1394060,22325.507,1624.840,9773.114,2844.474,77.230,170.508,3868,3945,1.340,1.420,1.450,3,0,0,0,0,35,320,0,18,2
14-07 04:23:38,28.146,5.978,60.277,3.238,0,6453072,238440,35644,1350600,14605.071,1614.040,6276.823,960.454,81.698,131.514,6066,7840,1.340,1.420,1.450,2,0,0,0,0,35,319,0,18,2
14-07 04:23:39,13.294,17.558,66.972,0,0,6380388,311048,35668,1350652,19110.410,1462.854,16.053,216.719,4.013,26.087,6010,5190,1.340,1.420,1.450,3,0,389.292,0,0,35,319,0,18,2
14-07 04:23:40,10.271,22.297,65.888,0.251,0,6386380,305020,35676,1350680,10427.804,1623.394,4.008,156.327,1.002,17.036,6597,5748,1.340,1.420,1.450,2,0,456.955,0,0,35,319,0,19,2
14-07 04:23:41,12.250,23.999,61.998,0.500,0,6418372,272824,35836,1350724,13701.624,1619.955,0,4743.870,0,478.987,7089,6269,1.340,1.420,1.450,1,0,483.987,0,0,35,319,0,19,2
14-07 04:23:42,9.747,22.992,65.978,0,0,6421576,269512,35908,1350760,9238.976,1619.470,15.995,571.813,1.000,44.985,6912,6350,1.310,1.410,1.450,1,0,463.848,0,0,35,319,0,18,2
14-07 04:23:43,13.244,22.740,61.973,0,0,6452736,238160,35940,1350920,13550.070,1619.291,127.944,247.892,1.000,24.989,6824,5973,1.310,1.410,1.450,1,0,462.797,0,0,35,319,0,18,2
14-07 04:23:44,13.005,23.760,60.025,2.501,0,6443636,247008,35980,1351140,63510.791,1896154.851,220.093,428.181,30.013,28.012,7805,6483,1.310,1.410,1.450,3,0,526.222,0,0,35,320,0,18,2
14-07 04:23:45,14.999,25.749,56.747,0.500,0,6419420,270844,35996,1351496,97002.420,2383770.446,307.985,319.985,13.999,22.999,8595,7435,1.310,1.410,1.450,3,0,568.973,0,0,35,320,0,18,2
14-07 04:23:46,15.722,27.700,54.652,0,0,6397676,292376,36040,1351664,34166.595,18301.109,15.971,411.261,0.998,31.943,8170,8369,1.310,1.410,1.450,1,0,645.839,0,0,35,319,0,18,2
14-07 04:23:47,10.512,10.261,69.327,8.509,0,6406936,281760,36248,1352812,20280.629,1643.834,1277.425,260.290,29.032,22.025,4318,4039,1.290,1.400,1.450,1,0,178.199,0,0,35,319,0,18,2
14-07 04:23:48,16.189,7.223,68.740,6.476,0,6424896,271628,36736,1353012,17937.224,1613.902,466.238,2729.686,32.876,29.887,3188,3255,1.290,1.400,1.450,2,0,39.849,0,0,35,319,0,18,2
14-07 04:23:49,24.854,4.519,69.291,0.251,0,6436316,250724,37088,1362136,13625.159,1626.825,0,2068.678,0,79.333,3001,2921,1.290,1.400,1.450,1,0,3.013,0,0,35,319,0,18,2
14-07 04:23:50,23.643,1.991,70.680,1.991,0,6434468,250220,37364,1364204,9224.273,2103.485,171.225,856.127,15.928,12.941,2668,2429,1.290,1.400,1.450,1,0,15.928,0,0,35,320,0,18,2
14-07 04:23:51,19.334,5.273,69.300,6.277,0,6457368,226280,37800,1364808,25459.113,7391.971,855.701,2205.539,66.287,89.387,3509,12140,1.290,1.400,1.450,0,1,36.156,0,0,35,320,0,19,2
14-07 04:23:52,17.671,6.222,69.939,3.236,0,6483228,200060,38024,1364944,11818.372,3240.570,987.602,254.865,30.863,19.911,3003,2743,1.260,1.390,1.440,1,0,10.951,0,0,35,320,0,19,2
14-07 04:23:53,8.995,2.499,83.954,3.248,0,6455236,227656,38216,1365156,19439.262,4848.322,515.715,11765.501,44.975,77.957,2334,2553,1.260,1.390,1.440,0,0,1.999,0,0,35,320,0,19,2
14-07 04:23:54,6.748,1.250,86.218,3.999,0,6455288,227152,38376,1365444,24325.045,4910.192,251.907,479.823,37.986,14.994,1871,2292,1.260,1.390,1.440,0,1,0,0,0,35,320,0,19,2
14-07 04:23:55,8.506,1.001,84.310,3.503,0,6454488,226928,38732,1366108,23888.067,8017.728,536.383,852.609,89.064,30.021,2257,2727,1.260,1.390,1.440,1,1,1.001,0,0,35,320,0,17,2
14-07 04:23:56,24.732,3.747,65.952,4.747,0,6472548,207528,39080,1367092,36601.324,9488.085,1151.161,831.394,82.940,41.969,3710,4025,1.260,1.390,1.440,0,1,7.994,0,0,35,321,0,19,2
14-07 04:23:57,17.771,8.761,66.580,5.507,0,6455408,223520,39604,1367720,131796.717,4215216.204,901.085,3147.791,109.131,407.491,6607,5237,1.320,1.410,1.450,1,0,104.125,0,0,35,321,0,19,2
14-07 04:23:58,16.583,10.050,63.567,6.784,0,6455468,222324,40140,1368364,43037.300,118116.148,968.824,8293.296,104.520,243.211,5531,5760,1.320,1.410,1.450,2,0,155.776,0,0,35,321,0,20,2
14-07 04:23:59,23.233,4.996,67.949,2.498,0,6464948,211196,40504,1369644,29365.953,22382.196,1099.175,847.364,95.928,29.977,3770,3744,1.320,1.410,1.450,1,0,55.958,0,0,35,320,0,16,2
14-07 04:24:00,13.939,2.489,74.425,7.218,0,6467972,190796,41112,1386412,19447.019,8036.880,8506.826,935.910,209.086,34.848,2625,2911,1.320,1.410,1.450,1,0,0,0,0,35,320,0,16,2
14-07 04:24:01,15.052,2.007,69.991,11.540,0,6456288,184300,41724,1403980,12928.580,1625.605,8738.130,710.450,226.782,32.111,2472,2771,1.320,1.410,1.450,1,0,1.003,0,0,35,320,0,16,2
14-07 04:24:02,24.664,3.239,68.510,0.997,0,6457020,190228,42008,1397036,9051.310,1614.348,0,1283.506,0,57.798,3113,2971,1.300,1.400,1.450,1,0,0,0,0,35,320,0,16,2
14-07 04:24:03,25.583,3.261,69.976,0.251,0,6463956,192140,41160,1389036,13161.510,1625.249,0,1332.303,0,30.097,2932,2834,1.300,1.400,1.450,3,0,1.003,0,0,35,320,0,16,2
14-07 04:24:04,25.915,2.243,70.020,0,0,6470044,176320,41252,1398676,17498.412,1453.217,0,434.570,0,6.977,2866,2594,1.300,1.400,1.450,2,0,0,0,0,35,320,0,16,2
14-07 04:24:05,24.002,3.000,69.756,1.500,0,6471228,189872,40712,1384504,19124.641,1620.139,0,2260.194,0,103.009,3162,3123,1.300,1.400,1.450,3,0,0,0,0,35,320,0,16,2
14-07 04:24:06,24.502,3.000,69.505,0.750,0,6471584,179568,41376,1393748,19173.410,1714.126,0,1880.138,0,60.004,3034,2905,1.300,1.400,1.450,2,0,0,0,0,35,320,0,16,2
14-07 04:24:07,26.783,3.755,67.332,1.252,0,6491032,173664,42108,1379548,22161.057,1621.980,32.039,2290.797,2.002,92.112,3409,3603,1.270,1.390,1.440,5,0,0,0,0,35,320,0,14,2
14-07 04:24:08,27.705,4.992,61.151,4.992,0,6523452,182652,42720,1337664,13632.905,1683.272,27.955,31081.625,3.994,301.511,3506,3577,1.270,1.390,1.440,2,0,0,0,0,35,319,0,14,3
14-07 04:24:09,28.371,6.277,61.513,1.506,0,6479320,226776,42740,1337692,81528.057,2726735.335,522.236,108.464,42.181,6.026,4952,3529,1.270,1.390,1.440,2,0,71.305,0,0,35,320,0,14,2
14-07 04:24:10,26.747,9.249,63.242,0,0,6492008,214032,42784,1337700,72525.235,1607369.748,0,1039.874,0,25.997,5591,4801,1.270,1.390,1.440,3,0,122.985,0,0,35,321,0,15,2
14-07 04:24:11,30.732,10.744,56.217,0.250,0,6480124,219492,42928,1343952,30788.884,20425.981,0,1155.320,0,15.991,5061,4780,1.270,1.390,1.440,2,0,158.906,0,0,35,319,0,10,3
14-07 04:24:12,26.079,5.713,63.833,0.745,0,6498912,199400,43000,1345152,13751.068,1514.098,31.792,3409.701,0.994,486.816,11301,20217,1.250,1.380,1.440,1,0,12.916,0,0,35,319,0,10,2
14-07 04:24:13,30.029,7.507,54.052,5.756,0,6506968,190624,43036,1345832,19422.823,1621.572,40.039,1681.630,7.007,14.014,11195,19180,1.250,1.380,1.440,1,0,10.010,0,0,35,319,0,10,2
14-07 04:24:14,23.565,9.526,59.164,6.267,0,6501316,196456,43076,1345604,20887.816,1624.497,32.089,90827.406,7.019,372.030,3841,3275,1.250,1.380,1.440,1,2,15.042,0,0,35,319,0,10,2
14-07 04:24:15,25.720,4.994,59.431,8.240,0.499,6431964,266412,43116,1344984,14564.113,1618.124,5741.343,335.611,47.944,15.981,3279,3037,1.250,1.380,1.440,1,0,9.988,0,0,35,319,0,10,2
14-07 04:24:16,28.760,6.002,61.772,0.750,0,6461152,233800,43176,1348348,14491.117,1620.572,3349.183,812.287,42.015,32.011,11146,20394,1.250,1.380,1.440,2,0,47.017,0,0,35,319,0,10,2
14-07 04:24:17,26.996,6.249,64.741,0.500,0,6492740,200708,43208,1349820,13062.086,1619.763,1519.777,303.955,13.998,11.998,3554,3238,1.230,1.380,1.440,2,1,25.996,0,0,35,319,0,10,2
14-07 04:24:18,22.535,4.507,70.108,1.252,0,6504200,187628,43020,1351632,25157.709,4698.229,9586.751,1265.948,84.129,47.072,3627,3678,1.230,1.380,1.440,1,0,17.026,0,0,35,320,0,10,2
14-07 04:24:19,28.688,3.991,65.109,0.998,0,6485348,195572,43072,1362488,26594.580,1790.135,9850.731,582.742,77.832,21.953,3622,3436,1.230,1.380,1.440,1,0,2.994,0,0,35,319,0,10,2
14-07 04:24:20,28.039,7.761,61.835,0,0,6510740,202652,42980,1330108,10375.331,1622.241,10174.053,0,168.232,0,9938,17909,1.230,1.380,1.440,1,0,12.017,0,0,35,319,0,10,2
14-07 04:24:21,27.683,6.734,62.349,0.249,0,6492764,210692,43020,1340056,19707.281,1616.087,9157.825,901.816,73.821,21.947,10393,18465,1.230,1.380,1.440,2,0,7.981,0,0,35,319,0,10,2
14-07 04:24:22,31.193,8.301,47.795,10.817,0.252,6517624,182756,43144,1343020,23901.579,6300.905,3147.434,334.063,145.901,13.081,4226,3721,1.290,1.390,1.440,4,0,31.193,0,0,35,320,0,10,2
14-07 04:24:23,34.847,8.463,49.283,5.725,0,6481496,221272,43236,1340536,109714.680,4185501.989,4735.184,684.989,184.190,17.921,6172,4107,1.290,1.390,1.440,1,0,48.786,0,0,35,320,0,10,2
14-07 04:24:24,32.928,11.060,54.293,0,0,6462256,235384,43236,1345664,37025.737,113726.502,5147.770,0,43.233,0,5584,5716,1.290,1.390,1.440,3,0,213.150,0,0,35,320,0,10,2
14-07 04:24:25,31.978,11.242,54.213,0,0,6469860,217676,43236,1355760,22480.491,17128.183,9449.481,3.997,75.948,0.999,9324,14389,1.290,1.390,1.440,2,0,165.886,0,0,35,319,0,10,2
14-07 04:24:26,26.906,5.979,65.272,0,0,6489076,189220,43236,1365000,14293.127,1614.367,8681.707,0,70.753,0,6592,9862,1.290,1.390,1.440,1,0,19.930,0,0,35,319,0,10,2
14-07 04:24:27,21.524,3.254,70.078,3.754,0,6505528,178488,43096,1359420,17071.054,4630.168,9927.080,2250.512,87.097,340.380,3334,3414,1.270,1.380,1.440,1,1,16.018,0,0,35,320,0,10,2
14-07 04:24:28,27.955,4.493,64.395,1.248,0,6476952,208440,43196,1357944,15336.107,1791.093,7751.418,1577.440,67.890,48.921,3738,3844,1.270,1.380,1.440,1,0,2.995,0,0,35,319,0,11,2
14-07 04:24:29,27.486,7.746,61.469,0,0,6514008,186588,43096,1342840,17999.965,1619.187,9839.061,143.928,78.960,6.996,11007,19230,1.270,1.380,1.440,3,0,13.993,0,0,35,319,0,11,2
14-07 04:24:30,27.265,7.254,62.785,0,0,6497752,192680,43096,1353004,13804.769,1620.912,9713.467,88.050,80.045,1.001,9220,17654,1.270,1.380,1.440,1,0,10.006,0,0,35,319,0,11,2
14-07 04:24:31,24.222,5.993,67.921,0.250,0,6494212,185740,43128,1363452,30638.281,1456.302,9712.677,851.008,75.912,18.978,3372,3017,1.270,1.380,1.440,1,0,9.988,0,0,35,319,0,11,2
14-07 04:24:32,26.379,4.522,67.579,0.251,0,6486928,190088,43168,1366348,14495.676,1627.937,9779.683,317.548,77.377,16.078,3320,3106,1.250,1.380,1.440,1,0,6.029,0,0,35,319,0,8,2
14-07 04:24:33,20.759,4.252,68.781,5.252,0,6492416,187676,43396,1363044,14776.640,1620.728,8635.881,0,299.134,0,3331,3523,1.250,1.380,1.440,1,0,1.000,0,0,35,319,0,8,2
14-07 04:24:34,22.380,4.227,65.400,4.973,0,6495028,189504,43748,1358252,19255.070,1611.386,7790.356,1925.706,172.080,44.761,4573,5218,1.250,1.380,1.440,4,0,0,0,0,35,320,0,8,2
14-07 04:24:35,22.371,5.530,64.348,7.038,0,6495760,177416,44148,1369208,22095.475,5774.222,10665.672,1560.438,131.712,133.723,5740,7384,1.250,1.380,1.440,1,0,2.011,0,0,35,324,0,11,2
14-07 04:24:36,24.754,9.752,49.259,13.252,0,6487624,186404,44708,1367796,124400.020,4233675.399,11930.112,1608.285,223.039,223.039,9666,10673,1.250,1.380,1.440,3,0,105.019,0,0,35,323,0,10,2
14-07 04:24:37,22.257,23.257,51.516,1.000,0,6432844,236304,44996,1372388,30557.209,111242.526,3977.199,3016.909,48.014,198.060,8196,9422,1.550,1.440,1.460,2,0,459.138,0,0,35,322,0,11,2
14-07 04:24:38,11.989,20.731,63.191,1.499,0,6434628,224276,45120,1382508,22967.472,7860.632,9766.845,35.966,110.896,2.997,6749,6176,1.550,1.440,1.460,1,0,361.661,0,0,35,321,0,11,2
14-07 04:24:39,26.178,6.731,65.819,0,0,6474528,179424,44976,1387604,23867.314,1453.998,9657.421,151.583,81.775,3.989,3795,3295,1.550,1.440,1.460,1,0,41.885,0,0,35,321,0,11,2
14-07 04:24:40,28.211,4.494,66.158,0,0,6506824,191324,44116,1344296,15083.132,1617.762,10082.051,4162.241,80.888,21.970,3576,3403,1.550,1.440,1.460,3,0,0,0,0,35,321,0,12,2
14-07 04:24:41,25.633,6.031,66.093,0.754,0,6431348,256568,44216,1354428,15692.461,1628.453,9778.762,2786.465,76.397,125.652,4032,4072,1.550,1.440,1.460,2,0,39.204,0,0,35,321,0,12,2
14-07 04:24:42,27.608,4.228,66.656,0,0,6479896,197592,44260,1364812,22346.835,1611.694,9694.042,167.139,77.600,19.897,3444,3484,1.500,1.430,1.450,1,0,0,0,0,35,321,0,12,2
14-07 04:24:43,30.160,5.781,62.833,0.251,0,6513912,203596,44204,1324848,14221.420,1628.637,10073.422,3345.743,101.538,499.650,4444,3587,1.500,1.430,1.450,1,0,4.021,0,0,35,323,0,12,2
14-07 04:24:44,25.001,6.750,66.752,0,0,6463964,243252,44228,1335196,14582.406,1620.045,9728.271,324.009,76.002,22.001,3730,3417,1.500,1.430,1.450,2,0,42.001,0,0,35,321,0,11,2
14-07 04:24:45,27.806,3.724,67.033,0,0,6504980,192012,44228,1345420,10990.368,1608.782,9644.750,3471.792,78.453,168.823,3042,2719,1.500,1.430,1.450,1,0,0,0,0,35,321,0,11,2
14-07 04:24:46,26.053,5.261,64.381,2.255,0,6508196,182944,44580,1351048,20342.527,1623.314,4982.171,1014.070,58.119,146.299,5100,6480,1.500,1.430,1.450,2,1,2.004,0,0,35,322,0,11,2
14-07 04:24:47,28.266,6.254,60.034,3.002,0,6432588,255376,45068,1353736,14183.055,1620.921,2321.318,1444.821,46.026,196.111,6284,8495,1.460,1.420,1.450,3,0,35.020,0,0,35,321,0,11,2
14-07 04:24:48,29.715,7.741,58.432,1.998,0,6485384,191468,45116,1364808,119331.135,4266430.415,10208.035,431.494,122.856,26.968,5886,4169,1.460,1.420,1.450,1,0,51.939,0,0,35,322,0,11,2
14-07 04:24:49,33.099,11.033,54.162,0.251,0,6502608,194272,44572,1345328,41187.983,113114.750,9753.122,377.126,78.234,21.063,5431,5257,1.460,1.420,1.450,7,0,108.323,0,0,35,322,0,11,2
14-07 04:24:50,29.907,13.458,54.331,0.498,0,6430644,256224,44856,1355052,27533.264,17086.793,9151.503,3700.477,76.761,219.317,6033,6463,1.460,1.420,1.450,1,0,193.398,0,0,35,321,0,11,2
14-07 04:24:51,34.420,6.281,58.288,0,0,6516840,184620,44676,1344260,14803.075,1628.037,9551.149,8.040,78.387,2.010,4234,11923,1.460,1.420,1.450,2,0,36.179,0,0,35,321,0,12,2
14-07 04:24:52,40.779,9.697,48.238,0.249,0,6538212,181828,44676,1322180,9786.945,2152.332,5120.243,206.879,79.569,16.908,4472,4083,1.510,1.430,1.450,3,0,10.941,0,0,35,321,0,11,2
14-07 04:24:53,28.010,7.003,63.524,0,0,6481108,233388,44676,1327724,14090.256,1620.604,5233.952,0,50.019,0,3825,3357,1.510,1.430,1.450,1,0,44.016,0,0,35,321,0,11,2
14-07 04:24:54,27.236,3.248,67.716,0,0,6514372,190164,44692,1337668,27221.448,1619.194,9339.351,63.968,76.962,6.997,3132,2828,1.510,1.430,1.450,1,0,0,0,0,35,321,0,11,2
14-07 04:24:55,27.580,4.764,63.684,2.758,0,6513764,180116,44852,1348164,11730.893,1624.694,9980.836,477.379,88.255,67.194,4738,5537,1.510,1.430,1.450,1,0,0,0,0,35,322,0,11,2
14-07 04:24:56,26.947,6.238,63.626,0.998,0,6443272,247624,45016,1350984,21343.375,1616.847,2531.064,566.894,34.932,73.856,5262,6238,1.510,1.430,1.450,1,0,34.932,0,0,35,321,0,9,2
14-07 04:24:57,27.557,5.511,65.386,0,0,6492496,190284,45072,1359044,19538.744,1461.047,7170.954,240.502,65.136,33.069,3745,3763,1.710,1.470,1.470,2,0,0,0,0,35,321,0,9,2
14-07 04:24:58,38.444,5.991,52.673,1.248,0,6519392,198608,44536,1324428,14586.584,1617.625,3550.787,2787.907,36.946,361.469,5442,6431,1.710,1.470,1.470,3,0,5.991,0,0,35,321,0,12,2
14-07 04:24:59,20.816,12.038,65.208,0.502,0,6430616,278656,44832,1332860,14691.830,1625.180,7836.980,3643.614,65.208,225.719,5512,5782,1.710,1.470,1.470,1,0,214.684,0,0,35,321,0,12,2
14-07 04:25:00,11.248,21.246,65.487,0.250,0.250,6438264,267948,44856,1335896,15955.796,5215.953,2747.448,363.927,27.994,16.997,6340,5497,1.710,1.470,1.470,2,0,345.931,0,0,35,322,0,11,2
14-07 04:25:01,22.010,36.517,33.016,5.753,0,6431984,262732,45404,1346832,127855.270,4304627.154,11001.186,2096.988,170.080,107.050,10322,9231,1.710,1.470,1.470,4,0,761.359,0,0,35,322,0,11,2
14-07 04:25:02,22.004,19.253,56.759,0.250,0,6432540,254000,45440,1355280,24163.927,104033.906,7525.223,280.046,62.010,16.003,6964,8367,1.650,1.470,1.470,1,0,263.043,0,0,35,322,0,11,2
14-07 04:25:03,26.668,16.450,52.838,1.745,0,6457804,225160,45456,1358452,22007.452,7717.313,3325.792,91.718,33.896,5.982,6657,8284,1.650,1.470,1.470,6,0,246.244,0,0,35,322,0,11,2
14-07 04:25:04,31.621,25.347,37.895,4.768,0,6478832,193156,45456,1369492,25840.163,11244.150,10480.218,20.077,135.520,5.019,7295,6915,1.650,1.470,1.470,2,0,445.710,0,0,35,321,0,11,2
14-07 04:25:05,34.410,18.701,40.644,5.486,0,6521184,181264,44756,1339748,25620.943,1454.194,7348.766,2585.234,163.572,10.971,6607,6951,1.650,1.470,1.470,3,0,228.402,0,0,35,321,0,11,2
14-07 04:25:06,40.778,17.262,33.023,7.755,0,6549964,179660,44860,1312544,19710.762,1715.198,7885.506,836.584,179.125,27.019,6984,7912,1.650,1.470,1.470,2,1,200.140,0,0,35,321,0,11,2
14-07 04:25:07,71.435,24.143,2.240,1.742,0,6676332,184108,43552,1183304,9966.025,1612.883,11337.971,254.875,257.862,16.925,7092,7446,1.840,1.510,1.480,8,0,340.498,0,0,35,325,0,11,2
14-07 04:25:08,51.798,22.020,16.765,7.507,0,6732488,197028,43044,1116120,15767.461,1621.487,13067.985,3639.338,272.250,422.387,10283,15123,1.840,1.510,1.480,6,0,231.212,0,0,35,326,0,11,2
14-07 04:25:09,55.028,16.081,18.594,10.051,0,6753236,182164,42896,1110240,16118.539,1628.237,10665.956,3011.233,124.630,259.312,9922,15008,1.840,1.510,1.480,1,2,121.615,0,0,35,329,0,11,2
14-07 04:25:10,45.870,26.425,15.705,10.720,0,6797168,191572,41460,1058760,10230.968,1852.743,12763.781,2149.899,302.143,103.706,8112,8853,1.840,1.510,1.480,6,1,344.024,0,0,35,329,0,12,2
14-07 04:25:11,48.626,23.060,13.034,14.036,0,6818296,181284,39988,1049404,15996.470,1931.006,15307.684,1896.918,282.733,164.426,8751,11084,1.840,1.510,1.480,5,0,302.785,0,0,35,331,0,12,2
14-07 04:25:12,53.409,14.226,9.234,22.212,0,6866700,185748,29420,1008160,8472.555,2056.494,14559.178,1365.672,350.403,94.838,7239,9287,2.090,1.570,1.500,1,3,34.940,0,0,35,329,0,14,2
14-07 04:25:13,39.455,14.733,6.742,36.958,0,6874676,195324,30728,990532,17726.662,1837.891,22262.458,851.024,1264.549,49.943,6678,6855,2.090,1.570,1.500,4,0,33.961,0,0,35,329,0,13,2
14-07 04:25:14,41.675,13.476,10.980,32.442,0,6876728,223376,31772,960624,27416.635,6309.639,31830.688,5685.763,1733.878,295.468,7367,8642,2.090,1.570,1.500,0,4,24.955,0,0,35,332,0,13,2
14-07 04:25:15,16.769,7.759,29.784,43.799,0,6898524,183556,32000,978412,62627.631,2057483.426,17279.488,232.262,469.530,22.025,6105,6081,2.090,1.570,1.500,3,0,49.055,0,0,35,336,0,13,2
14-07 04:25:16,24.969,9.488,52.935,10.237,0,6916272,195140,32400,949820,123146.745,2303114.200,11637.706,443.455,195.760,11.985,6147,5156,2.090,1.570,1.500,0,3,104.871,0,0,35,336,0,13,2
14-07 04:25:17,18.557,9.028,37.115,33.604,0,6917004,203644,31288,941860,36253.127,240182.857,20968.854,284.881,320.993,9.028,4761,4702,2,1.560,1.500,2,1,64.199,0,0,35,335,0,13,3
14-07 04:25:18,28.150,8.968,45.339,15.445,0,6909388,191172,31788,961436,36035.690,442519.354,19462.701,1801.585,507.194,69.752,6055,6152,2,1.560,1.500,3,0,109.610,0,0,35,334,0,13,2
14-07 04:25:19,23.313,5.014,63.421,6.768,0,6928444,182148,32096,951104,14062.901,1624.378,10825.175,7909.316,135.365,480.294,4105,4183,2,1.560,1.500,0,1,5.014,0,0,35,336,0,13,2
14-07 04:25:20,13.190,11.199,61.720,10.950,0,6950844,190396,32312,920996,11726.766,1702.272,10779.068,935.752,125.431,31.855,4327,4382,2,1.560,1.500,2,1,38.824,0,0,35,336,0,13,2
14-07 04:25:21,8.995,2.998,68.463,17.740,0,6953048,203516,31932,906228,17687.331,1705.068,13324.716,1819.006,122.933,156.914,2910,3104,2,1.560,1.500,0,0,2.998,0,0,35,336,0,13,2
14-07 04:25:22,5.513,2.255,89.205,0.501,0,6946924,199252,31940,916624,12350.420,1974.544,9754.446,348.803,77.178,7.016,2504,3060,1.920,1.550,1.490,0,0,0,0,0,35,336,0,13,2
14-07 04:25:23,5.741,1.997,89.857,0,0,6941096,195112,31972,926572,13710.194,1545.542,9716.546,95.848,76.878,11.981,2534,3050,1.920,1.550,1.490,0,0,0.998,0,0,35,336,0,13,2
14-07 04:25:24,7.261,1.753,88.390,0.250,0,6941712,183692,32020,937328,20154.862,1622.565,9871.606,140.222,77.122,18.029,2608,3065,1.920,1.550,1.490,0,0,1.002,0,0,35,338,0,13,2
14-07 04:25:25,8.246,2.749,85.708,0,0,6939828,205512,31400,918016,9766.194,1619.203,9743.206,431.788,77.962,50.975,3121,3912,1.920,1.550,1.490,1,0,1.000,0,0,35,340,0,13,2
14-07 04:25:26,5.998,1.749,90.214,0,0,6939596,195424,31400,928336,13943.448,1619.355,9724.128,0,75.970,0,2302,2802,1.920,1.550,1.490,0,0,0,0,0,35,340,0,13,2
14-07 04:25:27,6.510,2.254,88.890,0.501,0,6939720,184828,31472,938736,9222.482,1622.548,9775.351,192.302,78.123,27.042,2749,3602,1.770,1.520,1.480,0,0,0,0,0,35,340,0,13,2
14-07 04:25:28,8.506,5.004,80.560,3.252,0,6948812,193612,28776,923992,21612.111,5907.404,9991.448,252.188,86.064,22.016,3424,3839,1.770,1.520,1.480,2,0,19.014,0,0,35,341,0,14,2
14-07 04:25:29,15.727,4.493,62.657,14.229,0,6965344,196640,28744,905160,28079.502,1617.609,15337.333,291.569,322.523,29.956,3718,4228,1.770,1.520,1.480,2,0,0,0,0,35,341,0,13,2
14-07 04:25:30,12.252,6.001,73.012,6.251,0,6952340,198796,28764,916040,116688.107,4356172.293,10861.779,136.022,168.028,9.001,5764,4048,1.770,1.520,1.480,1,0,44.007,0,0,35,341,0,13,2
14-07 04:25:31,11.528,10.777,73.431,1.253,0,6942688,198652,28792,925852,35242.752,109942.629,9884.331,140.345,78.192,11.027,5253,5273,1.770,1.520,1.480,1,0,153.378,0,0,35,341,0,13,2
14-07 04:25:32,11.725,8.482,76.587,0.998,0,6939976,190468,28844,936716,38385.286,451618.597,9711.327,586.751,76.836,35.924,5032,5174,1.790,1.530,1.490,1,0,107.771,0,0,35,340,0,13,2
14-07 04:25:33,5.750,2.000,90.243,0,0,6939260,181404,28852,946488,13735.981,1619.880,9731.278,35.997,76.994,4.000,2362,2871,1.790,1.530,1.490,0,0,1.000,0,0,35,340,0,13,2
14-07 04:25:34,5.994,2.248,89.414,0.250,0,6937872,185532,28740,944016,13113.383,1618.443,9734.634,75.927,76.926,9.990,2392,3040,1.790,1.530,1.490,0,0,0,0,0,35,340,0,13,2
14-07 04:25:35,10.234,2.995,78.877,4.992,0,6937520,185924,28852,944064,9219.642,1617.481,10168.165,559.129,98.846,53.916,3406,4315,1.790,1.530,1.490,1,0,0.998,0,0,35,342,0,13,2
14-07 04:25:36,5.761,2.505,90.173,0,0,6939808,205668,28476,922680,16508.656,1623.112,9746.690,28.054,76.146,2.004,2353,2864,1.790,1.530,1.490,0,0,0,0,0,35,342,0,13,2
14-07 04:25:37,6.007,2.253,89.108,0,0,6941040,194148,28524,932952,9056.014,1621.973,9755.866,176.214,77.094,20.024,2541,3261,1.640,1.500,1.480,1,0,0,0,0,35,342,0,9,2
14-07 04:25:38,6.246,1.499,88.944,0.250,0,6941556,182952,28572,943584,15325.424,1618.988,9849.846,347.783,76.952,27.983,2601,3232,1.640,1.500,1.480,0,0,0,0,0,35,342,0,9,2
14-07 04:25:39,8.248,3.249,85.981,0.500,0,6942788,209332,28628,916024,18934.839,1619.644,3567.216,215.953,31.993,28.994,2686,3286,1.640,1.500,1.480,1,0,0,0,0,35,342,0,9,2
14-07 04:25:40,3.503,1.501,92.829,0.250,0,6942680,209184,28668,916240,21669.556,1459.250,4.003,3042.605,1.001,473.405,2148,2618,1.640,1.500,1.480,0,0,0,0,0,35,342,0,10,2
14-07 04:25:41,2.748,0.750,93.696,0,0.250,6942896,208960,28676,916240,18908.045,1709.010,0,31.981,0,3.998,1644,2310,1.640,1.500,1.480,0,0,0,0,0,35,342,0,9,2
14-07 04:25:42,5.000,1.500,91.503,0.250,0,6945548,206252,28716,916256,13666.451,4653.154,16.001,252.008,1.000,21.001,2088,2854,1.510,1.480,1.470,0,0,2.000,0,0,35,343,0,9,2
14-07 04:25:43,9.032,8.028,77.525,2.509,0,6946836,204316,28748,916880,122623.633,4374385.765,610.163,104.370,50.178,13.046,5998,4587,1.510,1.480,1.470,2,0,83.295,0,0,35,343,0,9,2
14-07 04:25:44,13.454,10.464,72.749,1.246,0,6966332,222228,28728,879500,36192.253,244865.004,19.931,314.915,4.983,20.928,4835,4867,1.510,1.480,1.470,1,0,127.560,0,0,35,343,0,9,2
14-07 04:25:45,10.749,7.749,79.740,0.500,0,6960076,228272,28800,879636,28393.538,319240.072,127.984,195.976,3.000,27.997,4661,4908,1.510,1.480,1.470,0,0,103.987,0,0,35,342,0,9,2
14-07 04:25:46,3.752,1.251,92.291,0.500,0,6959260,229024,28864,879636,13944.123,1662.730,24.011,336.148,3.001,33.014,1936,2853,1.510,1.480,1.470,0,0,2.001,0,0,35,342,0,9,2
14-07 04:25:47,3.248,0.999,92.934,0.250,0,6956404,231780,28904,879696,8927.625,1456.960,15.989,211.849,0.999,19.986,1757,2576,1.470,1.470,1.470,0,0,0,0,0,35,342,0,9,2
14-07 04:25:48,3.251,1.000,93.278,0.250,0,6954760,233360,28952,879712,19360.874,1134.344,0,396.120,0,29.009,1901,2720,1.470,1.470,1.470,0,0,0,0,0,35,342,0,9,2
14-07 04:25:49,11.292,2.760,79.795,4.768,0,6973404,213536,29296,880548,295690.388,6957.681,1084.001,248.919,30.111,26.096,3092,3424,1.470,1.470,1.470,1,0,7.026,0,0,35,342,0,9,2
14-07 04:25:50,14.461,4.737,75.548,2.244,0,6999448,187180,29484,880672,159949.789,10182.739,231.381,486.697,9.973,27.925,3564,3214,1.470,1.470,1.470,1,0,27.925,0,0,35,342,0,9,2
14-07 04:25:51,16.982,5.244,73.670,1.998,0,6996452,189084,29504,881756,306938.351,8682.618,571.383,659.288,10.988,8.990,3395,3232,1.470,1.470,1.470,0,1,21.976,0,0,35,342,0,9,2
14-07 04:25:52,35.400,14.562,38.664,10.043,0,6987848,211112,29500,868336,20226.810,542.301,1634.936,216.920,51.217,7.030,4933,12481,1.510,1.480,1.470,2,0,63.268,0,0,35,342,0,10,2
