"pcp-dstat 6.2.0 CSV Output"
"Author:","PCP team <pcp@groups.io> and Dag Wieers <dag@wieers.com>",,,,"URL:","https://pcp.io/ and http://dag.wieers.com/home-made/dstat/"
"Host:","ubuntu",,,,"User:","ubuntu"
"Cmdline:","dstat -tcmndrylpg --tcp --output /tmp/devstack_logs/dstat-csv.log",,,,"Date:","04 Mar 2026 17:03:09 UTC"
"system","total usage",,,,,"memory usage",,,,"net/total",,"dsk/total",,"io/total",,"system",,"load avg",,,"procs",,,"paging",,"tcp sockets",,,,
"time","total usage:usr","total usage:sys","total usage:idl","total usage:wai","total usage:stl","used","free","buf","cach","net/total:recv","net/total:send","dsk/total:read","dsk/total:writ","read","writ","int","csw","1m","5m","15m","run","blk","new","in","out","lis","act","syn","tim","clo"
04-03 17:03:09,,1012928,677340,216576,5813028,,,,,,,1.040,0.890,0.670,1,0,,,,19,2,1,7,0
04-03 17:03:10,7.991,19.977,70.917,0.250,0,1018668,671532,216576,5813068,15656.784,1692.031,0,127.851,0,9.988,5190,3253,0.950,0.880,0.660,1,0,286.666,0,0,19,2,1,7,0
04-03 17:03:11,9.244,20.237,68.705,0,0,1003384,686648,216576,5813224,14776.297,1530.995,0,11.992,0,2.998,5257,3391,0.950,0.880,0.660,1,0,306.799,0,0,19,2,1,7,0
04-03 17:03:12,16.233,16.483,65.431,0,0,991888,698092,216576,5813696,16840.298,1638.278,0,19.979,0,4.995,5780,5644,0.950,0.880,0.660,1,0,236.751,0,0,19,2,1,7,0
04-03 17:03:13,14.497,18.996,65.485,0,0,982684,707240,216576,5813716,15621.370,1585.631,0,1371.681,0,72.983,5626,4958,0.950,0.880,0.660,1,0,235.945,0,0,19,2,1,7,0
04-03 17:03:14,19.494,14.995,62.730,1.999,0,1064676,624964,216576,5938304,9722.887,1531.510,0,162791.876,0,801.743,6426,7451,0.950,0.880,0.660,0,0,80.974,0,0,20,2,1,7,0
04-03 17:03:15,12.504,8.503,77.527,0,0,1083548,606064,216580,5938328,9258.175,1458.500,0,2760.947,0,8.003,2826,2091,0.960,0.880,0.660,1,0,91.031,0,0,20,4,1,7,0
04-03 17:03:16,15.797,11.534,72.214,0,0,1097892,591708,216580,5938340,17465.811,1462.338,0,24.071,0,6.018,3514,2300,0.960,0.880,0.660,2,0,127.378,0,0,20,4,1,7,0
04-03 17:03:17,18.688,7.475,72.260,0,0,1128776,560816,216580,5938348,17918.498,1634.572,0,239.206,0,14.950,3023,2322,0.960,0.880,0.660,1,0,67.775,0,0,20,4,1,9,0
04-03 17:03:18,22.253,3.750,72.759,0.250,0,1170928,517204,216600,5939576,15875.047,1512.195,0,1008.130,0,19.002,2005,1441,0.960,0.880,0.660,1,0,0,0,0,20,4,1,9,0
04-03 17:03:19,23.742,2.249,72.976,0.500,0,1198620,489272,216604,5939740,14873.168,1457.526,0,1635.469,0,41.986,2070,1595,0.960,0.880,0.660,2,0,1.999,0,0,20,6,1,9,0
04-03 17:03:20,12.798,7.026,66.751,10.289,0,1206984,472500,217224,5947392,15063.656,1571.912,0,75146.636,0,3155.870,13429,25056,0.960,0.880,0.670,1,0,54.204,0,0,20,6,1,9,0
04-03 17:03:21,18.741,6.497,66.967,5.997,0,1127772,549236,217652,5949368,15293.444,1585.217,0,34183.112,0,2515.757,9994,18084,0.960,0.880,0.670,1,0,67.966,0,0,20,4,1,9,0
04-03 17:03:22,21.691,4.488,70.807,0.997,0,1178112,498800,217744,5949372,9393.448,1454.045,0,8947.661,0,520.584,3348,3841,0.960,0.880,0.670,1,0,33.908,0,0,20,4,1,9,0
04-03 17:03:23,23.740,2.999,73.218,0.250,0,1212584,464324,217744,5949372,15169.445,1619.300,0,559.758,0,32.986,1901,1286,0.960,0.880,0.670,3,0,0,0,0,20,4,1,9,0
04-03 17:03:24,22.987,2.998,72.208,0.750,0,1196076,480772,217792,5949384,12084.030,1457.159,0,6724.121,0,467.730,2601,2415,0.960,0.880,0.670,2,0,9.994,0,0,20,4,1,9,0
04-03 17:03:25,23.739,2.999,71.468,0.250,0,1233692,443140,217792,5949384,8514.150,1457.341,0,20990.509,0,347.843,2212,1593,1.040,0.900,0.670,1,0,0,0,0,20,4,1,9,0
04-03 17:03:26,24.026,2.753,73.330,0,0,1254892,421924,217792,5949384,15664.157,1621.776,0,620.680,0,5.005,1893,1203,1.040,0.900,0.670,1,0,0,0,0,20,4,1,9,0
04-03 17:03:27,18.541,7.767,72.160,0,0,1239036,437752,217796,5949408,12085.817,1461.242,0,4.009,0,1.002,3221,2229,1.040,0.900,0.670,1,0,141.314,0,0,20,4,1,9,0
04-03 17:03:28,8.760,20.023,69.829,0,0,1214172,462584,217796,5949436,15324.432,1459.660,0,20.023,0,5.006,5515,3805,1.040,0.900,0.670,1,0,324.369,0,0,20,4,1,9,0
04-03 17:03:29,11.741,21.733,64.700,0,0,1199716,476732,217800,5950164,14188.110,1530.825,0,847.350,0,107.917,6765,6471,1.040,0.900,0.670,1,0,320.754,0,0,20,4,1,9,0
04-03 17:03:30,22.445,10.475,66.089,0,0,1193760,482624,217800,5950084,9529.830,1616.071,0,0,0,0,4212,4964,1.200,0.940,0.690,3,0,79.806,0,0,20,4,1,9,0
04-03 17:03:31,48.505,12.251,38.754,0,0,1276728,399748,217812,5950208,15467.445,1458.136,0,240.022,0,12.001,4174,2470,1.200,0.940,0.690,3,0,119.011,0,0,20,5,1,9,0
04-03 17:03:32,46.766,3.501,48.767,0,0,1311556,364916,217828,5950196,78370.277,1458.508,0,416.145,0,24.008,2909,1148,1.200,0.940,0.690,3,0,0,0,0,20,5,1,9,0
04-03 17:03:33,45.284,5.504,48.286,0.250,0,1333928,341840,217840,5950780,9309.938,1621.208,0,576.430,0,34.025,2768,1315,1.200,0.940,0.690,4,0,0,0,0,20,5,1,9,0
04-03 17:03:34,45.355,7.227,46.850,0,0,1352692,321404,217908,5952332,14955.134,1453.348,0,909.090,0,69.777,3086,2772,1.200,0.940,0.690,6,0,0,0,0,20,5,1,9,0
04-03 17:03:35,17.537,10.773,70.899,0,0,1360548,312472,217948,5953100,12984.305,1461.073,0,212.447,0,20.042,3779,3028,1.100,0.920,0.680,2,0,140.295,0,0,20,4,1,10,0
04-03 17:03:36,23.003,3.250,73.260,0,0,1409808,263212,217948,5953100,15987.228,1620.226,0,0,0,0,1904,1289,1.100,0.920,0.680,3,0,0,0,0,20,4,1,10,0
04-03 17:03:37,22.238,2.748,72.960,0,0.250,1437712,235308,217948,5953100,12214.273,1457.197,0,2630.551,0,18.990,1774,1243,1.100,0.920,0.680,2,0,0,0,0,20,4,1,10,0
04-03 17:03:38,23.509,2.001,73.529,0.250,0,1449856,222896,217948,5953340,9288.698,1458.581,0,828.330,0,2.001,1677,1046,1.100,0.920,0.680,1,0,0,0,0,20,6,1,10,0
04-03 17:03:39,22.747,3.000,71.241,0.750,0,1340676,331972,218008,5953380,17731.647,1619.785,0,1979.737,0,211.972,3960,4993,1.100,0.920,0.680,1,0,12.998,0,0,20,4,1,12,0
04-03 17:03:40,21.004,5.501,73.013,0.500,0,1396900,275464,218144,5953496,11658.101,1458.263,248.045,316.057,6.001,14.003,2183,1503,1.100,0.920,0.680,0,1,31.006,0,0,20,4,1,12,0
04-03 17:03:41,23.252,1.750,72.755,1.000,0,1416172,255868,218272,5953680,15612.121,1458.105,140.010,2248.161,6.000,64.005,1950,1157,1.100,0.920,0.680,1,0,0,0,0,20,11,1,12,0
04-03 17:03:42,24.244,5.499,62.485,6.498,0,1414788,256696,218336,5953896,12025.172,1619.619,199.953,3147.260,48.988,138.967,3636,12560,1.100,0.920,0.680,1,0,36.991,0,0,20,16,1,13,0
04-03 17:03:43,20.745,4.249,72.234,1.750,0.250,1352168,319056,218340,5954104,19286.708,1619.640,63.986,0,15.996,0,2844,2042,1.100,0.920,0.680,1,0,44.990,0,0,20,28,1,13,0
04-03 17:03:44,22.249,3.750,73.248,0,0,1406572,264652,218340,5954104,12746.612,1619.951,0,0,0,0,1837,1200,1.100,0.920,0.680,1,0,0,0,0,20,28,1,13,0
04-03 17:03:45,23.247,2.750,72.991,0,0,1422436,248776,218340,5954116,10781.721,1693.799,0,4.000,0,1.000,2257,1669,1.090,0.920,0.690,1,0,0,0,0,20,28,1,12,0
04-03 17:03:46,31.077,14.286,53.383,0,0,1472568,198616,218340,5954132,9380.351,1569.908,0,1591.963,0,11.027,3836,2415,1.090,0.920,0.690,2,0,156.389,0,0,20,28,1,12,0
04-03 17:03:47,43.257,7.501,48.008,0,0,1525124,146052,218340,5954140,15751.469,1512.237,0,92.014,0,7.001,3141,1732,1.090,0.920,0.690,2,0,0,0,0,20,30,1,12,0
04-03 17:03:48,46.994,5.249,46.994,0.250,0,1526576,144388,218344,5954344,12597.443,1457.820,0,223.972,0,23.997,5873,7396,1.090,0.920,0.690,3,0,0,0,0,20,28,1,12,0
04-03 17:03:49,57.009,28.504,14.002,0,0,1454640,216268,218344,5954364,17964.707,1566.236,0,204.031,0,20.003,5674,4464,1.090,0.920,0.690,6,0,551.083,0,0,20,28,1,12,0
04-03 17:03:50,85.847,14.016,0,0,0,1648748,149412,215604,5830880,12064.575,1555.751,0,316.356,0,63.071,5013,2612,1.480,1.010,0.720,6,0,28.032,0,0,20,28,1,12,0
04-03 17:03:51,88.499,11.250,0.250,0,0,1769364,181444,209708,5687336,15792.894,1607.989,4.000,1643.989,1.000,19.000,5767,4071,1.480,1.010,0.720,6,0,0,0,0,20,28,1,12,0
04-03 17:03:52,90.707,8.246,0.750,0,0,1768864,181876,209712,5687424,11191.670,1511.280,15.992,311.851,1.000,26.987,7563,10373,1.480,1.010,0.720,4,2,31.985,0,0,20,31,1,12,0
04-03 17:03:53,57.825,16.699,25.174,0.249,0,1563248,387344,209716,5687572,8900.016,1507.430,67.794,586.223,3.988,55.831,6212,6642,1.480,1.010,0.720,1,0,277.160,0,0,20,28,1,12,0
04-03 17:03:54,22.748,3.750,71.994,1.000,0,1581352,369204,209744,5687580,8670.304,1607.871,11.999,3439.724,3.000,185.985,2172,1946,1.480,1.010,0.720,1,0,0,0,0,20,28,1,12,0
04-03 17:03:55,23.750,2.500,72.001,0,0,1571148,379392,209744,5687596,16533.238,1512.022,0,416.006,0,27.000,3373,3307,1.440,1.010,0.720,2,0,5.000,0,0,20,28,1,13,0
04-03 17:03:56,18.995,7.248,72.730,0.250,0,1563944,386588,209748,5687600,9194.485,1511.587,0,3890.936,0,462.873,2669,1718,1.440,1.010,0.720,1,0,62.983,0,0,20,28,1,13,0
04-03 17:03:57,24.256,2.251,73.018,0,0,1555276,395292,209748,5687604,15922.956,1512.376,0,268.067,0,15.004,2214,1584,1.440,1.010,0.720,1,0,0,0,0,20,28,1,11,0
04-03 17:03:58,17.047,11.030,69.941,0.752,0,1505704,444808,209764,5687644,12308.645,1570.292,16.044,1712.682,1.003,96.263,4943,4613,1.440,1.010,0.720,3,0,202.554,0,0,20,28,1,11,0
04-03 17:03:59,15.250,27.749,54.998,0,0,1494372,456116,209764,5687668,15299.569,1511.957,0,219.994,0,17.000,6379,4871,1.440,1.010,0.720,4,0,610.983,0,0,20,28,1,11,0
04-03 17:04:00,79.573,20.018,0.250,0,0,1556056,394412,209764,5687688,11588.626,1567.437,0,208.191,0,12.011,5140,2987,1.730,1.070,0.740,5,0,226.207,0,0,20,28,1,11,0
04-03 17:04:01,89.745,10.499,0.250,0,0,1687204,263264,209768,5687684,8942.503,1511.916,4.000,767.957,1.000,38.998,5568,3318,1.730,1.070,0.740,5,0,6.000,0,0,20,29,1,11,0
04-03 17:04:02,83.587,7.984,7.735,0.250,0,1718540,231580,209772,5688028,82653.913,1455.164,0,251.510,0,25.949,7022,10072,1.730,1.070,0.740,7,0,0,0,0,20,32,1,11,0
04-03 17:04:03,78.657,17.034,3.757,0,0,1460760,489288,209780,5688092,13117.174,1623.239,16.032,513.024,1.002,62.124,6836,8494,1.730,1.070,0.740,6,0,201.402,0,0,20,28,1,11,0
04-03 17:04:04,84.499,15.750,0,0,0,1653192,296836,209780,5688112,8899.936,1457.989,0,207.998,0,11.000,5201,3097,1.730,1.070,0.740,6,0,108.999,0,0,20,28,1,11,0
04-03 17:04:05,90.001,9.250,0.500,0,0,1755112,194908,209780,5688120,15351.208,1512.021,0,184.002,0,9.000,5047,3448,2.070,1.160,0.770,6,0,0,0,0,20,28,1,8,0
04-03 17:04:06,88.067,9.730,1.996,0,0,1808416,141524,209788,5688192,16267.151,1562.748,0,686.571,0,34.927,6894,9358,2.070,1.160,0.770,7,0,0,0,0,20,30,1,8,0
04-03 17:04:07,79.659,11.986,7.491,0.250,0,1634892,314652,209792,5688584,19188.027,1456.332,0,719.176,0,27.968,8104,11985,2.070,1.160,0.770,6,0,149.828,0,0,20,28,1,11,0
04-03 17:04:08,44.219,13.740,41.971,0,0,1513616,435880,209792,5688632,14279.075,1510.950,0,155.892,0,8.994,3895,2437,2.070,1.160,0.770,3,0,147.897,0,0,20,28,1,11,0
04-03 17:04:09,46.254,5.500,47.254,0,0,1560700,388772,209796,5688648,9264.810,1606.140,4.000,708.062,1.000,17.001,3430,2474,2.070,1.160,0.770,3,0,2.000,0,0,20,28,0,11,0
04-03 17:04:10,41.907,12.296,44.667,0.251,0,1483468,465956,209800,5688692,16190.658,1517.686,0,369.384,0,29.109,6099,6787,2.060,1.170,0.780,5,0,208.782,0,0,20,28,0,11,0
04-03 17:04:11,57.753,16.251,26.001,0,0,1567188,382212,209804,5688712,20147.099,1458.080,4.000,608.033,1.000,14.001,4491,2402,2.060,1.170,0.780,4,0,170.009,0,0,20,28,0,11,0
04-03 17:04:12,68.485,6.973,24.157,0,0,1619564,329812,209804,5688736,14155.232,1559.964,0,2474.426,0,72.719,4371,2637,2.060,1.170,0.780,4,0,0,0,0,20,28,0,11,0
04-03 17:04:13,58.979,13.302,26.854,0.251,0,1479176,470000,209824,5688916,16993.856,1463.672,4.016,1144.435,1.004,94.366,8088,10682,2.060,1.170,0.780,5,0,214.833,0,0,20,28,0,11,0
04-03 17:04:14,84.247,15.749,0,0,0,1591620,357520,209824,5688952,14832.452,1511.944,0,367.986,0,42.998,4970,1932,2.060,1.170,0.780,4,0,43.998,0,0,20,28,0,11,0
04-03 17:04:15,88.501,8.250,3.250,0,0,1667584,281540,209824,5688968,16523.150,1458.013,0,116.001,0,8.000,5311,3092,2.300,1.230,0.800,4,0,0,0,0,20,28,0,11,0
04-03 17:04:16,65.498,11.250,21.749,0,0,1600180,348740,209824,5689172,15051.446,1457.946,0,699.974,0,51.998,8886,12670,2.300,1.230,0.800,5,0,169.994,0,0,20,28,0,13,0
04-03 17:04:17,66.716,15.492,17.741,0,0,1518784,430108,209824,5689200,8692.603,1565.208,0,207.895,0,9.995,4269,2386,2.300,1.230,0.800,3,0,153.922,0,0,20,28,0,11,0
04-03 17:04:18,68.255,6.751,24.502,0,0,1587320,361556,209828,5689212,15992.235,1512.117,0,136.010,0,7.001,4229,2609,2.300,1.230,0.800,4,0,0,0,0,20,29,0,12,0
04-03 17:04:19,61.530,16.508,20.510,0.250,0,1449472,499332,209844,5689268,14967.287,1458.710,0,632.308,0,50.024,8067,10713,2.300,1.230,0.800,5,0,285.139,0,0,20,28,0,12,0
04-03 17:04:20,66.288,10.217,23.674,0,0,1546640,402012,209844,5689420,14819.569,1453.348,0,199.362,0,8.971,3768,1419,2.360,1.260,0.810,3,0,14.952,0,0,20,28,0,12,0
04-03 17:04:21,66.361,6.010,27.045,0,0,1590232,358400,209844,5689440,13014.804,1622.719,0,112.188,0,9.015,4648,3806,2.360,1.260,0.810,3,0,0,0,0,20,31,0,13,0
04-03 17:04:22,56.698,17.484,24.977,0.250,0.250,1524716,423704,209872,5689624,16991.331,1456.657,0,755.303,0,49.954,7373,8250,2.360,1.260,0.810,3,0,286.736,0,0,20,28,0,14,0
04-03 17:04:23,66.913,8.988,23.469,0,0,1623200,325196,209880,5689640,12837.232,1456.098,0,231.697,0,17.977,3998,1714,2.360,1.260,0.810,4,0,0,0,0,20,28,0,14,0
04-03 17:04:24,63.733,6.524,28.605,0.251,0,1647204,300956,209888,5689868,9262.899,1571.752,0,108.397,0,7.026,5871,6290,2.360,1.260,0.810,2,0,0,0,0,20,31,0,14,0
04-03 17:04:25,60.819,13.709,24.427,0,0,1516312,431668,209896,5690040,8719.002,1507.505,0,378.870,0,38.884,5742,5028,2.410,1.290,0.820,3,0,111.667,0,0,20,28,0,14,0
04-03 17:04:26,67.638,8.267,24.800,0,0,1630304,317668,209900,5690044,15286.113,1983.036,0,152.310,0,8.016,4057,1794,2.410,1.290,0.820,4,0,0,0,0,20,30,0,14,0
04-03 17:04:27,62.900,6.739,28.704,0,0,1631308,316600,209920,5690088,11617.541,1455.687,0,734.832,0,58.906,6742,8161,2.410,1.290,0.820,3,0,0,0,0,20,28,0,15,0
04-03 17:04:28,65.670,27.822,6.016,0,0,1571760,376104,209924,5690128,15188.312,1570.064,0,212.550,0,24.062,5721,4331,2.410,1.290,0.820,9,0,499.292,0,0,20,28,0,15,0
04-03 17:04:29,80.679,19.483,0,0,0,1654476,293356,209924,5690160,11175.178,1456.720,0,163.856,0,10.990,5367,3907,2.410,1.290,0.820,7,0,273.759,0,0,20,28,0,15,0
04-03 17:04:30,83.327,16.015,0.250,0,0.250,1762280,185532,209928,5690176,17715.311,1513.393,0,452.417,0,28.026,5778,4648,2.780,1.390,0.860,9,0,248.229,0,0,20,28,0,15,0
04-03 17:04:31,84.576,15.219,0.499,0,0,1811356,136268,209928,5690364,15884.255,1455.001,0,155.679,0,10.977,6341,5928,2.780,1.390,0.860,4,0,256.471,0,0,20,33,0,17,0
04-03 17:04:32,79.747,18.749,1.000,0,0,1637692,309816,209940,5690476,75955.103,1565.940,0,787.970,0,80.997,7853,9748,2.780,1.390,0.860,6,0,330.987,0,0,20,28,0,19,0
04-03 17:04:33,78.075,21.771,0,0,0,1560496,386836,209940,5690652,11966.521,1459.405,0,288.278,0,24.023,5585,4151,2.780,1.390,0.860,5,0,247.238,0,0,20,28,0,19,0
04-03 17:04:34,90.927,8.493,0.250,0,0,1691316,256020,209940,5690648,19038.735,1510.789,0,147.881,0,7.994,4957,2062,2.780,1.390,0.860,5,0,0,0,0,20,29,0,19,0
04-03 17:04:35,88.374,9.013,3.505,0,0,1729152,218132,209940,5690700,15902.316,1460.049,0,172.242,0,9.013,6000,6615,2.870,1.430,0.870,3,0,0,0,0,20,32,0,19,0
04-03 17:04:36,73.138,8.986,15.975,0,0,1579316,367764,209940,5690904,15510.198,1455.766,0,7.988,0,1.997,8264,12516,2.870,1.430,0.870,3,0,101.844,0,0,20,28,0,21,0
04-03 17:04:37,17.242,26.987,54.475,0.250,0,1435920,511116,209940,5690948,14884.090,1565.273,0,3214.508,0,112.948,6554,5162,2.870,1.430,0.870,1,0,591.725,0,0,20,28,0,21,0
04-03 17:04:38,36.820,35.066,27.051,0.501,0,1449192,497824,209956,5690952,15860.072,1460.770,12.023,216.410,3.006,23.044,6265,5010,2.870,1.430,0.870,5,0,695.318,0,0,20,28,0,20,0
04-03 17:04:39,75.804,24.017,0,0,0,1602188,344768,209960,5691008,12218.666,1513.073,0,188.133,0,14.010,5582,4307,2.870,1.430,0.870,8,0,438.311,0,0,20,28,0,20,0
04-03 17:04:40,82.584,17.465,0.249,0,0,1693112,253820,209960,5691032,8740.468,1455.081,0,1101.790,0,18.962,6075,5154,3.200,1.520,0.910,6,0,219.560,0,0,20,30,0,20,0
04-03 17:04:41,89.795,10.005,0,0,0,1682000,264892,209968,5691064,15261.722,1566.793,24.012,344.174,3.002,25.013,7317,7583,3.200,1.520,0.910,6,0,49.025,0,0,20,29,0,20,0
04-03 17:04:42,83.611,15.474,0.749,0,0,1637260,309208,210012,5692820,17639.659,1947.760,67.887,595.010,3.993,53.910,7439,10061,3.200,1.520,0.910,9,0,206.656,0,0,20,31,0,18,0
04-03 17:04:43,84.009,15.297,0.502,0,0,1615832,329244,210056,5692792,16797.844,4102.662,264.817,529.635,10.031,27.084,6492,11228,3.200,1.520,0.910,7,0,139.430,0,0,20,33,0,19,0
04-03 17:04:44,89.401,10.738,0,0,0,1698664,241688,210416,5696580,16084.234,1630.199,0,946.954,0,20.977,5160,3174,3.200,1.520,0.910,7,0,11.987,0,0,20,33,0,19,0
04-03 17:04:45,90.278,8.753,0.750,0,0,1767668,171000,210480,5697864,14431.553,1566.494,0,312.098,0,18.006,6121,5427,3.430,1.600,0.930,7,0,2.001,0,0,20,34,0,19,0
04-03 17:04:46,81.888,10.703,5.476,0,0,1795496,142616,210500,5698304,17841.211,1451.590,0,382.312,0,9.956,13929,27823,3.430,1.600,0.930,4,0,4.978,0,0,20,37,0,22,0
04-03 17:04:47,83.868,11.767,4.256,0,0,1751040,186268,210532,5698984,12209.228,1514.137,0,2070.922,0,37.052,8013,13022,3.430,1.600,0.930,5,0,75.106,0,0,20,35,0,24,0
04-03 17:04:48,86.521,12.289,1.003,0,0,1681260,255796,210560,5699176,8474.552,1462.582,0,617.936,0,50.157,9797,23074,3.430,1.600,0.930,7,0,65.204,0,0,20,32,0,25,0
04-03 17:04:49,84.317,15.763,0,0,0,1648040,288700,210604,5699416,16168.887,1567.249,0,464.370,0,11.009,5158,6636,3.430,1.600,0.930,6,0,76.061,0,0,20,32,0,25,0
04-03 17:04:50,88.295,11.723,0,0,0,1749564,187016,210604,5699576,16321.040,1454.617,0,498.840,0,12.970,5366,3569,3.630,1.670,0.960,6,0,0,0,0,20,33,0,25,0
04-03 17:04:51,90.176,8.767,1.002,0,0,1773320,163352,210604,5699484,9932.368,1557.036,0,176.344,0,9.018,7004,10148,3.630,1.670,0.960,6,0,0,0,0,20,34,0,26,0
04-03 17:04:52,81.211,15.742,2.249,0.250,0,1669032,316416,210624,5658032,16277.239,1457.305,11.994,2954.591,2.999,32.984,7903,13833,3.630,1.670,0.960,4,0,123.941,0,0,20,36,0,26,0
04-03 17:04:53,86.260,11.501,1.000,0,0,1684972,300304,210680,5658228,12929.555,1566.188,80.010,2748.331,13.002,121.015,7899,12709,3.630,1.670,0.960,9,0,75.009,0,0,20,33,0,27,0
04-03 17:04:54,81.992,17.748,0.250,0,0,1592264,390496,210712,5660712,17782.160,1499.845,139.986,543.944,3.000,7.999,5754,4681,3.630,1.670,0.960,13,0,229.976,0,0,20,32,0,27,0
04-03 17:04:55,83.047,17.010,0.250,0.250,0.250,1665160,307596,210712,5670704,12045.793,1512.853,0,92.052,0,4.002,6616,6904,4.540,1.890,1.040,6,0,161.091,0,0,20,32,0,27,0
04-03 17:04:56,88.255,11.501,0,0,0,1721216,251256,210712,5670984,9062.465,1458.075,0,1340.069,0,10.001,5404,3667,4.540,1.890,1.040,6,0,116.006,0,0,20,32,0,27,0
04-03 17:04:57,81.698,16.240,1.999,0,0,1753396,218888,210720,5671164,15969.869,1565.007,43.972,51.967,8.994,3.997,7053,10056,4.540,1.890,1.040,7,0,206.869,0,0,20,34,0,27,0
04-03 17:04:58,76.043,14.508,7.004,1.751,0,1714544,257380,210732,5671512,15487.724,1458.822,192.108,236.133,20.011,14.008,8492,13218,4.540,1.890,1.040,5,0,207.117,0,0,20,33,0,27,0
04-03 17:04:59,81.000,16.500,1.750,0,0,1599040,372676,210732,5671720,18762.047,1512.004,0,388.001,0,33.000,6991,8711,4.540,1.890,1.040,5,0,157.000,0,0,20,32,0,27,0
04-03 17:05:00,87.990,11.499,0.250,0,0,1652644,319064,210736,5671724,15857.198,1457.834,0,107.988,0,6.999,5317,2764,4.580,1.950,1.060,5,0,29.997,0,0,20,32,0,27,0
04-03 17:05:01,90.512,9.251,0.500,0,0,1716392,255276,210736,5671764,19916.713,1566.213,12.002,1164.159,3.000,31.004,5997,4496,4.580,1.950,1.060,5,0,9.001,0,0,20,32,0,28,0
04-03 17:05:02,84.016,14.210,0.997,0,0,1638904,332720,210736,5671808,78399.197,1453.942,0,4028.756,0,304.151,7564,10914,4.580,1.950,1.060,5,0,119.666,0,0,20,34,0,30,0
04-03 17:05:03,88.749,10.530,1.254,0,0,1669156,302300,210736,5672024,10253.736,1462.098,0,3766.556,0,169.475,7397,10400,4.580,1.950,1.060,6,0,24.067,0,0,20,33,0,31,0
04-03 17:05:04,86.250,13.000,0.500,0,0,1682476,288736,210736,5672268,11567.047,1512.006,0,164.001,0,8.000,7004,7375,4.580,1.950,1.060,5,0,65.000,0,0,20,32,0,31,0
04-03 17:05:05,84.714,13.744,1.749,0,0,1702100,269064,210736,5672316,16180.099,2001.146,0,115.951,0,7.997,6433,6813,4.620,2,1.080,5,0,136.942,0,0,20,33,0,32,0
04-03 17:05:06,86.785,12.755,0.500,0,0,1741656,229472,210736,5672352,14069.617,1566.625,0,284.113,0,44.018,5656,4928,4.620,2,1.080,6,0,43.017,0,0,20,34,0,32,0
04-03 17:05:07,87.146,10.987,1.498,0,0,1740600,230340,210736,5672540,15758.110,1456.254,0,111.866,0,7.990,7153,8075,4.620,2,1.080,6,0,33.959,0,0,20,34,0,32,0
04-03 17:05:08,86.225,11.962,1.994,0,0,1714624,256104,210740,5672748,13619.513,1507.188,3.987,307.020,0.997,20.933,6532,6846,4.620,2,1.080,7,0,68.780,0,0,20,34,0,32,0
04-03 17:05:09,82.847,15.816,0.502,0,0,1708740,261916,210752,5672808,14932.468,1558.520,0,357.496,0,38.160,6391,7108,4.620,2,1.080,4,0,188.790,0,0,20,32,0,32,0
04-03 17:05:10,86.268,13.503,0.750,0,0,1715420,255220,210752,5672824,12318.576,1566.328,0,304.064,0,24.005,5258,3621,4.570,2.030,1.100,4,0,60.013,0,0,20,32,0,32,0
04-03 17:05:11,85.146,9.738,4.245,0,0,1721880,248724,210752,5672860,9716.124,1456.220,0,183.775,0,8.989,5807,6783,4.570,2.030,1.100,4,0,33.958,0,0,20,33,0,30,0
04-03 17:05:12,81.876,11.982,5.741,0,0,1688904,281452,210760,5673100,10144.612,1509.710,0,307.534,0,26.959,6923,8958,4.570,2.030,1.100,5,0,125.809,0,0,20,33,0,32,0
04-03 17:05:13,85.250,12.250,2.250,0.250,0,1672304,298028,210760,5673124,17808.034,1458.003,0,600.001,0,28.000,5731,4265,4.570,2.030,1.100,5,0,43.000,0,0,20,32,0,32,0
04-03 17:05:14,87.490,12.033,0.501,0,0,1668916,301392,210764,5673144,18091.597,1570.305,0,132.363,0,8.022,5270,2878,4.570,2.030,1.100,4,0,60.165,0,0,20,32,0,32,0
04-03 17:05:15,79.429,10.740,8.742,0,0,1655120,314812,210764,5673520,23648.821,1456.695,0,279.749,0,18.983,7523,11282,4.760,2.110,1.130,3,0,85.923,0,0,20,34,0,32,0
04-03 17:05:16,61.644,12.978,24.957,0.250,0,1594120,375776,210764,5673556,21785.682,1509.414,0,1066.174,0,23.959,6893,7716,4.760,2.110,1.130,3,0,137.764,0,0,20,32,0,33,0
04-03 17:05:17,65.163,10.236,23.968,0,0,1649276,320600,210768,5673572,16426.122,1456.061,0,163.782,0,9.987,4169,1747,4.760,2.110,1.130,3,0,42.943,0,0,20,32,0,33,0
04-03 17:05:18,64.261,7.001,28.005,0,0,1675804,294036,210768,5673608,12863.239,1458.254,0,148.026,0,10.002,5155,5537,4.760,2.110,1.130,3,0,0,0,0,20,33,0,35,0
04-03 17:05:19,66.263,7.001,24.255,0.250,0,1694472,275144,210784,5673816,17755.431,1566.303,0,396.077,0,44.009,8353,10928,4.760,2.110,1.130,3,0,35.007,0,0,20,32,0,32,0
04-03 17:05:20,62.971,13.046,24.335,0,0,1655532,314072,210788,5673824,16780.891,1463.135,0,188.662,0,12.042,4355,2392,4.620,2.130,1.140,3,0,89.313,0,0,20,32,0,32,0
04-03 17:05:21,66.023,8.471,24.167,0,0,1652420,317164,210788,5673844,15650.220,1506.822,0,227.219,0,19.932,4622,3420,4.620,2.130,1.140,3,0,59.795,0,0,20,32,0,32,0
04-03 17:05:22,66.085,8.229,24.688,0,0,1654528,314864,210788,5674036,11468.320,1454.363,0,155.611,0,9.975,6573,9028,4.620,2.130,1.140,3,0,0,0,0,20,32,0,32,0
04-03 17:05:23,63.069,12.815,24.373,0,0,1676560,292572,210788,5674296,22726.883,1573.956,0,3469.538,0,165.838,4883,4758,4.620,2.130,1.140,5,0,94.478,0,0,20,33,0,30,0
04-03 17:05:24,65.090,9.477,24.191,0,0,1673828,295188,210792,5674408,12378.602,1454.428,0,183.549,0,7.980,4726,3753,4.620,2.130,1.140,4,0,42.895,0,0,20,32,0,31,0
04-03 17:05:25,67.437,8.022,24.317,0.251,0,1668672,300040,210796,5674708,17915.614,1516.199,0,216.600,0,20.056,6167,6739,4.490,2.140,1.150,4,0,12.033,0,0,20,32,0,31,0
04-03 17:05:26,62.994,12.249,24.498,0.250,0,1638132,330560,210804,5674720,11705.820,1457.853,0,115.988,0,6.999,4834,3913,4.490,2.140,1.150,3,0,85.991,0,0,20,33,0,31,0
04-03 17:05:27,61.789,12.758,24.265,0,0,1643704,324952,210804,5674756,16119.272,1566.999,0,520.332,0,22.014,5520,4616,4.490,2.140,1.150,4,0,145.092,0,0,20,33,0,32,0
04-03 17:05:28,63.495,12.749,23.498,0.250,0,1576028,392580,210816,5674792,15995.838,1457.894,4.000,12715.076,1.000,107.992,5224,4582,4.490,2.140,1.150,3,0,127.991,0,0,20,32,0,32,0
04-03 17:05:29,66.512,8.752,24.254,0,0,1642876,325724,210816,5674800,15613.712,1458.253,0,1460.254,0,179.031,4418,2768,4.490,2.140,1.150,3,0,28.005,0,0,20,33,0,32,0
04-03 17:05:30,66.500,6.725,24.657,0,0,1654212,314196,210816,5674992,17521.128,1506.337,0,147.446,0,9.963,6805,8812,4.370,2.160,1.160,3,0,0,0,0,20,34,0,32,0
04-03 17:05:31,61.134,14.031,24.804,0,0,1579988,388372,210820,5675036,20869.772,1569.442,0,436.958,0,44.097,6198,6070,4.370,2.160,1.160,3,0,167.367,0,0,20,32,0,31,0
04-03 17:05:32,67.391,7.488,24.460,0,0,1650616,317740,210820,5675040,86442.884,1455.641,0,235.618,0,13.977,4026,1665,4.370,2.160,1.160,4,0,0,0,0,20,33,0,31,0
04-03 17:05:33,68.447,6.770,24.320,0,0,1697308,270892,210820,5675196,15945.955,1462.214,0,501.445,0,56.162,5721,5255,4.370,2.160,1.160,4,0,0,0,0,20,33,0,33,0
04-03 17:05:34,56.529,4.981,36.109,0,0,1694352,273764,210820,5675280,10579.602,1506.107,0,378.519,0,34.864,7549,11006,4.370,2.160,1.160,3,0,0,0,0,20,32,0,34,0
04-03 17:05:35,47.491,19.496,31.994,0,0,1612684,355356,210820,5675356,17621.700,1565.707,0,187.965,0,10.998,4963,3155,4.260,2.170,1.170,2,0,296.944,0,0,20,32,0,30,0
04-03 17:05:36,47.332,4.758,48.584,0,0,1636748,331280,210820,5675368,21198.583,1460.520,0,180.311,0,8.014,3314,1908,4.260,2.170,1.170,2,0,0,0,0,20,33,0,30,0
04-03 17:05:37,46.228,4.498,47.227,0.250,0,1634740,333016,210824,5675636,11412.526,1457.301,0,855.590,0,53.974,5247,6698,4.260,2.170,1.170,2,0,0,0,0,20,32,0,31,0
04-03 17:05:38,38.489,12.996,47.736,0,0,1594116,373636,210824,5675640,15726.331,1619.519,0,7.998,0,1.999,3796,2207,4.260,2.170,1.170,2,0,165.951,0,0,20,32,0,31,0
04-03 17:05:39,46.227,4.998,47.727,0,0,1588944,378796,210824,5675652,22019.226,1619.208,0,7.996,0,1.999,3273,2128,4.260,2.170,1.170,2,0,1.000,0,0,20,32,0,29,0
04-03 17:05:40,43.610,8.521,47.119,0.251,0,1483064,484504,210828,5675820,16811.328,1545.892,0,505.272,0,40.101,5927,6124,4.080,2.170,1.170,2,0,99.250,0,0,20,32,0,29,0
04-03 17:05:41,43.789,6.506,49.044,0,0,1553628,413940,210828,5675820,14363.932,1513.363,0,180.162,0,8.007,2723,1321,4.080,2.170,1.170,2,0,0,0,0,20,32,0,29,0
04-03 17:05:42,45.504,5.250,48.504,0.250,0,1572096,395456,210828,5675836,9643.795,1566.129,0,52.004,0,6.000,3436,2713,4.080,2.170,1.170,3,0,0,0,0,20,34,0,29,0
04-03 17:05:43,49.375,9.725,39.400,0,0,1484548,482796,210836,5676052,10837.625,1508.190,0,1532.130,0,102.740,5908,18356,4.080,2.170,1.170,2,0,70.821,0,0,20,32,0,29,0
04-03 17:05:44,46.196,4.994,48.443,0,0,1532176,435168,210836,5676036,25197.468,1564.167,0,155.817,0,7.991,2933,1233,4.080,2.170,1.170,2,0,0,0,0,20,32,0,29,0
04-03 17:05:45,46.764,4.751,47.764,0,0,1538632,428412,210836,5676336,18873.562,1512.446,0,160.047,0,13.004,4770,5997,3.990,2.180,1.180,2,0,0,0,0,20,33,0,29,0
04-03 17:05:46,41.755,9.001,47.506,0.250,0,1482408,484620,210840,5676348,23880.943,1566.193,0,208.026,0,19.002,3711,2341,3.990,2.180,1.180,2,0,61.008,0,0,20,32,0,29,0
04-03 17:05:47,46.136,4.764,48.643,0,0,1530352,436240,210840,5676784,12894.930,1516.461,0,573.687,0,9.027,3060,1828,3.990,2.180,1.180,2,0,0,0,0,20,33,0,29,0
04-03 17:05:48,44.665,6.238,47.660,0.250,0,1499140,467284,210844,5676948,15687.322,1563.043,0,710.656,0,65.875,5373,5929,3.990,2.180,1.180,3,0,60.885,0,0,20,32,0,23,0
04-03 17:05:49,33.683,19.960,44.911,0.499,0,1491228,475180,210848,5676960,12792.611,1509.005,0,2291.452,0,136.729,5390,3937,3.990,2.180,1.180,3,0,322.360,0,0,20,32,0,23,0
04-03 17:05:50,46.026,5.003,48.278,0,0,1519880,446492,210848,5676996,8799.027,1458.833,32.018,2785.591,2.001,193.110,3347,1958,3.830,2.180,1.190,3,0,0,0,0,20,32,0,23,0
04-03 17:05:51,42.771,9.255,47.523,0.250,0,1478348,487864,210852,5677152,16232.022,1500.742,0,240.119,0,27.013,5519,5967,3.830,2.180,1.190,2,0,94.046,0,0,20,33,0,23,0
04-03 17:05:52,43.234,7.747,48.233,0,0,1503556,462644,210852,5677164,10288.281,1565.434,0,159.942,0,8.997,3281,1856,3.830,2.180,1.190,2,0,45.983,0,0,20,32,0,21,0
04-03 17:05:53,45.787,5.254,48.289,0,0,1554928,411248,210852,5677188,18044.422,1513.209,0,188.150,0,9.007,3883,3412,3.830,2.180,1.190,3,0,0,0,0,20,33,0,21,0
04-03 17:05:54,45.473,6.746,46.722,0.250,0,1463632,502496,210860,5677228,18144.224,1457.135,0,679.596,0,47.972,5784,6732,3.830,2.180,1.190,3,0,29.982,0,0,20,33,0,22,0
04-03 17:05:55,38.395,16.061,45.422,0,0,1491684,474272,210860,5677400,11920.136,1463.542,0,116.441,0,14.053,5351,4050,3.690,2.180,1.190,3,0,290.098,0,0,20,32,0,22,0
04-03 17:05:56,24.976,5.744,68.684,0,0,1491236,474700,210860,5677420,22398.334,1564.487,0,0,0,0,4186,4308,3.690,2.180,1.190,1,0,58.943,0,0,20,33,0,21,0
04-03 17:05:57,20.697,5.486,72.812,0,0,1453504,512296,210860,5677556,17715.305,1508.110,0,3.990,0,0.997,2894,2098,3.690,2.180,1.190,1,0,55.856,0,0,20,32,0,21,0
04-03 17:05:58,22.998,2.500,72.994,0,0,1475604,490188,210860,5677564,9417.247,1457.883,0,0,0,0,1882,1238,3.690,2.180,1.190,2,0,0,0,0,20,33,0,21,0
04-03 17:05:59,21.566,5.768,71.970,0.502,0,1449436,516344,210860,5677576,18273.747,1462.461,0,377.151,0,30.092,3413,3066,3.690,2.180,1.190,1,0,61.187,0,0,20,32,0,21,0
04-03 17:06:00,20.443,5.485,72.549,0,0,1445548,520228,210864,5677576,14960.524,1615.521,0,123.657,0,8.975,2158,1391,3.470,2.160,1.190,1,0,30.914,0,0,20,32,0,19,0
04-03 17:06:01,23.811,4.010,71.683,0.251,0,1456160,509608,210864,5677584,17519.628,1461.723,0,112.286,0,10.026,2518,2073,3.470,2.160,1.190,1,0,7.018,0,0,20,33,0,19,0
04-03 17:06:02,18.456,8.480,71.081,0,0,1420136,545612,210868,5677600,84622.741,1454.541,0,530.738,0,39.905,3891,3355,3.470,2.160,1.190,1,0,98.765,0,0,20,32,0,19,0
04-03 17:06:03,22.806,2.757,73.681,0,0,1460240,505508,210868,5677600,20334.041,1623.997,0,8.020,0,2.005,1862,1067,3.470,2.160,1.190,1,0,0,0,0,20,32,0,19,0
04-03 17:06:04,24.431,2.742,71.799,0.499,0,1461452,504288,210868,5677608,20124.547,1453.922,0,426.803,0,59.832,3321,3269,3.470,2.160,1.190,1,0,0,0,0,20,32,0,16,0
04-03 17:06:05,16.958,8.978,72.072,0,0,1422128,543596,210872,5677620,13764.063,1496.311,0,119.705,0,8.978,3041,1910,3.270,2.140,1.190,1,0,93.769,0,0,20,32,0,16,0
04-03 17:06:06,23.565,2.758,73.201,0,0,1443812,521904,210872,5677628,19450.402,1570.311,0,108.297,0,6.017,2190,1578,3.270,2.140,1.190,1,0,0,0,0,20,32,0,17,0
04-03 17:06:07,24.238,2.749,71.466,0.250,0,1450396,515300,210872,5677648,22595.139,1457.299,0,455.781,0,34.983,3823,4481,3.270,2.140,1.190,3,0,0,0,0,20,32,0,17,0
04-03 17:06:08,21.508,6.753,70.528,0.250,0,1467192,498468,210872,5677684,12529.893,1512.591,0,0,0,0,2348,1473,3.270,2.140,1.190,1,0,30.012,0,0,20,32,0,15,0
04-03 17:06:09,23.733,2.998,72.948,0,0.250,1485576,480084,210872,5677684,16003.570,1658.815,0,3.997,0,0.999,2148,1481,3.270,2.140,1.190,1,0,0.999,0,0,20,32,0,15,0
04-03 17:06:10,20.835,6.276,71.041,0,0,1450740,514744,210872,5677860,23541.314,1463.990,0,240.986,0,15.062,4651,4838,3.090,2.120,1.190,1,0,77.316,0,0,20,32,0,15,0
04-03 17:06:11,15.498,22.998,59.494,1.000,0,1440472,524740,210892,5678112,20116.827,1511.837,67.993,287.969,4.999,17.998,5948,4353,3.090,2.120,1.190,2,1,408.956,0,0,20,32,0,17,0
04-03 17:06:12,36.872,4.734,48.581,8.969,0,1460592,502044,211480,5679844,13453.248,1452.951,2248.187,7.972,142.505,0.997,2829,1616,3.090,2.120,1.190,2,0,1.993,0,0,20,32,0,15,0
04-03 17:06:13,43.873,6.017,47.382,2.006,0,1480128,480388,211604,5681712,12811.803,1570.389,0,5214.572,0,446.247,4755,5478,3.090,2.120,1.190,4,0,27.076,0,0,20,36,0,15,0
04-03 17:06:14,25.250,7.000,44.250,21.000,0,1492252,461024,212216,5687860,9043.085,1512.014,1824.017,46108.433,363.003,3968.037,15550,29707,3.090,2.120,1.190,0,2,109.001,0,0,20,36,0,15,0
04-03 17:06:15,21.189,6.232,44.373,24.929,0,1489792,460556,212596,5690248,16461.839,1453.835,1806.824,32171.832,214.386,3053.253,13128,24221,3.080,2.130,1.200,1,1,35.897,0,0,20,36,0,15,0
04-03 17:06:16,40.720,6.995,47.216,4.747,0,1471156,477628,212648,5691760,16610.921,1564.862,1498.910,12059.231,141.897,736.464,3880,4106,3.080,2.130,1.200,2,0,7.994,0,0,20,32,0,14,0
04-03 17:06:17,39.645,12.295,47.423,0.251,0,1501948,446764,212660,5691820,16054.666,1463.347,0,718.626,0,42.154,4538,3254,3.080,2.130,1.200,3,0,206.756,0,0,20,34,0,14,0
04-03 17:06:18,23.512,25.012,42.021,6.503,0,1493800,454108,213064,5692220,24468.155,1512.751,0,20474.171,0,2341.163,15072,24912,3.080,2.130,1.200,1,1,445.221,0,0,20,34,0,14,0
04-03 17:06:19,23.488,26.237,45.227,3.498,0,1425536,521924,213216,5692516,22132.663,1457.254,15.992,17107.237,0.999,1331.318,10363,14065,3.080,2.130,1.200,1,0,501.743,0,0,20,32,0,14,0
04-03 17:06:20,9.725,18.702,69.572,0.499,0,1419128,528304,213216,5692544,12711.453,1562.001,0,774.018,0,42.890,5560,4080,2.920,2.110,1.200,1,0,322.175,0,0,20,32,0,12,0
04-03 17:06:21,22.243,3.499,72.728,0,0,1423068,524360,213220,5692544,9469.092,1511.536,0,543.833,0,29.991,1978,1329,2.920,2.110,1.200,1,0,3.999,0,0,20,32,0,12,0
04-03 17:06:22,22.997,3.750,72.491,0.500,0,1421928,525488,213232,5692544,10567.754,1565.815,0,3931.537,0,234.972,2381,2167,2.920,2.110,1.200,1,0,2.000,0,0,20,32,0,12,0
04-03 17:06:23,21.501,4.750,72.752,0,0,1421376,526040,213232,5692544,17557.458,1458.038,0,36.001,0,5.000,2100,1295,2.920,2.110,1.200,1,0,4.000,0,0,20,32,0,12,0
04-03 17:06:24,11.022,19.539,68.638,0,0,1411812,535576,213232,5692572,15971.011,1515.037,0,72.145,0,9.018,5412,3870,2.920,2.110,1.200,1,0,366.735,0,0,20,32,0,11,0
04-03 17:06:25,18.508,8.503,72.280,0,0,1440796,506572,213244,5692580,15592.416,1458.600,0,16.007,0,2.001,2922,2047,2.760,2.100,1.200,1,0,100.041,0,0,20,32,0,11,0
04-03 17:06:26,22.941,2.992,73.061,0,0,1468204,479132,213252,5692604,11338.628,1561.954,0,0,0,0,1840,1215,2.760,2.100,1.200,1,0,0,0,0,20,32,0,11,0
04-03 17:06:27,24.079,2.007,73.240,0.251,0,1435916,510580,213296,5693348,15676.298,1462.787,0,1404.596,0,192.630,2070,1150,2.760,2.100,1.200,1,0,9.030,0,0,20,32,0,11,0
04-03 17:06:28,21.429,3.987,72.759,0.249,0,1486300,460196,213296,5693348,12060.078,1507.011,0,259.142,0,9.967,2013,1588,2.760,2.100,1.200,1,0,0,0,0,20,32,0,10,0
04-03 17:06:29,23.982,2.248,72.946,0,0,1513784,432700,213296,5693360,10633.168,1456.927,0,415.694,0,28.979,1776,1095,2.760,2.100,1.200,1,0,0.999,0,0,20,32,0,10,0
04-03 17:06:30,10.801,21.350,67.317,0,0,1470016,476328,213296,5693500,15991.203,1573.399,40.189,639.005,2.009,6.028,5644,4137,2.620,2.080,1.190,2,0,399.881,0,0,20,32,0,10,0
04-03 17:06:31,8.736,20.467,68.640,0,0,1461872,484444,213296,5693528,14839.191,1509.578,0,39.936,0,4.992,5919,4250,2.620,2.080,1.190,2,0,413.337,0,0,20,32,0,10,0
04-03 17:06:32,8.513,22.534,68.101,0,0,1436092,510200,213296,5693552,75875.917,1460.173,0,28.042,0,3.004,6080,4302,2.620,2.080,1.190,1,0,422.629,0,0,20,32,0,10,0
04-03 17:06:33,7.976,21.684,68.292,0,0,1430364,515872,213296,5693576,14852.761,1561.245,0,99.696,0,8.973,5774,3988,2.620,2.080,1.190,1,0,380.840,0,0,20,32,0,10,0
04-03 17:06:34,7.759,22.025,68.327,0.250,0,1416908,529308,213296,5693596,15129.970,1555.745,0,496.557,0,60.067,5791,4092,2.620,2.080,1.190,1,0,388.436,0,0,20,32,0,10,0
04-03 17:06:35,9.760,21.522,67.570,0,0,1407852,538348,213296,5693612,16109.780,1459.520,0,1273.326,0,146.152,5850,4035,2.490,2.060,1.190,1,0,392.409,0,0,20,32,0,10,0
04-03 17:06:36,7.989,20.473,69.657,0,0,1399780,546396,213296,5693636,13015.657,1456.060,0,67.910,0,5.992,5517,3793,2.490,2.060,1.190,1,0,337.550,0,0,20,32,0,10,0
04-03 17:06:37,8.012,21.032,69.607,0,0.250,1400424,545728,213296,5693660,9556.652,1460.239,0,48.074,0,6.009,5403,3732,2.490,2.060,1.190,1,0,327.502,0,0,20,32,0,7,0
04-03 17:06:38,9.236,20.469,68.645,0,0,1391572,554552,213300,5693688,15514.280,1617.527,0,203.689,0,16.974,5883,4322,2.490,2.060,1.190,1,0,367.438,0,0,20,32,0,7,0
04-03 17:06:39,9.021,22.302,67.908,0,0,1383964,562136,213300,5693712,15065.152,1461.410,0,529.235,0,38.089,5900,4162,2.490,2.060,1.190,1,0,399.933,0,0,20,32,0,7,0
04-03 17:06:40,8.495,20.738,69.709,0,0,1382476,563600,213300,5693736,15563.879,1457.146,0,35.979,0,7.995,5392,3641,2.370,2.040,1.190,1,0,319.813,0,0,20,32,0,7,0
04-03 17:06:41,25.987,24.987,47.226,0,0,1396996,549092,213316,5693760,15514.962,1457.245,3.998,395.795,0.999,19.990,6299,5074,2.370,2.040,1.190,2,0,534.723,0,0,20,32,0,8,0
04-03 17:06:42,56.049,33.029,10.509,0.250,0,1480340,465688,213348,5693788,12344.721,1621.408,8.007,944.821,2.002,49.043,5988,5213,2.370,2.040,1.190,5,0,667.580,0,0,20,32,0,12,0
04-03 17:06:43,72.234,24.995,0.750,1.750,0,1611624,328608,214420,5698380,13270.132,1457.685,839.819,727.843,70.985,19.996,17976,11566,2.370,2.040,1.190,4,0,136.970,0,0,20,32,0,13,0
04-03 17:06:44,83.242,10.499,2.250,4.250,0,1725212,209668,214628,5703292,15641.559,1457.866,387.964,9623.114,5.000,707.935,6850,7756,2.370,2.040,1.190,4,0,44.996,0,0,20,34,0,13,0
04-03 17:06:45,69.911,13.233,8.239,6.492,0,1743708,182880,214968,5710752,8178.566,1456.142,0,59603.959,0,4166.684,15364,30392,2.660,2.110,1.220,4,0,122.843,0,0,20,36,0,13,0
04-03 17:06:46,63.566,14.765,12.012,7.508,0,1766392,151100,215160,5719584,16009.498,1621.671,0,72186.389,0,5190.349,17540,35464,2.660,2.110,1.220,3,1,126.130,0,0,20,36,0,13,0
04-03 17:06:47,66.539,13.258,10.006,7.755,0,1754976,155236,215532,5726500,11662.816,1458.853,0,77993.580,0,6044.532,18074,36397,2.660,2.110,1.220,6,0,50.029,0,0,20,36,0,13,0
04-03 17:06:48,73.382,10.733,6.490,7.488,0,1761944,140704,215808,5733740,15517.111,1455.665,0,53705.856,0,4096.429,14655,29493,2.660,2.110,1.220,4,0,44.928,0,0,20,36,0,13,0
04-03 17:06:49,42.258,23.755,22.754,8.752,0,1659964,237092,215884,5739192,12282.420,1620.319,32.006,48373.532,2.000,3584.706,15724,27159,2.660,2.110,1.220,2,2,340.067,0,0,20,34,0,13,0
04-03 17:06:50,48.805,17.520,22.775,9.260,0,1667020,222740,215932,5746724,16241.154,1459.632,388.434,51505.572,8.009,3625.052,16074,30332,2.770,2.140,1.230,3,0,146.163,0,0,20,34,0,13,0
04-03 17:06:51,49.447,17.231,20.728,9.490,0,1665752,222724,216156,5747452,12953.087,1456.436,982.944,41352.582,24.973,3286.470,15339,29863,2.770,2.140,1.230,4,0,140.849,0,0,20,35,0,13,0
04-03 17:06:52,43.813,16.023,30.544,7.010,0.250,1670268,215228,216160,5750420,9847.118,1460.093,797.143,42837.418,13.019,3612.179,16124,29018,2.770,2.140,1.230,2,0,186.267,0,0,20,34,0,13,0
04-03 17:06:53,38.994,10.498,39.244,9.748,0,1643944,242248,216336,5749548,9525.425,1619.732,0,47096.215,0,3889.357,14681,27691,2.770,2.140,1.230,2,1,47.992,0,0,20,34,0,13,0
04-03 17:06:54,39.180,8.235,38.182,10.232,0.250,1654496,229860,216392,5751328,16485.483,1455.394,0,61725.480,0,4724.541,15440,31936,2.770,2.140,1.230,1,1,35.936,0,0,20,34,0,13,0
04-03 17:06:55,38.322,8.516,42.079,9.017,0,1642024,241964,216420,5751668,11839.292,1502.830,0,39802.943,0,3583.748,16515,30662,2.790,2.150,1.240,2,0,27.051,0,0,20,37,0,13,0
04-03 17:06:56,40.988,9.247,39.989,7.748,0,1564200,318224,216484,5753168,15780.555,1457.589,0,34090.397,0,2978.161,13851,25028,2.790,2.150,1.240,4,0,100.972,0,0,20,36,0,13,0
04-03 17:06:57,40.978,7.746,40.478,8.745,0,1610800,269624,216512,5755140,11809.600,1619.123,0,33293.958,0,3205.263,12852,25451,2.790,2.150,1.240,5,0,47.974,0,0,20,36,0,12,0
04-03 17:06:58,39.742,8.498,39.243,8.998,0,1623632,253932,216572,5757940,18156.538,1457.722,0,66631.296,0,4837.078,16291,32235,2.790,2.150,1.240,4,1,41.992,0,0,20,36,0,12,0
04-03 17:06:59,38.023,8.255,42.275,9.506,0,1620468,254252,216608,5760744,16989.239,1500.905,0,50718.566,0,4324.606,18919,36107,2.790,2.150,1.240,0,2,52.031,0,0,20,37,0,12,0
04-03 17:07:00,38.889,9.972,38.889,9.224,0,1572672,299372,216652,5763372,10837.071,1453.851,0,45657.694,0,4130.212,16806,32180,2.810,2.170,1.250,2,0,119.658,0,0,20,36,0,13,0
04-03 17:07:01,40.880,9.781,37.369,9.280,0,1612332,257848,216708,5765180,16512.666,1625.183,0,52880.659,0,4446.181,15782,30116,2.810,2.170,1.250,4,0,48.154,0,0,20,36,0,13,0
04-03 17:07:02,39.197,8.489,41.195,7.989,0,1619472,255592,216744,5760260,81439.573,1456.044,0,40861.097,0,3700.028,16569,31085,2.810,2.170,1.250,2,0,8.988,0,0,20,37,0,13,0
04-03 17:07:03,41.023,7.504,41.523,8.505,0,1619284,255592,216752,5760440,11143.283,1458.823,0,42487.956,0,3575.016,16035,30397,2.810,2.170,1.250,3,0,39.022,0,0,20,34,0,14,0
04-03 17:07:04,36.997,15.999,44.747,1.000,0,1469844,404964,216752,5760508,18324.703,1619.885,0,14630.964,0,850.940,5910,6462,2.810,2.170,1.250,2,0,224.984,0,0,20,32,0,14,0
04-03 17:07:05,23.194,5.487,69.082,0.499,0,1537900,336860,216752,5760556,15498.341,1638.020,0,574.604,0,31.922,2738,2180,2.660,2.150,1.250,1,0,41.898,0,0,20,32,0,14,0
04-03 17:07:06,21.496,5.499,71.486,0.250,0,1464096,410648,216752,5760572,19008.284,1457.715,0,4579.105,0,266.948,3737,4060,2.660,2.150,1.250,2,0,33.993,0,0,20,32,0,15,0
04-03 17:07:07,23.249,3.250,72.996,0,0,1513836,360908,216752,5760572,16199.128,1457.921,0,1595.914,0,149.992,1884,1067,2.660,2.150,1.250,1,0,0,0,0,20,32,0,15,0
04-03 17:07:08,22.755,3.751,72.266,0,0,1494608,379960,216752,5760748,10359.333,1620.365,0,120.027,0,12.003,2792,2618,2.660,2.150,1.250,1,0,19.004,0,0,20,32,0,15,0
04-03 17:07:09,20.213,6.488,72.367,0.250,0,1548064,326504,216752,5760748,16718.251,1549.151,0,119.780,0,8.983,2366,1615,2.660,2.150,1.250,1,0,41.923,0,0,20,32,0,14,0
04-03 17:07:10,23.088,3.011,73.280,0.251,0,1557292,317272,216752,5760752,12448.533,1463.589,0,746.852,0,122.468,2600,2204,2.530,2.130,1.250,1,0,2.008,0,0,20,33,0,14,0
04-03 17:07:11,20.956,5.738,71.599,0,0,1532676,341864,216752,5760776,8977.116,1538.763,0,0,0,0,3504,3537,2.530,2.130,1.250,2,0,42.910,0,0,20,32,0,14,0
04-03 17:07:12,22.999,2.750,73.246,0.250,0,1558592,315940,216752,5760784,15871.118,1457.919,0,243.986,0,20.999,2063,1519,2.530,2.130,1.250,2,0,0,0,0,20,32,0,14,0
04-03 17:07:13,23.741,3.749,71.723,0.250,0,1550684,323844,216752,5760816,12073.437,1619.388,0,335.873,0,30.988,3784,4356,2.530,2.130,1.250,1,0,1.000,0,0,20,32,0,14,0
04-03 17:07:14,12.048,17.570,69.275,0,0,1486320,388112,216752,5760912,16368.949,1463.808,0,2425.624,0,28.112,5058,3548,2.530,2.130,1.250,2,0,312.239,0,0,20,32,0,12,0
04-03 17:07:15,11.737,23.974,62.683,0.250,0,1480364,393960,216756,5761016,13494.501,1456.435,0,507.455,0,31.966,6057,4436,2.400,2.110,1.250,2,1,463.502,0,0,20,34,0,13,0
04-03 17:07:16,62.339,13.216,23.689,0.249,0,1529692,344432,216772,5761200,8774.394,1615.837,0,5880.849,0,82.787,4683,3015,2.400,2.110,1.250,3,0,101.738,0,0,20,32,0,18,0
04-03 17:07:17,66.749,9.285,23.337,0.251,0,1666056,206752,216804,5762484,15358.220,1463.452,0,389.451,0,15.056,4051,1766,2.400,2.110,1.250,3,0,2.007,0,0,20,32,0,18,0
04-03 17:07:18,68.081,7.481,23.691,0,0,1761992,173840,216348,5701036,12537.801,1454.381,0,3515.253,0,112.720,4018,1618,2.400,2.110,1.250,3,0,0,0,0,20,32,0,18,0
04-03 17:07:19,61.902,7.268,25.061,4.762,0,1839588,140512,216160,5658604,15544.107,1461.583,264.649,9796.015,9.022,570.398,5780,5200,2.400,2.110,1.250,3,0,22.054,0,0,20,38,0,18,0
04-03 17:07:20,40.180,9.483,37.435,9.983,0,1840136,127420,216216,5671060,12085.914,1617.179,0,73507.754,0,5810.862,21956,42318,2.450,2.120,1.260,0,2,248.566,0,0,20,38,0,18,0
04-03 17:07:21,31.551,11.018,41.567,11.769,0,1840712,118124,216288,5679644,15618.341,1460.369,0,115699.726,0,8259.401,26054,51794,2.450,2.120,1.260,0,1,192.312,0,0,20,38,0,18,0
04-03 17:07:22,49.235,10.497,26.492,10.247,0,1698808,286220,216036,5653836,12016.390,1457.562,0,72002.368,0,5713.283,21509,41789,2.450,2.120,1.260,2,0,180.946,0,0,20,36,0,18,0
04-03 17:07:23,35.994,12.998,28.246,18.997,0,1731084,244768,216084,5662900,8723.645,1457.774,655.898,68165.414,23.996,5066.213,17862,34216,2.450,2.120,1.260,4,1,163.975,0,0,20,36,0,18,0
04-03 17:07:24,48.457,9.991,28.475,10.241,0,1771560,195180,216112,5671872,11908.472,1618.569,63.943,72663.757,6.994,4926.644,17114,32498,2.450,2.120,1.260,5,1,18.983,0,0,20,36,0,18,0
04-03 17:07:25,43.073,9.710,33.363,10.955,0,1810580,147128,216132,5680788,15697.322,1452.017,15.934,73744.150,2.988,5172.687,18031,36208,2.580,2.160,1.270,3,1,35.852,0,0,20,36,0,18,0
04-03 17:07:26,50.440,10.791,26.099,10.540,0,1828248,199104,215852,5612700,12191.026,1986.500,0,71337.330,0,5480.692,19041,37925,2.580,2.160,1.270,7,1,98.371,0,0,20,38,0,18,0
04-03 17:07:27,49.067,14.019,35.048,0.751,0,1432460,595164,215852,5612428,15198.633,1622.202,0,13926.907,0,861.169,6700,7152,2.580,2.160,1.270,1,0,227.309,0,0,20,32,0,18,0
04-03 17:07:28,19.436,7.476,72.015,0,0,1458976,568636,215852,5612440,14824.538,1453.249,0,1184.129,0,74.756,2892,2277,2.580,2.160,1.270,2,0,96.684,0,0,20,32,0,18,0
04-03 17:07:29,23.311,3.760,72.190,0.752,0,1506424,521188,215852,5612440,14898.159,1461.842,0,3529.276,0,207.546,2210,2045,2.580,2.160,1.270,1,0,2.005,0,0,20,32,0,18,0
04-03 17:07:30,22.916,2.989,72.732,0,0,1547500,480112,215852,5612440,12817.794,1452.650,0,27.897,0,3.985,1944,1323,2.450,2.140,1.270,1,0,1.993,0,0,20,36,0,18,0
04-03 17:07:31,22.789,3.506,73.124,0,0,1421992,605612,215852,5612448,11171.956,1622.753,0,156.265,0,12.020,2529,1878,2.450,2.140,1.270,2,0,27.046,0,0,20,32,0,18,0
04-03 17:07:32,21.985,3.997,72.951,0,0,1479700,547904,215852,5612448,75243.986,1618.902,0,39.973,0,3.997,1959,1241,2.450,2.140,1.270,1,0,0.999,0,0,20,32,0,18,0
04-03 17:07:33,23.502,2.500,73.006,0,0,1523800,503804,215852,5612448,16023.246,1620.126,0,4.000,0,1.000,1822,1120,2.450,2.140,1.270,1,0,0,0,0,20,32,0,18,0
04-03 17:07:34,23.507,2.501,73.271,0.250,0,1552268,475328,215852,5612456,15538.439,1662.475,0,636.182,0,44.013,2115,1689,2.450,2.140,1.270,2,0,2.001,0,0,20,34,0,18,0
04-03 17:07:35,17.233,22.977,58.691,0,0,1547612,479964,215852,5612476,14859.090,1456.538,0,31.968,0,7.992,5052,3781,2.570,2.170,1.290,2,0,451.547,0,0,20,32,0,18,0
04-03 17:07:36,16.295,39.860,41.614,1.003,0,1530792,496632,215856,5612624,11645.036,1624.469,68.188,7989.980,5.014,368.012,7803,7376,2.570,2.170,1.290,4,0,807.221,0,0,20,32,0,18,0
04-03 17:07:37,14.515,37.790,46.049,0.250,0,1512484,514896,215856,5612664,15478.405,1459.547,0,4917.212,0,250.265,7451,6745,2.570,2.170,1.290,1,0,839.890,0,0,20,32,0,18,0
04-03 17:07:38,8.247,22.491,67.973,0,0,1497544,529812,215856,5612688,12575.914,1619.345,0,95.961,0,11.995,5866,4169,2.570,2.170,1.290,1,0,408.835,0,0,20,32,0,18,0
04-03 17:07:39,8.258,22.022,67.819,0,0,1485068,542268,215856,5612708,11641.869,1459.488,0,48.049,0,12.012,5958,4421,2.570,2.170,1.290,1,0,438.447,0,0,20,32,0,18,0
04-03 17:07:40,8.750,22.001,68.002,0,0,1471108,556204,215856,5612732,18494.524,1458.041,0,40.001,0,10.000,5972,4280,2.450,2.150,1.280,1,0,430.012,0,0,20,32,0,18,0
04-03 17:07:41,9.490,22.227,67.680,0,0,1474648,552640,215856,5612756,12936.615,1618.326,0,47.950,0,11.988,5908,4349,2.450,2.150,1.280,1,0,436.548,0,0,20,32,0,18,0
04-03 17:07:42,8.481,21.702,67.849,0,0,1467284,559984,215856,5612776,9115.763,1454.770,0,47.894,0,11.973,6067,4572,2.450,2.150,1.280,1,0,484.923,0,0,20,32,0,14,0
04-03 17:07:43,10.284,22.826,65.717,0.251,0,1470988,556244,215856,5613404,16206.624,1462.840,0,104.345,0,12.040,6048,5617,2.450,2.150,1.280,4,0,471.560,0,0,20,32,0,14,0
04-03 17:07:44,13.245,23.491,61.727,0,0,1456752,570384,215856,5612892,12693.282,1619.398,0,519.807,0,41.984,6590,11608,2.450,2.150,1.280,1,0,456.830,0,0,20,32,0,15,0
04-03 17:07:45,9.236,20.968,68.396,0,0,1461220,565884,215856,5612924,16271.318,1455.792,0,99.849,0,11.982,5882,4290,2.330,2.130,1.280,1,0,402.390,0,0,20,32,0,15,0
04-03 17:07:46,7.512,23.288,67.359,0,0,1447784,579296,215856,5612948,13227.378,1460.360,0,568.919,0,62.100,6481,5372,2.330,2.130,1.280,1,0,401.649,0,0,20,32,0,11,0
04-03 17:07:47,9.745,21.489,67.965,0,0,1446160,580884,215856,5612984,9243.215,1619.162,0,19.990,0,4.997,5807,4271,2.330,2.130,1.280,2,0,398.794,0,0,20,32,0,11,0
04-03 17:07:48,8.747,22.743,68.229,0,0,1446464,580568,215856,5612996,16651.896,1457.553,0,803.754,0,146.955,6034,4333,2.330,2.130,1.280,2,0,438.865,0,0,20,32,0,11,0
04-03 17:07:49,19.689,14.953,61.558,0.748,0,1416576,608424,215872,5615016,12628.644,1453.470,1973.849,287.105,20.935,6.978,4932,3659,2.330,2.130,1.280,2,0,286.108,0,0,20,34,0,12,0
04-03 17:07:50,22.515,3.502,73.050,1.001,0,1466952,557832,215872,5615228,8716.980,1621.112,96.066,344.236,6.004,24.016,2091,1585,2.220,2.110,1.280,1,0,5.003,0,0,20,32,0,13,0
04-03 17:07:51,22.496,2.999,72.738,1.000,0,1509956,513148,215892,5616800,17067.117,1457.754,783.868,2131.640,58.990,22.996,2078,1548,2.220,2.110,1.280,1,0,0,0,0,20,32,0,13,0
04-03 17:07:52,14.798,4.765,67.717,10.785,0,1510980,507140,215924,5621592,17162.112,1462.697,357.147,28098.231,73.235,2559.218,11303,21334,2.220,2.110,1.280,1,1,31.100,0,0,20,36,0,13,0
04-03 17:07:53,18.257,5.502,63.773,9.754,0,1510012,506636,215940,5623048,16256.887,1620.587,0,43315.684,0,3636.317,13948,26572,2.220,2.110,1.280,1,1,42.015,0,0,20,36,0,13,0
04-03 17:07:54,16.492,6.247,62.471,11.245,0,1509716,504396,215948,5625544,18199.684,1457.334,0,52991.785,0,4320.026,15757,30554,2.220,2.110,1.280,2,1,41.981,0,0,20,36,0,13,0
04-03 17:07:55,16.255,6.502,62.771,11.504,0,1510700,501904,215956,5627012,8585.804,1500.490,0,51048.672,0,4423.445,16160,31223,2.130,2.090,1.280,2,1,54.018,0,0,20,36,0,13,0
04-03 17:07:56,19.495,5.249,62.233,9.747,0,1510984,499636,215964,5628988,15809.808,1619.571,0,32599.355,0,3073.185,13260,24531,2.130,2.090,1.280,3,1,20.994,0,0,20,36,0,13,0
04-03 17:07:57,15.742,7.246,62.716,11.244,0,1511240,495364,215972,5632980,9287.015,1457.218,0,50488.897,0,4366.656,16172,31906,2.130,2.090,1.280,2,1,32.982,0,0,20,36,0,13,0
04-03 17:07:58,17.974,4.993,61.160,11.233,0,1514168,486052,215980,5639340,14982.962,1455.859,0,55174.845,0,4186.842,15402,29509,2.130,2.090,1.280,1,0,38.943,0,0,20,36,0,13,0
04-03 17:07:59,15.785,6.515,63.643,11.275,0,1513340,485296,215980,5640932,13350.989,1665.742,0,49006.078,0,4489.083,16526,32100,2.130,2.090,1.280,0,1,40.090,0,0,20,36,0,13,0
04-03 17:08:00,14.730,6.491,63.162,12.233,0,1513112,483532,215984,5642904,16794.643,1455.975,0,54783.809,0,4841.267,17012,33877,2.200,2.110,1.290,1,1,0,0,0,20,36,0,13,0
04-03 17:08:01,15.771,6.759,63.083,12.767,0,1513288,481528,215992,5644708,14121.652,1459.928,0,65057.928,0,5363.084,17948,35930,2.200,2.110,1.290,1,0,0,0,0,20,36,0,13,0
04-03 17:08:02,15.002,7.251,61.007,12.501,0,1513736,478760,215992,5647044,80371.899,1458.161,0,59342.571,0,5026.557,17296,34345,2.200,2.110,1.290,2,0,6.001,0,0,20,36,0,13,0
04-03 17:08:03,14.733,6.992,63.675,11.736,0.499,1513340,476744,215992,5649456,10742.409,1618.104,0,52794.123,0,4683.511,16599,33286,2.200,2.110,1.290,1,0,0,0,0,20,36,0,12,0
04-03 17:08:04,13.507,7.003,62.781,12.506,0,1512536,475736,215996,5651264,17110.497,1458.724,0,60930.258,0,5194.580,17382,35008,2.200,2.110,1.290,2,1,0,0,0,20,36,0,12,0
04-03 17:08:05,15.262,6.255,63.799,10.758,0,1513988,471704,215996,5653844,11718.071,2003.551,0,47464.741,0,4121.190,15892,31022,2.100,2.090,1.290,2,0,45.035,0,0,20,36,0,12,0
04-03 17:08:06,19.683,4.734,68.765,4.485,0,1418752,565848,215996,5654936,15781.100,1453.037,0,14263.284,0,1365.337,7140,11867,2.100,2.090,1.290,1,0,48.833,0,0,20,32,0,12,0
04-03 17:08:07,23.991,3.749,70.473,1.250,0,1474948,509652,215996,5654936,16870.649,1619.390,0,10468.059,0,585.779,3175,3994,2.100,2.090,1.290,1,0,0,0,0,20,32,0,9,0
04-03 17:08:08,25.007,2.251,72.269,0.500,0,1503892,480672,215996,5654972,15386.070,1458.386,0,1220.323,0,63.017,2010,1345,2.100,2.090,1.290,1,0,1.000,0,0,20,32,0,9,0
04-03 17:08:09,9.773,13.282,71.170,4.260,0,1440616,543764,216032,5655104,12471.737,1555.709,152.363,3748.939,34.081,225.538,4229,3586,2.100,2.090,1.290,1,0,178.425,0,0,20,32,0,9,0
04-03 17:08:10,18.228,7.990,72.664,0.250,0,1452668,531708,216032,5655108,15918.056,1618.074,3.995,43.948,0.999,3.995,3089,1893,2.010,2.070,1.280,1,0,98.882,0,0,20,32,0,9,0
04-03 17:08:11,19.795,5.763,72.917,0,0,1501524,482840,216032,5655120,17635.353,1461.344,0,0,0,0,2325,1520,2.010,2.070,1.280,1,0,37.085,0,0,20,32,0,9,0
04-03 17:08:12,22.226,2.997,72.921,1.249,0,1521656,462692,216032,5655136,16310.276,1456.417,7.991,115.874,0.999,8.990,2312,1898,2.010,2.070,1.280,1,0,0,0,0,20,32,0,9,0
04-03 17:08:13,20.206,6.236,71.593,0.249,0,1444700,539496,216032,5655288,21168.597,1616.457,0,443.029,0,33.926,4128,4033,2.010,2.070,1.280,1,0,66.853,0,0,20,32,0,9,0
04-03 17:08:14,22.532,3.255,73.353,0,0,1487036,497160,216032,5655288,18449.873,1460.047,0,993.393,0,134.188,2025,1298,2.010,2.070,1.280,1,0,1.001,0,0,20,32,0,9,0
04-03 17:08:15,23.793,2.755,72.633,0.250,0,1498848,485328,216032,5655308,11667.288,1460.665,0,224.409,0,14.026,3047,3095,1.930,2.050,1.280,1,0,0,0,0,20,33,0,10,0
04-03 17:08:16,24.430,2.991,71.045,0.249,0,1499508,484628,216032,5655348,15588.053,1453.808,0,195.436,0,21.937,5114,7044,1.930,2.050,1.280,1,0,0,0,0,20,32,0,10,0
04-03 17:08:17,20.733,4.996,72.691,0.250,0,1464764,519364,216032,5655356,21754.343,1618.686,0,327.734,0,19.984,2311,1512,1.930,2.050,1.280,1,0,29.976,0,0,20,32,0,10,0
04-03 17:08:18,24.009,2.251,73.279,0,0.250,1493692,490424,216032,5655368,12797.057,1458.576,0,0,0,0,2103,1486,1.930,2.050,1.280,2,0,0,0,0,20,32,0,10,0
04-03 17:08:19,23.765,3.502,70.545,0,0,1493776,490172,216032,5655536,15187.762,1458.938,0,260.167,0,21.014,5515,7315,1.930,2.050,1.280,1,0,1.001,0,0,20,33,0,4,0
04-03 17:08:20,20.249,6.000,72.248,0.250,0,1447060,536872,216032,5655552,12841.565,1457.951,0,87.997,0,8.000,3334,2972,1.860,2.030,1.280,2,0,54.998,0,0,20,32,0,4,0
04-03 17:08:21,22.989,2.999,73.465,0,0,1496704,487228,216032,5655552,16972.894,1619.227,0,67.968,0,4.998,1838,1067,1.860,2.030,1.280,1,0,0,0,0,20,32,0,4,0
04-03 17:08:22,24.498,2.500,72.243,0,0,1496068,487844,216032,5655572,16452.429,1457.861,0,1591.848,0,48.995,3382,3533,1.860,2.030,1.280,2,0,0,0,0,20,32,0,4,0
04-03 17:08:23,20.004,6.001,72.515,0,0,1522788,461124,216032,5655572,12486.574,1458.301,0,164.034,0,1.000,2222,1447,1.860,2.030,1.280,2,0,34.007,0,0,20,32,0,4,0
04-03 17:08:24,23.990,2.749,72.720,0,0,1541400,442508,216032,5655576,16256.195,1619.322,0,0,0,0,2189,1584,1.860,2.030,1.280,2,0,0,0,0,20,32,0,4,0
04-03 17:08:25,20.248,6.499,71.991,0.250,0,1512688,471200,216032,5655596,20159.581,1457.825,0,1595.809,0,166.980,3185,2788,1.790,2.020,1.280,2,0,59.993,0,0,20,32,0,4,0
04-03 17:08:26,23.276,2.503,73.582,0,0,1544856,439028,216032,5655600,12279.703,1459.629,0,340.380,0,21.023,1845,1115,1.790,2.020,1.280,2,0,0,0,0,20,33,0,4,0
04-03 17:08:27,24.219,2.497,72.159,0,0,1538980,444876,216032,5655628,17824.468,1456.159,0,87.889,0,8.989,4159,4870,1.790,2.020,1.280,1,0,0,0,0,20,32,0,4,0
04-03 17:08:28,20.508,5.502,72.777,0,0,1495256,488596,216032,5655632,15809.929,1620.608,0,116.044,0,6.002,2342,1470,1.790,2.020,1.280,1,0,43.016,0,0,20,32,0,4,0
04-03 17:08:29,23.556,2.506,73.175,0,0,1531228,452620,216032,5655636,15368.748,1461.495,0,0,0,0,2144,1585,1.790,2.020,1.280,1,0,1.002,0,0,20,32,0,5,0
04-03 17:08:30,24.447,2.495,71.844,0.249,0,1503060,480760,216032,5655664,19067.630,1616.493,0,99.784,0,11.974,4213,4712,1.720,2,1.280,2,0,4.989,0,0,20,32,0,5,0
04-03 17:08:31,19.245,6.998,72.980,0.250,0,1542136,441684,216032,5655664,11807.738,1457.597,0,239.934,0,13.996,2571,1702,1.720,2,1.280,2,0,61.983,0,0,20,32,0,5,0
04-03 17:08:32,23.245,3.249,72.986,0,0,1557328,426488,216032,5655668,84266.588,1457.716,0,47.991,0,5.999,2332,1683,1.720,2,1.280,2,0,0,0,0,20,32,0,5,0
04-03 17:08:33,21.007,5.252,72.274,0,0,1530328,453340,216032,5655816,19296.382,1458.482,0,56.019,0,2.001,3541,3498,1.720,2,1.280,2,0,34.011,0,0,20,32,0,5,0
04-03 17:08:34,23.006,2.501,73.018,0,0,1571464,412204,216032,5655816,15286.796,1662.413,0,0,0,0,1779,1042,1.720,2,1.280,3,0,0,0,0,20,32,0,5,0
04-03 17:08:35,22.291,4.258,72.131,0,0,1532676,450976,216032,5655832,23218.241,1460.657,0,232.423,0,22.040,3217,3118,1.670,1.980,1.270,2,0,23.042,0,0,20,32,0,5,0
04-03 17:08:36,20.217,5.741,72.881,0,0,1544064,439588,216032,5655832,15964.921,1455.622,0,335.452,0,20.966,2317,1617,1.670,1.980,1.270,1,0,36.940,0,0,20,32,0,5,0
04-03 17:08:37,23.487,2.499,73.210,0,0,1560336,423312,216032,5655836,15762.316,1619.108,0,95.947,0,9.994,2054,1520,1.670,1.980,1.270,1,0,0,0,0,20,32,0,5,0
04-03 17:08:38,22.293,4.509,72.140,0,0,1483528,500092,216032,5655864,12418.178,1460.844,0,40.078,0,2.004,4124,4506,1.670,1.980,1.270,1,0,43.084,0,0,20,32,0,5,0
04-03 17:08:39,22.000,4.500,73.251,0,0,1531660,451960,216032,5655864,21649.278,1458.019,0,40.001,0,2.000,2008,1263,1.670,1.980,1.270,2,0,1.000,0,0,20,32,0,5,0
04-03 17:08:40,23.752,2.250,73.507,0,0,1546792,436820,216032,5655872,19921.846,1620.150,0,0,0,0,2236,1589,1.610,1.970,1.270,1,0,0,0,0,20,32,0,6,0
04-03 17:08:41,21.018,6.005,71.562,0.250,0.250,1452384,531204,216032,5655896,9249.051,1459.270,0,1445.258,0,151.132,4609,5113,1.610,1.970,1.270,2,0,64.056,0,0,20,32,0,6,0
04-03 17:08:42,22.162,3.984,72.462,0.249,0,1501156,482428,216032,5655900,9570.943,1452.226,0,239.049,0,13.945,1879,1254,1.610,1.970,1.270,1,0,2.988,0,0,20,32,0,6,0
04-03 17:08:43,24.068,2.507,73.457,0,0,1519868,463708,216032,5655908,22303.929,1462.125,0,192.543,0,9.025,2397,1940,1.610,1.970,1.270,1,0,0,0,0,20,33,0,6,0
04-03 17:08:44,27.956,7.239,63.150,0,0,1504448,479112,216032,5655924,23368.985,1455.694,0,71.886,0,3.994,4344,11692,1.610,1.970,1.270,1,0,69.889,0,0,20,32,0,7,0
04-03 17:08:45,23.727,2.747,72.929,0,0,1534140,449416,216032,5655928,16843.530,1618.418,0,3.996,0,0.999,1815,1095,1.560,1.950,1.270,2,0,0,0,0,20,33,0,8,0
04-03 17:08:46,21.342,4.771,72.814,0,0,1514312,469108,216032,5656064,19235.944,1464.314,0,104.450,0,12.052,3005,2719,1.560,1.950,1.270,1,0,33.143,0,0,20,32,0,8,0
04-03 17:08:47,20.679,5.232,72.501,0.249,0,1559248,424172,216032,5656064,22068.101,1453.003,0,155.465,0,9.966,2259,1422,1.560,1.950,1.270,1,0,26.907,0,0,20,32,0,8,0
04-03 17:08:48,23.502,2.750,73.256,0,0,1576756,406660,216032,5656068,16198.351,1620.135,0,68.006,0,6.001,2024,1494,1.560,1.950,1.270,2,0,0,0,0,20,32,0,7,0
04-03 17:08:49,20.549,6.766,71.420,0,0,1493376,490012,216032,5656096,16953.248,1461.470,0,4.010,0,1.002,4092,4165,1.560,1.950,1.270,1,0,44.105,0,0,20,32,0,7,0
04-03 17:08:50,22.684,2.991,73.036,0.249,0,1542444,440944,216032,5656096,13530.338,1453.739,0,75.778,0,2.991,1946,1345,1.520,1.930,1.270,1,0,0,0,0,20,32,0,7,0
04-03 17:08:51,23.011,3.752,72.034,0,0,1546096,437264,216032,5656124,15592.287,1458.682,0,2449.145,0,130.061,3509,3911,1.520,1.930,1.270,1,0,0,0,0,20,33,0,7,0
04-03 17:08:52,14.035,13.534,69.676,1.504,0,1514160,469176,216032,5656148,22846.597,1624.094,4.010,4747.970,1.003,351.887,4909,4314,1.520,1.930,1.270,1,0,190.480,0,0,20,32,0,5,0
04-03 17:08:53,5.980,13.455,77.488,1.744,0,1517208,465636,216032,5656608,20181.803,1453.090,219.259,235.205,24.916,11.960,3834,2710,1.520,1.930,1.270,0,0,168.431,0,0,20,32,0,5,0
04-03 17:08:54,8.001,15.002,72.262,3.501,0,1506392,475856,216036,5657204,16995.735,1500.241,564.091,8.001,12.002,2.000,4369,3188,1.520,1.930,1.270,1,0,205.033,0,0,21,12,0,5,20
04-03 17:08:55,9.286,20.831,69.019,0,0,1491960,490256,216036,5657236,22466.600,1626.341,0,20.078,0,5.020,5453,3537,1.560,1.930,1.270,1,0,279.088,0,0,21,12,0,5,20
04-03 17:08:56,19.249,16.999,61.997,0,0,1449796,532416,216036,5657584,16785.126,1457.924,0,11.999,0,3.000,6946,9201,1.560,1.930,1.270,2,0,223.988,0,0,21,12,0,5,20
04-03 17:08:57,25.230,15.738,55.957,1.249,0,1467960,513820,216040,5657668,9207.859,1456.870,19.985,7.994,0.999,1.998,4551,3132,1.560,1.930,1.270,2,0,202.843,0,0,21,12,0,5,20
04-03 17:08:58,17.492,21.990,58.973,1.749,0,1471700,509372,216048,5658312,16091.541,1619.249,67.968,795.631,1.999,77.964,5749,4106,1.560,1.930,1.270,1,0,322.850,0,0,23,12,0,5,20
04-03 17:08:59,20.034,16.528,61.856,0,0,1481824,499244,216048,5658788,17999.896,1502.579,0,8.014,0,2.003,7347,9419,1.560,1.930,1.270,2,0,207.356,0,0,23,12,0,5,20
04-03 17:09:00,26.669,16.201,55.332,0.249,0,1525328,455416,216048,5658644,15922.689,1453.590,19.940,7.976,1.994,0.997,4936,3691,1.590,1.940,1.280,3,0,204.380,0,0,23,12,0,5,20
04-03 17:09:01,13.270,21.281,64.095,0,0,1539288,441336,216048,5658732,15629.092,1622.397,0,212.314,0,11.016,5631,4039,1.590,1.940,1.280,1,0,291.431,0,0,25,12,0,5,20
04-03 17:09:02,20.269,16.015,62.059,0,0,1530576,450040,216048,5659084,89334.382,1459.395,0,896.857,0,18.017,7353,9395,1.590,1.940,1.280,1,0,215.206,0,0,25,12,0,5,20
04-03 17:09:03,31.868,12.448,54.773,0,0,1597312,383252,216052,5658776,18912.575,1451.979,0,3.983,0,0.996,4089,3116,1.590,1.940,1.280,2,0,108.550,0,0,25,12,0,5,20
04-03 17:09:04,83.300,15.054,1.505,0,0,1846080,134308,216104,5658868,16194.375,1463.275,0,32.116,0,2.007,5164,3566,1.590,1.940,1.280,14,0,17.062,0,0,27,12,0,5,20
04-03 17:09:05,89.843,10.261,0,0,0,2022748,126756,215604,5493936,8093.384,1621.680,272.282,336.348,9.009,3.003,5084,3583,2.510,2.120,1.340,13,0,36.037,0,0,27,12,0,5,20
04-03 17:09:06,40.887,13.712,43.878,0,0,2039860,174848,215524,5430008,15688.497,1453.968,39.889,15.956,1.994,3.989,5139,3958,2.510,2.120,1.340,1,0,171.524,0,0,27,12,0,5,20
04-03 17:09:07,10.006,19.261,68.788,0.500,0,2030980,183052,215524,5430620,22726.681,1458.814,456.255,368.205,8.004,7.004,5686,4135,2.510,2.120,1.340,1,0,277.155,0,0,27,12,0,5,20
04-03 17:09:08,17.287,16.034,64.136,2.255,0,2026740,186900,215524,5431012,14540.842,1623.443,340.723,2641.603,17.036,265.563,6077,6542,2.510,2.120,1.340,4,0,194.412,0,0,27,12,0,5,20
04-03 17:09:09,24.936,14.961,55.607,1.995,0,2024904,188380,215524,5431372,25203.087,1548.013,426.900,27.928,4.987,2.992,6257,6978,2.510,2.120,1.340,1,1,195.496,0,0,27,12,0,5,20
04-03 17:09:10,23.480,3.997,69.942,1.249,0,2066900,144796,215524,5432956,16357.404,1456.789,1111.076,39.967,16.986,0.999,2778,2449,2.380,2.100,1.340,0,0,21.982,0,0,28,12,0,5,20
04-03 17:09:11,16.743,9.496,71.972,0,0,2092968,200224,215524,5353344,16426.505,1619.360,0,0,0,0,3448,2768,2.380,2.100,1.340,1,0,90.964,0,0,28,12,0,6,20
04-03 17:09:12,24.810,3.509,71.423,0,0,2132228,160952,215524,5353356,14343.819,1461.548,0,316.769,0,17.041,2900,2760,2.380,2.100,1.340,3,0,0,0,0,28,13,0,6,10
04-03 17:09:13,23.943,3.242,69.583,0.249,0,2145020,147864,215524,5353652,11660.039,1454.512,31.923,2557.866,1.995,120.711,3921,4511,2.380,2.100,1.340,1,0,0,0,0,28,18,0,11,0
04-03 17:09:14,11.037,20.318,68.230,0.251,0,2121568,171104,215524,5353864,19018.105,1571.296,0,453.529,0,18.061,5831,4425,2.380,2.100,1.340,1,0,340.147,0,0,28,18,0,11,0
04-03 17:09:15,9.480,19.708,69.102,0,0,2119524,173096,215524,5353900,15166.552,1508.772,0,387.172,0,5.987,5700,4449,2.190,2.070,1.330,1,0,294.370,0,0,28,18,0,11,0
04-03 17:09:16,10.274,20.798,67.407,0,0,2113804,178776,215524,5353924,15680.543,1461.406,0,28.065,0,7.016,5921,4418,2.190,2.070,1.330,3,0,298.696,0,0,28,18,0,10,0
04-03 17:09:17,17.192,15.946,64.782,0,0,2113504,179060,215524,5354416,15992.254,1614.574,0,15.946,0,3.987,5926,6487,2.190,2.070,1.330,1,0,205.310,0,0,28,18,0,10,0
04-03 17:09:18,32.551,15.274,50.830,0,0,2139248,153296,215524,5354316,16253.451,1460.287,0,4.006,0,1.002,6283,6849,2.190,2.070,1.330,4,0,176.276,0,0,28,18,0,10,0
04-03 17:09:19,48.674,6.739,43.682,0.250,0,2191188,170596,215524,5286492,17023.395,1455.725,0,167.738,0,1.997,3641,2183,2.190,2.070,1.330,3,0,26.958,0,0,28,19,0,10,0
04-03 17:09:20,46.853,6.264,45.851,0,0,2239472,201348,215524,5209348,9727.363,1461.209,0,216.475,0,1.002,3368,2181,2.180,2.060,1.330,3,0,0,0,0,28,19,0,10,0
04-03 17:09:21,48.312,5.257,45.809,0,0,2306836,134160,215524,5209212,9249.961,1622.097,0,12.016,0,3.004,3786,2790,2.180,2.060,1.330,3,0,14.018,0,0,28,33,0,10,0
04-03 17:09:22,47.289,5.724,45.796,0.249,0,2344064,173892,215536,5134016,16853.752,1451.519,99.556,888.035,0.996,53.760,4152,3137,2.180,2.060,1.330,4,0,6.969,0,0,28,35,0,10,0
04-03 17:09:23,36.356,10.781,51.651,0.251,0,2353724,161960,215540,5136208,15606.574,1462.270,0,557.628,0,37.108,6920,8886,2.180,2.060,1.330,1,0,133.390,0,0,28,34,0,10,0
04-03 17:09:24,15.467,17.712,64.611,0,0,2372924,142728,215544,5136696,16038.383,1562.627,0,0,0,0,6334,6604,2.180,2.060,1.330,1,0,279.397,0,0,28,34,0,10,0
04-03 17:09:25,18.503,10.252,68.513,1.250,0,2359248,156308,215544,5136304,11709.136,1512.276,84.015,0,7.001,0,4284,5374,2.240,2.080,1.340,1,0,100.018,0,0,28,34,0,10,0
04-03 17:09:26,2.500,1.000,95.493,0,0,2359240,156308,215544,5136312,16080.863,1619.885,0,0,0,0,1398,1736,2.240,2.080,1.340,0,0,3.000,0,0,28,34,0,10,0
04-03 17:09:27,2.250,1.000,94.998,0,0,2359240,156308,215544,5136312,15057.756,1619.974,0,4.000,0,1.000,1436,1760,2.240,2.080,1.340,0,0,2.000,0,0,28,34,0,10,0
04-03 17:09:28,2.250,1.000,95.235,0.250,0,2359460,156084,215544,5136316,9381.493,1565.748,0,5055.188,0,418.933,1605,1972,2.240,2.080,1.340,0,0,2.000,0,0,28,34,0,10,0
04-03 17:09:29,3.763,1.505,94.077,0,0,2359460,156084,215544,5136312,8709.259,1517.271,0,0,0,0,1630,2054,2.240,2.080,1.340,1,0,10.035,0,0,28,34,0,10,0
04-03 17:09:30,17.931,12.452,68.238,0,0,2304208,211204,215544,5136440,15897.869,1452.415,0,0,0,0,5431,6575,2.220,2.080,1.350,5,0,203.219,0,0,28,34,0,10,0
04-03 17:09:31,19.331,13.557,65.275,0,0,2317668,197724,215544,5136436,12548.854,1626.852,0,168.711,0,13.055,5751,7263,2.220,2.080,1.350,1,0,196.829,0,0,28,42,0,10,0
04-03 17:09:32,14.751,21.252,61.505,1.000,0,2371980,143268,215552,5136556,85359.452,1696.148,68.006,176.015,17.001,16.001,6385,5465,2.220,2.080,1.350,1,0,332.029,0,0,29,50,0,10,0
04-03 17:09:33,23.912,13.700,60.527,0,0,2371956,143280,215552,5137052,8992.925,1614.064,0,3.985,0,0.996,5792,7771,2.220,2.080,1.350,1,0,161.406,0,0,29,50,0,9,0
04-03 17:09:34,11.987,10.489,75.421,0.250,0,2358024,157212,215552,5136572,15504.814,1498.436,0,239.750,0,10.989,3955,4306,2.220,2.080,1.350,0,0,187.804,0,0,29,50,0,9,0
04-03 17:09:35,12.262,15.516,71.071,0,0,2377056,138028,215552,5137080,14873.962,1567.577,0,36.036,0,8.008,5889,6830,2.130,2.060,1.350,1,0,213.214,0,0,31,50,0,10,0
04-03 17:09:36,28.707,12.981,56.416,0,0,2394696,196896,215552,5061728,8601.186,1509.751,0,15.976,0,3.994,5154,6151,2.130,2.060,1.350,0,0,105.842,0,0,31,50,0,11,0
04-03 17:09:37,9.773,18.544,70.167,0.251,0,2382884,208708,215552,5061764,15620.251,1503.586,4.010,36.086,1.002,6.014,5669,4525,2.130,2.060,1.350,1,0,312.746,0,0,31,52,0,11,0
04-03 17:09:38,10.007,20.514,67.295,0,0,2378312,213260,215552,5061784,12589.480,1621.092,0,20.013,0,5.003,5771,4445,2.130,2.060,1.350,1,0,300.202,0,0,31,52,0,11,0
04-03 17:09:39,19.014,15.011,64.048,0,0,2375544,215876,215552,5062280,9643.178,1459.086,4.003,176.131,1.001,10.007,5884,6585,2.130,2.060,1.350,5,0,175.130,0,0,31,52,0,11,0
04-03 17:09:40,26.531,17.020,54.813,0.751,0,2376160,215220,215552,5061980,19085.095,1459.690,40.046,0,3.003,0,6028,6377,2.040,2.040,1.340,2,0,220.255,0,0,31,52,0,11,0
04-03 17:09:41,30.497,24.498,43.746,0,0,2446684,144632,215564,5062032,16347.606,1457.876,0,75.994,0,7.999,6302,4723,2.040,2.040,1.340,2,0,362.969,0,0,31,52,0,10,0
04-03 17:09:42,30.218,23.225,44.203,0.499,0,2466592,195272,215604,4993268,15760.372,1708.198,147.844,23.975,6.993,5.994,6327,4830,2.040,2.040,1.340,2,0,402.575,0,0,31,52,0,10,0
04-03 17:09:43,33.270,23.765,42.276,0,0,2511260,220512,215644,4924632,15885.728,1458.893,28.017,20.012,2.001,5.003,7133,8426,2.040,2.040,1.340,2,0,384.235,0,0,31,56,0,12,0
04-03 17:09:44,41.118,25.418,31.399,0.249,0,2568980,162816,215644,4925164,8997.091,1453.330,35.885,1423.426,4.984,75.757,7627,15137,2.040,2.040,1.340,4,0,364.828,0,0,31,56,0,13,0
04-03 17:09:45,44.982,12.495,41.233,0.750,0,2598108,133616,215644,4924760,16249.399,1619.342,71.971,111.955,1.000,8.996,5411,5581,2.030,2.040,1.350,2,0,80.967,0,0,31,56,0,12,0
04-03 17:09:46,62.550,24.173,11.962,0,0,2691684,184328,215660,4784160,14851.460,1453.348,0,2240.827,0,13.955,5855,4192,2.030,2.040,1.350,4,0,334.928,0,0,31,56,0,12,0
04-03 17:09:47,59.560,22.618,17.592,0,0,2777732,169920,215668,4714824,16215.483,1465.636,4.021,32.168,1.005,8.042,6811,7067,2.030,2.040,1.350,5,0,321.676,0,0,31,56,0,12,0
04-03 17:09:48,67.274,15.005,17.006,0,0,2830272,184592,215680,4648320,13418.784,1620.578,116.041,144.051,5.002,1.000,5351,6774,2.030,2.040,1.350,4,0,120.043,0,0,31,56,0,12,0
04-03 17:09:49,72.175,27.222,0.749,0,0,2924964,156988,215772,4582640,15062.264,1456.478,0,7208.469,0,567.407,6178,4871,2.030,2.040,1.350,6,0,377.606,0,0,31,56,0,11,0
04-03 17:09:50,60.184,18.557,11.535,8.777,0,2998128,151680,216224,4515860,11832.155,1462.469,449.373,1303.985,55.169,17.052,6859,6567,2.190,2.070,1.360,4,0,240.736,0,0,31,60,0,11,0
04-03 17:09:51,76.266,20.687,2.243,0,0,3152024,130476,216228,4386356,8317.509,1453.545,67.792,4518.153,5.982,448.625,8300,11148,2.190,2.070,1.360,6,0,175.462,0,0,31,60,0,11,0
04-03 17:09:52,68.240,25.996,3.499,2.250,0,3218440,163056,214768,4290480,9622.608,1619.766,0,26492.168,0,1981.713,12544,22344,2.190,2.070,1.360,4,1,295.957,0,0,31,62,0,11,0
04-03 17:09:53,63.116,22.041,11.271,2.254,0,3250052,183844,214636,4238836,16352.132,1550.858,96.177,14290.333,7.013,1438.651,12438,20169,2.190,2.070,1.360,4,0,275.508,0,0,31,62,0,11,0
04-03 17:09:54,78.833,16.715,4.989,0,0,3307072,188504,214644,4178180,12333.839,1496.825,0,2446.810,0,49.894,7817,9745,2.190,2.070,1.360,6,0,120.744,0,0,31,68,0,14,0
04-03 17:09:55,65.722,24.583,8.780,0,0,3408384,134024,214568,4131700,15107.126,1625.501,16.054,1220.129,4.014,59.200,8445,13438,2.340,2.110,1.380,4,0,329.114,0,0,31,81,0,21,0
04-03 17:09:56,52.634,26.192,20.205,0.499,0,3467736,180932,214564,4026624,14912.013,1454.782,0,953.890,0,55.876,7475,10091,2.340,2.110,1.380,4,0,357.210,0,0,31,81,0,21,0
04-03 17:09:57,35.253,22.502,41.004,0,0,3519256,129244,214564,4027264,15759.374,1458.127,0,664.058,0,38.003,7397,7216,2.340,2.110,1.380,3,0,326.028,0,0,31,81,0,21,0
04-03 17:09:58,46.770,12.255,39.517,0.250,0,3564788,130332,214560,3980884,12402.327,1620.696,0,5402.320,0,288.124,6092,7837,2.340,2.110,1.380,3,0,87.037,0,0,31,83,0,21,0
04-03 17:09:59,69.085,15.463,14.964,0,0,3681156,125104,214568,3872276,8805.958,1496.424,0,15.962,0,2.993,6101,7953,2.340,2.110,1.380,4,0,128.692,0,0,31,86,0,24,0
04-03 17:10:00,48.633,8.729,41.649,0,0,3746796,142396,214572,3791468,8860.615,1454.490,0,283.316,0,20.949,3636,2647,2.310,2.100,1.380,2,0,2.993,0,0,31,90,0,24,0
04-03 17:10:01,9.808,18.861,69.157,0.503,0,3761128,127920,214572,3791640,17205.346,1629.599,0,1287.584,0,72.427,6068,5268,2.310,2.100,1.380,2,0,295.742,0,0,31,89,0,24,0
04-03 17:10:02,9.238,19.974,68.910,0,0,3752932,136092,214572,3791664,76676.944,1456.100,0,67.911,0,6.991,5993,4648,2.310,2.100,1.380,1,0,309.596,0,0,31,89,0,24,0
04-03 17:10:03,9.515,20.281,68.356,1.002,0,3759924,129004,214576,3791756,21192.894,1550.406,60.093,140.218,10.016,14.022,6226,4955,2.310,2.100,1.380,1,0,351.546,0,0,31,89,0,24,0
04-03 17:10:04,21.900,7.217,68.936,0,0,3807296,160172,214560,3716096,22454.762,1612.657,0,187.148,0,6.968,3043,2615,2.310,2.100,1.380,2,0,42.805,0,0,31,91,0,24,0
04-03 17:10:05,25.776,3.253,70.070,0.250,0,3830820,136848,214560,3715948,15596.597,1459.459,0,204.204,0,14.014,2896,2730,2.200,2.090,1.380,1,0,2.002,0,0,31,95,0,25,0
04-03 17:10:06,27.320,5.263,65.919,0,0,3777508,245432,214556,3662472,16050.116,1461.745,0,192.493,0,20.051,4224,4483,2.200,2.090,1.380,1,0,13.033,0,0,31,99,0,25,0
04-03 17:10:07,21.937,6.481,70.298,0,0.249,3824312,198616,214556,3662484,9610.400,1453.825,0,223.359,0,16.951,2991,2493,2.200,2.090,1.380,1,0,43.874,0,0,31,101,0,25,0
04-03 17:10:08,24.993,3.749,70.480,0.250,0,3846912,175980,214556,3662520,15925.415,1661.522,0,135.961,0,12.996,2872,2514,2.200,2.090,1.380,1,0,0,0,0,31,101,0,25,0
04-03 17:10:09,25.502,5.500,67.756,0.250,0,3848408,174292,214560,3662712,12473.085,1552.135,0,152.013,0,17.001,3906,4404,2.200,2.090,1.380,3,0,6.001,0,0,31,108,0,25,0
04-03 17:10:10,28.244,6.499,62.986,0.750,0,3855972,165756,214560,3663668,9429.974,1457.687,755.838,11981.425,42.991,801.828,4676,4812,2.110,2.070,1.380,1,0,43.991,0,0,31,107,0,25,0
04-03 17:10:11,26.003,3.000,69.009,0,0,3903024,148704,214552,3634300,16934.159,1458.186,0,312.040,0,27.003,2689,2222,2.110,2.070,1.380,2,0,2.000,0,0,31,111,0,25,0
04-03 17:10:12,24.477,3.497,70.434,0.250,0,3899004,152720,214552,3634304,16856.284,1618.491,0,183.829,0,11.989,3514,3897,2.110,2.070,1.380,1,0,0,0,0,31,112,0,25,0
04-03 17:10:13,22.765,6.254,69.546,0.250,0,3817720,233924,214552,3634368,16249.833,1458.973,36.024,580.387,3.002,69.046,3649,3639,2.110,2.070,1.380,1,0,51.034,0,0,31,111,0,25,0
04-03 17:10:14,22.000,4.500,70.751,3.000,0,3832676,218832,214552,3634504,13623.126,1458.013,136.001,300.003,3.000,16.000,2379,2036,2.110,2.070,1.380,3,0,0,0,0,31,111,0,19,0
04-03 17:10:15,24.250,3.250,70.249,0.250,0,3852064,199440,214552,3634508,8539.856,1457.975,0,3235.945,0,353.994,3009,2988,2.020,2.050,1.370,1,0,0,0,0,31,113,0,19,0
04-03 17:10:16,26.259,6.002,63.522,2.001,0.250,3856452,193948,214552,3635612,15747.544,1620.570,984.347,6266.206,48.017,338.119,6994,10332,2.020,2.050,1.370,1,0,3.001,0,0,31,115,0,19,0
04-03 17:10:17,28.814,5.011,63.140,1.253,0,3824488,225484,214552,3636040,13928.988,1461.251,384.856,7356.366,21.047,381.850,5220,6557,2.020,2.050,1.370,1,0,16.036,0,0,31,114,0,20,0
04-03 17:10:18,20.027,8.511,70.344,0,0,3874192,175748,214552,3636072,8847.794,1459.946,0,508.678,0,29.039,3391,2916,2.020,2.050,1.370,1,0,91.121,0,0,31,114,0,20,0
04-03 17:10:19,25.264,3.752,70.040,0.250,0,3899968,149952,214552,3636092,16077.200,1620.928,0,184.105,0,11.006,3391,3643,2.020,2.050,1.370,3,0,12.007,0,0,31,118,0,20,0
04-03 17:10:20,35.154,8.477,53.852,0.997,0,3959888,132392,214552,3594344,13838.017,1454.009,255.299,1320.376,11.967,122.663,8504,13744,2.020,2.050,1.380,1,0,19.945,0,0,31,124,0,23,0
04-03 17:10:21,31.701,6.490,59.657,0.250,0,3973804,148032,214556,3565636,16948.547,1455.728,191.701,1150.205,10.983,105.835,4889,5856,2.020,2.050,1.380,3,0,2.995,0,0,31,123,0,24,0
04-03 17:10:22,37.007,17.003,44.509,0.500,0,3993324,128292,214556,3565856,12501.518,1458.294,72.015,332.067,1.000,20.004,4972,3728,2.020,2.050,1.380,2,0,187.038,0,0,31,123,0,24,0
04-03 17:10:23,45.314,6.509,45.815,1.252,0,4052220,139572,214556,3496884,9432.290,1622.286,204.288,344.485,3.004,18.025,3501,2329,2.020,2.050,1.380,2,0,0,0,0,31,124,0,24,0
04-03 17:10:24,32.440,5.490,60.638,0.998,0,4062404,129576,214556,3496828,15323.658,1455.308,31.941,1948.396,1.996,149.723,4587,5545,2.020,2.050,1.380,1,0,0.998,0,0,31,124,0,24,0
04-03 17:10:25,23.509,5.502,67.775,0.500,0,4067376,124536,214556,3496896,12466.606,1458.539,52.019,848.313,3.001,106.039,5246,6988,2.010,2.050,1.380,1,0,1.000,0,0,31,124,0,24,0
04-03 17:10:26,19.503,8.251,69.259,1.250,0,4020704,170352,214556,3497752,15886.080,1620.212,836.109,512.067,8.001,49.006,3839,3549,2.010,2.050,1.380,2,0,86.011,0,0,31,123,0,24,0
04-03 17:10:27,24.759,2.501,70.777,0.500,0,4067480,123492,214556,3497836,12255.645,1458.553,80.030,336.127,1.000,17.006,2532,2135,2.010,2.050,1.380,1,0,0,0,0,31,124,0,24,0
04-03 17:10:28,25.725,3.247,69.434,0.250,0.250,4069992,120972,214556,3497844,15434.227,1456.606,0,2105.984,0,121.883,3900,4556,2.010,2.050,1.380,1,0,0,0,0,31,123,0,24,0
04-03 17:10:29,22.508,7.002,70.025,0.250,0,4037020,153928,214556,3497860,15814.589,1620.573,0,116.041,0,10.004,3196,2729,2.010,2.050,1.380,1,0,56.020,0,0,31,123,0,24,0
04-03 17:10:30,24.506,3.751,70.268,0,0,4071028,119920,214556,3497860,8973.334,1458.379,0,160.042,0,18.005,2963,2821,1.930,2.030,1.380,1,0,0,0,0,31,125,0,24,0
04-03 17:10:31,22.260,5.503,70.282,0,0.250,3989188,201744,214556,3497876,8981.153,1458.674,0,84.039,0,8.004,3625,3682,1.930,2.030,1.380,1,0,51.024,0,0,31,125,0,24,0
04-03 17:10:32,23.489,3.498,70.968,0,0,4047332,143588,214556,3497888,82313.311,1619.259,0,0,0,0,2607,2076,1.930,2.030,1.380,1,0,0,0,0,31,125,0,24,0
04-03 17:10:33,25.220,3.246,70.915,0,0,4066968,123944,214556,3497896,17800.723,1456.259,0,7.990,0,1.998,2849,2545,1.930,2.030,1.380,3,0,0,0,0,31,126,0,24,0
04-03 17:10:34,24.770,3.253,68.805,1.001,0,4069432,121184,214556,3498192,16302.038,1501.201,288.231,788.631,18.014,111.089,4587,5925,1.930,2.030,1.380,2,0,0,0,0,31,125,0,24,0
04-03 17:10:35,20.995,7.998,69.985,0,0,4028144,162428,214556,3498236,13024.144,1457.680,0,3179.303,0,366.920,3611,3059,1.860,2.010,1.380,3,0,81.982,0,0,31,125,0,25,0
04-03 17:10:36,31.759,6.252,61.267,0.250,0,4113532,147512,214556,3429184,18099.132,1620.460,0,252.071,0,19.005,3111,2619,1.860,2.010,1.380,1,0,3.001,0,0,31,125,0,25,0
04-03 17:10:37,25.490,3.499,69.224,0,0,4118344,142804,214556,3429220,16682.629,1457.443,47.982,1071.591,2.999,54.979,3580,3784,1.860,2.010,1.380,1,0,1.000,0,0,31,125,0,25,2
04-03 17:10:38,20.582,6.526,70.783,1.004,0,4080212,180916,214560,3429236,9339.303,1463.847,4.016,128.513,1.004,8.032,2963,2464,1.860,2.010,1.380,3,0,55.221,0,0,31,125,0,23,2
04-03 17:10:39,24.667,2.492,70.263,0.747,0,4104788,156124,214560,3429452,13653.974,1614.558,203.315,279.059,2.990,24.916,3153,3204,1.860,2.010,1.380,1,0,1.993,0,0,31,125,0,23,2
04-03 17:10:40,25.766,4.503,68.041,0.750,0,4102600,158084,214560,3429680,20033.187,1458.888,48.029,1136.691,2.001,159.097,4772,6306,1.790,2,1.370,0,1,1.001,0,0,31,126,0,23,2
04-03 17:10:41,27.752,5.750,64.254,1.250,0,4018692,241784,214560,3429888,11670.642,1458.080,88.005,2280.125,6.000,259.014,6904,10183,1.790,2,1.370,1,0,3.000,0,0,31,125,0,24,2
04-03 17:10:42,21.476,6.992,70.171,0.250,0,4060864,199608,214560,3429892,15552.437,1456.355,0,1358.466,0,61.930,3117,2699,1.790,2,1.370,1,0,49.944,0,0,31,125,0,24,2
04-03 17:10:43,25.010,3.251,70.529,0,0,4089684,170780,214560,3429900,13519.486,1620.658,0,484.196,0,25.010,2998,2849,1.790,2,1.370,1,0,2.001,0,0,31,125,0,24,2
04-03 17:10:44,30.788,7.009,59.072,1.252,0,4114464,145808,214560,3430076,18934.174,1459.787,168.206,3428.196,8.010,218.267,5195,15886,1.790,2,1.370,2,0,36.044,0,0,31,126,0,25,2
04-03 17:10:45,26.461,4.993,65.903,0.999,0,4115064,145160,214560,3430124,15947.557,1455.860,19.971,5332.162,1.997,338.502,4816,6870,1.730,1.980,1.370,1,0,0,0,0,31,126,0,25,2
04-03 17:10:46,36.875,8.529,52.679,1.254,0,4074124,185940,214564,3430280,10330.052,1625.516,72.245,2283.749,1.003,206.701,7570,10131,1.730,1.980,1.370,1,0,66.225,0,0,31,127,0,25,2
04-03 17:10:47,24.659,4.234,70.490,0,0,4087776,172288,214564,3430280,18467.921,1452.645,0,486.208,0,25.905,2727,2324,1.730,1.980,1.370,2,0,2.989,0,0,31,129,0,22,2
04-03 17:10:48,25.006,3.001,70.517,0,0,4107520,152396,214564,3430412,14274.473,1458.355,0,512.125,0,20.005,2836,2696,1.730,1.980,1.370,3,0,0,0,0,31,129,0,22,2
04-03 17:10:49,24.528,6.007,67.577,1.001,0,4074396,185472,214564,3430460,10016.445,1663.901,20.023,3195.651,2.002,225.257,4835,6291,1.730,1.980,1.370,2,0,22.025,0,0,31,129,0,22,2
04-03 17:10:50,19.234,9.492,69.442,0.250,0,4100068,159788,214564,3430472,15856.829,1456.790,0,271.774,0,16.986,3655,3013,1.670,1.960,1.370,1,0,125.895,0,0,31,129,0,22,2
04-03 17:10:51,30.004,4.001,65.259,0,0,4128920,130920,214564,3430488,14505.907,1458.192,0,636.084,0,48.006,3569,3670,1.670,1.960,1.370,4,0,0,0,0,31,129,0,22,2
04-03 17:10:52,25.004,4.501,69.010,0.500,0,4124732,135096,214564,3430500,15715.293,1458.213,0,1448.211,0,84.012,4369,5251,1.670,1.960,1.370,2,0,0,0,0,31,130,0,23,2
04-03 17:10:53,25.314,6.767,65.665,0.752,0,4122500,137212,214564,3430616,12304.923,1624.081,64.161,1094.751,4.010,135.340,6441,9142,1.670,1.960,1.370,1,0,0,0,0,31,130,0,23,2
04-03 17:10:54,27.929,8.478,60.097,0.499,0,4122144,137432,214564,3430736,8587.069,1454.286,31.918,857.809,1.995,63.837,8041,12257,1.670,1.960,1.370,2,0,4.987,0,0,31,132,0,23,2
04-03 17:10:55,37.613,15.547,44.885,0.502,0,4073348,186000,214564,3430964,16650.057,1504.523,32.096,1243.739,2.006,114.344,10494,14513,1.690,1.960,1.370,9,0,234.706,0,0,31,133,0,19,2
04-03 17:10:56,23.411,6.725,66.996,0.498,0,4121416,137852,214568,3430976,14512.062,2115.989,0,585.782,0,39.849,3313,3241,1.690,1.960,1.370,1,0,53.796,0,0,31,133,0,19,2
04-03 17:10:57,25.498,3.750,69.245,0,0,4129944,129316,214568,3430984,10950.185,1617.880,0,359.973,0,17.999,2968,2781,1.690,1.960,1.370,2,0,2.000,0,0,31,135,0,20,0
04-03 17:10:58,22.520,6.756,69.310,0.250,0,4054784,204468,214568,3430992,15533.471,1549.344,0,2117.837,0,124.108,4211,4553,1.690,1.960,1.370,1,0,61.053,0,0,31,135,0,20,0
04-03 17:10:59,23.224,3.996,71.420,0,0.250,4101404,157848,214568,3430992,14074.201,1498.318,0,171.807,0,9.989,2450,2046,1.690,1.960,1.370,1,0,0.999,0,0,31,135,0,14,0
04-03 17:11:00,25.021,3.253,70.559,0,0,4120768,138480,214568,3430996,16259.549,1621.351,0,132.110,0,8.007,3030,3010,1.640,1.950,1.370,2,0,0,0,0,31,137,0,14,0
04-03 17:11:01,25.052,4.760,67.639,0.752,0,4118520,140712,214568,3431012,14861.638,1503.099,0,3643.511,0,426.880,6087,7892,1.640,1.950,1.370,1,1,0,0,0,31,136,0,14,0
04-03 17:11:02,23.288,8.263,65.105,0.250,0,4120724,138476,214568,3431044,75317.944,1530.478,0,741.200,0,74.120,8072,11820,1.640,1.950,1.370,1,0,6.010,0,0,31,136,0,14,0
04-03 17:11:03,29.612,5.226,62.210,0.747,0,4121172,137976,214568,3431096,15697.941,1612.495,0,644.998,0,63.704,9713,15212,1.640,1.950,1.370,1,0,0,0,0,31,135,0,11,0
04-03 17:11:04,21.587,6.024,71.288,0,0,4097628,161512,214568,3431104,14356.090,1463.924,0,361.463,0,15.061,2958,2596,1.640,1.950,1.370,1,0,66.268,0,0,31,135,0,11,0
04-03 17:11:05,25.672,3.988,69.041,0.249,0.249,4118760,140368,214568,3431116,15303.728,1453.605,0,490.517,0,36.888,3075,2933,1.590,1.930,1.370,3,0,0,0,0,31,135,0,13,0
04-03 17:11:06,27.048,4.007,66.868,0.501,0.501,4139152,119968,214572,3431120,11868.028,1713.035,32.057,2596.601,1.002,329.584,4689,5782,1.590,1.930,1.370,2,0,0,0,0,31,136,0,13,0
04-03 17:11:07,26.016,5.003,65.540,0.500,0,4144644,148256,214572,3398412,15921.782,1458.896,0,912.561,0,71.044,5180,6348,1.590,1.930,1.370,1,0,1.001,0,0,31,138,0,12,0
04-03 17:11:08,28.769,5.003,63.041,0.500,0,4144684,148008,214572,3398620,20647.518,1458.955,0,1016.666,0,89.058,11102,18609,1.590,1.930,1.370,2,0,0,0,0,31,138,0,12,0
04-03 17:11:09,25.683,15.211,57.102,0.249,0,4098384,194228,214572,3398700,11778.421,2357.878,15.959,973.473,0.997,83.782,7323,8895,1.590,1.930,1.370,1,0,248.355,0,0,31,137,0,12,0
04-03 17:11:10,24.985,3.998,70.458,0.250,0,4125804,166808,214572,3398700,8596.892,1846.903,0,547.675,0,32.980,2616,2446,1.540,1.920,1.360,1,0,0.999,0,0,31,137,0,12,0
04-03 17:11:11,24.486,2.499,70.460,0,0,4135400,157208,214572,3398704,15774.960,1457.165,0,287.835,0,17.990,3452,3674,1.540,1.920,1.360,1,0,0,0,0,31,139,0,13,0
04-03 17:11:12,18.069,11.544,69.266,0,0,4106264,186336,214572,3398728,16268.497,1796.903,0,369.419,0,19.073,4743,4273,1.540,1.920,1.360,1,0,147.567,0,0,31,137,0,14,0
04-03 17:11:13,8.734,18.965,69.124,0,0,4106228,186340,214572,3398760,15329.066,1710.882,0,243.556,0,15.971,5804,4597,1.540,1.920,1.360,2,0,296.460,0,0,31,137,0,14,0
04-03 17:11:14,13.274,21.288,63.615,0,0,4103768,188756,214572,3399276,11733.217,1460.641,0,296.536,0,21.038,7027,7250,1.540,1.920,1.360,15,0,325.589,0,0,31,137,0,14,0
04-03 17:11:15,25.280,13.015,60.322,0.501,0,4098428,194104,214572,3398792,15717.649,1459.732,0,973.155,0,62.074,5382,6581,1.500,1.900,1.360,3,0,108.128,0,0,31,139,0,14,0
04-03 17:11:16,32.223,21.232,44.712,0.999,0,4128476,163704,214572,3399144,12950.127,1708.565,335.718,471.604,4.996,66.944,6638,5454,1.500,1.900,1.360,2,0,354.702,0,0,31,139,0,14,0
04-03 17:11:17,33.193,21.713,43.426,0.499,0,4168112,123808,214572,3399404,8845.855,1455.508,87.850,227.610,0.998,18.968,6189,4788,1.500,1.900,1.360,2,0,318.455,0,0,31,139,0,14,0
04-03 17:11:18,36.190,17.721,43.677,0,0,4191928,139420,214572,3361172,17754.470,1455.579,143.761,459.236,8.985,34.942,8205,11024,1.500,1.900,1.360,1,0,209.651,0,0,31,145,0,14,0
04-03 17:11:19,44.380,18.554,35.604,0.251,0,4247548,141060,214572,3304560,12362.201,1624.758,12.035,5263.413,1.003,262.769,6251,8388,1.500,1.900,1.360,9,0,220.646,0,0,33,145,0,13,0
04-03 17:11:20,56.607,25.685,16.708,0,0,4356712,141564,213544,3199332,9308.441,1615.910,79.798,255.354,4.987,19.950,7577,9255,1.620,1.920,1.370,5,0,365.076,0,0,33,151,0,13,0
04-03 17:11:21,56.476,25.239,17.493,0,0,4422528,155716,212284,3123396,15953.342,1457.392,11.995,1067.554,2.999,53.977,6640,6760,1.620,1.920,1.370,3,0,324.864,0,0,33,151,0,13,0
04-03 17:11:22,58.201,15.554,25.839,0,0,4478880,134648,212284,3087956,15223.704,1625.628,8.028,7959.556,2.007,840.911,8373,14168,1.620,1.920,1.370,2,0,136.472,0,0,33,167,0,13,0
04-03 17:11:23,35.019,21.359,40.979,1.490,0,4534192,122564,212284,3045844,15888.021,1609.366,87.422,302.005,0.993,14.902,6408,4896,1.620,1.920,1.370,5,0,343.729,0,0,33,167,0,9,0
04-03 17:11:24,31.967,23.913,42.791,0,0,4569104,131856,212284,3003124,11947.243,1467.982,0,285.944,0,17.116,7021,5510,1.620,1.920,1.370,4,0,412.807,0,0,33,167,0,9,0
04-03 17:11:25,19.589,20.828,56.534,0.496,0,4581712,153668,212284,2970288,8751.935,1606.770,3.967,718.087,0.992,48.600,6931,7400,1.570,1.900,1.370,3,0,278.705,0,0,34,169,0,9,0
04-03 17:11:26,23.699,13.110,62.274,0,0,4589148,146216,212284,2969948,15157.578,2086.562,0,552.652,0,18.153,5661,6944,1.570,1.900,1.370,6,0,157.324,0,0,34,169,0,9,0
04-03 17:11:27,30.478,21.984,46.217,0,0,4629428,129192,212284,2947200,12089.414,1510.927,0,247.824,0,10.992,6529,5240,1.570,1.900,1.370,4,0,354.748,0,0,34,169,0,9,0
04-03 17:11:28,35.033,22.772,41.039,0.250,0,4662596,165892,212284,2878268,15415.605,1567.485,0,448.425,0,36.034,7127,6648,1.570,1.900,1.370,3,0,298.283,0,0,34,175,0,9,0
04-03 17:11:29,47.190,17.478,33.707,0,0,4739696,164236,212296,2804544,15501.392,1456.158,0,283.641,0,17.977,8043,10926,1.570,1.900,1.370,7,0,162.794,0,0,34,187,0,9,0
04-03 17:11:30,32.010,25.008,41.763,0.250,0,4789228,154616,212296,2765692,17508.481,1620.507,0,460.144,0,32.010,7470,7202,1.600,1.910,1.370,4,0,409.128,0,0,34,187,0,9,0
04-03 17:11:31,31.516,23.762,43.022,0.250,0,4841040,138828,212296,2730416,12035.218,1500.775,16.008,216.112,1.001,15.008,6658,5436,1.600,1.910,1.370,4,0,430.222,0,0,34,187,0,9,0
04-03 17:11:32,35.507,24.004,38.507,0.750,0,4884252,133256,212296,2693880,76342.261,1620.303,100.019,1024.191,6.001,68.013,8678,10888,1.600,1.910,1.370,3,0,390.073,0,0,34,209,0,9,0
04-03 17:11:33,10.227,20.953,66.600,0,0,4894024,123248,212296,2694100,10518.354,1454.730,0,450.986,0,26.939,6153,5182,1.600,1.910,1.370,1,0,315.291,0,0,34,209,0,9,0
04-03 17:11:34,25.532,13.767,59.073,0,0,4900544,155284,212296,2657236,15204.852,1501.862,4.005,264.328,1.001,27.034,6964,9129,1.600,1.910,1.370,3,0,172.214,0,0,34,209,0,9,0
04-03 17:11:35,36.382,13.207,47.596,0.249,0,4956060,137748,212296,2619900,13465.420,1614.774,3.987,442.568,0.997,33.890,5002,4392,1.630,1.910,1.380,2,0,118.616,0,0,34,213,0,10,0
04-03 17:11:36,48.285,7.505,43.782,0,0,5066824,138048,212296,2512516,15645.341,1459.058,4.003,84.061,1.001,6.004,3840,2423,1.630,1.910,1.380,6,0,1.001,0,0,34,213,0,9,0
04-03 17:11:37,51.170,9.236,36.942,1.747,0,5161012,116052,212296,2443848,28188.846,1455.720,323.493,151.762,29.953,13.978,4285,2786,1.630,1.910,1.380,3,0,4.992,0,0,34,213,0,9,0
04-03 17:11:38,34.671,7.286,55.775,1.005,0,5059280,285708,212296,2377996,17783.725,1628.031,317.567,297.467,19.094,14.069,4051,3698,1.630,1.910,1.380,2,0,36.178,0,0,34,217,0,9,0
04-03 17:11:39,40.737,25.992,31.990,0,0,5113712,230440,212300,2378812,15046.305,1457.545,0,319.900,0,27.991,8211,9597,1.630,1.910,1.380,2,0,401.875,0,0,34,223,0,9,0
04-03 17:11:40,35.214,25.724,34.964,2.747,0,5140696,198688,212300,2383596,15216.514,1456.518,4347.575,1154.825,58.940,43.955,7263,7035,1.820,1.940,1.390,4,0,389.603,0,0,34,225,0,9,0
04-03 17:11:41,44.805,24.030,24.280,5.507,0,5173960,148544,212304,2400424,8837.927,1459.805,16091.895,3244.011,192.238,20.025,7933,9693,1.820,1.940,1.390,2,0,240.297,0,0,34,229,0,9,0
04-03 17:11:42,50.266,19.006,26.759,3.501,0,5180212,131548,212304,2411624,15807.138,1620.527,10671.468,11819.842,100.033,1114.362,7224,7517,1.820,1.940,1.390,2,3,178.058,0,0,34,229,0,9,0
04-03 17:11:43,68.930,12.442,2.986,14.682,0,5237676,163136,212304,2325752,21352.872,1451.263,8540.352,270.743,101.529,17.917,5399,3844,1.820,1.940,1.390,4,0,53.750,0,0,34,230,0,9,0
04-03 17:11:44,67.497,12.295,8.029,12.546,0,5325704,141276,212304,2262020,16477.310,1463.356,21117.293,469.719,230.845,23.084,6086,5864,1.820,1.940,1.390,9,0,19.070,0,0,34,236,0,9,0
04-03 17:11:45,60.771,11.754,6.252,20.007,0,5301380,179760,212308,2249348,12498.292,1458.501,22583.756,4189.439,356.122,68.023,6875,14780,2,1.980,1.400,2,2,47.016,0,0,34,240,0,10,0
04-03 17:11:46,70.067,11.470,5.236,11.719,0,5356564,126840,212308,2247516,23504.476,1454.194,10177.360,1188.888,469.770,111.708,6298,6084,2,1.980,1.400,4,0,8.977,0,0,34,244,0,10,0
04-03 17:11:47,49.584,20.785,25.042,4.508,0,5373448,155084,212308,2203564,12915.849,1622.745,16407.756,2223.762,165.280,200.339,7643,8604,2,1.980,1.400,2,0,257.435,0,0,34,241,0,15,0
04-03 17:11:48,38.539,25.025,29.279,5.005,0,5338228,195248,212308,2199660,9098.154,1459.468,21105.235,620.624,214.216,51.051,7938,8823,2,1.980,1.400,4,0,355.358,0,0,34,239,0,14,0
04-03 17:11:49,45.733,17.896,32.312,2.486,0.249,5392348,127228,212308,2214068,18492.183,1449.549,13354.140,413.589,130.241,22.867,6958,8441,2,1.980,1.400,3,0,190.887,0,0,34,239,0,14,0
04-03 17:11:50,56.354,22.642,18.365,3.522,0,5405164,143976,212308,2186224,17192.948,1467.212,22062.522,370.325,212.333,16.101,6893,6861,2.080,1.990,1.410,3,1,262.649,0,0,34,240,0,14,0
04-03 17:11:51,57.475,28.488,9.496,2.999,0,5398048,189976,212308,2149304,9321.985,1457.372,21766.626,1071.539,217.906,68.970,7381,8342,2.080,1.990,1.410,4,0,336.855,0,0,34,239,0,14,0
04-03 17:11:52,65.155,21.965,9.132,3.455,0,5488732,153564,212412,2096384,18919.759,1599.270,17224.731,256.673,214.223,12.834,6654,8869,2.080,1.990,1.410,15,0,245.814,0,0,34,241,0,14,0
04-03 17:11:53,62.293,21.853,12.057,3.265,0,5528432,130644,212412,2079892,15443.544,1464.881,14825.642,586.756,146.689,27.127,8200,11148,2.080,1.990,1.410,4,0,191.901,0,0,34,245,0,16,0
04-03 17:11:54,58.187,26.701,12.846,1.763,0,5504672,177204,212412,2058164,15899.399,1469.032,15351.283,729.478,151.135,51.386,7219,8012,2.080,1.990,1.410,3,1,336.527,0,0,34,243,0,16,0
04-03 17:11:55,65.037,21.512,9.255,3.252,0,5554608,129700,212412,2056080,12238.989,1662.950,11846.765,1032.590,124.071,46.026,8565,12927,2.150,2.010,1.420,5,0,225.129,0,0,34,252,0,17,0
04-03 17:11:56,51.750,20.500,23.250,3.500,0,5596728,163184,212412,1982928,9111.073,1458.012,12236.098,344.003,125.001,17.000,7195,8983,2.150,2.010,1.420,5,0,238.002,0,0,34,257,0,16,0
04-03 17:11:57,70.124,13.725,9.233,5.740,0,5656536,128012,212412,1960872,15539.053,1455.382,20307.476,1110.004,203.634,67.878,6299,6092,2.150,2.010,1.420,4,0,53.903,0,0,34,261,0,16,0
04-03 17:11:58,72.446,11.741,7.994,6.745,0,5758780,134164,211512,1856992,25885.704,1456.914,13226.141,371.723,154.885,11.991,5593,4324,2.150,2.010,1.420,3,0,9.993,0,0,34,263,0,16,0
04-03 17:11:59,69.332,13.015,8.260,9.761,0,5807412,124244,210544,1820172,10524.391,1621.910,19422.868,608.717,268.316,39.046,7480,10352,2.150,2.010,1.420,2,2,15.018,0,0,34,268,0,21,0
04-03 17:12:00,63.753,13.001,10.250,12.001,0.250,5819760,149444,209572,1784568,16124.785,1500.073,32569.586,560.027,350.017,39.002,6426,6321,2.300,2.040,1.440,6,0,27.001,0,0,34,271,0,20,0
04-03 17:12:01,62.790,24.015,12.008,0.750,0,5770392,194448,209580,1788924,22306.085,1458.921,1360.859,9586.053,31.020,42.027,8745,16423,2.300,2.040,1.440,6,0,285.180,0,0,34,271,0,20,0
04-03 17:12:02,48.038,28.522,18.515,3.753,0,5809176,151332,209844,1792960,84233.295,1459.148,4439.494,1255.989,83.065,56.044,8360,9006,2.300,2.040,1.440,3,0,372.293,0,0,34,273,0,20,0
04-03 17:12:03,58.929,22.378,17.654,0.497,0,5797752,162584,209844,1793276,9164.131,1450.109,576.861,14847.206,7.957,1313.850,7727,8295,2.300,2.040,1.440,4,0,235.717,0,0,34,273,0,20,0
04-03 17:12:04,63.378,18.863,15.845,0.755,0,5818844,139016,209856,1795964,9758.247,1629.728,2828.886,374.234,38.228,23.138,7033,9742,2.300,2.040,1.440,6,0,123.739,0,0,35,273,0,20,0
04-03 17:12:05,77.864,17.662,2.488,1.493,0,5861028,144012,208936,1750900,16329.064,2993.164,1647.832,509.475,60.699,32.837,6601,5934,2.440,2.080,1.450,5,0,138.314,0,0,35,278,0,22,0
04-03 17:12:06,77.878,12.561,1.256,7.537,0,5866584,177628,208400,1713628,11890.658,2017.784,2902.072,10301.954,136.663,64.312,6092,5577,2.440,2.080,1.450,3,2,14.068,0,0,35,280,0,22,0
04-03 17:12:07,85.303,11.972,0.249,2.494,0,5950176,141936,203020,1672256,29570.719,2003.374,1085.494,698.387,62.855,37.912,6545,5657,2.440,2.080,1.450,5,0,7.982,0,0,35,284,0,22,0
04-03 17:12:08,86.564,10.477,2.245,0.249,0.249,5986680,152752,197652,1631956,9858.764,2165.336,1197.421,1029.782,46.899,58.873,6922,6797,2.440,2.080,1.450,4,1,10.976,0,0,35,290,0,20,0
04-03 17:12:09,60.242,20.247,17.498,1.500,0,5954004,201324,195936,1618340,20141.321,3052.594,1139.848,5967.206,40.995,461.939,10039,13590,2.440,2.080,1.450,5,0,219.971,0,0,35,290,0,22,0
04-03 17:12:10,46.380,9.527,41.616,0.251,0,6008480,145612,195940,1619696,1579404.661,37220.130,304.853,6040.900,5.014,736.059,6953,4765,2.480,2.090,1.460,2,0,9.025,0,0,35,292,0,22,0
04-03 17:12:11,48.241,9.698,38.295,0.249,0.249,6012668,147840,191300,1618396,11656970.689,241100.297,545.075,246.676,6.963,13.925,16255,15683,2.480,2.090,1.460,3,0,5.968,0,0,35,294,0,22,0
04-03 17:12:12,46.064,10.765,40.306,0,0,5974948,177316,191320,1626620,8719129.371,181886.857,560.773,524.724,7.010,47.065,18079,15311,2.480,2.090,1.460,4,0,11.015,0,0,35,295,0,22,0
04-03 17:12:13,49.152,18.558,29.592,2.006,0,6026728,141408,190300,1612484,774102.129,18531.433,2844.817,276.858,33.103,16.050,7010,5318,2.480,2.090,1.460,4,0,263.818,0,0,35,294,0,20,0
04-03 17:12:14,53.875,10.023,34.580,0,0,6054392,132932,186972,1597712,12421.721,1461.379,256.593,368.853,2.005,31.072,5229,4785,2.480,2.090,1.460,3,0,1.002,0,0,35,296,0,20,0
04-03 17:12:15,39.564,6.967,52.254,0.498,0,6001004,204052,186232,1581124,17713.560,1612.405,3.981,1285.943,0.995,93.559,5390,5873,2.360,2.070,1.460,2,0,36.827,0,0,35,294,0,20,0
04-03 17:12:16,25.621,5.526,66.815,0.251,0,6001316,203680,186256,1581164,12962.036,1464.898,8.038,285.344,2.009,25.118,5352,6916,2.360,2.070,1.460,2,0,0,0,0,35,300,0,21,0
04-03 17:12:17,26.363,4.228,66.654,0.746,0,6010148,194016,186288,1581964,16638.676,1450.475,620.779,393.956,35.814,42.778,5770,7627,2.360,2.070,1.460,2,0,0.995,0,0,35,303,0,22,0
04-03 17:12:18,26.886,4.272,67.341,0.251,0,6014064,189984,186344,1582040,12887.171,1465.411,16.081,1700.600,1.005,211.067,6378,8647,2.360,2.070,1.460,1,0,1.005,0,0,35,306,0,24,0
04-03 17:12:19,28.243,7.248,62.984,0.750,0,5951716,230612,186396,1603584,9609.597,1457.636,107.973,21930.517,10.997,97.976,7259,10237,2.360,2.070,1.460,2,0,25.994,0,0,35,304,0,32,0
04-03 17:12:20,13.693,12.448,67.717,3.485,0,5969440,209892,186428,1606548,8904.789,1613.259,2919.799,812.604,192.197,23.900,4876,4539,2.250,2.060,1.450,1,0,183.234,0,0,35,304,0,32,0
04-03 17:12:21,21.305,3.509,68.426,4.261,0,6009340,167884,186544,1608540,16753.095,1461.760,1912.921,637.640,254.655,52.134,3289,3612,2.250,2.060,1.450,1,0,20.052,0,0,35,306,0,33,0
04-03 17:12:22,14.777,7.514,68.375,7.514,0,5985908,158584,175952,1654000,12341.614,1460.676,40566.332,3133.742,1275.337,96.176,4627,5580,2.250,2.060,1.450,2,1,1.002,0,0,35,308,0,33,0
04-03 17:12:23,19.156,6.717,68.165,4.976,0,5979392,175176,173072,1647984,15803.436,1450.879,5397.509,52872.499,916.502,689.615,4668,4731,2.250,2.060,1.450,1,0,8.956,0,0,35,308,0,33,0
04-03 17:12:24,24.859,3.515,68.299,0.502,0,6019372,134820,173100,1648316,15822.155,1627.112,212.931,313.370,34.149,18.079,3186,3093,2.250,2.060,1.450,1,0,1.004,0,0,35,308,0,33,0
04-03 17:12:25,23.667,7.225,64.274,1.993,0,6030716,147744,163616,1635756,20548.859,1452.899,3451.881,813.145,188.339,46.836,11611,21332,2.150,2.040,1.450,1,0,4.983,0,0,35,308,0,34,0
04-03 17:12:26,21.482,6.494,71.439,0,0,6037264,141192,163620,1635756,15963.413,1456.760,0,319.728,0,7.993,2602,2229,2.150,2.040,1.450,2,0,0,0,0,35,308,0,34,0
04-03 17:12:27,23.487,4.747,69.212,0.250,0,6036460,141752,163628,1635992,12182.374,1457.207,0,179.902,0,22.987,4826,6896,2.150,2.040,1.450,1,0,2.998,0,0,35,308,0,35,0
04-03 17:12:28,22.748,7.749,67.994,0.500,0,6036636,141528,163652,1636016,19099.287,1619.855,31.997,17722.411,2.000,71.994,3199,2948,2.150,2.040,1.450,1,0,0,0,0,35,308,0,35,0
04-03 17:12:29,21.742,7.497,65.974,2.999,0,5946844,269080,158092,1605192,15960.778,1457.432,407.841,255.900,40.984,26.989,3967,3814,2.150,2.040,1.450,6,0,38.985,0,0,35,312,0,35,0
04-03 17:12:30,22.535,15.524,60.094,0.250,0,5989000,226800,158092,1605644,8699.640,1460.290,16.025,132.207,2.003,4.006,5587,5564,2.060,2.020,1.450,1,0,416.653,0,0,35,312,0,35,0
04-03 17:12:31,25.735,2.998,69.460,0,0,6041920,173880,158092,1605644,16216.654,1457.160,0,0,0,0,2797,2468,2.060,2.020,1.450,1,0,0,0,0,35,312,0,35,0
04-03 17:12:32,14.071,14.071,69.600,1.256,0,5998564,217192,158092,1605672,82255.472,1670.397,4.020,32.162,1.005,2.010,5128,4167,2.060,2.020,1.450,1,0,186.940,0,0,35,312,0,35,0
04-03 17:12:33,9.742,19.235,68.195,0.500,0,5987960,227708,158092,1605760,18158.390,1456.828,59.952,3.997,1.998,0.999,6004,4977,2.060,2.020,1.450,1,0,290.766,0,0,35,312,0,35,0
04-03 17:12:34,23.389,6.718,68.674,0.249,0,6009596,206064,158096,1605764,17319.720,1492.908,0,87.584,0,5.972,3296,2824,2.060,2.020,1.450,1,0,37.820,0,0,35,312,0,35,0
04-03 17:12:35,26.510,3.251,68.025,0,0,6033192,182388,158124,1605816,9756.598,1458.538,8.003,300.111,2.001,29.011,3250,3252,1.980,2,1.450,2,0,0,0,0,35,312,0,36,0
04-03 17:12:36,24.009,6.002,68.026,0.500,0,6004328,211188,158156,1605848,15586.889,1458.551,20.008,232.088,5.002,25.009,4537,4990,1.980,2,1.450,2,0,62.023,0,0,35,314,0,36,0
04-03 17:12:37,30.158,6.231,61.811,0.249,0,6052384,161788,158172,1607176,16065.841,1615.058,15.951,295.097,0.997,30.905,3516,3225,1.980,2,1.450,2,0,4.985,0,0,35,316,0,35,0
04-03 17:12:38,28.549,4.257,66.113,0,0,6064864,148688,158180,1607788,15391.231,1460.489,48.082,232.396,3.005,24.041,4206,4572,1.980,2,1.450,3,0,0,0,0,35,318,0,35,0
04-03 17:12:39,27.667,7.797,63.130,0.252,0,6029348,184632,158216,1607324,14850.449,1466.835,36.218,334.012,3.018,40.242,4817,5347,1.980,2,1.450,1,0,58.351,0,0,35,316,0,36,0
04-03 17:12:40,25.850,2.983,69.349,0.249,0,6046752,167172,158252,1607344,15179.174,1449.613,15.908,278.389,0.994,21.873,3046,2955,1.900,1.990,1.440,4,0,0.994,0,0,35,316,0,36,0
04-03 17:12:41,25.269,3.503,69.302,0.250,0,6046968,166932,158256,1607364,12526.487,1621.228,0,144.109,0,9.007,3325,3356,1.900,1.990,1.440,1,0,0,0,0,35,318,0,37,0
04-03 17:12:42,23.514,6.254,68.792,0,0,5989764,223916,158260,1607580,9484.792,1458.891,192.117,148.090,12.007,8.005,3901,4267,1.900,1.990,1.440,1,0,34.021,0,0,35,316,0,37,0
04-03 17:12:43,25.474,3.247,69.678,0,0,6032584,181076,158264,1607596,12488.037,1456.488,0,123.871,0,7.992,2817,2584,1.900,1.990,1.440,1,0,1.998,0,0,35,316,0,37,0
04-03 17:12:44,26.263,4.002,68.535,0,0,6034392,179240,158264,1607624,19919.143,1458.743,0,2109.074,0,368.187,4087,3979,1.900,1.990,1.440,1,0,0,0,0,35,318,0,38,0
04-03 17:12:45,31.740,8.497,57.232,0.750,0,6062340,150268,158368,1608544,16788.853,1619.503,739.773,1279.608,41.987,140.957,6117,14548,1.830,1.970,1.440,1,0,49.985,0,0,35,316,0,37,0
04-03 17:12:46,26.742,3.749,68.480,0.250,0,6090504,142008,154168,1594896,15757.504,1457.584,11.997,539.846,2.999,32.991,2955,2509,1.830,1.970,1.440,1,0,0,0,0,35,316,0,37,0
04-03 17:12:47,26.901,4.274,67.378,0.251,0,6090524,141820,154196,1595036,16308.604,1466.236,0,490.757,0,32.181,4186,4460,1.830,1.970,1.440,2,0,0,0,0,35,318,0,37,0
04-03 17:12:48,26.611,5.471,66.651,0.249,0,6034896,197248,154256,1595176,15418.375,1450.416,15.917,1197.737,0.995,76.599,4095,4073,1.830,1.970,1.440,3,0,34.818,0,0,35,316,0,37,0
04-03 17:12:49,29.629,5.524,63.274,0,0,6073220,158792,154264,1595300,14885.565,1627.057,0,116.505,0,12.052,4459,6448,1.830,1.970,1.440,1,0,2.009,0,0,35,317,0,32,0
04-03 17:12:50,28.641,3.736,65.501,0,0,6071804,160148,154284,1595340,11078.834,1452.472,15.939,147.439,0.996,15.939,4295,4858,1.760,1.950,1.440,1,0,0,0,0,35,316,0,33,0
04-03 17:12:51,24.245,5.749,68.486,0.250,0,6027524,204420,154288,1595344,13100.343,1457.704,0,139.972,0,11.998,3298,2939,1.760,1.950,1.440,1,0,33.993,0,0,35,316,0,34,0
04-03 17:12:52,25.726,3.747,69.186,0,0,6056964,174952,154308,1595352,19454.036,1456.655,0,239.779,0,13.987,3422,3396,1.760,1.950,1.440,2,0,0,0,0,35,316,0,34,0
04-03 17:12:53,26.518,3.502,68.297,0.500,0,6057568,173944,154360,1595704,17020.625,1458.996,368.252,584.399,22.015,64.044,4590,5551,1.760,1.950,1.440,1,0,0,0,0,35,316,0,32,0
04-03 17:12:54,23.969,6.242,66.415,0.749,0,6059080,171720,154476,1596284,20479.704,1617.923,79.897,7929.818,4.994,317.592,3962,4275,1.760,1.950,1.440,3,0,40.947,0,0,35,316,0,32,0
04-03 17:12:55,26.728,3.997,67.945,0.250,0,6076400,154296,154508,1596356,11862.378,1498.784,47.961,351.715,2.998,27.977,3554,3692,1.700,1.940,1.440,1,0,0.999,0,0,35,314,0,32,2
04-03 17:12:56,24.061,5.514,68.675,0,0,6062564,168024,154524,1596448,17307.985,1461.715,48.122,276.703,3.008,17.043,4229,4662,1.700,1.940,1.440,1,0,34.087,0,0,35,314,0,33,2
04-03 17:12:57,26.177,2.742,69.308,0.249,0,6074028,156508,154544,1596480,12413.566,1453.967,15.956,299.170,0.997,22.936,2945,2675,1.700,1.940,1.440,2,0,0,0,0,35,314,0,33,2
04-03 17:12:58,25.074,4.012,68.953,0,0,6076280,154104,154560,1596616,9027.571,1462.304,0,280.827,0,20.059,3979,4812,1.700,1.940,1.440,3,0,0,0,0,35,316,0,32,2
04-03 17:12:59,24.526,6.257,67.572,0.501,0,6024640,205320,154648,1596952,17483.618,1621.727,256.273,3751.995,15.016,91.097,4293,4911,1.700,1.940,1.440,1,0,41.044,0,0,35,314,0,32,2
04-03 17:13:00,25.921,2.991,68.541,0,0,6054928,174984,154664,1596984,16687.040,1495.433,0,2472.450,0,366.880,3105,2837,1.640,1.920,1.430,2,0,0,0,0,35,314,0,32,2
04-03 17:13:01,25.556,3.758,69.903,0,0,6057652,172232,154680,1596996,11309.765,1461.200,0,264.579,0,17.037,4124,4877,1.640,1.920,1.430,2,0,0,0,0,35,315,0,32,2
04-03 17:13:02,24.309,6.015,67.915,0.501,0,6054076,175784,154700,1597000,83373.713,1461.554,0,260.634,0,17.041,3617,3327,1.640,1.920,1.430,3,0,40.097,0,0,35,314,0,27,2
04-03 17:13:03,25.257,3.501,70.019,0.500,0,6088380,141464,154712,1597004,14576.908,1458.391,0,224.060,0,17.005,3091,2986,1.640,1.920,1.430,1,0,0,0,0,35,315,0,27,2
04-03 17:13:04,26.392,3.984,66.975,0.498,0,6080000,149612,154848,1597100,17297.930,1613.371,79.673,1967.915,4.980,141.419,4926,5985,1.640,1.920,1.430,1,0,0,0,0,35,314,0,28,2
04-03 17:13:05,25.024,5.756,67.315,0,0,6047928,181516,154876,1597240,15879.295,1731.668,128.123,340.328,8.008,22.021,3587,3403,1.590,1.910,1.430,1,0,40.039,0,0,35,314,0,29,2
04-03 17:13:06,25.734,4.497,68.706,0,0,6076616,152784,154908,1597252,9393.028,1457.074,3.997,259.835,0.999,23.985,3248,3330,1.590,1.910,1.430,5,0,0,0,0,35,314,0,27,2
04-03 17:13:07,28.365,6.024,63.759,0.251,0,6033536,195780,154952,1597292,15800.249,1463.953,16.065,453.845,1.004,35.143,4607,4806,1.590,1.910,1.430,1,0,34.139,0,0,35,314,0,27,2
04-03 17:13:08,25.652,4.234,68.738,0.249,0,6070704,158568,154960,1597328,12812.176,1613.850,0,187.286,0,9.962,3001,2681,1.590,1.910,1.430,1,0,0,0,0,35,314,0,27,2
04-03 17:13:09,26.492,3.499,67.980,0,0,6080688,148352,154980,1597540,10002.071,1551.546,207.939,335.902,8.997,35.989,3705,4096,1.590,1.910,1.430,1,0,1.999,0,0,35,316,0,27,2
04-03 17:13:10,24.760,7.003,66.778,0.750,0,6034708,194172,155080,1597600,16663.976,1458.611,32.013,696.292,2.001,75.031,5129,6095,1.540,1.890,1.430,2,0,41.017,0,0,35,314,0,26,2
04-03 17:13:11,24.237,4.498,69.712,0,0,6061164,167676,155100,1597620,14799.876,1457.200,0,263.855,0,13.992,2764,2476,1.540,1.890,1.430,4,0,0,0,0,35,314,0,26,2
04-03 17:13:12,25.764,3.752,68.787,0,0,6069616,159216,155104,1597624,18274.719,1620.862,0,224.119,0,14.007,3888,4189,1.540,1.890,1.430,1,0,0,0,0,35,316,0,26,2
04-03 17:13:13,23.748,6.250,68.495,0.500,0,6055844,172940,155136,1597640,14340.896,1457.888,0,1251.904,0,66.995,3860,4047,1.540,1.890,1.430,4,0,33.997,0,0,35,314,0,27,2
04-03 17:13:14,26.507,3.001,68.768,0,0,6099124,129524,155140,1597772,9328.397,1620.416,0,108.028,0,9.002,2944,2631,1.540,1.890,1.430,2,0,0,0,0,35,315,0,27,2
04-03 17:13:15,26.367,4.771,67.298,0.502,0,6085912,142580,155196,1597872,14908.971,1464.480,80.356,2430.756,5.022,393.742,4966,5849,1.500,1.880,1.430,1,1,0,0,0,35,315,0,27,2
04-03 17:13:16,23.890,5.475,67.938,0.249,0,6027960,200460,155244,1597896,16186.735,1612.601,3.982,430.027,0.995,40.813,3528,3463,1.500,1.880,1.430,1,0,39.817,0,0,35,314,0,27,2
04-03 17:13:17,26.248,4.000,68.244,0,0,6064608,163772,155264,1597916,18118.449,1619.861,15.999,291.975,1.000,26.998,3425,3411,1.500,1.880,1.430,1,0,0,0,0,35,314,0,27,2
04-03 17:13:18,26.248,3.250,68.495,0.250,0,6065824,162496,155300,1597940,13963.942,1457.890,0,1211.908,0,59.995,3876,4312,1.500,1.880,1.430,2,0,0,0,0,35,314,0,25,2
04-03 17:13:19,28.270,8.256,62.045,0,0,6078928,149088,155320,1598224,19793.215,1621.164,272.195,276.198,15.011,23.017,3891,3539,1.500,1.880,1.430,1,0,35.025,0,0,35,312,0,25,4
04-03 17:13:20,25.481,3.997,68.448,0.250,0,6069908,158100,155324,1598228,17194.858,1456.886,0,131.899,0,8.993,3323,3129,1.620,1.890,1.430,2,0,0,0,0,35,312,0,25,4
04-03 17:13:21,25.137,6.033,67.116,1.005,0,5993400,234504,155432,1598224,8877.383,1465.990,112.614,659.595,7.038,81.444,4765,5893,1.620,1.890,1.430,1,0,40.219,0,0,35,312,0,26,4
04-03 17:13:22,24.132,4.229,69.658,0,0,6047816,179904,155444,1598396,10974.193,1612.096,0,187.083,0,10.946,2816,2529,1.620,1.890,1.430,1,0,0,0,0,35,312,0,15,4
04-03 17:13:23,25.979,3.497,69.194,0,0,6065464,162232,155464,1598400,15703.274,1456.819,0,279.773,0,15.987,3265,3164,1.620,1.890,1.430,2,0,0,0,0,35,314,0,15,4
04-03 17:13:24,23.025,6.257,68.823,0,0,6004700,222928,155504,1598428,15661.666,1621.726,16.017,1425.517,1.001,103.110,4424,5066,1.620,1.890,1.430,1,0,35.037,0,0,35,312,0,15,4
04-03 17:13:25,27.063,3.258,68.159,0.251,0,6050648,176812,155528,1598572,15209.408,1461.402,144.336,308.719,4.009,35.082,3239,3245,1.570,1.880,1.430,2,0,1.002,0,0,35,312,0,15,4
04-03 17:13:26,25.513,3.752,69.534,0,0.250,6051096,176348,155532,1598584,11930.876,1458.718,0,120.059,0,10.005,3795,4228,1.570,1.880,1.430,2,0,0,0,0,35,314,0,15,4
04-03 17:13:27,23.497,6.749,67.242,0.750,0,6003404,223816,155612,1598728,15792.110,1619.806,127.985,683.918,7.999,85.990,4554,5333,1.570,1.880,1.430,1,0,39.995,0,0,35,312,0,15,4
04-03 17:13:28,35.312,6.011,57.601,0,0,6055456,171740,155620,1598744,12626.156,1460.563,256.450,212.373,2.004,15.026,3425,2687,1.570,1.880,1.430,2,0,4.007,0,0,35,312,0,15,4
04-03 17:13:29,44.062,8.464,46.303,0.498,0,6089588,137496,155652,1598824,9432.830,1451.817,573.558,398.304,6.970,32.860,5257,5263,1.570,1.880,1.430,3,0,5.975,0,0,35,314,0,16,4
04-03 17:13:30,35.218,7.493,55.699,0,0,6028848,198092,155656,1598964,9130.664,1618.522,255.766,2441.771,1.998,366.665,4211,3946,1.520,1.870,1.430,4,0,36.966,0,0,35,312,0,15,4
04-03 17:13:31,26.010,3.251,69.527,0,0,6073688,153244,155664,1598964,15479.989,1500.581,0,188.073,0,12.005,2795,2546,1.520,1.870,1.430,2,0,0,0,0,35,313,0,15,4
04-03 17:13:32,25.359,4.268,67.790,0.502,0,6072900,153616,155760,1599284,79330.731,1626.967,321.376,1422.090,8.034,119.512,4839,6112,1.520,1.870,1.430,1,0,0,0,0,35,313,0,15,4
04-03 17:13:33,23.655,5.229,69.470,0,0.249,6065452,160940,155800,1599368,14964.628,1452.142,47.807,334.650,2.988,33.863,3360,3273,1.520,1.870,1.430,1,0,33.863,0,0,35,312,0,15,4
04-03 17:13:34,25.582,3.260,69.723,0.251,0,6095824,130556,155824,1599356,14358.979,1667.339,0,333.067,0,23.074,3125,3110,1.520,1.870,1.430,3,0,0,0,0,35,313,0,15,4
04-03 17:13:35,25.666,3.987,67.779,0.498,0,6084864,141448,155888,1599360,15187.573,1453.270,0,1427.355,0,102.666,4379,5208,1.560,1.870,1.430,1,0,0,0,0,35,312,0,16,4
04-03 17:13:36,20.472,8.988,68.406,0,0,6008692,217568,155900,1599400,15341.895,1617.775,0,115.841,0,9.986,3765,3233,1.560,1.870,1.430,3,0,85.882,0,0,35,312,0,16,4
04-03 17:13:37,28.100,4.516,66.236,0.251,0,6078332,147008,155928,1600292,9931.357,1463.209,16.057,301.072,1.004,29.104,3236,3110,1.560,1.870,1.430,5,0,2.007,0,0,35,313,0,16,4
04-03 17:13:38,27.910,5.981,64.790,0.249,0,5980296,245004,155936,1600324,16106.869,1453.296,0,227.264,0,15.948,4009,3868,1.560,1.870,1.430,1,0,46.848,0,0,35,312,0,16,4
04-03 17:13:39,27.764,5.003,65.783,0,0,6029536,195608,155940,1600476,14276.185,1620.816,16.008,132.066,1.001,15.008,3479,3487,1.560,1.870,1.430,2,0,2.001,0,0,35,312,0,15,4
04-03 17:13:40,29.599,4.264,65.218,0,0,6064268,161884,155952,1599456,10814.086,1462.882,0,329.098,0,25.084,3630,3601,1.520,1.850,1.430,2,0,1.003,0,0,35,312,0,15,4
04-03 17:13:41,24.540,5.759,67.610,0.250,0,6035156,190864,155968,1599572,15852.861,1622.647,96.157,164.268,6.010,13.021,4634,4978,1.520,1.850,1.430,1,0,47.077,0,0,35,312,0,19,4
04-03 17:13:42,9.925,4.218,82.623,0.992,0,6028252,197272,156120,1599916,12770.134,2993.295,214.374,5013.967,3.970,272.930,5044,7347,1.520,1.850,1.430,1,0,22.827,0,0,35,314,0,19,4
04-03 17:13:43,6.775,1.756,89.827,0.502,0.251,6021568,203876,156148,1599968,21430.038,2622.550,56.205,381.389,4.015,33.121,2789,3534,1.520,1.850,1.430,1,0,2.007,0,0,35,314,0,18,4
04-03 17:13:44,4.510,1.253,92.205,0,0,6014540,210848,156168,1600004,22523.078,2329.179,0,208.463,0,21.047,2185,2766,1.520,1.850,1.430,1,0,0,0,0,35,314,0,18,4
04-03 17:13:45,12.202,4.482,80.929,0.249,0,6014620,210744,156176,1600116,114238.583,4943.423,0,151.400,0,8.964,3602,10203,1.640,1.870,1.440,0,0,35.858,0,0,35,313,0,19,4
04-03 17:13:46,3.755,1.252,92.362,0,0,6012884,211924,156180,1600572,500249.445,15522.849,8.010,2390.903,2.002,348.423,2705,2840,1.640,1.870,1.440,0,0,0,0,0,35,313,0,19,4
04-03 17:13:47,3.994,1.498,92.107,0.250,0,6009632,214348,156188,1601392,900154.427,23980.821,0,95.851,0,11.981,3298,3419,1.640,1.870,1.440,0,0,0,0,0,35,313,0,17,4
04-03 17:13:48,4.504,1.001,92.073,0,0,6006992,216120,156188,1602260,1097691.943,24445.373,0,180.143,0,12.010,3354,3246,1.640,1.870,1.440,0,0,0,0,0,35,313,0,17,4
04-03 17:13:49,4.256,1.752,90.620,0,0,6002908,218560,156192,1603900,1615184.765,34179.174,0,72.095,0,10.013,4136,3634,1.640,1.870,1.440,0,0,1.001,0,0,35,313,0,17,4
04-03 17:13:50,6.244,1.499,89.665,0.250,0,5998392,221064,156196,1605908,2163329.130,40289.712,0,79.924,0,8.991,4627,3750,1.580,1.860,1.440,0,0,0,0,0,35,313,0,17,4
04-03 17:13:51,5.500,2.000,89.243,0,0,5995620,221456,156204,1608280,2693930.233,52362.175,0,75.994,0,8.999,5451,4270,1.580,1.860,1.440,0,0,0,0,0,35,313,0,17,4
04-03 17:13:52,4.756,2.753,89.113,0,0,5997084,217468,156212,1610796,2588641.650,60696.923,0,72.091,0,4.005,5640,4589,1.580,1.860,1.440,1,0,0,0,0,35,313,0,17,4
04-03 17:13:53,5.989,2.495,87.832,0.499,0,5993780,217396,156248,1614120,3522014.766,71609.283,31.939,487.070,0.998,35.931,5624,4986,1.580,1.860,1.440,0,0,0,0,0,35,313,0,17,4
04-03 17:13:54,6.256,3.003,87.334,0.250,0,5990252,217344,156268,1617680,3881634.205,77136.147,0,104.100,0,12.012,6319,5725,1.580,1.860,1.440,0,0,1.001,0,0,35,313,0,17,4
04-03 17:13:55,6.278,2.511,88.148,0,0,5986500,217340,156292,1621412,4240718.504,91583.362,16.073,486.194,1.005,70.317,8377,6594,1.540,1.840,1.430,0,0,1.005,0,0,35,313,0,16,4
04-03 17:13:56,7.251,2.500,86.512,0.250,0,5981704,217340,156336,1626164,4904295.523,99233.264,16.002,280.037,1.000,28.004,8931,6675,1.540,1.840,1.430,0,0,0,0,0,35,313,0,17,2
04-03 17:13:57,6.215,2.486,87.014,0.249,0,5978944,215600,156348,1630636,4789224.542,104154.241,0,238.667,0,25.856,7830,6702,1.540,1.840,1.430,0,0,0,0,0,35,313,0,17,2
04-03 17:13:58,5.021,2.260,88.376,0,0,5975652,213832,156352,1635676,5483930.406,120171.555,0,297.265,0,18.077,9727,7603,1.540,1.840,1.430,1,0,0,0,0,35,313,0,17,2
04-03 17:13:59,5.502,2.251,89.033,0,0.250,5973948,211324,156352,1639872,4681078.819,103510.206,8.003,44.016,2.001,4.001,8802,7164,1.540,1.840,1.430,0,0,1.000,0,0,35,313,0,16,2
04-03 17:14:00,5.974,2.489,86.626,0,0,5970660,208296,156352,1646172,6578738.967,140060.579,0,43.811,0,1.991,10323,9138,1.410,1.810,1.430,1,0,0,0,0,35,313,0,16,2
04-03 17:14:01,6.769,2.006,87.750,0,0,5968052,205016,156352,1652060,6257898.163,133936.300,0,994.840,0,205.587,10497,8549,1.410,1.810,1.430,0,0,0,0,0,35,313,0,16,2
04-03 17:14:02,6.242,3.995,84.888,0,0,5966316,199724,156352,1659072,7734059.374,161104.578,0,0,0,0,13265,10436,1.410,1.810,1.430,0,0,5.992,0,0,35,313,0,16,2
04-03 17:14:03,6.777,2.259,87.344,0.502,0,5964100,194684,156380,1666268,7858691.924,168293.068,80.316,457.804,4.016,32.127,12704,10755,1.410,1.810,1.430,0,0,0,0,0,35,313,0,16,2
04-03 17:14:04,5.977,3.238,86.421,0,0,5964004,186620,156384,1674392,8403966.703,182618.415,0,107.590,0,9.962,10582,11303,1.410,1.810,1.430,1,0,0,0,0,35,313,0,16,2
04-03 17:14:05,6.758,3.004,86.107,0.250,0,5964664,178304,156396,1682020,8349183.964,180075.206,0,12555.563,0,65.081,11418,10972,1.380,1.800,1.420,0,0,0,0,0,35,313,0,17,2
04-03 17:14:06,5.987,2.744,86.566,0,0,5965032,170252,156408,1689692,7960958.894,180946.805,0,139.703,0,10.977,14056,11312,1.380,1.800,1.420,0,0,0,0,0,35,313,0,17,2
04-03 17:14:07,6.001,3.001,86.767,0,0,5964312,163952,156432,1696672,7516224.917,157755.397,16.003,92.018,1.000,12.002,9840,9968,1.380,1.800,1.420,1,0,0,0,0,35,313,0,15,2
04-03 17:14:08,9.747,5.499,81.478,0,0,5978516,142160,156436,1704256,8198852.281,173825.406,0,239.936,0,13.996,12040,11155,1.380,1.800,1.420,0,0,0,0,0,35,313,0,15,2
04-03 17:14:09,6.253,3.252,85.544,0.250,0,5971764,141372,156456,1711760,8161677.230,166655.950,16.008,164.085,1.001,16.008,10692,10454,1.380,1.800,1.420,0,0,2.001,0,0,35,313,0,15,2
04-03 17:14:10,6.748,4.499,83.974,0.250,0,5971880,132948,156492,1720000,8745397.810,186686.146,15.995,106303.057,1.000,173.946,11573,11680,1.430,1.800,1.430,0,0,1.000,0,0,35,313,0,15,2
04-03 17:14:11,6.247,2.249,87.707,0,0,5958624,139956,156512,1726228,6677332.281,141309.291,0,175.914,0,11.994,9941,8851,1.430,1.800,1.430,1,0,0,0,0,35,313,0,14,2
04-03 17:14:12,6.276,2.510,87.106,0,0,5959028,132448,156548,1733264,7520105.662,164170.703,16.066,1024.184,1.004,190.779,11536,10794,1.430,1.800,1.430,1,0,0,0,0,35,313,0,14,2
04-03 17:14:13,5.478,1.743,88.636,0.249,0,5959044,127232,156604,1738392,5453611.228,119440.165,0,497.958,0,36.849,8918,8160,1.430,1.800,1.430,0,0,0,0,0,35,313,0,14,2
04-03 17:14:14,7.034,3.768,85.167,0.251,0,5955628,141360,150460,1734908,8772101.384,187518.801,0,209.024,0,22.108,13453,12581,1.430,1.800,1.430,0,0,0,0,0,35,313,0,14,2
04-03 17:14:15,6.208,2.483,86.669,0,0,5955592,134568,150480,1741700,7136718.187,154609.966,0,317.870,0,22.847,10628,10479,1.560,1.820,1.440,0,0,0,0,0,35,313,0,13,2
04-03 17:14:16,5.741,2.496,87.868,0,0,5955456,128012,150484,1748388,7420343.387,156451.216,3.994,95.856,0.999,8.987,10582,9969,1.560,1.820,1.440,1,0,0,0,0,35,313,0,13,2
04-03 17:14:17,6.776,3.012,86.080,0.251,0,5956716,135644,144280,1746000,8537112.353,180075.546,0,132.507,0,17.065,13141,11566,1.560,1.820,1.440,0,0,0,0,0,35,313,0,13,2
04-03 17:14:18,6.769,3.259,86.737,0,0,5955936,128332,144284,1754072,8542954.876,181179.651,0,260.713,0,15.041,12299,11260,1.560,1.820,1.440,1,0,0,0,0,35,313,0,13,2
04-03 17:14:19,6.976,2.990,85.708,0.249,0,5950496,143708,135840,1752964,8290758.364,177281.019,0,75.742,0,9.966,12360,11290,1.560,1.820,1.440,0,0,0.997,0,0,35,313,0,13,2
04-03 17:14:20,6.251,2.751,87.017,0,0,5951388,135420,135840,1760328,7919203.045,168355.996,0,72.014,0,7.001,10665,10630,1.510,1.810,1.430,0,0,0,0,0,35,313,0,13,1
04-03 17:14:21,6.283,3.267,87.210,0,0,5952784,125924,135840,1768412,8743858.357,190430.313,0,8.042,0,2.011,12192,11692,1.510,1.810,1.430,1,0,0,0,0,35,313,0,14,1
04-03 17:14:22,5.989,3.493,86.088,0,0,5949068,169128,128980,1738668,8241082.281,173657.682,0,111.790,0,6.987,11828,10787,1.510,1.810,1.430,0,0,0,0,0,35,313,0,14,1
04-03 17:14:23,6.001,3.000,87.011,0,0,5948756,161824,128980,1746268,8186595.959,176871.755,0,836.103,0,173.021,10316,10687,1.510,1.810,1.430,1,0,0,0,0,35,313,0,14,1
04-03 17:14:24,7.977,2.493,85.754,0,0,5948036,155020,129016,1753740,7987873.363,165017.280,15.954,155.554,0.997,17.949,10398,10422,1.510,1.810,1.430,0,0,1.994,0,0,35,315,0,13,1
04-03 17:14:25,6.778,3.264,86.611,0.502,0,5948216,147204,129028,1761348,8342378.506,170538.446,16.067,293.222,1.004,24.100,11202,10775,1.390,1.780,1.430,0,0,1.004,0,0,35,315,0,13,1
04-03 17:14:26,5.724,2.489,87.358,0,0,5947944,139392,129028,1769416,8439122.464,186529.656,0,0,0,0,10589,11668,1.390,1.780,1.430,1,0,0,0,0,35,315,0,13,1
04-03 17:14:27,6.781,2.763,85.646,0,0.251,5947360,132368,129040,1776996,8359661.352,181068.023,16.074,180.837,1.005,19.088,11155,10490,1.390,1.780,1.430,0,0,0,0,0,35,315,0,13,1
04-03 17:14:28,16.685,6.724,71.473,1.992,0,5997388,132944,127988,1729788,7641184.989,168723.525,123.521,422.362,5.977,32.872,13077,10474,1.390,1.780,1.430,2,0,2.988,0,0,35,315,0,13,1
04-03 17:14:29,26.537,7.260,63.338,0,0,5987412,153424,127348,1720876,8122032.640,173914.907,564.782,92.128,6.008,4.006,14499,11703,1.390,1.780,1.430,3,0,7.010,0,0,35,315,0,13,1
04-03 17:14:30,26.133,6.471,64.462,0.249,0,6006364,164352,122392,1697392,8149569.717,172849.517,521.669,0,5.973,0,15844,11439,1.360,1.760,1.420,2,0,3.982,0,0,35,315,0,13,1
04-03 17:14:31,6.292,3.523,87.080,0,0,5981432,181520,122392,1705124,8389337.741,178738.993,0,16.107,0,2.013,13106,11347,1.360,1.760,1.420,0,0,0,0,0,35,315,0,13,1
04-03 17:14:32,6.203,2.729,86.346,0,0,5974960,180172,122392,1712944,8400206.936,181956.212,0,0,0,0,12779,11635,1.360,1.760,1.420,2,0,0,0,0,35,315,0,12,1
04-03 17:14:33,5.796,3.024,87.186,0,0,5971608,175676,122392,1720776,8673201.571,191860.716,0,4261.511,0,33.262,12720,11736,1.360,1.760,1.420,0,0,0,0,0,35,315,0,12,1
04-03 17:14:34,5.992,3.246,86.381,0,0,5968984,170756,122400,1728280,7876358.815,173442.126,0,8364.432,0,29.959,11559,10172,1.360,1.760,1.420,0,0,0,0,0,35,315,0,12,1
04-03 17:14:35,5.959,2.979,85.408,0.248,0,5967408,164244,122420,1736332,8632395.753,190421.217,7.945,8501.036,1.986,51.642,14801,11722,1.250,1.740,1.420,2,0,0,0,0,35,315,0,13,1
04-03 17:14:36,6.554,4.789,84.946,0.756,0,5962204,161528,122424,1744240,8541089.970,189515.540,0,174938.042,0,229.884,14245,11253,1.250,1.740,1.420,0,0,0,0,0,35,315,0,12,1
04-03 17:14:37,6.498,2.999,85.971,0,0,5961068,154976,122448,1751888,8367032.575,187000.786,15.995,167.943,1.000,12.996,13259,11137,1.250,1.740,1.420,2,0,0,0,0,35,315,0,12,1
04-03 17:14:38,10.444,5.222,79.820,0.249,0,5975744,150412,117128,1747400,7333096.159,160986.318,0,1547.658,0,271.536,11744,9908,1.250,1.740,1.420,0,0,4.973,0,0,35,315,0,12,1
04-03 17:14:39,7.544,3.521,84.495,0,0,5970692,148184,117128,1754648,7890414.186,166880.201,32.189,164.967,1.006,15.088,12294,11150,1.250,1.740,1.420,1,0,2.012,0,0,35,315,0,12,1
04-03 17:14:40,9.723,4.487,81.520,0,0,5955136,174644,116232,1744640,8391194.893,184251.247,15.955,339.045,0.997,23.933,13164,11871,1.150,1.710,1.410,0,0,0.997,0,0,35,315,0,12,1
04-03 17:14:41,5.766,3.510,86.740,0,0,5957180,165240,116232,1752132,8328458.822,188224.772,0,0,0,0,12437,11316,1.150,1.710,1.410,1,0,0,0,0,35,315,0,12,1
04-03 17:14:42,5.481,2.741,87.200,0,0,5957104,157680,116232,1759752,8130243.652,183725.300,0,0,0,0,12894,11073,1.150,1.710,1.410,2,0,0,0,0,35,315,0,12,1
04-03 17:14:43,6.006,2.002,88.335,0.250,0,5956992,150120,116252,1767388,8099378.326,169541.952,0,248.240,0,16.015,10459,10858,1.150,1.710,1.410,0,0,2.002,0,0,35,315,0,12,1
04-03 17:14:44,9.777,3.761,84.737,0,0,5957424,141804,116252,1775256,8511661.327,186489.990,0,0,0,0,13167,13624,1.150,1.710,1.410,3,0,0,0,0,35,315,0,7,1
04-03 17:14:45,12.715,5.983,77.535,0,0,5979248,150572,115320,1747924,7880476.472,163394.741,0,3.989,0,0.997,15395,14035,1.140,1.690,1.410,1,0,34.903,0,0,35,315,0,7,1
04-03 17:14:46,12.460,4.485,79.243,0,0,5969860,152168,115344,1753536,8081309.905,174191.390,15.948,131.574,0.997,12.958,14016,15156,1.140,1.690,1.410,0,0,1.994,0,0,35,315,0,10,1
04-03 17:14:47,6.008,2.503,86.616,0.250,0,5967080,147812,115352,1760664,7594700.828,162832.430,24.032,260.349,3.004,21.028,11476,10633,1.140,1.690,1.410,0,0,0,0,0,35,315,0,10,1
04-03 17:14:48,5.502,2.251,87.783,0,0,5966560,142012,115360,1766960,6887138.729,145806.297,0,124.046,0,9.003,9874,9267,1.140,1.690,1.410,0,0,0,0,0,35,315,0,9,1
04-03 17:14:49,6.490,3.245,85.366,0.250,0,5965016,135436,115368,1775056,8593372.795,181531.553,0,1106.267,0,182.714,11621,11144,1.140,1.690,1.410,0,0,0.998,0,0,35,315,0,9,1
04-03 17:14:50,7.505,3.502,85.552,0,0,5955908,156148,115304,1763848,8213305.890,171667.256,0,300.184,0,26.016,10489,10566,1.050,1.670,1.400,1,0,0,0,0,35,315,0,9,1
04-03 17:14:51,6.492,2.747,86.145,0,0,5955364,149104,115304,1771420,8141181.621,175802.891,0,11.985,0,2.996,10959,10826,1.050,1.670,1.400,5,0,0,0,0,35,315,0,10,1
04-03 17:14:52,6.508,2.753,87.106,0,0,5956184,140540,115304,1779164,8420739.802,184861.212,0,4.005,0,1.001,10628,11374,1.050,1.670,1.400,1,0,0,0,0,35,315,0,9,1
04-03 17:14:53,6.504,3.252,86.548,0,0,5955888,152432,113904,1769296,8193282.982,180648.849,0,0,0,0,10668,10663,1.050,1.670,1.400,2,0,0,0,0,35,315,0,9,1
04-03 17:14:54,6.510,3.255,85.888,0.250,0,5956504,144008,113920,1777104,8382718.917,180006.344,16.026,192.308,1.002,15.024,11889,11104,1.050,1.670,1.400,2,0,1.002,0,0,35,315,0,9,1
04-03 17:14:55,6.983,3.491,85.537,0,0,5956756,135988,113952,1784824,8238451.021,181236.233,15.960,279.304,0.998,22.943,11277,10883,0.960,1.640,1.390,1,0,0.998,0,0,35,315,0,9,1
04-03 17:14:56,6.753,2.751,85.293,0.250,0,5955768,149012,112984,1774084,8283864.892,184478.639,4.002,80.040,1.001,6.003,11821,10986,0.960,1.640,1.390,0,0,0,0,0,35,315,0,8,1
04-03 17:14:57,7.008,2.753,86.342,0.250,0,5955832,140956,113004,1782040,8562567.678,190918.433,20.021,8509.111,2.002,56.060,11768,11723,0.960,1.640,1.390,0,0,0,0,0,35,315,0,8,1
04-03 17:14:58,5.741,2.995,87.109,0,0,5957416,151320,111824,1771628,8243205.724,188153.208,0,0,0,0,10603,11089,0.960,1.640,1.390,0,0,0,0,0,35,315,0,8,1
04-03 17:14:59,6.284,2.514,86.968,0,0,5956920,144348,111824,1779208,8362702.178,187582.495,0,12.065,0,1.005,12525,10987,0.960,1.640,1.390,0,0,1.005,0,0,35,315,0,8,1
04-03 17:15:00,9.237,5.243,81.884,0.250,0.499,5974132,173112,111568,1734520,6991945.829,148704.741,3.994,21773.068,0.999,236.664,10412,8595,0.890,1.610,1.380,1,0,0.999,0,0,35,315,0,8,1
04-03 17:15:01,6.005,2.752,86.817,0.250,0,5974104,165736,111568,1741988,7861088.929,168010.584,32.025,0,5.004,0,11326,10720,0.890,1.610,1.380,1,0,3.002,0,0,35,315,0,8,1
04-03 17:15:02,6.474,3.735,84.909,0,0,5973788,158428,111568,1749596,8249437.067,172510.483,0,0,0,0,11055,10912,0.890,1.610,1.380,0,0,5.976,0,0,35,315,0,8,1
04-03 17:15:03,5.756,4.254,86.085,0.250,0,5972236,153892,111580,1755644,6447826.147,134591.032,0,169743.778,0,203.201,9102,8512,0.890,1.610,1.380,0,0,0,0,0,35,315,0,8,1
04-03 17:15:04,6.273,2.760,87.319,0,0,5967912,151148,111580,1762712,7635655.181,160923.498,4.015,104.381,1.004,6.022,11742,10299,0.890,1.610,1.380,3,0,0,0,0,35,315,0,8,1
04-03 17:15:05,6.472,2.987,85.634,0.249,0,5965652,145864,111584,1770236,8309359.534,175853.055,0,111.524,0,8.962,12045,11015,0.890,1.600,1.380,1,0,0,0,0,35,315,0,8,1
04-03 17:15:06,7.002,3.251,86.525,0,0,5965548,156516,111560,1759912,8472871.662,179702.613,4.001,92.027,1.000,5.001,11796,11098,0.890,1.600,1.380,1,0,0,0,0,35,315,0,8,1
04-03 17:15:07,6.995,3.248,86.184,0.250,0,5965708,148728,111572,1767496,8120124.268,175471.465,19.985,135.896,1.998,16.987,10414,10935,0.890,1.600,1.380,1,0,0,0,0,35,315,0,8,1
04-03 17:15:08,8.753,4.251,82.279,0,0,5962652,198932,111568,1720912,8274645.535,173727.023,0,256.090,0,16.006,12016,10511,0.890,1.600,1.380,5,0,0,0,0,35,315,0,8,1
04-03 17:15:09,6.750,3.250,85.750,0,0,5962592,191104,111580,1728788,8495621.482,181823.016,24.000,104.001,3.000,13.000,11951,11247,0.890,1.600,1.380,0,0,1.000,0,0,35,315,0,8,1
04-03 17:15:10,5.995,2.997,86.673,0.250,0,5962152,184132,111612,1736168,7830768.253,166178.136,0,1266.873,0,221.803,11615,10426,0.900,1.590,1.380,1,0,0,0,0,35,315,0,8,1
04-03 17:15:11,6.505,3.002,86.317,0,0,5961128,178840,111612,1742484,6903534.019,146165.867,0,8.006,0,1.001,9959,9092,0.900,1.590,1.380,1,0,0,0,0,35,315,0,8,1
04-03 17:15:12,5.503,2.751,87.293,0.250,0,5960752,171280,111620,1750412,8374864.549,176772.030,0,236.118,0,15.007,10782,11156,0.900,1.590,1.380,1,0,0,0,0,35,315,0,8,1
04-03 17:15:13,6.745,2.498,87.939,0,0,5961016,165232,111620,1756196,6165625.383,131696.823,0,0,0,0,9197,8574,0.900,1.590,1.380,0,0,0,0,0,35,315,0,8,1
04-03 17:15:14,6.780,2.762,87.130,0,0,5960260,158424,111620,1763744,8022615.607,170084.672,0,0,0,0,10623,10681,0.900,1.590,1.380,1,0,0,0,0,35,315,0,8,1
04-03 17:15:15,7.251,3.001,86.266,0,0,5959852,151692,111620,1770884,7814657.203,173083.987,0,4.001,0,1.000,10837,10528,0.830,1.560,1.370,0,0,0,0,0,35,315,0,8,1
04-03 17:15:16,6.490,2.746,87.112,0,0,5959864,162464,111620,1760272,8352491.951,176605.776,31.949,0,1.997,0,12773,11180,0.830,1.560,1.370,1,0,0,0,0,35,315,0,8,1
04-03 17:15:17,7.482,2.494,85.789,0,0,5959948,155432,111652,1767156,7435633.158,163711.530,19.951,243.402,4.988,21.946,11198,9635,0.830,1.560,1.370,2,0,0,0,0,35,315,0,8,1
04-03 17:15:18,5.771,3.513,87.068,0,0.251,5959876,166340,111652,1756332,8053697.036,169641.424,0,0,0,0,10381,10752,0.830,1.560,1.370,1,0,0,0,0,35,315,0,8,1
04-03 17:15:19,6.747,2.999,85.960,0,0,5957720,160792,111660,1764028,8171138.587,173192.727,3.998,63.970,1.000,5.997,11454,11129,0.830,1.560,1.370,2,0,1.000,0,0,35,315,0,8,1
04-03 17:15:20,13.954,3.239,77.494,0.997,0,5957780,152000,111716,1772688,7946462.106,165862.163,1124.287,633.906,71.763,57.809,12364,12207,0.760,1.540,1.360,0,0,0,0,0,35,315,0,8,1
04-03 17:15:21,5.997,3.249,86.962,0,0,5954916,165828,111716,1761708,8173238.278,172945.703,0,11.995,0,1.999,12067,10733,0.760,1.540,1.360,2,0,0,0,0,35,315,0,9,1
04-03 17:15:22,6.252,3.251,87.031,0,0,5954860,158432,111716,1769260,8160310.222,178283.931,0,24.009,0,2.001,11531,10883,0.760,1.540,1.360,0,0,0,0,0,35,315,0,9,1
04-03 17:15:23,5.778,2.763,86.414,0,0,5955808,167996,111728,1758720,8238415.299,175988.100,0,349.677,0,21.101,11405,10891,0.760,1.540,1.360,1,0,0,0,0,35,315,0,9,1
04-03 17:15:24,6.202,2.977,86.326,0,0,5961224,155320,111732,1766072,7826388.594,168620.614,47.628,95.256,2.977,11.907,10748,10967,0.760,1.540,1.360,1,0,0,0,0,35,315,0,9,1
04-03 17:15:25,6.762,3.506,85.397,0.250,0,5954852,171984,111792,1755704,8242537.741,179152.633,64.110,380.656,4.007,36.062,11404,11630,0.780,1.530,1.360,0,0,0,0,0,35,315,0,8,1
04-03 17:15:26,6.249,3.250,86.242,0.250,0.250,5954760,164840,111796,1762972,8094313.344,179649.406,0,25817.615,0,281.974,11051,10874,0.780,1.530,1.360,0,0,0,0,0,35,315,0,8,1
04-03 17:15:27,6.527,3.012,86.107,0,0,5955384,156272,111812,1770900,8431456.182,178356.022,0,140.583,0,18.075,11350,10987,0.780,1.530,1.360,1,0,0,0,0,35,315,0,8,1
04-03 17:15:28,15.520,6.509,74.348,0.501,0,5972116,168048,111828,1742384,8174141.671,173358.702,260.343,428.565,3.004,28.037,10968,10831,0.780,1.530,1.360,2,0,4.005,0,0,35,315,0,8,1
04-03 17:15:29,26.222,8.741,62.433,0.250,0,5996376,171316,111836,1715136,8331331.484,180783.759,511.450,168838.593,3.996,241.740,12321,11694,0.780,1.530,1.360,1,0,5.994,0,0,35,315,0,7,1
04-03 17:15:30,17.480,6.243,72.415,0,0,5990840,186608,111844,1705556,8215733.521,176247.746,259.696,111.869,2.996,8.989,14450,11090,0.800,1.520,1.360,1,0,2.996,0,0,35,315,0,7,1
04-03 17:15:31,6.012,3.257,86.926,0,0,5989836,179664,111844,1713504,8489762.607,184959.494,0,781.578,0,153.310,11561,11179,0.800,1.520,1.360,0,0,0,0,0,35,315,0,7,1
04-03 17:15:32,7.494,2.748,85.680,0,0,5983240,178368,111844,1721396,8535532.482,184944.576,0,0,0,0,11228,10889,0.800,1.520,1.360,0,0,0,0,0,35,315,0,7,1
04-03 17:15:33,5.960,3.477,85.430,0,0,5980008,173896,111844,1729100,8234163.620,186478.067,15.894,3.973,0.993,0.993,13512,11006,0.800,1.520,1.360,0,0,0,0,0,35,315,0,7,1
04-03 17:15:34,7.518,3.258,85.709,0.251,0,5977664,168320,111872,1736992,8626903.251,190656.530,20.049,188.459,2.005,17.042,11634,11581,0.800,1.520,1.360,0,0,0,0,0,35,315,0,7,1
04-03 17:15:35,6.990,2.996,85.376,0,0,5974592,164048,111892,1744316,7729971.703,163566.430,0,195.716,0,18.972,10630,10453,0.740,1.490,1.350,0,0,0,0,0,35,315,0,8,1
04-03 17:15:36,6.520,3.260,86.518,0,0,5974088,157520,111892,1751348,7593410.114,159409.530,0,8.025,0,2.006,10314,10100,0.740,1.490,1.350,0,0,0,0,0,35,315,0,8,1
04-03 17:15:37,7.251,3.251,85.513,0,0.250,5973328,168872,111924,1741392,8203571.646,174079.027,16.002,384.060,1.000,30.005,11387,11273,0.740,1.490,1.350,1,0,0,0,0,35,315,0,7,1
04-03 17:15:38,9.235,5.242,81.870,0,0,5967236,203400,111936,1713936,6885896.953,151019.076,0,179.716,0,13.978,10529,9882,0.740,1.490,1.350,0,0,3.994,0,0,35,315,0,7,1
04-03 17:15:39,8.508,2.502,84.329,0.250,0,5966464,196360,111948,1721736,8258018.312,176753.309,16.015,156.146,1.001,14.013,13396,12084,0.740,1.490,1.350,0,0,1.001,0,0,35,315,0,7,1
04-03 17:15:40,9.747,4.249,81.727,0.250,0,5960804,195124,111964,1728616,8089721.655,173423.351,15.996,339.905,1.000,28.992,11227,11637,0.760,1.480,1.350,0,0,0,0,0,35,315,0,7,1
04-03 17:15:41,7.253,2.251,86.286,0,0,5960900,187556,111968,1736084,8361609.332,176522.592,0,84.036,0,4.002,10738,11196,0.760,1.480,1.350,1,0,0,0,0,35,315,0,7,1
04-03 17:15:42,5.022,2.511,88.643,0,0,5960804,179488,111968,1744248,8477442.951,186134.042,0,0,0,0,12329,11929,0.760,1.480,1.350,0,0,0,0,0,35,315,0,7,1
04-03 17:15:43,8.440,4.468,82.662,0.248,0,5960672,171928,111992,1751916,8176777.520,181648.863,15.887,254.193,0.993,17.873,13587,14379,0.760,1.480,1.350,2,0,1.986,0,0,35,315,0,7,1
04-03 17:15:44,10.562,10.814,76.703,0.251,0,5963076,166204,112008,1755220,3433508.301,67317.637,0,100.594,0,9.053,7992,7049,0.760,1.480,1.350,1,0,174.028,0,0,35,314,0,7,1
04-03 17:15:45,24.922,7.477,65.047,0.498,0,5998632,165672,112028,1720224,18495.377,1453.472,35.888,187.416,2.991,15.950,4229,4023,0.860,1.490,1.350,1,0,59.814,0,0,35,314,0,7,1
04-03 17:15:46,32.313,7.014,57.863,2.004,0,6043696,171364,112076,1670116,17769.580,1460.843,128.250,0,17.033,0,4116,10995,0.860,1.490,1.350,1,0,36.070,0,0,35,319,0,8,1
04-03 17:15:47,18.761,3.002,68.792,7.755,0,6045312,168844,112288,1670808,16557.147,1620.993,880.540,1572.964,90.055,294.180,3515,4012,0.860,1.490,1.350,1,0,0,0,0,35,324,0,10,1
04-03 17:15:48,26.434,4.489,66.336,0.499,0,6051356,198592,112316,1635420,12859.120,1454.394,12688.543,331.179,156.612,22.943,5958,7772,0.860,1.490,1.350,2,0,0,0,0,35,337,0,13,1
04-03 17:15:49,29.489,7.247,60.726,0,0,6053096,187308,112368,1645132,9281.401,1457.435,22663.211,299.884,177.931,31.988,8334,11346,0.860,1.490,1.350,3,0,1.000,0,0,35,341,0,16,0
04-03 17:15:50,35.852,16.046,46.633,0.752,0,6052724,253392,112176,1585436,11333.290,1624.629,64162.810,117246.053,501.429,492.403,13134,18449,1.030,1.520,1.360,2,0,1.003,0,0,35,341,0,13,0
04-03 17:15:51,34.803,11.518,49.325,0.250,0,6047728,204328,112188,1642396,16549.161,1460.220,43325.872,192.292,349.531,13.020,12903,18764,1.030,1.520,1.360,6,0,0,0,0,35,341,0,14,0
04-03 17:15:52,34.185,14.473,48.408,0.250,0,6063068,186132,81780,1686084,13893.603,1616.928,58385.074,47270.191,659.747,132.748,13050,18692,1.030,1.520,1.360,3,0,0,0,0,35,341,0,14,0
04-03 17:15:53,34.546,13.017,48.565,0.250,0,6049032,289840,58784,1635336,15055.062,1459.945,63140.137,65739.601,653.871,106.141,13419,19413,1.030,1.520,1.360,2,0,0,0,0,35,341,0,14,0
04-03 17:15:54,36.004,14.752,46.255,0.500,0,6051740,215136,54740,1725284,15755.857,1458.172,66675.860,90222.635,597.070,147.017,13734,19727,1.030,1.520,1.360,3,0,1.000,0,0,35,341,0,13,0
04-03 17:15:55,36.022,14.009,46.779,0.250,0,6049172,270668,18596,1713348,17169.538,1663.021,66512.823,97191.652,523.321,142.087,13582,19509,1.030,1.510,1.360,2,0,0,0,0,35,341,0,13,0
04-03 17:15:56,35.006,13.252,47.508,1.000,0,6058816,254120,16192,1727392,12549.085,1458.242,65762.927,37910.299,521.087,234.039,13538,19401,1.030,1.510,1.360,5,1,0,0,0,35,341,0,13,0
04-03 17:15:57,34.694,14.976,44.179,2.746,0,6051140,539632,13932,1455284,10761.742,1455.666,65431.072,186976.157,518.169,288.537,13225,18820,1.030,1.510,1.360,1,0,0,0,0,35,341,0,13,0
04-03 17:15:58,33.795,9.262,53.571,0.250,0,6051772,417104,13996,1577116,10299.667,1622.153,61521.638,472.627,480.638,37.049,12156,17912,1.030,1.510,1.360,3,0,0,0,0,35,341,0,13,0
04-03 17:15:59,34.255,10.251,51.257,0.750,0,6050768,289796,14060,1705364,21057.848,1458.197,64188.681,204.028,516.070,24.003,13037,18986,1.030,1.510,1.360,3,0,1.000,0,0,35,341,0,13,0
04-03 17:16:00,35.463,15.983,46.202,0.499,0,6066144,185264,8624,1805616,18536.554,1456.472,58434.697,109197.443,458.519,239.748,11841,16695,1.180,1.540,1.370,2,0,0,0,0,35,341,0,13,0
04-03 17:16:01,33.527,12.260,50.291,0,0,6064648,267824,8488,1728560,15629.804,1459.195,59680.892,460.377,488.400,28.023,12383,17626,1.180,1.540,1.370,3,0,0,0,0,35,341,0,13,0
04-03 17:16:02,24.244,11.997,47.989,12.997,0,6055224,467380,8736,1538516,72052.350,1619.626,19363.526,184841.287,181.958,355.918,9239,13140,1.180,1.540,1.370,1,0,6.998,0,0,35,336,0,17,0
04-03 17:16:03,10.964,8.473,67.282,10.466,0,5988704,531240,10068,1539848,23547.636,1453.287,2081.251,761.530,88.712,48.842,3863,3765,1.180,1.540,1.370,1,0,113.631,0,0,35,336,0,17,0
04-03 17:16:04,13.956,3.987,68.037,11.962,0,6010932,505032,12948,1540948,12451.928,1453.439,3947.613,119.625,223.299,16.947,2902,3286,1.180,1.540,1.370,0,1,0,0,0,35,336,0,17,0
04-03 17:16:05,18.782,3.506,68.617,7.763,0,6042280,469764,14748,1543080,9319.830,1460.481,3726.329,188.320,327.556,17.029,3083,3240,1.170,1.530,1.370,0,1,0,0,0,35,336,0,18,0
04-03 17:16:06,11.011,3.253,68.822,16.017,0,6049952,458448,18288,1543184,17279.004,1621.690,3687.843,276.288,240.250,31.032,2724,3155,1.170,1.530,1.370,2,0,0,0,0,35,336,0,17,0
04-03 17:16:07,14.488,1.749,68.943,12.240,0,6061864,445372,19284,1543352,16163.607,1456.793,1131.063,1079.106,140.883,210.825,2917,3119,1.170,1.530,1.370,0,1,0,0,0,35,336,0,17,0
04-03 17:16:08,16.995,4.749,65.230,11.496,0,6098344,405808,21964,1543756,9391.111,1457.552,2971.086,267.918,547.831,17.994,3448,3864,1.170,1.530,1.370,1,0,0,0,0,35,336,0,17,0
04-03 17:16:09,8.002,2.251,68.019,19.756,0,6082544,420480,22540,1544308,15548.359,1552.435,1088.305,128.036,163.046,14.004,2654,3241,1.170,1.530,1.370,0,1,1.000,0,0,35,336,0,17,0
04-03 17:16:10,16.078,3.517,66.825,10.802,0,6000276,501288,23100,1545208,15060.135,1465.115,1390.754,301.464,127.620,26.127,3693,4220,1.160,1.520,1.360,1,0,14.068,0,0,35,336,0,19,0
04-03 17:16:11,24.390,5.226,69.437,0,0,6054708,446856,23100,1545208,19141.731,1558.974,0,0,0,0,3197,2923,1.160,1.520,1.360,3,0,27.874,0,0,35,336,0,19,0
04-03 17:16:12,26.683,3.242,62.841,5.486,0,6072852,424176,23340,1549504,12818.616,1508.190,4400.882,343.133,55.859,49.874,3634,3788,1.160,1.520,1.360,1,0,0,0,0,35,337,0,19,0
04-03 17:16:13,15.532,8.267,67.136,7.515,0,6060028,435020,24008,1550816,9205.699,1460.968,757.539,5330.828,50.102,267.543,4885,5515,1.160,1.520,1.360,0,1,95.193,0,0,35,337,0,19,0
04-03 17:16:14,9.264,15.273,66.599,7.010,0,6053040,441516,24224,1551092,18731.937,1460.178,412.615,368.550,38.057,31.046,5539,4999,1.160,1.520,1.360,1,1,216.323,0,0,35,337,0,19,0
04-03 17:16:15,9.518,19.036,64.871,3.757,0,6041100,452992,24248,1551516,15621.204,1568.933,332.622,52.097,32.060,11.021,6097,5515,1.220,1.530,1.370,2,0,265.496,0,0,35,337,0,19,0
04-03 17:16:16,13.438,17.170,59.226,7.714,0,6049176,442796,24540,1553844,9489.034,1505.027,2138.093,103.520,80.626,8.958,7260,8650,1.220,1.530,1.370,1,3,274.727,0,0,35,337,0,19,0
04-03 17:16:17,8.741,3.996,62.434,21.977,0.250,6044808,443104,27492,1554972,16368.702,1456.461,4027.744,247.738,326.655,22.976,3444,3688,1.220,1.530,1.370,1,0,2.997,0,0,35,337,0,19,0
04-03 17:16:18,22.672,11.336,62.978,2.519,0,6020424,466520,27692,1555212,14142.285,1469.145,733.565,2454.621,114.871,386.935,5587,7428,1.220,1.530,1.370,1,0,97.741,0,0,35,337,0,19,0
04-03 17:16:19,34.549,11.682,35.295,16.405,0,6075308,408680,28472,1557864,17219.927,1449.576,2891.198,250.544,154.104,15.908,5237,4302,1.220,1.530,1.370,1,1,121.295,0,0,35,338,0,19,0
04-03 17:16:20,30.539,4.005,45.808,17.522,0,6110144,368196,29336,1562648,12010.172,1567.981,5494.941,236.299,279.353,23.029,3967,3704,1.290,1.530,1.370,2,1,0,0,0,35,338,0,19,0
04-03 17:16:21,30.730,4.747,45.221,16.989,0,6138200,333672,29772,1568680,9129.174,1511.036,6028.153,243.844,295.811,30.980,4208,4535,1.290,1.530,1.370,5,0,0,0,0,35,338,0,20,0
04-03 17:16:22,33.725,3.997,45.716,15.488,0,6189120,279996,30212,1570996,16048.012,1456.912,2162.385,759.433,205.846,32.975,4072,3571,1.290,1.530,1.370,2,0,0,0,0,35,338,0,19,0
04-03 17:16:23,31.123,9.538,54.214,3.263,0,6190524,276184,30588,1573032,12854.632,1572.193,1369.394,1028.049,93.368,64.253,4946,4068,1.290,1.530,1.370,3,0,118.467,0,0,35,337,0,19,0
04-03 17:16:24,22.426,7.974,66.033,1.495,0,6239332,227228,30636,1573132,16171.775,1507.040,79.738,275.095,3.987,19.934,4028,3786,1.290,1.530,1.370,1,0,80.734,0,0,35,337,0,19,0
04-03 17:16:25,26.001,2.750,66.754,2.250,0,6268864,197336,30700,1573428,12508.680,1458.079,288.016,428.023,15.001,30.002,3242,3242,1.260,1.520,1.370,1,0,0,0,0,35,337,0,19,0
04-03 17:16:26,19.173,2.988,68.228,8.217,0,6266124,198664,30880,1574664,14991.130,1971.128,1390.447,151.395,75.698,12.948,3527,4039,1.260,1.520,1.370,1,1,0,0,0,35,340,0,19,0
04-03 17:16:27,17.849,3.520,68.632,8.799,0,6274596,186876,31428,1577432,15727.572,1574.768,3238.030,156.873,219.221,24.134,3283,3515,1.260,1.520,1.370,2,0,1.006,0,0,35,342,0,19,0
04-03 17:16:28,31.193,7.237,55.398,4.242,0,6261160,199376,31572,1578224,8247.844,1455.326,978.202,103.809,44.917,7.985,3819,3173,1.260,1.520,1.370,3,0,53.901,0,0,35,341,0,19,0
04-03 17:16:29,43.926,9.538,45.934,0,0,6306684,186660,31100,1547048,9217.960,1518.087,522.093,8.032,5.020,1.004,4065,2905,1.260,1.520,1.370,3,0,7.028,0,0,35,341,0,19,0
04-03 17:16:30,36.561,8.264,52.838,0.751,0,6227136,281568,31052,1531968,17182.664,1460.436,693.156,160.267,22.037,12.020,4528,3993,1.240,1.520,1.370,2,0,37.062,0,0,35,341,0,19,0
04-03 17:16:31,23.880,5.472,69.400,0,0,6272796,235892,31068,1531968,12622.370,1558.145,0,119.398,0,7.960,3109,2813,1.240,1.520,1.370,1,0,22.885,0,0,35,341,0,19,0
04-03 17:16:32,27.038,2.754,68.596,0,0,6298476,210192,31084,1531972,81724.870,1556.187,0,128.180,0,10.014,3233,2809,1.240,1.520,1.370,1,0,0,0,0,35,343,0,20,0
04-03 17:16:33,22.460,6.239,66.632,2.745,0,6261776,246788,31148,1532012,12642.602,1455.422,39.929,4344.304,3.993,570.988,3936,3648,1.240,1.520,1.370,2,0,41.926,0,0,35,341,0,20,0
04-03 17:16:34,26.247,3.000,69.492,0.500,0,6289016,219100,31164,1532444,15239.280,1457.835,295.967,443.950,8.999,8.999,3109,2761,1.240,1.520,1.370,1,0,1.000,0,0,35,341,0,20,0
04-03 17:16:35,26.019,3.753,67.799,0.500,0,6296776,211316,31196,1532436,15116.876,1459.050,0,216.156,0,14.010,3217,2949,1.220,1.510,1.360,1,0,0,0,0,35,344,0,20,0
04-03 17:16:36,24.564,4.011,68.930,1.253,0,6234476,273300,31344,1532604,12097.678,1461.828,236.620,316.830,14.037,25.066,3413,3257,1.220,1.510,1.360,1,0,27.071,0,0,35,345,0,20,0
04-03 17:16:37,23.435,5.983,68.809,0,0,6286296,221416,31384,1532628,10648.482,1615.522,15.956,127.646,0.997,15.956,3374,3246,1.220,1.510,1.360,1,0,36.898,0,0,35,345,0,20,0
04-03 17:16:38,28.588,3.762,62.191,4.263,0,6330548,175828,31424,1533924,17460.744,1462.502,862.655,164.506,17.052,18.056,3506,3159,1.220,1.510,1.360,5,0,2.006,0,0,35,346,0,20,0
04-03 17:16:39,29.096,6.963,58.938,2.736,0,6311384,218840,31384,1510160,11971.598,1450.319,5395.425,501.345,67.642,44.763,4623,4830,1.220,1.510,1.360,2,0,44.763,0,0,35,345,0,20,0
04-03 17:16:40,27.826,4.011,64.927,2.005,0,6343296,185824,31440,1511208,15467.278,1461.996,529.447,220.603,17.047,22.060,3577,3810,1.360,1.530,1.370,1,0,0,0,0,35,345,0,20,0
04-03 17:16:41,23.082,8.279,64.729,2.509,0,6258964,259956,31632,1521216,15185.633,1463.168,9220.565,289.021,87.308,22.078,4597,4499,1.360,1.530,1.370,2,0,67.237,0,0,35,345,0,20,0
04-03 17:16:42,10.749,19.998,65.994,0.750,0,6258940,249276,31660,1531892,15863.572,1619.854,9899.109,115.990,84.992,6.999,6259,5461,1.360,1.530,1.370,2,0,286.974,0,0,35,345,0,20,0
04-03 17:16:43,6.225,2.490,88.894,0,0,6250516,247352,31676,1542224,12135.401,1452.184,9689.198,115.537,75.697,6.972,2701,3172,1.360,1.530,1.370,0,0,24.900,0,0,35,345,0,20,0
04-03 17:16:44,28.306,7.014,63.626,0.250,0,6289400,198032,31740,1552596,8094.078,1460.902,9779.425,669.330,78.155,46.092,5175,6609,1.360,1.530,1.370,3,0,9.018,0,0,35,345,0,20,0
04-03 17:16:45,30.159,3.988,63.059,0.748,0,6310124,168316,31756,1561572,15283.714,1453.598,8266.964,87.734,84.743,6.979,3989,4137,1.500,1.560,1.380,1,0,0.997,0,0,35,345,0,20,0
04-03 17:16:46,32.135,13.306,50.965,3.013,0,6253480,248008,31780,1539464,12657.314,1626.852,8266.821,196.829,88.372,16.068,6286,15646,1.500,1.560,1.380,1,0,151.639,0,0,35,351,0,23,0
04-03 17:16:47,13.981,15.229,65.411,3.495,0,6248368,241972,31972,1550280,9111.576,1456.015,10289.969,259.646,131.820,23.967,5561,4988,1.500,1.560,1.380,2,0,126.827,0,0,35,351,0,22,0
04-03 17:16:48,15.295,17.051,66.698,0,0,6244220,235776,31996,1560600,15671.589,1462.347,9773.054,148.441,80.239,10.030,5943,5104,1.500,1.560,1.380,1,0,160.477,0,0,35,351,0,22,0
04-03 17:16:49,13.709,16.949,65.801,0.498,0,6240788,228760,32052,1570960,12392.519,1453.604,9874.136,3796.517,79.759,499.489,6309,5625,1.500,1.560,1.380,3,0,164.502,0,0,35,351,0,22,0
04-03 17:16:50,13.972,16.716,66.117,0.748,0,6241896,216792,32216,1581640,16054.787,1455.080,9956.024,195.608,84.830,14.970,5817,5076,1.460,1.550,1.380,1,0,175.648,0,0,35,351,0,22,0
04-03 17:16:51,21.733,4.497,65.950,5.746,0,6274696,172684,32700,1592464,12888.178,1618.766,10719.831,503.616,132.899,36.972,3345,3524,1.460,1.550,1.380,1,0,0.999,0,0,35,353,0,15,0
04-03 17:16:52,19.757,4.752,66.023,8.503,0,6289444,177168,33424,1573248,9516.346,1458.513,12868.525,4.001,269.095,1.000,3390,3420,1.460,1.550,1.380,1,0,1.000,0,0,35,353,0,15,0
04-03 17:16:53,20.728,4.246,66.180,6.493,0,6315696,169636,33792,1554688,14945.289,1456.469,12846.495,0,299.685,0,3365,3444,1.460,1.550,1.380,1,0,0,0,0,35,353,0,15,0
04-03 17:16:54,17.017,3.754,64.814,11.762,0.250,6336336,179292,34372,1524568,12641.452,1459.438,15411.181,128.126,390.385,13.013,3709,4098,1.460,1.550,1.380,0,1,0,0,0,35,353,0,15,0
04-03 17:16:55,18.007,4.252,65.276,10.004,0,6350296,169428,34892,1520084,8941.536,1620.641,10572.181,388.154,331.131,33.013,3777,4170,1.420,1.540,1.380,2,0,2.001,0,0,35,353,0,14,0
04-03 17:16:56,27.325,2.507,64.929,3.760,0,6359344,173284,35000,1507248,15761.342,1462.020,1082.978,348.960,80.221,41.113,3975,4188,1.420,1.540,1.380,1,0,2.006,0,0,35,357,0,14,0
04-03 17:16:57,25.677,4.487,65.065,2.742,0,6263728,268232,35080,1507836,11615.985,1453.868,195.445,299.150,4.986,32.906,3496,3527,1.420,1.540,1.380,3,0,4.986,0,0,35,353,0,14,0
04-03 17:16:58,27.011,4.002,67.028,1.501,0,6311404,218480,35200,1509792,15614.588,1458.615,1396.589,128.054,32.014,11.005,3423,3394,1.420,1.540,1.380,2,0,0,0,0,35,353,0,14,0
04-03 17:16:59,27.556,5.010,65.633,0,0,6349328,178028,35216,1512304,15134.591,1623.281,2000.043,400.810,20.041,42.085,3626,3399,1.420,1.540,1.380,3,0,4.008,0,0,35,353,0,14,0
04-03 17:17:00,25.437,2.494,66.336,3.990,0,6351136,187328,35276,1501304,11974.443,1496.307,2944.731,486.798,60.850,31.921,3700,4067,1.390,1.530,1.370,1,0,0.998,0,0,35,359,0,14,0
04-03 17:17:01,26.995,5.999,61.739,3.499,0.250,6343748,194060,35408,1501828,17103.995,1457.744,175.969,0,10.998,0,3678,3351,1.390,1.530,1.370,1,0,17.997,0,0,35,353,0,14,0
04-03 17:17:02,33.005,6.001,60.009,0,0,6370176,181692,35408,1488324,79956.063,1458.220,544.082,4.001,10.002,1.000,3758,3226,1.390,1.530,1.370,4,0,6.001,0,0,35,351,0,14,2
04-03 17:17:03,27.291,5.258,65.849,0.250,0,6292664,258600,35432,1488968,15765.640,1622.433,0,132.198,0,10.015,3798,3480,1.390,1.530,1.370,1,0,56.084,0,0,35,351,0,10,2
04-03 17:17:04,11.042,18.319,67.254,2.008,0,6280840,269336,35584,1489920,13899.533,1626.146,895.384,289.093,24.091,9.034,5593,5173,1.390,1.530,1.370,1,0,244.926,0,0,35,351,0,10,2
04-03 17:17:05,12.246,13.495,65.226,6.748,0,6279368,268632,36316,1491364,17360.720,2439.118,1151.583,183.933,70.974,10.996,5327,5049,1.350,1.520,1.370,2,0,203.926,0,0,35,351,0,11,2
04-03 17:17:06,19.898,6.964,66.410,6.218,0,6291852,250960,36412,1496456,15498.711,1703.286,4747.712,1683.388,298.473,79.593,4483,4548,1.350,1.520,1.370,2,0,80.588,0,0,35,351,0,11,2
04-03 17:17:07,22.830,4.516,65.982,4.516,0.251,6305524,234728,37516,1497912,8987.577,1555.465,1794.304,156.550,73.257,12.042,3481,3466,1.350,1.520,1.370,1,0,17.060,0,0,35,351,0,10,2
04-03 17:17:08,18.445,3.490,71.040,4.985,0,6315120,221644,37772,1501144,17849.236,3688.098,1898.388,279.175,48.856,14.956,3258,3341,1.350,1.520,1.370,1,0,15.953,0,0,35,352,0,10,2
04-03 17:17:09,23.742,4.748,61.729,7.997,0,6325692,205636,38972,1505380,17824.009,1979.335,899.698,715.759,45.985,19.993,3583,3505,1.350,1.520,1.370,1,0,2.999,0,0,35,351,0,10,2
04-03 17:17:10,26.265,3.752,65.037,2.251,0,6316100,212336,39092,1508152,13860.796,1542.868,1092.615,3065.724,25.014,407.229,4034,3855,1.330,1.510,1.370,2,0,4.002,0,0,35,351,0,10,2
04-03 17:17:11,21.489,3.248,71.463,2.749,0,6315128,210436,39200,1510916,22205.462,4556.632,2138.889,343.821,39.979,13.993,3278,3234,1.330,1.510,1.370,2,1,15.992,0,0,35,352,0,10,2
04-03 17:17:12,25.282,3.755,66.584,2.753,0,6295092,224068,39764,1516752,15302.398,1865.365,364.462,849.076,23.029,13.017,3359,3120,1.330,1.510,1.370,1,1,3.004,0,0,35,351,0,8,2
04-03 17:17:13,17.716,6.238,62.132,9.981,0,6295532,209288,40660,1530196,15645.386,1739.707,13135.138,311.411,377.286,14.972,11264,19914,1.330,1.510,1.370,0,1,10.979,0,0,35,351,0,8,2
04-03 17:17:14,16.802,5.266,67.960,7.774,0,6270208,219488,46004,1539976,12406.316,2065.379,14625.169,92.285,960.968,3.009,4139,4662,1.330,1.510,1.370,1,0,0,0,0,35,352,0,8,2
04-03 17:17:15,9.478,2.993,82.556,2.744,0,6267188,214264,46232,1547992,18594.257,4900.472,6768.078,13448.363,85.798,116.725,2868,3144,1.300,1.500,1.370,0,0,0,0,0,35,352,0,8,2
04-03 17:17:16,18.271,4.005,71.580,4.505,0,6291572,187920,46668,1549524,22515.302,2522.835,812.914,220.248,52.059,6.007,4361,5857,1.300,1.500,1.370,2,0,5.006,0,0,35,352,0,8,2
04-03 17:17:17,25.805,8.017,63.135,1.253,0,6301444,167936,46748,1559556,15105.198,1692.608,9283.789,537.145,75.160,14.030,9343,15823,1.300,1.500,1.370,1,0,15.032,0,0,35,352,0,8,2
04-03 17:17:18,27.903,3.986,66.021,0.249,0,6277900,200368,46924,1550844,8756.571,1452.951,4085.802,757.368,35.875,34.879,3485,3634,1.300,1.500,1.370,2,0,0.997,0,0,35,352,0,8,2
04-03 17:17:19,17.293,13.283,67.167,0.752,0,6242340,245560,47128,1541008,15857.510,1798.481,12.030,1078.688,3.007,31.077,5251,4934,1.300,1.500,1.370,1,0,190.475,0,0,35,351,0,8,2
04-03 17:17:20,24.364,8.701,65.386,0,0,6284352,196216,47144,1548324,11517.793,1789.027,6635.013,79.557,56.684,6.961,4000,3807,1.270,1.490,1.360,1,0,78.562,0,0,35,351,0,8,2
04-03 17:17:21,29.097,2.759,66.471,0.251,0,6300812,187952,47264,1540584,16031.420,1573.242,7332.433,4.013,61.204,1.003,3282,2981,1.270,1.490,1.360,1,0,0,0,0,35,351,0,9,2
04-03 17:17:22,27.874,3.484,65.454,1.244,0,6311124,167712,47264,1550512,11814.549,1614.695,9317.844,3.982,83.622,0.995,3671,3391,1.270,1.490,1.360,1,0,0,0,0,35,351,0,12,2
04-03 17:17:23,17.558,12.793,66.471,1.505,0,6265004,222468,45484,1543928,9287.910,1571.229,6361.170,0,54.180,0,4725,4449,1.270,1.490,1.360,1,0,156.521,0,0,35,351,0,12,2
04-03 17:17:24,28.888,3.768,65.815,0.502,0,6307020,170424,45516,1553924,15374.617,1686.073,9517.572,213.020,77.370,12.058,3744,3556,1.270,1.490,1.360,1,0,0,0,0,35,351,0,12,2
04-03 17:17:25,25.417,5.980,65.784,0.249,0,6253824,230116,45472,1548080,14233.245,1562.866,9141.969,1642.604,74.754,288.054,4468,4498,1.250,1.480,1.360,1,0,69.771,0,0,35,351,0,12,2
04-03 17:17:26,27.159,5.482,66.030,0,0,6298224,179580,45472,1554216,10024.530,1724.243,5310.270,3.987,41.860,0.997,3382,3161,1.250,1.480,1.360,2,0,0,0,0,35,351,0,12,2
04-03 17:17:27,28.348,3.010,66.229,0.753,0,6313072,176812,45392,1542484,15218.701,1463.066,3532.232,184.639,34.118,21.073,3749,3735,1.250,1.480,1.360,1,0,0,0,0,35,351,0,12,2
04-03 17:17:28,34.478,9.494,54.715,0,0,6293144,186236,45440,1552940,15297.272,1457.073,9977.655,439.720,77.950,31.980,4597,3952,1.250,1.480,1.360,5,0,58.963,0,0,35,351,0,12,2
04-03 17:17:29,47.414,9.533,41.895,0.251,0,6339036,179712,45312,1514068,16950.484,2478.552,6626.865,0,56.194,0,4760,3701,1.250,1.480,1.360,5,0,7.024,0,0,35,351,0,12,2
04-03 17:17:30,35.895,7.977,52.596,1.496,0,6259008,251096,45448,1522608,12171.365,1453.744,8375.478,0,76.775,0,4599,4063,1.230,1.480,1.360,1,0,34.898,0,0,35,351,0,15,2
04-03 17:17:31,25.217,4.494,68.162,0,0,6293380,206484,45448,1532848,8614.891,1456.122,9715.472,0,75.902,0,3179,3104,1.230,1.480,1.360,3,0,0,0,0,35,351,0,15,2
04-03 17:17:32,28.017,4.002,65.540,0,0,6309052,182532,45448,1541128,82254.835,1512.917,7764.704,12.007,63.038,2.001,3769,3336,1.230,1.480,1.360,2,0,0,0,0,35,353,0,15,2
04-03 17:17:33,25.235,6.746,65.961,0.750,0,6269484,215692,45552,1547432,11866.970,1565.073,5644.656,627.628,52.969,46.972,4293,4447,1.230,1.480,1.360,1,0,46.972,0,0,35,351,0,16,2
04-03 17:17:34,28.844,4.264,65.463,0.502,0,6312904,167552,45624,1552080,15182.317,1462.751,4205.661,220.717,38.124,28.091,3606,3619,1.230,1.480,1.360,2,0,0,0,0,35,352,0,16,2
04-03 17:17:35,27.920,5.734,64.815,0.249,0,6239600,250464,45656,1542472,15348.243,1453.855,5097.467,410.829,42.878,33.903,4140,4061,1.290,1.490,1.360,1,0,31.909,0,0,35,351,0,20,2
04-03 17:17:36,26.733,4.747,66.457,0,0.250,6285528,194288,45664,1552712,17723.619,1457.064,9721.757,79.949,75.951,5.996,3452,3220,1.290,1.490,1.360,1,0,0,0,0,35,351,0,18,2
04-03 17:17:37,29.035,4.756,64.578,1.001,0,6304972,180688,45704,1546828,15577.735,1513.821,8934.746,268.323,77.093,34.041,3971,3948,1.290,1.490,1.360,1,0,0,0,0,35,352,0,19,2
04-03 17:17:38,15.496,10.997,66.232,4.999,0,6265836,218148,45940,1548268,10239.278,2118.437,819.782,851.774,57.985,61.984,5092,5136,1.290,1.490,1.360,0,1,179.952,0,0,35,352,0,19,2
04-03 17:17:39,10.248,3.999,76.983,6.249,0,6300400,181776,46376,1549640,8012.244,1919.579,1375.698,203.955,259.943,12.997,3117,3950,1.290,1.490,1.360,0,0,2.000,0,0,35,352,0,19,2
04-03 17:17:40,6.775,3.011,87.073,1.004,0,6297392,183864,46476,1550460,31880.272,3798.090,268.998,393.460,16.060,37.138,2953,3535,1.270,1.480,1.360,2,0,17.063,0,0,35,351,0,19,3
04-03 17:17:41,8.469,6.725,81.947,0,0,6263376,217208,46492,1551116,22136.178,3135.411,0,2247.692,0,384.578,4064,4174,1.270,1.480,1.360,0,0,107.602,0,0,35,352,0,19,2
04-03 17:17:42,9.526,12.785,74.203,1.755,0,6250344,224948,46496,1556404,48754.646,2580.072,4869.348,8.022,51.140,2.005,5282,4593,1.270,1.480,1.360,0,1,195.536,0,0,35,351,0,19,2
04-03 17:17:43,17.171,4.231,66.445,9.208,0,6275352,187928,46828,1568084,12451.776,1558.836,11069.130,434.005,239.898,24.886,3570,3723,1.270,1.480,1.360,2,0,17.918,0,0,35,351,0,19,2
04-03 17:17:44,23.370,4.774,67.597,3.769,0,6281064,197044,41292,1558856,16358.896,1465.516,15792.994,751.856,714.665,12.062,4233,4645,1.270,1.480,1.360,8,0,3.015,0,0,35,351,0,19,2
04-03 17:17:45,27.881,4.481,65.719,0.498,0,6288140,176376,41476,1572260,12803.186,1451.785,9758.222,394.312,82.646,2.987,3811,3707,1.410,1.500,1.370,0,1,15.932,0,0,35,351,0,19,2
04-03 17:17:46,21.618,5.279,68.123,2.765,0,6308312,184076,39372,1549472,21583.163,5967.672,10984.136,2566.049,113.622,116.639,4539,7995,1.410,1.500,1.370,5,0,34.187,0,0,35,351,0,19,4
04-03 17:17:47,27.994,6.749,58.488,5.249,0,6272800,206452,39520,1560376,8907.239,1769.650,12005.626,1791.646,107.979,76.985,5365,12516,1.410,1.500,1.370,0,1,31.994,0,0,35,351,0,20,2
04-03 17:17:48,18.523,16.271,56.321,7.009,0,6258256,207600,39864,1573428,16800.189,1567.978,11682.735,1986.505,138.174,71.090,7116,7542,1.410,1.500,1.370,1,0,274.346,0,0,35,351,0,19,2
04-03 17:17:49,28.594,5.719,63.901,0.249,0,6284032,186788,39140,1569596,13593.667,1450.071,9691.007,214.825,76.581,19.891,3878,3687,1.410,1.500,1.370,4,0,3.978,0,0,35,351,0,19,2
04-03 17:17:50,27.724,4.496,65.688,0.250,0,6314324,180804,38300,1546556,15293.542,1456.623,5314.975,51.951,43.958,6.993,3564,3235,1.380,1.490,1.370,1,0,0,0,0,35,351,0,19,2
04-03 17:17:51,26.148,7.291,65.874,0,0,6256696,228304,38336,1556680,11992.022,1466.317,9783.495,4163.617,76.434,41.234,4182,4063,1.380,1.490,1.370,1,1,47.268,0,0,35,351,0,21,2
04-03 17:17:52,28.357,3.731,65.917,0,0,6304028,170600,38336,1567052,16663.930,1450.681,9683.148,218.896,76.613,1.990,3444,3106,1.380,1.490,1.370,1,0,0,0,0,35,351,0,21,2
04-03 17:17:53,24.504,3.251,66.262,4.001,0,6308468,181416,35824,1555392,16320.849,1458.255,10465.827,52.009,122.021,3.001,3764,3548,1.380,1.490,1.370,1,0,0,0,0,35,351,0,21,2
04-03 17:17:54,27.996,4.999,64.992,0.250,0,6284768,194548,35864,1565920,8643.887,1457.812,9870.729,311.960,77.990,14.998,3783,3821,1.380,1.490,1.370,1,0,13.998,0,0,35,351,0,21,2
04-03 17:17:55,28.005,4.751,65.262,0,0,6302828,178488,35616,1564216,15998.925,1512.276,9745.782,84.015,77.014,12.002,3721,3410,1.350,1.490,1.370,2,0,0,0,0,35,351,0,22,2
04-03 17:17:56,21.350,4.270,60.786,11.052,0,6305216,175288,35308,1565336,12782.165,1519.151,12193.394,932.389,182.861,134.634,5445,7550,1.350,1.490,1.370,1,0,1.005,0,0,35,352,0,22,2
04-03 17:17:57,27.945,6.487,62.877,1.248,0,6256016,212196,35728,1577240,9301.764,1550.959,10631.158,2862.388,123.757,224.560,6046,8011,1.350,1.490,1.370,1,0,4.990,0,0,35,351,0,22,2
04-03 17:17:58,27.911,4.735,65.291,0.249,0,6301076,186940,35472,1557728,15201.343,1453.348,9696.962,514.354,75.758,34.888,3687,3477,1.350,1.490,1.370,1,0,0,0,0,35,351,0,22,2
04-03 17:17:59,26.243,4.499,65.234,1.000,0,6304420,172820,35620,1568356,11124.194,1457.632,10081.457,619.844,95.976,64.984,4926,5622,1.350,1.490,1.370,4,0,1.000,0,0,35,352,0,23,2
04-03 17:18:00,22.885,11.568,64.128,1.006,0,6232048,248844,35668,1564656,17275.724,1520.956,10139.705,563.317,93.551,76.450,6186,7199,1.320,1.480,1.360,1,0,136.806,0,0,35,351,0,23,2
04-03 17:18:01,10.751,22.753,64.509,0,0,6240784,229344,35700,1575388,13322.757,1458.192,9857.300,528.070,77.010,31.004,7115,6542,1.320,1.480,1.360,1,0,465.061,0,0,35,351,0,23,2
04-03 17:18:02,11.970,23.441,62.592,0.249,0,6239804,220176,35704,1585532,66367.974,1562.069,9707.569,71.819,76.807,15.960,7212,6512,1.320,1.480,1.360,2,0,472.810,0,0,35,351,0,23,2
04-03 17:18:03,11.515,22.029,64.586,0,0,6243220,206456,35704,1595836,29489.444,1530.047,9741.029,44.059,76.102,11.015,6992,6359,1.320,1.480,1.360,1,0,462.619,0,0,35,351,0,23,2
04-03 17:18:04,13.997,23.245,60.736,0.250,0,6249368,192220,35928,1603700,11810.319,1511.657,7942.197,3071.303,63.985,177.960,7306,7234,1.320,1.480,1.360,1,0,477.892,0,0,35,351,0,23,2
04-03 17:18:05,10.261,22.275,65.823,0,0,6248736,192800,35952,1603728,15769.542,1459.624,4.004,272.303,1.001,21.023,6744,5900,1.450,1.500,1.370,1,0,438.488,0,0,35,351,0,23,1
04-03 17:18:06,9.507,22.767,65.548,0.250,0,6250024,191412,36008,1603772,15011.915,1459.061,12.009,3162.299,3.002,484.352,7398,6185,1.450,1.500,1.370,1,0,443.322,0,0,35,351,0,23,1
04-03 17:18:07,9.979,22.702,65.362,0,0,6239616,201796,36036,1603768,15162.985,1562.700,83.823,15259.780,2.994,142.699,6874,6091,1.450,1.500,1.370,4,0,445.060,0,0,35,351,0,23,1
04-03 17:18:08,10.003,20.757,67.022,1.250,0,6240948,200272,36052,1603948,13693.479,1458.477,16.005,244.080,2.001,18.006,6348,5571,1.450,1.500,1.370,1,0,364.119,0,0,35,351,0,23,1
04-03 17:18:09,16.264,7.006,64.554,9.758,0.250,6259408,196260,36164,1590268,8983.509,1553.298,1417.185,408.341,60.050,32.027,3920,3997,1.450,1.500,1.370,1,0,88.074,0,0,35,351,0,23,1
04-03 17:18:10,15.223,6.988,68.129,7.487,0,6268268,192900,36532,1592720,9282.448,1455.405,1429.451,2874.874,160.713,33.939,3413,3964,1.580,1.530,1.380,3,0,14.973,0,0,35,351,0,23,1
04-03 17:18:11,25.706,3.744,68.882,0,0.250,6280980,170976,37032,1601420,16641.392,1509.405,0,1273.810,0,111.808,3263,2952,1.580,1.530,1.380,1,0,0.998,0,0,35,351,0,23,1
04-03 17:18:12,19.229,2.497,73.169,2.497,0,6281108,169392,37512,1602396,18598.322,3460.153,383.574,483.462,27.969,13.984,3014,3136,1.580,1.530,1.380,1,0,15.982,0,0,35,352,0,23,1
04-03 17:18:13,14.239,2.248,74.192,7.744,0,6291136,188316,38544,1572412,24908.681,7098.494,1470.859,1382.927,105.918,62.951,2635,2917,1.580,1.530,1.380,0,0,0,0,0,35,352,0,23,1
04-03 17:18:14,7.775,1.254,85.775,3.511,0,6291108,187872,38868,1572620,15696.389,3147.103,385.237,589.894,37.119,34.109,2317,3002,1.580,1.530,1.380,0,1,0,0,0,35,352,0,23,1
04-03 17:18:15,8.979,1.995,82.802,3.990,0,6284892,193140,39208,1573224,24541.306,7091.041,674.387,921.795,82.802,39.905,2750,3316,1.530,1.520,1.380,3,0,0,0,0,35,352,0,23,1
04-03 17:18:16,8.251,1.500,84.509,4.000,0,6285168,191880,39804,1573612,22131.360,7086.756,716.076,840.090,98.010,28.003,2289,2855,1.530,1.520,1.380,0,1,0,0,0,35,352,0,23,1
04-03 17:18:17,14.519,2.003,77.849,3.504,0,6313296,177612,40136,1559408,18082.059,6374.129,1133.445,732.935,82.105,36.046,2649,3040,1.530,1.520,1.380,1,0,0,0,0,35,352,0,23,1
04-03 17:18:18,15.237,1.499,78.435,2.748,0,6315424,174468,40500,1560060,14861.711,5469.477,699.422,767.365,80.933,34.971,2555,2840,1.530,1.520,1.380,1,0,0,0,0,35,352,0,23,1
04-03 17:18:19,10.237,2.247,84.393,1.997,0,6316572,172452,40956,1560468,24077.572,6962.201,623.212,838.940,74.905,36.953,2440,2902,1.530,1.520,1.380,0,1,0.999,0,0,35,352,0,23,1
04-03 17:18:20,17.502,1.500,74.510,4.001,0,6329164,188380,41164,1531856,21873.071,7950.116,1060.149,860.121,105.015,31.004,2718,2833,1.490,1.510,1.380,0,1,0,0,0,35,352,0,23,1
04-03 17:18:21,14.257,2.251,75.288,5.753,0,6335260,167492,41748,1546060,28164.268,9459.792,7803.954,1056.535,191.097,32.016,2720,2942,1.490,1.510,1.380,0,1,0,0,0,35,352,0,23,1
04-03 17:18:22,19.735,2.748,68.698,6.995,0,6331368,177504,42676,1539016,15969.971,1564.821,10032.443,599.548,296.776,30.977,3191,3358,1.490,1.510,1.380,0,1,0.999,0,0,35,352,0,23,1
04-03 17:18:23,25.764,3.252,69.538,0.500,0,6361376,173704,41812,1513668,18351.026,1458.797,0,800.437,0,36.020,3168,2981,1.490,1.510,1.380,3,0,0,0,0,35,352,0,23,1
04-03 17:18:24,23.229,2.498,67.937,4.246,0,6360680,193924,41788,1494164,13477.544,1456.654,547.494,1558.560,8.992,48.955,3265,3444,1.490,1.510,1.380,2,0,0,0,0,35,352,0,23,1
04-03 17:18:25,26.752,3.000,68.005,0.500,0.250,6363196,176304,42168,1508876,9642.651,1512.102,16.001,1236.083,1.000,48.003,3336,3391,1.450,1.500,1.370,1,0,0,0,0,35,352,0,19,1
04-03 17:18:26,24.828,3.009,69.719,1.505,0,6369620,183312,42792,1494848,17122.810,1462.596,116.366,2303.238,4.013,107.337,3513,3717,1.450,1.500,1.370,1,0,0,0,0,35,352,0,19,1
04-03 17:18:27,24.776,5.005,66.319,1.251,0,6352104,183804,43796,1510836,12809.377,1459.524,4.004,96008.259,1.001,764.799,3908,3758,1.450,1.500,1.370,1,0,0,0,0,35,352,0,19,1
04-03 17:18:28,35.860,5.728,56.779,0.996,0,6393956,170036,44560,1483316,9407.396,1559.930,255.008,1904.589,1.992,73.713,3830,3476,1.450,1.500,1.370,2,0,2.988,0,0,35,352,0,19,1
04-03 17:18:29,43.868,8.523,46.124,1.003,0,6298832,289860,44904,1458320,15136.652,1636.395,1732.653,814.187,32.086,26.070,4177,3076,1.450,1.500,1.370,2,0,9.024,0,0,35,351,0,19,1
04-03 17:18:30,35.793,5.507,56.068,1.252,0,6337132,248856,44928,1460996,15496.759,1459.767,2883.490,0,188.228,0,3986,3434,1.410,1.490,1.370,2,0,20.024,0,0,35,351,0,19,1
04-03 17:18:31,20.923,3.487,74.227,0.249,0,6339624,241320,45420,1465548,21737.949,3781.076,151.442,1410.805,17.934,12.952,2896,2767,1.410,1.490,1.370,3,0,16.938,0,0,35,351,0,19,1
04-03 17:18:32,25.514,3.502,69.037,0,0,6336660,242904,45480,1466864,79059.589,1458.786,0,5234.820,0,56.030,3194,2729,1.410,1.490,1.370,4,0,2.001,0,0,35,351,0,19,1
04-03 17:18:33,19.757,2.751,75.027,1.501,0,6341268,232596,46032,1472024,16079.753,4746.698,136.049,1208.432,2.001,19.007,2789,2663,1.410,1.490,1.370,1,0,17.006,0,0,35,351,0,15,1
04-03 17:18:34,23.982,6.745,64.950,1.249,0,6332088,241364,46084,1472384,15532.075,1456.881,7.994,151.883,1.998,5.995,10641,18979,1.410,1.490,1.370,2,0,12.990,0,0,35,351,0,15,1
04-03 17:18:35,25.023,6.256,64.559,1.251,0,6322456,250740,46140,1472584,12395.285,1459.329,40.036,1465.334,3.003,10.009,9762,17987,1.380,1.480,1.370,1,0,6.005,0,0,35,351,0,16,1
04-03 17:18:36,23.253,6.251,69.009,0,0,6319420,253568,46180,1472752,9277.258,1458.198,4.001,176.024,1.000,4.001,3147,2804,1.380,1.480,1.370,2,0,14.002,0,0,35,351,0,16,1
04-03 17:18:37,23.995,4.749,68.984,0.750,0,6275348,308620,46244,1461716,17136.104,1511.656,507.885,871.802,39.991,21.995,3349,3089,1.380,1.480,1.370,2,0,9.998,0,0,35,351,0,16,1
04-03 17:18:38,18.531,3.756,68.865,6.761,0,6305084,276868,46280,1463696,14752.622,1568.618,1726.882,1446.414,145.242,224.374,4361,5400,1.380,1.480,1.370,2,0,45.075,0,0,35,351,0,11,1
04-03 17:18:39,31.103,7.274,58.946,1.505,0,6340456,238192,46312,1466968,20139.996,1462.866,2865.532,305.015,30.100,17.057,10808,18835,1.380,1.480,1.370,2,0,25.083,0,0,35,351,0,11,1
04-03 17:18:40,24.118,3.730,68.625,0.497,0,6347508,226844,46352,1471224,22804.400,3678.899,1666.892,254.609,25.859,14.918,3500,3427,1.350,1.480,1.370,3,0,15.913,0,0,35,352,0,11,1
04-03 17:18:41,27.270,4.503,66.798,0.500,0,6330604,238972,46460,1475892,9754.055,1633.181,256.185,596.431,8.006,7.005,3490,3423,1.350,1.480,1.370,1,0,3.002,0,0,35,351,0,11,1
04-03 17:18:42,22.758,3.501,71.274,0.250,0,6347952,211996,46488,1485492,22457.514,4518.512,8946.993,448.150,73.024,6.002,3441,3280,1.350,1.480,1.370,1,0,16.005,0,0,35,352,0,11,1
04-03 17:18:43,28.011,7.003,62.275,0.250,0,6336528,207720,46712,1500964,15937.396,1740.699,9731.906,1228.493,76.031,33.013,11218,19987,1.350,1.480,1.370,2,0,9.004,0,0,35,351,0,11,1
04-03 17:18:44,27.215,6.741,63.418,0,0,6326396,207460,46712,1511356,15717.764,1456.125,9715.492,111.856,75.902,4.994,9160,15922,1.350,1.480,1.370,4,0,11.985,0,0,35,351,0,11,1
04-03 17:18:45,25.536,6.509,66.594,0,0,6330596,192836,46716,1521776,16394.082,1460.056,9629.558,84.118,77.109,1.001,4750,5822,1.320,1.470,1.360,2,0,15.021,0,0,35,351,0,11,1
04-03 17:18:46,25.697,5.738,66.612,0,0,6317016,216644,46744,1511520,17790.254,1454.995,1009.914,522.920,10.977,11.975,3494,3391,1.320,1.470,1.360,2,0,5.988,0,0,35,351,0,11,1
04-03 17:18:47,36.601,6.017,56.155,0.501,0,6332888,192456,46772,1519792,12627.896,1558.306,7789.526,549.519,66.183,9.025,4701,13214,1.320,1.470,1.360,3,0,52.144,0,0,35,351,0,12,1
04-03 17:18:48,27.998,8.249,61.746,0.500,0,6315320,199504,46940,1530144,9146.412,1565.899,9811.370,2523.838,88.994,122.992,5968,7824,1.320,1.470,1.360,2,0,93.994,0,0,35,351,0,12,1
04-03 17:18:49,24.686,5.985,64.334,3.491,0,6285248,203780,46956,1555924,8996.854,1454.259,17111.977,319.179,627.386,7.979,4372,4632,1.320,1.470,1.360,1,0,4.987,0,0,35,351,0,12,1
04-03 17:18:50,31.313,3.758,62.625,0.501,0,6288160,187768,47012,1568968,18164.289,1460.919,9779.538,1298.594,80.160,24.048,4575,4196,1.290,1.460,1.360,1,0,16.032,0,0,35,351,0,11,1
04-03 17:18:51,20.983,3.247,72.193,1.249,0,6299572,181632,47036,1564036,24177.913,7355.193,9728.320,675.467,77.938,18.985,3321,3156,1.290,1.460,1.360,1,0,0,0,0,35,352,0,12,1
04-03 17:18:52,15.451,1.994,78.253,1.994,0.249,6301660,173872,47128,1569712,29486.746,11637.196,5008.161,1228.116,101.678,36.883,3101,3354,1.290,1.460,1.360,0,0,0,0,0,35,352,0,12,1
04-03 17:18:53,11.525,2.255,82.180,1.503,0,6302244,179144,47212,1563960,55201.690,9074.841,9152.009,2369.180,99.217,280.614,3055,3222,1.290,1.460,1.360,0,0,0,0,0,35,353,0,12,1
04-03 17:18:54,13.231,2.996,80.384,1.747,0,6305428,180784,47220,1559128,134092.738,8892.184,9745.954,1066.463,80.883,50.927,3327,3525,1.290,1.460,1.360,1,0,0,0,0,35,353,0,9,1
04-03 17:18:55,22.298,3.006,70.150,2.505,0,6319968,184476,46672,1541764,25289.964,8595.341,10690.812,1182.523,123.263,52.111,3554,3637,1.350,1.470,1.370,1,0,0,0,0,35,353,0,9,1
04-03 17:18:56,20.007,3.001,73.276,1.751,0,6322900,177536,46764,1545676,24017.489,11405.031,3177.123,1328.470,88.031,40.014,3252,3381,1.350,1.470,1.370,2,0,0,0,0,35,353,0,9,1
04-03 17:18:57,19.498,3.250,72.742,1.500,0,6339100,197744,46720,1509368,327797.354,23715.421,439.952,1763.808,21.998,68.992,3802,3692,1.350,1.470,1.370,2,1,0,0,0,35,353,0,9,1
04-03 17:18:58,13.956,3.489,75.512,4.735,0,6337632,196952,47572,1510784,96186.941,17223.733,964.960,19622.176,60.808,162.488,3564,4006,1.350,1.470,1.370,1,1,0,0,0,35,353,0,8,1
04-03 17:18:59,18.634,3.022,71.767,5.288,0,6348280,168472,47776,1528412,23232.225,8881.932,9605.138,910.554,119.863,32.232,3233,3361,1.350,1.470,1.370,0,1,1.007,0,0,35,353,0,8,1
04-03 17:19:00,9.702,3.234,82.093,1.244,0,6350004,182396,47816,1512788,5459506.650,137194.685,2555.329,5381.315,37.812,29.852,10785,8444,1.240,1.440,1.360,1,0,2.985,0,0,35,353,0,8,1
04-03 17:19:01,9.003,3.751,78.525,6.502,0,6347892,168496,48004,1528772,1747817.773,39313.298,16857.273,2420.757,142.044,32.010,5341,4942,1.240,1.440,1.360,0,0,1.000,0,0,35,353,0,8,1
04-03 17:19:02,7.756,2.502,84.812,2.001,0,6347812,180928,47992,1516432,600341.244,12546.138,92.067,1304.950,13.009,37.027,3377,3360,1.240,1.440,1.360,2,0,3.002,0,0,35,353,0,7,1
04-03 17:19:03,26.829,4.263,66.947,1.254,0,6347960,173396,48384,1523528,17879.481,1684.946,946.779,12284.057,22.065,313.921,3571,3411,1.240,1.440,1.360,1,0,4.012,0,0,35,353,0,7,1
04-03 17:19:04,26.647,4.234,65.995,0.747,0,6347452,173748,49164,1523140,9961.523,1613.767,0,4331.270,0,179.307,3635,3660,1.240,1.440,1.360,1,0,0,0,0,35,353,0,7,1
04-03 17:19:05,28.574,3.760,65.169,0.251,0,6354024,183076,49504,1508036,14962.888,1461.799,260.677,1387.606,6.016,37.096,3611,3590,1.300,1.450,1.360,1,0,0,0,0,35,353,0,8,1
04-03 17:19:06,28.690,3.243,65.363,0.499,0,6356820,170100,49756,1517952,15291.892,1454.945,510.927,770.382,8.981,26.943,3669,3554,1.300,1.450,1.360,1,0,0,0,0,35,353,0,7,1
04-03 17:19:07,27.980,3.747,64.953,1.749,0,6363728,177744,50548,1503036,10213.674,1618.839,0,1606.847,0,62.955,3565,3725,1.300,1.450,1.360,1,4,0,0,0,35,353,0,7,1
04-03 17:19:08,24.779,9.511,61.572,1.752,0,6365872,169096,51244,1508980,17329.383,1459.717,540.636,135559.447,12.014,775.913,4889,4683,1.300,1.450,1.360,3,0,0,0,0,35,353,0,7,1
04-03 17:19:09,30.736,4.248,62.722,0.500,0,6389972,190028,51684,1463584,11929.633,1713.229,15.993,1755.210,1.000,176.920,3865,4163,1.300,1.450,1.360,5,0,0,0,0,35,353,0,7,1
04-03 17:19:10,28.979,3.997,64.453,0.500,0,6378980,176032,53072,1487152,16191.285,1456.946,4192.966,2142.450,46.966,49.964,3815,3844,1.280,1.450,1.360,1,1,1.999,0,0,35,353,0,7,1
04-03 17:19:11,28.071,3.759,66.167,0.752,0,6378328,177508,53644,1485684,15532.124,1461.682,4354.970,1423.586,21.053,42.106,3604,3591,1.280,1.450,1.360,1,0,0,0,0,35,353,0,7,1
04-03 17:19:12,27.265,3.002,66.536,1.001,0,6374508,175412,54348,1490812,14042.509,1620.867,4094.189,1816.972,54.029,65.035,3683,3786,1.280,1.450,1.360,2,0,0,0,0,35,353,0,7,1
04-03 17:19:13,23.190,2.244,72.065,0.499,0,6386896,178904,54748,1474468,24853.061,4107.433,287.261,6243.936,15.959,71.815,3273,3435,1.280,1.450,1.360,1,0,0,0,0,35,351,0,7,1
04-03 17:19:14,24.617,4.019,67.570,3.265,0,6290108,264428,54752,1485728,15854.111,1464.940,10951.886,12.057,360.709,2.010,3719,3810,1.280,1.450,1.360,2,0,4.019,0,0,35,351,0,7,1
04-03 17:19:15,21.755,4.751,70.265,1.500,0,6326160,218304,54768,1495784,21425.599,3861.829,9542.048,384.082,98.021,3.001,3652,3637,1.260,1.440,1.360,2,0,31.007,0,0,35,352,0,7,1
04-03 17:19:16,27.884,3.486,66.474,0.249,0.249,6314700,219296,54840,1506164,12361.668,1625.251,4150.764,956.030,50.789,5.975,3475,3326,1.260,1.440,1.360,2,0,1.992,0,0,35,351,0,7,1
04-03 17:19:17,24.266,3.252,70.547,0.250,0,6321400,209592,54888,1509116,24229.205,3562.383,2437.630,492.329,23.015,14.009,3460,3479,1.260,1.440,1.360,1,1,17.011,0,0,35,352,0,7,1
04-03 17:19:18,28.456,4.992,64.401,0.499,0,6319748,203460,55332,1516348,16899.088,2692.871,2024.895,1010.451,26.959,27.957,8726,14264,1.260,1.440,1.360,2,0,5.991,0,0,35,351,0,7,1
04-03 17:19:19,25.442,6.735,65.102,0.249,0,6322164,197656,55384,1519664,10518.051,1454.688,2322.711,1839.811,22.948,17.959,5891,8345,1.260,1.440,1.360,2,0,7.982,0,0,35,351,0,7,1
04-03 17:19:20,28.305,6.513,62.871,0.250,0,6326076,190492,55440,1522864,9273.887,1623.131,2420.669,1426.752,21.041,126.243,10591,18825,1.240,1.430,1.360,1,0,14.027,0,0,35,351,0,7,1
04-03 17:19:21,25.293,7.262,67.113,0,0,6319504,189348,55452,1530568,16008.066,1460.469,7216.201,88.149,60.102,2.003,3422,3050,1.240,1.430,1.360,3,0,7.012,0,0,35,351,0,8,1
04-03 17:19:22,26.230,5.496,66.700,0,0,6291576,221368,55480,1526504,15758.205,1456.910,6655.019,395.704,54.959,11.991,3395,3199,1.240,1.430,1.360,1,0,0.999,0,0,35,351,0,8,1
04-03 17:19:23,23.713,4.743,65.897,3.994,0,6295040,203848,55556,1540480,15669.587,1617.480,12620.338,3.994,270.578,0.998,3702,3587,1.240,1.430,1.360,2,0,4.992,0,0,35,351,0,7,1
04-03 17:19:24,24.265,4.503,65.790,4.503,0,6309572,178640,55808,1550892,12308.536,1458.893,8381.132,1737.064,326.200,14.009,3818,4141,1.240,1.430,1.360,3,0,0,0,0,35,351,0,7,1
04-03 17:19:25,23.519,4.504,62.051,7.756,0,6307724,170888,56304,1559996,15365.686,1621.339,8891.340,2097.732,119.098,160.132,6315,8667,1.220,1.420,1.350,0,1,0,0,0,35,354,0,11,1
04-03 17:19:26,25.308,4.761,61.140,6.264,0,6301380,178716,56700,1558144,13075.976,1461.350,11586.562,1311.005,175.402,182.418,6465,8952,1.220,1.420,1.350,4,1,1.002,0,0,35,354,0,13,1
04-03 17:19:27,17.546,14.538,63.917,2.256,0,6251788,224716,57028,1561408,9193.057,1461.825,2871.514,1760.607,45.118,155.407,6538,7306,1.220,1.420,1.350,1,0,245.643,0,0,35,353,0,14,1
04-03 17:19:28,23.745,22.245,51.738,0.500,0,6293128,176272,57200,1568340,8940.947,1619.628,6826.433,303.930,60.986,20.995,6794,6226,1.220,1.420,1.350,3,0,340.922,0,0,35,353,0,15,1
04-03 17:19:29,44.222,12.173,41.489,0.745,0,6314444,175868,55584,1549076,17459.209,1448.889,9210.083,127.200,77.513,2.981,5024,3886,1.220,1.420,1.350,5,0,77.513,0,0,35,353,0,15,1
04-03 17:19:30,34.001,7.250,52.002,5.250,0,6321764,189900,55688,1527780,16873.563,1620.054,7652.255,5728.191,76.003,585.020,4769,4939,1.200,1.420,1.350,3,1,4.000,0,0,35,353,0,15,1
04-03 17:19:31,22.771,4.004,66.312,6.506,0,6318264,183872,57012,1535984,15610.711,1459.375,9128.603,112.106,261.246,10.009,3740,3784,1.200,1.420,1.350,3,0,0,0,0,35,353,0,15,1
04-03 17:19:32,26.246,6.499,65.740,0,0,6273728,220112,57012,1544280,78464.568,1457.769,7650.788,3.999,60.990,1.000,3988,3561,1.200,1.420,1.350,1,0,38.994,0,0,35,353,0,15,1
04-03 17:19:33,28.528,4.755,64.564,1.001,0,6319352,178652,57040,1540088,16004.742,1621.595,9865.704,168.165,80.079,19.019,3747,3547,1.200,1.420,1.350,6,0,0,0,0,35,353,0,16,1
04-03 17:19:34,27.081,7.272,64.694,0.251,0,6284492,210264,57236,1543124,12606.772,1462.381,2567.693,71365.821,21.063,630.890,4574,4483,1.200,1.420,1.350,2,0,42.126,0,0,35,353,0,17,1
04-03 17:19:35,28.120,5.724,64.701,0.249,0,6288172,213696,57188,1536060,8825.237,1612.552,7099.210,457.885,62.710,47.779,3663,3768,1.180,1.410,1.350,1,0,0,0,0,35,353,0,17,1
04-03 17:19:36,28.576,4.261,65.675,0,0,6307652,188528,57220,1541716,16271.411,1461.900,5137.707,168.449,46.123,15.040,3616,3375,1.180,1.410,1.350,2,0,0,0,0,35,355,0,17,1
04-03 17:19:37,27.059,5.763,59.380,6.514,0,6308288,175800,57996,1553016,17216.771,1461.206,10422.866,2012.415,102.224,299.657,7596,11213,1.180,1.410,1.350,1,0,0,0,0,35,353,0,17,1
04-03 17:19:38,24.841,5.962,67.318,0,0,6272820,204980,58044,1559256,9532.891,1609.681,5687.541,413.350,44.713,29.809,3661,3818,1.180,1.410,1.350,4,0,34.777,0,0,35,353,0,17,1
04-03 17:19:39,27.563,4.009,66.651,0.501,0,6308752,183824,58120,1544404,14923.913,1461.321,4.009,7160.271,1.002,56.128,3551,3762,1.180,1.410,1.350,3,0,0,0,0,35,353,0,17,1
04-03 17:19:40,30.271,7.005,60.541,0.751,0,6333008,202932,58380,1500800,12010.204,1621.107,0,4090.794,0,238.163,4886,5283,1.170,1.400,1.350,4,0,41.028,0,0,35,353,0,17,1
04-03 17:19:41,27.703,4.742,65.888,0,0,6315248,233716,58112,1488044,16675.649,1455.525,0,1761.006,0,292.503,3630,3235,1.170,1.400,1.350,1,0,0,0,0,35,353,0,17,1
04-03 17:19:42,29.770,3.252,66.044,0,0,6330400,218040,58112,1488568,12420.315,1458.977,0,12.008,0,2.001,3677,3434,1.170,1.400,1.350,5,0,0,0,0,35,353,0,17,1
04-03 17:19:43,25.138,7.039,66.868,0,0,6301412,238712,58148,1496848,9188.518,1628.956,7798.878,281.548,68.376,18.100,3813,3776,1.170,1.400,1.350,2,0,44.243,0,0,35,353,0,17,1
04-03 17:19:44,28.673,3.740,66.571,0,0,6342336,188684,58172,1505928,16651.207,1454.088,8285.711,87.764,64.826,12.965,3592,3400,1.170,1.400,1.350,2,0,0,0,0,35,353,0,18,1
04-03 17:19:45,26.720,5.244,62.929,2.747,0,6330516,190316,58356,1515932,12670.624,1510.286,9573.138,579.343,80.908,74.915,5295,6581,1.150,1.390,1.350,1,0,0,0,0,35,354,0,18,1
04-03 17:19:46,27.055,7.014,65.133,0.251,0,6295280,214384,58524,1526932,10583.626,1569.206,9747.918,589.204,76.156,70.143,5011,5834,1.150,1.390,1.350,1,0,35.072,0,0,35,353,0,18,1
04-03 17:19:47,35.241,5.998,57.735,0,0,6309036,204644,58128,1523312,15598.975,1499.613,9725.490,207.946,75.980,17.995,4539,9622,1.150,1.390,1.350,2,0,35.991,0,0,35,353,0,18,1
04-03 17:19:48,27.400,4.484,66.010,0.249,0,6327188,176088,58152,1533692,12876.166,1614.129,9820.281,111.594,76.721,10.960,3805,3686,1.150,1.390,1.350,2,0,0,0,0,35,353,0,20,1
04-03 17:19:49,18.362,19.116,61.374,0.252,0,6242428,250760,58176,1543756,16351.584,1466.934,9791.632,225.373,77.472,17.104,7083,7915,1.150,1.390,1.350,3,0,294.795,0,0,35,353,0,20,1
04-03 17:19:50,12.443,21.154,64.457,0,0,6250156,232912,58192,1553860,16226.177,1612.663,9134.442,191.130,71.674,10.950,6748,6198,1.140,1.390,1.340,2,0,330.496,0,0,35,353,0,20,1
04-03 17:19:51,14.735,20.979,61.939,0.250,0,6258600,218116,58240,1560164,9501.586,1456.557,5866.188,435.568,47.952,30.969,6736,6375,1.140,1.390,1.340,3,0,311.691,0,0,35,353,0,20,1
04-03 17:19:52,22.877,14.581,60.336,0.754,0,6244540,221784,58264,1570532,16338.874,1520.456,9790.453,189.051,78.436,11.062,6305,7267,1.140,1.390,1.340,2,0,156.872,0,0,35,353,0,20,1
04-03 17:19:53,27.478,16.986,52.208,0.999,0,6277784,178216,58288,1580772,11605.685,1564.744,9744.179,183.852,81.934,6.994,7035,8123,1.140,1.390,1.340,2,0,230.815,0,0,35,353,0,20,1
04-03 17:19:54,26.251,22.001,43.502,7.250,0,6289960,168712,58116,1578352,16129.700,1512.066,11924.518,292.013,233.010,18.001,7123,6558,1.140,1.390,1.340,3,0,342.015,0,0,35,353,0,20,1
04-03 17:19:55,38.726,18.488,36.727,5.247,0.250,6327488,178420,58264,1531596,14854.644,1565.014,12731.981,2446.459,254.839,146.907,7659,8945,1.210,1.400,1.350,2,0,194.877,0,0,35,353,0,20,1
04-03 17:19:56,39.778,19.014,30.272,9.257,0,6361308,188032,57624,1488564,15571.112,1501.071,13081.335,3914.794,302.216,534.381,7266,7595,1.210,1.400,1.350,6,0,231.165,0,0,35,353,0,20,1
04-03 17:19:57,63.788,22.263,6.254,6.754,0.250,6477664,187800,53292,1377888,12331.269,1620.955,13439.922,468.276,304.179,47.028,7493,8623,1.210,1.400,1.350,1,2,309.182,0,0,35,357,0,20,1
04-03 17:19:58,52.923,21.968,16.975,7.489,0,6516008,183064,53712,1344068,9154.607,1455.870,13675.992,7153.534,299.562,393.424,10221,15425,1.210,1.400,1.350,3,0,223.673,0,0,35,358,0,21,1
04-03 17:19:59,62.186,21.228,13.236,1.748,0,6571348,181964,53128,1290380,9467.328,1510.457,10257.521,3432.493,127.869,298.695,9409,14120,1.210,1.400,1.350,4,0,190.805,0,0,35,361,0,21,1
04-03 17:20:00,56.013,26.256,11.753,6.001,0,6618588,183744,54068,1241004,16804.959,1804.425,13815.255,1020.240,382.090,98.023,8311,9610,1.430,1.440,1.360,6,0,362.085,0,0,35,361,0,21,1
04-03 17:20:01,57.611,17.283,19.287,5.511,0,6630892,183520,54780,1228272,15019.863,1625.123,12916.821,613.178,190.366,45.087,7120,7886,1.430,1.440,1.360,2,1,139.268,0,0,35,362,0,23,1
04-03 17:20:02,42.839,11.208,27.895,15.940,0,6638652,185916,57096,1215996,82069.711,1755.385,31557.073,1853.017,1717.527,141.467,9080,12292,1.430,1.440,1.360,6,1,18.929,0,0,35,364,0,23,1
04-03 17:20:03,58.034,13.008,24.514,4.252,0,6707956,179176,57252,1153816,13720.006,2804.637,18014.513,1797.049,1041.608,87.051,7061,8308,1.430,1.440,1.360,4,0,28.016,0,0,35,365,0,23,1
04-03 17:20:04,37.295,10.262,42.301,8.761,0,6703920,200644,58480,1135468,39255.127,3973.771,13552.270,24.029,404.486,3.004,5033,4297,1.430,1.440,1.360,3,0,12.014,0,0,35,365,0,23,1
04-03 17:20:05,46.397,14.717,25.693,11.973,0,6713308,212500,59084,1114196,29091.220,4506.964,17572.869,634.587,285.365,13.969,5604,4897,1.560,1.470,1.370,5,1,32.927,0,0,35,364,0,25,1
04-03 17:20:06,85.531,10.413,3.471,0.496,0,6529916,409396,59376,1100360,9888.921,1681.870,2526.772,654.501,292.542,42.642,6414,4876,1.560,1.470,1.370,4,1,8.925,0,0,35,351,0,27,2
04-03 17:20:07,80.382,16.683,1.264,1.264,0,6542480,395796,59868,1101232,8870.327,1474.175,788.653,190.086,61.677,19.211,6062,4180,1.560,1.470,1.370,7,0,27.300,0,0,35,351,0,27,2
04-03 17:20:08,84.657,14.983,0,0.250,0,6645320,292184,60152,1101680,19698.275,3626.001,423.533,739.185,22.975,54.939,6407,5458,1.560,1.470,1.370,7,1,18.979,0,0,35,347,0,26,2
04-03 17:20:09,90.407,10.268,0,0,0,6630188,302540,60220,1106376,14942.943,3205.565,3874.727,785.363,66.115,29.050,6275,6656,1.560,1.470,1.370,4,1,5.009,0,0,35,347,0,26,2
04-03 17:20:10,87.097,10.731,0.499,1.248,0,6716328,214676,60628,1107848,16538.871,1599.183,1197.890,8101.731,107.810,483.149,6688,6715,1.760,1.510,1.390,5,0,2.995,0,0,35,350,0,26,2
04-03 17:20:11,51.722,8.995,37.479,0.250,0,6730172,199972,60684,1108652,12551.089,2556.592,167.908,10666.127,1.999,1033.431,5483,5996,1.760,1.510,1.390,3,1,0.999,0,0,35,354,0,26,2
04-03 17:20:12,24.011,6.503,68.281,0.250,0,6730356,199748,60716,1108660,16742.555,1458.658,0,148.067,0,16.007,3191,2952,1.760,1.510,1.390,4,0,0,0,0,35,354,0,26,2
04-03 17:20:13,22.447,6.235,69.586,0,0,6728532,201556,60732,1108660,13658.840,1562.321,0,183.568,0,14.965,2848,2587,1.760,1.510,1.390,2,0,0,0,0,35,354,0,26,2
04-03 17:20:14,22.794,7.515,68.132,0.250,0,6727908,202180,60792,1108600,11209.772,1514.942,0,184.358,0,22.043,3098,2937,1.760,1.510,1.390,4,0,0,0,0,35,354,0,26,2
04-03 17:20:15,24.232,7.245,66.450,0.749,0,6727616,202268,60868,1108728,16833.446,1456.913,67.949,663.505,4.996,46.965,3554,3465,1.690,1.500,1.380,2,0,0,0,0,35,354,0,26,2
04-03 17:20:16,22.448,5.737,69.340,0,0,6725336,204540,60876,1108728,12580.988,1508.521,0,2167.003,0,384.114,3102,2707,1.690,1.500,1.380,2,0,0,0,0,35,354,0,26,2
04-03 17:20:17,23.285,6.760,70.104,0.250,0,6723544,206308,60900,1108728,9875.658,1568.328,0,104.155,0,10.015,2808,2615,1.690,1.500,1.380,6,0,0,0,0,35,354,0,26,2
04-03 17:20:18,21.512,6.504,70.039,0,0,6722188,207628,60932,1108732,15407.535,1458.808,0,228.126,0,19.011,2970,2752,1.690,1.500,1.380,2,0,0,0,0,35,354,0,26,2
04-03 17:20:19,23.512,7.254,67.536,1.501,0,6720884,208724,61004,1108868,15261.054,1458.770,8.004,336.177,2.001,32.017,3027,2825,1.690,1.500,1.380,5,0,0,0,0,35,354,0,26,2
04-03 17:20:20,24.222,7.242,65.674,0.499,0,6719736,209760,61156,1108828,16234.204,1600.147,0,855.010,0,74.913,3533,3947,1.640,1.490,1.380,2,0,0.999,0,0,35,356,0,26,2
04-03 17:20:21,23.014,7.004,69.041,0,0,6719448,209948,61196,1108888,12812.629,1566.933,4.002,164.098,1.001,17.010,2982,2774,1.640,1.490,1.380,2,0,0,0,0,35,356,0,27,2
04-03 17:20:22,22.732,6.745,68.944,0,0,6719548,209848,61220,1108864,9009.737,1456.826,0,115.907,0,9.992,2840,2610,1.640,1.490,1.380,4,0,0,0,0,35,356,0,27,2
04-03 17:20:23,22.506,6.252,69.519,0,0,6719520,209848,61220,1108892,15398.187,1512.411,0,0,0,0,2749,2276,1.640,1.490,1.380,2,0,0,0,0,35,356,0,27,2
04-03 17:20:24,22.976,6.993,68.928,0.250,0,6719472,209848,61292,1108868,16793.562,1456.488,0,379.606,0,34.964,3022,2877,1.640,1.490,1.380,2,0,0,0,0,35,356,0,26,2
04-03 17:20:25,22.470,6.741,69.156,0.250,0,6719556,209596,61372,1108964,8920.905,1563.880,63.913,343.534,2.996,36.950,2940,2903,1.590,1.480,1.380,2,0,0,0,0,35,356,0,26,2
04-03 17:20:26,23.047,6.513,69.642,0,0,6719556,209596,61372,1108964,15652.015,1460.988,0,8.016,0,1.002,2853,2484,1.590,1.480,1.380,1,0,0,0,0,35,356,0,26,2
04-03 17:20:27,22.370,6.786,69.874,0.251,0,6719540,209596,61388,1108964,11826.317,1520.139,16.086,72.388,1.005,7.038,2731,2326,1.590,1.480,1.380,4,0,0,0,0,35,356,0,26,2
04-03 17:20:28,31.976,8.428,57.260,0.496,0,6751956,177096,61456,1108980,15778.984,1552.714,257.794,364.878,2.975,33.712,3604,2986,1.590,1.480,1.380,2,0,2.975,0,0,35,356,0,19,2
04-03 17:20:29,42.464,11.056,45.228,0.251,0,6765428,174244,59288,1100528,14329.240,1465.388,546.756,132.669,5.025,17.086,4205,3247,1.590,1.480,1.380,4,0,6.030,0,0,35,356,0,19,2
04-03 17:20:30,33.454,9.986,54.425,0.749,0,6756916,196868,59036,1086884,8714.994,1455.994,479.340,439.395,5.992,38.946,3960,3591,1.540,1.480,1.380,4,0,3.994,0,0,35,356,0,19,2
04-03 17:20:31,22.724,6.492,68.920,0,0,6753628,200124,59068,1086884,16142.200,1600.136,0,91.893,0,11.986,2929,2557,1.540,1.480,1.380,2,0,0,0,0,35,356,0,19,2
04-03 17:20:32,22.788,6.511,69.617,0,0,6732756,220996,59068,1086884,78470.022,1568.639,0,4.007,0,1.002,2957,2372,1.540,1.480,1.380,3,0,0,0,0,35,356,0,18,2
04-03 17:20:33,21.942,6.234,70.066,0,0,6732612,221140,59068,1086884,15101.272,1454.174,0,0,0,0,2799,2190,1.540,1.480,1.380,1,0,0,0,0,35,356,0,18,2
04-03 17:20:34,23.002,6.751,69.257,0.250,0,6732780,220916,59116,1086892,12921.382,1512.162,0,336.036,0,27.003,2794,2333,1.540,1.480,1.380,2,0,0,0,0,35,356,0,18,2
04-03 17:20:35,21.531,6.509,69.601,0,0.250,6732784,220916,59124,1086884,15337.215,1568.272,0,400.580,0,11.016,2742,2231,1.580,1.480,1.380,1,0,0,0,0,35,356,0,19,2
04-03 17:20:36,22.750,6.750,70.249,0,0,6731388,222304,59124,1086892,15458.850,1457.986,0,8.000,0,2.000,2788,2246,1.580,1.480,1.380,1,0,0,0,0,35,356,0,16,2
04-03 17:20:37,22.446,6.734,69.084,0,0,6729244,224444,59136,1086884,9707.668,1508.375,0,1747.799,0,305.266,2973,2339,1.580,1.480,1.380,3,1,0,0,0,35,356,0,16,2
04-03 17:20:38,22.311,6.267,69.440,0.501,0.251,6729192,224444,59176,1086896,10697.234,1516.143,0,240.658,0,26.071,2963,2749,1.580,1.480,1.380,1,0,0,0,0,35,356,0,16,2
04-03 17:20:39,23.006,6.752,68.518,0,0,6729104,224444,59248,1086912,15792.041,1512.387,0,228.058,0,28.007,3170,3057,1.580,1.480,1.380,3,0,0,0,0,35,356,0,16,2
04-03 17:20:40,27.182,8.978,61.846,0.748,0,6771708,176244,59352,1092404,19728.947,1454.384,4963.659,1005.500,40.898,121.697,3810,3711,1.530,1.480,1.380,2,0,4.988,0,0,35,356,0,16,2
04-03 17:20:41,26.325,6.769,65.687,0.251,0,6765992,171696,59384,1102648,15220.353,1516.319,9755.788,100.286,77.220,14.040,3592,3420,1.530,1.480,1.380,1,0,0,0,0,35,356,0,16,2
04-03 17:20:42,23.751,7.250,66.754,0,0,6761116,177984,58884,1101804,11648.703,1512.091,6648.401,168.010,57.003,13.001,3345,3190,1.530,1.480,1.380,2,0,0,0,0,35,356,0,16,2
04-03 17:20:43,25.426,6.481,66.308,0,0.249,6756524,172204,58884,1112176,16838.224,1507.633,9699.902,3.988,76.778,0.997,3369,2950,1.530,1.480,1.380,4,0,1.994,0,0,35,356,0,16,2
04-03 17:20:44,24.068,7.020,66.940,0.251,0.251,6750600,182872,58904,1107872,13485.252,1462.147,10000.367,361.024,82.233,23.065,3282,3034,1.530,1.480,1.380,1,0,0,0,0,35,356,0,16,2
04-03 17:20:45,24.744,7.498,66.984,0,0,6748116,174856,58904,1118372,11754.128,1511.631,9725.623,0,75.981,0,3337,3242,1.490,1.470,1.370,2,0,0,0,0,35,356,0,15,2
04-03 17:20:46,24.356,7.030,67.543,0,0,6742880,170496,58904,1127968,17223.666,1518.583,9248.091,0,76.331,0,3280,2932,1.490,1.470,1.370,1,0,0,0,0,35,356,0,15,2
04-03 17:20:47,30.704,10.734,57.914,0,0,6748780,189116,58400,1104044,16149.035,1509.760,3179.282,95.858,26.960,8.987,4373,12588,1.490,1.470,1.370,2,0,35.947,0,0,35,356,0,16,2
04-03 17:20:48,24.443,6.485,65.847,0.249,0,6742280,184948,58432,1114760,11481.308,1550.396,9920.935,211.508,85.801,16.961,3463,3362,1.490,1.470,1.370,1,0,0,0,0,35,356,0,16,2
04-03 17:20:49,24.546,8.265,65.372,0.751,0,6742132,174608,58672,1125008,16269.372,1514.828,9754.210,2500.668,78.146,160.299,3773,3844,1.490,1.470,1.370,2,0,0,0,0,35,356,0,13,2
04-03 17:20:50,25.181,7.978,64.823,0,0,6740576,173780,58360,1127704,13330.653,1507.889,9701.548,434.814,89.755,38.894,3599,3406,1.450,1.460,1.370,1,0,0.997,0,0,35,356,0,13,2
04-03 17:20:51,27.623,8.789,61.524,0.251,0,6740568,170912,58252,1130688,16128.954,1518.776,9900.166,120.538,86.385,10.045,4824,6301,1.450,1.460,1.370,2,0,0,0,0,35,356,0,14,2
04-03 17:20:52,27.086,7.952,62.621,0,0,6737660,171604,58068,1133104,15820.375,1556.591,9621.842,35.784,81.507,3.976,4181,4146,1.450,1.460,1.370,1,0,0.994,0,0,35,356,0,14,2
04-03 17:20:53,28.051,7.514,63.116,0,0,6732816,186348,57936,1123336,9094.669,1622.975,7990.645,1530.806,101.185,281.516,4053,3818,1.450,1.460,1.370,1,0,0,0,0,35,356,0,13,2
04-03 17:20:54,25.652,7.472,65.002,0.498,0,6732824,176272,57984,1133356,15182.127,1613.848,9428.061,183.301,92.647,18.928,3613,3360,1.450,1.460,1.370,3,0,0,0,0,35,356,0,13,2
04-03 17:20:55,25.787,7.511,64.342,1.252,0,6732456,182388,58016,1127576,16827.103,1460.091,9733.943,224.321,109.156,26.037,3673,3467,1.570,1.490,1.380,1,0,0,0,0,35,356,0,13,2
04-03 17:20:56,24.797,7.013,65.876,0.250,0,6733012,171572,58032,1137820,10867.804,1611.084,9746.657,244.468,76.146,10.019,3353,3057,1.570,1.490,1.380,2,0,0,0,0,35,356,0,13,2
04-03 17:20:57,24.576,8.025,65.703,0,0,6733156,175720,57400,1134228,17168.000,1516.682,9758.124,48.149,91.282,3.009,3367,2934,1.570,1.490,1.380,2,0,0,0,0,35,356,0,13,2
04-03 17:20:58,25.131,7.713,65.191,0,0,6732476,174772,57412,1135968,12072.756,1558.610,9809.488,625.036,76.637,48.769,3489,3424,1.570,1.490,1.380,2,0,0,0,0,35,356,0,13,2
04-03 17:20:59,25.279,7.008,65.826,0,0,6732532,172668,57444,1137984,16750.241,1513.739,9739.188,96.110,76.087,14.016,3470,3212,1.570,1.490,1.380,3,0,0,0,0,35,356,0,13,2
04-03 17:21:00,25.822,7.772,64.932,0.251,0,6732288,178960,57500,1131880,12036.692,1570.396,9755.306,457.280,76.213,33.093,3743,3692,1.530,1.480,1.380,2,0,1.003,0,0,35,356,0,13,2
04-03 17:21:01,24.414,6.975,66.267,0,0.249,6732524,177040,57508,1133556,9225.510,1506.694,9837.356,83.705,77.726,11.958,3380,3183,1.530,1.480,1.380,2,0,0,0,0,35,356,0,12,2
04-03 17:21:02,23.536,7.512,66.853,0,0,6732716,174640,57508,1135764,82616.619,1514.339,9743.050,8.012,76.118,2.003,3484,3060,1.530,1.480,1.380,3,0,0,0,0,35,356,0,12,2
04-03 17:21:03,24.460,8.985,64.144,0.250,0,6732376,172912,57304,1138036,15479.411,1563.415,9711.945,63.894,75.875,5.990,3460,3053,1.530,1.480,1.380,1,0,6.988,0,0,35,356,0,12,2
04-03 17:21:04,25.191,7.233,65.596,0.499,0,6732000,171192,57284,1140152,9432.805,1454.577,9705.164,323.239,75.822,25.939,3278,2916,1.530,1.480,1.380,3,0,0,0,0,35,356,0,12,2
04-03 17:21:05,25.731,7.820,65.337,0,0,6700308,207996,57276,1135052,16699.104,1580.204,9945.397,80.726,77.698,7.063,3483,3056,1.480,1.470,1.380,1,1,2.018,0,0,35,354,0,10,2
04-03 17:21:06,24.375,4.477,64.667,4.477,0,6725196,177104,57308,1141024,11979.387,1504.263,10923.816,7.959,181.069,1.990,3589,3455,1.480,1.470,1.380,1,0,0,0,0,35,354,0,10,2
04-03 17:21:07,20.301,4.010,64.412,8.521,0,6745808,191204,56448,1108200,16063.521,2061.199,17484.104,84.212,330.835,3.008,3658,3541,1.480,1.470,1.380,1,1,0,0,0,35,354,0,10,2
04-03 17:21:08,14.040,3.761,64.933,14.541,0,6755556,207732,55344,1083732,14030.516,1570.423,12467.113,1403.954,319.901,274.774,3553,3859,1.480,1.470,1.380,2,0,0,0,0,35,354,0,10,2
04-03 17:21:09,23.367,5.966,61.898,6.712,0,6810324,169412,54492,1068808,8921.312,1543.232,12847.008,258.531,305.266,23.864,4715,5826,1.480,1.470,1.380,1,0,0.994,0,0,35,356,0,7,2
04-03 17:21:10,22.742,5.248,65.727,3.499,0,6831720,181716,53516,1036568,52530.282,13194.298,9924.464,1123.600,89.968,94.966,4917,5586,1.370,1.450,1.370,0,0,1.999,0,0,35,358,0,7,2
04-03 17:21:11,7.248,2.250,87.482,0.250,0,6828816,174304,53580,1046820,15547.750,1565.673,9725.967,403.916,75.984,32.993,2923,3583,1.370,1.450,1.370,0,0,0,0,0,35,360,0,7,2
04-03 17:21:12,6.998,2.249,88.470,0,0,6824148,183100,53320,1043120,17997.919,1457.508,9852.671,95.968,76.974,7.997,2684,3141,1.370,1.450,1.370,0,0,0,0,0,35,360,0,7,2
04-03 17:21:13,6.255,2.002,89.077,0,0.500,6822696,174308,53320,1053364,15169.156,1513.312,9736.444,260.226,77.067,4.003,2569,3029,1.370,1.450,1.370,0,0,0,0,0,35,360,0,7,2
04-03 17:21:14,6.503,2.001,88.288,0.250,0,6821328,178640,52376,1051404,14876.385,1566.672,9736.179,376.161,77.033,25.011,2694,3260,1.370,1.450,1.370,0,0,0,0,0,35,360,0,7,2
04-03 17:21:15,6.753,2.251,87.540,0,0,6817040,172132,52392,1062184,15154.924,1512.691,9892.519,332.152,85.039,53.024,2826,3487,1.340,1.440,1.370,0,0,0,0,0,35,360,0,7,2
04-03 17:21:16,6.245,2.248,88.927,0,0,6816420,172940,50316,1064420,8882.748,1456.811,9720.065,51.958,75.938,6.994,2490,3032,1.340,1.440,1.370,1,0,0,0,0,35,360,0,7,2
04-03 17:21:17,6.255,3.003,88.077,0,0,6811768,200020,44112,1048832,9342.160,1567.369,9752.518,76.066,77.067,9.008,2535,3041,1.340,1.440,1.370,3,0,0,0,0,35,360,0,7,2
04-03 17:21:18,6.490,2.246,88.362,0.499,0.250,6810648,190716,44152,1059216,17720.301,1509.640,9712.818,211.669,76.880,20.967,2782,3395,1.340,1.440,1.370,2,0,0,0,0,35,360,0,7,2
04-03 17:21:19,7.234,1.497,87.805,0.249,0,6809936,181004,44216,1069576,13184.788,1562.538,9842.194,263.416,78.825,27.938,2674,3337,1.340,1.440,1.370,3,0,0,0,0,35,360,0,7,2
04-03 17:21:20,7.522,3.260,85.751,0.752,0.251,6810256,204640,41436,1049088,16338.835,1462.281,9804.705,641.879,79.232,80.235,3260,3964,1.230,1.410,1.360,1,0,1.003,0,0,35,362,0,7,2
04-03 17:21:21,7.252,2.001,87.777,0,0,6809716,195096,41468,1059140,11754.585,1512.461,9730.968,140.043,76.023,13.004,2757,3431,1.230,1.410,1.360,1,0,0,0,0,35,362,0,7,2
04-03 17:21:22,6.995,2.248,88.438,0,0,6810312,183884,41468,1069756,15354.284,1456.983,9849.126,3.997,76.946,0.999,2697,3266,1.230,1.410,1.360,0,0,0,0,0,35,362,0,7,2
04-03 17:21:23,5.499,2.250,89.240,0,0,6811064,172816,41468,1080072,11758.693,1565.826,9726.919,0,75.992,0,2453,2976,1.230,1.410,1.360,0,0,0,0,0,35,362,0,7,2
04-03 17:21:24,6.759,2.754,88.123,0.250,0,6810744,195856,38232,1061064,8829.278,1514.106,9741.547,432.602,76.106,31.043,2720,3380,1.230,1.410,1.360,1,0,0,0,0,35,362,0,7,2
04-03 17:21:25,7.481,2.494,86.774,0.499,0.249,6809612,186268,38456,1071560,14787.512,1454.215,9890.258,562.536,81.787,49.870,3043,3867,1.130,1.390,1.350,0,1,0,0,0,35,362,0,7,2
04-03 17:21:26,12.051,18.077,64.274,4.268,0,6826856,170920,37812,1070536,15308.231,1626.933,10769.892,4.017,132.565,1.004,6799,6350,1.130,1.390,1.350,2,0,425.814,0,0,35,362,0,7,2
04-03 17:21:27,10.280,20.058,67.697,0,0,6822008,187792,34136,1062376,8818.631,1462.250,9756.357,96.280,76.222,11.032,7455,7542,1.130,1.390,1.350,2,0,523.522,0,0,35,362,0,7,2
04-03 17:21:28,17.486,21.233,54.707,5.246,0,6844820,184524,32924,1044672,15069.048,1456.844,11203.114,55.956,117.906,5.995,7965,8013,1.130,1.390,1.350,3,0,579.540,0,0,35,362,0,7,2
04-03 17:21:29,25.009,20.757,40.264,13.005,0,6847504,192780,33108,1033592,15243.432,1620.577,11384.056,5469.949,150.053,582.207,7486,7690,1.130,1.390,1.350,3,0,472.168,0,0,35,362,0,7,2
04-03 17:21:30,29.245,14.248,47.992,5.999,0,6827304,208472,33348,1038352,23502.195,223544.803,13545.807,567.908,157.974,46.992,6470,6556,1.280,1.420,1.360,1,0,249.960,0,0,35,362,0,7,2
04-03 17:21:31,6.949,2.482,87.608,0,0,6815504,210324,33380,1048268,15422.917,1447.388,9692.930,393.118,77.432,43.680,2868,3429,1.280,1.420,1.360,1,0,0,0,0,35,362,0,7,2
04-03 17:21:32,6.516,2.005,88.964,0,0,6808668,206404,33388,1059016,75292.946,1461.512,9879.743,28.067,77.185,4.010,2814,3356,1.280,1.420,1.360,0,0,0,0,0,35,362,0,7,2
04-03 17:21:33,6.252,2.251,89.277,0,0,6806532,198208,33388,1069348,15086.631,1458.448,9730.987,0,76.023,0,2532,3008,1.280,1.420,1.360,0,0,0,0,0,35,362,0,7,2
04-03 17:21:34,6.246,2.249,87.695,0.750,0,6805620,188776,33436,1079644,13261.681,1618.984,9721.902,383.759,75.952,27.982,2540,3146,1.280,1.420,1.360,1,1,0,0,0,35,362,0,7,2
04-03 17:21:35,7.003,2.751,86.536,1.000,0,6803940,179988,33528,1090020,9857.156,1458.615,9748.110,420.177,77.032,42.018,2894,3764,1.180,1.390,1.350,1,0,0,0,0,35,362,0,8,2
04-03 17:21:36,5.997,1.499,88.461,0,0,6800296,173252,33544,1100384,16563.713,1457.359,9851.666,83.963,76.966,8.996,2539,3103,1.180,1.390,1.350,0,0,0,0,0,35,362,0,8,2
04-03 17:21:37,6.535,3.016,88.722,0,0,6799848,197260,33436,1077348,11134.207,1465.795,9780.006,172.920,76.406,28.150,2611,3147,1.180,1.390,1.350,7,1,0,0,0,35,362,0,8,2
04-03 17:21:38,6.218,1.990,88.289,0.249,0,6798984,187552,33488,1087868,18791.905,1611.587,9677.483,334.255,75.605,32.829,2861,3584,1.180,1.390,1.350,0,0,0,0,0,35,362,0,7,2
04-03 17:21:39,7.253,2.251,87.282,0.750,0,6798984,176968,33544,1098396,18816.812,1458.528,9951.603,196.071,83.030,23.008,2875,3598,1.180,1.390,1.350,2,0,0,0,0,35,362,0,7,2
04-03 17:21:40,10.749,4.000,81.496,0.250,0,6814016,188120,33640,1072380,15209.261,1457.929,9775.525,731.964,78.996,67.997,3723,4653,1.240,1.400,1.360,1,0,2.000,0,0,35,362,0,7,2
04-03 17:21:41,7.496,2.249,87.698,0.500,0,6808944,183072,33688,1082452,15425.842,1457.135,9734.221,203.879,77.954,21.987,2907,3502,1.240,1.400,1.360,0,0,0,0,0,35,362,0,7,2
04-03 17:21:42,6.757,2.503,88.342,0,0,6802968,178396,33712,1093080,12749.341,1621.697,9738.190,120.126,76.080,11.012,2680,3318,1.240,1.400,1.360,1,0,0,0,0,35,362,0,7,2
04-03 17:21:43,6.246,1.999,88.688,0,0.250,6796948,188232,33696,1089412,15544.183,1456.986,9853.144,0,77.946,0,2634,3191,1.240,1.400,1.360,0,0,1.999,0,0,35,362,0,7,2
04-03 17:21:44,7.503,2.501,87.029,0.750,0,6796328,178528,33748,1099684,12506.205,1458.490,9759.281,360.121,80.027,28.009,2904,3503,1.240,1.400,1.360,0,0,0,0,0,35,362,0,7,2
04-03 17:21:45,7.744,2.998,86.681,0.250,0,6797128,198488,32892,1080048,15490.590,1456.833,9720.213,43.965,75.939,5.995,3041,3464,1.380,1.430,1.370,2,0,0,0,0,35,362,0,7,2
04-03 17:21:46,6.508,1.502,89.610,0,0,6795796,189288,32912,1090560,16671.460,1621.991,9868.111,100.123,77.095,10.012,2638,3202,1.380,1.430,1.370,1,0,0,0,0,35,362,0,7,2
04-03 17:21:47,5.760,2.004,89.911,0,0,6798412,176308,32936,1100900,9241.585,1460.621,9765.525,64.115,78.140,8.014,2624,3250,1.380,1.430,1.370,2,1,4.007,0,0,35,362,0,7,2
04-03 17:21:48,14.505,5.002,76.277,3.501,0,6813200,188456,29208,1078116,9397.275,1458.508,10287.585,332.116,104.036,42.015,4017,11701,1.380,1.430,1.370,0,0,32.011,0,0,35,362,0,8,2
04-03 17:21:49,5.988,1.996,88.576,0.499,0,6808836,182300,29248,1088596,16099.350,1455.139,9900.536,187.631,79.843,16.967,2794,3507,1.380,1.430,1.370,0,0,0,0,0,35,362,0,8,2
04-03 17:21:50,6.515,2.757,87.708,0.501,0,6804204,176496,29344,1098936,9083.590,1623.860,9787.262,1848.393,79.188,344.820,3418,4286,1.350,1.420,1.360,2,0,1.002,0,0,35,362,0,7,2
04-03 17:21:51,6.759,2.003,88.623,0,0,6800456,184120,29376,1095060,15130.049,1460.031,9757.575,212.295,77.107,19.026,2742,3440,1.350,1.420,1.360,0,0,0,0,0,35,362,0,8,2
04-03 17:21:52,6.722,1.992,88.139,0,0,6802124,185716,29128,1092044,12947.002,1452.056,9688.341,131.462,75.690,11.951,2700,3352,1.350,1.420,1.360,1,0,0,0,0,35,362,0,8,2
04-03 17:21:53,9.524,3.509,84.711,0,0,6801268,176116,29152,1102476,16942.224,1461.643,9880.625,176.440,77.192,11.027,4236,6371,1.350,1.420,1.360,1,0,0,0,0,35,362,0,8,2
04-03 17:21:54,9.735,3.495,84.620,0.499,0,6798744,195876,29136,1085256,15246.498,1455.756,9744.978,459.292,77.880,36.943,3550,4366,1.350,1.420,1.360,0,0,0.998,0,0,35,362,0,5,2
04-03 17:21:55,9.979,2.495,84.076,0.499,0,6798160,186084,29192,1095640,9186.934,1616.645,9739.787,191.602,77.838,23.950,3650,4318,1.320,1.410,1.360,1,0,0,0,0,35,362,0,7,2
04-03 17:21:56,6.748,1.999,87.468,0.250,0,6798932,174860,29244,1106040,9303.555,1457.460,9868.346,227.916,77.971,23.991,2959,3849,1.320,1.410,1.360,0,0,0,0,0,35,362,0,7,2
04-03 17:21:57,7.269,3.008,88.231,0,0,6797084,205964,28016,1078456,16124.222,1461.828,9769.582,104.273,77.202,8.021,2655,3186,1.320,1.410,1.360,3,0,0,0,0,35,362,0,7,2
04-03 17:21:58,6.241,2.497,87.879,0.499,0,6796544,196540,28096,1088340,11884.623,1455.994,9698.635,707.026,79.890,45.937,2744,3507,1.320,1.410,1.360,0,0,0,0,0,35,362,0,7,2
04-03 17:21:59,6.000,2.000,89.006,0,0,6796340,186968,28096,1098116,15415.075,1620.113,9728.679,0,76.005,0,2545,3081,1.320,1.410,1.360,0,0,0,0,0,35,362,0,7,2
04-03 17:22:00,7.258,2.253,87.098,0.250,0,6797392,175956,28156,1108016,13226.811,1135.271,9899.085,172.193,79.089,27.030,3125,4023,1.220,1.390,1.350,0,0,1.001,0,0,35,362,0,7,2
04-03 17:22:01,12.033,3.259,77.461,5.264,0,6809648,180916,27976,1091164,150020.105,2336.356,10725.176,397.080,99.270,33.090,3215,3689,1.220,1.390,1.350,2,0,3.008,0,0,35,362,0,7,2
04-03 17:22:02,15.192,5.479,74.965,1.245,0,6810560,196492,28072,1074596,357456.002,9442.129,9926.289,7.970,89.659,1.992,4149,3916,1.220,1.390,1.350,1,0,21.917,0,0,35,362,0,7,2
04-03 17:22:03,17.503,6.001,69.514,5.001,0,6812080,184500,28204,1084936,161021.016,6775.347,10430.074,0,103.020,0,3936,3733,1.220,1.390,1.350,1,0,21.004,0,0,35,362,0,7,2
04-03 17:22:04,16.292,7.269,71.434,3.760,0,6817820,186632,28472,1076796,161196.489,5261.562,10611.351,413.065,123.318,22.057,4208,3922,1.220,1.390,1.350,2,0,26.067,0,0,35,362,0,7,2
04-03 17:22:05,19.015,7.256,65.050,6.255,0,6822976,192292,29232,1065220,11185.582,854.656,11100.517,168.129,183.141,13.010,3964,3860,1.280,1.400,1.360,1,0,22.017,0,0,35,362,0,8,2
