"pcp-dstat 6.2.0 CSV Output"
"Author:","PCP team <pcp@groups.io> and Dag Wieers <dag@wieers.com>",,,,"URL:","https://pcp.io/ and http://dag.wieers.com/home-made/dstat/"
"Host:","ubuntu",,,,"User:","ubuntu"
"Cmdline:","dstat -tcmndrylpg --tcp --output /tmp/devstack_logs/dstat-csv.log",,,,"Date:","15 Apr 2026 15:00:10 UTC"
"system","total usage",,,,,"memory usage",,,,"net/total",,"dsk/total",,"io/total",,"system",,"load avg",,,"procs",,,"paging",,"tcp sockets",,,,
"time","total usage:usr","total usage:sys","total usage:idl","total usage:wai","total usage:stl","used","free","buf","cach","net/total:recv","net/total:send","dsk/total:read","dsk/total:writ","read","writ","int","csw","1m","5m","15m","run","blk","new","in","out","lis","act","syn","tim","clo"
15-04 15:00:10,,964572,661816,219064,5869220,,,,,,,1.020,0.920,0.650,1,1,,,,19,2,0,7,0
15-04 15:00:11,8.743,20.234,69.945,0,0.500,964800,661552,219064,5869256,10141.017,1618.726,0,83.934,0,6.994,5351,3719,1.020,0.920,0.650,1,0,326.743,0,0,19,2,0,7,0
15-04 15:00:12,9.269,20.292,69.392,0,0,958708,667484,219064,5869416,17421.712,1623.328,0,48.099,0,7.014,5375,3517,1.020,0.920,0.650,1,0,306.629,0,0,19,2,0,7,0
15-04 15:00:13,15.211,15.959,66.329,0,0.499,950692,675480,219064,5869432,13744.507,1615.827,0,15.959,0,3.990,5308,5194,1.020,0.920,0.650,2,0,221.428,0,0,19,2,0,7,0
15-04 15:00:14,14.501,19.001,65.754,0,0,948504,677688,219064,5869900,8446.489,1620.094,0,16.001,0,4.000,5124,5905,1.020,0.920,0.650,1,0,233.013,0,0,19,2,0,7,0
15-04 15:00:15,15.458,14.212,69.063,0,0,1047896,578132,219064,5994484,84077.392,1615.626,0,112176.324,0,563.475,5669,6070,1.020,0.920,0.650,1,0,77.789,0,0,20,2,0,7,0
15-04 15:00:16,14.533,11.526,72.415,0.251,0,1095172,530780,219064,5994576,13435.599,1623.698,0,101719.665,0,805.835,4392,3624,1.020,0.920,0.650,1,0,91.208,0,0,20,4,0,7,0
15-04 15:00:17,16.783,11.021,71.890,0,0,1096576,529344,219064,5994592,17575.222,1623.161,0,2068.027,0,220.429,3793,2521,1.020,0.920,0.650,1,0,155.302,0,0,20,6,0,7,0
15-04 15:00:18,19.720,5.991,72.888,0.250,0,1138868,486780,219076,5994872,12623.522,1617.504,0,2336.395,0,17.972,2633,2063,1.020,0.920,0.650,2,0,35.945,0,0,20,4,0,9,0
15-04 15:00:19,21.231,3.747,73.186,0,0,1177472,447088,219092,5995824,11228.175,1618.584,0,995.129,0,18.983,1910,1459,1.020,0.920,0.660,1,0,0,0,0,20,4,0,9,0
15-04 15:00:20,22.766,3.252,73.301,0.250,0.250,1190628,433696,219100,5995988,82739.806,1459.019,0,1709.194,0,50.035,2267,1753,1.020,0.920,0.660,2,0,1.001,0,0,20,6,0,9,0
15-04 15:00:21,12.520,5.509,67.355,11.017,0,1194160,421284,219588,6004148,15031.513,1622.538,0,32070.165,0,3071.805,13475,25758,1.020,0.920,0.660,0,1,54.085,0,0,20,6,0,9,0
15-04 15:00:22,18.761,7.755,66.790,5.253,0,1104760,508968,219824,6005592,8855.242,1620.959,0,34596.478,0,2444.447,9954,17715,1.020,0.920,0.660,1,0,68.040,0,0,20,4,0,9,0
15-04 15:00:23,20.713,6.738,70.124,1.497,0,1160604,453024,219916,6005596,17934.878,1617.104,0,14390.227,0,787.589,3785,5046,1.020,0.920,0.660,1,0,33.939,0,0,20,4,0,9,0
15-04 15:00:24,22.531,2.503,73.100,0.250,0,1193108,420516,219916,6005596,12935.620,1664.267,0,480.655,0,21.029,1919,1367,1.010,0.920,0.660,1,0,0,0,0,20,4,0,9,0
15-04 15:00:25,24.211,2.746,72.382,0.250,0,1126800,486792,219936,6005608,19093.959,1687.257,0,5083.735,0,265.568,2509,2316,1.010,0.920,0.660,1,0,9.984,0,0,20,4,0,9,0
15-04 15:00:26,22.747,3.250,72.991,0,0,1162832,450756,219936,6005612,13141.416,1619.805,0,139.983,0,9.999,1889,1271,1.010,0.920,0.660,1,0,0,0,0,20,4,0,9,0
15-04 15:00:27,23.236,2.499,73.457,0,0,1195340,418248,219936,6005612,8737.919,1619.058,0,0,0,0,1842,1184,1.010,0.920,0.660,1,0,0,0,0,20,4,0,9,0
15-04 15:00:28,19.056,7.773,71.961,0,0,1178796,434772,219940,6005628,17062.076,1624.769,0,4.012,0,1.003,3077,1931,1.010,0.920,0.660,1,0,101.297,0,0,20,4,0,9,0
15-04 15:00:29,8.749,20.248,68.993,0,0.250,1171528,441980,219940,6005664,14539.577,1499.853,0,19.998,0,5.000,5461,3865,1.010,0.930,0.660,1,0,330.968,0,0,20,4,0,9,0
15-04 15:00:30,11.761,19.768,66.312,0,0,1164720,448628,219940,6006160,17268.063,1621.508,0,32.030,0,8.007,6834,6621,1.010,0.930,0.660,1,0,325.303,0,0,20,4,0,9,0
15-04 15:00:31,23.227,12.737,64.185,0,0,1141012,472280,219944,6006168,18176.730,1618.373,0,91.908,0,1.998,4921,6013,1.010,0.930,0.660,3,0,108.891,0,0,20,4,0,9,0
15-04 15:00:32,45.455,12.488,39.960,0.250,0,1229792,383464,219944,6006316,17041.114,1618.396,0,175.826,0,8.991,3928,2485,1.010,0.930,0.660,3,0,112.888,0,0,20,5,0,9,0
15-04 15:00:33,45.201,3.996,48.198,0,0,1274160,338936,219964,6006416,13822.091,1618.255,0,1510.371,0,129.860,2811,1218,1.010,0.930,0.660,2,0,0,0,0,20,5,0,9,0
15-04 15:00:34,44.749,6.500,48.249,0,0,1298028,314508,219976,6006888,9363.778,1619.962,0,259.994,0,5.000,2753,1335,1.090,0.940,0.670,5,0,0,0,0,20,5,0,9,0
15-04 15:00:35,45.904,7.525,45.653,0,0,1317928,291820,220068,6009240,9563.000,1625.439,0,0,0,0,3735,4624,1.090,0.940,0.670,2,0,24.081,0,0,20,4,0,9,0
15-04 15:00:36,2.991,6.980,88.990,0,0,1332748,276956,220068,6009272,18693.312,1615.274,0,0,0,0,2241,1842,1.090,0.940,0.670,2,0,96.717,0,0,19,4,0,9,0
15-04 15:00:37,19.023,7.008,72.836,0,0,1381900,227788,220084,6009276,13984.589,1621.924,0,0,0,0,1938,1535,1.090,0.940,0.670,1,0,19.023,0,0,20,4,0,9,0
15-04 15:00:38,21.711,4.741,72.619,0,0,1410608,199060,220084,6009276,37761.920,1617.085,0,3114.385,0,17.968,2174,1334,1.090,0.940,0.670,1,0,0.998,0,0,20,4,0,9,0
15-04 15:00:39,24.490,1.249,73.719,0,0,1410608,199060,220084,6009276,16652.066,1457.393,0,0,0,0,1758,1068,1.080,0.950,0.670,1,0,0,0,0,20,4,0,9,0
15-04 15:00:40,23.014,2.502,71.293,1.501,0,1418112,191248,220116,6009552,18687.350,1620.984,0,1801.094,0,204.124,3675,4670,1.080,0.950,0.670,1,0,1.001,0,0,20,10,0,9,0
15-04 15:00:41,21.315,5.266,72.971,0.502,0,1340980,268360,220132,6009556,35132.388,1797.443,0,2547.715,0,151.459,2945,2422,1.080,0.950,0.670,2,0,42.128,0,0,20,4,0,11,0
15-04 15:00:42,21.436,1.745,73.529,2.243,0,1366960,241928,220396,6009680,13326.013,1615.153,386.839,0,11.964,0,1720,1032,1.080,0.950,0.670,1,0,0,0,0,20,4,0,11,0
15-04 15:00:43,24.314,2.507,72.441,0,0,1390856,217764,220396,6009908,12270.434,1624.293,0,1038.746,0,22.058,2458,2134,1.080,0.950,0.670,1,0,1.003,0,0,20,17,0,11,0
15-04 15:00:44,14.706,2.243,73.528,8.724,0,1400164,207936,220440,6010132,32545.787,1615.126,263.206,366.893,64.804,19.940,1923,1420,1.080,0.950,0.670,1,0,0,0,0,20,25,0,11,0
15-04 15:00:45,21.746,5.249,71.736,0,0,1335120,272952,220440,6010156,86721.286,1619.688,0,0,0,0,2987,1948,1.080,0.950,0.670,1,0,44.991,0,0,20,28,0,11,0
15-04 15:00:46,22.256,3.001,73.521,0,0,1382700,225332,220448,6010156,18078.095,1620.457,0,1500.423,0,8.002,1812,1174,1.080,0.950,0.670,1,0,0,0,0,20,28,0,11,0
15-04 15:00:47,23.801,3.006,72.905,0,0,1398804,209208,220452,6010168,28263.187,1795.824,0,1896.038,0,9.019,2368,1560,1.080,0.950,0.670,1,0,0,0,0,20,29,0,11,0
15-04 15:00:48,25.507,12.754,60.767,0,0,1411776,196140,220452,6010184,16965.729,1620.452,0,12.003,0,3.001,3716,2354,1.080,0.950,0.670,2,0,157.044,0,0,20,28,0,11,0
15-04 15:00:49,45.383,5.735,48.874,0,0,1463080,144836,220452,6010184,14528.529,1454.249,0,0,0,0,2813,1163,1.230,0.980,0.680,3,0,0,0,0,20,28,0,11,0
15-04 15:00:50,44.012,4.751,47.263,3.751,0,1483420,188604,217492,5949816,91146.563,1620.437,148.040,212.057,37.010,11.003,3721,2484,1.230,0.980,0.680,2,0,0,0,0,20,28,0,11,0
15-04 15:00:51,42.885,11.787,43.387,0.502,0.251,1388356,283236,217496,5950244,16951.529,1625.132,24.076,638.015,6.019,53.168,6707,8201,1.230,0.980,0.680,3,0,185.586,0,0,20,28,0,11,0
15-04 15:00:52,72.521,25.757,2.001,0,0,1508868,162664,217500,5950284,12599.584,1620.461,0,7778.213,0,506.144,5575,3966,1.230,0.980,0.680,7,0,393.112,0,0,20,28,0,11,0
15-04 15:00:53,86.676,12.989,0,0,0,1679552,122760,214180,5823840,16272.088,1618.616,3.997,223.809,0.999,8.992,4928,2505,1.230,0.980,0.680,6,0,0,0,0,20,28,0,11,0
15-04 15:00:54,90.079,9.508,0.250,0,0,1779072,124564,211164,5727004,17783.569,1757.539,0,440.386,0,31.027,5718,4396,1.690,1.080,0.720,6,0,0,0,0,20,29,0,12,0
15-04 15:00:55,84.494,9.999,3.250,1.250,0,1783632,197428,210000,5652404,16541.801,1619.883,51.996,323.977,6.000,35.997,7618,10987,1.690,1.080,0.720,5,0,49.996,0,0,20,28,0,12,0
15-04 15:00:56,47.161,12.476,38.926,0.499,0,1462256,517108,210020,5654080,30325.616,1616.940,1644.887,538.980,15.970,48.907,5591,5235,1.690,1.080,0.720,1,0,219.584,0,0,20,28,0,12,0
15-04 15:00:57,20.229,5.744,71.676,1.498,0,1491808,487508,210032,5654116,17156.265,1618.327,31.967,3564.315,3.996,189.804,2717,2401,1.690,1.080,0.720,1,0,39.959,0,0,20,28,0,12,0
15-04 15:00:58,24.043,3.005,73.633,0,0,1502368,476936,210036,5654124,9170.548,1622.928,4.007,228.412,1.002,12.022,2197,1660,1.690,1.080,0.720,2,0,1.002,0,0,20,29,0,12,0
15-04 15:00:59,19.417,7.219,71.695,0.249,0,1433216,546068,210040,5654140,16754.799,1613.145,0,1067.464,0,61.738,3779,3463,1.640,1.080,0.720,1,0,67.712,0,0,20,28,0,9,0
15-04 15:01:00,23.047,3.006,73.149,0,0,1449064,530220,210040,5654140,13257.923,1460.967,0,0,0,0,1876,1101,1.640,1.080,0.720,1,0,0,0,0,20,28,0,9,0
15-04 15:01:01,25.751,3.250,68.753,1.250,0.250,1445476,533772,210040,5654692,8971.429,1620.077,16.001,160.008,1.000,19.001,3226,3304,1.640,1.080,0.720,2,0,14.001,0,0,20,28,0,9,0
15-04 15:01:02,13.013,24.274,61.310,0.500,0,1366580,612632,210044,5654208,22777.154,1691.645,20.019,988.962,2.002,62.060,6711,13159,1.640,1.080,0.720,1,0,494.481,0,0,20,28,0,10,0
15-04 15:01:03,51.296,30.528,17.266,0,0,1450052,529116,210044,5654252,13912.604,1621.469,0,48.044,0,12.011,5796,4327,1.640,1.080,0.720,5,0,566.513,0,0,20,28,0,9,0
15-04 15:01:04,89.133,11.767,0,0,0,1633968,345196,210044,5654256,22386.289,1622.413,0,3120.640,0,142.211,5228,2445,1.910,1.140,0.740,5,0,0,0,0,20,28,0,9,0
15-04 15:01:05,87.119,9.486,2.247,0,0,1723612,255520,210044,5654288,27994.820,1687.458,0,0,0,0,6118,5516,1.910,1.140,0.740,6,0,0,0,0,20,30,0,9,0
15-04 15:01:06,85.869,9.486,4.743,0,0,1731468,247256,210044,5654696,13410.560,1617.535,0,427.349,0,53.918,7375,11241,1.910,1.140,0.740,6,0,29.954,0,0,20,29,0,10,0
15-04 15:01:07,76.729,22.567,0.251,0,0,1642200,336476,210048,5654740,32313.533,1624.854,4.012,413.234,1.003,28.084,6486,5623,1.910,1.140,0.740,8,0,280.839,0,0,20,28,0,7,0
15-04 15:01:08,90.029,9.477,0,0,0,1723336,255332,210048,5654748,17460.200,1616.039,0,195.521,0,9.976,5177,2752,1.910,1.140,0.740,6,0,0.998,0,0,20,28,0,7,0
15-04 15:01:09,90.399,9.766,0.250,0,0,1811436,167220,210052,5654756,20898.475,1622.677,4.007,148.245,1.002,10.017,6347,4968,2.240,1.230,0.770,6,0,6.010,0,0,20,29,0,9,1
15-04 15:01:10,84.029,10.003,5.252,0,0,1822416,156020,210056,5654972,16736.753,1458.501,0,292.100,0,23.008,8272,10402,2.240,1.230,0.770,4,0,50.017,0,0,20,32,0,11,0
15-04 15:01:11,81.020,13.753,5.001,0.250,0,1678064,300168,210060,5655172,17083.220,1620.400,0,240.059,0,23.006,7628,9615,2.240,1.230,0.770,5,0,139.034,0,0,20,28,0,11,0
15-04 15:01:12,46.948,9.191,42.725,0,0,1632700,345512,210064,5655188,18119.425,1609.644,0,941.940,0,11.923,3305,1999,2.240,1.230,0.770,2,0,108.303,0,0,20,29,0,11,0
15-04 15:01:13,45.800,5.788,48.317,0,0,1595428,382752,210068,5655216,8447.352,1630.685,0,181.187,0,16.106,3743,4742,2.240,1.230,0.770,4,0,23.152,0,0,20,29,0,11,0
15-04 15:01:14,60.506,22.002,16.752,0,0,1551332,426796,210072,5655264,14836.569,1620.171,0,216.023,0,14.001,5556,4751,2.220,1.240,0.780,3,0,355.038,0,0,20,28,0,11,0
15-04 15:01:15,68.523,7.226,24.170,0,0,1619644,358468,210072,5655280,88725.625,1614.643,0,223.259,0,9.967,4545,2278,2.220,1.240,0.780,4,0,0,0,0,20,30,0,11,0
15-04 15:01:16,64.208,5.769,29.345,0.251,0,1617100,360804,210080,5655480,15140.049,1625.265,0,429.391,0,44.143,7131,9141,2.220,1.240,0.780,3,0,0,0,0,20,28,0,12,0
15-04 15:01:17,71.754,22.751,5.750,0,0,1532280,445612,210080,5655492,21710.141,1620.085,0,396.021,0,13.001,5477,3209,2.220,1.240,0.780,4,0,258.014,0,0,20,28,0,12,0
15-04 15:01:18,89.475,8.248,1.999,0,0,1664756,313124,210080,5655504,16551.384,1619.548,0,219.939,0,9.997,5103,2470,2.220,1.240,0.780,3,0,1.000,0,0,20,31,0,13,0
15-04 15:01:19,75.023,7.727,16.450,0,0,1661680,315992,210084,5655708,23770.232,1615.124,0,1128.593,0,71.783,7908,10885,2.360,1.280,0.800,4,0,0,0,0,20,30,0,13,0
15-04 15:01:20,64.872,20.789,14.778,0.250,0,1560764,416864,210088,5655748,87066.146,1623.041,0,252.473,0,25.047,5339,4736,2.360,1.280,0.800,3,0,324.608,0,0,20,28,0,13,0
15-04 15:01:21,68.861,6.487,24.201,0,0,1613576,364048,210088,5655752,10199.479,1616.747,0,147.703,0,5.988,3853,1412,2.360,1.280,0.800,4,0,0,0,0,20,29,0,13,0
15-04 15:01:22,63.445,6.269,28.337,0,0,1625024,352524,210100,5655816,13654.890,1462.487,4.012,393.206,1.003,26.080,6860,8795,2.360,1.280,0.800,4,0,0,0,0,20,30,0,13,0
15-04 15:01:23,62.482,20.744,16.745,0,0,1524836,452532,210116,5655980,17918.760,1619.526,0,435.873,0,34.990,5651,4614,2.360,1.280,0.800,3,0,298.913,0,0,20,28,0,13,0
15-04 15:01:24,66.998,7.000,25.999,0,0,1611392,365964,210120,5655988,16810.561,1661.957,0,135.996,0,9.000,4025,1793,2.410,1.310,0.810,2,0,0,0,0,20,31,0,13,0
15-04 15:01:25,64.449,5.972,27.372,0,0,1577832,399340,210124,5656168,21299.598,1612.475,0,274.718,0,21.898,7246,8599,2.410,1.310,0.810,3,0,9.954,0,0,20,29,0,14,0
15-04 15:01:26,64.111,19.283,16.779,0.250,0,1507288,469852,210128,5656196,13913.995,1622.799,0,212.366,0,14.024,4685,2841,2.410,1.310,0.810,4,0,277.479,0,0,20,28,0,14,0
15-04 15:01:27,67.976,6.772,25.083,0,0,1622324,354740,210128,5656272,20942.480,1625.393,0,441.465,0,48.160,4202,2522,2.410,1.310,0.810,4,0,0,0,0,20,28,0,14,0
15-04 15:01:28,63.661,5.492,29.459,0.250,0,1532548,444216,210148,5656592,12388.607,1617.729,0,994.604,0,79.888,6263,7737,2.410,1.310,0.810,4,0,4.993,0,0,20,28,0,15,0
15-04 15:01:29,61.580,13.768,24.031,0,0,1562720,414032,210148,5656604,13510.599,1664.168,0,112.146,0,8.010,4159,2040,2.460,1.340,0.820,4,0,108.141,0,0,20,28,0,15,0
15-04 15:01:30,67.228,7.719,24.899,0,0,1621020,355720,210148,5656616,21055.700,1613.464,0,119.516,0,5.976,4275,2575,2.460,1.340,0.820,3,0,0,0,0,20,28,0,16,0
15-04 15:01:31,63.277,14.564,20.841,0.251,0,1486192,490480,210160,5656672,12937.668,1627.127,0,634.780,0,60.264,7495,9040,2.460,1.340,0.820,8,0,243.065,0,0,20,28,0,17,0
15-04 15:01:32,74.260,25.253,0.500,0,0,1563060,413556,210160,5656728,13001.748,1979.266,0,200.027,0,19.003,5485,4039,2.460,1.340,0.820,8,0,362.049,0,0,20,28,0,17,0
15-04 15:01:33,82.421,17.733,0,0,0,1695592,281004,210160,5656748,19463.404,1618.454,0,159.847,0,7.992,5410,3891,2.460,1.340,0.820,8,0,286.726,0,0,20,28,0,17,0
15-04 15:01:34,82.075,17.016,1.001,0,0,1784716,191836,210164,5656788,16764.411,1621.491,0,472.434,0,29.027,5959,5506,2.820,1.440,0.850,8,0,267.246,0,0,20,29,0,17,0
15-04 15:01:35,82.712,16.492,0.500,0,0,1755424,220896,210168,5657016,22835.451,1619.252,0,3486.389,0,146.932,7905,8909,2.820,1.440,0.850,7,0,285.868,0,0,20,28,0,17,0
15-04 15:01:36,79.282,20.008,0.750,0,0,1660652,315588,210176,5657088,18304.319,1620.648,0,420.168,0,38.015,6756,7346,2.820,1.440,0.850,5,0,320.128,0,0,20,28,0,17,0
15-04 15:01:37,85.757,14.001,0,0,0,1608688,367388,210176,5657252,17163.304,1620.123,0,160.012,0,11.001,5226,2951,2.820,1.440,0.850,5,0,90.007,0,0,20,29,0,17,0
15-04 15:01:38,90.475,8.973,0.249,0,0.249,1731928,244132,210176,5657268,17495.884,1615.097,0,167.492,0,8.973,5566,4422,2.820,1.440,0.850,6,0,0.997,0,0,20,30,0,17,0
15-04 15:01:39,84.898,12.522,2.755,0,0,1670804,305188,210176,5657336,30062.495,1622.834,0,136.238,0,8.014,7643,9131,3,1.500,0.880,5,0,118.206,0,0,20,29,0,18,0
15-04 15:01:40,65.216,16.741,17.241,0,0,1489384,486408,210176,5657536,15032.052,1619.144,0,163.913,0,9.995,6843,9471,3,1.500,0.880,2,0,301.840,0,0,20,28,0,18,0
15-04 15:01:41,16.505,30.008,52.264,0,0,1400656,575108,210180,5657560,24503.768,1620.448,0,192.053,0,16.004,6437,4955,3,1.500,0.880,4,0,607.168,0,0,20,28,0,18,0
15-04 15:01:42,63.561,32.281,3.754,0,0,1490448,485264,210192,5657600,24501.634,1621.564,12.012,36.035,3.003,9.009,5584,4221,3,1.500,0.880,7,0,614.593,0,0,20,28,0,18,0
15-04 15:01:43,79.336,20.458,0,0,0,1639544,336136,210196,5657628,21126.330,1454.992,0,1209.500,0,26.944,6062,4662,3,1.500,0.880,6,0,321.336,0,0,20,31,0,18,0
15-04 15:01:44,88.382,11.016,0.751,0,0,1741792,233836,210200,5657676,24362.354,1622.421,16.024,56.084,1.001,7.010,6742,5931,3.240,1.570,0.900,5,0,83.124,0,0,20,33,0,18,0
15-04 15:01:45,88.123,10.206,0.996,0,0,1627716,347696,210228,5657864,78984.395,1613.105,27.881,346.519,3.983,39.830,6629,7072,3.240,1.570,0.900,6,0,113.515,0,0,20,34,0,18,0
15-04 15:01:46,84.129,15.570,1.256,0,0,1627208,347884,210256,5658156,27191.622,3805.160,237.069,654.954,9.041,54.245,7045,7866,3.240,1.570,0.900,6,0,158.716,0,0,20,33,0,18,0
15-04 15:01:47,85.117,13.978,0,0,0,1639076,329896,210448,5663316,27106.783,2584.974,83.869,1090.302,4.992,23.963,5364,3024,3.240,1.570,0.900,6,0,97.848,0,0,20,32,0,18,1
15-04 15:01:48,89.880,10.014,0.250,0,0,1737156,230952,210484,5664096,18887.214,1730.493,0,244.352,0,11.016,5343,3167,3.240,1.570,0.900,6,0,2.003,0,0,20,32,0,18,0
15-04 15:01:49,88.885,9.212,1.494,0,0,1783308,184204,210524,5664572,18313.847,1613.379,0,1119.406,0,54.775,6754,6991,3.460,1.640,0.930,4,0,1.992,0,0,20,36,0,18,0
15-04 15:01:50,87.123,11.298,2.260,0,0,1805072,161860,210540,5665072,83536.743,1626.967,0,245.049,0,7.030,13743,24317,3.460,1.640,0.930,3,0,5.022,0,0,20,37,0,19,0
15-04 15:01:51,78.564,7.981,12.221,0.249,0,1810064,155516,210580,5666272,21432.254,1616.173,0,4042.429,0,141.665,9371,12829,3.460,1.640,0.930,7,0,6.983,0,0,20,34,0,22,0
15-04 15:01:52,83.435,15.785,0.752,0,0,1582708,382768,210616,5666340,17207.140,1623.599,4.009,461.022,1.002,35.078,6960,16149,3.460,1.640,0.930,6,0,162.360,0,0,20,32,0,22,0
15-04 15:01:53,84.789,15.257,0,0,0,1641144,324072,210656,5666556,12622.849,1620.751,0,644.299,0,20.009,5134,13692,3.460,1.640,0.930,7,0,42.019,0,0,20,32,0,22,0
15-04 15:01:54,90.255,9.500,0,0,0.250,1740316,225036,210668,5666408,22203.112,1594.080,0,2288.115,0,122.006,5573,3716,3.660,1.720,0.960,6,0,3.000,0,0,20,32,0,22,0
15-04 15:01:55,87.757,9.696,1.740,0,0,1780764,187368,210684,5663808,21570.880,1610.955,15.911,1412.071,3.978,15.911,6653,6851,3.660,1.720,0.960,7,0,0,0,0,20,34,0,22,0
15-04 15:01:56,77.540,14.554,7.528,1.004,0,1771608,242868,210840,5624760,21458.264,1626.082,204.766,1529.722,15.056,11.041,8435,12481,3.660,1.720,0.960,4,0,110.413,0,0,20,37,0,23,0
15-04 15:01:57,80.317,12.472,6.236,0,0,1744996,268856,210928,5625296,21132.728,1616.308,87.799,1612.317,5.986,14.966,7771,13109,3.660,1.720,0.960,7,0,70.838,0,0,20,36,0,23,0
15-04 15:01:58,85.645,13.814,0.502,0,0,1776092,227928,210928,5635080,21348.468,1627.507,72.334,3910.035,1.005,193.894,8313,11053,3.660,1.720,0.960,14,0,130.602,0,0,20,32,0,23,0
15-04 15:01:59,75.968,23.740,0,0,0,1504636,496680,210932,5637688,17651.619,1619.323,0,627.738,0,11.995,6106,5580,4.170,1.850,1.010,6,0,395.834,0,0,20,32,0,23,0
15-04 15:02:00,84.533,15.506,0,0,0,1656968,344196,210936,5637868,12660.935,1620.632,44.017,452.176,9.004,15.006,5400,3461,4.170,1.850,1.010,6,0,203.079,0,0,20,32,0,23,0
15-04 15:02:01,85.997,13.999,0.500,0,0,1759484,241356,210944,5638184,14529.474,1619.941,207.992,259.991,20.999,13.999,5882,4655,4.170,1.850,1.010,8,0,169.994,0,0,20,33,0,23,0
15-04 15:02:02,76.217,9.746,12.994,0,0,1791484,209164,210944,5638376,27996.973,1619.304,0,3.998,0,1.000,8255,18695,4.170,1.850,1.010,2,0,64.972,0,0,20,37,0,24,0
15-04 15:02:03,77.871,10.947,10.200,0,0,1675188,325232,210944,5638604,19430.432,1612.154,0,19.903,0,0.995,8220,13934,4.170,1.850,1.010,7,0,67.671,0,0,20,34,0,24,0
15-04 15:02:04,87.454,12.063,0.251,0,0,1561468,438904,210944,5638652,21075.528,1465.617,0,333.734,0,29.151,6431,6326,4.240,1.910,1.030,8,0,125.653,0,0,20,32,0,24,0
15-04 15:02:05,88.741,11.249,0.500,0,0,1684948,315396,210944,5638680,17541.261,1619.839,0,163.984,0,19.998,5799,4248,4.240,1.910,1.030,5,0,5.999,0,0,20,32,0,24,0
15-04 15:02:06,85.978,12.710,0.498,0,0,1678316,322004,210944,5638704,21598.564,1614.883,0,2978.562,0,158.498,6004,4745,4.240,1.910,1.030,5,0,119.621,0,0,20,32,0,24,0
15-04 15:02:07,87.609,10.763,1.502,0,0,1740844,259296,210944,5638884,21887.258,1622.020,0,120.150,0,8.010,5868,7861,4.240,1.910,1.030,4,0,0,0,0,20,35,0,25,0
15-04 15:02:08,80.546,8.755,10.756,0,0,1767632,232264,210944,5639128,12972.460,1620.932,0,120.069,0,8.005,8265,12917,4.240,1.910,1.030,5,0,1.001,0,0,20,34,0,24,0
15-04 15:02:09,81.112,16.022,2.253,0,0,1575448,424248,210952,5639320,22022.469,2166.998,0,232.321,0,22.030,7318,9192,4.300,1.960,1.050,7,0,189.262,0,0,20,33,0,26,0
15-04 15:02:10,85.265,14.003,0.250,0,0,1583580,416104,210952,5639332,17766.188,1620.291,0,160.029,0,10.002,5272,3189,4.300,1.960,1.050,5,0,86.015,0,0,20,32,0,26,0
15-04 15:02:11,90.998,8.750,0.750,0,0,1725424,274240,210952,5639352,14055.686,1619.964,0,151.997,0,9.000,5084,2956,4.300,1.960,1.050,5,0,0,0,0,20,32,0,26,0
15-04 15:02:12,88.449,8.471,2.242,0,0,1684496,314968,210956,5639548,24925.314,1614.515,0,207.296,0,19.932,6353,9485,4.300,1.960,1.050,4,0,27.905,0,0,20,34,0,29,0
15-04 15:02:13,83.728,13.788,2.758,0,0,1659748,339640,210956,5639624,17200.812,1624.421,0,381.037,0,35.096,7733,11083,4.300,1.960,1.050,5,0,79.216,0,0,20,32,0,27,0
15-04 15:02:14,83.497,15.312,0.478,0,0,1609272,390108,210956,5639632,21916.807,1550.311,0,1810.610,0,29.666,5889,3600,4.350,2.010,1.070,6,0,175.128,0,0,20,32,0,27,0
15-04 15:02:15,79.344,8.641,11.260,0,0,1665624,333596,210956,5639792,91315.806,1527.185,0,104.745,0,12.569,5747,4908,4.350,2.010,1.070,6,0,12.569,0,0,20,33,0,27,0
15-04 15:02:16,85.454,10.994,3.998,0,0.250,1678256,320716,210960,5640036,12759.178,1619.134,0,379.797,0,27.985,6666,9442,4.350,2.010,1.070,5,0,47.974,0,0,20,33,0,28,0
15-04 15:02:17,82.324,16.265,1.001,0,0,1598188,400760,210960,5640060,25414.818,1621.456,0,188.169,0,9.008,5501,3760,4.350,2.010,1.070,4,0,160.144,0,0,20,32,0,27,0
15-04 15:02:18,89.616,9.459,0.747,0,0,1662844,336072,210960,5640092,16703.429,1613.088,0,191.181,0,7.966,5446,4620,4.350,2.010,1.070,3,0,12.945,0,0,20,33,0,27,0
15-04 15:02:19,83.926,10.272,5.261,0,0,1673452,325244,210960,5640312,12873.032,1623.409,0,332.699,0,27.057,6977,8548,4.330,2.040,1.090,4,0,31.065,0,0,20,33,0,28,0
15-04 15:02:20,69.353,15.773,14.772,0,0,1565196,433460,210960,5640352,91631.372,1622.415,0,184.274,0,12.018,6059,5576,4.330,2.040,1.090,3,0,217.323,0,0,20,32,0,28,0
15-04 15:02:21,66.296,8.756,23.766,0,0,1583320,415300,210960,5640388,17618.215,1663.153,0,3250.253,0,173.120,5106,4712,4.330,2.040,1.090,4,0,30.021,0,0,20,32,0,25,0
15-04 15:02:22,66.461,8.745,24.486,0,0,1618344,380120,210960,5640544,29441.890,1619.059,0,159.907,0,10.994,5111,4821,4.330,2.040,1.090,3,0,36.979,0,0,20,32,0,25,0
15-04 15:02:23,65.001,9.500,24.500,0.250,0,1640428,357988,210960,5640592,18436.316,1620.028,0,248.004,0,19.000,6011,7288,4.330,2.040,1.090,3,0,43.001,0,0,20,33,0,26,0
15-04 15:02:24,66.789,9.221,24.174,0,0,1558224,440156,210960,5640628,13214.286,1614.902,0,299.056,0,21.931,5455,5444,4.140,2.040,1.090,3,0,63.799,0,0,20,32,0,26,0
15-04 15:02:25,67.996,8.029,23.585,0,0,1538608,459744,210964,5640652,22286.784,1668.046,0,293.062,0,21.076,5111,4589,4.140,2.040,1.090,3,0,13.047,0,0,20,32,0,26,0
15-04 15:02:26,64.465,10.205,23.894,0,0,1598576,399620,210964,5640808,16692.114,1451.575,0,151.330,0,9.956,4962,4529,4.140,2.040,1.090,3,0,45.797,0,0,20,33,0,26,0
15-04 15:02:27,65.007,9.287,25.852,0,0,1572056,426084,210968,5640860,26498.724,1626.428,0,240.952,0,21.083,6654,7972,4.140,2.040,1.090,3,0,60.238,0,0,20,32,0,29,0
15-04 15:02:28,64.764,9.752,24.505,0,0,1576560,421556,210968,5640884,18223.885,1620.345,0,156.033,0,10.002,5337,4553,4.140,2.040,1.090,3,0,52.011,0,0,20,32,0,29,0
15-04 15:02:29,64.853,9.977,24.694,0,0,1599988,397724,210968,5641288,21899.388,1616.338,0,13082.363,0,238.460,5404,4545,4.050,2.060,1.100,4,0,42.903,0,0,20,33,0,27,0
15-04 15:02:30,66.178,7.492,24.723,0,0,1645652,351916,210968,5641444,16683.732,1618.228,0,291.681,0,7.991,4789,4298,4.050,2.060,1.100,4,0,42.953,0,0,20,32,0,27,0
15-04 15:02:31,66.483,10.286,23.583,0.251,0,1563628,433780,210972,5641600,14310.129,1625.695,0,224.787,0,21.074,4711,4524,4.050,2.060,1.100,4,0,51.179,0,0,20,32,0,27,0
15-04 15:02:32,65.409,10.236,23.967,0,0,1609636,387740,210972,5641632,16582.888,1617.745,0,115.839,0,7.989,5110,4809,4.050,2.060,1.100,3,0,46.935,0,0,20,33,0,27,0
15-04 15:02:33,60.384,14.971,24.204,0.499,0,1528080,469260,210976,5641664,22672.526,1616.900,0,323.380,0,36.929,5706,4865,4.050,2.060,1.100,4,0,204.608,0,0,20,32,0,25,0
15-04 15:02:34,65.116,10.018,23.292,0,0,1558460,438868,210976,5641676,17603.435,1622.898,0,480.859,0,26.047,5018,3536,3.960,2.070,1.120,4,0,95.170,0,0,20,32,0,25,0
15-04 15:02:35,66.771,7.752,25.258,0,0,1581860,415444,210976,5641700,22513.234,1620.521,0,180.058,0,11.004,5562,4669,3.960,2.070,1.120,3,0,0,0,0,20,34,0,26,0
15-04 15:02:36,64.064,9.009,26.526,0,0,1581264,415712,210976,5642028,16709.602,1459.450,0,248.247,0,20.020,7590,10062,3.960,2.070,1.120,3,0,43.043,0,0,20,32,0,26,0
15-04 15:02:37,63.059,12.712,23.180,0.249,0,1553304,443644,210976,5642056,34004.248,1615.120,0,279.156,0,27.916,5019,3146,3.960,2.070,1.120,3,0,123.626,0,0,20,32,0,26,0
15-04 15:02:38,67.698,7.773,24.321,0,0,1625368,371564,210976,5642072,20861.891,1624.742,0,184.539,0,11.032,4533,3303,3.960,2.070,1.120,4,0,1.003,0,0,20,33,0,26,0
15-04 15:02:39,65.757,9.001,24.003,0,0.250,1632740,364128,210976,5642136,13885.527,1620.178,0,300.033,0,24.003,7316,9496,3.970,2.110,1.130,4,0,68.007,0,0,20,34,0,28,0
15-04 15:02:40,65.120,10.479,23.453,0,0.499,1555124,441696,210976,5642184,21903.301,1616.774,0,307.387,0,23.952,7231,7022,3.970,2.110,1.130,3,0,103.793,0,0,20,32,0,29,0
15-04 15:02:41,47.670,10.233,41.180,0,0,1595716,401012,210976,5642276,20845.814,1617.270,0,203.656,0,10.981,4094,2476,3.970,2.110,1.130,3,0,124.789,0,0,20,33,0,28,0
15-04 15:02:42,42.845,9.772,46.854,0,0,1587880,408576,210976,5642548,18447.044,1623.612,0,3247.225,0,195.435,6374,7127,3.970,2.110,1.130,2,0,102.227,0,0,20,33,0,28,0
15-04 15:02:43,42.435,7.738,47.926,0,0,1557596,438848,210976,5642560,21805.344,1617.503,0,191.704,0,5.991,3781,2453,3.970,2.110,1.130,2,0,63.901,0,0,20,32,0,28,0
15-04 15:02:44,46.660,5.268,48.667,0,0,1615712,380716,210980,5642572,22031.532,1625.573,0,293.005,0,22.076,3658,2887,3.810,2.100,1.140,2,0,0,0,0,20,32,0,28,0
15-04 15:02:45,46.015,4.726,47.259,0.497,0,1557472,438792,210980,5642736,91635.661,1611.780,0,1376.977,0,36.812,4822,4611,3.810,2.100,1.140,2,0,4.975,0,0,20,32,0,26,0
15-04 15:02:46,41.684,9.291,48.213,0,0,1574116,422144,210980,5642740,21479.888,1464.469,0,192.852,0,13.058,3619,1921,3.810,2.100,1.140,2,0,94.417,0,0,20,32,0,26,0
15-04 15:02:47,46.105,4.735,48.348,0.249,0,1583432,412636,210984,5642928,19498.652,1656.787,0,366.846,0,32.896,4015,4532,3.810,2.100,1.140,2,0,0,0,0,20,32,0,26,0
15-04 15:02:48,46.136,5.985,47.632,0,0,1542972,452952,210984,5643072,21338.349,1616.013,0,327.193,0,27.931,4835,4432,3.810,2.100,1.140,2,0,5.985,0,0,20,32,0,26,0
15-04 15:02:49,43.852,7.016,47.861,0.251,0,1506544,489364,210996,5643076,21442.633,1623.758,0,2365.475,0,144.334,3704,2749,3.660,2.100,1.140,2,0,30.070,0,0,20,33,0,26,0
15-04 15:02:50,47.116,4.260,48.118,0,0,1544064,451688,211000,5643228,83529.482,1623.995,0,244.602,0,18.044,4835,4226,3.660,2.100,1.140,5,0,0,0,0,20,33,0,27,0
15-04 15:02:51,45.277,6.004,48.028,0,0,1513124,482260,211004,5643592,21769.801,1620.953,0,112.066,0,8.005,4954,4460,3.660,2.100,1.140,2,0,5.003,0,0,20,32,0,27,0
15-04 15:02:52,43.168,7.985,48.408,0,0,1483764,511524,211008,5643684,17419.761,1616.915,0,119.771,0,6.987,3604,2158,3.660,2.100,1.140,2,0,55.893,0,0,20,33,0,27,0
15-04 15:02:53,47.056,4.255,48.057,0.250,0,1522060,473172,211008,5643740,21167.043,1621.919,4.005,192.227,1.001,18.021,4112,3868,3.660,2.100,1.140,2,0,0,0,0,20,32,0,28,0
15-04 15:02:54,38.309,15.023,45.320,0.501,0,1517948,477124,211008,5643900,17407.990,1716.662,0,308.478,0,32.050,5685,4963,3.450,2.080,1.140,2,0,284.441,0,0,20,32,0,24,0
15-04 15:02:55,39.967,10.991,48.460,0,0,1522288,472780,211008,5643904,9259.428,1618.676,0,167.863,0,8.993,3635,2081,3.450,2.080,1.140,3,0,98.919,0,0,20,32,0,24,0
15-04 15:02:56,46.683,3.994,48.680,0,0,1560376,434688,211008,5643908,23696.850,1617.669,0,151.781,0,7.988,3127,1600,3.450,2.080,1.140,2,0,0,0,0,20,32,0,24,0
15-04 15:02:57,44.909,7.235,46.905,0.249,0,1551884,443008,211008,5644080,13335.966,1455.050,0,2383.169,0,209.575,5015,5889,3.450,2.080,1.140,2,0,45.907,0,0,20,32,0,25,0
15-04 15:02:58,40.376,11.035,47.900,0.251,0,1474616,520272,211008,5644084,21624.635,1625.083,0,184.577,0,13.041,3800,2073,3.450,2.080,1.140,2,0,95.298,0,0,20,32,0,23,0
15-04 15:02:59,46.355,4.735,48.848,0,0,1518956,475912,211008,5644104,21163.987,1614.963,0,163.490,0,6.978,3402,2632,3.330,2.080,1.140,2,0,0,0,0,20,33,0,23,0
15-04 15:03:00,44.432,8.033,46.440,0.251,0,1494204,500616,211016,5644152,14660.116,1626.670,0,1112.562,0,110.453,6778,8607,3.330,2.080,1.140,2,0,72.296,0,0,20,32,0,25,0
15-04 15:03:01,26.158,17.439,55.555,0,0,1453916,540708,211016,5644348,15808.575,1614.340,0,151.469,0,7.972,4466,3177,3.330,2.080,1.140,1,0,304.931,0,0,20,32,0,25,0
15-04 15:03:02,30.255,5.251,63.761,0,0,1478028,516584,211020,5644356,12999.255,1620.281,0,152.026,0,8.001,3261,9903,3.330,2.080,1.140,1,0,36.006,0,0,20,32,0,26,0
15-04 15:03:03,21.481,5.745,71.436,0.250,0,1453980,540472,211020,5644516,9301.726,1618.560,0,107.904,0,5.995,4197,4615,3.330,2.080,1.140,1,0,55.950,0,0,20,32,0,26,0
15-04 15:03:04,22.954,2.994,73.103,0,0,1452500,541952,211020,5644516,23363.117,1616.756,0,67.864,0,8.982,2021,1336,3.150,2.060,1.140,1,0,0,0,0,20,32,0,26,0
15-04 15:03:05,23.962,2.995,72.386,0,0,1463560,530876,211024,5644528,14155.689,1617.451,0,227.641,0,23.962,2713,2537,3.150,2.060,1.140,2,0,0,0,0,20,32,0,27,0
15-04 15:03:06,19.602,7.288,72.375,0.251,0,1444368,550060,211028,5644532,18031.418,1628.437,0,217.125,0,12.062,2947,1998,3.150,2.060,1.140,2,0,91.474,0,0,20,32,0,25,0
15-04 15:03:07,23.779,2.503,73.340,0,0,1480320,514104,211028,5644536,21850.835,1459.793,0,120.148,0,15.018,2328,1795,3.150,2.060,1.140,1,0,0,0,0,20,33,0,25,0
15-04 15:03:08,22.770,4.004,72.564,0,0,1441596,552812,211028,5644552,17416.294,1621.424,0,388.341,0,31.027,3214,3053,3.150,2.060,1.140,1,0,28.025,0,0,20,32,0,25,0
15-04 15:03:09,19.736,7.745,71.201,0.250,0,1452044,542360,211028,5644556,22120.654,1618.877,0,115.920,0,7.994,2716,1758,2.980,2.050,1.140,2,0,77.946,0,0,20,32,0,25,0
15-04 15:03:10,23.197,2.993,72.835,0,0,1474024,520372,211032,5644560,13022.481,1616.336,0,115.738,0,7.982,2170,1522,2.980,2.050,1.140,1,0,0.998,0,0,20,32,0,22,0
15-04 15:03:11,19.256,7.252,72.022,0,0,1440832,553544,211032,5644580,9679.021,1662.519,0,192.060,0,20.006,3829,3504,2.980,2.050,1.140,2,0,94.029,0,0,20,32,0,22,0
15-04 15:03:12,22.999,2.500,73.248,0.250,0,1483984,510388,211036,5644580,22160.482,1619.962,0,1351.968,0,147.997,1946,1177,2.980,2.050,1.140,2,0,0,0,0,20,32,0,22,0
15-04 15:03:13,23.253,3.000,72.758,0,0,1487412,506948,211036,5644592,13428.505,1620.182,0,0,0,0,3038,3124,2.980,2.050,1.140,2,0,0,0,0,20,33,0,22,0
15-04 15:03:14,21.996,5.499,71.988,0.250,0,1444708,549632,211044,5644604,21572.320,1619.724,0,591.899,0,46.992,3522,3517,2.820,2.030,1.140,1,0,29.995,0,0,20,32,0,17,0
15-04 15:03:15,22.994,2.749,73.231,0,0,1458424,535908,211048,5644608,83806.697,1619.569,0,427.886,0,11.997,2004,1118,2.820,2.030,1.140,1,0,0,0,0,20,32,0,17,0
15-04 15:03:16,23.276,3.254,72.080,0,0,1455932,538372,211052,5644632,16956.902,1621.808,0,500.558,0,9.010,4303,4981,2.820,2.030,1.140,1,0,0,0,0,20,32,0,17,0
15-04 15:03:17,13.531,16.287,68.657,0,0,1374680,619308,211052,5644948,21630.405,1461.338,0,112.256,0,9.021,4775,3094,2.820,2.030,1.140,3,0,276.632,0,0,20,32,0,17,0
15-04 15:03:18,26.749,13.499,49.997,9.500,0,1424444,567204,211248,5647060,9371.527,1619.918,2243.887,279.986,120.994,17.999,4431,3371,2.820,2.030,1.140,1,1,210.989,0,0,20,32,0,18,0
15-04 15:03:19,38.769,4.502,48.774,7.754,0,1476688,513080,212116,5647752,22485.995,1620.793,1016.497,800.391,57.028,25.012,2845,1403,2.750,2.030,1.150,2,0,3.001,0,0,20,32,0,18,0
15-04 15:03:20,39.986,6.748,44.734,5.998,0,1483632,502020,212236,5651644,81560.529,1619.435,0,15530.579,0,1699.407,9440,15506,2.750,2.030,1.150,1,1,74.974,0,0,20,36,0,18,0
15-04 15:03:21,19.471,6.490,42.936,28.458,0,1484640,494768,212732,5656724,9324.183,1659.541,2316.567,42628.829,499.260,3563.719,14583,27925,2.750,2.030,1.150,1,2,80.880,0,0,20,36,0,18,0
15-04 15:03:22,22.752,5.750,46.004,23.502,0,1399132,578872,212856,5658004,22394.930,1620.140,1484.128,26882.317,101.009,2272.196,10192,17850,2.750,2.030,1.150,2,0,20.002,0,0,20,32,0,17,0
15-04 15:03:23,44.190,6.242,46.437,1.748,0,1480008,496500,212920,5659432,12689.853,1617.814,1306.235,14811.985,122.834,912.767,4752,4924,2.750,2.030,1.150,3,0,2.996,0,0,20,32,0,17,0
15-04 15:03:24,34.354,16.299,45.638,2.508,0,1477996,498232,213028,5659604,22691.665,1624.917,0,5215.783,0,732.216,8074,10524,2.690,2.030,1.150,1,1,290.880,0,0,20,34,0,17,0
15-04 15:03:25,23.488,25.487,42.978,6.497,0,1478428,497096,213308,5660024,20311.565,1661.147,15.992,19733.862,0.999,2301.817,14915,24330,2.690,2.030,1.150,2,0,430.779,0,0,20,34,0,17,0
15-04 15:03:26,15.751,26.002,56.254,0.250,0.250,1395308,580156,213316,5660076,8880.617,1662.115,0,2084.145,0,122.008,6573,5477,2.690,2.030,1.150,1,0,530.037,0,0,20,32,0,16,0
15-04 15:03:27,13.947,13.698,70.978,0.249,0,1391288,584152,213320,5660096,20808.323,1452.439,0,729.208,0,53.794,4494,3327,2.690,2.030,1.150,1,0,224.142,0,0,20,32,0,16,0
15-04 15:03:28,22.224,4.495,70.916,0.999,0,1394244,581180,213336,5660096,12881.784,1618.089,0,7455.194,0,415.509,2875,3121,2.690,2.030,1.150,1,0,4.994,0,0,20,32,0,16,0
15-04 15:03:29,22.811,3.008,73.949,0,0,1410296,565124,213336,5660100,12718.274,1624.377,0,24.065,0,3.008,1911,1221,2.560,2.010,1.150,1,0,2.005,0,0,20,32,0,16,0
15-04 15:03:30,19.285,7.764,72.133,0,0,1414548,560864,213336,5660108,22064.538,1622.982,0,1542.835,0,201.370,2943,1958,2.560,2.010,1.150,2,0,93.171,0,0,20,32,0,13,0
15-04 15:03:31,9.479,20.205,68.846,0,0,1415168,560224,213336,5660128,13028.876,1616.387,0,71.839,0,8.980,5557,4004,2.560,2.010,1.150,1,0,375.161,0,0,20,32,0,13,0
15-04 15:03:32,21.815,4.513,73.469,0,0,1472080,503272,213336,5660164,24255.163,1624.834,0,0,0,0,1979,1324,2.560,2.010,1.150,2,0,0,0,0,20,32,0,13,0
15-04 15:03:33,24.164,1.744,73.489,0,0,1481312,493948,213336,5660252,14866.125,1614.259,0,398.582,0,3.986,1752,944,2.560,2.010,1.150,1,0,0,0,0,20,32,0,13,0
15-04 15:03:34,22.513,3.252,73.292,0,0,1435968,538576,213336,5660900,15740.113,1620.938,0,4.002,0,1.001,1964,1261,2.430,1.990,1.150,1,0,9.005,0,0,20,32,0,13,0
15-04 15:03:35,23.249,3.000,72.996,0,0,1486236,488300,213336,5660908,25995.582,1619.912,0,455.975,0,12.999,2174,1566,2.430,1.990,1.150,1,0,0,0,0,20,32,0,13,0
15-04 15:03:36,19.306,9.778,69.200,1.504,0,1488812,485600,213336,5661032,16630.102,1624.699,40.116,357.033,2.006,22.064,3212,2183,2.430,1.990,1.150,1,0,155.450,0,0,20,32,0,13,0
15-04 15:03:37,8.251,20.751,69.255,0,0,1459292,515092,213336,5661060,26092.764,1458.099,0,40.003,0,5.000,5914,4104,2.430,1.990,1.150,1,0,380.026,0,0,20,32,0,13,0
15-04 15:03:38,8.977,21.195,68.323,0,0,1457460,516900,213336,5661084,13417.145,1615.802,0,566.528,0,110.712,6207,4602,2.430,1.990,1.150,1,0,459.806,0,0,20,32,0,13,0
15-04 15:03:39,7.768,22.301,68.157,0,0,1450128,524200,213336,5661116,21219.919,1623.743,0,28.065,0,3.007,6043,4226,2.320,1.980,1.150,1,0,402.929,0,0,20,32,0,11,0
15-04 15:03:40,8.503,22.008,67.775,0,0.250,1435404,538904,213336,5661136,17263.440,1620.605,0,136.051,0,12.004,5925,4310,2.320,1.980,1.150,2,0,430.160,0,0,20,32,0,11,0
15-04 15:03:41,7.749,22.998,68.243,0,0,1434144,540144,213336,5661156,11014.880,1619.835,0,235.976,0,12.999,5838,4088,2.320,1.980,1.150,3,0,405.959,0,0,20,32,0,11,0
15-04 15:03:42,8.980,20.953,68.846,0,0,1430704,543564,213336,5661176,13068.815,1616.390,0,119.733,0,9.978,5791,4127,2.320,1.980,1.150,1,0,406.093,0,0,20,32,0,11,0
15-04 15:03:43,8.728,19.950,69.576,0,0,1425364,548876,213336,5661204,22927.514,1615.948,0,47.880,0,5.985,5953,4213,2.320,1.980,1.150,1,0,388.027,0,0,20,32,0,9,0
15-04 15:03:44,8.531,21.076,69.751,0,0,1415828,558380,213336,5661236,19836.517,1625.862,0,192.695,0,33.119,6005,4350,2.130,1.940,1.140,2,0,417.505,0,0,20,32,0,9,0
15-04 15:03:45,8.250,22.501,67.502,0.250,0,1400960,573224,213336,5661260,89140.243,1620.059,0,184.007,0,22.001,6291,4688,2.130,1.940,1.140,1,0,431.016,0,0,20,32,0,9,0
15-04 15:03:46,10.013,18.523,69.337,0.751,0,1373480,600660,213340,5660952,12802.067,1622.036,24.030,484.608,3.004,31.039,5426,3867,2.130,1.940,1.140,1,0,308.387,0,0,20,32,0,9,0
15-04 15:03:47,28.685,26.689,43.152,0.499,0,1423404,550760,213340,5661340,21037.273,1616.333,0,371.158,0,22.948,6510,5279,2.130,1.940,1.140,6,0,599.640,0,0,20,32,0,11,0
15-04 15:03:48,60.867,31.182,6.985,0.748,0,1495328,478596,213340,5661548,19638.032,1496.725,91.799,933.957,3.991,48.893,6012,5113,2.130,1.940,1.140,4,1,601.684,0,0,20,32,0,15,0
15-04 15:03:49,75.348,23.609,0.502,1.256,0,1639716,328492,214408,5666016,18662.267,1627.523,847.920,1539.115,73.339,196.910,17406,2987,2.520,2.030,1.170,4,0,95.441,0,0,20,32,0,15,0
15-04 15:03:50,83.653,9.959,1.743,2.739,0,1726104,236992,214456,5670776,82763.797,1613.310,370.464,9922.852,2.988,771.800,7517,8476,2.520,2.030,1.170,6,0,43.818,0,0,20,36,0,15,0
15-04 15:03:51,68.681,13.034,10.778,6.266,0,1697796,257060,214600,5678460,17051.898,1624.277,0,63350.804,0,4365.494,15498,30823,2.520,2.030,1.170,3,1,91.240,0,0,20,36,0,15,0
15-04 15:03:52,61.442,14.736,13.487,7.243,0,1730604,216656,214716,5685916,16617.433,1618.484,0,58653.054,0,4212.054,15912,30542,2.520,2.030,1.170,9,0,135.873,0,0,20,36,0,15,0
15-04 15:03:53,65.148,14.032,12.278,7.266,0,1747104,192784,214948,5693000,16893.274,1623.679,0,74697.237,0,5527.523,17042,33839,2.520,2.030,1.170,5,0,56.127,0,0,20,36,0,15,0
15-04 15:03:54,69.226,11.246,10.996,6.248,0,1755716,176132,215148,5700840,13084.530,1713.415,0,47783.677,0,4041.619,16004,30799,2.560,2.040,1.180,4,0,51.982,0,0,20,36,0,15,0
15-04 15:03:55,60.945,16.485,13.738,7.243,0,1596900,328744,215236,5706856,17481.154,1618.533,0,62763.106,0,4445.970,15355,29612,2.560,2.040,1.180,2,2,137.875,0,0,20,34,0,14,0
15-04 15:03:56,40.452,19.227,26.219,11.486,0,1627700,291924,215264,5712848,13111.569,1618.096,411.516,50472.597,7.991,3623.735,15238,27957,2.560,2.040,1.180,5,0,270.681,0,0,20,34,0,14,0
15-04 15:03:57,56.590,19.531,16.026,5.759,0,1647996,270124,215372,5714708,9147.562,1622.583,36.057,36918.770,9.014,3108.949,15988,29967,2.560,2.040,1.180,3,0,174.277,0,0,20,35,0,14,0
15-04 15:03:58,49.502,16.751,24.751,6.500,0,1657452,257300,215504,5717492,15977.550,1620.056,972.033,44270.523,19.001,3534.122,16842,32527,2.560,2.040,1.180,5,0,146.005,0,0,20,35,0,14,0
15-04 15:03:59,38.526,13.509,38.026,8.256,0,1596752,319260,215572,5716136,19131.159,1621.115,672.463,46680.108,13.009,3786.605,14695,28628,2.750,2.090,1.200,4,2,129.089,0,0,20,34,0,13,0
15-04 15:04:00,42.012,7.002,41.012,8.752,0,1630288,283760,215632,5718036,7942.234,1458.410,0,37030.414,0,3549.998,11621,23636,2.750,2.090,1.200,4,0,42.012,0,0,20,34,0,13,0
15-04 15:04:01,38.451,7.990,41.697,9.238,0,1630632,282904,215696,5718476,17845.122,1617.926,0,46276.671,0,4159.667,16254,31234,2.750,2.090,1.200,3,1,26.965,0,0,20,37,0,13,0
15-04 15:04:02,45.965,8.493,37.971,5.746,0,1651308,260980,215724,5722312,12742.242,1618.760,0,35320.950,0,3106.621,15665,33077,2.750,2.090,1.200,7,0,63.951,0,0,20,37,0,13,0
15-04 15:04:03,40.313,11.268,39.061,7.762,0,1566392,344048,215748,5721528,21403.670,1622.552,0,32543.193,0,3242.100,13283,30421,2.750,2.090,1.200,3,0,121.191,0,0,20,36,0,11,0
15-04 15:04:04,38.514,8.003,42.265,9.003,0,1605592,301712,215804,5724612,16329.838,1620.579,0,41971.005,0,3680.316,14564,28050,2.850,2.130,1.220,2,0,45.016,0,0,20,36,0,11,0
15-04 15:04:05,37.190,7.987,43.930,8.986,0,1618176,286648,215820,5727044,7649.746,1617.409,0,47388.090,0,4080.464,15926,31664,2.850,2.130,1.220,1,1,47.923,0,0,20,37,0,11,0
15-04 15:04:06,37.547,8.260,42.804,8.511,0,1617384,285136,215824,5729352,17047.407,1622.037,0,45593.254,0,3865.855,17904,34004,2.850,2.130,1.220,1,1,87.109,0,0,20,36,0,12,0
15-04 15:04:07,37.660,10.475,39.406,9.976,0,1574812,324536,215844,5732512,16457.661,1616.137,0,52390.770,0,4267.799,16287,31668,2.850,2.130,1.220,1,1,71.828,0,0,20,36,0,11,0
15-04 15:04:08,39.546,6.508,40.798,10.262,0,1625648,277916,215872,5728268,8923.432,1621.896,0,38613.142,0,3643.259,16328,30129,2.850,2.130,1.220,6,0,13.015,0,0,20,36,0,11,0
15-04 15:04:09,39.773,7.755,41.775,9.255,0,1626264,277664,215884,5727892,16904.959,1620.955,0,42064.780,0,3588.114,16003,30039,2.870,2.140,1.230,2,0,39.023,0,0,20,35,0,13,0
15-04 15:04:10,41.015,12.755,42.515,1.000,0,1500328,403380,215892,5728104,17088.185,1620.587,0,16105.830,0,1012.366,8327,11756,2.870,2.140,1.230,2,0,175.063,0,0,20,32,0,14,0
15-04 15:04:11,20.160,8.711,69.937,0,0,1491244,412456,215892,5728112,21754.667,1634.686,0,505.737,0,23.893,3044,1991,2.870,2.140,1.230,1,0,97.563,0,0,20,32,0,14,0
15-04 15:04:12,24.293,2.004,72.879,0.250,0,1495276,408424,215892,5728112,16532.339,1622.880,0,637.131,0,41.073,2273,1869,2.870,2.140,1.230,1,0,0,0,0,20,32,0,14,0
15-04 15:04:13,23.708,3.993,71.373,0.499,0,1410836,492716,215892,5728260,8939.085,1617.121,0,4587.832,0,250.554,3542,4021,2.870,2.140,1.230,3,0,16.970,0,0,20,32,0,14,0
15-04 15:04:14,21.743,4.249,72.977,0,0,1471024,432520,215892,5728268,17286.455,1619.481,0,0,0,0,2078,1315,2.720,2.120,1.230,3,0,16.995,0,0,20,32,0,14,0
15-04 15:04:15,23.833,2.509,72.502,0,0,1493192,410344,215892,5728276,80566.772,1625.645,0,44.153,0,5.017,2520,1922,2.720,2.120,1.230,2,0,1.003,0,0,20,33,0,14,0
15-04 15:04:16,20.182,6.478,72.256,0,0,1519140,384392,215892,5728280,17441.135,1698.268,0,243.179,0,24.916,3028,2382,2.720,2.120,1.230,2,0,59.798,0,0,20,32,0,14,0
15-04 15:04:17,23.546,2.505,72.893,0,0,1564800,338732,215892,5728280,13200.900,1623.185,0,92.181,0,6.012,2024,1410,2.720,2.120,1.230,2,0,0,0,0,20,33,0,14,0
15-04 15:04:18,24.740,2.999,71.721,0.250,0,1556452,347048,215892,5728312,16424.471,1619.356,0,455.819,0,34.986,3956,4462,2.720,2.120,1.230,1,0,1.000,0,0,20,32,0,14,0
15-04 15:04:19,20.523,6.007,72.581,0,0,1519696,383800,215892,5728312,13231.839,1621.819,0,0,0,0,2346,1566,2.580,2.100,1.230,1,0,44.049,0,0,20,32,0,14,0
15-04 15:04:20,23.477,2.747,72.927,0.250,0,1538360,365164,215892,5728316,74262.751,1456.544,0,2141.859,0,13.986,2291,1676,2.580,2.100,1.230,1,0,0.999,0,0,20,32,0,12,0
15-04 15:04:21,20.075,7.528,71.516,0.251,0.251,1508240,395216,215892,5728384,9297.534,1668.196,0,353.312,0,31.116,4654,4875,2.580,2.100,1.230,2,0,109.406,0,0,20,32,0,12,0
15-04 15:04:22,8.734,22.957,67.373,0,0,1491248,412036,215896,5728552,18738.699,1616.954,3.992,5373.876,0.998,40.923,5996,4188,2.580,2.100,1.230,1,0,425.199,0,0,20,32,0,12,0
15-04 15:04:23,37.689,21.465,39.436,0.250,0,1523880,379208,215896,5728748,17584.484,1617.377,0,974.420,0,71.883,5957,4580,2.580,2.100,1.230,3,0,340.448,0,0,20,32,0,18,0
15-04 15:04:24,67.294,8.255,24.266,0,0,1635952,266568,215896,5729316,16547.806,1621.059,0,240.157,0,12.008,3856,1532,2.610,2.120,1.240,3,0,3.002,0,0,20,32,0,18,0
15-04 15:04:25,69.475,6.748,23.741,0,0,1759940,140516,215896,5731248,13423.101,1661.394,0,1431.478,0,29.989,3858,1418,2.610,2.120,1.240,5,0,0,0,0,20,32,0,18,0
15-04 15:04:26,65.591,6.983,23.194,3.492,0,1824044,148388,215532,5660940,17009.660,1616.072,91.777,5378.927,2.993,291.292,4295,1884,2.610,2.120,1.240,0,3,5.985,0,0,20,32,0,18,0
15-04 15:04:27,52.085,7.262,32.553,6.010,0,1841376,123020,215532,5668844,13407.964,1622.658,72.118,37761.860,2.003,2878.716,13067,22474,2.610,2.120,1.240,4,0,105.172,0,0,20,38,0,18,0
15-04 15:04:28,33.881,11.043,42.916,10.039,0,1840364,155648,215276,5638740,8917.452,1626.283,0,96573.101,0,7053.250,23051,47994,2.610,2.120,1.240,1,1,212.822,0,0,20,38,0,18,0
15-04 15:04:29,30.929,9.155,45.033,11.629,0,1841516,146376,215292,5646728,9098.609,1603.366,0,82923.731,0,6527.285,22166,44514,2.640,2.130,1.250,3,2,175.183,0,0,20,38,0,18,0
15-04 15:04:30,41.621,11.856,27.495,15.892,0,1713656,265960,215304,5654944,18033.745,1634.570,569.072,66524.974,13.117,4942.051,18351,35150,2.640,2.130,1.250,4,1,205.835,0,0,20,36,0,18,0
15-04 15:04:31,43.320,9.766,31.050,13.522,0,1743416,228440,215344,5662612,13296.484,1982.203,156.252,74536.434,12.019,5329.611,19196,37512,2.640,2.130,1.250,1,1,123.199,0,0,20,36,0,18,0
15-04 15:04:32,45.891,9.727,29.181,11.722,0,1775824,186608,215356,5671904,17848.553,1616.156,271.355,71525.897,5.986,4868.422,16984,32272,2.640,2.130,1.250,6,0,0.998,0,0,20,36,0,18,0
15-04 15:04:33,42.842,10.272,33.572,11.274,0,1812644,142576,215364,5679012,16810.976,1623.474,16.034,76940.656,3.006,5541.860,18562,36979,2.640,2.130,1.250,2,1,42.090,0,0,20,36,0,18,0
15-04 15:04:34,50.740,9.498,27.245,9.498,0,1843780,148620,215100,5642424,18875.243,1619.678,0,61375.783,0,4954.014,17996,35197,3.070,2.230,1.280,9,0,97.980,0,0,20,38,0,18,0
15-04 15:04:35,48.270,13.506,36.515,1.251,0,1431564,560608,215100,5642672,17681.482,1620.686,0,17099.236,0,1067.452,6689,7985,3.070,2.230,1.280,1,0,238.101,0,0,20,32,0,18,0
15-04 15:04:36,19.941,7.977,71.290,0,0,1465112,527044,215100,5642688,11306.697,1615.242,0,1192.488,0,75.777,2938,2311,3.070,2.230,1.280,1,0,91.730,0,0,20,32,0,18,0
15-04 15:04:37,22.496,3.999,72.736,0.500,0,1519040,473116,215100,5642688,17102.642,1619.682,0,4031.209,0,258.949,2273,2107,3.070,2.230,1.280,1,0,1.000,0,0,20,32,0,18,0
15-04 15:04:38,23.394,2.738,72.422,0,0,1557592,434560,215100,5642692,16456.468,1612.696,0,31.856,0,3.982,2022,1332,3.070,2.230,1.280,1,0,2.986,0,0,20,34,0,18,0
15-04 15:04:39,23.608,3.767,71.326,0.502,0,1503932,488196,215100,5642716,8233.619,1627.436,0,7152.680,0,351.606,3026,3054,2.910,2.210,1.280,2,0,27.124,0,0,20,32,0,18,0
15-04 15:04:40,23.230,7.494,69.192,0.999,0,1501740,490388,215100,5642716,16905.743,1618.635,0,3672.903,0,198.832,2457,2046,2.910,2.210,1.280,1,0,0.999,0,0,20,32,0,18,0
15-04 15:04:41,22.758,2.251,73.276,0,0,1515348,476780,215100,5642716,13276.685,1458.515,0,104.037,0,7.002,1796,1073,2.910,2.210,1.280,1,0,0,0,0,20,32,0,18,0
15-04 15:04:42,24.244,2.749,72.234,0.250,0,1553116,439008,215100,5642720,18265.841,1619.631,0,863.803,0,103.976,2211,1646,2.910,2.210,1.280,1,0,2.000,0,0,20,34,0,18,0
15-04 15:04:43,18.322,19.828,62.243,0,0,1509428,482676,215100,5642740,18132.915,1626.360,0,28.110,0,7.027,4781,3586,2.910,2.210,1.280,2,0,403.578,0,0,20,32,0,18,0
15-04 15:04:44,16.195,37.623,42.855,1.246,0,1503816,488132,215100,5642896,9172.938,1614.533,87.703,422.569,4.983,27.906,7432,6673,2.830,2.210,1.280,4,0,881.017,0,0,20,32,0,18,0
15-04 15:04:45,13.281,37.336,48.111,0,0,1484852,507052,215100,5642940,86593.217,1623.754,0,180.417,0,25.058,7406,6246,2.830,2.210,1.280,1,0,848.963,0,0,20,32,0,18,0
15-04 15:04:46,8.749,22.247,67.740,0,0,1482564,509320,215100,5642960,12988.004,1619.751,0,43.993,0,10.998,6133,4531,2.830,2.210,1.280,2,0,458.929,0,0,20,32,0,18,0
15-04 15:04:47,8.495,22.238,68.214,0,0,1486908,504944,215100,5642992,9636.864,1619.137,0,611.674,0,120.936,6094,4475,2.830,2.210,1.280,2,0,463.753,0,0,20,32,0,18,0
15-04 15:04:48,8.487,22.217,67.400,0,0,1482080,509752,215100,5643012,17058.627,1659.532,0,39.941,0,9.985,6046,4450,2.830,2.210,1.280,1,0,442.342,0,0,20,32,0,14,0
15-04 15:04:49,8.747,22.242,67.976,0,0,1465280,526532,215100,5643032,12921.497,1619.436,0,39.986,0,9.997,5964,4354,2.690,2.190,1.280,2,0,444.845,0,0,20,32,0,14,0
15-04 15:04:50,8.280,23.585,67.242,0,0,1459588,532140,215100,5643116,85180.889,1625.858,0,152.550,0,12.043,6028,4187,2.690,2.190,1.280,1,0,406.464,0,0,20,32,0,14,0
15-04 15:04:51,8.239,22.720,67.412,0,0,1454772,536932,215100,5643140,17178.617,1617.892,0,43.943,0,10.986,6056,4442,2.690,2.190,1.280,1,0,447.417,0,0,20,32,0,14,0
15-04 15:04:52,8.511,21.027,68.088,0,0,1443820,547852,215100,5643172,9851.760,1459.891,0,592.768,0,42.054,5988,4689,2.690,2.190,1.280,1,0,398.516,0,0,20,32,0,11,0
15-04 15:04:53,9.238,22.971,66.665,0,0,1439940,551668,215100,5643236,17088.147,1617.931,0,95.877,0,7.990,6265,4895,2.690,2.190,1.280,3,0,393.497,0,0,20,32,0,11,0
15-04 15:04:54,8.255,21.762,68.539,0,0,1441528,550052,215100,5643264,13229.471,1714.968,0,32.018,0,8.005,5648,3917,2.710,2.200,1.290,1,0,367.207,0,0,20,32,0,11,0
15-04 15:04:55,9.468,21.927,68.022,0,0,1436764,554776,215100,5643288,18185.078,1614.591,0,35.880,0,8.970,5846,4149,2.710,2.200,1.290,1,0,391.688,0,0,20,32,0,11,0
15-04 15:04:56,22.751,12.251,60.753,2.750,0,1420076,569484,215104,5645312,12944.715,1620.089,2004.111,544.030,24.001,27.001,4205,3385,2.710,2.200,1.290,1,0,244.013,0,0,20,32,0,13,0
15-04 15:04:57,23.240,2.999,73.467,0,0,1461912,527400,215104,5645560,16986.467,1619.282,99.956,2558.865,5.997,16.992,1993,1248,2.710,2.200,1.290,1,0,0,0,0,20,32,0,13,0
15-04 15:04:58,22.230,2.748,72.935,1.748,0.250,1514312,473500,215116,5646984,14060.383,1618.548,715.358,575.484,45.959,14.987,2064,1559,2.710,2.200,1.290,1,0,0.999,0,0,20,32,0,13,0
15-04 15:04:59,17.807,4.013,68.470,6.772,0,1514400,467800,215132,5652420,11486.878,1625.218,489.572,23383.070,84.271,1977.348,9259,16390,2.580,2.180,1.290,1,0,15.048,0,0,20,36,0,13,0
15-04 15:05:00,18.507,6.252,62.774,10.004,0,1514804,465308,215136,5654472,10466.926,1620.608,0,48582.223,0,4066.525,16002,30513,2.580,2.180,1.290,3,0,51.019,0,0,20,36,0,13,0
15-04 15:05:01,17.277,6.260,63.098,10.266,0,1518212,458516,215140,5657836,19309.974,1622.519,12.019,51435.843,3.005,4231.569,15896,30917,2.580,2.180,1.290,1,1,48.075,0,0,20,36,0,13,0
15-04 15:05:02,16.502,5.501,64.258,10.001,0,1520748,450200,215144,5663596,13475.764,1458.191,0,54983.196,0,4496.589,16598,31943,2.580,2.180,1.290,2,0,54.007,0,0,20,36,0,13,0
15-04 15:05:03,27.443,6.736,54.636,8.233,0.249,1550940,418252,215144,5665336,16550.605,1616.640,0,29933.793,0,3029.704,13751,33832,2.580,2.180,1.290,5,0,59.876,0,0,20,36,0,14,0
15-04 15:05:04,13.770,5.258,64.844,13.269,0,1548904,417496,215152,5668088,8493.372,1622.363,0,46087.134,0,3848.606,14528,28434,2.450,2.160,1.290,0,1,20.029,0,0,20,36,0,14,0
15-04 15:05:05,10.756,3.752,67.036,15.508,0,1548284,416992,215156,5669208,19049.288,1620.875,0,18361.916,0,1765.954,8754,15650,2.450,2.160,1.290,0,1,27.015,0,0,20,36,0,13,0
15-04 15:05:06,7.742,3.996,66.181,19.480,0,1547808,416740,215156,5669936,13175.320,1618.320,0,26912.058,0,2075.845,8378,16006,2.450,2.160,1.290,0,1,17.981,0,0,20,36,0,13,0
15-04 15:05:07,14.013,4.254,64.560,14.764,0,1547100,416236,215156,5671116,9083.426,1621.504,0,28566.499,0,2614.425,10943,20781,2.450,2.160,1.290,0,1,36.033,0,0,20,36,0,13,0
15-04 15:05:08,9.460,4.481,65.970,16.430,0,1547368,414976,215156,5672108,16285.786,1613.144,0,34190.691,0,2961.414,11414,22309,2.450,2.160,1.290,1,0,12.945,0,0,20,36,0,13,0
15-04 15:05:09,14.000,6.000,62.499,14.250,0,1546164,414724,215160,5673560,14797.714,2163.958,0,63330.777,0,5056.902,17140,34563,2.330,2.140,1.290,2,1,1.000,0,0,20,36,0,12,0
15-04 15:05:10,14.038,6.518,63.674,13.286,0,1545192,414104,215164,5675148,9513.034,1624.446,0,48292.162,0,4024.013,14353,28918,2.330,2.140,1.290,1,0,6.016,0,0,20,36,0,12,0
15-04 15:05:11,12.228,5.989,63.137,15.223,0,1541728,416072,215168,5676640,18231.458,1617.114,0,48629.201,0,4087.704,14756,29057,2.330,2.140,1.290,1,1,0,0,0,20,36,0,12,0
15-04 15:05:12,11.277,5.513,65.156,14.034,0,1536428,419752,215168,5678260,13595.526,1623.885,0,43632.385,0,3756.988,13777,27196,2.330,2.140,1.290,2,0,0,0,0,20,36,0,12,0
15-04 15:05:13,12.446,5.725,63.472,13.939,0,1534992,419084,215172,5680360,16958.769,1451.646,0,46098.220,0,4083.127,15593,30539,2.330,2.140,1.290,0,1,0,0,0,20,36,0,9,0
15-04 15:05:14,13.067,6.534,64.332,14.324,0,1532824,419376,215172,5682220,13767.071,1628.407,0,54264.134,0,4589.694,16554,32577,2.390,2.150,1.300,2,1,0,0,0,20,36,0,9,0
15-04 15:05:15,15.005,5.002,63.272,13.005,0,1532556,417360,215172,5684488,76225.838,1620.571,0,47252.637,0,3961.395,14855,29061,2.390,2.150,1.300,1,0,24.008,0,0,20,36,0,9,0
15-04 15:05:16,16.939,4.982,63.021,12.455,0,1532336,415596,215172,5686472,17454.701,1614.146,0,46901.912,0,3748.407,14165,27135,2.390,2.150,1.300,2,0,32.881,0,0,20,36,0,9,0
15-04 15:05:17,22.559,3.509,72.439,0.501,0,1451284,496640,215172,5686480,16215.377,1624.245,0,3296.615,0,182.477,2600,2177,2.390,2.150,1.300,1,0,37.097,0,0,20,32,0,9,0
15-04 15:05:18,22.999,3.500,73.247,0.250,0,1500668,447248,215172,5686488,8464.676,1619.938,0,1423.945,0,84.997,2099,1757,2.390,2.150,1.300,2,0,1.000,0,0,20,32,0,9,0
15-04 15:05:19,22.157,4.232,71.450,0.747,0,1489292,458620,215172,5686492,16379.118,1613.216,0,4039.014,0,225.054,2753,2542,2.270,2.130,1.290,2,0,36.845,0,0,20,32,0,9,0
15-04 15:05:20,10.732,9.484,71.627,6.738,0,1485240,462480,215208,5686648,80759.687,1617.230,175.699,690.817,36.937,61.894,3537,2648,2.270,2.130,1.290,1,0,139.761,0,0,20,32,0,9,0
15-04 15:05:21,17.813,7.025,73.007,2.007,0,1475108,472080,215216,5687172,18489.089,1667.872,525.851,44.155,7.025,4.014,2990,1881,2.270,2.130,1.290,1,0,90.318,0,0,20,32,0,9,0
15-04 15:05:22,20.229,6.244,72.425,0,0,1520736,426432,215216,5687176,15751.648,1618.320,0,3.996,0,0.999,2414,1617,2.270,2.130,1.290,1,0,45.952,0,0,20,32,0,9,0
15-04 15:05:23,24.062,2.256,73.189,0.251,0,1542196,404832,215216,5687316,9271.928,1461.772,8.021,12.031,1.003,2.005,2105,1535,2.270,2.130,1.290,1,0,0,0,0,20,32,0,9,0
15-04 15:05:24,19.717,6.489,71.881,0,0,1467052,479948,215216,5687344,16821.269,1617.334,0,143.763,0,12.979,4126,4081,2.170,2.120,1.290,1,0,66.890,0,0,20,32,0,9,0
15-04 15:05:25,22.245,3.999,73.232,0,0,1516120,430880,215216,5687344,12855.890,1661.598,0,407.901,0,19.995,1864,1252,2.170,2.120,1.290,1,0,0,0,0,20,32,0,3,0
15-04 15:05:26,24.062,2.256,73.189,0,0,1528328,418660,215216,5687356,17563.275,1624.187,0,0,0,0,2936,2826,2.170,2.120,1.290,2,0,0,0,0,20,32,0,3,0
15-04 15:05:27,23.436,3.989,70.557,0.249,0,1526904,420032,215216,5687408,12855.779,1615.574,0,203.443,0,18.948,5793,7483,2.170,2.120,1.290,1,0,0,0,0,20,32,0,3,0
15-04 15:05:28,22.257,4.752,71.773,0.250,0,1518492,428440,215216,5687412,16830.442,1620.524,0,740.239,0,32.010,2496,1897,2.170,2.120,1.290,1,0,31.010,0,0,20,32,0,3,0
15-04 15:05:29,23.740,2.249,72.720,0.250,0,1517396,429524,215216,5687424,12272.919,1619.330,0,247.897,0,17.993,2186,1753,2.080,2.100,1.290,1,0,0,0,0,20,32,0,3,0
15-04 15:05:30,23.509,3.251,71.277,0,0,1516212,430540,215216,5687592,13436.011,1620.604,0,1624.606,0,203.076,5328,6996,2.080,2.100,1.290,1,0,0,0,0,20,33,0,3,0
15-04 15:05:31,21.250,6.500,71.999,0,0,1450588,496148,215216,5687608,13077.834,1619.979,0,0,0,0,3581,3261,2.080,2.100,1.290,1,0,54.999,0,0,20,32,0,3,0
15-04 15:05:32,23.716,2.247,73.144,0,0,1494436,452300,215216,5687608,18101.879,1617.666,0,63.908,0,4.993,1918,1083,2.080,2.100,1.290,1,0,0,0,0,20,32,0,3,0
15-04 15:05:33,24.281,2.754,72.093,0,0,1505232,441476,215216,5687636,16233.840,1459.874,0,1041.337,0,9.012,3521,3619,2.080,2.100,1.290,1,0,0,0,0,20,32,0,3,0
15-04 15:05:34,21.200,5.238,72.827,0,0,1482540,464160,215216,5687644,18385.390,1616.166,0,167.602,0,2.993,2308,1504,2.070,2.100,1.290,1,0,33.920,0,0,20,32,0,3,0
15-04 15:05:35,24.317,2.507,73.201,0,0,1504924,441772,215216,5687648,12484.239,1624.455,0,0,0,0,2242,1633,2.070,2.100,1.290,1,0,0,0,0,20,32,0,3,0
15-04 15:05:36,20.496,6.249,71.987,0.250,0,1483448,463244,215216,5687652,18270.593,1619.698,0,199.963,0,14.997,3133,2646,2.070,2.100,1.290,1,0,59.989,0,0,20,32,0,3,0
15-04 15:05:37,23.753,2.500,72.758,0,0,1529960,416728,215216,5687656,13185.447,1620.178,0,404.044,0,30.003,1878,1184,2.070,2.100,1.290,1,0,0,0,0,20,32,0,3,0
15-04 15:05:38,23.496,3.499,72.238,0,0,1535728,410940,215216,5687676,9253.453,1619.729,0,267.955,0,46.992,3508,3820,2.070,2.100,1.290,2,0,1.000,0,0,20,33,0,3,0
15-04 15:05:39,20.272,6.257,72.327,0,0.250,1547344,399308,215216,5687692,8626.231,1621.735,0,0,0,0,2934,2494,1.990,2.080,1.290,1,0,43.046,0,0,20,32,0,3,0
15-04 15:05:40,22.801,3.007,73.663,0,0,1582948,363704,215216,5687692,18329.677,1623.603,0,4.009,0,1.002,1824,1122,1.990,2.080,1.290,1,0,0,0,0,20,33,0,3,0
15-04 15:05:41,23.676,2.492,72.024,0.249,0,1574932,371564,215216,5687848,12691.113,1614.924,0,83.737,0,9.969,4183,4965,1.990,2.080,1.290,2,0,0,0,0,20,32,0,3,0
15-04 15:05:42,19.253,7.001,72.512,0,0,1525792,420696,215216,5687856,16517.632,1620.258,0,224.036,0,14.002,2717,1781,1.990,2.080,1.290,1,0,67.011,0,0,20,32,0,3,0
15-04 15:05:43,24.000,2.500,73.249,0,0,1559360,387124,215216,5687860,11767.850,1457.981,0,47.999,0,6.000,2036,1543,1.990,2.080,1.290,2,0,0,0,0,20,32,0,5,0
15-04 15:05:44,22.983,3.747,72.197,0,0,1523200,423272,215216,5687872,17467.208,1618.814,0,0,0,0,3509,3337,1.910,2.060,1.290,1,0,33.975,0,0,20,32,0,6,0
15-04 15:05:45,22.754,3.751,73.263,0,0,1521752,424720,215216,5687872,80842.346,1620.288,0,0,0,0,1976,1170,1.910,2.060,1.290,2,0,0,0,0,20,32,0,6,0
15-04 15:05:46,23.513,3.002,72.790,0.500,0,1537192,409268,215216,5687884,10082.588,1620.898,0,1408.781,0,161.089,2574,2312,1.910,2.060,1.290,1,0,0,0,0,20,32,0,6,0
15-04 15:05:47,19.500,6.750,72.248,0,0,1505636,440816,215216,5687892,17041.607,1619.963,0,143.997,0,10.000,2588,1785,1.910,2.060,1.290,2,0,59.999,0,0,20,32,0,6,0
15-04 15:05:48,23.211,3.494,72.876,0,0,1532068,414380,215216,5687896,13178.660,1659.187,0,39.932,0,3.993,2146,1638,1.910,2.060,1.290,2,0,0.998,0,0,20,33,0,6,0
15-04 15:05:49,24.547,2.004,72.390,0,0,1532780,413644,215216,5687920,8386.192,1623.134,0,4.008,0,1.002,3627,4183,1.830,2.040,1.290,1,0,0,0,0,20,32,0,6,0
15-04 15:05:50,20.556,5.766,72.698,0,0,1535404,411016,215216,5687924,83150.034,1624.435,0,44.120,0,4.011,2549,1605,1.830,2.040,1.290,1,0,43.118,0,0,20,32,0,6,0
15-04 15:05:51,23.600,2.236,72.538,0,0,1533872,412544,215216,5687928,12595.801,1609.750,0,0,0,0,2073,1529,1.830,2.040,1.290,2,0,0,0,0,20,32,0,6,0
15-04 15:05:52,24.068,3.008,72.203,0,0,1533312,413076,215216,5687956,17174.267,1462.109,0,112.316,0,14.039,4107,4663,1.830,2.040,1.290,1,0,0,0,0,20,32,0,6,0
15-04 15:05:53,19.299,7.519,72.182,0,0,1478428,467916,215216,5688000,12350.112,1624.091,0,220.556,0,14.035,2842,1946,1.830,2.040,1.290,1,0,67.169,0,0,20,32,0,6,0
15-04 15:05:54,23.452,2.744,73.349,0.249,0,1517740,428604,215216,5688000,9081.338,1710.485,0,59.877,0,6.986,1772,1048,1.770,2.020,1.290,1,0,0,0,0,20,32,0,6,0
15-04 15:05:55,24.051,2.756,72.404,0,0,1523516,422820,215216,5688008,17033.323,1623.462,0,0,0,0,3495,3542,1.770,2.020,1.290,1,0,0,0,0,20,33,0,7,0
15-04 15:05:56,21.279,4.256,73.350,0,0,1511208,434984,215216,5688152,13226.069,1622.216,0,0,0,0,2260,1513,1.770,2.020,1.290,1,0,34.047,0,0,20,32,0,7,0
15-04 15:05:57,23.054,2.975,73.128,0,0,1547572,398620,215216,5688152,10768.410,1606.337,0,0,0,0,1747,1016,1.770,2.020,1.290,1,0,0,0,0,20,33,0,7,0
15-04 15:05:58,24.193,2.268,73.082,0,0,1513104,433080,215216,5688160,16430.761,1632.996,0,133.059,0,14.112,2885,2637,1.770,2.020,1.290,1,0,6.048,0,0,20,32,0,5,0
15-04 15:05:59,19.739,6.246,72.709,0,0,1523624,422552,215216,5688168,12975.605,1619.077,0,159.909,0,11.993,2474,1705,1.710,2.010,1.280,1,0,54.969,0,0,20,32,0,5,0
15-04 15:06:00,23.752,2.750,73.255,0,0,1544300,401872,215216,5688172,19429.311,1620.109,0,36.002,0,4.000,2280,1587,1.710,2.010,1.280,1,0,0,0,0,20,32,0,5,0
15-04 15:06:01,22.493,3.999,72.727,0,0,1508852,437300,215216,5688192,13250.831,1619.490,0,0,0,0,3693,3836,1.710,2.010,1.280,2,0,18.994,0,0,20,32,0,6,0
15-04 15:06:02,21.441,4.488,72.801,0,0,1558632,387520,215216,5688192,8652.298,1454.017,0,0,0,0,1983,1380,1.710,2.010,1.280,1,0,23.934,0,0,20,32,0,6,0
15-04 15:06:03,30.276,5.755,63.804,0,0,1558028,388120,215216,5688196,18059.249,1621.369,0,0,0,0,3260,12866,1.710,2.010,1.280,1,0,36.030,0,0,20,33,0,7,0
15-04 15:06:04,17.752,8.501,71.258,0.250,0,1473188,472912,215216,5688244,11933.293,1620.176,4.000,500.054,1.000,37.004,4451,4672,1.650,1.990,1.280,1,0,99.011,0,0,20,32,0,7,0
15-04 15:06:05,7.746,17.240,71.959,1.999,0,1460376,485116,215216,5688852,19530.850,1619.076,291.833,399.772,25.985,19.989,4991,3516,1.650,1.990,1.280,0,0,259.852,0,0,20,32,0,7,0
15-04 15:06:06,7.270,11.783,78.218,1.755,0,1439636,505256,215232,5689440,18797.391,1624.528,565.576,272.760,12.034,21.059,3639,2897,1.650,1.990,1.280,1,0,171.478,0,0,21,12,0,6,20
15-04 15:06:07,9.233,20.213,69.374,0,0,1434132,510604,215232,5689596,22406.154,1617.052,0,19.964,0,4.991,5583,3789,1.650,1.990,1.280,1,0,310.434,0,0,21,12,0,6,20
15-04 15:06:08,19.557,17.301,62.182,0,0,1422644,522076,215232,5689956,16770.992,1624.746,0,12.035,0,3.009,6583,8789,1.650,1.990,1.280,1,0,223.653,0,0,21,12,0,6,20
15-04 15:06:09,26.205,16.472,56.403,0.749,0,1460828,483284,215244,5690212,18591.135,1617.228,63.890,0,1.997,0,4654,3219,1.600,1.970,1.280,2,0,197.661,0,0,21,12,0,6,20
15-04 15:06:10,17.257,21.509,60.024,0,0,1473716,470028,215244,5690552,8804.543,1620.652,24.010,520.209,1.000,33.013,5716,4283,1.600,1.970,1.280,1,0,344.138,0,0,23,12,0,6,20
15-04 15:06:11,21.455,16.216,60.872,0,0,1463168,480548,215244,5691028,19977.854,1616.590,0,327.310,0,3.992,6792,8465,1.600,1.970,1.280,1,0,191.596,0,0,23,12,0,6,20
15-04 15:06:12,27.344,17.309,54.185,0,0,1507304,436008,215244,5690940,15248.181,1463.007,20.069,8.027,2.007,1.003,5075,3681,1.600,1.970,1.280,2,0,230.790,0,0,23,12,0,6,20
15-04 15:06:13,16.496,20.745,61.236,0,0,1522136,421144,215244,5690972,17112.023,1619.624,0,23.994,0,5.999,5721,4029,1.600,1.970,1.280,2,0,304.929,0,0,25,12,0,6,20
15-04 15:06:14,21.188,15.205,61.569,0.249,0,1536928,406336,215244,5691464,19855.671,1615.255,0,1032.965,0,25.924,6809,8038,2.030,2.060,1.310,2,0,192.435,0,0,25,12,0,6,20
15-04 15:06:15,36.536,13.263,49.549,0,0,1630284,312912,215288,5691016,84501.996,1621.593,0,0,0,0,4457,2988,2.030,2.060,1.310,13,0,99.097,0,0,27,12,0,6,20
15-04 15:06:16,86.189,13.530,0,0,0,1864108,162448,215032,5609580,14844.574,1623.563,0,4.009,0,1.002,5201,3518,2.030,2.060,1.310,14,0,0,0,0,27,12,0,6,20
15-04 15:06:17,89.242,11.249,0,0,0,2086380,174208,214456,5381012,12101.966,1619.862,427.963,2971.746,14.999,199.983,5353,3794,2.030,2.060,1.310,14,0,39.997,0,0,27,12,0,6,20
15-04 15:06:18,35.616,3.238,60.025,0,0,2115340,144568,214460,5381756,16810.975,1613.949,39.851,3514.823,1.993,169.365,3113,3027,2.030,2.060,1.310,0,0,23.910,0,0,27,12,0,6,20
15-04 15:06:19,1.501,1.000,96.783,0,0,2103816,156092,214460,5381756,13306.472,1620.545,0,0,0,0,1022,1424,1.870,2.020,1.300,0,0,0,0,0,27,12,0,6,20
15-04 15:06:20,1.500,0.250,96.225,0,0,2098400,161508,214460,5381756,76345.507,1619.586,0,107.972,0,4.999,1199,1554,1.870,2.020,1.300,0,0,0,0,0,27,12,0,6,20
15-04 15:06:21,1.999,1.000,96.461,0,0,2093688,166220,214460,5381756,18563.423,1661.322,0,0,0,0,1159,1479,1.870,2.020,1.300,0,0,0,0,0,27,12,0,6,20
15-04 15:06:22,2.001,0.250,96.283,0,0,2089840,170068,214460,5381756,17172.861,1458.498,0,8.003,0,2.001,1154,1481,1.870,2.020,1.300,0,0,0,0,0,27,12,0,6,20
15-04 15:06:23,1.500,0.500,96.248,0,0,2087368,172536,214460,5381760,18567.661,1619.970,0,0,0,0,1166,1484,1.870,2.020,1.300,0,0,0,0,0,27,12,0,6,20
15-04 15:06:24,2.500,1.000,96.512,0,0,2085060,174844,214460,5381760,13156.679,1620.207,0,40.005,0,1.000,1077,1427,1.720,1.990,1.300,0,0,0,0,0,27,12,0,6,20
15-04 15:06:25,2.000,0.250,96.751,0,0,2083636,176268,214460,5381760,9095.049,1662.009,0,0,0,0,1077,1465,1.720,1.990,1.300,0,0,0,0,0,27,12,0,6,20
15-04 15:06:26,1.499,1.000,96.708,0,0,2083384,176520,214460,5381760,18747.762,1619.288,0,47.979,0,1.999,1092,1431,1.720,1.990,1.300,0,0,0,0,0,27,12,0,6,20
15-04 15:06:27,1.495,0.498,95.960,0,0,2083384,176520,214460,5381760,12929.928,1615.119,0,0,0,0,1033,1394,1.720,1.990,1.300,0,0,0,0,0,27,12,0,6,20
15-04 15:06:28,1.756,1.003,96.572,0,0,2083612,176292,214460,5381760,9503.679,1625.418,0,4.013,0,1.003,1136,1523,1.720,1.990,1.300,0,0,1.003,0,0,27,12,0,6,20
15-04 15:06:29,1.999,0.250,96.462,0,0,2083168,176736,214460,5381760,17691.995,1619.359,0,0,0,0,1116,1428,1.580,1.950,1.290,0,0,0,0,0,27,12,0,6,20
15-04 15:06:30,2.247,0.499,96.358,0,0,2083332,176572,214460,5381760,14296.869,1617.609,0,0,0,0,1115,1455,1.580,1.950,1.290,0,0,0,0,0,27,12,0,6,20
15-04 15:06:31,1.501,1.001,96.077,0,0,2083140,176764,214460,5381760,17984.493,1459.176,0,24.019,0,2.002,1140,1461,1.580,1.950,1.290,0,0,0,0,0,27,12,0,6,20
15-04 15:06:32,2.002,0.500,96.591,0,0,2083300,176604,214460,5381760,12052.335,1621.525,0,0,0,0,1111,1514,1.580,1.950,1.290,0,0,0,0,0,27,12,0,6,20
15-04 15:06:33,1.500,0.750,96.753,0,0,2083300,176604,214460,5381760,9778.281,1620.047,0,0,0,0,1103,1487,1.580,1.950,1.290,0,0,0,0,0,27,12,0,6,20
15-04 15:06:34,1.748,0.749,95.907,0,0,2083300,176604,214460,5381760,17262.176,1618.423,0,3.996,0,0.999,1159,1494,1.450,1.920,1.280,0,0,0,0,0,27,12,0,6,20
15-04 15:06:35,2.000,1.000,95.992,0,0,2083300,176604,214460,5381760,16638.625,1619.866,0,1707.859,0,80.993,1280,1554,1.450,1.920,1.280,0,0,0,0,0,27,12,0,6,20
15-04 15:06:36,1.751,0.500,96.582,0,0.250,2083300,176604,214460,5381760,17270.583,1621.369,0,96.081,0,2.002,1172,1523,1.450,1.920,1.280,0,0,0,0,0,27,12,0,6,20
15-04 15:06:37,1.754,1.002,96.446,0,0,2083300,176604,214460,5381760,12767.890,1623.292,0,484.983,0,101.205,1138,1503,1.450,1.920,1.280,0,0,0,0,0,27,12,0,6,20
15-04 15:06:38,1.996,0.499,95.819,0,0,2083532,176372,214460,5381760,17997.096,1616.954,0,0,0,0,1222,1512,1.450,1.920,1.280,0,0,0.998,0,0,27,12,0,6,20
15-04 15:06:39,2.000,0.750,96.247,0,0,2083280,176624,214460,5381760,18397.361,1619.944,0,0,0,0,1130,1471,1.340,1.890,1.270,0,0,0,0,0,27,12,0,6,20
15-04 15:06:40,2.000,0.250,96.511,0,0,2083276,176624,214460,5381764,9781.131,1458.169,0,48.006,0,3.000,1066,1463,1.340,1.890,1.270,0,0,0,0,0,27,12,0,6,20
15-04 15:06:41,1.995,0.997,95.997,0,0,2083268,176624,214460,5381772,8223.315,1615.739,0,87.769,0,4.987,1108,1530,1.340,1.890,1.270,0,0,0,0,0,27,12,0,6,20
15-04 15:06:42,1.751,0.500,96.311,0,0,2083268,176624,214460,5381772,19335.317,1621.033,0,0,0,0,1182,1442,1.340,1.890,1.270,0,0,0,0,0,27,12,0,6,20
15-04 15:06:43,2.005,0.752,96.471,0,0,2083268,176624,214460,5381772,14060.149,1623.713,0,0,0,0,1154,1453,1.340,1.890,1.270,0,0,0,0,0,27,12,0,6,20
15-04 15:06:44,1.999,0.250,96.718,0,0,2083268,176624,214460,5381772,16459.497,1619.459,0,0,0,0,1115,1425,1.310,1.870,1.270,0,0,0,0,0,27,12,0,6,20
15-04 15:06:45,1.500,0.500,96.244,0,0,2083264,176624,214460,5381776,79639.789,1619.894,0,7.999,0,1.000,1241,1499,1.310,1.870,1.270,0,0,0,0,0,27,12,0,6,20
15-04 15:06:46,2.001,1.000,96.282,0,0,2083260,176624,214460,5381780,19857.500,1620.530,0,8.003,0,2.001,1166,1452,1.310,1.870,1.270,0,0,0,0,0,27,12,0,6,20
15-04 15:06:47,2.509,0.502,96.578,0.502,0,2083260,176624,214460,5381780,13619.244,1625.519,0,1063.612,0,145.494,1133,1468,1.310,1.870,1.270,0,0,0,0,0,27,12,0,3,20
15-04 15:06:48,4.482,1.494,92.130,0,0,2107672,152192,214460,5381780,7936.134,1613.521,0,7.968,0,1.992,1352,1565,1.310,1.870,1.270,0,0,0.996,0,0,27,12,0,3,20
15-04 15:06:49,2.001,0.750,96.527,0,0,2104088,155776,214460,5381780,8293.323,1458.409,0,0,0,0,1020,1417,1.200,1.840,1.270,0,0,0,0,0,27,12,0,3,20
15-04 15:06:50,1.999,0.500,96.204,0,0,2099700,160164,214460,5381780,84039.102,1619.231,0,0,0,0,1265,1472,1.200,1.840,1.270,0,0,0,0,0,27,12,0,3,20
15-04 15:06:51,1.500,1.000,96.767,0,0,2095732,164004,214460,5381908,16641.978,1620.290,0,292.052,0,12.002,1191,1592,1.200,1.840,1.270,0,0,0,0,0,27,12,0,3,20
15-04 15:06:52,2.001,0.500,96.050,0,0,2087668,172068,214460,5381908,18193.392,1620.837,0,4.002,0,1.001,1172,1491,1.200,1.840,1.270,0,0,0,0,0,27,12,0,3,20
15-04 15:06:53,2.256,1.003,96.777,0,0,2087636,172068,214460,5381940,12034.488,1624.656,0,0,0,0,1149,1499,1.200,1.840,1.270,0,0,0,0,0,27,12,0,3,20
15-04 15:06:54,1.247,0.249,96.770,0,0,2086824,172880,214460,5381940,16841.966,1751.836,0,0,0,0,1166,1510,1.110,1.810,1.260,0,0,0,0,0,27,12,0,3,20
15-04 15:06:55,1.744,0.747,96.150,0,0,2084572,175132,214460,5381940,13684.123,1614.117,0,0,0,0,1149,1534,1.110,1.810,1.260,0,0,0,0,0,27,12,0,3,20
15-04 15:06:56,2.257,0.502,97.065,0,0,2082600,177104,214460,5381940,9414.568,1625.277,0,176.573,0,31.101,1134,1557,1.110,1.810,1.260,0,0,0,0,0,27,12,0,3,20
15-04 15:06:57,9.769,13.276,75.650,0,0,2056104,203548,214460,5381976,17099.888,1623.217,0,0,0,0,4465,3358,1.110,1.810,1.260,1,0,212.421,0,0,27,12,0,3,20
15-04 15:06:58,10.229,18.961,67.610,1.746,0,2050584,208544,214460,5382452,39080.947,1454.982,455.056,67.859,7.983,8.981,5602,3896,1.110,1.810,1.260,1,0,251.478,0,0,27,12,0,3,20
15-04 15:06:59,19.565,15.050,62.958,0.251,0,2042548,216224,214460,5383152,14252.008,1625.361,341.125,8.026,17.056,2.007,6521,7908,1.100,1.800,1.260,2,0,178.589,0,0,27,12,0,2,20
15-04 15:07:00,25.412,13.952,55.807,3.239,0,2063196,194756,214460,5383632,18243.809,1614.408,888.921,0,15.945,0,4943,4831,1.100,1.800,1.260,4,0,167.420,0,0,27,12,0,2,20
15-04 15:07:01,23.245,3.999,70.735,1.500,0,2101368,155444,214460,5384772,196746.043,1791.627,671.860,0,11.998,0,3585,1966,1.100,1.800,1.260,2,0,15.997,0,0,28,12,0,2,20
15-04 15:07:02,17.998,9.999,70.990,0,0,2135036,202664,214460,5305808,19434.341,1619.778,0,191.974,0,3.999,3618,2895,1.100,1.800,1.260,2,0,90.988,0,0,28,12,0,3,20
15-04 15:07:03,31.267,5.003,62.285,0.250,0,2178064,159632,214460,5305812,14580.099,1620.900,0,1764.980,0,228.127,4094,13290,1.100,1.800,1.260,4,0,36.020,0,0,28,13,0,2,14
15-04 15:07:04,24.013,4.753,69.538,0.500,0,2188464,149064,214460,5305964,24402.400,1620.890,0,512.281,0,50.027,4351,4948,1.090,1.790,1.260,1,0,0,0,0,28,18,0,7,0
15-04 15:07:05,13.539,16.548,68.450,0,0,2157952,179516,214460,5306024,17478.960,1624.737,0,12.035,0,3.009,5281,4084,1.090,1.790,1.260,2,0,317.927,0,0,28,18,0,7,0
15-04 15:07:06,8.741,20.480,69.181,0,0,2166176,171248,214460,5306068,18446.549,1790.209,3.996,379.620,0.999,3.996,5842,4584,1.090,1.790,1.260,2,0,312.687,0,0,28,18,0,7,0
15-04 15:07:07,11.477,19.711,67.617,0,0,2150656,186728,214460,5306092,25067.783,1616.826,0,83.835,0,9.980,6062,4469,1.090,1.790,1.260,2,0,308.395,0,0,28,18,0,7,0
15-04 15:07:08,18.014,16.513,63.801,0,0,2144600,192644,214460,5306576,18089.321,1513.198,0,16.013,0,4.003,6174,6798,1.090,1.790,1.260,3,0,206.163,0,0,28,18,0,7,0
15-04 15:07:09,37.329,19.040,38.832,4.259,0,2193124,143608,214532,5307108,12698.865,1569.320,432.916,356.755,35.074,11.023,5982,6708,1.080,1.770,1.250,3,0,207.439,0,0,28,19,0,7,0
15-04 15:07:10,48.028,5.724,44.544,0,0,2240284,162988,214536,5241772,33292.034,1831.530,0,55.742,0,2.986,3745,2109,1.080,1.770,1.250,2,0,7.963,0,0,28,19,1,7,0
15-04 15:07:11,46.368,7.519,45.365,0,0,2284212,197608,214536,5164944,13389.978,1698.310,0,228.580,0,4.010,3463,2186,1.080,1.770,1.250,4,0,0,0,0,28,19,1,8,0
15-04 15:07:12,48.184,4.743,46.436,0,0,2365028,195056,214540,5088684,8662.055,1691.667,0,679.064,0,62.913,3968,3149,1.080,1.770,1.250,3,0,14.979,0,0,28,33,1,8,0
15-04 15:07:13,46.968,3.747,45.969,2.248,0,2402580,156120,214556,5089892,24554.448,1692.859,99.933,1343.095,0.999,135.908,4121,2934,1.080,1.770,1.250,2,0,5.996,0,0,28,35,1,8,0
15-04 15:07:14,37.159,11.549,49.712,0,0,2421976,134384,214560,5092152,17138.124,1701.259,0,614.622,0,34.146,7449,10984,1.160,1.780,1.260,1,0,116.497,0,0,28,34,1,8,0
15-04 15:07:15,12.996,19.494,65.980,0.750,0,2422828,133432,214564,5092712,84039.507,1735.474,63.981,0,3.999,0,6791,7029,1.160,1.780,1.260,2,0,297.910,0,0,28,34,1,8,0
15-04 15:07:16,19.935,10.217,64.539,2.990,0,2423472,132692,214564,5092336,28672.161,1614.715,83.726,7.974,6.977,1.993,4981,6001,1.160,1.780,1.260,0,0,100.671,0,0,28,34,1,8,0
15-04 15:07:17,2.750,1.000,95.261,0,0,2423724,132440,214564,5092332,16553.983,1694.203,0,812.097,0,2.000,1309,1650,1.160,1.780,1.260,0,0,3.000,0,0,28,34,1,8,0
15-04 15:07:18,8.739,3.745,86.394,0,0,2475832,156472,214564,5017820,15259.364,1456.222,0,15.980,0,3.995,1809,1829,1.160,1.780,1.260,0,0,4.994,0,0,28,34,1,8,0
15-04 15:07:19,2.253,0.501,95.371,0,0,2469136,163168,214564,5017820,11792.022,1622.066,0,4.005,0,1.001,1350,1752,1.140,1.760,1.260,0,0,3.004,0,0,28,34,1,8,0
15-04 15:07:20,2.500,0.750,95.749,0,0,2462548,169756,214564,5017816,77744.918,1661.977,0,127.998,0,2.000,1422,1766,1.140,1.760,1.260,0,0,1.000,0,0,28,34,1,8,0
15-04 15:07:21,15.512,13.010,70.553,0.250,0,2399616,232668,214564,5018312,17399.042,1695.271,16.012,188.141,1.001,10.008,5170,6155,1.140,1.760,1.260,1,0,212.159,0,0,28,34,1,8,0
15-04 15:07:22,21.228,12.237,63.934,0.250,0,2383884,248304,214564,5017908,19376.909,1618.322,0,243.747,0,19.979,5604,6817,1.140,1.760,1.260,0,0,161.832,0,0,28,44,1,8,0
15-04 15:07:23,14.263,19.267,63.557,0.751,0,2449320,182740,214564,5017968,17374.666,1859.677,20.018,64.058,2.002,9.008,6015,5365,1.140,1.760,1.260,1,1,306.276,0,0,29,50,1,8,0
15-04 15:07:24,20.008,17.007,60.275,1.251,0,2432704,199276,214572,5018516,16783.896,1620.666,64.026,4.002,16.007,1.000,7501,9845,1.130,1.750,1.260,1,0,229.094,0,0,29,50,1,8,0
15-04 15:07:25,16.711,12.720,69.087,0,0,2437960,193908,214572,5018172,17407.026,1658.097,0,235.446,0,10.974,4366,4287,1.130,1.750,1.260,0,0,186.561,0,0,29,50,1,8,0
15-04 15:07:26,7.254,11.257,80.297,0,0,2443980,187860,214572,5018544,13117.618,1620.941,0,32.019,0,7.004,3753,3401,1.130,1.750,1.260,2,0,148.086,0,0,31,50,1,8,0
15-04 15:07:27,23.551,13.530,61.384,0,0,2442468,189356,214572,5018356,8666.941,1665.640,0,0,0,0,6260,8677,1.130,1.750,1.260,4,0,144.315,0,0,31,52,1,8,0
15-04 15:07:28,10.507,17.762,70.299,0,0,2436184,195468,214572,5018372,11195.808,1459.018,0,20.014,0,5.003,5611,4873,1.130,1.750,1.260,4,0,340.237,0,0,31,52,1,9,0
15-04 15:07:29,9.499,20.497,67.990,0,0,2435196,196296,214572,5018532,18936.291,1693.758,0,23.997,0,5.999,5924,4596,1.040,1.720,1.250,2,0,312.955,0,0,31,52,1,9,0
15-04 15:07:30,19.731,17.983,61.193,0,0,2440296,191188,214572,5019036,13291.529,1618.481,0,143.865,0,7.993,7412,9761,1.040,1.720,1.250,2,0,226.787,0,0,31,52,1,9,0
15-04 15:07:31,26.774,14.763,56.301,0.250,0.250,2477260,154168,214584,5018588,18575.964,1621.481,40.037,20.018,3.003,3.003,4904,4012,1.040,1.720,1.250,2,0,219.200,0,0,31,52,1,9,0
15-04 15:07:32,31.339,23.628,43.775,0,0,2513668,187704,214584,4949896,14462.624,1611.712,0,59.693,0,5.969,6268,4736,1.040,1.720,1.250,2,0,357.163,0,0,31,52,1,9,0
15-04 15:07:33,30.180,23.641,44.767,1.257,0,2562412,138280,214648,4950480,18129.080,1629.716,152.912,32.192,7.042,5.030,6492,4948,1.040,1.720,1.250,2,0,421.513,0,0,31,52,1,9,0
15-04 15:07:34,31.182,23.948,41.909,0.748,0,2613920,156824,214668,4882424,13820.907,1706.285,51.887,5827.312,3.991,420.085,7641,8451,1.120,1.730,1.250,5,0,385.161,0,0,31,56,1,11,0
15-04 15:07:35,37.982,20.490,40.481,0,0,2677720,165456,214668,4812084,8527.912,1619.224,11.994,19.990,2.999,4.998,6378,5968,1.120,1.730,1.250,2,0,252.879,0,0,31,56,1,11,0
15-04 15:07:36,52.207,17.735,29.725,0.250,0,2716012,127064,214668,4812160,10386.353,1618.652,71.940,631.474,0.999,1.998,5293,6227,1.120,1.730,1.250,4,0,172.856,0,0,31,56,1,11,0
15-04 15:07:37,68.322,25.026,6.757,0,0,2814464,170196,214684,4673940,17551.550,1621.714,0,1221.291,0,10.011,5811,4519,1.120,1.730,1.250,4,0,362.383,0,0,31,56,1,11,0
15-04 15:07:38,62.386,19.042,17.538,0,0,2880912,170464,214692,4608480,12087.414,1461.193,204.447,1082.365,2.004,111.243,6668,6936,1.120,1.730,1.250,3,0,212.464,0,0,31,56,1,11,0
15-04 15:07:39,67.691,20.232,11.490,0.500,0,2931756,188116,214720,4541540,18017.237,1618.584,3.997,1718.497,0.999,144.873,5513,5949,1.270,1.750,1.260,4,0,236.793,0,0,31,56,1,11,0
15-04 15:07:40,64.062,25.775,5.255,5.005,0,3044504,139660,215900,4477392,12181.814,1621.573,1097.064,1565.518,79.077,95.092,6190,5191,1.270,1.750,1.260,4,0,359.349,0,0,31,56,1,11,0
15-04 15:07:41,80.314,17.903,1.492,0,0.249,3140176,177004,215900,4347912,16706.268,1611.249,0,1607.271,0,10.941,7959,9236,1.270,1.750,1.260,16,0,208.866,0,0,31,60,1,12,0
15-04 15:07:42,65.913,21.132,9.560,2.767,0,3223048,196116,214896,4248304,12601.937,1630.211,72.454,21522.816,7.044,1591.972,11372,18343,1.270,1.750,1.260,4,1,137.864,0,0,31,60,1,12,0
15-04 15:07:43,70.004,25.162,2.242,1.744,0,3312124,155800,214348,4200168,8797.140,1614.337,31.888,22532.955,1.993,2176.365,13095,24216,1.270,1.750,1.260,4,0,292.972,0,0,31,62,1,12,0
15-04 15:07:44,69.085,20.776,9.512,0.250,0,3371644,155992,214328,4142312,16330.065,1712.104,164.202,3027.720,13.016,215.264,8515,11245,1.410,1.770,1.270,4,0,253.311,0,0,31,66,1,15,0
15-04 15:07:45,72.895,21.543,5.260,0,0,3419392,157752,214280,4093120,81895.551,1697.369,8.016,1506.991,2.004,53.105,8557,14965,1.410,1.770,1.270,5,0,203.404,0,0,31,75,1,20,0
15-04 15:07:46,54.740,24.246,19.996,0.750,0,3529692,151040,214280,3990100,12796.636,1619.701,23.996,575.894,2.000,32.994,6411,5360,1.410,1.770,1.270,3,0,348.936,0,0,31,79,1,21,0
15-04 15:07:47,48.506,25.503,25.003,0,0,3583824,141824,214280,3945944,18346.291,1620.202,0,604.075,0,35.004,7396,10819,1.410,1.770,1.270,2,0,349.044,0,0,31,79,1,21,0
15-04 15:07:48,39.939,21.582,36.714,0,0,3631660,204740,214280,3837564,14125.916,1607.473,0,635.051,0,34.729,6171,6494,1.410,1.770,1.270,2,0,224.252,0,0,31,81,1,21,0
15-04 15:07:49,50.344,14.096,34.989,0.503,0,3689020,147360,214284,3837528,17356.441,1510.306,0,3818.055,0,197.347,6157,6546,1.700,1.820,1.290,4,0,135.928,0,0,31,81,1,21,0
15-04 15:07:50,61.092,12.966,24.686,0,0,3797120,126012,214288,3753152,75746.209,1615.823,0,0,0,0,5279,6911,1.700,1.820,1.290,4,0,79.794,0,0,31,84,1,24,0
15-04 15:07:51,46.403,6.020,46.403,0.251,0,3857284,141664,214296,3679072,8031.523,1625.367,68.225,1055.486,7.023,57.189,3847,3220,1.700,1.820,1.290,1,0,12.040,0,0,31,87,1,24,0
15-04 15:07:52,8.477,20.444,69.810,0,0,3871808,127008,214296,3679204,16914.026,1615.609,0,726.027,0,45.875,5995,4893,1.700,1.820,1.290,3,0,319.133,0,0,31,87,1,24,0
15-04 15:07:53,9.485,19.719,69.140,0.250,0,3869244,129512,214296,3679264,16420.915,1659.364,0,59.905,0,7.987,5641,4399,1.700,1.820,1.290,1,0,270.570,0,0,31,87,1,24,0
15-04 15:07:54,9.986,18.974,68.904,0,0,3868792,129936,214296,3679292,9897.281,1801.503,0,191.734,0,15.978,5603,4341,1.640,1.810,1.290,1,0,278.614,0,0,31,89,1,24,0
15-04 15:07:55,19.566,10.536,68.732,0,0,3896928,157160,214296,3626308,18348.948,1625.488,0,12052.691,0,682.304,4285,3165,1.640,1.810,1.290,1,0,112.379,0,0,31,93,1,24,0
15-04 15:07:56,24.776,3.253,70.574,0.250,0,3936584,149276,214296,3595412,14264.962,1621.701,0,80.084,0,9.009,2533,2106,1.640,1.810,1.290,1,0,1.001,0,0,31,96,1,24,0
15-04 15:07:57,24.915,3.737,69.761,0.747,0.249,3942080,143772,214308,3595424,17457.215,1614.471,7.973,3276.778,1.993,21.925,3696,4059,1.640,1.810,1.290,2,0,0.997,0,0,31,101,1,24,0
15-04 15:07:58,23.330,5.017,70.743,0,0,3885852,199980,214308,3595444,14886.036,1625.573,0,164.564,0,12.041,3383,3021,1.640,1.810,1.290,2,0,56.193,0,0,31,99,1,24,0
15-04 15:07:59,24.629,3.732,69.905,0.746,0,3936400,149356,214308,3595520,8679.207,1450.847,71.647,270.665,0.995,27.863,2615,2353,1.590,1.790,1.290,1,0,1.990,0,0,31,101,1,24,0
15-04 15:08:00,32.963,5.787,60.641,0.252,0,3999444,127696,214308,3555020,16897.053,1630.523,781.041,362.339,42.273,24.156,3849,3598,1.590,1.790,1.290,2,0,4.026,0,0,31,103,1,25,0
15-04 15:08:01,27.943,5.738,63.870,1.497,0,4024576,130748,214312,3527084,13705.208,1616.721,63.870,363.263,6.986,31.935,4062,4546,1.590,1.790,1.290,2,0,1.996,0,0,31,110,1,26,0
15-04 15:08:02,23.273,5.005,69.569,0.500,0,4007292,147556,214312,3527556,17229.145,1621.614,380.379,556.554,27.027,78.078,3706,4009,1.590,1.790,1.290,1,0,43.043,0,0,31,109,1,26,0
15-04 15:08:03,23.874,4.725,67.145,2.238,0,4046332,149472,214312,3487892,12578.566,1611.489,437.688,222.823,12.932,14.921,2703,2222,1.590,1.790,1.290,2,0,13.926,0,0,31,109,1,26,0
15-04 15:08:04,30.641,5.526,62.287,1.005,0,4057372,138424,214312,3487556,16547.374,1627.512,4.019,233.076,1.005,18.083,3741,9773,1.540,1.780,1.290,2,0,22.102,0,0,31,111,1,27,0
15-04 15:08:05,23.751,4.250,69.502,0.500,0,3983380,212328,214312,3487644,16947.525,1620.050,56.002,1364.042,6.000,114.004,4127,4965,1.540,1.780,1.290,1,0,10.000,0,0,31,109,1,20,0
15-04 15:08:06,21.999,5.500,70.746,0.250,0,4021028,174604,214312,3487720,10657.337,1619.899,67.996,263.984,1.000,15.999,2712,2294,1.540,1.780,1.290,1,0,40.997,0,0,31,109,1,20,0
15-04 15:08:07,24.445,3.243,71.091,0.249,0,4045312,150316,214312,3487724,8740.434,1616.382,0,323.276,0,28.935,2844,2841,1.540,1.780,1.290,1,0,0,0,0,31,109,1,20,0
15-04 15:08:08,26.805,5.010,64.883,1.754,0,4031648,162980,214312,3488720,17654.104,1623.320,897.836,4757.730,53.109,265.543,6312,8919,1.540,1.780,1.290,1,1,5.010,0,0,31,115,1,20,0
15-04 15:08:09,26.042,5.008,64.855,1.502,0,4040164,153416,214312,3489768,16928.523,1460.374,829.348,3842.247,58.094,288.469,6471,9311,1.500,1.770,1.290,1,0,0,0,0,31,114,1,21,0
15-04 15:08:10,30.188,11.975,56.384,0.249,0,4005436,188024,214312,3489884,21735.268,1616.673,31.934,1576.755,1.996,100.793,8408,12693,1.500,1.770,1.290,5,0,143.704,0,0,31,124,0,22,0
15-04 15:08:11,25.968,2.996,69.663,0,0,4051360,141944,214312,3490040,22399.064,1617.982,15.980,359.552,0.999,19.975,2894,2709,1.500,1.770,1.290,2,0,0,0,0,31,123,0,24,0
15-04 15:08:12,24.213,3.495,70.893,0.250,0,4056132,137156,214312,3490056,17047.216,1617.553,0,451.317,0,29.955,3912,4416,1.500,1.770,1.290,2,0,0,0,0,31,123,0,24,0
15-04 15:08:13,24.186,4.488,68.569,0.997,0,4061336,131608,214312,3490400,12709.395,1615.728,327.135,1192.846,22.939,105.720,4312,5308,1.500,1.770,1.290,1,0,0.997,0,0,31,124,0,23,0
15-04 15:08:14,36.726,11.823,49.806,0.755,0,4038684,183396,214316,3461868,8530.432,1630.019,140.866,3501.522,2.012,412.536,5826,5985,1.780,1.820,1.310,3,0,142.878,0,0,31,123,0,24,0
15-04 15:08:15,42.147,10.724,44.143,1.995,0,4135556,153628,214308,3396316,75684.696,1616.065,1153.192,494.795,15.961,34.915,4221,3133,1.780,1.820,1.310,2,0,49.879,0,0,31,123,0,24,0
15-04 15:08:16,44.490,4.999,47.239,2.499,0,4167248,121680,214312,3396568,18762.779,1619.636,235.947,3239.271,4.999,368.917,4041,2954,1.780,1.820,1.310,2,0,0,0,0,31,123,0,24,0
15-04 15:08:17,25.328,3.511,68.961,0,0,4168964,119916,214312,3396616,13738.122,1624.982,24.074,662.030,5.015,76.234,4291,5270,1.780,1.820,1.310,1,0,0,0,0,31,124,0,24,0
15-04 15:08:18,29.415,8.475,59.078,0.997,0,4234472,162612,214308,3290748,18344.695,1615.306,59.826,1060.917,3.988,110.678,5264,6423,1.780,1.820,1.310,1,0,3.988,0,0,31,124,0,24,0
15-04 15:08:19,20.233,8.243,69.693,0.250,0,4176836,220236,214312,3290756,12198.028,1456.809,3.997,727.405,0.999,60.950,3787,3462,1.720,1.810,1.300,2,0,85.930,0,0,31,123,0,24,0
15-04 15:08:20,25.759,2.751,70.273,0.250,0,4216732,180340,214312,3290756,85699.631,1620.541,0,428.143,0,25.008,2627,1990,1.720,1.810,1.300,3,0,0,0,0,31,123,0,24,0
15-04 15:08:21,25.252,3.750,70.007,0.500,0,4215644,181416,214312,3290768,12755.240,1620.157,0,2560.249,0,168.016,3848,4681,1.720,1.810,1.300,1,0,0,0,0,31,125,0,24,0
15-04 15:08:22,21.747,7.249,70.490,0.250,0,4182352,214696,214312,3290784,8604.835,1619.781,0,115.984,0,9.999,3155,2728,1.720,1.810,1.300,2,0,54.993,0,0,31,125,0,24,0
15-04 15:08:23,25.335,2.759,70.237,0,0,4201732,195176,214312,3290924,18410.008,1667.617,0,108.365,0,8.027,2975,2749,1.720,1.810,1.300,1,0,0,0,0,31,125,0,25,0
15-04 15:08:24,25.270,3.002,70.805,0,0.250,4169728,227168,214312,3290936,13687.624,1621.258,0,76.059,0,6.005,3122,3097,1.660,1.790,1.300,1,0,6.005,0,0,31,125,0,25,0
15-04 15:08:25,21.435,7.228,70.537,0,0,4217904,178980,214312,3290948,9273.951,1615.115,0,0,0,0,2944,2402,1.660,1.790,1.300,1,0,44.864,0,0,31,125,0,25,0
15-04 15:08:26,24.995,2.999,71.236,0,0,4239620,157260,214312,3290952,18427.342,1619.678,0,63.987,0,5.999,2917,2620,1.660,1.790,1.300,1,0,0,0,0,31,125,0,25,0
15-04 15:08:27,24.991,3.999,68.476,0.500,0,4238044,158444,214312,3291344,22551.207,1661.426,347.880,647.776,23.992,91.968,4374,5397,1.660,1.790,1.300,2,0,0,0,0,31,125,0,25,0
15-04 15:08:28,21.738,7.746,69.462,0.250,0,4198768,197712,214312,3291352,21868.050,1619.115,0,611.666,0,18.990,3482,2932,1.660,1.790,1.300,2,0,82.955,0,0,31,125,0,25,0
15-04 15:08:29,26.112,2.762,70.302,0,0,4223632,172836,214312,3291364,14131.761,1464.296,0,377.624,0,30.130,3082,3075,1.610,1.780,1.300,3,0,1.004,0,0,31,125,0,24,0
15-04 15:08:30,25.851,2.486,69.349,0.249,0,4222560,173900,214312,3291372,10847.287,1610.688,0,1256.734,0,78.546,3514,3832,1.610,1.780,1.300,3,0,0.994,0,0,31,125,0,24,0
15-04 15:08:31,25.008,8.002,66.270,0.250,0,4225276,171168,214312,3291388,18129.459,2141.645,0,152.046,0,12.004,3427,2727,1.610,1.780,1.300,2,0,56.017,0,0,31,125,0,24,0
15-04 15:08:32,25.112,2.762,71.067,0,0,4250752,145688,214312,3291392,16831.162,1627.267,0,176.789,0,11.049,2882,2727,1.610,1.780,1.300,2,0,0,0,0,31,125,0,24,0
15-04 15:08:33,25.785,4.757,66.591,1.752,0,4243836,152284,214312,3291712,10966.027,1622.223,232.318,1614.212,14.019,235.322,5334,7717,1.610,1.780,1.300,2,1,0,0,0,31,126,0,24,0
15-04 15:08:34,26.202,7.985,63.634,0.499,0,4197044,198864,214312,3291924,17362.325,1617.050,115.789,2052.256,17.967,199.636,6778,9112,1.560,1.770,1.300,1,0,54.900,0,0,31,125,0,24,0
15-04 15:08:35,24.928,3.988,71.044,0.249,0,4211556,184352,214312,3291924,19026.905,1615.323,0,945.263,0,58.830,2554,2219,1.560,1.770,1.300,1,0,0,0,0,31,125,0,24,0
15-04 15:08:36,25.007,3.001,70.518,0,0,4226956,168820,214312,3292056,20826.425,1620.422,0,464.121,0,26.007,2799,2514,1.560,1.770,1.300,1,0,0,0,0,31,126,0,24,0
15-04 15:08:37,23.980,5.246,68.691,1.249,0,4225020,170716,214312,3292096,21811.392,1618.619,19.983,5203.561,3.997,474.595,5585,6865,1.560,1.770,1.300,1,0,0,0,0,31,126,0,24,0
15-04 15:08:38,32.126,7.027,58.981,0.753,0,4225336,170324,214312,3292172,10445.863,1626.362,16.063,1092.273,1.004,142.558,8363,12562,1.560,1.770,1.300,3,0,1.004,0,0,31,126,0,22,0
15-04 15:08:39,38.235,8.247,51.229,0.500,0,4142520,253000,214312,3292312,22102.048,1457.410,75.969,7001.164,1.999,402.837,7527,10357,1.830,1.820,1.320,1,0,76.969,0,0,31,127,0,22,0
15-04 15:08:40,25.202,2.994,70.614,0,0,4186872,208648,214312,3292312,13154.729,1616.894,0,427.179,0,21.958,2512,2085,1.830,1.820,1.320,1,0,0,0,0,31,127,0,22,0
15-04 15:08:41,26.336,3.511,69.727,0.251,0,4198684,196828,214312,3292320,18831.230,1625.285,0,417.357,0,23.075,3415,3477,1.830,1.820,1.320,3,0,0,0,0,31,129,0,23,0
15-04 15:08:42,21.264,9.006,66.542,1.001,0,4162048,233372,214312,3292412,12477.955,1621.033,48.031,2737.745,2.001,200.128,5335,6262,1.830,1.820,1.320,2,0,122.078,0,0,31,127,0,22,0
15-04 15:08:43,28.376,5.476,64.966,0,0,4179392,216012,214312,3292428,17514.492,1612.954,0,517.738,0,48.787,3554,3410,1.830,1.820,1.320,2,0,24.891,0,0,31,127,0,22,0
15-04 15:08:44,36.503,3.500,59.505,0.250,0,4202800,192588,214312,3292444,12799.133,1620.143,0,444.039,0,35.003,3758,3802,1.770,1.810,1.320,1,0,1.000,0,0,31,127,0,22,0
15-04 15:08:45,25.070,5.014,69.192,0.501,0,4203660,191580,214312,3292592,79327.475,1624.515,16.045,942.620,1.003,100.279,4954,6180,1.770,1.810,1.320,1,0,1.003,0,0,31,128,0,22,0
15-04 15:08:46,24.424,5.981,66.544,0.498,0,4205552,189564,214312,3292716,13002.769,1615.003,67.790,889.249,4.985,97.698,6324,8856,1.770,1.810,1.320,1,0,0.997,0,0,31,130,0,13,0
15-04 15:08:47,39.584,8.768,50.356,0.501,0,4209180,213868,214312,3265436,27395.796,1623.425,32.068,921.945,2.004,77.163,8008,10592,1.770,1.810,1.320,2,0,3.006,0,0,31,129,0,14,0
15-04 15:08:48,29.718,17.731,50.696,0.250,0,4177956,244968,214312,3265532,12970.138,2035.824,31.966,1218.698,1.998,93.900,7145,7985,1.770,1.810,1.320,2,0,286.694,0,0,31,129,0,14,0
15-04 15:08:49,26.717,3.745,67.667,0.250,0,4231324,191600,214312,3265532,16536.807,1703.919,0,451.449,0,25.968,2663,2141,1.700,1.790,1.310,1,0,0.999,0,0,31,129,0,14,2
15-04 15:08:50,25.870,4.019,70.326,0,0,4241100,181800,214312,3265540,79332.766,1625.536,0,385.788,0,25.116,3372,3226,1.700,1.790,1.310,1,0,0,0,0,31,131,0,13,2
15-04 15:08:51,20.909,7.219,69.698,0.249,0,4217372,205516,214312,3265552,22383.046,1744.444,0,485.895,0,26.884,3741,3520,1.700,1.790,1.310,1,0,60.737,0,0,31,129,0,13,2
15-04 15:08:52,25.498,3.000,70.246,0,0,4253092,169796,214316,3265548,17301.943,1619.901,0,343.979,0,25.998,2564,2068,1.700,1.790,1.310,1,0,0,0,0,31,129,0,13,2
15-04 15:08:53,25.569,4.261,70.189,0,0,4260424,162412,214316,3265600,14003.781,1666.496,0,344.931,0,18.049,3355,3456,1.700,1.790,1.310,1,0,0,0,0,31,131,0,13,2
15-04 15:08:54,26.769,4.503,66.548,0.500,0,4259864,162780,214316,3265792,8361.057,1785.293,48.035,1661.203,3.002,133.096,5285,6929,1.650,1.780,1.310,3,0,2.001,0,0,31,132,0,11,0
15-04 15:08:55,29.018,6.504,61.537,0.500,0,4257584,165028,214316,3265824,18103.977,1620.983,0,896.544,0,116.070,6027,8021,1.650,1.780,1.310,7,0,0,0,0,31,132,0,11,0
15-04 15:08:56,31.500,8.250,60.249,0.250,0,4209792,212740,214316,3265904,12634.824,1619.977,32.000,619.991,1.000,63.999,5325,6252,1.650,1.780,1.310,2,0,72.999,0,0,31,131,0,11,0
15-04 15:08:57,23.410,3.985,70.480,0.249,0,4219336,203192,214316,3265908,17781.849,1613.815,0,2976.592,0,363.606,2762,2200,1.650,1.780,1.310,1,0,0.996,0,0,31,131,0,11,0
15-04 15:08:58,25.595,3.513,70.261,0.251,0,4240444,182080,214316,3265912,16103.883,1716.382,0,321.194,0,20.075,3139,2870,1.650,1.780,1.310,2,0,1.004,0,0,31,131,0,11,0
15-04 15:08:59,25.194,3.991,67.850,0.499,0,4241652,180820,214316,3265964,18209.670,1616.420,31.929,2123.297,0.998,158.649,5495,7185,1.600,1.770,1.310,4,0,1.996,0,0,31,134,0,11,0
15-04 15:09:00,26.027,3.754,68.070,0.751,0,4242128,180316,214316,3265992,27489.243,1459.500,0,904.930,0,91.094,5529,6967,1.600,1.770,1.310,4,0,1.001,0,0,31,134,0,11,0
15-04 15:09:01,44.046,5.005,48.801,0.501,0,4243060,179308,214316,3266068,11393.995,1621.707,0,1381.454,0,138.145,7901,11170,1.600,1.770,1.310,2,0,0,0,0,31,133,0,11,0
15-04 15:09:02,15.943,15.445,67.009,0,0,4190996,231324,214316,3266116,9771.893,2261.874,15.943,358.711,0.996,19.928,4639,4035,1.600,1.770,1.310,1,0,246.116,0,0,31,133,0,9,0
15-04 15:09:03,26.041,3.005,70.861,0.250,0,4238092,184228,214316,3266116,35610.877,2185.429,0,328.515,0,20.031,2733,2062,1.600,1.770,1.310,3,0,0,0,0,31,133,0,9,0
15-04 15:09:04,30.707,6.741,60.166,0.250,0,4243352,178960,214316,3266124,15721.031,1617.739,0,1869.388,0,120.831,4935,11595,1.790,1.800,1.320,2,0,36.948,0,0,31,136,0,10,0
15-04 15:09:05,17.321,12.551,69.533,0,0,4226216,195952,214316,3266268,18316.630,1797.323,0,140.573,0,12.049,4646,3948,1.790,1.800,1.320,3,0,163.667,0,0,31,135,0,10,0
15-04 15:09:06,11.215,19.938,66.794,0,0,4225744,196396,214316,3266300,29249.622,1870.221,0,171.470,0,9.969,6111,4771,1.790,1.800,1.320,1,0,322.005,0,0,31,137,0,9,0
15-04 15:09:07,14.481,19.724,64.165,0,0,4215168,206952,214316,3266832,18940.781,1617.846,0,207.723,0,15.979,7031,7542,1.790,1.800,1.320,1,0,286.618,0,0,31,137,0,9,0
15-04 15:09:08,25.566,14.036,58.902,0.251,0,4204660,217464,214316,3266328,13628.193,1624.194,0,176.456,0,10.026,5638,6111,1.790,1.800,1.320,2,0,145.375,0,0,31,137,0,9,0
15-04 15:09:09,31.284,23.025,44.799,0,0,4250732,171324,214316,3266396,23643.647,1884.044,20.022,156.169,2.002,14.015,6481,4989,1.810,1.810,1.330,2,0,324.352,0,0,31,137,0,9,0
15-04 15:09:10,34.202,22.968,41.692,0.250,0,4293704,128232,214320,3266512,17051.180,2182.950,87.877,443.381,0.999,33.953,6420,4980,1.810,1.810,1.330,2,0,341.523,0,0,31,137,0,8,0
15-04 15:09:11,36.051,15.664,45.997,0,0,4304708,155848,214320,3228888,18788.499,1611.125,127.299,326.203,7.956,22.874,7316,9706,1.810,1.810,1.330,2,0,181.997,0,0,31,143,0,9,0
15-04 15:09:12,49.064,21.638,28.180,0.252,0,4398508,153904,211636,3143408,27719.315,1630.430,128.824,523.348,8.052,31.200,7281,9708,1.810,1.810,1.330,9,0,235.506,0,0,33,149,0,9,0
15-04 15:09:13,54.395,25.451,19.213,0.250,0,4476260,158764,211636,3062424,22810.819,1616.868,51.899,11781.182,1.996,1066.934,7378,6482,1.810,1.810,1.330,3,0,389.246,0,0,33,149,0,9,0
15-04 15:09:14,58.087,23.034,18.027,0,0,4550276,168608,211636,2981024,14145.151,1622.426,4.006,725.084,1.001,46.069,6136,7419,1.980,1.840,1.340,4,0,287.430,0,0,33,149,0,5,0
15-04 15:09:15,54.593,18.281,26.545,0.250,0,4593752,165948,211636,2941060,91470.865,2530.312,0,2708.615,0,212.362,8695,13912,1.980,1.840,1.340,4,0,171.292,0,0,33,165,0,5,0
15-04 15:09:16,37.502,20.251,39.753,1.250,0,4639612,142388,211636,2919440,16908.069,2720.172,88.006,148.009,1.000,10.001,6491,4986,1.980,1.840,1.340,5,0,333.021,0,0,33,165,0,5,0
15-04 15:09:17,31.385,23.414,44.089,0,0,4687384,132312,211636,2882356,8426.141,1614.089,0,310.862,0,10.960,6491,5276,1.980,1.840,1.340,2,0,402.526,0,0,33,165,0,5,0
15-04 15:09:18,19.556,21.562,57.666,0.251,0,4702668,150052,211636,2850008,29866.009,2176.267,8.023,457.317,2.006,39.113,7472,7325,1.980,1.840,1.340,3,0,309.892,0,0,34,165,0,5,0
15-04 15:09:19,29.021,16.262,53.038,0,0,4703060,219260,211636,2781468,13730.755,1711.216,4.003,268.191,1.001,15.011,5368,5837,1.900,1.830,1.340,2,0,124.088,0,0,34,165,0,5,0
15-04 15:09:20,31.156,22.183,45.114,0.249,0,4767692,154528,211636,2781572,75337.768,1453.616,55.832,199.399,0.997,10.967,6390,4907,1.900,1.830,1.340,3,0,344.960,0,0,34,165,0,5,0
15-04 15:09:21,35.483,23.739,40.231,0,0,4815396,146860,211636,2743188,21360.701,1619.219,0,647.688,0,24.988,6948,7131,1.900,1.830,1.340,10,0,369.822,0,0,34,171,0,5,0
15-04 15:09:22,39.064,12.771,47.328,0.250,0,4838336,123564,211640,2743204,16877.813,1622.674,0,216.357,0,11.018,6154,7031,1.900,1.830,1.340,2,0,103.170,0,0,34,177,0,5,0
15-04 15:09:23,38.889,25.926,34.153,0.249,0,4895296,138432,211640,2673124,17530.108,1657.283,0,11642.864,0,1092.890,8929,10407,1.900,1.830,1.340,6,0,401.856,0,0,34,177,0,5,0
15-04 15:09:24,34.602,26.328,36.859,0.501,0,4970388,138324,211648,2600464,24277.785,1666.929,16.047,525.554,1.003,39.116,7527,7882,1.910,1.830,1.340,4,0,443.311,0,0,34,183,0,5,0
15-04 15:09:25,35.769,25.263,37.019,1.001,0,5019288,123436,211648,2567472,8750.561,1620.845,100.052,724.378,7.004,55.029,9709,13588,1.910,1.830,1.340,5,0,405.211,0,0,34,205,0,5,0
15-04 15:09:26,11.240,20.482,65.692,0.250,0,5019352,160040,211648,2532052,21465.188,1618.581,0,347.695,0,25.977,6213,5168,1.910,1.830,1.340,3,0,319.720,0,0,34,207,0,5,0
15-04 15:09:27,24.752,14.001,60.755,0,0.250,5031240,148168,211648,2532556,21336.926,1662.150,0,228.021,0,18.002,6394,8232,1.910,1.830,1.340,1,0,168.015,0,0,34,207,0,4,0
15-04 15:09:28,36.403,14.212,48.121,0.249,0,5095652,120300,211648,2497028,18887.554,1615.685,19.947,271.275,4.987,22.939,4909,3765,1.910,1.830,1.340,6,0,119.680,0,0,34,211,0,4,0
15-04 15:09:29,47.973,7.746,42.976,0.250,0,5199128,123316,211648,2395144,22490.516,1619.101,0,535.703,0,42.976,4185,3178,1.920,1.840,1.350,2,0,1.999,0,0,34,211,0,4,0
15-04 15:09:30,45.879,7.772,44.124,1.755,0,5277392,144108,211768,2299156,16745.964,1624.556,553.552,493.384,46.129,35.098,3801,2585,1.920,1.840,1.350,7,0,5.014,0,0,34,211,0,4,0
15-04 15:09:31,34.576,6.514,56.876,1.002,0,5198504,222828,211768,2299424,18267.385,1461.230,216.479,336.744,6.013,28.062,4427,4255,1.920,1.840,1.350,2,0,59.131,0,0,34,214,0,4,0
15-04 15:09:32,34.851,24.644,38.585,0.249,0,5265080,156180,211772,2299492,16798.026,1613.088,3.983,525.747,0.996,29.872,6896,5995,1.920,1.840,1.350,2,0,425.178,0,0,34,221,0,4,0
15-04 15:09:33,36.661,28.876,29.128,4.771,0,5289956,123964,211784,2306708,9159.105,1627.125,7099.085,907.976,101.444,27.119,6965,6667,1.920,1.840,1.350,4,1,427.874,0,0,34,221,0,4,0
15-04 15:09:34,45.532,19.656,31.101,2.488,0,5292888,138936,211788,2290352,25350.413,1612.267,13379.827,406.052,155.255,14.928,8697,11201,2.970,2.060,1.420,2,0,229.897,0,0,34,223,0,5,0
15-04 15:09:35,59.786,19.091,17.082,3.266,0,5312576,162192,211788,2249112,67009.489,1627.785,19167.674,261.249,187.899,16.077,6082,4617,2.970,2.060,1.420,4,0,144.692,0,0,34,226,0,5,0
15-04 15:09:36,67.418,10.987,5.244,15.981,0,5423188,133084,211792,2171388,21425.988,1618.036,20471.148,247.699,254.691,17.978,5202,3501,2.970,2.060,1.420,7,0,7.990,0,0,34,226,0,7,0
15-04 15:09:37,65.244,9.749,12.749,11.249,0,5471084,131484,211816,2126640,16002.515,1619.850,11822.903,871.919,172.984,32.997,6095,6214,2.970,2.060,1.420,3,1,13.999,0,0,34,232,0,7,0
15-04 15:09:38,60.582,12.964,11.718,14.460,0.249,5468620,111088,211840,2149476,16963.009,1615.525,21021.765,4447.679,594.354,103.713,6074,5660,2.970,2.060,1.420,4,0,11.967,0,0,34,232,0,7,0
15-04 15:09:39,58.141,17.467,15.970,8.235,0,5518940,141932,211844,2071804,16671.759,1616.970,17159.844,14852.168,238.553,1225.703,7838,7490,3.050,2.090,1.440,4,0,189.645,0,0,34,235,0,11,0
15-04 15:09:40,35.172,24.369,33.162,5.025,0,5509452,136440,211848,2086748,8981.842,1627.946,13964.161,538.629,135.662,41.201,7654,8446,3.050,2.090,1.440,3,1,372.820,0,0,34,236,0,11,0
15-04 15:09:41,46.477,21.239,30.485,1.249,0,5486028,177536,211848,2070784,20211.918,1457.273,7180.418,575.713,80.960,36.982,7481,8439,3.050,2.090,1.440,3,0,240.880,0,0,34,235,0,12,0
15-04 15:09:42,52.558,17.269,22.775,6.007,0.250,5567448,131708,211848,2035732,16741.328,1621.775,13562.848,324.355,137.150,17.019,5783,4921,3.050,2.090,1.440,3,0,203.222,0,0,34,236,0,12,0
15-04 15:09:43,55.766,26.758,13.504,3.251,0.250,5591320,122084,211848,2021776,9660.817,1620.473,19893.801,1244.363,188.055,78.023,7605,8128,3.050,2.090,1.440,5,1,349.102,0,0,34,235,0,11,0
15-04 15:09:44,60.501,22.250,11.750,4.750,0,5588864,150980,212100,1996092,21441.418,1620.032,13936.272,3332.065,169.003,402.008,7452,8214,3.290,2.150,1.460,3,2,250.005,0,0,34,235,0,11,0
15-04 15:09:45,69.130,20.215,4.243,5.740,0,5671256,133708,212100,1932672,78646.065,1617.184,27655.847,674.825,282.508,42.925,7812,11191,3.290,2.150,1.460,6,0,167.708,0,0,34,240,0,15,0
15-04 15:09:46,57.576,27.036,12.266,3.004,0,5689976,138520,212104,1910464,21649.678,1622.149,11603.370,480.637,118.157,33.044,7445,8555,3.290,2.150,1.460,3,1,369.489,0,0,34,239,0,16,0
15-04 15:09:47,66.411,22.969,8.239,2.247,0,5703352,146556,212104,1891276,19363.153,1659.784,18687.055,882.822,197.736,35.952,7550,10310,3.290,2.150,1.460,4,0,249.667,0,0,34,243,0,16,0
15-04 15:09:48,51.228,19.242,24.239,3.249,0,5728460,143404,212108,1870264,8471.291,1619.291,11598.922,387.830,115.949,19.991,6873,9648,3.290,2.150,1.460,5,0,201.912,0,0,34,250,0,17,0
15-04 15:09:49,72.944,17.237,6.495,3.747,0,5850252,142712,212000,1757840,20496.394,1618.767,12386.569,391.702,129.901,17.986,6383,6220,3.420,2.200,1.480,4,0,77.941,0,0,34,254,0,17,0
15-04 15:09:50,67.876,14.026,7.013,10.019,0,5894528,149432,211076,1708316,84854.922,1623.001,21062.952,536.993,232.430,36.067,5952,4566,3.420,2.200,1.480,6,1,27.050,0,0,34,254,0,17,0
15-04 15:09:51,67.293,11.963,10.468,9.222,0,5910228,169324,210148,1673960,8504.873,1656.910,13606.202,1144.484,204.372,49.847,6948,7414,3.420,2.200,1.480,6,0,11.963,0,0,34,259,0,21,0
15-04 15:09:52,60.777,11.255,6.753,20.509,0,6009628,136112,208360,1611276,20937.146,1458.637,19508.522,404.177,225.098,30.013,6242,8302,3.420,2.200,1.480,4,0,13.006,0,0,34,262,0,21,0
15-04 15:09:53,56.911,20.558,13.538,8.273,0,5850360,276704,208496,1629880,16129.493,1624.582,18435.999,328.928,248.701,28.079,6071,5194,3.420,2.200,1.480,4,0,178.503,0,0,34,263,0,21,0
15-04 15:09:54,56.150,25.839,10.932,5.714,0,5917992,191804,208640,1647004,16847.013,1703.385,16187.126,2341.409,172.922,185.842,7537,7159,3.550,2.250,1.500,4,1,310.068,0,0,34,263,0,21,0
15-04 15:09:55,50.524,30.164,15.333,3.770,0,5948084,153676,208760,1654852,13267.047,1628.846,5574.271,1567.512,92.502,68.371,9503,18018,3.550,2.250,1.500,3,0,320.742,0,0,34,265,0,21,0
15-04 15:09:56,61.265,19.674,17.682,0.249,0,5946328,155316,208760,1655504,9979.702,1613.807,824.835,964.299,8.966,71.725,7925,10500,3.550,2.250,1.500,4,0,201.228,0,0,34,265,0,22,0
15-04 15:09:57,67.942,18.552,11.282,1.504,0,5971840,127456,208760,1657788,25078.948,1624.596,2651.501,292.828,42.119,25.071,5781,4349,3.550,2.250,1.500,8,0,115.326,0,0,35,265,0,22,0
15-04 15:09:58,81.805,14.760,1.751,2.252,0,6015780,149108,203380,1598496,20647.894,1621.091,2089.406,9034.079,76.051,32.022,6699,6248,3.550,2.250,1.500,5,0,61.041,0,0,35,270,0,22,0
15-04 15:09:59,74.765,13.413,3.229,7.203,0,6082020,136136,196836,1554084,16850.789,1609.568,3219.137,7888.872,155.989,434.186,7137,6489,3.590,2.280,1.510,5,1,10.929,0,0,35,270,0,23,0
15-04 15:10:00,83.161,12.736,0.749,2.747,0,6116168,137644,191368,1525708,18178.610,1618.274,719.233,6884.657,38.958,941.995,6483,3829,3.590,2.280,1.510,6,0,15.983,0,0,35,270,0,23,0
15-04 15:10:01,87.472,11.464,0,0.997,0,6148800,156636,185500,1482660,18272.891,1614.865,869.236,1311.828,28.908,99.683,7482,8701,3.590,2.280,1.510,8,0,27.911,0,0,35,278,0,26,0
15-04 15:10:02,58.199,18.219,21.255,2.783,0,6174488,128864,185732,1484520,22917.287,3061.779,1797.593,1311.757,61.742,156.885,7907,9847,3.590,2.280,1.510,5,0,198.383,0,0,35,279,0,27,0
15-04 15:10:03,46.066,10.458,40.588,0.747,0,6116792,185720,185836,1485256,626665.739,22747.135,605.581,4406.398,9.960,323.707,6683,6617,3.590,2.280,1.510,2,0,16.932,0,0,35,282,0,27,0
15-04 15:10:04,53.214,12.048,32.882,0.502,0,6167688,155616,177176,1475616,9123263.938,193610.578,734.956,6702.955,19.077,21.085,14378,24064,3.460,2.270,1.520,5,0,42.170,0,0,35,283,0,28,0
15-04 15:10:05,48.077,9.715,38.611,0,0,6167480,144888,177204,1486524,11507092.368,239948.039,302.909,3814.266,4.982,103.627,19530,17689,3.460,2.270,1.520,3,0,6.975,0,0,35,285,0,28,0
15-04 15:10:06,50.594,19.536,24.546,4.258,0,6164600,143864,177220,1490412,1558899.796,31120.108,2897.410,276.516,37.069,16.030,8038,5999,3.460,2.270,1.520,4,0,268.501,0,0,35,284,0,28,0
15-04 15:10:07,67.690,10.491,21.481,0.250,0,6223724,154636,158016,1443364,18113.901,1618.562,515.542,319.716,4.996,19.982,5242,3774,3.460,2.270,1.520,3,0,4.996,0,0,35,286,0,28,0
15-04 15:10:08,48.883,4.988,44.145,0.249,0,6235188,143052,158084,1443416,14285.911,1616.144,31.924,1448.543,1.995,107.743,5193,6068,3.460,2.270,1.520,2,0,1.995,0,0,35,286,0,27,0
15-04 15:10:09,26.870,6.278,65.292,0.251,0,6157808,220236,158116,1443584,23647.758,1627.278,4.018,329.473,1.004,29.130,5504,6911,3.260,2.250,1.510,1,0,37.166,0,0,35,292,0,30,0
15-04 15:10:10,26.968,4.744,66.670,0.749,0,6155448,222104,158140,1444052,17199.352,1618.058,431.482,447.463,24.970,44.946,5254,6679,3.260,2.250,1.510,3,0,6.992,0,0,35,295,0,31,0
15-04 15:10:11,25.738,4.498,66.718,0.500,0,6175652,201764,158176,1444152,9119.629,1619.224,47.977,583.720,5.997,50.976,5328,7283,3.260,2.250,1.510,1,0,1.000,0,0,35,293,0,32,0
15-04 15:10:12,26.298,6.512,63.115,0.751,0,6172312,183544,158196,1465688,12389.626,1622.964,80.146,21891.979,9.016,81.148,7665,11076,3.260,2.250,1.510,0,1,21.038,0,0,35,295,0,40,0
15-04 15:10:13,17.654,12.681,67.136,0.995,0,6096852,258720,158216,1465944,16541.236,1450.131,159.136,700.200,4.973,43.763,5090,4368,3.260,2.250,1.510,3,0,186.985,0,0,35,292,0,42,0
15-04 15:10:14,22.763,4.002,69.040,3.252,0,6140520,211652,158376,1469184,21710.427,1893.084,3385.938,444.254,240.137,31.018,3241,3390,3.080,2.230,1.510,1,0,1.001,0,0,35,292,0,42,0
15-04 15:10:15,15.052,4.767,67.233,10.787,0,6160148,168236,158748,1492576,87086.343,1625.644,13221.903,17613.149,905.142,990.439,4504,4876,3.080,2.230,1.510,1,0,1.003,0,0,35,292,0,42,0
15-04 15:10:16,13.525,7.514,71.380,6.011,0,6166340,141084,151684,1521660,16617.290,1622.958,23134.169,420.767,1659.024,11.020,4615,5453,3.080,2.230,1.510,1,0,0,0,0,35,292,0,42,0
15-04 15:10:17,13.754,5.752,70.271,8.002,0,6142248,158896,137860,1546148,22254.601,1620.481,33621.972,1184.351,1334.396,10.003,4207,4741,3.080,2.230,1.510,2,0,0,0,0,35,292,0,42,0
15-04 15:10:18,20.465,5.990,68.631,3.494,0,6114200,178392,138464,1554100,12916.597,1617.195,3957.137,3034.736,701.783,74.870,4131,4581,3.080,2.230,1.510,1,0,30.946,0,0,35,298,0,42,0
15-04 15:10:19,27.250,5.750,64.000,1.750,0,6167468,167692,120264,1532132,12966.986,1619.998,328.000,12.000,62.000,3.000,2951,2652,2.910,2.210,1.510,1,0,4.000,0,0,35,298,0,42,0
15-04 15:10:20,24.992,8.997,59.232,3.749,0,6187088,141352,120440,1538684,80286.455,1619.505,3498.930,33253.834,168.948,147.955,12689,22833,2.910,2.210,1.510,5,0,3.999,0,0,35,298,0,43,0
15-04 15:10:21,27.674,6.731,63.575,0.499,0,6198432,165260,114004,1511336,19811.488,1615.555,55.846,1132.883,4.986,36.898,3456,3343,2.910,2.210,1.510,1,0,0,0,0,35,298,0,43,0
15-04 15:10:22,24.495,5.249,68.235,0.250,0,6223164,140052,114024,1511792,16271.381,1619.640,15.996,483.892,3.999,33.992,2783,2373,2.910,2.210,1.510,1,0,0,0,0,35,298,0,43,0
15-04 15:10:23,14.559,7.280,70.036,6.778,0,6088744,273204,114492,1512232,16695.208,1506.153,1044.266,253.034,113.464,24.098,3660,3566,2.910,2.210,1.510,2,0,41.168,0,0,35,302,0,44,0
15-04 15:10:24,20.463,16.470,60.392,1.497,0,6122424,239360,114520,1512712,16566.301,1617.101,43.921,415.256,4.991,27.950,5455,5092,2.920,2.220,1.520,1,0,414.257,0,0,35,302,0,44,0
15-04 15:10:25,23.455,4.990,62.879,6.737,0,6159992,201568,114576,1512888,22703.232,1616.883,111.785,40430.058,15.969,177.658,3177,2664,2.920,2.220,1.520,1,2,0,0,0,35,302,0,44,0
15-04 15:10:26,20.029,9.264,67.348,2.754,0,6151636,209728,114692,1512952,12591.403,1622.371,132.193,16323.859,9.013,67.098,3893,3144,2.920,2.220,1.520,1,0,97.142,0,0,35,302,0,44,0
15-04 15:10:27,8.750,18.000,70.001,1.500,0,6151356,209980,114700,1512972,12550.157,1662.021,12.000,0,3.000,0,5405,4418,2.920,2.220,1.520,1,0,258.003,0,0,35,302,0,44,0
15-04 15:10:28,17.959,12.222,68.094,0.249,0.249,6147936,213324,114700,1513048,16412.301,1616.287,55.872,0,0.998,0,4242,3620,2.920,2.220,1.520,1,0,160.631,0,0,35,302,0,44,0
15-04 15:10:29,25.499,2.750,69.998,0,0,6189736,171492,114708,1513072,21260.392,1619.954,19.999,423.988,2.000,13.000,2936,2696,2.770,2.200,1.510,2,0,1.000,0,0,35,303,0,44,0
15-04 15:10:30,20.539,2.755,69.884,5.010,0,6192272,168720,114888,1513128,14830.349,1623.103,188.360,268.513,41.079,24.046,3105,3646,2.770,2.200,1.510,7,0,2.004,0,0,35,308,0,44,0
15-04 15:10:31,22.711,6.988,68.882,0.499,0,6180540,180256,114956,1513256,16641.423,1617.223,79.863,415.287,6.988,48.916,4163,4506,2.770,2.200,1.510,1,0,42.926,0,0,35,306,0,44,0
15-04 15:10:32,24.421,3.489,70.271,0,0,6219592,141164,114960,1513292,16474.406,1614.747,0,147.520,0,8.971,2558,2214,2.770,2.200,1.510,1,0,0,0,0,35,306,0,44,0
15-04 15:10:33,25.822,3.760,69.694,0,0,6220684,140048,114960,1513316,17089.551,1462.068,0,148.413,0,10.028,3770,4097,2.770,2.200,1.510,2,0,0,0,0,35,308,0,44,0
15-04 15:10:34,22.866,6.785,68.850,0.251,0,6166116,194392,114980,1513520,13272.564,1628.289,16.082,502.558,1.005,36.184,3681,3726,2.620,2.180,1.510,1,0,58.297,0,0,35,306,0,44,0
15-04 15:10:35,25.143,3.236,69.702,0,0,6182232,178264,114992,1513520,13239.437,1613.108,0,501.856,0,88.621,2706,2402,2.620,2.180,1.510,2,0,0,0,0,35,306,0,44,0
15-04 15:10:36,24.481,3.497,69.445,0.250,0.250,6184972,175252,114996,1513788,21479.914,1618.712,255.797,331.736,13.989,7.994,3861,4247,2.620,2.180,1.510,1,0,0,0,0,35,306,0,43,0
15-04 15:10:37,23.189,5.735,69.067,0,0,6167216,193004,114996,1513792,13410.530,1615.727,0,0,0,0,3145,2866,2.620,2.180,1.510,2,0,33.910,0,0,35,306,0,43,0
15-04 15:10:38,25.834,3.762,70.478,0,0.251,6207016,153200,114996,1513796,12823.458,1625.254,0,68.221,0,4.013,3050,2962,2.620,2.180,1.510,1,0,1.003,0,0,35,306,0,43,0
15-04 15:10:39,26.228,4.246,66.693,0.999,0,6203616,155476,115264,1514652,17904.727,1618.619,903.230,763.349,50.957,111.905,5013,6406,2.490,2.160,1.510,1,0,0.999,0,0,35,306,0,44,0
15-04 15:10:40,24.243,5.498,68.729,0.250,0,6164468,194584,115276,1514680,20337.797,1619.506,15.995,327.900,1.000,24.992,3007,2633,2.490,2.160,1.510,6,0,12.996,0,0,35,306,0,39,0
15-04 15:10:41,25.984,3.748,68.458,0.250,0,6192704,166216,115308,1514780,21125.092,1619.011,11.993,639.609,2.998,54.966,3679,3807,2.490,2.160,1.510,3,0,19.988,0,0,35,310,0,40,0
15-04 15:10:42,25.258,5.002,68.771,0.250,0,6167428,191444,115336,1514800,11899.577,1458.438,8.002,488.147,2.001,36.011,4023,4436,2.490,2.160,1.510,2,0,35.011,0,0,35,308,0,41,0
15-04 15:10:43,24.257,3.751,69.771,0.250,0,6171220,187640,115348,1514800,13803.067,1620.477,0,228.067,0,12.004,2627,2355,2.490,2.160,1.510,1,0,0,0,0,35,308,0,41,0
15-04 15:10:44,26.147,3.268,69.389,0,0,6192920,165884,115376,1514828,17485.058,1629.136,16.090,273.534,1.006,29.164,3426,3443,2.370,2.140,1.500,2,0,1.006,0,0,35,310,0,41,0
15-04 15:10:45,24.640,5.476,67.697,0.747,0,6170000,188600,115428,1514980,88462.602,1612.791,19.911,1194.660,1.991,86.613,4589,4765,2.370,2.140,1.500,2,0,34.844,0,0,35,308,0,40,0
15-04 15:10:46,24.482,3.747,69.948,0,0,6215568,143024,115436,1514980,21556.846,1618.787,0,2709.969,0,401.699,2955,2488,2.370,2.140,1.500,1,0,0,0,0,35,308,0,40,0
15-04 15:10:47,25.270,3.503,70.556,0,0,6219920,138664,115440,1514984,13324.624,1621.293,0,136.109,0,10.008,2961,2838,2.370,2.140,1.500,1,0,0,0,0,35,309,0,40,0
15-04 15:10:48,25.265,6.003,66.538,0.500,0,6133972,224220,115508,1515308,22851.134,1620.932,288.166,636.366,14.008,79.045,4930,5843,2.370,2.140,1.500,2,0,41.024,0,0,35,308,0,40,0
15-04 15:10:49,27.469,4.994,65.925,0,0,6212320,145844,115524,1515320,14467.503,1618.155,0,299.658,0,17.979,2840,2464,2.260,2.120,1.500,3,0,0,0,0,35,308,0,33,0
15-04 15:10:50,26.257,3.001,69.019,0.250,0,6220580,137372,115540,1515516,84244.354,1620.449,192.053,312.087,12.003,24.007,3275,3075,2.260,2.120,1.500,5,0,0,0,0,35,308,0,33,0
15-04 15:10:51,23.832,5.770,68.737,0.753,0,6133156,224416,115668,1515768,17213.356,1667.751,16.055,7048.305,1.003,350.208,4715,5462,2.260,2.120,1.500,2,0,34.118,0,0,35,308,0,33,0
15-04 15:10:52,25.144,3.485,69.956,0,0,6180888,176688,115680,1515800,16607.212,1451.899,7.967,306.711,1.992,18.920,2899,2767,2.260,2.120,1.500,1,0,0,0,0,35,308,0,33,0
15-04 15:10:53,25.867,3.014,69.565,0.251,0,6190516,167000,115688,1515852,21173.889,1627.370,8.036,84.382,2.009,8.036,3479,3598,2.260,2.120,1.500,2,0,0,0,0,35,310,0,29,0
15-04 15:10:54,22.949,5.987,68.348,0,0,6128820,228456,115756,1516024,16928.305,1710.192,147.671,510.862,8.980,73.836,4361,4857,2.320,2.140,1.510,1,0,39.911,0,0,35,308,0,30,0
15-04 15:10:55,25.678,3.241,69.554,0.249,0,6173032,184240,115760,1516024,21483.385,1615.442,0,251.291,0,19.944,2876,2582,2.320,2.140,1.510,2,0,0,0,0,35,308,0,30,0
15-04 15:10:56,24.921,3.272,70.734,0,0.252,6186008,171252,115764,1516032,21420.718,1631.172,0,636.359,0,17.117,3237,3132,2.320,2.140,1.510,2,0,0,0,0,35,310,0,30,0
15-04 15:10:57,24.232,5.496,68.448,0.250,0,6161792,195396,115780,1516088,13031.072,1618.767,47.963,899.315,2.998,51.960,4003,4283,2.320,2.140,1.510,1,0,34.973,0,0,35,308,0,29,0
15-04 15:10:58,29.002,4.750,65.004,0.250,0,6201176,155608,115808,1516464,12469.723,1620.094,240.014,208.012,8.000,16.001,3565,4991,2.320,2.140,1.510,1,0,4.000,0,0,35,308,0,29,0
15-04 15:10:59,28.861,3.483,66.928,0,0,6221928,134720,115820,1516588,9153.013,1612.252,111.464,238.852,4.976,21.895,3567,3574,2.220,2.120,1.510,2,0,2.986,0,0,35,308,0,29,0
15-04 15:11:00,27.635,5.025,65.068,0.754,0,6150284,205788,115932,1517052,21535.233,1627.955,321.571,755.693,8.039,99.486,5107,6172,2.220,2.120,1.510,1,0,22.108,0,0,35,308,0,29,0
15-04 15:11:01,23.379,5.223,69.639,0,0,6201592,154436,115948,1517080,17339.144,1611.648,0,246.721,0,19.897,3010,2842,2.220,2.120,1.510,1,0,19.897,0,0,35,308,0,28,0
15-04 15:11:02,25.741,3.249,69.977,0,0,6219408,136600,115964,1517084,15997.638,1457.512,0,227.924,0,15.995,3191,3092,2.220,2.120,1.510,1,0,0,0,0,35,308,0,28,0
15-04 15:11:03,26.188,3.242,68.837,0.249,0,6217836,138120,115988,1517112,16619.575,1616.166,0,1225.094,0,70.832,3927,4243,2.220,2.120,1.510,2,0,0,0,0,35,308,0,28,0
15-04 15:11:04,28.232,8.571,61.506,0.252,0,6219828,136116,115996,1520500,17777.333,1633.446,0,125.029,0,9.075,4201,10053,2.120,2.100,1.500,2,0,70.581,0,0,36,309,0,28,0
15-04 15:11:05,26.378,3.235,69.180,0,0,6197976,157952,116004,1517124,14500.957,1612.545,0,135.374,0,13.936,3430,4470,2.120,2.100,1.500,1,0,0,0,0,35,308,0,24,0
15-04 15:11:06,24.780,3.504,68.333,0.250,0,6166328,189416,116072,1517240,9906.051,1621.973,96.117,524.638,6.007,74.090,4434,5385,2.120,2.100,1.500,1,0,5.006,0,0,35,308,0,24,0
15-04 15:11:07,23.703,5.739,69.361,0.250,0,6218976,136752,116084,1517244,22714.628,1616.771,0,455.091,0,14.970,3116,2796,2.120,2.100,1.500,2,0,34.930,0,0,35,308,0,24,0
15-04 15:11:08,26.268,3.753,68.297,0,0,6193440,178440,115024,1503156,15040.331,1621.114,256.176,308.212,12.008,20.014,3451,3301,2.120,2.100,1.500,1,0,1.001,0,0,35,308,0,24,0
15-04 15:11:09,24.228,5.245,68.189,0.500,0,6118236,253408,115080,1503336,14326.099,1618.542,0,1242.881,0,73.933,4314,4715,2.030,2.080,1.500,1,0,33.969,0,0,35,308,0,23,0
15-04 15:11:10,24.930,5.485,68.308,0,0,6172152,199480,115092,1503336,22725.288,1615.471,15.955,115.676,0.997,6.980,2915,2377,2.030,2.080,1.500,3,0,5.983,0,0,35,308,0,23,0
15-04 15:11:11,25.870,3.265,69.574,0.251,0,6193940,177648,115108,1503364,16367.109,1464.812,0,421.962,0,57.266,3370,3360,2.030,2.080,1.500,3,0,0,0,0,35,308,0,24,0
15-04 15:11:12,29.196,6.737,62.134,0.749,0,6118568,252824,115192,1503476,17432.465,1616.982,79.851,618.845,4.991,74.860,4775,5546,2.030,2.080,1.500,2,0,39.925,0,0,35,308,0,25,0
15-04 15:11:13,24.261,3.752,70.782,0.250,0,6167924,203460,115196,1503480,17270.898,1620.741,0,180.082,0,12.005,2674,2285,2.030,2.080,1.500,2,0,0,0,0,35,308,0,10,0
15-04 15:11:14,25.364,4.018,69.564,0,0,6186784,184560,115228,1503488,8188.942,1627.341,0,285.287,0,24.109,3311,3479,1.950,2.060,1.500,1,0,1.005,0,0,35,310,0,10,0
15-04 15:11:15,23.627,5.720,68.145,0,0,6188700,182560,115284,1503516,85040.484,1611.614,0,1078.389,0,67.648,4362,4540,1.950,2.060,1.500,1,0,34.819,0,0,35,308,0,10,0
15-04 15:11:16,25.351,3.263,70.531,0.251,0,6231280,139972,115292,1503516,17390.342,1626.485,0,3020.042,0,413.649,2878,2471,1.950,2.060,1.500,2,0,0,0,0,35,308,0,10,0
15-04 15:11:17,25.469,3.745,69.416,0,0,6235604,135472,115296,1503688,8462.819,1618.054,31.962,139.832,1.998,9.988,3496,3717,1.950,2.060,1.500,1,0,0,0,0,35,310,0,10,0
15-04 15:11:18,24.422,6.728,65.789,0.997,0,6170628,200156,115392,1503884,19871.136,1614.810,159.487,1012.745,7.974,113.635,4934,5786,1.950,2.060,1.500,2,0,40.869,0,0,35,308,0,10,0
15-04 15:11:19,27.527,4.504,66.316,0,0,6215024,154720,115404,1504912,18016.968,1621.617,0,236.236,0,17.017,2859,2393,1.870,2.040,1.490,4,0,2.002,0,0,35,308,0,10,0
15-04 15:11:20,28.548,5.008,65.611,0.250,0,6217784,151964,115416,1504896,83807.149,1622.752,64.109,280.476,1.002,19.032,4510,4704,1.870,2.040,1.490,3,0,2.003,0,0,35,310,0,10,0
15-04 15:11:21,25.471,5.743,67.172,0.250,0,6166292,203296,115476,1504996,13855.967,1456.315,3.995,1310.484,0.999,81.905,4031,4402,1.870,2.040,1.490,1,0,33.961,0,0,35,308,0,9,0
15-04 15:11:22,28.269,3.752,66.294,0,0,6204172,166412,115500,1503976,8618.687,1663.097,20.013,252.166,2.001,20.013,2821,2553,1.870,2.040,1.490,1,0,0,0,0,35,308,0,9,0
15-04 15:11:23,26.607,3.263,70.283,0,0,6203984,166556,115516,1504004,19779.753,1626.558,0,100.405,0,9.036,3829,4219,1.870,2.040,1.490,1,0,0,0,0,35,310,0,9,0
15-04 15:11:24,22.149,6.968,67.939,0.498,0,6126512,243700,115636,1504212,14287.601,1612.618,175.198,525.594,8.959,67.690,4233,4693,1.800,2.030,1.490,3,0,39.818,0,0,35,308,0,10,0
15-04 15:11:25,44.360,7.519,47.367,0,0,6225992,144184,115652,1504216,9106.529,1624.018,256.635,248.615,2.005,14.035,3688,2502,1.800,2.030,1.490,2,0,6.015,0,0,35,308,0,10,0
15-04 15:11:26,42.767,8.253,47.018,0,0,6215772,154388,115656,1504228,17059.654,1620.632,512.200,188.073,4.002,10.004,4442,4068,1.800,2.030,1.490,5,0,5.002,0,0,35,310,0,9,0
15-04 15:11:27,27.913,6.729,64.300,0.498,0,6200532,169532,115740,1504240,18341.855,1656.838,255.205,1343.813,1.994,125.609,3863,3734,1.800,2.030,1.490,2,0,34.891,0,0,35,308,0,9,0
15-04 15:11:28,26.275,3.003,69.315,0.250,0,6236832,133204,115764,1504244,17148.202,1621.532,0,200.189,0,21.020,2803,2370,1.800,2.030,1.490,3,0,1.001,0,0,35,308,0,9,0
15-04 15:11:29,24.983,4.997,67.953,0.250,0,6231236,138744,115800,1504264,13412.655,1618.872,31.978,495.655,1.999,44.969,4749,5698,1.820,2.030,1.490,3,0,0.999,0,0,35,309,0,9,0
15-04 15:11:30,24.205,5.240,68.623,0.250,0,6181676,188084,115904,1504380,9256.903,1455.312,63.882,666.769,2.994,78.854,3762,4193,1.820,2.030,1.490,3,0,34.935,0,0,35,308,0,9,0
15-04 15:11:31,25.835,3.261,69.478,0.251,0,6223372,146364,115924,1504384,17452.306,1625.337,0,292.962,0,28.092,2924,2665,1.820,2.030,1.490,1,0,0,0,0,35,309,0,9,0
15-04 15:11:32,25.578,3.761,69.963,0,0,6222456,147116,115944,1504528,17214.311,1624.938,0,337.024,0,21.064,3947,4461,1.820,2.030,1.490,1,0,0,0,0,35,308,0,10,0
15-04 15:11:33,20.411,8.463,69.198,0.249,0,6205648,163904,115956,1504536,17784.450,1612.967,0,238.958,0,11.948,3735,3266,1.820,2.030,1.490,1,0,85.627,0,0,35,308,0,10,0
15-04 15:11:34,27.495,3.499,68.239,0,0,6226540,142988,115968,1504548,14929.539,1619.733,0,183.970,0,8.999,3373,4061,1.990,2.060,1.510,2,0,3.000,0,0,35,308,0,10,0
15-04 15:11:35,26.362,6.026,66.784,0.502,0,6155780,213592,115996,1504676,17515.444,1626.915,0,903.841,0,58.248,4151,4328,1.990,2.060,1.510,1,0,43.184,0,0,35,308,0,10,0
15-04 15:11:36,26.239,4.498,67.721,0.250,0,6192228,177088,116028,1504700,16840.883,1619.316,0,199.916,0,17.992,3258,3058,1.990,2.060,1.510,1,0,6.997,0,0,35,308,0,10,0
15-04 15:11:37,26.406,3.238,68.756,0,0,6211556,157744,116040,1504704,9638.740,1614.262,0,119.575,0,8.968,3156,3235,1.990,2.060,1.510,1,0,0,0,0,35,308,0,10,0
15-04 15:11:38,21.221,6.991,70.654,0,0,6182552,186648,116056,1504788,9809.698,2248.950,63.913,383.480,3.995,11.984,4494,4661,1.990,2.060,1.510,0,0,69.905,0,0,35,309,0,12,0
15-04 15:11:39,3.498,1.249,92.692,0.500,0,6173680,195048,116336,1504980,17923.773,1618.986,0,4872.948,0,280.824,2337,3453,1.830,2.030,1.500,1,0,0,0,0,35,309,0,12,0
15-04 15:11:40,3.758,1.503,93.693,0.251,0,6165256,203360,116376,1505052,16304.585,1461.009,64.132,200.413,3.006,21.043,1831,2516,1.830,2.030,1.500,1,0,0,0,0,35,309,0,12,0
15-04 15:11:41,4.261,1.253,92.733,0.251,0,6159172,209360,116416,1505096,18934.576,1624.081,32.081,264.665,1.003,24.060,1952,2634,1.830,2.030,1.500,1,0,0,0,0,35,309,0,13,0
15-04 15:11:42,3.483,0.995,93.308,0.498,0,6153788,214672,116468,1505116,14025.503,1612.356,0,274.698,0,26.873,1698,2288,1.830,2.030,1.500,0,0,0,0,0,35,309,0,11,0
15-04 15:11:43,3.253,1.251,94.328,0,0,6144128,224312,116488,1505116,16649.796,1621.343,0,304.252,0,22.018,1649,2131,1.830,2.030,1.500,0,0,0,0,0,35,309,0,11,0
15-04 15:11:44,3.501,1.250,93.780,0.250,0,6140920,227496,116512,1505116,13196.261,1662.537,0,88.028,0,12.004,1757,2385,1.770,2.010,1.500,0,0,1.000,0,0,35,309,0,11,0
15-04 15:11:45,3.762,0.752,93.795,0,0,6138204,230176,116544,1505120,76429.293,1625.109,0,236.744,0,20.063,1853,2383,1.770,2.010,1.500,0,0,1.003,0,0,35,309,0,11,0
15-04 15:11:46,3.484,0.995,93.573,0,0,6136128,232236,116560,1505120,9772.427,1612.645,0,151.310,0,14.932,1678,2338,1.770,2.010,1.500,0,0,0,0,0,35,309,0,11,0
15-04 15:11:47,3.755,0.751,93.872,0.250,0.250,6134148,234200,116576,1505120,17976.376,1622.109,0,60.078,0,7.009,1740,2292,1.770,2.010,1.500,0,0,0,0,0,35,309,0,11,0
15-04 15:11:48,3.750,1.750,92.756,0.250,0,6121740,246508,116648,1505148,14750.974,1620.107,20.001,3288.217,2.000,481.032,2452,2964,1.770,2.010,1.500,0,0,1.000,0,0,35,309,0,11,0
15-04 15:11:49,3.239,0.748,93.943,0.249,0,6121728,246508,116660,1505148,16315.639,1453.247,0,231.244,0,14.951,1631,2122,1.700,1.990,1.490,0,0,0,0,0,35,309,0,11,0
15-04 15:11:50,6.771,2.257,89.777,0,0,6126072,242084,116700,1505188,82705.835,1625.007,32.099,224.692,1.003,22.068,2106,2505,1.700,1.990,1.490,1,0,0,0,0,35,309,0,11,0
15-04 15:11:51,3.253,1.001,93.575,0.250,0,6125996,242084,116744,1505220,18014.407,1663.330,16.013,176.141,1.001,20.016,1817,2480,1.700,1.990,1.490,1,0,0,0,0,35,309,0,11,0
15-04 15:11:52,3.743,1.497,94.076,0,0,6125980,242084,116756,1505224,16748.000,1617.007,0,107.800,0,6.987,1744,2319,1.700,1.990,1.490,0,0,0,0,0,35,309,0,11,0
15-04 15:11:53,3.243,1.247,93.036,0.249,0,6125908,242084,116784,1505268,8533.343,1616.277,3.991,550.731,0.998,59.862,1665,2325,1.700,1.990,1.490,0,0,0,0,0,35,309,0,11,0
15-04 15:11:54,3.502,1.501,93.816,0,0,6125900,242084,116792,1505268,17392.303,1715.213,0,80.057,0,6.004,1725,2210,1.570,1.960,1.490,0,0,0,0,0,35,309,0,10,0
15-04 15:11:55,3.505,1.001,93.890,0,0,6125900,242084,116800,1505260,12791.102,1622.423,0,48.072,0,6.009,1652,2243,1.570,1.960,1.490,1,0,0,0,0,35,309,0,10,0
15-04 15:11:56,2.501,1.000,95.277,0,0,6125892,242084,116800,1505268,9543.675,1620.454,0,0,0,0,1489,2081,1.570,1.960,1.490,0,0,0,0,0,35,309,0,10,0
15-04 15:11:57,2.513,0.251,95.489,0,0.251,6125888,242084,116800,1505272,16621.147,1628.342,0,32.165,0,3.015,1500,2051,1.570,1.960,1.490,0,0,0,0,0,35,309,0,10,0
15-04 15:11:58,3.502,1.000,95.294,0,0,6125880,242084,116804,1505276,11952.534,1458.675,0,312.145,0,55.025,1696,2204,1.570,1.960,1.490,2,0,1.000,0,0,35,309,0,10,0
15-04 15:11:59,3.737,0.997,93.424,0.498,0,6125796,242084,116836,1505328,17371.298,1614.359,47.833,143.499,0.997,15.944,1948,2565,1.440,1.930,1.480,0,0,0.997,0,0,35,309,0,10,0
15-04 15:12:00,3.745,1.248,93.375,0,0,6125988,241832,116868,1505356,12876.781,1617.837,31.957,595.204,1.997,48.935,2116,2887,1.440,1.930,1.480,5,0,0.999,0,0,35,309,0,10,0
15-04 15:12:01,3.007,1.002,94.209,0.251,0,6125872,241832,116928,1505412,8090.925,1623.597,32.071,220.488,2.004,26.058,1804,2587,1.440,1.930,1.480,0,0,0,0,0,35,309,0,10,0
15-04 15:12:02,2.993,0.249,94.543,0.249,0,6125864,241832,116936,1505412,19461.301,1616.453,0,107.764,0,7.982,1640,2147,1.440,1.930,1.480,1,0,0,0,0,35,309,0,10,0
15-04 15:12:03,3.000,1.250,94.502,0,0.250,6125828,241832,116956,1505428,13045.293,1620.036,0,380.009,0,23.001,1658,2259,1.440,1.930,1.480,0,0,0,0,0,35,309,0,10,0
15-04 15:12:04,3.006,1.252,94.688,0,0,6125824,241832,116960,1505428,18388.456,1623.218,0,32.064,0,3.006,1684,2174,1.330,1.890,1.470,0,0,0,0,0,35,309,0,10,0
15-04 15:12:05,11.228,3.992,82.836,0.250,0,6105384,262236,116976,1505448,12791.749,1682.678,15.968,227.551,0.998,14.970,3149,7174,1.330,1.890,1.470,0,0,35.929,0,0,35,309,0,11,0
15-04 15:12:06,2.748,1.249,94.670,0,0,6105372,262236,116988,1505448,19046.876,1618.630,0,167.858,0,10.991,1690,2260,1.330,1.890,1.470,0,0,0,0,0,35,309,0,10,0
15-04 15:12:07,3.508,1.002,93.957,0.251,0,6105364,262236,116996,1505448,12709.034,1623.581,0,36.080,0,4.009,1709,2394,1.330,1.890,1.470,0,0,0,0,0,35,309,0,10,0
15-04 15:12:08,4.985,1.246,91.480,0.499,0,6105756,261736,117060,1505492,26122.896,1453.709,31.906,1443.739,1.994,265.217,2504,3003,1.330,1.890,1.470,0,0,1.994,0,0,35,309,0,10,0
15-04 15:12:09,3.758,1.002,93.940,0,0,6105728,261736,117088,1505492,11128.477,1623.279,0,220.445,0,18.036,1652,2264,1.220,1.860,1.460,0,0,0,0,0,35,309,0,10,0
15-04 15:12:10,3.991,2.245,91.542,0.249,0,6105916,261484,117120,1505524,18858.091,1616.322,31.927,211.519,1.995,22.948,2096,2687,1.220,1.860,1.460,0,0,5.986,0,0,35,309,0,10,0
15-04 15:12:11,3.511,1.254,93.041,0,0,6106124,261244,117148,1505528,83599.380,1797.620,0,216.677,0,24.075,2376,2527,1.220,1.860,1.460,1,0,0,0,0,35,311,0,11,0
15-04 15:12:12,4.259,1.503,93.949,0,0,6106364,260992,117160,1505528,17829.703,1623.433,0,148.314,0,9.019,1608,2129,1.220,1.860,1.460,0,0,0,0,0,35,309,0,12,0
15-04 15:12:13,3.740,0.748,94.236,0.249,0,6106332,260992,117192,1505528,17434.117,1615.470,0,279.217,0,21.938,1663,2212,1.220,1.860,1.460,0,0,0,0,0,35,309,0,12,0
15-04 15:12:14,3.001,1.000,93.781,0,0,6106540,260740,117216,1505548,32166.543,1892.620,16.005,84.028,1.000,12.004,2005,2550,1.120,1.830,1.450,0,0,1.000,0,0,35,309,0,12,0
15-04 15:12:15,3.495,0.999,93.120,0.250,0,6106472,260740,117280,1505552,80912.761,1617.736,0,311.564,0,28.959,1925,2530,1.120,1.830,1.450,1,0,0.999,0,0,35,309,0,10,0
15-04 15:12:16,3.003,0.751,94.593,0,0,6106472,260740,117280,1505552,9964.772,1501.472,0,0,0,0,1610,2257,1.120,1.830,1.450,0,0,0,0,0,35,309,0,10,0
15-04 15:12:17,2.750,1.000,94.746,0,0,6106472,260740,117280,1505552,23479.006,1791.924,0,4.000,0,1.000,1647,2099,1.120,1.830,1.450,0,0,0,0,0,35,309,0,10,0
15-04 15:12:18,4.249,1.500,92.485,0.250,0,6106432,260740,117316,1505556,18264.005,1619.734,0,463.924,0,58.990,2052,2530,1.120,1.830,1.450,0,0,1.000,0,0,35,309,0,10,0
15-04 15:12:19,3.261,1.254,94.556,0,0,6106432,260740,117316,1505556,12786.317,1625.252,0,0,0,0,1577,2099,1.030,1.800,1.440,0,0,0,0,0,35,309,0,10,0
15-04 15:12:20,8.229,2.992,87.028,0,0,6148740,217404,117316,1506584,101216.423,1615.872,0,11.969,0,2.992,2502,2588,1.030,1.800,1.440,0,0,3.990,0,0,35,309,0,10,0
15-04 15:12:21,5.744,1.249,89.909,0.250,0,6148824,217292,117344,1506584,19080.727,1618.365,0,287.709,0,23.976,2304,3014,1.030,1.800,1.440,0,0,0,0,0,35,309,0,10,0
15-04 15:12:22,7.247,2.499,88.957,0,0,6172428,194704,117348,1505564,17121.811,1661.206,0,71.966,0,4.998,2163,2609,1.030,1.800,1.440,0,0,0,0,0,35,309,0,10,0
15-04 15:12:23,2.503,1.001,94.367,0,0,6161572,205552,117352,1505568,25581.634,1754.169,4.005,132.163,1.001,9.011,1750,2245,1.030,1.800,1.440,0,0,0,0,0,35,308,0,10,0
15-04 15:12:24,3.501,1.000,94.033,0.250,0,6155532,211588,117356,1505568,9121.190,2127.744,0,1404.491,0,266.093,1678,2264,0.950,1.770,1.440,0,0,0,0,0,35,309,0,10,0
15-04 15:12:25,21.197,5.985,70.574,0,0,6201600,165500,117372,1505572,16347.336,1454.382,510.730,135.663,3.990,25.935,3065,2594,0.950,1.770,1.440,1,0,5.985,0,0,35,309,0,10,0
15-04 15:12:26,22.794,5.761,70.637,0,0,6198512,168584,117372,1505576,29840.018,1623.156,512.997,0,4.008,0,3040,2449,0.950,1.770,1.440,0,0,6.012,0,0,35,309,0,10,0
15-04 15:12:27,5.251,1.250,91.516,0,0,6175912,191180,117372,1505580,9028.575,1620.283,0,0,0,0,1744,2084,0.950,1.770,1.440,0,0,0,0,0,35,309,0,9,0
15-04 15:12:28,2.989,1.245,94.406,0,0,6169044,198048,117372,1505580,17107.573,1614.110,0,0,0,0,1654,2125,0.950,1.770,1.440,0,0,0.996,0,0,35,309,0,9,0
15-04 15:12:29,3.522,1.258,94.346,0,0,6161960,205092,117396,1505596,12457.687,1630.298,16.102,96.610,1.006,14.089,1754,2456,0.870,1.740,1.430,0,0,1.006,0,0,35,309,0,9,0
15-04 15:12:30,2.994,1.248,93.572,0.250,0,6156400,210616,117412,1505616,17288.096,1616.923,15.970,255.514,0.998,23.954,1785,2420,0.870,1.740,1.430,2,0,0.998,0,0,35,309,0,9,0
15-04 15:12:31,3.998,1.249,93.458,0,0,6153688,213220,117436,1505700,13521.982,1619.279,15.993,207.907,1.000,25.988,1842,2552,0.870,1.740,1.430,0,0,0,0,0,35,309,0,9,0
15-04 15:12:32,2.999,0.750,94.479,0,0,6151952,214956,117436,1505700,14838.695,1619.639,0,0,0,0,1547,2141,0.870,1.740,1.430,0,0,0,0,0,35,309,0,9,0
15-04 15:12:33,3.249,1.000,94.474,0,0,6151696,215208,117436,1505704,16733.412,1619.556,0,0,0,0,1715,2255,0.870,1.740,1.430,3,0,0,0,0,35,309,0,9,0
15-04 15:12:34,3.251,1.250,94.024,0.250,0,6151604,215272,117464,1505704,13439.460,1458.375,0,252.065,0,19.005,1639,2237,0.800,1.710,1.420,0,0,2.001,0,0,35,309,0,9,0
15-04 15:12:35,3.250,1.000,94.502,0,0,6151388,215488,117464,1505704,10190.202,1620.032,0,4.000,0,1.000,1522,2137,0.800,1.710,1.420,0,0,0,0,0,35,309,0,8,0
15-04 15:12:36,2.747,0.499,93.884,0,0,6151384,215488,117464,1505708,23642.679,1617.993,0,23.970,0,5.993,1661,2162,0.800,1.710,1.420,0,0,0,0,0,35,309,0,8,0
15-04 15:12:37,6.756,3.253,89.082,0,0,6150112,216620,117476,1505836,14492.265,1663.523,0,60.055,0,6.005,3397,5055,0.800,1.710,1.420,0,0,3.003,0,0,35,309,0,8,0
15-04 15:12:38,5.748,1.499,90.966,0,0,6150072,216652,117476,1505844,19368.701,1619.390,0,0,0,0,2122,2617,0.800,1.710,1.420,0,0,2.999,0,0,35,309,0,10,0
15-04 15:12:39,5.250,1.250,92.252,0.250,0,6150016,216652,117512,1505864,12443.214,1620.028,16.000,228.004,1.000,19.000,2029,2728,0.820,1.700,1.420,0,0,1.000,0,0,35,309,0,7,0
15-04 15:12:40,3.504,1.502,94.100,0.250,0.250,6150008,216652,117520,1505864,10404.061,1621.724,0,1221.298,0,232.247,1706,2203,0.820,1.700,1.420,0,0,0,0,0,35,309,0,7,0
15-04 15:12:41,4.230,0.498,92.059,0.249,0,6149936,216652,117560,1505896,18268.471,1612.275,15.924,306.531,0.995,28.862,2031,2630,0.820,1.700,1.420,1,0,0,0,0,35,310,0,9,0
15-04 15:12:42,3.266,1.507,95.221,0,0,6149936,216652,117560,1505896,12849.580,1628.056,0,188.935,0,17.085,1543,2100,0.820,1.700,1.420,0,0,0,0,0,35,309,0,9,0
15-04 15:12:43,3.248,1.249,93.702,0.250,0,6149908,216652,117588,1505896,17329.193,1457.259,0,287.854,0,20.989,1695,2214,0.820,1.700,1.420,1,0,0,0,0,35,309,0,7,0
15-04 15:12:44,3.249,1.499,93.717,0,0,6149868,216652,117608,1505916,15956.341,1619.426,15.994,83.970,1.000,11.996,1837,2482,0.750,1.670,1.410,0,0,1.000,0,0,35,309,0,7,0
15-04 15:12:45,3.751,1.000,93.033,0,0,6149844,216652,117624,1505924,86941.286,1620.583,16.006,268.096,1.000,20.007,2023,2450,0.750,1.670,1.410,0,0,1.000,0,0,35,309,0,7,0
15-04 15:12:46,2.750,1.000,94.240,0,0,6149696,216652,117636,1506060,15626.378,1619.832,0,55.994,0,5.999,1762,2479,0.750,1.670,1.410,0,0,0,0,0,35,309,0,7,0
15-04 15:12:47,3.498,0.750,94.439,0,0,6149696,216652,117636,1506060,9284.000,1618.954,0,3.997,0,0.999,1466,2114,0.750,1.670,1.410,1,0,0,0,0,35,309,0,7,0
15-04 15:12:48,3.752,1.251,93.558,0.250,0,6149664,216652,117660,1506068,10433.509,1621.011,0,300.187,0,23.014,1917,2494,0.750,1.670,1.410,0,0,1.001,0,0,35,309,0,7,0
15-04 15:12:49,3.250,1.000,94.744,0,0,6149664,216652,117660,1506068,19476.855,1619.905,0,0,0,0,1686,2126,0.850,1.680,1.410,0,0,0,0,0,35,309,0,7,0
15-04 15:12:50,5.493,1.997,90.384,0,0,6159744,206572,117660,1506068,81826.851,1659.867,0,1146.527,0,231.702,2061,2234,0.850,1.680,1.410,1,0,0,0,0,35,309,0,7,0
15-04 15:12:51,3.507,1.002,93.440,0.251,0,6158936,207320,117700,1506088,22351.331,1689.426,16.033,352.715,1.002,29.059,1851,2554,0.850,1.680,1.410,2,0,0,0,0,35,309,0,7,0
15-04 15:12:52,3.995,0.749,93.394,0,0,6153464,212780,117708,1506092,16146.658,1456.346,0,35.959,0,3.995,1727,2325,0.850,1.680,1.410,0,0,0,0,0,35,309,0,7,0
15-04 15:12:53,3.251,1.500,93.767,0,0,6151776,214424,117712,1506132,16461.030,1620.298,4.001,96.018,1.000,6.001,1729,2239,0.850,1.680,1.410,0,0,1.000,0,0,35,309,0,7,0
15-04 15:12:54,3.253,0.501,94.347,0,0,6149888,216300,117724,1506132,13023.451,1715.772,0,48.050,0,6.006,1601,2194,0.860,1.660,1.410,0,0,0,0,0,35,309,0,7,0
15-04 15:12:55,2.993,1.497,93.791,0.249,0,6148448,217740,117732,1506124,9502.824,1616.398,0,67.849,0,6.984,1648,2219,0.860,1.660,1.410,0,0,0,0,0,35,309,0,7,0
15-04 15:12:56,2.758,0.752,95.269,0,0,6148352,217828,117732,1506132,9996.277,1666.715,0,0,0,0,1449,2035,0.860,1.660,1.410,0,0,0,0,0,35,309,0,7,0
15-04 15:12:57,2.493,0.499,95.229,0,0,6148072,218108,117732,1506132,17021.474,1615.395,0,0,0,0,1522,2098,0.860,1.660,1.410,0,0,0,0,0,35,309,0,7,0
15-04 15:12:58,2.763,1.256,95.445,0,0,6148324,217856,117732,1506132,12935.251,1627.581,0,116.543,0,26.122,1545,2184,0.860,1.660,1.410,0,0,1.005,0,0,35,309,0,7,0
15-04 15:12:59,2.990,0.747,94.431,0,0,6148128,218028,117752,1506136,17117.234,1614.551,0,87.704,0,12.956,1818,2523,0.800,1.640,1.400,0,0,0,0,0,35,309,0,7,0
15-04 15:13:00,3.754,0.501,93.857,0.501,0,6147900,218220,117788,1506136,12584.337,1621.848,0,336.383,0,28.032,1881,2539,0.800,1.640,1.400,0,0,0,0,0,35,309,0,7,0
15-04 15:13:01,3.244,0.998,94.082,0,0,6148020,218060,117808,1506156,16908.780,1455.399,0,83.850,0,11.979,1899,2635,0.800,1.640,1.400,0,0,0,0,0,35,309,0,7,0
15-04 15:13:02,2.750,0.750,95.746,0,0,6147988,218092,117808,1506156,13313.467,1619.935,0,0,0,0,1523,2108,0.800,1.640,1.400,2,0,0,0,0,35,309,0,7,0
15-04 15:13:03,3.260,1.003,94.795,0,0,6147968,218092,117828,1506156,8686.030,1625.057,0,320.999,0,23.072,1664,2388,0.800,1.640,1.400,0,0,0,0,0,35,309,0,7,0
15-04 15:13:04,3.239,0.997,94.690,0,0,6147968,218092,117828,1506156,16564.702,1614.707,0,0,0,0,1600,2106,0.730,1.610,1.400,0,0,0,0,0,35,309,0,7,0
15-04 15:13:05,10.274,4.510,83.692,0,0,6135296,230764,117828,1506156,13560.088,1623.723,0,4.009,0,1.002,2995,8337,0.730,1.610,1.400,0,0,36.083,0,0,35,309,0,8,0
15-04 15:13:06,2.749,0.500,94.951,0,0,6133472,232588,117828,1506156,9173.314,1619.173,0,631.677,0,130.933,1519,2183,0.730,1.610,1.400,0,0,0,0,0,35,309,0,8,0
15-04 15:13:07,3.245,0.998,93.603,0,0,6133472,232588,117828,1506156,17714.167,1617.459,0,0,0,0,1721,2344,0.730,1.610,1.400,0,0,0,0,0,35,309,0,8,0
15-04 15:13:08,3.003,1.251,94.083,0,0,6133444,232616,117828,1506156,16932.922,1753.545,0,0,0,0,1680,2268,0.730,1.610,1.400,1,0,1.001,0,0,35,308,0,7,0
15-04 15:13:09,2.999,0.750,93.729,0.500,0,6133392,232644,117844,1506164,17099.160,1619.636,0,179.960,0,25.994,1690,2203,0.670,1.580,1.390,0,0,0,0,0,35,308,0,7,0
15-04 15:13:10,12.012,3.754,79.578,3.003,0,6127864,236228,117912,1508044,12745.545,2129.096,1957.927,376.370,60.059,38.037,3381,4323,0.670,1.580,1.390,2,0,10.010,0,0,35,309,0,7,0
15-04 15:13:11,3.510,1.003,93.274,0.251,0,6127816,235988,117964,1508280,9071.660,1462.297,0,770.264,0,54.159,1939,2787,0.670,1.580,1.390,2,0,0,0,0,35,309,1,9,0
15-04 15:13:12,3.733,0.996,94.082,0,0,6127816,235988,117964,1508280,17072.067,1612.826,0,3.982,0,0.996,1620,2116,0.670,1.580,1.390,0,0,0,0,0,35,309,0,7,0
15-04 15:13:13,3.503,0.751,93.819,0,0,6127816,235988,117964,1508280,21750.101,1621.200,0,0,0,0,1727,2135,0.670,1.580,1.390,0,0,0,0,0,35,309,0,7,0
15-04 15:13:14,3.500,1.500,93.512,0.250,0,6127804,235988,117980,1508276,21398.724,1620.206,0,116.015,0,12.002,1907,2505,0.620,1.560,1.380,0,0,0,0,0,35,309,0,7,0
15-04 15:13:15,3.501,0.500,93.772,0,0,6127752,235988,118004,1508304,79961.926,1620.384,16.004,68.016,1.000,10.002,1779,2283,0.620,1.560,1.380,1,0,0,0,0,35,309,0,7,0
15-04 15:13:16,3.000,1.500,94.737,0,0,6127748,235988,118008,1508304,9030.756,1661.771,0,23.997,0,3.999,1668,2351,0.620,1.560,1.380,0,0,0,0,0,35,309,0,7,0
15-04 15:13:17,2.748,0.999,94.437,0,0,6127748,235988,118008,1508304,19110.159,1618.912,0,1251.159,0,251.831,1707,2128,0.620,1.560,1.380,0,0,0,0,0,35,309,0,7,0
15-04 15:13:18,4.000,1.500,91.755,0.500,0,6127680,235988,118068,1508312,13046.718,1620.089,0,572.031,0,48.003,2122,2921,0.620,1.560,1.380,0,0,0,0,0,35,309,0,7,0
15-04 15:13:19,3.251,0.750,94.538,0,0,6127676,235988,118068,1508316,25069.134,1620.655,0,0,0,0,1680,2075,0.730,1.560,1.380,0,0,1.000,0,0,35,309,0,7,0
15-04 15:13:20,7.998,3.249,87.483,0.250,0,6159528,203088,118084,1509348,85027.061,1457.710,0,139.972,0,11.998,2278,2463,0.730,1.560,1.380,0,0,3.999,0,0,35,309,0,7,0
15-04 15:13:21,5.503,1.501,90.547,0,0,6159724,202848,118112,1509364,16429.558,1620.844,16.008,248.129,1.001,23.012,2254,3001,0.730,1.560,1.380,1,0,0,0,0,35,309,0,7,0
15-04 15:13:22,8.002,2.250,87.769,0,0,6165732,197864,118112,1508340,67413.334,1834.390,0,40.009,0,5.001,2649,2693,0.730,1.560,1.380,0,0,0,0,0,35,309,0,7,0
15-04 15:13:23,3.997,1.249,92.679,0.250,0.500,6162624,200952,118128,1508344,17390.667,2544.050,3.997,115.911,0.999,9.992,1726,2266,0.730,1.560,1.380,0,0,0,0,0,35,310,0,7,0
15-04 15:13:24,3.251,1.000,93.786,0,0,6159804,203756,118144,1508344,25475.676,3268.241,0,108.041,0,7.003,1718,2189,0.670,1.540,1.380,1,0,0,0,0,35,309,0,8,1
15-04 15:13:25,22.501,5.750,70.753,0,0,6188632,174868,118160,1508388,78913.308,3789.159,256.011,56.002,2.000,6.000,3197,2591,0.670,1.540,1.380,1,0,5.000,0,0,35,309,0,8,0
15-04 15:13:26,21.541,5.511,70.635,0,0,6189880,173308,118160,1508700,345889.475,12335.590,512.981,280.536,4.008,36.069,3294,2570,0.670,1.540,1.380,1,0,6.011,0,0,35,309,0,8,0
15-04 15:13:27,7.702,2.484,88.443,0,0,6177408,185104,118160,1509376,725830.639,17159.995,254.399,0,1.987,0,2634,2415,0.670,1.540,1.380,1,0,0.994,0,0,35,309,0,8,0
15-04 15:13:28,4.522,1.256,91.939,0,0,6172872,188524,118184,1510468,1211194.117,22770.743,0,132.633,0,12.058,3362,2857,0.670,1.540,1.380,0,0,0,0,0,35,309,0,8,0
15-04 15:13:29,5.008,1.753,90.389,0.250,0,6165028,194788,118236,1511996,1614950.214,33425.272,32.049,188.289,2.003,25.038,4088,3820,0.620,1.510,1.370,0,0,1.002,0,0,35,309,0,8,0
15-04 15:13:30,4.251,2.001,90.776,0,0,6158864,198880,118276,1514028,2183868.764,42316.319,16.005,380.111,1.000,30.009,4396,3464,0.620,1.510,1.370,0,0,0,0,0,35,309,0,8,0
15-04 15:13:31,7.739,3.245,85.877,0.250,0,6163228,191920,118292,1516608,2789554.911,57551.701,15.977,99.857,0.999,13.980,5760,4751,0.620,1.510,1.370,0,0,0.999,0,0,35,309,0,8,0
15-04 15:13:32,5.493,1.998,90.640,0,0,6158908,193216,118292,1519632,3262368.260,67662.728,0,0,0,0,4952,4553,0.620,1.510,1.370,1,0,0,0,0,35,309,0,8,0
15-04 15:13:33,4.982,1.993,88.672,0.498,0,6154616,194024,118320,1523088,3881789.501,82618.506,0,1805.325,0,307.862,7179,5585,0.620,1.510,1.370,1,0,0,0,0,35,309,0,8,0
15-04 15:13:34,5.525,2.763,89.409,0,0,6149768,194752,118320,1527208,4285017.147,94343.073,0,0,0,0,7285,5302,0.970,1.570,1.390,1,0,2.009,0,0,35,309,0,8,0
15-04 15:13:35,6.269,2.257,88.018,0,0,6144268,196168,118320,1531292,4639568.012,103543.771,0,4.012,0,1.003,8270,5779,0.970,1.570,1.390,1,0,0,0,0,35,309,0,8,0
15-04 15:13:36,4.737,2.743,87.764,0,0,6139032,196168,118320,1536528,5480183.391,118996.293,0,8261.803,0,35.904,8651,7298,0.970,1.570,1.390,0,0,0,0,0,35,309,0,8,0
15-04 15:13:37,7.731,3.741,85.292,0,0,6133476,196168,118332,1542072,5921167.082,126677.714,0,83.796,0,5.985,8366,7677,0.970,1.570,1.390,0,0,0.998,0,0,35,309,0,8,0
15-04 15:13:38,10.012,5.256,80.347,0,0,6169156,154336,118332,1548224,6484414.779,145925.932,0,0,0,0,12478,11349,0.970,1.570,1.390,1,0,2.002,0,0,35,309,0,8,0
15-04 15:13:39,8.494,3.248,84.190,0,0,6167620,150300,118372,1553756,6040486.483,129025.863,0,183.869,0,17.987,9174,7736,0.890,1.540,1.380,0,0,2.998,0,0,35,309,0,10,0
15-04 15:13:40,7.770,3.760,85.468,0,0,6164868,145764,118400,1561016,7733521.124,165454.865,0,188.482,0,18.046,11708,10259,0.890,1.540,1.380,1,0,1.003,0,0,35,309,0,10,0
15-04 15:13:41,6.961,3.729,85.522,0,0,6161232,141984,118424,1568408,7874323.429,168012.318,15.911,49264.467,0.994,91.488,12297,10620,0.890,1.540,1.380,2,0,0,0,0,35,311,0,9,0
15-04 15:13:42,5.292,3.024,87.951,0,0.252,6158032,137476,118424,1576116,8343688.552,178900.488,0,4.032,0,1.008,12478,11206,0.890,1.540,1.380,0,0,0,0,0,35,309,0,10,0
15-04 15:13:43,5.481,3.488,87.204,0.498,0,6158244,128904,118452,1584448,8929872.065,205456.200,0,1718.165,0,241.181,11362,12433,0.890,1.540,1.380,1,0,0,0,0,35,309,0,10,0
15-04 15:13:44,6.267,4.011,85.988,0,0,6152296,143272,117928,1577052,8946516.391,189159.645,16.044,108.300,1.003,14.039,12253,10539,0.820,1.520,1.370,0,0,0,0,0,35,309,0,10,0
15-04 15:13:45,5.756,3.253,85.842,0.250,0,6156184,130852,117964,1585548,9124441.734,199026.688,16.017,256.274,1.001,21.022,13662,12178,0.820,1.520,1.370,0,0,0,0,0,35,309,0,8,0
15-04 15:13:46,6.242,2.747,86.895,0,0,6155180,139920,117384,1578408,9015519.750,199672.585,0,35.957,0,3.995,11201,12348,0.820,1.520,1.370,0,0,0,0,0,35,309,0,8,0
15-04 15:13:47,6.455,3.724,85.905,0.248,0,6154524,148620,117136,1571264,8956539.552,197816.992,7.945,43.698,0.993,3.973,11776,12020,0.820,1.520,1.370,0,0,0,0,0,35,309,0,8,0
15-04 15:13:48,6.264,2.506,87.202,0,0,6154544,140072,117172,1579756,9061541.228,204581.058,64.148,288.667,3.007,27.063,11526,12731,0.820,1.520,1.370,1,0,0,0,0,35,309,0,8,0
15-04 15:13:49,5.999,3.499,87.232,0,0,6153984,132260,117204,1588096,8959387.639,203412.603,0,299.939,0,20.996,11519,12002,0.830,1.510,1.370,1,0,1.000,0,0,35,309,0,8,0
15-04 15:13:50,9.003,5.502,81.781,0,0,6166296,161892,112300,1552912,9082362.620,206322.751,0,4.002,0,1.000,12836,12237,0.830,1.510,1.370,0,0,0,0,0,35,309,0,8,0
15-04 15:13:51,5.768,3.762,85.768,0.502,0,6171788,148048,112332,1561232,9118264.440,197679.159,0,316.990,0,23.072,13997,12108,0.830,1.510,1.370,0,0,0,0,0,35,309,0,8,0
15-04 15:13:52,8.492,4.746,82.674,0.250,0,6162268,164744,109060,1557800,9128521.566,214285.510,3.996,159.853,0.999,15.985,12550,12856,0.830,1.510,1.370,1,0,0.999,0,0,35,309,0,9,0
15-04 15:13:53,6.218,2.984,85.553,0,0,6161244,157716,109064,1565848,8532928.653,193582.175,7.958,191.002,1.990,9.948,12001,10279,0.830,1.510,1.370,0,0,0,0,0,35,309,0,9,0
15-04 15:13:54,6.778,3.264,86.109,0.251,0,6161168,149088,109076,1574540,9388661.710,204185.453,0,1048.372,0,213.892,11634,11754,0.770,1.480,1.360,1,0,0,0,0,35,309,0,9,0
15-04 15:13:55,5.762,2.756,86.677,0,0.251,6159236,143040,109096,1582500,8591450.422,189203.466,0,88.180,0,9.018,11837,11536,0.770,1.480,1.360,0,0,0,0,0,35,309,0,9,0
15-04 15:13:56,5.751,2.250,87.768,0,0,6158752,134984,109096,1591024,9167584.862,196822.531,0,0,0,0,11402,12263,0.770,1.480,1.360,2,0,0,0,0,35,309,0,9,0
15-04 15:13:57,6.004,3.002,87.052,0,0,6158708,142636,103584,1589256,9210239.274,202176.233,0,16613.880,0,60.036,11263,11871,0.770,1.480,1.360,2,0,0,0,0,35,309,0,9,0
15-04 15:13:58,6.220,2.488,86.085,0,0,6158092,134780,103600,1597696,9022822.238,196742.057,0,59.712,0,5.971,11418,12051,0.770,1.480,1.360,0,0,0,0,0,35,309,0,9,0
15-04 15:13:59,6.747,2.749,87.467,0.500,0,6155896,128984,103616,1605656,8529111.019,179716.868,27.990,107.960,2.999,12.995,11975,11186,0.700,1.460,1.350,0,0,1.000,0,0,35,309,0,9,0
15-04 15:14:00,6.788,3.268,85.983,0,0,6155544,136772,103224,1598772,9266478.283,200504.286,16.090,317.785,1.006,30.169,13654,12191,0.700,1.460,1.350,0,0,0,0,0,35,309,0,9,0
15-04 15:14:01,5.757,2.753,87.104,0,0,6155272,128704,103260,1607076,9023423.608,199243.911,48.057,8422.057,1.001,45.054,11563,12317,0.700,1.460,1.350,0,0,0,0,0,35,309,0,9,0
15-04 15:14:02,5.476,4.729,86.124,0,0,6155072,136016,103068,1600448,8970217.094,204077.477,0,150411.656,0,169.261,11909,12358,0.700,1.460,1.350,1,0,0,0,0,35,309,0,9,0
15-04 15:14:03,5.772,2.760,88.835,0.251,0,6154836,128484,103096,1608188,8633378.553,193433.642,0,417.575,0,26.098,10947,11407,0.700,1.460,1.350,0,0,0,0,0,35,309,0,9,0
15-04 15:14:04,4.484,2.242,91.185,0,0,6153644,142836,102428,1596052,3169896.200,79742.369,0,0,0,0,5099,4889,0.650,1.430,1.350,1,0,0,0,0,35,309,0,9,0
15-04 15:14:05,11.964,5.733,79.259,0,0,6156844,165264,102316,1571132,5903240.446,125979.498,15.952,853.409,0.997,158.519,9633,13749,0.650,1.430,1.350,1,0,35.891,0,0,35,309,0,9,0
15-04 15:14:06,6.276,1.757,87.864,0.251,0,6156696,156936,102324,1579600,9085475.668,196302.754,16.067,180.748,1.004,11.046,10895,11816,0.650,1.430,1.350,1,0,0,0,0,35,309,0,9,0
15-04 15:14:07,5.505,2.752,88.323,0,0,6156700,149364,102328,1587164,8144947.225,178480.334,4.003,44.037,1.001,4.003,10170,11081,0.650,1.430,1.350,1,0,0,0,0,35,309,0,9,0
15-04 15:14:08,7.964,2.986,84.365,0.249,0,6156104,141296,102380,1595776,9193196.066,194950.771,15.927,195.110,0.995,24.886,12695,12675,0.650,1.430,1.350,1,0,0.995,0,0,35,309,0,9,0
15-04 15:14:09,5.787,3.019,87.056,0.252,0,6156432,133232,102392,1603500,8370269.225,179539.239,0,56.360,0,6.039,10491,10754,0.600,1.410,1.340,1,0,3.019,0,0,35,309,0,9,0
15-04 15:14:10,6.241,3.745,85.629,0,0,6157420,139312,102404,1596620,9392676.556,202018.535,0,71.898,0,5.992,14197,12716,0.600,1.410,1.340,1,0,5.992,0,0,35,309,0,9,0
15-04 15:14:11,7.752,3.751,85.019,0.250,0,6157596,130552,102476,1605132,8965687.315,190914.722,24.005,700.157,3.001,63.014,11921,11723,0.600,1.410,1.340,2,0,0,0,0,35,311,0,10,0
15-04 15:14:12,7.231,2.493,85.770,0,0,6151252,144628,102480,1597724,8807898.950,191248.783,0,119.679,0,5.984,10923,11159,0.600,1.410,1.340,1,0,0,0,0,35,309,0,11,0
15-04 15:14:13,5.995,2.997,86.924,0,0,6150980,136060,102480,1606548,9479662.259,202470.176,0,0,0,0,12735,12476,0.600,1.410,1.340,0,0,0,0,0,35,309,0,9,0
15-04 15:14:14,6.280,2.763,86.409,0.502,0,6147916,131080,102508,1614548,8568718.062,175316.902,72.342,100.475,4.019,12.057,11089,10323,0.630,1.400,1.340,1,0,0,0,0,35,309,0,9,0
15-04 15:14:15,7.509,3.504,85.097,0.250,0,6150044,134828,102540,1608776,8979277.731,190552.516,16.018,312.355,1.001,26.030,11517,11570,0.630,1.400,1.340,0,0,0,0,0,35,309,0,9,0
15-04 15:14:16,4.971,3.480,86.005,0,0,6150616,170964,102036,1573244,9363155.078,206101.972,0,55.680,0,5.966,11660,12656,0.630,1.400,1.340,0,0,0,0,0,35,309,0,9,0
15-04 15:14:17,5.273,3.264,87.383,0,0.251,6145800,167532,102036,1581492,8925676.796,194582.759,0,8.035,0,2.009,10820,11830,0.630,1.400,1.340,1,0,0,0,0,35,309,0,9,0
15-04 15:14:18,7.475,3.488,84.961,0,0,6144924,159980,102064,1589892,9020714.871,202601.757,0,302.969,0,22.922,13219,11313,0.630,1.400,1.340,3,0,0,0,0,35,309,0,9,0
15-04 15:14:19,6.024,3.012,86.842,0,0,6143764,152668,102064,1598364,9150911.748,208382.189,0,0,0,0,12479,11670,0.580,1.380,1.330,1,0,1.004,0,0,35,309,0,9,0
15-04 15:14:20,7.997,4.498,83.466,0,0,6169528,148984,102064,1576496,8900929.536,194274.368,0,1175.518,0,224.908,12016,11456,0.580,1.380,1.330,1,0,1.999,0,0,35,309,0,9,0
15-04 15:14:21,9.255,5.003,82.291,0.250,0,6185412,141144,102104,1568548,8084012.403,169063.687,0,20974.506,0,85.043,11311,11113,0.580,1.380,1.330,0,0,3.002,0,0,35,309,0,9,0
15-04 15:14:22,7.461,2.487,85.797,0,0,6175392,144688,102104,1575024,7002844.073,146728.881,0,0,0,0,10547,10014,0.580,1.380,1.330,0,0,0,0,0,35,309,0,9,0
15-04 15:14:23,8.040,3.266,86.686,0,0,6164744,168236,102112,1562208,3532730.198,80071.088,0,92.465,0,6.030,5711,4037,0.580,1.380,1.330,1,0,0,0,0,35,309,0,9,0
15-04 15:14:24,6.240,2.746,87.864,0.250,0,6163112,163876,102128,1568184,6359193.016,130517.611,11.981,187.709,2.995,14.977,9170,7975,0.530,1.360,1.320,0,0,0,0,0,35,309,0,9,0
15-04 15:14:25,25.969,7.990,62.924,0.250,0,6187348,148184,102144,1559864,7441039.101,155413.988,259.688,149184.484,2.996,191.769,10917,9908,0.530,1.360,1.320,4,0,4.994,0,0,35,309,0,9,0
15-04 15:14:26,23.829,7.274,67.473,0,0,6192468,151248,102140,1551976,7751271.679,163414.733,513.700,874.895,4.013,186.618,14453,10951,0.530,1.360,1.320,1,0,6.020,0,0,35,309,0,8,0
15-04 15:14:27,12.957,4.236,79.484,0,0,6170388,165732,102140,1559572,8147513.602,172962.338,255.145,0,1.993,0,12947,11147,0.530,1.360,1.320,1,0,0.997,0,0,35,309,0,8,0
15-04 15:14:28,5.263,2.256,87.719,0,0,6166088,161700,102140,1567904,9108230.719,192951.832,0,0,0,0,12136,12039,0.530,1.360,1.320,1,0,0,0,0,35,309,0,8,0
15-04 15:14:29,6.498,2.499,85.973,0,0,6164236,154896,102164,1576536,9095707.922,194651.852,39.987,155.950,3.999,12.996,12259,12205,0.490,1.330,1.320,1,0,1.000,0,0,35,309,0,8,0
15-04 15:14:30,5.253,3.502,87.052,0.250,0,6164128,146576,102208,1584920,9121910.859,215518.643,8.005,284.170,2.001,24.014,12645,12761,0.490,1.330,1.320,0,0,0,0,0,35,309,0,8,0
15-04 15:14:31,7.453,2.733,85.215,0,0.248,6162584,140276,102228,1592744,8205058.058,171373.333,0,103.351,0,13.913,11154,10339,0.490,1.330,1.320,1,0,1.988,0,0,35,309,0,8,0
15-04 15:14:32,6.269,3.761,86.008,0,0,6155004,155172,102240,1585576,9063805.751,195045.812,36.108,88.265,3.009,7.021,11868,12380,0.490,1.330,1.320,0,0,1.003,0,0,35,309,0,8,0
15-04 15:14:33,6.740,3.495,86.367,0,0,6154364,147612,102240,1593776,8849916.304,189728.878,0,0,0,0,14013,11689,0.490,1.330,1.320,1,0,0,0,0,35,309,0,8,0
15-04 15:14:34,5.780,2.764,87.206,0.251,0,6154108,139040,102268,1602576,9274445.619,202578.992,4.021,434.270,1.005,29.152,13620,12745,0.450,1.310,1.310,0,0,2.011,0,0,35,309,0,8,0
15-04 15:14:35,9.223,4.487,81.759,0,0,6155640,144680,102268,1595508,9044623.417,195929.425,0,3.988,0,0.997,13237,13595,0.450,1.310,1.310,1,0,2.991,0,0,35,309,0,8,0
15-04 15:14:36,8.238,3.745,84.131,0,0,6153608,138376,102268,1603844,9118319.395,200992.121,0,0,0,0,12792,12429,0.450,1.310,1.310,1,0,1.997,0,0,35,309,0,8,0
15-04 15:14:37,7.501,3.500,85.260,0,0,6152036,147208,102308,1596612,8816830.183,190319.633,24.003,168.019,3.000,15.002,12738,11911,0.450,1.310,1.310,0,0,1.000,0,0,35,309,0,8,0
15-04 15:14:38,6.242,2.996,86.643,0,0,6152032,138636,102308,1605188,9225260.138,201225.755,0,0,0,0,12474,12198,0.450,1.310,1.310,1,0,0,0,0,35,309,0,8,0
15-04 15:14:39,6.020,3.512,87.042,0,0,6151052,147652,102324,1597172,8484414.079,185066.196,4.013,88.296,1.003,6.020,11065,10780,0.410,1.290,1.300,1,0,1.003,0,0,35,309,0,8,0
15-04 15:14:40,5.988,2.994,86.569,0.249,0,6150800,139084,102348,1605968,9421092.553,208542.846,3.992,395.175,0.998,21.954,13036,12868,0.410,1.290,1.300,0,0,0,0,0,35,309,0,8,0
15-04 15:14:41,6.990,4.244,83.884,0.250,0,6157504,139416,102400,1599016,8989976.255,204164.648,423.417,1749.589,27.961,301.584,12062,12172,0.410,1.290,1.300,2,0,0,0,0,35,311,0,9,0
15-04 15:14:42,5.776,3.265,87.396,0,0,6145476,159392,102408,1591636,8972508.403,211474.378,4.018,92.419,1.005,6.027,11995,12000,0.410,1.290,1.300,0,0,0,0,0,35,309,0,6,0
15-04 15:14:43,6.228,2.740,86.945,0,0,6145444,150844,102408,1600216,9135964.128,204736.665,0,63.776,0,1.993,11324,12279,0.410,1.290,1.300,0,0,0,0,0,35,309,0,6,0
15-04 15:14:44,6.527,3.263,86.357,0.251,0,6144520,143284,102436,1608672,9117236.464,206971.685,24.100,24963.206,3.012,80.332,12933,12285,0.380,1.270,1.290,2,0,0,0,0,35,309,0,6,0
15-04 15:14:45,6.470,3.235,86.353,0.249,0,6143568,153472,102476,1599872,7902622.162,186328.963,23.890,322.517,2.986,23.890,11478,10856,0.380,1.270,1.290,1,0,0,0,0,35,309,0,6,0
15-04 15:14:46,5.754,2.251,89.308,0,0,6143396,148456,102496,1605040,5129180.748,108256.468,0,88.057,0,9.006,7351,7441,0.380,1.270,1.290,0,0,0,0,0,35,309,0,6,0
15-04 15:14:47,4.490,1.995,90.293,0,0,6143684,144928,102496,1608280,3714530.530,75545.039,0,3.991,0,0.998,5930,5166,0.380,1.270,1.290,1,0,0,0,0,35,309,0,6,0
15-04 15:14:48,6.533,5.277,84.928,0.251,0,6144168,182732,102508,1571728,9355617.839,198249.592,4.020,154153.254,1.005,212.069,14246,12372,0.380,1.270,1.290,1,0,0,0,0,35,309,0,6,0
15-04 15:14:49,5.736,2.494,87.287,0,0,6144484,174196,102508,1579948,8810194.582,185406.250,0,0,0,0,10725,11161,0.350,1.250,1.290,0,0,0.998,0,0,35,309,0,6,0
15-04 15:14:50,6.222,2.738,86.615,0,0,6144524,165408,102508,1588696,9449844.578,202941.627,0,0,0,0,11459,12172,0.350,1.250,1.290,0,0,0,0,0,35,309,0,6,0
15-04 15:14:51,8.256,4.253,83.307,0.250,0,6157496,175124,102552,1566392,8375185.431,180070.648,24.016,344.234,3.002,24.016,10818,11586,0.350,1.250,1.290,0,0,0,0,0,35,309,0,6,0
15-04 15:14:52,6.772,4.264,85.282,0,0,6166680,157128,102560,1575196,9506239.501,203084.313,4.013,919.042,1.003,187.621,11742,12585,0.350,1.250,1.290,0,0,0,0,0,35,309,0,6,0
15-04 15:14:53,5.992,3.246,86.635,0,0,6166004,149344,102560,1583656,9042616.933,197350.955,0,15.979,0,1.997,12130,11856,0.350,1.250,1.290,1,0,0,0,0,35,309,0,6,0
15-04 15:14:54,7.009,3.254,85.608,0,0,6157924,164080,102568,1577008,9056761.635,195327.554,8.010,192.242,2.003,14.018,12317,11776,0.400,1.240,1.290,1,0,0,0,0,35,309,0,5,0
15-04 15:14:55,5.995,2.498,86.934,0,0,6158308,155312,102576,1585384,9011475.434,198594.543,0,51.960,0,2.998,11488,11954,0.400,1.240,1.290,2,0,0,0,0,35,309,0,5,0
15-04 15:14:56,5.508,3.005,87.382,0,0,6158432,146992,102580,1593576,9021379.267,203371.135,0,20.030,0,3.005,11332,11878,0.400,1.240,1.290,1,0,0,0,0,35,309,0,5,0
15-04 15:14:57,6.020,3.512,86.033,0,0,6155656,156340,102580,1587088,9134670.622,207350.445,0,0,0,0,13858,11591,0.400,1.240,1.290,1,0,0,0,0,35,309,0,5,0
15-04 15:14:58,5.976,2.739,86.651,0,0.249,6154828,148804,102580,1595452,8970245.605,204266.231,0,7.968,0,0.996,12548,11839,0.400,1.240,1.290,0,0,0,0,0,35,309,0,5,0
15-04 15:14:59,5.991,3.245,86.373,0.250,0.250,6154960,155560,102600,1588628,8886830.053,201912.114,23.965,119.824,2.996,12.981,11683,12088,0.370,1.220,1.280,0,0,0.999,0,0,35,309,0,5,0
15-04 15:15:00,6.492,3.496,85.897,0.499,0,6155328,147004,102636,1596764,8830539.114,198162.110,127.847,287.655,0.999,23.971,11793,11666,0.370,1.220,1.280,0,0,0,0,0,35,309,0,5,0
15-04 15:15:01,6.505,3.753,86.066,0.500,0,6156456,152240,102664,1590392,9053778.927,200805.119,48.037,104.080,6.005,12.009,11635,12611,0.370,1.220,1.280,0,0,3.002,0,0,35,309,0,5,0
15-04 15:15:02,6.025,2.761,88.116,0,0,6154952,160872,102664,1583248,8465545.663,187673.814,0,0,0,0,11494,10585,0.370,1.220,1.280,0,0,0,0,0,35,309,0,5,0
15-04 15:15:03,5.718,2.734,86.261,0,0,6152588,170232,102688,1576996,9266109.961,201035.819,0,9386.763,0,213.787,12627,12641,0.370,1.220,1.280,0,0,0,0,0,35,309,0,5,0
15-04 15:15:04,6.273,2.509,87.325,0,0,6152120,162192,102688,1585504,9187157.875,198968.110,0,0,0,0,12524,12046,0.340,1.200,1.270,1,0,0,0,0,35,309,0,5,0
15-04 15:15:05,9.756,5.003,81.547,0,0,6172616,178264,102692,1551944,8808562.730,191308.367,0,332.192,0,64.037,11794,14369,0.340,1.200,1.270,7,0,36.021,0,0,35,309,0,5,0
15-04 15:15:06,8.731,3.493,84.321,0,0,6160832,182076,102692,1557544,8756833.508,186798.643,0,0,0,0,12596,16982,0.340,1.200,1.270,1,0,1.996,0,0,35,309,0,6,0
15-04 15:15:07,5.245,2.748,86.923,0.250,0,6160444,173788,102704,1566208,9298695.036,205354.557,0,16433.480,0,34.969,12331,12895,0.340,1.200,1.270,0,0,0,0,0,35,309,0,5,0
15-04 15:15:08,5.490,2.995,88.341,0,0,6160416,165472,102704,1574552,8979485.398,204545.237,0,0,0,0,11076,12229,0.340,1.200,1.270,0,0,0,0,0,35,309,0,5,0
15-04 15:15:09,6.295,4.784,85.614,0.504,0,6159764,157656,102728,1582996,9132377.287,207586.924,0,153666.176,0,214.539,13247,12102,0.550,1.230,1.280,0,0,1.007,0,0,35,309,0,5,0
15-04 15:15:10,6.010,4.758,85.395,0,0,6157688,166448,102740,1576352,9117846.210,205583.889,0,56.095,0,6.010,12477,12274,0.550,1.230,1.280,1,0,6.010,0,0,35,309,0,5,0
15-04 15:15:11,6.222,2.987,85.619,0,0,6156796,158936,102792,1584704,9094837.627,205885.305,15.929,426.103,0.996,34.845,13055,11906,0.550,1.230,1.280,2,0,0,0,0,35,309,0,5,0
15-04 15:15:12,5.770,3.011,87.058,0,0,6155636,151628,102792,1593172,9104184.525,203083.840,0,4.014,0,1.004,11753,11800,0.550,1.230,1.280,0,0,0,0,0,35,309,0,6,0
15-04 15:15:13,6.219,3.482,86.563,0,0,6156204,157940,102792,1586364,8768485.346,198932.646,0,855.676,0,177.105,11449,11161,0.550,1.230,1.280,0,0,0,0,0,35,309,0,6,0
15-04 15:15:14,6.276,2.761,86.858,0.502,0,6154020,166768,102808,1579704,8978394.485,198814.796,16.066,208.860,1.004,16.066,11806,11521,0.510,1.210,1.270,0,0,0,0,0,35,309,0,6,0
15-04 15:15:15,7.226,3.987,85.218,0,0,6154884,157548,102840,1588148,9292259.094,206996.718,15.947,259.142,0.997,19.934,12250,12094,0.510,1.210,1.270,0,0,0,0,0,35,309,0,5,0
15-04 15:15:16,7.790,10.052,79.158,0,0,6150652,172628,102844,1577424,4648532.385,105631.055,0,20.104,0,3.016,8864,8436,0.510,1.210,1.270,1,0,161.835,0,0,35,308,0,5,0
15-04 15:15:17,18.587,7.683,69.391,1.983,0,6193088,159748,102900,1548140,24040.146,1605.915,55.513,7.930,13.878,0.991,3498,3038,0.510,1.210,1.270,1,0,70.383,0,0,35,308,0,5,0
15-04 15:15:18,20.316,3.261,68.222,7.775,0,6222468,158828,103040,1519744,16567.862,1667.421,108.352,549.787,24.078,43.140,2832,2966,0.510,1.210,1.270,1,0,0,0,0,35,308,0,5,0
15-04 15:15:19,16.543,3.509,70.184,8.021,0,6233432,160344,103644,1506744,16855.212,1461.834,1423.735,0,201.529,0,3103,3492,0.630,1.220,1.280,2,0,1.003,0,0,35,318,0,5,0
15-04 15:15:20,23.987,4.248,67.463,2.249,0,6245464,180504,103764,1477632,79422.897,1619.101,11261.746,183.898,174.903,20.988,5119,6100,0.630,1.220,1.280,1,0,0,0,0,35,332,0,9,0
15-04 15:15:21,31.865,8.782,57.959,0.251,0,6273868,198436,103844,1433592,18226.576,1625.849,14034.493,345.242,111.401,41.148,7535,9910,0.630,1.220,1.280,1,0,4.014,0,0,35,335,0,12,0
15-04 15:15:22,35.505,13.752,48.257,0,0,6259428,259476,103644,1395984,18749.616,1620.226,58172.117,55767.781,492.069,450.063,13014,18354,0.630,1.220,1.280,2,0,5.001,0,0,35,335,0,12,0
15-04 15:15:23,36.244,13.748,46.992,0.250,0,6251164,319168,77020,1381004,9358.431,1661.721,62689.491,123.979,703.882,4.999,12851,18517,0.630,1.220,1.280,3,0,0,0,0,35,335,0,12,0
15-04 15:15:24,35.751,14.750,48.501,0.500,0,6252688,230440,73540,1476020,9659.217,1620.036,65765.478,99378.234,525.012,252.006,13126,19052,0.740,1.240,1.280,2,0,2.000,0,0,35,335,0,12,0
15-04 15:15:25,49.450,17.982,27.722,2.497,0,6276884,191804,60156,1517296,17187.736,1618.374,60007.725,106540.984,561.436,163.835,12759,17194,0.740,1.240,1.280,3,0,5.994,0,0,35,335,0,12,0
15-04 15:15:26,53.223,14.743,29.985,0,0,6273488,207232,48556,1522744,17145.404,1619.188,61940.944,15.992,678.660,2.998,13681,18569,0.740,1.240,1.280,6,0,5.997,0,0,35,335,0,12,0
15-04 15:15:27,39.942,16.226,38.194,3.495,0,6250368,195100,21996,1591752,17100.132,1617.647,62517.083,97166.692,508.261,267.611,12804,17782,0.740,1.240,1.280,2,0,0.999,0,0,35,335,0,12,0
15-04 15:15:28,36.262,10.503,50.016,0.500,0,6252728,199180,17216,1595464,12509.064,1620.526,65173.174,148.048,509.165,13.004,13098,19165,0.740,1.240,1.280,3,1,1.000,0,0,35,335,0,12,0
15-04 15:15:29,33.332,14.034,49.622,1.253,0,6250876,203216,14076,1602528,16856.309,1461.582,58575.548,111112.297,463.135,196.482,12100,17319,0.920,1.270,1.290,3,0,1.002,0,0,35,335,0,12,0
15-04 15:15:30,33.995,13.748,45.744,3.750,0,6268180,426708,14132,1363196,17103.724,1619.784,63227.588,119336.122,494.934,157.979,11856,16636,0.920,1.270,1.290,2,0,0,0,0,35,335,0,12,0
15-04 15:15:31,35.952,11.235,47.936,2.247,0.250,6269804,295268,14248,1492896,8566.480,1617.824,64649.062,363.511,510.314,46.937,13114,19232,0.920,1.270,1.290,5,0,0,0,0,35,335,0,12,0
15-04 15:15:32,34.687,18.467,43.921,0.250,0,6270224,197168,14188,1594320,9681.526,1617.081,61968.157,102135.661,484.126,148.732,12338,17304,0.920,1.270,1.290,5,0,0,0,0,35,335,0,12,0
15-04 15:15:33,35.803,11.267,50.325,0.250,0,6269708,264632,14144,1529224,18963.254,1622.417,64992.834,16055.922,507.757,172.257,12919,18461,0.920,1.270,1.290,3,0,0,0,0,35,335,0,12,0
15-04 15:15:34,31.803,15.276,48.832,2.254,0,6251620,202616,14120,1610884,15701.268,1622.715,42082.403,149249.691,331.555,259.434,12209,17637,0.930,1.260,1.290,1,1,2.003,0,0,35,335,0,12,0
15-04 15:15:35,14.671,5.222,60.920,16.908,0,6176496,569980,14476,1318336,16928.286,1611.270,533.112,27260.309,32.822,76.585,4363,5840,0.930,1.260,1.290,1,1,9.946,0,0,35,330,0,17,0
15-04 15:15:36,13.261,9.758,57.796,16.763,0,6236020,507520,15932,1319816,13035.458,1621.301,2718.181,804.646,101.081,50.040,4053,3876,0.930,1.260,1.290,0,1,108.087,0,0,35,330,0,17,0
15-04 15:15:37,25.995,5.249,57.739,9.998,0,6264076,475768,17520,1321924,17114.686,1661.678,3539.315,0,259.950,0,4184,4574,0.930,1.260,1.290,0,1,1.000,0,0,35,330,0,19,0
15-04 15:15:38,15.057,3.262,68.762,11.544,0,6283228,452080,21584,1322396,14642.824,1626.200,4669.803,1357.174,244.934,224.857,2954,3313,0.930,1.260,1.290,0,1,1.004,0,0,35,330,0,19,0
15-04 15:15:39,11.941,2.488,69.161,14.678,0,6298180,434972,23480,1322656,8871.477,1612.091,2038.002,210.965,156.234,24.878,2471,2890,0.930,1.260,1.290,1,1,0.995,0,0,35,330,0,19,0
15-04 15:15:40,11.714,2.492,69.038,14.705,0,6301324,430196,25008,1322760,18310.669,1453.528,1575.154,358.896,180.445,18.942,2602,2910,0.930,1.260,1.290,0,1,0,0,0,35,330,0,19,0
15-04 15:15:41,13.035,3.259,68.936,13.286,0,6304016,424412,28000,1322860,14450.004,1624.385,3004.109,296.801,600.621,27.073,3225,3882,0.930,1.260,1.290,1,1,0,0,0,35,330,0,20,0
15-04 15:15:42,9.790,2.259,69.788,16.820,0,6304520,422900,28464,1323404,8540.296,1626.723,923.818,176.730,108.448,21.087,2419,2887,0.930,1.260,1.290,1,1,0,0,0,35,331,0,22,0
15-04 15:15:43,19.451,5.985,70.074,2.743,0.499,6256800,470056,28604,1323828,16521.608,1615.951,566.581,79.800,30.923,2.993,3282,3023,0.930,1.260,1.290,1,0,41.895,0,0,35,330,0,22,0
15-04 15:15:44,26.124,3.266,69.581,0.251,0,6306380,420424,28636,1323848,13054.100,1627.743,16.076,92.440,1.005,12.057,2851,2626,0.940,1.250,1.280,1,0,0,0,0,35,331,0,20,0
15-04 15:15:45,22.884,2.985,64.921,7.462,0,6305860,418660,29284,1325484,82743.454,1611.827,1902.354,815.863,98.501,93.526,4050,4605,0.940,1.250,1.280,3,0,0.995,0,0,35,331,0,21,0
15-04 15:15:46,10.791,16.312,67.759,3.262,0,6244160,479080,29868,1326180,14080.720,1626.204,269.026,4063.503,13.050,225.862,5837,5700,0.940,1.250,1.280,1,0,237.908,0,0,35,331,0,21,0
15-04 15:15:47,9.231,16.467,66.117,6.736,0,6240172,482696,29904,1326516,8137.670,1616.756,299.399,239.519,28.942,16.966,5232,4717,0.940,1.250,1.280,2,0,234.529,0,0,35,331,0,21,0
15-04 15:15:48,11.487,19.978,64.428,1.998,0,6242796,479104,30156,1327232,17444.479,1618.189,135.848,4191.310,10.988,217.756,6606,6236,0.940,1.250,1.280,0,1,297.667,0,0,35,331,0,21,0
15-04 15:15:49,8.965,8.716,53.791,26.647,0,6246728,469736,33048,1330292,16541.838,1452.367,5399.058,2920.671,176.316,454.238,4983,5964,2.140,1.500,1.360,1,1,83.675,0,0,35,331,0,21,0
15-04 15:15:50,7.748,2.000,69.233,18.745,0,6243616,471356,33920,1330912,77721.788,1619.600,1487.632,0,202.950,0,2650,2880,2.140,1.500,1.360,0,1,0,0,0,35,331,0,21,0
15-04 15:15:51,18.635,9.066,60.185,11.332,0,6269608,444476,34060,1331620,17177.108,1674.096,801.793,419.028,169.223,37.269,5244,6583,2.140,1.500,1.360,1,0,90.655,0,0,35,331,0,21,0
15-04 15:15:52,27.074,11.922,53.403,5.713,0,6289196,423380,34592,1332580,16181.755,1609.532,1466.462,115.250,63.586,6.955,4543,4191,2.140,1.500,1.360,3,1,126.179,0,0,35,331,0,21,0
15-04 15:15:53,35.549,4.506,42.809,15.522,0,6332652,377012,35168,1334916,18369.530,1622.255,2948.097,0,235.327,0,4047,3357,2.140,1.500,1.360,3,0,0,0,0,35,332,0,21,0
15-04 15:15:54,29.172,4.024,46.273,18.610,0,6376612,325352,35472,1342312,13175.620,1724.157,7536.398,245.446,270.594,16.095,3934,3759,2.130,1.510,1.370,0,1,0,0,0,35,332,0,21,0
15-04 15:15:55,23.717,2.996,45.686,25.464,0,6386204,313508,35976,1344060,8729.764,1617.732,1969.240,203.714,189.734,17.975,3431,3688,2.130,1.510,1.370,0,2,0,0,0,35,332,0,21,0
15-04 15:15:56,39.359,3.488,47.829,8.470,0,6424732,272208,36392,1346416,17406.848,1614.236,1905.197,685.552,173.381,38.861,3833,2985,2.130,1.510,1.370,3,0,0,0,0,35,332,0,21,0
15-04 15:15:57,19.763,13.759,61.541,3.002,0,6447512,247696,36588,1347956,16795.090,1621.070,996.658,876.579,63.042,42.028,5163,4308,2.130,1.510,1.370,2,0,199.131,0,0,35,331,0,21,0
15-04 15:15:58,24.486,4.248,69.710,0,0,6498280,196912,36604,1347956,18877.180,1619.072,0,647.629,0,95.945,2854,2475,2.130,1.510,1.370,1,0,0,0,0,35,331,0,21,0
15-04 15:15:59,22.990,2.999,69.969,3.249,0,6511168,183660,36644,1348280,12520.540,1457.364,311.864,91.960,20.991,11.995,2887,2876,2.040,1.500,1.360,0,1,1.000,0,0,35,331,0,21,0
15-04 15:16:00,20.035,2.755,68.120,7.764,0,6511528,193172,36860,1338212,19383.121,1622.857,2304.056,352.621,122.215,32.056,3657,3933,2.040,1.500,1.360,1,0,0,0,0,35,334,0,21,0
15-04 15:16:01,20.220,2.996,69.896,5.991,0,6523936,178172,37328,1340320,13326.215,1617.598,2460.347,175.739,179.733,19.970,3073,3249,2.040,1.500,1.360,2,0,0.999,0,0,35,336,0,21,0
15-04 15:16:02,21.865,6.534,69.615,0.503,0,6474616,261660,35840,1307804,10248.800,1628.549,36.190,4.021,3.016,1.005,3262,2858,2.040,1.500,1.360,1,0,51.269,0,0,35,335,0,21,0
15-04 15:16:03,25.124,2.985,70.645,0,0,6519808,216460,35840,1307812,8527.139,1611.898,0,0,0,0,2608,2426,2.040,1.500,1.360,1,0,0,0,0,35,335,0,21,0
15-04 15:16:04,25.005,2.250,69.265,1.250,0,6529768,206360,35888,1307904,19502.090,1620.340,80.017,460.096,5.001,30.006,3146,2960,1.960,1.490,1.360,1,0,0,0,0,35,335,0,21,0
15-04 15:16:05,22.837,7.278,68.009,0.502,0,6514128,221904,35960,1307928,12803.854,1626.205,16.061,3396.961,1.004,481.838,3842,3547,1.960,1.490,1.360,1,0,57.218,0,0,35,335,0,21,0
15-04 15:16:06,32.615,6.473,58.010,1.743,0,6536276,199732,35960,1307952,18312.272,1613.328,19.918,0,1.992,0,4026,13724,1.960,1.490,1.360,2,0,35.852,0,0,35,335,0,22,0
15-04 15:16:07,24.019,5.004,69.555,0.250,0,6496372,239584,35960,1308004,20205.953,1621.280,32.025,0,2.002,0,3516,3001,1.960,1.490,1.360,3,0,42.033,0,0,35,335,0,22,0
15-04 15:16:08,25.033,5.007,67.338,1.752,0,6537288,198564,36024,1308044,17023.219,1459.905,32.042,364.476,2.003,27.035,3241,3279,1.960,1.490,1.360,2,0,1.001,0,0,35,335,0,21,0
15-04 15:16:09,26.122,3.483,68.664,0.249,0,6556268,205220,29384,1289336,20269.839,1612.113,0,386.111,0,15.922,2983,2639,1.880,1.480,1.360,1,0,0.995,0,0,35,335,0,21,0
15-04 15:16:10,27.201,3.244,65.632,2.246,0,6561736,199672,29384,1289416,12111.151,1617.083,71.870,3.993,3.993,0.998,3099,2732,1.880,1.480,1.360,4,1,6.987,0,0,35,338,0,21,0
15-04 15:16:11,23.964,6.306,67.857,1.261,0,6491220,269868,29484,1289636,10472.625,1634.613,205.840,488.366,13.117,48.433,3962,3982,1.880,1.480,1.360,2,0,64.577,0,0,35,341,0,22,0
15-04 15:16:12,24.405,4.483,69.479,0,0,6530440,230632,29500,1289636,23370.929,1613.712,0,163.363,0,8.965,2871,2555,1.880,1.480,1.360,1,0,0,0,0,35,339,0,21,0
15-04 15:16:13,26.005,3.251,68.763,0.750,0,6548344,212652,29512,1289700,22297.207,1620.306,28.005,448.085,3.001,11.002,3091,2693,1.880,1.480,1.360,0,1,0,0,0,35,340,0,21,0
15-04 15:16:14,23.062,6.016,67.432,2.757,0,6541460,219312,29680,1289756,18909.963,1624.378,96.259,1195.221,6.016,95.257,3708,4085,1.890,1.490,1.360,3,0,42.113,0,0,35,339,0,21,0
15-04 15:16:15,25.587,3.726,68.811,0,0,6571912,196560,28212,1283548,71387.628,1651.466,15.899,151.037,0.994,14.905,3074,2774,1.890,1.490,1.360,2,0,0,0,0,35,339,0,22,0
15-04 15:16:16,21.074,4.767,69.995,2.760,0,6503100,265120,28488,1283540,29563.297,1625.680,252.884,124.435,12.042,16.056,3589,3527,1.890,1.490,1.360,2,0,43.151,0,0,35,339,0,22,0
15-04 15:16:17,8.773,18.298,68.682,2.256,0,6503512,264644,28524,1283568,9254.476,1624.296,32.085,120.318,8.021,8.021,5280,4450,1.890,1.490,1.360,2,0,255.676,0,0,35,339,0,22,0
15-04 15:16:18,5.731,6.478,84.719,1.246,0,6494676,273224,28560,1283788,10356.619,1453.176,79.735,175.418,7.974,15.947,2992,3205,1.890,1.490,1.360,0,0,78.739,0,0,35,339,0,22,0
15-04 15:16:19,16.959,4.240,76.565,0.499,0,6533164,234692,28600,1283792,16396.450,1616.102,7.981,446.922,1.995,24.940,2656,2792,1.820,1.480,1.360,1,0,9.976,0,0,35,339,0,22,0
15-04 15:16:20,25.778,3.254,70.076,0,0,6569004,198848,28600,1283796,79475.742,1621.750,0,1970.125,0,333.360,3212,2612,1.820,1.480,1.360,2,0,0,0,0,35,339,0,18,0
15-04 15:16:21,26.071,8.022,60.163,4.262,0,6515572,276236,25940,1263724,22097.913,1624.404,4636.571,429.164,67.182,40.109,4264,4108,1.820,1.480,1.360,2,0,69.188,0,0,35,345,0,18,0
15-04 15:16:22,11.303,12.810,61.037,12.810,0,6501360,279372,26088,1274652,18576.322,1669.850,10646.044,88.416,122.576,5.024,4775,4338,1.820,1.480,1.360,1,0,127.600,0,0,35,345,0,18,0
15-04 15:16:23,13.487,15.235,64.687,5.744,0,6491408,281740,26096,1282212,36060.722,1790.249,7404.756,415.593,69.932,47.953,5663,4670,1.820,1.480,1.360,1,0,145.857,0,0,35,345,0,18,0
15-04 15:16:24,14.422,16.411,66.143,0.497,0,6490552,272148,26160,1292580,19996.012,1611.298,9739.403,549.035,82.554,35.807,5978,5214,1.750,1.470,1.360,1,0,154.167,0,0,35,345,0,18,0
15-04 15:16:25,31.165,20.694,45.127,2.244,0,6525080,226704,26176,1303464,13111.271,1615.597,10327.856,143.609,102.720,10.970,6098,5019,1.750,1.470,1.360,2,0,168.541,0,0,35,345,0,15,0
15-04 15:16:26,35.039,12.856,44.618,5.798,0,6542884,209036,26428,1303796,26155.894,1633.483,10914.086,133.099,106.882,13.108,4962,4033,1.750,1.470,1.360,1,1,92.766,0,0,35,347,0,15,0
15-04 15:16:27,24.683,3.989,62.579,7.480,0,6547720,192860,26732,1314832,17723.583,1615.587,11165.498,0,177.515,0,3354,3133,1.750,1.470,1.360,0,1,0.997,0,0,35,347,0,15,0
15-04 15:16:28,16.979,4.245,66.919,10.737,0,6544968,213452,26476,1298092,13671.482,1456.241,14662.285,63.923,297.640,4.994,3229,3305,1.750,1.470,1.360,1,0,0.999,0,0,35,347,0,15,0
15-04 15:16:29,20.797,4.260,66.401,7.016,0,6570844,208172,26884,1277688,32259.554,1796.095,12468.429,84.192,362.827,13.030,3778,3699,1.770,1.480,1.360,2,0,1.002,0,0,35,347,0,15,0
15-04 15:16:30,16.034,3.508,66.142,11.274,0,6588036,207448,27336,1261348,18729.187,1623.484,15769.837,280.602,428.920,26.056,3449,3628,1.770,1.480,1.360,3,0,0,0,0,35,347,0,15,0
15-04 15:16:31,18.422,3.983,66.717,8.713,0,6606220,205616,28104,1245596,21290.651,1613.154,15916.457,223.053,437.145,27.882,3877,4131,1.770,1.480,1.360,2,0,1.992,0,0,35,347,0,15,0
15-04 15:16:32,26.471,2.747,66.178,2.497,0,6612284,188648,28172,1256432,28292.208,1618.239,10724.328,163.822,138.849,20.977,3854,3683,1.770,1.480,1.360,2,0,1.998,0,0,35,349,0,15,0
15-04 15:16:33,25.007,4.751,66.020,2.501,0,6511636,279092,28376,1266432,15879.729,1620.483,10079.001,668.199,100.030,41.012,3487,3445,1.770,1.480,1.360,0,1,5.001,0,0,35,347,0,15,0
15-04 15:16:34,29.330,4.262,61.417,4.262,0,6545072,233892,28436,1278136,15655.445,1624.404,11972.460,4.011,214.582,1.003,3496,3226,1.710,1.470,1.360,1,0,2.005,0,0,35,347,0,15,0
15-04 15:16:35,20.687,3.240,67.546,6.231,0,6567360,200364,28460,1289352,27101.979,1615.112,11202.098,107.674,164.502,9.970,3227,3153,1.710,1.470,1.360,1,0,0,0,0,35,345,0,15,2
15-04 15:16:36,23.495,6.999,62.988,5.249,0,6596288,191384,28272,1270084,13973.237,1619.680,12761.477,3015.404,236.953,449.911,4525,5428,1.710,1.470,1.360,2,1,5.999,0,0,35,347,0,15,2
15-04 15:16:37,29.249,3.000,63.747,2.250,0,6595152,217668,28100,1245388,17411.252,1661.929,7051.697,0,73.997,0,4031,4317,1.710,1.470,1.360,2,0,3.000,0,0,35,345,0,11,2
15-04 15:16:38,27.647,6.032,65.348,0.503,0,6524524,288140,28264,1245380,30845.360,1465.811,180.964,152.814,6.032,12.064,3766,3703,1.710,1.470,1.360,3,0,16.086,0,0,35,345,0,11,2
15-04 15:16:39,24.213,3.744,66.647,2.746,0,6552984,256772,28292,1248260,23132.323,1617.505,2935.473,179.723,27.957,6.989,3123,2902,1.820,1.500,1.370,2,0,0.998,0,0,35,345,0,11,2
15-04 15:16:40,26.784,5.006,66.585,0,0,6477240,322716,28292,1258060,14639.760,1622.079,9740.482,4.005,76.098,1.001,3458,2985,1.820,1.500,1.370,1,0,34.044,0,0,35,345,0,11,2
15-04 15:16:41,10.757,17.262,68.547,1.751,0,6476024,321032,28580,1260672,12371.519,1621.116,1941.337,2545.753,32.022,119.082,5759,5532,1.820,1.500,1.370,2,0,234.161,0,0,35,347,0,10,2
15-04 15:16:42,10.178,15.143,65.289,6.703,0,6470252,325480,29584,1260992,10009.338,1608.644,1028.738,146.963,58.586,5.958,5212,4710,1.820,1.500,1.370,0,1,224.416,0,0,35,345,0,11,2
15-04 15:16:43,17.780,7.513,68.115,5.509,0,6494716,297568,29856,1264168,21694.679,1622.744,3618.117,0,213.361,0,4136,3998,1.820,1.500,1.370,2,0,89.151,0,0,35,345,0,11,2
15-04 15:16:44,20.499,4.000,66.248,7.000,0,6515968,270264,31360,1268716,26284.252,1619.954,6063.827,223.994,225.994,12.000,3621,3580,1.750,1.490,1.370,2,0,17.000,0,0,35,345,0,11,2
15-04 15:16:45,20.760,3.752,70.535,4.002,0,6541948,241488,31652,1271220,89961.885,3730.861,2617.306,260.130,42.021,14.007,3360,3151,1.750,1.490,1.370,0,2,16.008,0,0,35,346,0,8,2
15-04 15:16:46,16.696,2.741,65.788,11.961,0,6542544,229848,33404,1280512,21614.303,1614.793,10103.421,183.409,169.454,12.958,3031,3235,1.750,1.490,1.370,0,1,0,0,0,35,346,0,8,2
15-04 15:16:47,24.252,4.000,66.504,4.000,0,6519172,245160,34284,1287692,17609.118,1794.114,2900.184,972.062,50.003,18.001,3375,3150,1.750,1.490,1.370,4,0,2.000,0,0,35,345,0,8,2
15-04 15:16:48,24.593,4.768,69.263,0.251,0,6533856,221504,34368,1296580,23771.121,3507.297,9054.327,546.070,83.316,32.122,3611,3409,1.750,1.490,1.370,3,1,17.065,0,0,35,346,0,8,2
15-04 15:16:49,26.715,3.995,66.664,1.248,0,6522148,223212,34972,1305964,14000.875,2693.513,4342.378,870.873,50.934,14.981,3357,3029,1.690,1.480,1.370,1,0,2.996,0,0,35,345,0,8,2
15-04 15:16:50,12.998,3.999,64.740,15.498,0,6520108,211592,35252,1319344,83193.605,1619.739,13721.791,0,204.967,0,4620,6209,1.690,1.480,1.370,2,0,3.999,0,0,35,345,0,8,2
15-04 15:16:51,20.505,8.002,60.515,9.002,0,6553876,192440,35448,1305192,23385.795,1662.412,14227.525,400.099,400.099,30.007,10074,16870,1.690,1.480,1.370,3,0,8.002,0,0,35,345,0,8,2
15-04 15:16:52,11.459,3.986,66.015,15.445,0,6529060,223660,37732,1296608,8704.002,1614.251,4276.769,199.290,486.268,5.979,3285,3899,1.690,1.480,1.370,1,0,0.996,0,0,35,345,0,8,2
15-04 15:16:53,15.067,3.767,71.566,8.287,0,6508624,238996,39192,1300248,28667.704,4581.248,4753.007,349.545,344.523,7.031,3249,3417,1.690,1.480,1.370,0,1,0,0,0,35,346,0,8,2
15-04 15:16:54,24.253,6.001,63.007,3.250,0,6538228,198128,39880,1310824,20350.356,3389.392,11037.278,2104.244,151.017,107.012,10383,18550,1.630,1.470,1.360,1,0,6.001,0,0,35,346,0,8,2
15-04 15:16:55,24.959,6.739,66.889,0.250,0,6536656,192792,39932,1317688,17937.237,1617.316,6449.299,431.284,52.912,13.977,3570,3200,1.630,1.470,1.360,1,0,13.977,0,0,35,346,0,8,2
15-04 15:16:56,25.980,4.497,67.199,0.500,0.250,6533740,203500,40268,1309560,18660.848,1792.641,11.991,3009.718,2.998,384.708,3589,3245,1.630,1.470,1.360,1,0,0.999,0,0,35,345,0,8,2
15-04 15:16:57,15.577,15.326,67.333,0,0,6515352,222040,40268,1309408,8406.615,1628.059,0,0,0,0,5387,5042,1.630,1.470,1.360,2,0,269.333,0,0,35,345,0,8,2
15-04 15:16:58,27.076,3.478,66.822,0,0.248,6556096,180884,40268,1309820,21806.182,1448.711,365.655,3.975,4.968,0.994,3184,2943,1.630,1.470,1.360,4,0,0,0,0,35,345,0,8,2
15-04 15:16:59,29.035,3.254,65.580,0.501,0,6560548,197356,37432,1293588,22487.320,1621.971,9912.042,552.671,83.101,12.015,3573,3289,1.580,1.470,1.360,2,0,1.001,0,0,35,345,0,8,2
15-04 15:17:00,20.109,7.792,66.610,4.273,0,6496608,253248,37476,1301592,9488.341,1628.813,8300.916,257.393,87.473,18.098,4063,3890,1.580,1.470,1.360,2,1,74.403,0,0,35,345,0,11,2
15-04 15:17:01,21.656,9.210,58.496,7.716,0,6529916,209516,37540,1311952,22714.293,1612.991,10008.507,187.187,89.611,25.888,4479,4344,1.580,1.470,1.360,3,2,84.632,0,0,35,345,0,11,2
15-04 15:17:02,27.997,4.000,66.742,0.250,0,6560196,209232,37512,1282632,12791.547,1619.816,4615.476,0,44.995,0,3252,3092,1.580,1.470,1.360,1,0,0,0,0,35,345,0,11,2
15-04 15:17:03,24.808,6.515,67.408,0.251,0,6502084,259132,37536,1290820,23211.284,1623.798,8195.166,316.741,66.155,19.045,3972,3583,1.580,1.470,1.360,2,0,70.164,0,0,35,345,0,11,2
15-04 15:17:04,26.436,5.237,66.839,0,0,6552576,198712,37544,1300740,16553.207,1616.115,9832.363,71.827,76.815,6.983,3282,3005,1.620,1.470,1.370,3,0,0,0,0,35,345,0,11,2
15-04 15:17:05,28.260,3.751,66.523,0.250,0,6570592,204420,37412,1277552,8782.035,1458.504,9755.371,48.017,79.027,3.001,3381,3179,1.620,1.470,1.370,2,0,0,0,0,35,345,0,11,2
15-04 15:17:06,31.575,8.771,58.890,0,0,6520012,246456,37412,1286096,22446.251,1623.852,8484.128,0,70.166,0,4746,10474,1.620,1.470,1.370,1,0,92.219,0,0,35,345,0,12,2
15-04 15:17:07,26.624,4.479,66.685,0,0,6563640,193564,37412,1295360,12585.549,1558.637,9284.144,0,74.647,0,3255,3089,1.620,1.470,1.370,3,0,0,0,0,35,345,0,12,2
15-04 15:17:08,27.707,3.778,66.750,0,0,6569756,188656,37380,1294252,25401.227,1523.409,9986.790,0,82.619,0,3630,3233,1.620,1.470,1.370,2,0,0,0,0,35,348,0,13,2
15-04 15:17:09,25.453,6.737,66.376,0.499,0,6525196,223228,37536,1304084,16475.334,1616.990,9893.585,67.874,83.844,5.989,3690,3309,1.730,1.500,1.370,1,0,32.939,0,0,35,345,0,14,2
15-04 15:17:10,27.392,5.478,64.994,0.996,0,6554544,184288,37556,1313656,18874.755,1613.653,9709.806,5016.268,80.683,84.667,3453,3066,1.730,1.500,1.370,2,0,6.973,0,0,35,345,0,13,2
15-04 15:17:11,27.525,4.004,64.308,2.502,0,6554948,211900,37332,1286168,21043.120,1621.473,8771.970,856.778,85.077,70.064,4299,4736,1.730,1.500,1.370,3,0,0,0,0,35,345,0,15,2
15-04 15:17:12,23.777,6.758,67.575,0.250,0,6513348,243248,37340,1296412,9005.039,1621.808,9738.857,2206.460,76.085,372.415,3660,3370,1.730,1.500,1.370,3,0,47.052,0,0,35,345,0,16,2
15-04 15:17:13,26.870,3.981,67.671,0,0,6555652,190444,37340,1306912,12736.151,1612.171,9808.369,0,76.628,0,3185,2931,1.730,1.500,1.370,2,0,0,0,0,35,345,0,16,2
15-04 15:17:14,26.695,5.541,66.990,0,0,6491612,244244,37420,1317072,21454.060,1631.947,9831.978,467.422,79.583,34.251,4018,3768,1.670,1.490,1.370,2,0,32.236,0,0,35,345,0,16,2
15-04 15:17:15,26.257,5.001,67.268,0,0,6543968,181516,37420,1327444,79810.450,1620.436,9730.615,0,76.020,0,3384,3112,1.670,1.490,1.370,3,0,0,0,0,35,345,0,16,2
15-04 15:17:16,28.000,3.750,67.000,0,0,6555772,189116,37268,1308192,20552.871,1619.990,9871.938,115.999,78.000,15.000,3446,3375,1.670,1.490,1.370,2,0,0,0,0,35,345,0,16,2
15-04 15:17:17,17.460,10.975,65.100,3.991,0.249,6480044,258920,37480,1313904,17098.642,1616.280,5188.058,239.449,69.839,30.929,5318,5368,1.670,1.490,1.370,2,1,176.594,0,0,35,345,0,16,2
15-04 15:17:18,8.233,3.243,66.615,20.209,0,6481692,254412,38076,1316168,16664.322,2006.944,2343.264,215.564,287.419,17.964,3145,3718,1.670,1.490,1.370,1,0,2.994,0,0,35,346,0,15,2
15-04 15:17:19,6.747,1.749,86.709,2.749,0,6484652,249820,38164,1317712,22687.184,2766.681,999.523,0,61.970,0,2307,2872,1.540,1.470,1.360,0,0,1.000,0,0,35,346,0,15,2
15-04 15:17:20,7.290,6.536,83.456,1.005,0,6479540,244384,38276,1328148,87446.787,3452.866,10034.828,1242.790,102.560,73.401,3668,3932,1.540,1.470,1.360,1,0,70.385,0,0,35,345,0,15,2
15-04 15:17:21,8.684,4.466,84.114,0.992,0,6485156,228404,38332,1338456,21014.075,4021.586,9670.861,337.448,76.422,27.790,3222,3648,1.540,1.470,1.360,0,0,54.587,0,0,35,346,0,15,2
15-04 15:17:22,13.866,14.874,67.565,2.017,0,6508412,193724,38344,1349868,22590.990,1942.248,9935.115,133.114,89.751,12.101,5461,4957,1.540,1.470,1.360,1,0,210.763,0,0,35,345,0,15,2
15-04 15:17:23,15.683,3.734,66.215,11.949,0,6517372,196156,38528,1338292,13633.332,1613.059,11175.907,0,233.993,0,3074,3133,1.540,1.470,1.360,2,0,2.987,0,0,35,345,0,15,2
15-04 15:17:24,21.307,5.264,67.180,5.013,0.251,6525856,184560,38924,1341008,22041.103,1624.356,17591.171,926.484,738.982,13.035,3957,4311,1.490,1.460,1.360,2,0,3.008,0,0,35,345,0,15,2
15-04 15:17:25,45.746,7.499,44.246,0.750,0,6571760,187948,38712,1291932,12393.892,1619.855,10115.096,431.961,83.992,5.999,4366,3413,1.490,1.460,1.360,5,0,21.998,0,0,35,345,0,15,2
15-04 15:17:26,35.778,7.454,50.685,4.472,0,6582900,180320,38704,1288428,47630.244,5797.004,11281.946,890.471,114.290,20.870,4308,3231,1.490,1.460,1.360,2,0,4.969,0,0,35,347,0,15,2
15-04 15:17:27,27.316,6.014,60.396,5.012,0,6537488,213160,38876,1300828,19071.959,1810.363,12353.770,1631.933,108.261,79.191,4313,4103,1.490,1.460,1.360,1,1,32.077,0,0,35,345,0,15,2
15-04 15:17:28,11.063,14.331,66.377,6.789,0,6507192,230560,39136,1313464,11338.360,1629.248,11340.371,1902.801,116.662,65.371,5642,5513,1.490,1.460,1.360,1,0,250.421,0,0,35,345,0,15,2
15-04 15:17:29,25.868,6.218,65.416,0.249,0,6537264,189980,39192,1323916,39919.366,1824.692,9758.222,230.823,77.604,23.878,4234,4058,1.450,1.450,1.360,2,0,27.858,0,0,35,345,0,15,2
15-04 15:17:30,27.417,4.736,65.801,0,0,6559472,198800,39136,1293152,19347.630,1615.127,8438.542,0,66.798,0,3407,3066,1.450,1.450,1.360,4,0,0,0,0,35,345,0,15,2
15-04 15:17:31,26.026,6.256,65.064,0.500,0,6505412,242896,39208,1303044,14940.762,1621.602,9369.257,212.210,77.076,30.030,4304,4351,1.450,1.450,1.360,3,0,47.046,0,0,35,345,0,16,2
15-04 15:17:32,28.558,4.259,66.887,0,0,6550616,187448,39208,1313288,37172.011,1623.319,9747.933,0,76.156,0,3450,2858,1.450,1.450,1.360,1,0,0,0,0,35,345,0,16,2
15-04 15:17:33,26.473,4.246,66.431,1.748,0,6565708,181380,39068,1304436,14250.221,1618.322,9913.718,0,81.915,0,3414,3289,1.450,1.450,1.360,0,1,0,0,0,35,346,0,18,2
15-04 15:17:34,21.258,5.002,66.276,5.502,0,6506988,248624,38900,1296080,22387.790,1620.636,10432.096,4.002,117.046,1.000,3460,3232,1.420,1.440,1.360,2,0,16.006,0,0,35,345,0,18,2
15-04 15:17:35,28.017,4.253,66.540,0,0,6550180,195192,38900,1306320,28683.261,1793.079,9733.858,0,76.046,0,3380,2864,1.420,1.440,1.360,3,0,0,0,0,35,345,0,18,2
15-04 15:17:36,23.486,3.998,65.462,5.497,0,6561564,191980,38904,1298168,15133.271,1619.066,10533.924,343.802,118.931,40.976,3656,4034,1.420,1.440,1.360,2,1,0,0,0,35,346,0,18,2
15-04 15:17:37,25.747,7.499,55.994,7.749,0,6555172,203828,39396,1292220,21746.620,1457.840,12858.593,2795.694,221.976,255.972,7976,11772,1.420,1.440,1.360,1,0,4.000,0,0,35,345,0,18,2
15-04 15:17:38,29.018,5.503,64.040,0.750,0,6526140,222172,39556,1302748,32085.129,1621.017,9734.107,4522.837,76.048,549.345,4383,4187,1.420,1.440,1.360,1,0,7.004,0,0,35,345,0,18,1
15-04 15:17:39,29.001,4.500,64.251,0.250,0,6553992,183916,39672,1313036,14987.296,1620.032,9760.192,760.015,78.002,62.001,3762,3755,1.540,1.470,1.370,1,0,2.000,0,0,35,345,0,18,1
15-04 15:17:40,26.025,5.505,66.065,1.251,0,6552236,193880,39832,1304672,16556.204,1621.587,10462.240,604.592,110.108,72.071,5326,6709,1.540,1.470,1.370,2,0,0,0,0,35,346,0,19,1
15-04 15:17:41,19.309,14.795,63.444,1.254,0,6478364,257252,40008,1314996,24183.132,1624.981,9918.405,2989.163,82.252,211.649,6374,6503,1.540,1.470,1.370,2,0,253.778,0,0,35,346,0,21,1
15-04 15:17:42,11.749,22.748,63.995,0,0,6483188,242108,40016,1325308,21285.242,1619.866,9727.196,211.982,75.994,18.998,6772,5929,1.540,1.470,1.370,1,0,416.966,0,0,35,345,0,19,1
15-04 15:17:43,11.011,22.522,64.563,0.250,0,6488104,226612,40176,1335744,12514.141,1621.573,9737.447,2374.304,76.074,146.142,7293,7000,1.540,1.470,1.370,3,0,479.465,0,0,35,345,0,19,1
15-04 15:17:44,10.497,22.994,64.235,0,0,6486868,217576,40224,1345968,25874.773,1619.610,9901.617,367.911,79.981,32.992,7194,6544,1.500,1.460,1.360,3,0,463.888,0,0,35,345,0,19,1
15-04 15:17:45,11.000,22.749,64.748,0,0,6487016,206984,40248,1356388,82646.587,1619.953,9759.715,339.990,77.998,24.999,7020,6098,1.500,1.460,1.360,2,0,421.988,0,0,35,345,0,19,1
15-04 15:17:46,11.242,22.234,64.203,0,0,6489600,194212,40260,1366564,20497.873,1618.805,9720.826,111.917,75.944,18.986,7050,6248,1.500,1.460,1.360,2,0,435.678,0,0,35,345,0,19,1
15-04 15:17:47,13.515,22.775,62.318,0,0,6484300,208980,39904,1357452,22897.912,1459.588,5029.472,200.218,40.044,15.016,6965,6108,1.500,1.460,1.360,1,0,439.478,0,0,35,345,0,19,1
15-04 15:17:48,10.749,21.998,65.493,0.500,0,6489132,204048,39960,1357496,11071.880,1619.836,15.998,575.942,1.000,37.996,6865,6195,1.500,1.460,1.360,1,0,434.956,0,0,35,345,0,19,1
15-04 15:17:49,9.236,19.470,67.145,2.246,0,6487844,205268,39988,1357536,23353.612,1617.480,19.969,375.415,1.997,23.963,6033,5161,1.380,1.440,1.360,1,0,347.459,0,0,35,345,0,19,1
15-04 15:17:50,14.966,9.728,69.843,3.742,0,6506184,189808,40216,1358632,79686.454,1616.358,1193.311,79.820,47.892,3.991,4067,3609,1.380,1.440,1.360,1,0,106.759,0,0,35,345,0,19,1
15-04 15:17:51,22.831,6.523,68.243,0.753,0,6518640,180096,40108,1359716,21223.540,1625.787,112.400,3359.959,2.007,67.239,3373,3560,1.380,1.440,1.360,2,0,4.014,0,0,35,345,0,19,1
15-04 15:17:52,27.608,3.980,64.668,2.239,0,6546104,196800,39748,1315912,13286.887,1611.738,175.102,15.918,13.929,2.985,3153,2842,1.380,1.440,1.360,1,0,15.918,0,0,35,345,0,19,1
15-04 15:17:53,17.033,2.254,75.396,3.757,0,6559812,181824,40300,1316632,32518.023,7735.993,1038.012,1522.952,64.124,28.054,2597,2603,1.380,1.440,1.360,1,0,0,0,0,35,346,0,19,1
15-04 15:17:54,15.918,1.741,75.115,5.223,0,6555596,184352,41088,1317532,36133.675,12012.390,1166.020,1368.979,150.229,50.740,2701,2901,1.430,1.450,1.360,1,0,0,0,0,35,346,0,19,1
15-04 15:17:55,17.141,1.765,74.616,5.294,0,6555872,182336,41492,1318868,29884.547,10522.813,1395.513,1205.949,135.115,42.349,2621,2752,1.430,1.450,1.360,1,0,0,0,0,35,346,0,19,1
15-04 15:17:56,16.660,1.741,72.857,6.216,0,6556500,199444,41732,1300900,32378.378,7945.151,759.902,14955.343,101.453,84.544,2611,2551,1.430,1.450,1.360,0,0,0,0,0,35,346,0,19,1
15-04 15:17:57,18.746,2.499,74.232,2.999,0,6579072,193088,42164,1284248,33643.009,9507.742,1399.668,1087.742,126.970,35.991,2738,2654,1.430,1.450,1.360,1,0,0,0,0,35,346,0,19,1
15-04 15:17:58,17.752,1.500,74.509,4.751,0,6577948,192360,42792,1285468,28241.579,11098.406,1200.152,1228.156,158.020,44.006,2726,2872,1.430,1.450,1.360,0,1,0,0,0,35,346,0,19,1
15-04 15:17:59,17.288,3.257,68.400,9.771,0,6585716,185956,42932,1284092,13217.061,1623.570,14936.842,2561.632,336.740,407.897,3250,3438,1.390,1.440,1.360,1,0,2.004,0,0,35,346,0,19,1
15-04 15:18:00,27.260,3.251,68.775,0.500,0,6588128,188428,43028,1279140,9579.452,1620.584,0,1720.620,0,57.021,3175,3123,1.390,1.440,1.360,1,1,0,0,0,35,346,0,19,1
15-04 15:18:01,26.197,3.493,68.111,0.998,0,6594708,182836,43112,1278136,17294.706,1616.701,31.935,1405.132,1.996,61.874,3365,3501,1.390,1.440,1.360,1,0,0,0,0,35,346,0,19,1
15-04 15:18:02,26.094,3.262,69.500,0.251,0,6601604,188852,43168,1265396,17098.477,1625.846,0,830.988,0,24.087,2992,2837,1.390,1.440,1.360,1,0,0,0,0,35,346,0,19,1
15-04 15:18:03,24.886,3.484,68.933,1.244,0,6606668,201296,43500,1247704,21367.734,1612.584,0,3065.901,0,137.368,3520,3479,1.390,1.440,1.360,1,0,0,0,0,35,346,0,16,1
15-04 15:18:04,25.264,3.502,69.289,0.750,0,6609032,187952,43648,1258520,12057.751,1690.947,0,1784.999,0,61.034,3049,3008,1.360,1.430,1.360,1,0,0,0,0,35,346,0,16,1
15-04 15:18:05,26.367,2.511,69.811,0.251,0,6600716,187052,44168,1267252,21358.047,1627.241,16.072,1719.653,1.004,66.295,3354,3411,1.360,1.430,1.360,1,0,0,0,0,35,346,0,16,1
15-04 15:18:06,26.474,5.245,54.196,12.987,0.250,6640160,187704,44276,1230312,13199.925,1792.225,15.984,33083.229,3.996,538.467,3741,8393,1.360,1.430,1.360,4,0,35.964,0,0,35,345,0,16,1
15-04 15:18:07,25.437,4.489,68.083,0.998,0,6537716,290108,44300,1227148,18886.550,1454.423,3.990,127.686,0.998,1.995,3372,5024,1.360,1.430,1.360,1,0,18.953,0,0,35,345,0,16,1
15-04 15:18:08,22.751,3.250,71.002,1.500,0,6554828,268376,44404,1231664,26952.792,3795.111,96.003,972.029,5.000,40.001,3314,3369,1.360,1.430,1.360,1,0,17.000,0,0,35,346,0,16,1
15-04 15:18:09,26.208,3.245,69.888,0,0,6546660,275144,44496,1232968,12949.303,1791.137,0,1230.034,0,12.979,3001,2763,1.330,1.420,1.350,2,0,3.994,0,0,35,345,0,16,1
15-04 15:18:10,22.604,4.270,72.332,0,0,6573052,247688,44520,1234008,21355.142,4646.353,0,221.016,0,7.032,2890,2632,1.330,1.420,1.350,2,0,23.106,0,0,35,346,0,16,1
15-04 15:18:11,26.362,8.953,52.474,10.196,0,6550292,265576,45056,1238284,17535.879,1784.625,31.833,46388.308,4.974,200.944,10538,18740,1.330,1.420,1.350,7,1,6.963,0,0,35,345,0,14,1
15-04 15:18:12,23.408,5.286,67.456,2.517,0,6539156,276280,45128,1238624,17201.176,1631.016,44.299,38383.239,4.027,181.224,3069,2680,1.330,1.420,1.350,1,0,11.075,0,0,35,345,0,15,1
15-04 15:18:13,24.457,6.738,66.133,0,0,6548076,267212,45180,1238792,21036.749,1617.136,0,2439.680,0,23.958,10304,18444,1.330,1.420,1.350,2,0,15.972,0,0,35,345,0,15,1
15-04 15:18:14,24.679,4.238,69.549,0.748,0.249,6525104,301484,45260,1227440,13253.657,1615.327,0,2185.677,0,269.221,3092,2824,1.310,1.420,1.350,2,0,0.997,0,0,35,345,0,15,1
15-04 15:18:15,23.936,4.987,69.315,0.249,0,6529448,297080,45308,1227452,77676.202,1615.678,3.989,434.837,0.997,22.939,3737,3488,1.310,1.420,1.350,7,0,49.867,0,0,35,345,0,11,1
15-04 15:18:16,25.846,6.273,65.996,0,0,6540208,286244,45340,1227496,23414.215,1626.057,16.060,256.957,1.004,14.052,10573,18637,1.310,1.420,1.350,1,0,24.090,0,0,35,345,0,11,1
15-04 15:18:17,21.968,2.996,74.390,0,0,6572260,252980,45348,1228700,23691.102,3627.656,0,175.741,0,2.996,2657,2438,1.310,1.420,1.350,1,0,15.976,0,0,35,346,0,11,1
15-04 15:18:18,26.524,3.503,68.811,0,0,6560876,259780,45408,1233224,13723.211,1795.598,0,1337.190,0,29.026,3110,2825,1.310,1.420,1.350,1,0,3.003,0,0,35,345,0,11,1
15-04 15:18:19,21.296,3.007,74.662,0.501,0,6572652,244184,45472,1236980,25543.532,4635.077,0,240.523,0,9.020,2840,2554,1.280,1.410,1.350,1,0,18.039,0,0,35,346,0,11,1
15-04 15:18:20,25.652,6.724,65.749,0,0,6562040,253096,45516,1238608,67524.224,1787.177,0,924.471,0,14.943,11097,19385,1.280,1.410,1.350,1,0,12.951,0,0,35,345,0,11,1
15-04 15:18:21,25.604,6.526,65.265,0.251,0,6560448,254356,45580,1238876,33222.822,1626.601,16.065,570.314,1.004,31.126,11363,20415,1.280,1.410,1.350,3,0,13.053,0,0,35,345,0,11,1
15-04 15:18:22,27.550,9.267,61.612,1.002,0,6579232,245672,45628,1228728,16857.569,1622.943,8.015,669.214,2.004,19.035,3629,3196,1.280,1.410,1.350,1,0,11.020,0,0,35,345,0,11,1
15-04 15:18:23,27.040,4.713,62.266,4.713,0,6562284,260260,45628,1231108,8128.771,1607.496,2631.531,7.938,34.730,1.985,3366,3123,1.280,1.410,1.350,2,0,21.830,0,0,35,345,0,11,1
15-04 15:18:24,27.174,5.535,66.676,0,0,6558320,254284,45648,1241028,17965.887,1630.426,9762.428,611.913,119.766,8.051,4039,3572,1.260,1.400,1.350,2,0,65.418,0,0,35,345,0,11,1
15-04 15:18:25,43.964,9.492,43.714,1.499,0,6567412,227832,45660,1258376,16395.545,1618.672,9987.803,739.393,81.933,8.993,4596,3692,1.260,1.400,1.350,1,0,37.969,0,0,35,345,0,11,1
15-04 15:18:26,46.869,8.522,44.112,0,0,6574660,215272,45676,1263668,17382.064,1624.117,2037.164,176.447,21.053,6.015,4400,3260,1.260,1.400,1.350,2,0,21.053,0,0,35,345,0,11,1
15-04 15:18:27,25.107,3.232,68.857,0.497,0,6575492,210624,45744,1267412,27075.490,10268.402,3523.890,1475.579,37.784,31.818,3397,3244,1.260,1.400,1.350,0,0,0.994,0,0,35,346,0,11,1
15-04 15:18:28,14.833,2.514,79.191,2.263,0,6573456,208612,45976,1271220,64030.944,13069.859,3455.262,3748.898,33.185,142.796,3076,3404,1.260,1.400,1.350,1,0,0,0,0,35,346,0,11,1
15-04 15:18:29,14.903,2.484,76.999,2.732,0,6570744,205752,46212,1276556,144879.422,11830.034,4796.792,1180.321,46.696,56.632,3200,3478,1.400,1.430,1.360,1,0,0.994,0,0,35,347,0,11,1
15-04 15:18:30,24.403,2.767,71.196,0.755,0,6582364,187268,46384,1283244,23015.069,10278.340,6367.861,1155.231,55.346,45.283,3151,3004,1.400,1.430,1.360,1,0,0,0,0,35,347,0,11,1
15-04 15:18:31,25.371,4.477,66.909,0.746,0,6589936,215096,45884,1248400,25386.612,11704.347,4660.248,1743.116,39.797,77.604,3640,3730,1.400,1.430,1.360,1,0,0.995,0,0,35,347,0,10,1
15-04 15:18:32,14.040,2.758,80.228,1.504,0,6590928,205220,46144,1257024,330425.473,16265.246,7766.081,1343.821,69.197,48.137,3267,3225,1.400,1.430,1.360,2,0,0,0,0,35,347,0,10,1
15-04 15:18:33,11.215,2.243,79.500,4.237,0,6588220,204044,46748,1260304,95212.481,15844.158,2699.508,2396.461,54.828,109.655,3125,3614,1.400,1.430,1.360,1,0,0,0,0,35,347,0,10,1
15-04 15:18:34,19.273,3.004,75.590,0.501,0,6601976,203432,46532,1247372,31470.398,10980.048,9871.731,1113.323,89.106,34.040,3121,3010,1.530,1.460,1.370,2,0,2.002,0,0,35,347,0,10,1
15-04 15:18:35,9.491,3.247,83.917,0.250,0,6603616,190960,46604,1258132,2110805.553,51100.658,2117.914,1854.173,22.977,15.984,5270,4371,1.530,1.460,1.370,0,0,1.998,0,0,35,347,0,10,1
15-04 15:18:36,7.497,3.249,84.468,0.750,0,6604012,182088,46704,1266508,3800925.404,80042.852,7.997,4378.351,1.999,20.992,7689,6584,1.530,1.460,1.370,1,0,1.000,0,0,35,347,0,8,1
15-04 15:18:37,15.024,6.510,71.363,5.008,0,6600328,182924,46892,1269164,2173759.403,47577.191,14943.617,5652.934,104.165,69.109,7403,8000,1.530,1.460,1.370,2,0,4.006,0,0,35,347,0,8,1
15-04 15:18:38,29.712,3.995,63.917,0.749,0,6599620,187936,49296,1262388,10482.425,1617.905,5612.731,3267.768,48.937,77.899,3809,3814,1.530,1.460,1.370,1,0,2.996,0,0,35,347,0,8,1
15-04 15:18:39,29.688,4.740,63.618,0.748,0,6616540,194452,50300,1237912,17223.275,1616.647,9835.599,2514.784,90.812,42.911,3881,3765,1.480,1.450,1.360,2,0,1.996,0,0,35,347,0,8,1
15-04 15:18:40,28.355,4.015,66.997,0.502,0,6607728,188084,50692,1252692,14236.510,1625.997,9764.014,2621.670,76.281,369.362,3639,3409,1.480,1.450,1.360,1,0,0,0,0,35,347,0,6,1
15-04 15:18:41,29.046,3.756,64.602,0.501,0,6610560,188388,51096,1249140,10587.648,1622.551,9759.346,1454.287,77.121,50.079,3778,3916,1.480,1.450,1.360,2,0,0,0,0,35,349,0,7,1
15-04 15:18:42,27.656,3.986,66.024,0.747,0,6619396,182604,51860,1245544,17458.360,1614.485,9694.881,11568.481,75.741,469.396,3676,3525,1.480,1.450,1.360,3,1,0,0,0,35,347,0,8,1
15-04 15:18:43,26.780,6.007,62.819,4.004,0,6619176,180252,50692,1249288,15069.629,1621.790,9890.914,34610.191,114.126,153.169,3602,3361,1.480,1.450,1.360,3,0,0,0,0,35,347,0,8,1
15-04 15:18:44,26.977,3.747,61.448,5.246,0,6618684,183232,50940,1246540,20193.905,1618.630,9735.758,14407.803,79.932,130.889,3692,3718,1.440,1.440,1.360,2,0,0,0,0,35,347,0,5,1
15-04 15:18:45,28.661,4.985,54.830,10.218,0.249,6622936,274300,50704,1158792,79652.612,1614.984,9729.781,16129.903,103.678,97.697,3867,3591,1.440,1.440,1.360,4,0,0,0,0,35,347,0,5,1
15-04 15:18:46,28.069,4.762,64.660,1.002,0,6617592,258308,51224,1179648,16632.058,1461.608,9936.530,53913.091,88.218,406.002,4113,3964,1.440,1.440,1.360,1,0,0,0,0,35,347,0,5,1
15-04 15:18:47,26.406,3.772,67.399,0.754,0,6622724,219240,52048,1212744,18871.757,1629.651,9794.000,1939.486,78.465,61.363,3560,3450,1.440,1.440,1.360,1,0,0,0,0,35,347,0,5,1
15-04 15:18:48,22.346,4.221,70.017,0.745,0,6631436,229648,52636,1192984,20991.231,4250.685,9665.342,1513.562,76.473,55.616,3514,3441,1.440,1.440,1.360,1,0,0,0,0,35,345,0,5,1
15-04 15:18:49,29.203,3.021,67.217,0.252,0,6538848,312080,52668,1203124,8634.979,1631.331,9804.100,741.148,78.546,17.119,3270,2985,1.410,1.430,1.360,1,0,3.021,0,0,35,345,0,5,1
15-04 15:18:50,22.903,4.481,70.451,0.249,0.249,6565464,274940,52684,1213632,81776.650,3713.228,9822.279,1461.791,78.666,243.964,3546,3103,1.410,1.430,1.360,1,0,32.860,0,0,35,346,0,5,1
15-04 15:18:51,27.712,3.995,66.160,0.499,0,6561368,262528,53136,1229632,19700.150,1791.558,9730.738,3031.868,76.895,39.946,3629,3571,1.410,1.430,1.360,1,0,1.997,0,0,35,345,0,5,1
15-04 15:18:52,28.036,6.759,63.833,0.751,0,6618516,194788,53188,1240172,26547.380,4630.997,9860.770,652.845,84.109,27.035,3844,3514,1.410,1.430,1.360,1,0,19.025,0,0,35,346,0,6,1
15-04 15:18:53,29.286,5.757,62.576,0.751,0,6598176,198884,53752,1255796,12575.264,1796.180,9879.993,796.967,80.097,12.015,9745,16343,1.410,1.430,1.360,1,0,6.007,0,0,35,345,0,6,1
15-04 15:18:54,25.827,6.519,66.699,0,0,6589080,197112,53812,1266500,9802.243,1719.129,9757.108,2210.595,76.227,9.027,5072,6485,1.380,1.430,1.360,2,0,8.024,0,0,35,345,0,6,1
15-04 15:18:55,26.465,6.741,64.166,0,0,6591284,184532,53856,1276832,21279.237,1617.889,9715.324,7.990,75.901,0.999,11495,20096,1.380,1.430,1.360,1,0,12.983,0,0,35,345,0,6,1
15-04 15:18:56,22.931,6.231,67.298,0.997,0,6579948,185132,53904,1287516,20631.046,1453.635,9710.839,626.120,78.763,17.946,3307,3063,1.380,1.430,1.360,2,0,6.979,0,0,35,345,0,6,1
15-04 15:18:57,25.754,5.251,67.760,0.250,0,6528572,257392,53360,1267248,16889.588,1620.248,9857.511,312.048,77.012,11.002,3247,2979,1.380,1.430,1.360,2,0,1.000,0,0,35,345,0,6,1
15-04 15:18:58,22.998,4.250,66.995,4.000,0,6532796,241052,53448,1279272,12257.006,1619.869,10703.132,7.999,172.986,2.000,3277,3175,1.380,1.430,1.360,1,0,5.000,0,0,35,345,0,6,1
15-04 15:18:59,21.751,5.000,66.004,5.000,0,6545192,214588,53820,1292928,16985.940,1620.090,11660.645,1968.109,320.018,13.001,3622,3779,1.510,1.450,1.370,2,0,1.000,0,0,35,345,0,6,1
15-04 15:19:00,23.269,4.254,63.553,6.505,0,6544700,202860,54140,1304824,13568.235,1621.343,10997.106,1172.971,145.120,106.088,6320,8616,1.510,1.450,1.370,3,1,0,0,0,35,348,0,10,1
15-04 15:19:01,23.757,5.252,60.519,9.003,0,6547360,187508,54740,1316916,8656.710,1620.507,11491.597,1844.577,193.060,251.079,6875,10212,1.510,1.450,1.370,1,0,1.000,0,0,35,348,0,12,1
15-04 15:19:02,16.288,15.786,64.900,1.503,0,6492288,232044,54896,1327296,9892.792,1623.741,9942.907,1419.270,81.187,100.231,6236,6391,1.510,1.450,1.370,1,0,283.654,0,0,35,347,0,12,1
15-04 15:19:03,10.017,19.032,66.861,2.003,0,6490724,223104,55032,1337664,19662.547,1622.686,9940.454,8.013,83.138,1.002,6184,5420,1.510,1.450,1.370,2,0,299.496,0,0,35,347,0,12,1
15-04 15:19:04,21.624,8.948,65.617,2.237,0,6526956,196032,54708,1328828,13153.206,1610.597,9993.653,3209.263,85.501,187.903,4214,4484,1.470,1.440,1.370,2,0,71.582,0,0,35,347,0,12,1
15-04 15:19:05,26.726,4.746,66.190,0.749,0,6564004,182212,51888,1308924,16568.013,1456.682,9970.980,75.931,82.925,6.994,3663,3462,1.470,1.440,1.370,1,0,0,0,0,35,347,0,12,1
15-04 15:19:06,26.652,2.766,65.120,4.274,0,6564596,215416,39300,1288940,10692.808,1629.265,9823.867,2397.635,86.492,404.299,3600,3433,1.470,1.440,1.370,2,0,0,0,0,35,347,0,12,1
15-04 15:19:07,26.495,10.648,50.267,10.648,0,6524976,242804,39364,1301108,17487.023,1604.587,11414.356,51754.854,132.725,463.547,5260,13724,1.470,1.440,1.370,1,0,74.286,0,0,35,347,0,13,1
15-04 15:19:08,25.949,3.779,67.771,2.015,0,6563380,193656,39364,1311852,14266.599,1632.542,10182.222,0,83.643,0,3165,2883,1.470,1.440,1.370,2,0,0,0,0,35,347,0,12,1
15-04 15:19:09,28.038,3.254,67.592,0,0,6563552,183232,39364,1322104,8717.862,1622.207,9741.254,0,76.104,0,3536,3446,1.430,1.440,1.360,1,0,1.001,0,0,35,347,0,12,1
15-04 15:19:10,24.256,6.752,66.768,0.500,0,6544336,191732,39364,1332820,10013.633,1620.426,9986.625,8.002,79.021,2.001,3630,3328,1.430,1.440,1.360,3,1,43.011,0,0,35,347,0,12,1
15-04 15:19:11,26.769,5.254,64.295,2.752,0,6568856,185788,37476,1317448,19068.252,1805.255,9918.893,428.298,88.061,39.027,3839,3741,1.430,1.440,1.360,3,0,6.004,0,0,35,347,0,13,1
15-04 15:19:12,26.479,6.245,60.702,5.246,0,6555004,218464,37668,1298648,13355.507,1618.728,10631.647,51511.531,121.904,695.454,6107,8025,1.430,1.440,1.360,1,0,0,0,0,35,348,0,12,1
15-04 15:19:13,24.147,6.223,60.242,6.721,0,6493408,269492,38100,1308784,16335.003,1613.088,9889.622,2584.923,90.612,209.104,5903,7489,1.430,1.440,1.360,3,1,34.851,0,0,35,347,0,12,1
15-04 15:19:14,22.309,5.264,65.422,6.266,0,6531712,220852,38164,1319056,11060.052,1624.267,10307.074,469.233,106.279,32.084,3399,3447,1.390,1.430,1.360,1,0,0,0,0,35,347,0,12,1
15-04 15:19:15,28.054,3.972,65.293,0.248,0,6569180,215892,38108,1286852,81539.496,1608.744,9684.243,107.250,78.451,7.944,3668,3307,1.390,1.430,1.360,4,0,0,0,0,35,347,0,12,1
15-04 15:19:16,26.423,6.039,66.685,0.252,0,6531864,243216,38180,1296772,19393.617,1552.134,9840.245,467.049,81.532,35.230,4125,4070,1.390,1.430,1.360,1,0,39.256,0,0,35,347,0,12,1
15-04 15:19:17,26.831,4.472,66.083,0.248,0,6541180,224388,38180,1306284,12595.559,1609.847,9539.831,1927.841,74.530,335.882,3397,2979,1.390,1.430,1.360,1,0,0,0,0,35,347,0,12,1
15-04 15:19:18,29.371,4.017,64.265,1.004,0.251,6560912,194448,38236,1316436,12579.790,1626.697,10045.356,285.174,80.331,26.107,3893,3962,1.390,1.430,1.360,2,0,0,0,0,35,347,0,13,1
15-04 15:19:19,24.280,7.259,66.331,0.250,0,6539976,206148,38236,1325656,17186.015,1621.983,9483.597,0,74.091,0,3769,3425,1.360,1.420,1.360,1,0,43.053,0,0,35,347,0,13,1
15-04 15:19:20,27.356,4.267,66.759,0,0,6571588,200276,38064,1300136,62950.497,1626.317,10075.131,0,84.328,0,3480,3048,1.360,1.420,1.360,3,0,0,0,0,35,347,0,13,1
15-04 15:19:21,25.863,6.466,62.667,3.481,0,6572564,187888,38592,1311020,38818.682,1611.435,10217.694,4348.886,97.482,314.329,6051,7869,1.360,1.420,1.360,1,0,0,0,0,35,348,0,13,1
15-04 15:19:22,28.642,8.040,61.554,0.754,0.251,6528844,221152,38756,1321312,13864.551,1628.050,9933.113,598.961,89.442,73.363,4940,5499,1.360,1.420,1.360,2,0,35.174,0,0,35,347,0,13,1
15-04 15:19:23,27.802,3.724,65.534,0,0,6556084,198504,38668,1316876,18253.106,1608.553,9659.262,285.965,75.463,12.908,3341,2900,1.360,1.420,1.360,1,0,0.993,0,0,35,347,0,13,1
15-04 15:19:24,28.422,4.024,65.145,1.509,0,6483604,260408,38852,1327268,13953.544,1629.875,10044.861,2394.508,87.530,141.860,3870,3913,1.330,1.410,1.360,1,0,5.030,0,0,35,347,0,13,1
15-04 15:19:25,29.486,24.738,43.479,1.000,0,6520596,213032,38872,1337632,9143.532,1457.288,10175.028,15.992,92.955,3.998,6916,6012,1.330,1.410,1.360,3,0,407.801,0,0,35,347,0,13,1
15-04 15:19:26,29.774,24.770,43.786,0,0.250,6522252,200840,39008,1348032,17449.256,1621.325,10380.481,184.150,89.073,12.010,6856,5853,1.330,1.410,1.360,2,0,346.283,0,0,35,347,0,13,1
15-04 15:19:27,18.773,20.526,58.073,1.752,0,6504320,208900,39036,1358392,13284.608,1622.028,10096.622,240.300,85.106,20.025,7634,8380,1.330,1.410,1.360,4,0,308.386,0,0,35,347,0,13,1
15-04 15:19:28,12.465,6.232,52.851,24.930,0.249,6493056,208452,39096,1370044,9754.434,1657.316,11746.804,179.493,361.977,17.949,3945,4141,1.330,1.410,1.360,1,0,28.918,0,0,35,347,0,13,1
15-04 15:19:29,25.077,16.049,55.670,2.758,0,6504484,186744,39184,1379724,18490.494,1624.965,10098.855,401.226,111.340,34.104,6831,8051,1.310,1.410,1.350,2,0,154.472,0,0,35,347,0,13,1
15-04 15:19:30,27.477,22.481,43.214,4.996,0,6528116,186212,39048,1356860,20030.452,1618.663,11062.860,11.990,175.855,2.998,6704,5832,1.310,1.410,1.350,3,0,318.737,0,0,35,347,0,13,1
15-04 15:19:31,30.592,21.389,37.556,7.959,0,6560980,186732,37424,1325736,21318.599,1611.654,16025.012,588.950,339.243,52.727,7863,8899,1.310,1.410,1.350,2,0,291.490,0,0,35,347,0,13,1
15-04 15:19:32,36.746,13.998,35.746,11.749,0,6580972,201228,37828,1290504,14287.401,2140.760,13642.473,3567.601,327.963,541.939,6473,6840,1.310,1.410,1.350,5,1,126.986,0,0,35,347,0,13,1
15-04 15:19:33,42.510,21.884,24.651,10.062,0,6649852,191172,31060,1238648,8703.203,1629.964,14222.946,442.706,285.747,12.074,6588,5867,1.310,1.410,1.350,6,2,304.864,0,0,35,347,0,13,1
15-04 15:19:34,58.923,24.365,5.967,10.193,0,6751880,194060,30176,1135276,18620.652,1611.058,15040.523,1261.001,352.046,66.630,8305,10440,1.680,1.480,1.380,14,0,333.151,0,0,35,351,0,13,1
15-04 15:19:35,61.874,14.028,14.780,9.018,0,6781052,207052,30596,1092512,19716.648,1665.349,13146.436,1907.836,231.465,146.294,8150,11035,1.680,1.480,1.380,1,2,99.199,0,0,35,356,0,13,1
15-04 15:19:36,51.643,23.816,20.306,2.006,0,6834060,191924,31644,1053700,11315.334,1462.049,10809.934,6822.894,133.369,478.325,10523,13960,1.680,1.480,1.380,4,0,326.905,0,0,35,356,0,14,1
15-04 15:19:37,52.650,23.455,15.970,7.486,0,6902872,201876,30860,976160,16931.709,1616.916,13262.707,1157.792,158.697,97.813,8789,12397,1.680,1.480,1.380,3,2,238.545,0,0,35,355,0,14,1
15-04 15:19:38,51.078,8.513,11.517,27.291,0,6914396,206556,33080,958116,12960.668,1860.824,17514.579,1033.568,487.740,98.149,6993,8419,1.680,1.480,1.380,1,2,20.030,0,0,35,358,0,18,1
15-04 15:19:39,29.229,10.742,29.729,27.731,0.250,6882312,203192,35340,991508,17790.515,1838.710,35159.326,1706.802,1779.751,95.933,7156,8831,1.870,1.530,1.390,1,1,23.983,0,0,35,359,0,18,1
15-04 15:19:40,32.923,10.725,45.643,9.478,0,6912936,186032,35240,978356,28327.554,2714.632,20739.353,2047.198,1091.440,132.689,8559,11570,1.870,1.530,1.390,11,0,17.958,0,0,35,359,0,18,1
15-04 15:19:41,50.704,10.936,32.808,3.728,0,6953452,202336,35300,922168,30140.061,4011.583,10403.272,1387.898,121.292,112.344,6425,7233,1.870,1.530,1.390,8,0,15.907,0,0,35,361,0,18,1
15-04 15:19:42,43.194,12.377,31.575,13.135,0,6935308,240756,36740,900632,34084.473,4602.323,22850.964,383.948,449.623,4.042,5183,4397,1.870,1.530,1.390,8,1,29.301,0,0,35,358,0,20,1
15-04 15:19:43,87.363,11.232,0,0,0,6660152,501460,37468,914084,63874.032,2008.856,14269.667,3075.187,355.444,201.684,7247,5808,1.870,1.530,1.390,4,2,16.973,0,0,35,345,0,22,1
15-04 15:19:44,87.114,12.480,0,0.250,0,6748796,398168,38224,928312,18034.771,1837.124,14413.440,407.362,299.531,46.927,6426,5288,2.360,1.630,1.430,7,0,2.995,0,0,35,341,0,22,1
15-04 15:19:45,87.000,13.539,0,0.251,0,6768256,365888,39028,940328,79525.346,1624.665,12291.293,3682.574,407.169,229.659,6475,5682,2.360,1.630,1.430,8,0,3.009,0,0,35,341,0,21,1
15-04 15:19:46,88.778,11.504,0,0.250,0,6848496,275148,39232,950624,34204.724,1458.457,10023.142,348.109,95.030,30.009,7046,6206,2.360,1.630,1.430,6,0,0,0,0,35,341,0,21,1
15-04 15:19:47,84.805,12.932,0.249,1.243,0,6926184,184940,40176,962192,17783.773,1611.552,11424.112,421.789,199.952,17.906,6960,7120,2.360,1.630,1.430,5,0,23.875,0,0,35,344,0,21,1
15-04 15:19:48,78.205,12.493,1.499,6.996,0,6975248,196624,38728,902872,9697.462,1904.912,5396.918,10430.044,272.844,989.435,6767,5290,2.360,1.630,1.430,2,1,19.989,0,0,35,346,0,21,1
15-04 15:19:49,31.075,6.766,54.381,6.766,0,6981804,186440,38816,906416,23411.557,2147.187,3612.728,1547.739,54.131,39.094,3641,3644,2.330,1.640,1.430,4,0,4.010,0,0,35,348,0,21,1
15-04 15:19:50,21.196,6.234,69.822,0.249,0,6981012,187208,38832,906424,52603.725,1705.646,0,99.745,0,7.980,2866,2474,2.330,1.640,1.430,4,0,0,0,0,35,348,0,21,1
15-04 15:19:51,22.520,7.757,69.063,0.500,0,6979500,188624,38880,906472,48966.509,1621.474,48.044,416.378,1.001,22.020,2951,2576,2.330,1.640,1.430,3,0,0,0,0,35,348,0,21,1
15-04 15:19:52,21.734,7.494,69.449,0,0,6979400,188708,38896,906472,35000.175,1618.806,0,139.897,0,10.992,2890,2318,2.330,1.640,1.430,2,0,0,0,0,35,348,0,21,1
15-04 15:19:53,24.746,8.249,65.490,0.500,0,6980436,225224,38884,868964,12512.999,1619.741,7.999,4487.282,2.000,727.884,3334,2591,2.330,1.640,1.430,4,0,0,0,0,35,348,0,20,1
15-04 15:19:54,22.589,5.271,70.778,0,0,6980620,224984,38936,868968,17451.535,1720.758,0,176.694,0,22.087,2709,2386,2.220,1.630,1.430,2,0,0,0,0,35,348,0,20,1
15-04 15:19:55,22.159,6.722,69.962,0,0,6979160,226444,38936,868968,23540.932,1613.348,0,0,0,0,2686,2182,2.220,1.630,1.430,3,0,0,0,0,35,348,0,20,1
15-04 15:19:56,22.749,6.250,69.996,0.250,0,6979024,226444,38976,869064,9341.406,1457.907,11.999,203.987,3.000,19.999,2553,2215,2.220,1.630,1.430,2,0,0,0,0,35,348,0,20,1
15-04 15:19:57,22.538,6.261,69.368,0.250,0.250,6978292,227100,39032,869084,17664.936,1622.750,16.027,140.238,1.002,21.036,2873,2655,2.220,1.630,1.430,3,0,0,0,0,35,350,0,20,1
15-04 15:19:58,22.470,6.741,69.658,0.250,0.250,6971388,233964,39072,869084,25690.982,1707.739,0,295.609,0,23.968,2887,2295,2.220,1.630,1.430,1,0,0,0,0,35,350,0,20,1
15-04 15:19:59,23.003,7.001,67.259,0.750,0,6971940,233212,39168,869188,7856.035,1620.213,96.013,312.041,5.001,39.005,3160,3271,2.120,1.620,1.430,2,0,1.000,0,0,35,352,0,20,1
15-04 15:20:00,23.320,7.522,65.947,2.507,0,6973892,230752,39232,869632,20571.338,1624.845,320.957,597.782,15.045,40.120,3051,2864,2.120,1.620,1.430,1,0,2.006,0,0,35,352,0,20,1
15-04 15:20:01,23.687,5.485,69.066,0.499,0,6971880,232620,39328,869680,11721.847,1615.706,31.915,335.109,1.995,37.899,2986,2993,2.120,1.620,1.430,1,0,0,0,0,35,352,0,20,1
15-04 15:20:02,21.745,6.499,70.484,0,0,6972132,232368,39328,869680,19296.637,1619.634,0,0,0,0,2626,2099,2.120,1.620,1.430,1,0,0,0,0,35,352,0,14,1
15-04 15:20:03,22.970,6.741,69.408,0,0,6972324,232144,39360,869680,14393.004,1617.865,0,703.072,0,85.887,2769,2410,2.120,1.620,1.430,1,0,0,0,0,35,352,0,14,1
15-04 15:20:04,21.524,7.008,70.579,0,0,6971492,232976,39360,869680,14702.541,1621.825,0,4.005,0,1.001,2572,2178,2.030,1.610,1.430,2,0,0,0,0,35,352,0,14,1
15-04 15:20:05,22.741,6.497,68.973,0.500,0,6971380,232976,39424,869728,16880.302,1619.357,47.981,1079.572,1.000,219.913,3120,2646,2.030,1.610,1.430,1,0,1.999,0,0,35,352,0,14,1
15-04 15:20:06,21.610,6.784,70.860,0,0,6971364,232976,39448,869720,14297.601,1465.441,0,205.041,0,16.082,2546,2167,2.030,1.610,1.430,1,0,0,0,0,35,352,0,14,1
15-04 15:20:07,29.333,10.192,58.417,0.249,0,6993744,210536,39488,869740,10351.028,1610.823,7.955,115.343,0.994,16.904,4096,11776,2.030,1.610,1.430,1,0,35.796,0,0,35,352,0,15,1
15-04 15:20:08,23.208,6.987,68.127,0.250,0,6991280,212880,39576,869772,16655.869,1617.075,31.942,574.960,1.996,43.921,3271,3212,2.030,1.610,1.430,1,0,0.998,0,0,35,352,0,15,1
15-04 15:20:09,22.660,7.805,68.231,1.007,0,6989580,214480,39624,869824,14136.609,1722.134,16.114,249.760,1.007,39.277,3016,2893,1.950,1.600,1.420,2,1,1.007,0,0,35,352,0,15,1
15-04 15:20:10,21.394,6.717,69.407,0.498,0,6987428,216536,39680,869864,17605.907,2153.348,63.685,218.917,2.985,23.882,2907,2643,1.950,1.600,1.420,2,0,0,0,0,35,352,0,14,1
15-04 15:20:11,23.442,7.481,67.333,0,0,6980504,223376,39744,869884,16741.501,1615.994,15.960,311.229,0.998,27.931,3166,2907,1.950,1.600,1.420,3,0,6.983,0,0,35,352,0,15,1
15-04 15:20:12,22.329,6.272,69.998,0.251,0,6980488,223376,39760,869884,9458.490,1625.756,0,152.540,0,9.032,2630,2323,1.950,1.600,1.420,1,0,0,0,0,35,352,0,16,1
15-04 15:20:13,22.241,6.497,69.972,0.250,0,6979840,223984,39808,869876,16745.307,1619.353,0,427.829,0,29.988,2805,2446,1.950,1.600,1.420,1,0,0,0,0,35,352,0,16,1
15-04 15:20:14,22.738,6.247,69.465,0.250,0,6980036,223732,39840,869900,12909.412,1619.174,15.992,171.912,0.999,31.984,2858,2606,1.870,1.590,1.420,1,0,0,0,0,35,352,0,14,1
15-04 15:20:15,22.029,6.258,70.093,0.501,0,6980216,223508,39880,869904,81293.914,1622.153,0,236.314,0,21.028,2974,2590,1.870,1.590,1.420,1,0,0,0,0,35,352,0,14,1
15-04 15:20:16,21.982,6.495,70.191,0,0,6980152,223508,39912,869936,16413.278,1456.782,31.973,91.923,1.998,12.989,2829,2628,1.870,1.590,1.420,1,0,0,0,0,35,352,0,14,1
15-04 15:20:17,22.449,6.485,69.593,0,0,6980104,223508,39944,869952,18423.537,1616.362,15.964,87.802,0.998,13.969,2843,2595,1.870,1.590,1.420,1,0,0,0,0,35,352,0,14,1
15-04 15:20:18,23.059,6.517,69.429,0.251,0,6980536,223028,39992,869952,16233.816,1624.184,0,421.085,0,30.077,2920,2650,1.870,1.590,1.420,2,0,0,0,0,35,352,0,13,1
15-04 15:20:19,22.245,6.249,70.233,0,0,6980448,223028,40024,870008,8260.020,1619.612,47.988,103.975,2.999,11.997,2879,2741,1.800,1.580,1.420,2,0,1.000,0,0,35,352,0,13,1
15-04 15:20:20,21.975,6.493,69.921,0.749,0,6979564,223760,40088,870096,77400.651,1618.174,79.910,507.427,3.995,37.957,2831,2635,1.800,1.580,1.420,1,0,0,0,0,35,352,0,13,1
15-04 15:20:21,22.035,6.510,70.361,0,0,6979516,223760,40120,870112,16271.736,1622.566,16.025,136.215,1.002,13.021,2880,2656,1.800,1.580,1.420,1,0,0,0,0,35,352,0,13,1
15-04 15:20:22,22.232,7.244,69.694,0,0,6979988,223284,40120,870116,15700.399,1618.701,0,7.994,0,0.999,2687,2255,1.800,1.580,1.420,1,0,0,0,0,35,352,0,13,1
15-04 15:20:23,26.971,9.240,60.435,1.748,0,7007064,187292,40144,879008,16546.201,1618.259,7595.829,275.703,61.933,18.980,3392,2802,1.800,1.580,1.420,1,0,3.996,0,0,35,352,0,13,1
15-04 15:20:24,23.785,7.761,66.848,0.250,0,7007260,195252,39020,872004,14200.844,1622.381,9834.435,1333.958,81.119,263.387,3329,2866,1.820,1.580,1.420,1,0,0,0,0,35,352,0,13,1
15-04 15:20:25,42.270,12.506,43.770,1.000,0,7039428,184588,38808,850716,16601.768,1620.758,10168.758,124.058,114.053,27.013,4304,3093,1.820,1.580,1.420,3,0,5.002,0,0,35,352,0,13,1
15-04 15:20:26,43.975,11.993,43.726,0,0,7014116,202044,38704,858676,14720.795,1457.188,10246.289,135.924,83.953,11.993,4321,3197,1.820,1.580,1.420,3,0,5.997,0,0,35,352,0,13,1
15-04 15:20:27,28.233,9.244,60.963,0,0,7000000,205612,38736,869192,8202.961,1619.005,10121.782,91.944,79.951,11.993,3500,3138,1.820,1.580,1.420,1,0,0.999,0,0,35,352,0,13,1
15-04 15:20:28,24.518,7.505,65.047,1.501,0,6998656,196300,39136,879448,9700.981,1663.197,9959.167,2565.846,89.064,128.092,3395,3588,1.820,1.580,1.420,2,0,0,0,0,35,352,0,13,1
15-04 15:20:29,24.995,7.248,65.486,0.250,0,6997292,187324,39200,889724,17015.449,1619.662,9757.963,403.916,77.984,65.986,3542,3442,1.750,1.580,1.420,1,0,1.000,0,0,35,352,0,13,1
15-04 15:20:30,24.787,7.762,66.098,0,0,6995208,187776,39228,891336,18792.945,1622.413,9902.725,689.025,80.119,72.107,3353,3182,1.750,1.580,1.420,1,0,0,0,0,35,352,0,13,1
15-04 15:20:31,24.713,7.988,65.652,0.250,0,6995360,185984,39256,892948,17289.093,1617.576,9745.397,195.707,79.880,28.957,3482,3395,1.750,1.580,1.420,3,0,0,0,0,35,352,0,13,1
15-04 15:20:32,24.489,7.247,66.471,0,0,6995444,184376,39192,894548,12727.417,1619.290,9723.735,0,75.967,0,3086,2729,1.750,1.580,1.420,1,0,0,0,0,35,352,0,13,1
15-04 15:20:33,24.785,8.011,66.344,0.250,0,6994920,182148,39120,897420,16654.560,1622.295,9773.826,352.499,78.110,24.034,3281,2885,1.750,1.580,1.420,4,0,0,0,0,35,352,0,13,1
15-04 15:20:34,23.979,7.494,66.443,0,0,6995392,188504,38300,891412,13339.489,1618.603,9847.502,3.997,99.914,0.999,3113,2729,1.690,1.570,1.420,2,0,1.998,0,0,35,352,0,13,1
15-04 15:20:35,23.730,7.993,66.445,0,0,6996200,186288,38072,893048,8602.858,1498.756,9719.931,0,76.936,0,3073,2747,1.690,1.570,1.420,4,0,0,0,0,35,352,0,13,1
15-04 15:20:36,24.269,8.006,66.803,0,0,6995256,185568,37780,895004,17714.950,1621.277,9735.666,0,76.060,0,3111,2636,1.690,1.570,1.420,1,0,0,0,0,35,352,0,13,1
15-04 15:20:37,26.005,7.001,62.262,3.001,0,6994616,183528,37812,897652,17464.227,1620.299,10697.977,120.022,122.023,15.003,3652,3596,1.690,1.570,1.420,2,0,0,0,0,35,352,0,13,1
15-04 15:20:38,27.719,9.240,61.932,0,0,6993168,183004,37724,899712,9347.665,1618.211,9749.221,187.792,108.880,10.988,3999,5726,1.690,1.570,1.420,2,0,2.997,0,0,35,352,0,8,1
15-04 15:20:39,29.146,8.291,61.055,0.251,0,6993764,180548,37780,901540,16920.660,1628.146,9792.998,1664.327,105.528,328.644,4122,3984,1.640,1.560,1.410,3,0,2.010,0,0,35,354,0,9,1
15-04 15:20:40,30.014,8.186,58.292,1.984,0,6993788,187028,36972,895844,12197.064,1607.357,10037.053,329.409,98.227,33.735,4289,4608,1.640,1.560,1.410,3,0,1.984,0,0,35,352,0,10,1
15-04 15:20:41,24.113,7.706,65.131,0.249,0,6993764,185348,37020,897500,16792.819,1610.870,9816.361,437.520,77.560,54.690,3480,3307,1.640,1.560,1.410,2,0,0,0,0,35,354,0,11,1
15-04 15:20:42,24.499,8.587,66.171,0.253,0,6947388,230244,37036,898964,12431.125,1636.605,9827.711,173.763,76.779,12.123,3248,2892,1.640,1.560,1.410,0,1,1.010,0,0,35,350,0,12,1
15-04 15:20:43,26.004,4.251,66.261,2.250,0,6987776,198768,37192,889908,8515.404,1620.267,9865.626,596.098,110.018,34.006,3385,3258,1.640,1.560,1.410,0,1,1.000,0,0,35,350,0,9,1
15-04 15:20:44,19.979,3.746,65.930,8.241,0,7013472,184300,37004,878868,18489.483,1618.292,11743.604,99.895,125.867,11.987,3302,3365,1.590,1.550,1.410,1,0,0,0,0,35,350,0,9,1
15-04 15:20:45,25.514,6.003,65.037,1.501,0,7076376,186580,36912,813844,83304.172,3600.039,9933.625,348.197,124.070,23.013,4445,5145,1.590,1.550,1.410,4,0,1.001,0,0,35,353,0,9,1
15-04 15:20:46,15.489,3.248,76.445,2.998,0,7078932,183556,36964,814280,53688.587,11290.922,9844.956,363.740,83.940,39.971,3788,4594,1.590,1.550,1.410,0,0,0,0,0,35,354,0,9,1
15-04 15:20:47,6.751,2.250,88.507,0.250,0,7079740,182676,36980,814336,17159.352,1620.128,9872.778,196.015,78.006,21.002,2792,3463,1.590,1.550,1.410,0,0,0,0,0,35,354,0,7,1
15-04 15:20:48,6.756,2.252,88.831,0,0,7079060,183196,36940,814536,16752.310,1621.482,9736.899,248.227,76.070,10.009,2726,3375,1.590,1.550,1.410,1,0,0,0,0,35,354,0,7,1
15-04 15:20:49,5.732,2.492,88.714,0.498,0,7080072,182192,36892,814576,18355.832,1614.795,9712.692,239.229,76.753,21.929,2775,3489,1.460,1.520,1.400,0,0,0.997,0,0,35,354,0,7,1
15-04 15:20:50,6.260,2.504,88.138,0.501,0.250,7079352,181852,36988,815540,51902.544,1622.549,9839.459,773.215,81.127,64.101,2929,3652,1.460,1.520,1.400,0,0,0,0,0,35,354,0,7,1
15-04 15:20:51,6.256,2.002,88.341,0.250,0,7079572,181560,37012,815588,42645.733,1621.663,9882.134,332.341,78.080,13.013,2629,3352,1.460,1.520,1.400,0,0,0,0,0,35,354,0,7,1
15-04 15:20:52,6.746,2.249,89.196,0,0,7079828,180800,36980,816124,16681.812,1619.011,9722.062,3.998,96.941,0.999,2591,3131,1.460,1.520,1.400,0,0,0,0,0,35,354,0,7,1
15-04 15:20:53,9.252,4.251,84.270,0.250,0,7078236,219872,36756,778876,17938.164,1620.376,9302.159,304.071,74.017,20.005,2733,3112,1.460,1.520,1.400,0,0,1.000,0,0,35,354,0,7,1
15-04 15:20:54,5.751,2.250,89.516,0,0,7078276,209948,36772,788744,8814.570,1552.276,9729.732,48.009,76.014,6.001,2352,2925,1.420,1.510,1.400,0,0,0,0,0,35,354,0,7,1
15-04 15:20:55,6.502,1.751,89.526,0.250,0,7079008,199360,36772,798600,17688.158,1620.473,9858.875,3276.956,78.023,478.139,2578,2943,1.420,1.510,1.400,0,0,0,0,0,35,354,0,7,1
15-04 15:20:56,7.249,2.000,87.986,0.750,0,7079148,189540,36844,808208,16173.482,1619.748,9734.484,243.962,77.988,34.995,2781,3455,1.420,1.510,1.400,0,0,0,0,0,35,356,0,7,1
15-04 15:20:57,7.504,2.251,87.550,0.250,0.250,7079216,180868,36900,816756,17140.764,1620.923,9749.553,304.173,77.044,29.017,2817,3452,1.420,1.510,1.400,2,0,1.001,0,0,35,356,0,7,1
15-04 15:20:58,5.994,2.747,89.161,0,0,7078536,189116,36772,809316,11954.015,1618.377,9846.129,43.956,76.923,1.998,2478,3007,1.420,1.510,1.400,0,0,0,0,0,35,356,0,7,1
15-04 15:20:59,7.247,2.749,86.215,1.249,0,7079496,187272,36876,810096,8061.698,1619.337,9756.004,271.889,86.964,39.984,2959,3911,1.310,1.490,1.390,0,0,1.000,0,0,35,356,0,7,1
15-04 15:21:00,6.261,2.003,87.151,1.503,0,7077848,189192,36928,809772,17472.303,1622.815,9792.985,677.174,78.136,52.090,2854,3559,1.310,1.490,1.390,0,0,0,0,0,35,356,0,7,1
15-04 15:21:01,6.746,2.249,88.443,0,0,7078660,187896,36968,810216,12259.127,1618.960,9897.644,123.920,78.949,17.988,2679,3451,1.310,1.490,1.390,0,0,0,0,0,35,356,0,7,1
15-04 15:21:02,5.748,2.249,89.215,0.250,0,7078320,188364,36952,810104,16853.397,1619.366,9724.190,11.995,75.970,1.000,2444,2949,1.310,1.490,1.390,2,0,0,0,0,35,356,0,7,1
15-04 15:21:03,11.803,19.086,66.049,2.260,0,7088484,184824,36900,803532,12639.188,1464.627,10045.452,357.618,95.432,24.109,6955,6724,1.310,1.490,1.390,3,0,471.132,0,0,35,356,0,7,1
15-04 15:21:04,9.472,20.688,67.548,0,0,7088824,183896,36852,804168,31486.739,1615.165,9826.582,3.988,76.770,0.997,7407,7016,1.200,1.460,1.390,3,0,490.532,0,0,35,356,0,7,1
15-04 15:21:05,9.762,20.775,66.581,0.751,0,7090364,180748,36824,805804,14892.019,1621.963,9767.819,0,81.098,0,7360,6978,1.200,1.460,1.390,0,1,517.626,0,0,35,356,0,7,1
15-04 15:21:06,11.492,20.235,64.453,2.498,0,7085480,183844,36780,807636,10624.216,1618.814,9780.834,127.906,80.941,14.989,7313,7357,1.200,1.460,1.390,0,1,515.622,0,0,35,356,0,7,1
15-04 15:21:07,18.803,14.040,55.657,10.530,0.251,7084388,215356,36708,777332,40416.776,222510.379,14573.024,393.107,165.466,30.085,6952,12692,1.200,1.460,1.390,0,1,277.782,0,0,35,356,0,8,1
15-04 15:21:08,5.992,1.997,88.133,1.997,0,7067304,221816,36848,787800,21512.548,1873.522,10733.804,107.857,97.871,3.995,2742,3157,1.200,1.460,1.390,0,0,0,0,0,35,356,0,8,1
15-04 15:21:09,5.482,2.243,88.965,0.498,0,7062480,216312,37092,797884,23230.514,1614.822,9840.448,2268.726,77.751,146.530,3038,3972,1.110,1.440,1.380,1,0,0.997,0,0,35,356,0,8,1
15-04 15:21:10,6.003,1.751,90.550,0.500,0,7062600,205952,37132,808084,34259.818,1620.890,9861.417,184.101,81.045,18.010,2722,3244,1.110,1.440,1.380,0,0,0,0,0,35,356,0,8,1
15-04 15:21:11,6.744,3.247,87.428,0,0,7063832,194632,37212,818092,13402.888,1618.658,9863.822,359.702,77.935,33.972,2954,3638,1.110,1.440,1.380,2,0,6.994,0,0,35,356,0,7,1
15-04 15:21:12,5.504,1.501,90.315,0.250,0,7064264,183816,37228,828460,17743.711,1621.161,9734.974,432.310,76.054,64.046,2461,3028,1.110,1.440,1.380,1,0,0,0,0,35,356,0,8,1
15-04 15:21:13,5.747,2.249,89.950,0.250,0,7060584,196800,36912,819472,27438.739,1629.094,9842.526,427.762,81.954,30.983,2680,3157,1.110,1.440,1.380,0,0,0,0,0,35,356,0,8,1
15-04 15:21:14,6.778,2.008,90.120,0,0.251,7063480,182468,36944,830876,13661.028,1626.671,9784.128,108.445,77.317,13.054,2612,3322,1.020,1.410,1.370,3,0,0,0,0,35,356,0,8,1
15-04 15:21:15,5.750,1.500,90.246,0.250,0,7060088,185392,36964,831324,77765.845,1619.934,9855.600,603.975,76.997,100.996,2570,3130,1.020,1.410,1.370,0,0,0,0,0,35,356,0,7,1
15-04 15:21:16,6.468,2.488,88.314,0,0,7062844,191752,37028,822144,38108.675,1612.034,9831.415,167.174,81.597,24.877,3118,3815,1.020,1.410,1.370,0,0,0,0,0,35,356,0,7,1
15-04 15:21:17,5.987,1.996,89.557,0.249,0,7068284,176148,37064,832272,13415.127,1616.521,9723.073,219.528,76.835,13.970,2542,3234,1.020,1.410,1.370,1,0,0,0,0,35,356,0,7,1
15-04 15:21:18,7.265,3.257,87.175,0.501,0,7065032,188208,37084,823444,19544.176,1623.254,10012.069,208.418,86.173,22.044,2946,3594,1.020,1.410,1.370,0,0,0,0,0,35,356,0,7,1
15-04 15:21:19,6.250,2.250,88.243,0.250,0,7062232,199120,37052,815364,21450.353,1619.876,9835.245,255.980,80.994,23.998,2793,3414,0.940,1.390,1.360,1,0,1.000,0,0,35,356,0,7,1
15-04 15:21:20,6.255,3.003,89.078,0.500,0,7061340,189800,37100,825528,83622.916,3266.849,9792.539,480.419,79.069,31.027,2587,3036,0.940,1.390,1.360,0,0,0,0,0,35,356,0,7,1
15-04 15:21:21,6.255,1.751,88.824,0,0,7063236,195968,37160,817404,13058.838,2560.125,9848.174,100.083,81.067,12.010,2622,3332,0.940,1.390,1.360,0,0,0,0,0,35,356,0,7,1
15-04 15:21:22,7.008,2.252,89.096,0,0,7061436,187656,37160,827516,22101.751,2722.926,9866.603,92.099,77.083,23.025,2562,3013,0.940,1.390,1.360,0,0,0,0,0,35,356,0,7,1
15-04 15:21:23,9.266,4.257,84.899,0.250,0,7061712,222752,37032,792304,17529.701,2724.772,9745.067,276.484,122.214,16.028,2802,3088,0.940,1.390,1.360,0,0,1.002,0,0,35,356,0,7,1
15-04 15:21:24,5.484,2.243,89.490,0.249,0,7062444,211872,37056,802428,17188.103,1615.311,9699.841,91.734,75.780,12.962,2463,2957,0.860,1.370,1.360,0,0,0,0,0,35,356,0,7,1
15-04 15:21:25,24.292,6.762,66.865,0,0,7096712,192264,36944,787880,9679.660,1622.793,10385.876,8.014,81.140,1.002,3511,3231,0.860,1.370,1.360,0,0,6.010,0,0,35,356,0,7,1
15-04 15:21:26,24.853,6.213,66.607,0,0,7099920,178748,36992,798172,18623.150,1610.500,9925.454,1872.952,77.543,348.942,4001,3594,0.860,1.370,1.360,4,0,4.971,0,0,35,356,0,7,1
15-04 15:21:27,10.792,3.012,84.579,0.251,0,7072872,207156,36944,796860,15489.195,1626.320,10043.030,353.373,109.425,29.113,3030,3513,0.860,1.370,1.360,3,0,1.004,0,0,35,356,0,7,1
15-04 15:21:28,6.245,2.248,89.173,0,0,7070540,198828,36976,807488,22927.137,1618.598,9847.468,103.910,76.933,12.989,2661,3080,0.860,1.370,1.360,0,0,0,0,0,35,356,0,7,1
15-04 15:21:29,7.756,2.752,86.814,0.751,0,7067908,191112,37080,817732,12939.468,1621.186,9735.123,256.187,76.056,40.029,3004,3970,0.790,1.340,1.350,0,0,1.001,0,0,35,356,0,7,1
15-04 15:21:30,6.002,1.750,90.273,0,0,7067108,181656,37096,827972,8373.119,1458.369,9730.463,136.034,76.019,10.003,2282,2945,0.790,1.340,1.350,0,0,0,0,0,35,356,0,7,1
15-04 15:21:31,6.495,2.498,88.437,0.250,0,7066112,189932,37120,820668,17488.486,1618.842,9832.964,243.826,80.942,30.978,2838,3618,0.790,1.340,1.350,2,0,0,0,0,35,356,0,7,1
15-04 15:21:32,5.503,2.251,89.794,0,0,7067504,194940,37128,814260,12216.945,1620.789,9868.802,108.053,99.048,8.004,2408,2985,0.790,1.340,1.350,0,0,0,0,0,35,356,0,7,1
15-04 15:21:33,6.501,2.250,89.011,0.250,0,7065608,186576,37176,824472,9679.143,1620.191,9729.149,628.074,76.009,59.007,2589,3231,0.790,1.340,1.350,0,0,0,0,0,35,356,0,7,1
15-04 15:21:34,5.488,2.245,89.552,0,0,7065024,194300,37152,817356,18659.647,1616.418,9706.489,39.912,75.832,4.989,2433,3011,0.890,1.350,1.350,0,0,1.996,0,0,35,356,0,7,1
15-04 15:21:35,6.766,1.754,89.961,0,0,7066976,181728,37152,827976,16677.127,1623.810,9879.178,0,77.181,0,2451,2942,0.890,1.350,1.350,0,0,0,0,0,35,356,0,7,1
15-04 15:21:36,6.253,2.251,89.296,0.250,0,7061988,193352,37144,821348,17664.058,1620.831,9805.028,116.060,81.042,14.007,2678,3279,0.890,1.350,1.350,1,0,0,0,0,35,356,0,7,1
15-04 15:21:37,7.001,2.751,88.268,0,0,7063492,181176,37192,831972,12676.562,1620.327,9729.966,284.057,76.015,23.005,2777,3506,0.890,1.350,1.350,0,0,0,0,0,35,356,0,7,1
15-04 15:21:38,6.503,2.001,86.786,2.001,0,7078132,185864,37052,812784,140689.437,2949.225,10580.395,0,93.039,0,2676,3067,0.890,1.350,1.350,2,1,1.000,0,0,35,356,0,7,1
15-04 15:21:39,21.239,6.997,66.967,3.248,0,7081836,194348,37392,800264,161517.927,6370.842,10234.926,383.810,121.940,30.985,5325,6876,1.140,1.400,1.370,0,0,22.989,0,0,35,356,0,7,1
15-04 15:21:40,18.901,5.969,70.381,1.741,0,7078104,198276,37360,800148,299052.875,12454.651,10011.470,7.958,91.520,1.990,4337,4122,1.140,1.400,1.370,0,0,25.864,0,0,35,356,0,7,1
15-04 15:21:41,20.095,7.033,66.565,5.024,0,7088132,186248,37600,801908,164255.224,3956.747,10248.557,2335.063,102.486,375.780,4808,4673,1.140,1.400,1.370,3,0,24.114,0,0,35,356,0,8,1
15-04 15:21:42,16.758,7.253,66.781,8.254,0,7090800,181732,38244,803112,16515.597,540.249,13086.019,196.090,174.080,11.005,3701,3522,1.140,1.400,1.370,1,1,21.010,0,0,35,356,0,9,1
