"pcp-dstat 6.2.0 CSV Output"
"Author:","PCP team <pcp@groups.io> and Dag Wieers <dag@wieers.com>",,,,"URL:","https://pcp.io/ and http://dag.wieers.com/home-made/dstat/"
"Host:","ubuntu",,,,"User:","ubuntu"
"Cmdline:","dstat -tcmndrylpg --tcp --output /tmp/devstack_logs/dstat-csv.log",,,,"Date:","10 Aug 2026 10:44:23 UTC"
"system","total usage",,,,,"memory usage",,,,"net/total",,"dsk/total",,"io/total",,"system",,"load avg",,,"procs",,,"paging",,"tcp sockets",,,,
"time","total usage:usr","total usage:sys","total usage:idl","total usage:wai","total usage:stl","used","free","buf","cach","net/total:recv","net/total:send","dsk/total:read","dsk/total:writ","read","writ","int","csw","1m","5m","15m","run","blk","new","in","out","lis","act","syn","tim","clo"
10-08 10:44:23,,944332,654920,217316,5890576,,,,,,,0.740,0.860,0.690,1,0,,,,19,2,0,8,0
10-08 10:44:24,7.998,20.244,70.231,0,0,970104,629108,217324,5890608,10132.205,1619.553,0,191.947,0,9.997,5303,3490,0.760,0.860,0.690,1,0,319.912,0,0,19,2,0,8,0
10-08 10:44:25,8.494,20.985,69.200,0,0,963108,635944,217324,5890768,20448.302,1618.836,0,15.989,0,3.997,5335,3299,0.760,0.860,0.690,1,0,291.790,0,0,19,2,0,8,0
10-08 10:44:26,15.189,16.932,65.984,0,0,967476,631556,217324,5891236,19009.346,1613.494,0,15.936,0,3.984,5242,4516,0.760,0.860,0.690,2,0,231.068,0,0,19,2,0,8,0
10-08 10:44:27,14.725,18.718,65.387,0,0,972488,626528,217324,5891148,10323.178,1617.208,0,15.972,0,3.993,5434,4959,0.760,0.860,0.690,3,0,233.597,0,0,19,2,0,8,0
10-08 10:44:28,22.388,9.810,66.409,0,0.252,990660,608352,217324,5918672,19739.648,1630.045,0,28.174,0,2.012,4855,5561,0.760,0.860,0.690,2,0,79.490,0,0,20,2,0,8,0
10-08 10:44:29,3.493,4.491,90.570,0,0,1083064,515764,217324,6015852,47270.824,875985.800,0,103.793,0,2.994,2658,2176,0.700,0.840,0.690,4,0,50.899,0,0,20,3,0,8,0
10-08 10:44:30,24.294,14.527,60.110,0,0,1095764,502884,217324,6015996,61949.174,1128556.751,0,20.037,0,5.009,5360,4078,0.700,0.840,0.690,3,0,201.368,0,0,20,5,0,8,0
10-08 10:44:31,21.245,18.496,58.986,0,0,1094864,503748,217336,6016020,38187.768,17579.750,0,207.950,0,15.996,5578,4942,0.700,0.840,0.690,1,0,310.925,0,0,20,4,0,10,0
10-08 10:44:32,20.940,5.484,72.294,0.249,0,1163560,434736,217340,6016312,19548.278,1547.589,0,390.886,0,21.937,2500,1967,0.700,0.840,0.690,2,0,26.923,0,0,20,4,0,10,0
10-08 10:44:33,22.748,3.000,73.244,0,0,1201332,395664,217400,6017316,21311.220,1619.865,0,39.997,0,2.000,1977,1308,0.700,0.840,0.690,2,0,1.000,0,0,20,4,0,10,0
10-08 10:44:34,22.332,2.760,72.767,1.004,0,1212888,383288,217448,6018040,10786.577,1625.966,0,4825.706,0,315.156,3183,3961,0.730,0.850,0.690,2,0,7.026,0,0,20,6,0,10,0
10-08 10:44:35,14.484,5.993,64.679,11.737,0,1212748,373752,218268,6026660,24972.565,1618.222,0,57201.160,0,4528.026,16971,32759,0.730,0.850,0.690,1,0,59.934,0,0,20,6,0,10,0
10-08 10:44:36,18.438,7.724,68.770,2.990,0,1137860,447960,218420,6027168,13574.698,1614.612,0,18342.786,0,1349.496,7171,10871,0.730,0.850,0.690,2,0,89.701,0,0,20,4,0,10,0
10-08 10:44:37,29.769,6.254,63.040,0.250,0,1208668,377148,218424,6027168,12602.924,1621.019,0,2085.311,0,116.073,3100,10681,0.730,0.850,0.690,3,0,36.023,0,0,20,4,0,11,0
10-08 10:44:38,23.531,3.004,73.096,0.250,0,1243164,342652,218424,6027168,10772.118,1622.126,0,3280.299,0,376.493,1950,1331,0.730,0.850,0.690,4,0,0,0,0,20,4,0,10,0
10-08 10:44:39,22.638,3.234,71.398,0.746,0,1215296,370484,218448,6027176,11422.674,1612.051,0,6233.263,0,368.184,2693,2889,0.990,0.900,0.710,5,0,9.951,0,0,20,4,0,10,0
10-08 10:44:40,23.099,3.264,73.314,0.251,0,1218860,366916,218448,6027180,10266.931,1626.962,0,140.602,0,10.043,1800,1244,0.990,0.900,0.710,5,0,0,0,0,20,4,0,10,0
10-08 10:44:41,24.734,2.249,71.954,0,0,1235844,349932,218448,6027180,13565.314,4488.126,0,3.997,0,0.999,1845,1183,0.990,0.900,0.710,4,0,1.999,0,0,20,5,0,10,0
10-08 10:44:42,21.079,18.068,59.975,0,0,1179296,406428,218448,6027208,84991.223,2026328.792,0,0,0,0,6516,5155,0.990,0.900,0.710,2,0,374.406,0,0,20,5,0,10,0
10-08 10:44:43,15.486,27.225,55.200,0,0,1168032,417472,218448,6027380,28977.878,19221.673,0,35.968,0,8.992,6779,6289,0.990,0.900,0.710,1,0,513.537,0,0,20,5,0,10,0
10-08 10:44:44,18.016,18.266,62.805,0,0.250,1158088,427336,218448,6027848,10254.989,4075.572,0,12.011,0,3.003,6810,8312,0.990,0.900,0.710,1,0,231.203,0,0,20,4,0,10,0
10-08 10:44:45,38.548,11.937,47.998,0,0,1213676,371720,218448,6027884,12169.236,1611.556,0,187.020,0,5.969,3984,2698,0.990,0.900,0.710,4,0,130.317,0,0,20,5,0,10,0
10-08 10:44:46,45.307,5.507,48.311,0.250,0,1280076,305320,218448,6027884,10446.239,1622.056,0,512.650,0,31.039,2995,1675,0.990,0.900,0.710,3,0,0,0,0,20,5,0,10,0
10-08 10:44:47,48.358,2.506,48.609,0,0,1309312,275640,218448,6028328,11158.025,1623.641,0,412.926,0,31.070,2710,1017,0.990,0.900,0.710,4,0,0,0,0,20,5,0,10,0
10-08 10:44:48,43.029,8.005,48.532,0,0,1323388,260820,218452,6028988,11530.703,1621.083,0,740.495,0,37.025,2837,1521,0.990,0.900,0.710,3,0,0,0,0,20,5,0,10,0
10-08 10:44:49,28.938,9.480,60.869,0,0,1342412,239492,218452,6030928,11010.331,1616.525,0,247.468,0,22.951,4704,5163,1.070,0.920,0.720,1,0,117.747,0,0,20,4,0,10,0
10-08 10:44:50,22.249,4.750,71.496,0,0,1400112,181788,218456,6030932,11621.407,1619.917,0,2351.880,0,255.987,2273,1674,1.070,0.920,0.720,1,0,22.999,0,0,20,4,0,10,0
10-08 10:44:51,23.753,2.500,73.259,0,0,1416380,165520,218456,6030932,10460.326,1458.185,0,2632.334,0,16.002,1823,1243,1.070,0.920,0.720,2,0,0,0,0,20,4,0,10,0
10-08 10:44:52,24.482,0.999,73.446,0,0,1411048,170680,218456,6031104,11707.392,1618.810,0,0,0,0,1696,1060,1.070,0.920,0.720,2,0,0,0,0,20,4,0,10,0
10-08 10:44:53,23.512,2.751,71.035,1.251,0,1437604,144524,218488,6031220,19851.760,1620.797,0,2113.039,0,193.095,3985,4989,1.070,0.920,0.720,4,0,2.001,0,0,20,10,0,10,0
10-08 10:44:54,27.270,10.758,59.543,0.500,0.250,1396600,185516,218492,6031224,100897.299,2061340.080,0,2537.819,0,145.104,5522,4118,1.150,0.940,0.720,5,0,146.105,0,0,20,5,0,12,0
10-08 10:44:55,31.043,9.764,58.081,0,0,1418264,163608,218492,6031412,31031.107,17388.155,0,488.679,0,9.013,4421,3819,1.150,0.940,0.720,3,0,151.210,0,0,20,5,0,12,0
10-08 10:44:56,26.382,5.476,65.955,0,0,1423968,157800,218492,6031468,16517.156,9984.362,0,1318.107,0,24.889,3610,3623,1.150,0.940,0.720,2,0,54.755,0,0,20,16,0,12,0
10-08 10:44:57,15.826,2.261,73.602,8.541,0,1421736,159536,218536,6031696,10198.764,1627.783,265.268,707.382,65.312,16.077,1562,1261,1.150,0.940,0.720,2,0,1.005,0,0,20,27,0,12,0
10-08 10:44:58,20.947,4.738,72.816,0,0,1381152,200104,218536,6031712,10144.333,1615.911,0,0,0,0,2556,1981,1.150,0.940,0.720,2,0,43.889,0,0,20,28,0,12,0
10-08 10:44:59,22.461,3.244,72.872,0,0,1430232,151016,218536,6031716,9513.348,1617.169,0,822.560,0,4.991,1907,1298,1.130,0.940,0.730,6,0,0,0,0,20,28,0,12,0
10-08 10:45:00,23.377,10.557,66.863,0,0,1422364,158832,218536,6031740,8485.023,1465.951,0,748.057,0,11.060,3476,2559,1.130,0.940,0.730,2,0,162.883,0,0,20,28,0,13,0
10-08 10:45:01,43.232,7.997,46.481,0.750,0,1502668,153484,215712,5960364,16509.159,1619.329,23.990,0,3.998,0,2998,1436,1.130,0.940,0.730,3,0,2.999,0,0,20,28,0,13,0
10-08 10:45:02,40.042,4.228,47.752,6.466,0,1511912,144056,215712,5960548,14383.195,1611.618,147.234,0,36.809,0,3336,2371,1.130,0.940,0.730,1,2,0,0,0,20,28,0,13,0
10-08 10:45:03,41.634,7.775,45.647,5.016,0,1480776,174700,215720,5961032,9735.384,1625.239,272.880,365.177,33.107,30.097,6534,7906,1.130,0.940,0.730,4,0,100.323,0,0,20,28,0,14,0
10-08 10:45:04,67.652,29.065,3.007,0.251,0,1514276,141124,215764,5961064,10327.249,1623.655,0,4401.910,0,236.532,6039,5202,1.760,1.070,0.770,6,0,480.081,0,0,20,28,0,14,0
10-08 10:45:05,86.742,13.249,0,0,0,1688300,128136,209780,5807272,9896.110,1689.848,7.999,1827.836,2.000,31.997,4913,2502,1.760,1.070,0.770,6,1,0,0,0,20,28,0,14,0
10-08 10:45:06,87.148,11.952,0.249,0.249,0,1798396,183480,208864,5645888,36435.818,5944.985,1733.000,2573.604,60.755,124.497,5965,4762,1.760,1.070,0.770,8,0,18.924,0,0,20,30,0,14,0
10-08 10:45:07,84.431,11.775,2.004,1.503,0,1783736,197484,208888,5646528,46392.276,1157037.984,404.866,312.669,27.058,32.069,8385,11308,1.760,1.070,0.770,8,0,91.195,0,0,20,30,0,16,0
10-08 10:45:08,68.606,16.275,14.272,0.751,0,1526184,454752,208912,5646788,50294.996,921211.585,28.043,640.994,6.009,54.084,7094,8163,1.760,1.070,0.770,3,0,305.474,0,0,20,29,0,16,0
10-08 10:45:09,26.380,12.443,58.733,0.498,0,1430204,550372,208916,5647148,36013.199,18012.075,366.334,3874.378,12.941,208.054,4909,4102,1.780,1.090,0.780,2,0,212.036,0,0,20,28,0,16,0
10-08 10:45:10,23.805,2.255,73.171,0.251,0,1454740,525816,208920,5647164,9933.148,1515.532,0,156.364,0,10.023,2013,1552,1.780,1.090,0.780,2,0,0,0,0,20,28,0,16,0
10-08 10:45:11,20.500,6.500,72.000,0.250,0,1383864,596672,208928,5647176,11940.080,1620.011,0,756.005,0,52.000,3662,3582,1.780,1.090,0.780,3,0,68.000,0,0,20,28,0,12,0
10-08 10:45:12,22.950,2.245,73.342,0,0,1435480,545048,208928,5647184,13688.441,1616.509,0,0,0,0,1751,1073,1.780,1.090,0.780,2,0,0,0,0,20,28,0,12,0
10-08 10:45:13,24.043,2.755,71.879,0,0,1436888,543624,208928,5647200,8819.773,1622.902,0,188.337,0,21.038,3253,3424,1.780,1.090,0.780,3,0,1.002,0,0,20,28,0,12,0
10-08 10:45:14,9.528,21.062,68.451,0.501,0,1426224,554268,208936,5647212,11252.975,1624.761,0,2796.194,0,289.849,6042,4672,1.720,1.090,0.780,1,0,473.387,0,0,20,28,0,12,0
10-08 10:45:15,51.473,30.734,17.491,0,0,1501976,478516,208936,5647244,8872.345,1619.151,0,55.971,0,12.993,5773,4362,1.720,1.090,0.780,6,0,565.703,0,0,20,28,0,12,0
10-08 10:45:16,89.401,10.488,0.250,0,0,1659948,320524,208940,5647260,9425.553,1618.206,0,131.854,0,9.989,4898,2160,1.720,1.090,0.780,6,0,0,0,0,20,29,0,12,0
10-08 10:45:17,90.017,8.229,0.997,0,0,1741776,238660,208940,5647296,21243.094,1615.824,0,3.990,0,0.997,6040,6002,1.720,1.090,0.780,7,0,0,0,0,20,30,0,12,0
10-08 10:45:18,82.680,9.521,6.514,0,0,1711912,268308,208948,5647504,10593.068,1623.536,0,424.925,0,54.118,8529,13323,1.720,1.090,0.780,8,0,43.094,0,0,20,29,0,13,0
10-08 10:45:19,79.158,21.042,0.501,0,0,1593732,386452,208948,5647540,14050.964,4499.956,0,296.590,0,25.050,5476,4157,1.980,1.150,0.800,6,0,269.536,0,0,20,29,0,10,0
10-08 10:45:20,86.008,13.001,0,0,0,1679636,300548,208948,5647540,74069.305,2094038.522,0,352.035,0,11.001,6807,4559,1.980,1.150,0.800,7,0,141.014,0,0,20,29,0,10,0
10-08 10:45:21,87.495,13.499,0,0,0,1791616,188408,208952,5647680,34511.077,19699.902,0,863.952,0,48.997,6134,5697,1.980,1.150,0.800,7,0,117.993,0,0,20,29,0,10,0
10-08 10:45:22,88.593,9.733,1.497,0,0,1802192,177640,208952,5647872,20037.595,4901.340,0,566.998,0,12.977,8135,10095,1.980,1.150,0.800,7,0,48.914,0,0,20,31,0,11,0
10-08 10:45:23,81.889,14.024,3.005,0,0,1654696,325060,208960,5647940,18495.421,1622.757,0,200.340,0,21.036,7890,12299,1.980,1.150,0.800,7,0,159.271,0,0,20,28,0,11,0
10-08 10:45:24,55.291,11.706,33.125,0,0,1523464,456116,208964,5648112,9594.736,1613.900,0,167.367,0,10.959,4106,2541,2.140,1.200,0.820,4,0,139.473,0,0,20,28,0,11,0
10-08 10:45:25,45.147,6.521,47.655,0.251,0,1502704,476852,208972,5648128,18562.280,1625.278,0,3932.772,0,440.430,4136,3267,2.140,1.200,0.820,2,0,37.121,0,0,20,28,0,11,0
10-08 10:45:26,65.486,22.745,10.998,0,0,1557580,421992,208976,5648180,10511.750,1619.653,0,223.952,0,15.997,5963,5786,2.140,1.200,0.820,4,0,290.938,0,0,20,28,0,11,0
10-08 10:45:27,75.983,8.498,14.997,0,0,1592900,386668,208976,5648188,8986.969,1619.634,0,147.967,0,6.998,4313,2132,2.140,1.200,0.820,3,0,49.989,0,0,20,29,0,11,0
10-08 10:45:28,63.263,6.001,30.506,0,0,1587584,391800,208976,5648372,9213.960,1620.345,0,372.079,0,30.006,6724,8015,2.140,1.200,0.820,4,0,0,0,0,20,30,0,11,0
10-08 10:45:29,70.267,20.505,8.752,0.250,0,1513732,465608,208984,5648408,41618.967,1979.474,0,348.083,0,37.009,6403,5180,2.210,1.230,0.830,5,0,258.062,0,0,20,28,0,11,0
10-08 10:45:30,90.301,9.005,0,0,0,1616660,362680,208984,5648408,14887.372,1620.912,0,176.099,0,7.004,4884,1590,2.210,1.230,0.830,4,0,0,0,0,20,28,0,11,0
10-08 10:45:31,79.733,7.498,12.247,0.250,0,1647308,331972,208992,5648460,10914.712,1619.660,0,307.935,0,26.994,7295,7825,2.210,1.230,0.830,4,0,0,0,0,20,30,0,13,0
10-08 10:45:32,71.266,20.005,8.002,0,0,1617412,361652,209000,5648660,82832.653,2106430.353,0,344.077,0,26.006,9362,10326,2.210,1.230,0.830,5,0,324.073,0,0,20,29,0,11,0
10-08 10:45:33,71.751,18.500,9.750,0,0,1542852,436164,209000,5648700,39366.676,19839.341,0,208.004,0,10.000,5544,4361,2.210,1.230,0.830,4,0,255.004,0,0,20,29,0,11,0
10-08 10:45:34,69.932,8.959,19.910,0,0,1565116,413876,209000,5648724,17287.502,10887.562,0,4611.062,0,423.079,5323,4650,2.280,1.260,0.840,6,0,54.751,0,0,20,30,0,11,0
10-08 10:45:35,66.516,17.821,14.558,0.251,0,1491576,487340,209088,5648712,39997.838,1626.500,76.305,1473.890,4.016,103.413,8188,9875,2.280,1.260,0.840,5,0,279.115,0,0,20,28,0,11,0
10-08 10:45:36,66.524,9.503,23.258,0,0,1545380,433440,209088,5648808,20144.339,1620.590,0,20.007,0,2.001,3809,1474,2.280,1.260,0.840,3,0,21.008,0,0,20,28,0,11,0
10-08 10:45:37,72.501,9.250,17.000,1.000,0,1592672,386100,209088,5648856,10266.148,1620.023,16.000,0,1.000,0,5426,13184,2.280,1.260,0.840,2,0,36.001,0,0,20,31,0,12,0
10-08 10:45:38,65.620,19.212,14.222,0,0,1460300,518068,209092,5649256,19592.175,1616.796,0,1097.824,0,68.864,7141,7730,2.280,1.260,0.840,5,0,284.436,0,0,20,28,0,12,0
10-08 10:45:39,68.669,6.992,23.972,0,0,1576392,401960,209092,5649272,19420.997,1456.275,0,3.995,0,0.999,3782,1357,2.330,1.290,0.850,4,0,1.998,0,0,20,29,0,12,0
10-08 10:45:40,63.628,7.014,28.557,0,0,1597476,380700,209092,5649448,16427.049,1623.266,0,124.250,0,10.020,6134,7229,2.330,1.290,0.850,3,0,0,0,0,20,30,0,11,0
10-08 10:45:41,61.561,13.708,24.176,0,0,1524368,453772,209092,5649484,35737.996,1615.029,0,243.251,0,26.917,5286,4006,2.330,1.290,0.850,4,0,111.656,0,0,20,28,0,11,0
10-08 10:45:42,67.952,7.021,24.824,0,0,1575044,403088,209092,5649492,10665.650,1624.822,0,124.369,0,6.018,3897,2039,2.330,1.290,0.850,4,0,0,0,0,20,30,0,11,0
10-08 10:45:43,68.078,7.008,23.777,0.250,0,1558776,419300,209092,5649548,14385.390,1621.848,0,236.269,0,24.027,7116,8357,2.330,1.290,0.850,3,0,14.016,0,0,20,29,0,11,0
10-08 10:45:44,64.642,30.699,4.493,0.250,0,1489540,488500,209096,5649580,68300.351,2114299.890,0,347.422,0,33.944,7335,6078,2.470,1.340,0.870,7,0,540.101,0,0,20,29,0,11,0
10-08 10:45:45,77.146,22.793,0.250,0,0,1590556,387452,209096,5649612,26358.914,18246.552,0,196.372,0,11.021,6287,6156,2.470,1.340,0.870,8,0,392.744,0,0,20,29,0,11,0
10-08 10:45:46,81.251,18.250,0,0,0,1709168,268692,209096,5649760,27458.274,16134.161,0,736.007,0,44.000,6343,6251,2.470,1.340,0.870,7,0,343.003,0,0,20,28,0,11,0
10-08 10:45:47,83.164,16.733,0,0,0,1792436,185372,209096,5649812,9910.784,1618.332,0,255.736,0,18.980,6039,5801,2.470,1.340,0.870,7,0,253.738,0,0,20,28,0,11,0
10-08 10:45:48,80.987,18.247,1.000,0,0,1686512,291220,209096,5649888,10388.322,1457.764,0,251.959,0,24.996,6894,7646,2.470,1.340,0.870,8,0,306.950,0,0,20,29,0,11,0
10-08 10:45:49,86.856,13.517,0,0,0,1630648,346892,209100,5650076,11033.525,1621.988,0,376.461,0,32.039,6507,6780,2.830,1.430,0.910,8,0,103.126,0,0,20,28,0,11,0
10-08 10:45:50,83.246,16.499,0.250,0,0,1662724,314784,209100,5650108,9696.501,1619.917,0,163.992,0,10.999,5326,3666,2.830,1.430,0.910,5,0,209.989,0,0,20,28,0,11,0
10-08 10:45:51,89.075,8.982,0.998,0,0,1751892,225576,209100,5650148,8954.377,1616.818,0,195.615,0,8.982,6739,6485,2.830,1.430,0.910,7,0,0,0,0,20,30,0,11,0
10-08 10:45:52,83.667,13.736,2.498,0,0,1648112,327124,209100,5652380,22471.597,1618.387,2045.960,163.837,15.984,10.989,7313,9781,2.830,1.430,0.910,4,0,165.835,0,0,20,29,0,12,0
10-08 10:45:53,46.605,19.544,32.824,0.251,0,1483892,491280,209104,5652440,9952.500,1623.671,0,3103.015,0,138.313,7285,8602,2.830,1.430,0.910,2,0,384.870,0,0,20,28,0,12,0
10-08 10:45:54,18.763,30.021,50.536,0,0,1484172,490976,209104,5652464,16052.477,1621.159,0,32.023,0,8.006,6284,4798,2.680,1.420,0.910,3,0,582.416,0,0,20,28,0,12,0
10-08 10:45:55,69.991,29.246,0.500,0,0,1536020,439084,209116,5652496,10180.758,1619.802,11.999,4051.506,3.000,398.951,5614,4154,2.680,1.420,0.910,6,0,549.933,0,0,20,28,0,12,0
10-08 10:45:56,81.180,18.984,0,0,0,1656276,318796,209116,5652528,15268.876,5897.931,3.997,339.708,0.999,22.980,5950,4853,2.680,1.420,0.910,7,0,307.736,0,0,20,30,0,10,0
10-08 10:45:57,84.015,14.753,0.750,0,0,1727308,247380,209136,5652896,76279.741,2193781.186,236.043,320.058,9.002,25.005,7920,7936,2.680,1.420,0.910,10,0,207.037,0,0,20,32,0,10,0
10-08 10:45:58,84.900,14.982,0.499,0,0,1615164,359468,209144,5652940,26212.198,18267.534,3.995,571.329,0.999,55.934,8126,9772,2.680,1.420,0.910,6,0,200.764,0,0,20,33,0,10,0
10-08 10:45:59,82.664,16.783,0.501,0,0,1638484,336028,209168,5653036,17925.578,6394.692,4.008,533.058,1.002,32.064,6880,8346,3.030,1.520,0.940,7,0,193.384,0,0,20,33,0,10,0
10-08 10:46:00,86.665,12.987,0.250,0,0,1670960,298344,209488,5657380,11175.047,1618.414,99.902,907.111,5.994,20.979,5232,3234,3.030,1.520,0.940,6,0,140.862,0,0,20,32,0,9,0
10-08 10:46:01,89.337,11.011,0.250,0,0,1739564,228356,209564,5658528,11842.551,1621.582,0,232.227,0,13.013,5605,3921,3.030,1.520,0.940,6,0,1.001,0,0,20,32,0,9,0
10-08 10:46:02,88.807,9.729,0.499,0,0,1792896,174596,209596,5658732,10423.384,1616.493,0,1253.281,0,55.879,7315,8964,3.030,1.520,0.940,6,0,5.987,0,0,20,35,0,10,0
10-08 10:46:03,83.826,10.760,4.504,0,0,1826232,140036,209636,5659880,9373.479,1621.467,8.007,64.058,2.002,2.002,13489,26322,3.030,1.520,0.940,8,0,9.008,0,0,20,35,0,12,1
10-08 10:46:04,81.442,10.243,6.246,0.999,0,1759368,206148,209684,5660464,22696.716,1618.839,0,1818.695,0,51.963,10153,17100,3.030,1.540,0.950,8,0,34.975,0,0,20,33,0,13,0
10-08 10:46:05,83.645,16.278,0.751,0,0,1604308,361008,209724,5660624,9457.413,1622.816,0,605.050,0,24.042,9522,12567,3.030,1.540,0.950,6,0,142.247,0,0,20,32,0,13,0
10-08 10:46:06,89.764,10.002,0,0,0,1675636,289628,209724,5660644,10366.616,1620.253,0,376.059,0,13.002,5149,2854,3.030,1.540,0.950,7,0,30.005,0,0,20,32,0,13,0
10-08 10:46:07,86.259,13.251,0.500,0,0,1764152,231276,209752,5635552,9898.072,1620.176,28.003,1456.158,7.001,16.002,5886,4396,3.030,1.540,0.950,8,0,0,0,0,20,33,0,13,0
10-08 10:46:08,86.660,11.488,0.749,0.250,0,1750948,262824,209872,5619532,14885.576,1456.491,171.822,2069.855,15.983,16.982,7770,9762,3.030,1.540,0.950,5,0,109.886,0,0,20,36,0,12,0
10-08 10:46:09,85.628,11.983,1.498,1.248,0,1827236,185464,209880,5620604,19784.893,5960.532,55.921,431.387,8.987,8.987,7271,12852,3.110,1.580,0.970,6,0,19.972,0,0,20,37,0,13,0
10-08 10:46:10,81.424,17.538,0.501,0,0,1765408,242684,209888,5625184,74359.243,2198490.146,72.155,1386.970,1.002,21.045,9869,14785,3.110,1.580,0.970,15,0,260.558,0,0,20,34,0,13,0
10-08 10:46:11,83.727,15.996,0,0,0,1709664,291008,209892,5632536,27324.472,15039.856,0,263.927,0,8.998,7778,10477,3.110,1.580,0.970,7,0,277.923,0,0,20,34,0,13,0
10-08 10:46:12,73.180,25.476,1.499,0,0,1589268,410868,209892,5633060,15846.923,9623.843,0,399.620,0,13.987,6778,7955,3.110,1.580,0.970,6,0,415.605,0,0,20,32,0,13,0
10-08 10:46:13,79.864,19.778,0,0.250,0,1631664,368364,209900,5633160,14469.606,1622.310,192.274,180.257,20.029,8.011,5521,3967,3.110,1.580,0.970,6,0,274.391,0,0,20,32,0,13,0
10-08 10:46:14,87.205,12.209,0.997,0,0,1732956,266864,209900,5633368,13999.579,1614.531,0,219.257,0,8.970,6086,5634,3.340,1.650,0.990,5,0,99.662,0,0,20,33,0,13,0
10-08 10:46:15,79.440,7.518,11.778,0,0,1744864,254632,209900,5633692,9780.419,2169.194,0,188.451,0,8.019,8914,12837,3.340,1.650,0.990,4,0,0,0,0,20,37,0,14,0
10-08 10:46:16,80.267,8.502,9.752,0.250,0,1629752,369648,209900,5633788,20775.321,1620.337,0,5733.193,0,496.103,8473,11669,3.340,1.650,0.990,5,0,64.013,0,0,20,32,0,14,0
10-08 10:46:17,84.529,14.755,0.500,0,0,1585240,414048,209904,5633896,9429.286,1458.508,0,280.098,0,22.008,5860,4820,3.340,1.650,0.990,5,0,135.047,0,0,20,32,0,14,0
10-08 10:46:18,88.963,9.996,1.000,0,0,1694060,305088,209904,5634036,8611.437,1619.330,0,251.896,0,25.989,5343,3840,3.340,1.650,0.990,6,0,0,0,0,20,32,0,14,0
10-08 10:46:19,86.796,11.722,1.247,0,0,1743712,255248,209908,5634220,11282.451,1616.197,0,247.418,0,19.953,6680,7894,3.470,1.710,1.020,7,0,59.859,0,0,20,34,0,14,0
10-08 10:46:20,84.371,11.946,2.987,0,0,1707428,291464,209908,5634288,9094.175,1612.760,0,139.374,0,9.955,6958,9279,3.470,1.710,1.020,5,0,59.732,0,0,20,34,0,14,0
10-08 10:46:21,84.657,12.812,2.010,0,0,1713488,285196,209908,5634496,10150.786,1627.823,0,148.715,0,8.039,7272,10673,3.470,1.710,1.020,5,0,59.285,0,0,20,34,0,13,0
10-08 10:46:22,83.334,15.766,1.001,0,0,1658808,339848,209908,5634524,61695.036,2037143.399,0,332.334,0,25.025,7965,7552,3.470,1.710,1.020,6,0,175.176,0,0,20,33,0,13,0
10-08 10:46:23,85.736,13.668,0.746,0,0.249,1644072,354300,209908,5634812,34559.677,169553.848,0,170.974,0,8.946,7100,7222,3.470,1.710,1.020,7,0,151.094,0,0,20,34,0,13,0
10-08 10:46:24,83.419,15.121,1.764,0,0,1669032,329296,209908,5634860,22495.299,17101.064,0,1262.116,0,10.081,6888,7573,3.590,1.770,1.040,7,0,195.567,0,0,20,32,0,13,0
10-08 10:46:25,88.495,10.999,0.500,0,0,1678956,319344,209912,5634876,10099.402,1619.904,0,215.987,0,17.999,6129,6302,3.590,1.770,1.040,6,0,33.998,0,0,20,33,0,12,0
10-08 10:46:26,87.684,10.492,1.499,0,0,1718764,279464,209916,5634944,8843.383,1618.789,0,3077.697,0,258.806,7306,10164,3.590,1.770,1.040,7,0,66.950,0,0,20,33,0,13,0
10-08 10:46:27,82.897,15.683,1.245,0,0,1639800,358128,209916,5635244,25004.636,1613.138,0,462.035,0,25.890,6346,6574,3.590,1.770,1.040,6,0,122.479,0,0,20,33,0,14,0
10-08 10:46:28,85.930,14.070,0,0,0.251,1600616,397280,209916,5635276,9916.657,1465.338,0,289.449,0,30.151,5261,3823,3.590,1.770,1.040,7,0,126.634,0,0,20,32,0,14,0
10-08 10:46:29,87.972,8.722,2.991,0,0.249,1666808,331060,209916,5635304,22577.661,1614.897,0,231.269,0,10.965,5508,5531,3.630,1.800,1.050,4,0,0,0,0,20,34,0,15,0
10-08 10:46:30,76.174,9.772,13.781,0,0,1558884,438756,209916,5635532,20986.932,1623.708,0,408.934,0,28.064,7595,9604,3.630,1.800,1.050,5,0,101.231,0,0,20,32,0,15,0
10-08 10:46:31,84.070,13.761,1.751,0,0,1500364,497240,209916,5635568,9932.286,1621.353,0,184.154,0,11.009,5374,4868,3.630,1.800,1.050,4,0,92.077,0,0,20,32,0,15,0
10-08 10:46:32,87.471,10.746,1.999,0,0,1634988,362476,209916,5635708,19033.729,1619.466,3.999,3962.694,1.000,284.906,5158,2596,3.630,1.800,1.050,5,0,9.997,0,0,20,33,0,15,0
10-08 10:46:33,83.758,11.251,4.750,0,0,1621568,375848,209916,5635832,15558.532,1714.169,0,308.030,0,30.003,6625,8106,3.630,1.800,1.050,4,0,131.013,0,0,20,33,0,14,0
10-08 10:46:34,67.820,7.729,23.687,0.249,0,1665884,331456,209920,5635904,11599.138,1615.701,0,343.087,0,19.947,7703,9634,3.580,1.820,1.060,3,0,15.958,0,0,20,32,0,14,0
10-08 10:46:35,65.102,17.394,16.897,0,0,1551932,445400,209920,5635912,88208.342,2184198.842,0,163.005,0,10.933,6505,4510,3.580,1.820,1.060,5,0,240.531,0,0,20,33,0,14,0
10-08 10:46:36,72.564,12.598,14.866,0.252,0,1577528,419456,209920,5636252,32400.966,19286.985,0,253.975,0,19.149,6556,8000,3.580,1.820,1.060,4,0,165.285,0,0,20,33,0,14,0
10-08 10:46:37,70.448,11.451,17.425,0,0,1663508,333300,209924,5639616,12840.927,6133.694,0,191.180,0,11.949,6457,14946,3.580,1.820,1.060,5,0,119.488,0,0,21,34,0,14,0
10-08 10:46:38,67.053,9.007,22.768,0,0.250,1594808,401952,209924,5636480,8425.608,1459.144,0,272.213,0,22.017,5799,8443,3.580,1.820,1.060,6,0,34.027,0,0,20,32,0,15,0
10-08 10:46:39,67.571,7.536,24.366,0,0,1607024,389704,209924,5636512,22304.087,1627.742,0,301.434,0,23.110,5482,5269,3.530,1.840,1.080,3,0,30.143,0,0,20,32,0,17,0
10-08 10:46:40,62.253,13.001,24.001,0,0,1546476,450228,209932,5636528,15443.745,1620.078,0,232.011,0,22.001,4870,3618,3.530,1.840,1.080,3,0,119.006,0,0,20,32,0,17,0
10-08 10:46:41,68.948,6.495,23.982,0,0,1605108,391420,209932,5636704,15155.581,1618.780,0,151.886,0,8.993,6441,6617,3.530,1.840,1.080,4,0,0,0,0,20,33,0,17,0
10-08 10:46:42,65.146,8.487,25.210,0,0,1562808,433668,209936,5636764,8509.466,1617.428,0,12755.712,0,84.865,7351,8783,3.530,1.840,1.080,3,0,50.919,0,0,20,33,0,17,0
10-08 10:46:43,64.121,11.522,24.045,0,0,1547092,449352,209936,5636796,10058.029,1623.071,0,288.546,0,8.015,4926,3611,3.530,1.840,1.080,4,0,87.165,0,0,20,32,0,17,0
10-08 10:46:44,68.515,6.501,24.755,0,0,1602740,393700,209936,5636800,9626.103,1620.354,0,120.026,0,7.002,4027,2189,3.490,1.860,1.090,4,0,0,0,0,20,33,0,17,0
10-08 10:46:45,65.474,7.966,25.642,0,0,1527628,468632,209936,5636980,9837.592,1613.210,0,223.061,0,18.920,6271,8056,3.490,1.860,1.090,3,0,33.857,0,0,20,33,0,18,0
10-08 10:46:46,61.473,14.804,23.084,0.251,0,1506696,489524,209944,5637012,11253.813,1625.896,0,289.048,0,30.109,5663,4791,3.490,1.860,1.090,4,0,209.761,0,0,20,32,0,18,0
10-08 10:46:47,70.136,11.481,17.971,0,0,1563692,432516,209944,5637024,74159.130,2187818.126,0,5395.206,0,535.128,6726,4936,3.490,1.860,1.090,4,0,99.837,0,0,20,33,0,18,0
10-08 10:46:48,68.672,15.288,15.539,0,0,1526516,469664,209944,5637056,29175.036,20732.902,0,272.683,0,25.063,5948,6144,3.490,1.860,1.090,5,0,234.587,0,0,20,33,0,18,0
10-08 10:46:49,65.299,12.960,19.939,0,0,1552912,442944,209948,5637372,22891.527,10921.378,0,255.214,0,15.951,6387,8020,3.610,1.910,1.110,5,0,129.601,0,0,20,34,0,19,0
10-08 10:46:50,68.046,7.255,24.266,0.500,0,1590884,404912,209968,5637412,9249.278,1621.100,0,2169.473,0,140.095,6441,7407,3.610,1.910,1.110,4,0,30.020,0,0,20,33,0,20,0
10-08 10:46:51,63.639,12.277,24.052,0,0,1585192,410584,209972,5637428,23499.256,1623.541,0,208.455,0,24.052,4920,3685,3.610,1.910,1.110,3,0,137.299,0,0,20,32,0,20,0
10-08 10:46:52,67.147,7.958,23.875,0,0,1607860,387904,209980,5637432,9328.999,1611.535,0,167.122,0,8.953,4201,3310,3.610,1.910,1.110,4,0,0,0,0,20,33,0,20,0
10-08 10:46:53,68.112,6.032,25.385,0,0,1631036,364520,209980,5637640,9400.007,1628.664,0,213.134,0,13.070,7652,9946,3.610,1.910,1.110,3,0,1.005,0,0,20,33,0,21,0
10-08 10:46:54,51.000,17.500,31.000,0.250,0,1493484,501960,209980,5637752,10600.102,1620.016,0,400.004,0,32.000,6168,6895,3.480,1.920,1.110,4,0,278.003,0,0,20,32,0,21,0
10-08 10:46:55,44.224,6.211,48.199,0,0,1524948,470492,209980,5637756,14704.080,1609.936,0,1176.644,0,10.932,3042,1543,3.480,1.920,1.110,3,0,18.882,0,0,20,32,0,21,0
10-08 10:46:56,47.274,4.275,48.029,0,0,1547340,447908,209980,5637948,14158.136,1629.453,0,72.420,0,6.035,4114,4449,3.480,1.920,1.110,2,0,0,0,0,20,32,0,21,0
10-08 10:46:57,40.023,12.007,47.027,0.250,0,1465360,529864,209980,5637972,9478.423,1458.835,0,148.085,0,8.005,5036,4985,3.480,1.920,1.110,3,0,166.095,0,0,20,32,0,21,0
10-08 10:46:58,44.520,5.969,48.748,0,0,1553208,442008,209980,5637980,9613.331,1611.673,0,286.520,0,16.913,2950,1853,3.480,1.920,1.110,3,0,0,0,0,20,32,0,22,0
10-08 10:46:59,48.649,7.774,43.132,0,0,1546584,448596,209988,5638008,69107.958,2223709.241,0,292.898,0,28.086,5453,5249,3.360,1.920,1.120,3,0,52.160,0,0,20,34,0,22,0
10-08 10:47:00,47.065,17.274,34.547,0,0,1485000,510160,209988,5638036,28455.099,20114.639,0,324.446,0,33.045,5863,5809,3.360,1.920,1.120,4,0,259.356,0,0,20,33,0,22,0
10-08 10:47:01,50.501,9.951,38.062,0,0,1550516,444504,209988,5638164,23174.546,15399.943,0,183.096,0,9.951,4532,3514,3.360,1.920,1.120,3,0,102.494,0,0,20,32,0,22,0
10-08 10:47:02,46.707,5.273,46.958,0.753,0,1525516,469404,209988,5638268,22712.824,1627.223,0,4769.171,0,509.261,5966,6150,3.360,1.920,1.120,2,0,5.022,0,0,20,33,0,22,0
10-08 10:47:03,43.167,7.486,47.409,0.250,0,1506832,488080,209988,5638276,9135.536,1616.909,0,778.512,0,87.832,3723,3077,3.360,1.920,1.120,3,0,30.941,0,0,20,32,0,22,0
10-08 10:47:04,46.133,4.489,48.627,0,0,1549052,445852,209992,5638280,8969.319,1657.808,0,243.385,0,9.975,2923,1837,3.250,1.920,1.120,4,0,0,0,0,20,33,0,22,0
10-08 10:47:05,45.404,5.268,47.662,0,0,1511016,483580,209992,5638588,9471.220,1625.530,0,284.969,0,25.085,5313,6446,3.250,1.920,1.120,3,0,5.017,0,0,20,32,0,23,0
10-08 10:47:06,43.295,7.758,48.800,0,0,1488676,505916,209992,5638592,9677.974,1459.504,0,144.149,0,7.007,3225,1696,3.250,1.920,1.120,2,0,56.058,0,0,20,32,0,18,0
10-08 10:47:07,45.984,5.248,47.984,0,0,1535116,459024,209996,5639040,8641.083,1619.453,0,143.951,0,8.997,3977,3716,3.250,1.920,1.120,1,0,0,0,0,20,33,0,18,0
10-08 10:47:08,35.769,17.759,45.024,0.750,0,1427240,566728,210016,5639192,19791.538,1620.863,0,1220.650,0,92.049,6459,5966,3.250,1.920,1.120,2,0,359.191,0,0,20,32,0,18,0
10-08 10:47:09,43.795,7.216,48.025,0,0,1513704,480260,210016,5639196,10519.807,1612.460,0,155.274,0,7.963,2998,1449,3.150,1.920,1.130,3,0,23.888,0,0,20,32,0,18,0
10-08 10:47:10,47.191,3.765,48.948,0,0,1546816,447136,210016,5639208,19657.442,1626.573,0,0,0,0,3436,2538,3.150,1.920,1.130,4,0,0,0,0,20,34,0,16,0
10-08 10:47:11,43.070,12.270,44.071,0.250,0,1427096,566692,210020,5639372,25626.462,5912.566,0,304.493,0,26.042,5383,5391,3.150,1.920,1.130,3,0,159.258,0,0,20,33,0,16,0
10-08 10:47:12,58.238,8.748,31.743,0,0.250,1493904,499880,210024,5639372,67209.918,2216614.577,0,199.958,0,8.998,4900,2356,3.150,1.920,1.130,3,0,46.990,0,0,20,33,0,16,0
10-08 10:47:13,51.975,11.744,35.733,0,0,1503440,490312,210024,5639400,38772.604,19355.816,0,175.917,0,10.995,6227,6808,3.150,1.920,1.130,4,0,151.928,0,0,20,35,0,17,0
10-08 10:47:14,44.245,14.498,39.995,0.250,0.250,1435072,558624,210032,5639448,30676.232,12119.511,0,731.910,0,54.993,7269,8731,3.140,1.940,1.140,2,0,231.972,0,0,20,32,0,17,0
10-08 10:47:15,26.944,13.721,58.129,0,0,1480872,512656,210032,5639616,9918.291,1616.625,0,155.675,0,7.983,3999,2744,3.140,1.940,1.140,3,0,246.485,0,0,20,32,0,17,0
10-08 10:47:16,23.805,2.756,72.667,0,0,1484188,509192,210032,5639764,9525.872,1461.355,0,0,0,0,3293,3502,3.140,1.940,1.140,2,0,0,0,0,20,32,0,17,0
10-08 10:47:17,19.961,5.739,71.859,0,0,1455284,538072,210032,5639788,19244.285,1616.831,0,287.437,0,20.959,3411,3037,3.140,1.940,1.140,4,0,55.890,0,0,20,32,0,17,0
10-08 10:47:18,23.688,2.244,73.310,0,0,1497488,495868,210032,5639788,9040.526,1615.805,0,7.979,0,0.997,1765,1125,3.140,1.940,1.140,4,0,0,0,0,20,32,0,16,0
10-08 10:47:19,22.830,3.512,73.005,0,0,1467144,526200,210032,5639800,9656.744,1625.681,0,120.421,0,12.042,2871,2668,2.970,1.920,1.140,1,0,16.056,0,0,20,32,0,16,0
10-08 10:47:20,18.960,7.733,72.346,0,0,1464208,529136,210032,5639800,9662.383,1616.551,0,139.702,0,8.981,2592,1798,2.970,1.920,1.140,2,0,74.840,0,0,20,32,0,16,0
10-08 10:47:21,23.200,2.994,72.343,0,0,1486260,507076,210036,5639804,9225.034,1616.501,0,95.793,0,10.976,2320,1969,2.970,1.920,1.140,1,0,0,0,0,20,32,0,16,0
10-08 10:47:22,19.034,8.014,71.378,0.250,0.250,1446416,546896,210040,5639824,9305.668,1622.907,0,528.947,0,42.075,3975,3648,2.970,1.920,1.140,2,0,99.178,0,0,20,32,0,16,0
10-08 10:47:23,22.741,3.249,72.970,0.250,0,1472628,520684,210040,5639824,10498.625,1619.325,0,123.948,0,9.996,1829,1239,2.970,1.920,1.140,2,0,1.000,0,0,20,32,0,16,0
10-08 10:47:24,27.051,4.759,66.877,0,0,1479376,513920,210040,5639848,62280.890,2114802.047,0,108.205,0,7.013,4602,3803,2.810,1.910,1.140,1,1,51.097,0,0,20,34,0,16,0
10-08 10:47:25,25.560,13.782,58.638,0,0,1422320,570964,210040,5639856,58485.253,200291.042,0,858.014,0,57.134,5578,5032,2.810,1.910,1.140,1,0,246.579,0,0,20,33,0,16,0
10-08 10:47:26,29.889,8.469,60.525,0,0,1419500,573784,210040,5639852,22709.614,15996.559,0,0,0,0,3892,3195,2.810,1.910,1.140,1,0,105.608,0,0,20,33,0,16,0
10-08 10:47:27,24.018,2.752,72.055,0,0,1421748,571516,210040,5639872,8874.770,1621.237,0,88.067,0,6.005,3891,4376,2.810,1.910,1.140,2,0,0,0,0,20,33,0,16,0
10-08 10:47:28,21.815,4.764,70.712,2.006,0,1427300,565948,210040,5639888,11841.514,1624.873,0,4280.839,0,481.444,2796,2403,2.810,1.910,1.140,2,0,30.090,0,0,20,32,0,16,0
10-08 10:47:29,23.497,2.250,73.492,0,0,1427764,565484,210040,5639888,20576.753,1619.823,0,131.986,0,9.999,2014,1269,2.660,1.890,1.130,2,0,0,0,0,20,33,0,16,0
10-08 10:47:30,23.744,3.499,71.981,0,0,1427608,565484,210044,5640040,20467.603,1619.573,0,727.808,0,17.995,4002,4419,2.660,1.890,1.130,2,0,0,0,0,20,33,0,13,0
10-08 10:47:31,15.241,14.242,68.959,0,0,1361716,631092,210044,5640324,9073.634,1619.042,0,3.998,0,0.999,4423,3102,2.660,1.890,1.130,1,0,249.852,0,0,20,32,0,13,0
10-08 10:47:32,24.489,15.993,49.978,8.746,0,1409636,581036,210228,5642244,19194.476,1713.239,2023.102,319.858,110.951,21.990,4744,3550,2.660,1.890,1.130,5,0,235.895,0,0,20,32,0,15,0
10-08 10:47:33,34.499,4.500,48.749,12.000,0,1471964,516972,210980,5642840,13957.650,1619.959,955.976,663.983,65.998,14.000,2499,1393,2.660,1.890,1.130,3,0,3.000,0,0,20,32,0,15,0
10-08 10:47:34,41.318,6.010,48.329,4.007,0,1490664,496764,211036,5644192,9248.191,1460.399,0,4407.239,0,395.650,4603,5356,2.610,1.890,1.140,2,0,24.039,0,0,20,36,0,14,0
10-08 10:47:35,18.748,5.249,44.494,27.496,0,1490544,492284,211472,5648032,19126.510,1619.789,1339.826,19621.445,277.964,1770.769,9232,16275,2.610,1.890,1.140,3,0,57.992,0,0,20,36,0,14,0
10-08 10:47:36,23.491,10.246,39.484,25.490,0,1482260,494660,211888,5653248,20527.757,5900.631,2347.058,56821.183,363.854,4668.125,17460,33485,2.610,1.890,1.140,5,1,86.965,0,0,20,37,0,14,0
10-08 10:47:37,46.344,12.209,35.630,3.488,0,1396948,579560,212004,5653548,94395.374,2415448.374,438.524,11732.522,25.913,1128.204,10298,13250,2.610,1.890,1.140,5,0,164.447,0,0,20,33,0,14,0
10-08 10:47:38,49.459,22.595,27.115,0,0,1418132,558240,212032,5653616,28766.577,21845.326,0,5868.804,0,329.392,7256,18077,2.610,1.890,1.140,2,0,477.016,0,0,20,32,0,15,0
10-08 10:47:39,28.238,23.490,43.731,2.749,0,1460276,515876,212116,5653724,10532.487,1619.306,0,6405.255,0,837.641,9116,11129,2.560,1.900,1.140,3,1,468.799,0,0,20,34,0,14,0
10-08 10:47:40,21.980,25.726,42.711,6.494,0,1465276,510216,212336,5654164,10719.187,1618.518,0,19849.828,0,2317.878,15594,25451,2.560,1.900,1.140,2,0,439.598,0,0,20,34,0,14,0
10-08 10:47:41,27.398,15.941,55.294,0.747,0,1405844,569588,212360,5654200,11559.875,1613.979,0,2219.719,0,154.424,5218,4440,2.560,1.900,1.140,2,0,282.944,0,0,20,32,0,14,0
10-08 10:47:42,22.281,4.006,72.602,0.250,0,1403588,571844,212360,5654200,9271.987,1622.272,0,841.178,0,54.076,2012,1563,2.560,1.900,1.140,2,0,3.004,0,0,20,32,0,14,0
10-08 10:47:43,22.784,4.006,71.607,1.001,0,1403404,572000,212388,5654200,15559.143,1622.413,0,7274.821,0,361.538,2508,2713,2.560,1.900,1.140,2,0,4.006,0,0,20,32,0,11,0
10-08 10:47:44,16.017,10.762,70.076,2.252,0,1395988,579388,212396,5654220,10538.494,1459.592,0,2694.939,0,399.436,3523,2548,2.440,1.880,1.140,1,0,165.180,0,0,20,32,0,11,0
10-08 10:47:45,11.215,18.193,69.035,0,0.249,1400852,574512,212396,5654232,9491.478,1614.977,0,55.826,0,6.978,4863,3496,2.440,1.880,1.140,2,0,306.048,0,0,20,32,0,11,0
10-08 10:47:46,20.714,3.743,73.371,1.996,0,1441096,533940,212520,5654436,14518.518,1617.162,295.481,35.937,8.984,1.996,1823,1360,2.440,1.880,1.140,2,0,0,0,0,20,32,0,11,0
10-08 10:47:47,23.505,1.750,73.267,0,0,1466184,508768,212520,5654488,9449.148,1620.368,0,4.001,0,1.000,1708,957,2.440,1.880,1.140,3,0,0,0,0,20,32,0,10,0
10-08 10:47:48,23.238,3.498,72.961,0,0,1433928,540300,212520,5655180,10378.439,1759.057,0,0,0,0,1908,1147,2.440,1.880,1.140,3,0,9.995,0,0,20,33,0,10,0
10-08 10:47:49,28.349,9.533,60.210,0,0,1427460,546764,212520,5655184,97127.487,2486040.788,0,1296.518,0,5.017,5009,3242,2.400,1.880,1.150,3,0,103.360,0,0,20,33,0,10,0
10-08 10:47:50,29.894,10.463,58.043,0,0,1464160,510056,212520,5655200,30248.372,17762.798,0,103.631,0,11.957,4425,3717,2.400,1.880,1.150,4,0,151.461,0,0,20,33,0,10,0
10-08 10:47:51,16.352,20.880,61.130,0.755,0,1434396,539660,212532,5655340,16234.876,9626.816,40.250,7075.967,2.013,342.126,5988,5554,2.400,1.880,1.150,1,0,379.357,0,0,20,32,0,8,0
10-08 10:47:52,8.725,21.190,68.555,0.249,0,1433032,540992,212536,5655368,10037.407,1615.398,0,462.682,0,26.923,5733,4226,2.400,1.880,1.150,4,0,393.878,0,0,20,32,0,8,0
10-08 10:47:53,8.773,22.059,68.182,0,0,1416048,557956,212536,5655388,8294.186,1461.910,0,256.687,0,17.046,5982,4481,2.400,1.880,1.150,2,0,442.183,0,0,20,32,0,8,0
10-08 10:47:54,8.733,21.458,68.116,0,0,1408816,565160,212536,5655416,10505.320,1616.817,0,47.906,0,3.992,5773,4072,2.290,1.870,1.150,1,0,378.255,0,0,20,32,0,8,0
10-08 10:47:55,8.005,23.015,67.793,0,0,1409604,564352,212536,5655436,9449.965,1621.023,0,132.083,0,11.007,5764,4180,2.290,1.870,1.150,3,0,428.270,0,0,20,32,0,6,0
10-08 10:47:56,9.257,21.516,68.049,0,0,1406620,567316,212536,5655456,10900.915,1621.177,0,120.087,0,10.007,5776,4123,2.290,1.870,1.150,1,0,400.291,0,0,20,32,0,6,0
10-08 10:47:57,8.754,21.010,69.284,0,0,1406644,567268,212536,5655480,10020.980,1620.806,0,96.048,0,8.004,5739,4124,2.290,1.870,1.150,2,0,392.195,0,0,20,32,0,6,0
10-08 10:47:58,8.749,21.248,69.493,0,0,1401384,572504,212536,5655504,9920.998,1619.836,0,151.985,0,8.999,5643,3927,2.290,1.870,1.150,1,0,354.964,0,0,20,32,0,6,0
10-08 10:47:59,8.487,20.967,69.391,0,0,1397576,576292,212536,5655524,13779.379,1617.462,0,67.893,0,7.987,5641,3969,2.270,1.870,1.150,1,0,361.433,0,0,20,32,0,5,0
10-08 10:48:00,8.517,23.546,66.380,0.250,0,1389040,584788,212536,5655564,48046.901,1623.172,0,204.399,0,23.045,6165,4535,2.270,1.870,1.150,4,0,413.809,0,0,20,32,0,5,0
10-08 10:48:01,12.218,21.194,63.582,0.997,0,1381804,591684,212540,5655904,80109.987,2596907.223,175.535,454.796,2.992,28.923,7079,4927,2.270,1.870,1.150,1,1,396.949,0,0,20,33,0,5,0
10-08 10:48:02,29.329,29.580,38.103,1.253,0,1391752,580084,212552,5657596,29024.585,19210.012,1804.887,373.010,18.049,20.054,7068,6927,2.270,1.870,1.150,5,0,652.767,0,0,20,33,0,7,0
10-08 10:48:03,53.214,34.227,11.992,0.250,0.250,1485392,486252,212552,5657792,23885.666,15069.694,139.904,835.429,4.997,41.971,6435,6450,2.270,1.870,1.150,5,0,692.526,0,0,20,34,0,10,0
10-08 10:48:04,70.199,26.481,1.249,1.999,0,1605452,360828,213612,5662084,11639.536,1618.823,839.390,1862.645,70.948,34.975,17434,3728,2.400,1.910,1.170,4,0,211.846,0,0,20,32,0,11,0
10-08 10:48:05,79.056,14.260,1.001,5.254,0,1711212,249588,213832,5667048,11564.120,1621.138,1597.122,8934.274,27.019,781.549,7006,8419,2.400,1.910,1.170,4,0,41.029,0,0,20,34,0,11,0
10-08 10:48:06,75.012,14.252,4.251,6.001,0,1676252,277280,214132,5673532,11292.749,1804.279,420.065,50479.818,7.001,3477.539,13687,26200,2.400,1.910,1.170,5,0,123.019,0,0,20,34,0,12,0
10-08 10:48:07,67.879,12.478,8.485,7.986,0,1721212,223788,214344,5681744,10372.545,1617.123,0,55888.564,0,4347.265,15606,31136,2.400,1.910,1.170,8,0,107.808,0,0,20,36,0,11,0
10-08 10:48:08,66.563,11.761,10.510,8.508,0,1770308,166896,214516,5689328,9993.496,1621.541,0,53306.652,0,4420.200,15606,30709,2.400,1.910,1.170,3,1,69.066,0,0,20,36,0,11,0
10-08 10:48:09,70.632,12.435,8.705,6.964,0,1687880,245396,214732,5693072,9706.422,1611.602,0,63453.358,0,5274.516,17390,35695,2.690,1.970,1.190,8,0,79.585,0,0,20,36,0,12,0
10-08 10:48:10,52.335,23.651,16.355,6.290,0,1640232,290212,214892,5695744,9797.666,1630.428,0,49089.981,0,3881.828,14815,26145,2.690,1.970,1.190,5,0,366.343,0,0,20,34,0,12,0
10-08 10:48:11,51.002,18.751,20.001,8.250,0,1663700,264384,215072,5698288,9194.390,1704.072,444.019,38569.635,16.001,3359.142,15627,29065,2.690,1.970,1.190,4,1,181.008,0,0,20,34,0,12,0
10-08 10:48:12,52.652,18.216,18.965,7.736,0,1671188,254916,215180,5699788,26054.333,1616.980,950.225,41375.714,16.968,3560.350,16459,31655,2.690,1.970,1.190,5,1,157.705,0,0,20,35,0,12,0
10-08 10:48:13,51.575,12.518,28.041,5.758,0,1660912,262564,215264,5702352,21074.808,5815.501,668.978,36709.665,12.018,2937.294,14700,26584,2.690,1.970,1.190,3,1,140.205,0,0,20,35,0,13,0
10-08 10:48:14,50.015,13.254,25.758,8.503,0,1596688,325072,215328,5704004,78065.441,2616850.783,0,30093.036,0,2982.896,15014,25902,2.800,2.010,1.210,3,0,156.047,0,0,20,35,0,13,0
10-08 10:48:15,42.096,12.455,34.374,8.220,0,1623736,295232,215416,5706696,29033.991,20474.245,0,38340.013,0,3304.933,15329,28354,2.800,2.010,1.210,7,0,162.407,0,0,20,35,0,13,0
10-08 10:48:16,40.591,13.029,36.582,8.519,0,1622156,293392,215488,5710012,19219.077,10961.569,0,46961.257,0,3968.896,17626,32605,2.800,2.010,1.210,9,0,148.332,0,0,20,35,0,13,0
10-08 10:48:17,40.986,7.747,38.986,9.747,0,1623404,289416,215540,5712688,9311.740,1619.433,0,47907.226,0,4066.576,17839,33620,2.800,2.010,1.210,2,1,83.971,0,0,20,36,0,13,0
10-08 10:48:18,36.050,12.267,38.553,10.014,0.250,1587356,322968,215600,5715124,10395.393,1622.246,0,54054.844,0,4583.346,18265,33508,2.800,2.010,1.210,1,1,125.173,0,0,20,36,0,13,0
10-08 10:48:19,40.487,8.497,39.737,9.497,0,1627076,280560,215640,5717740,13270.601,1619.463,0,52954.444,0,4124.633,16273,30051,2.810,2.020,1.220,1,2,29.990,0,0,20,36,0,13,0
10-08 10:48:20,45.119,5.484,42.127,5.235,0,1625128,281700,215688,5718500,9782.518,1615.297,0,27468.026,0,2138.773,10964,19128,2.810,2.020,1.220,3,0,23.930,0,0,20,35,0,14,0
10-08 10:48:21,29.597,14.046,53.677,1.254,0,1428940,477816,215692,5718568,11164.760,1625.351,0,4498.812,0,510.681,6019,6170,2.810,2.020,1.220,1,0,242.799,0,0,20,32,0,15,0
10-08 10:48:22,22.392,3.732,72.152,0.249,0,1485132,421620,215704,5718560,9845.489,1450.998,0,712.561,0,45.779,1895,1458,2.810,2.020,1.220,2,0,0,0,0,20,32,0,15,0
10-08 10:48:23,24.311,2.757,71.930,0.251,0,1499596,407004,215708,5718708,9946.879,1624.062,0,3472.686,0,198.496,3355,3781,2.810,2.020,1.220,3,0,1.003,0,0,20,33,0,15,0
10-08 10:48:24,23.786,3.255,71.109,0,0,1499564,407004,215708,5718740,21346.660,1622.482,0,0,0,0,5553,7005,2.670,2.010,1.220,1,0,0,0,0,20,32,0,15,0
10-08 10:48:25,20.005,6.252,73.270,0,0,1512644,393908,215708,5718756,9663.605,1620.437,0,368.099,0,3.001,2357,1527,2.670,2.010,1.220,1,0,55.015,0,0,20,32,0,15,0
10-08 10:48:26,26.402,5.480,66.504,0,0,1517164,389380,215708,5718764,61708.726,2124713.216,0,83.690,0,5.978,3869,2505,2.670,2.010,1.220,2,0,50.812,0,0,20,33,0,15,0
10-08 10:48:27,30.115,9.787,58.975,0,0,1427804,478720,215708,5718784,42245.140,521859.577,0,0,0,0,5184,4885,2.670,2.010,1.220,3,0,118.452,0,0,20,33,0,16,0
10-08 10:48:28,27.726,12.739,56.950,1.998,0,1467636,438888,215708,5718784,23426.598,17302.931,0,2250.040,0,367.680,4962,3864,2.670,2.010,1.220,1,0,175.847,0,0,20,32,0,16,0
10-08 10:48:29,23.758,2.501,72.775,0.250,0,1489948,416584,215708,5718792,21625.466,2141.739,0,460.159,0,32.011,2437,1971,2.540,1.990,1.220,2,0,0,0,0,20,32,0,16,0
10-08 10:48:30,20.270,6.006,72.323,0.250,0,1427688,478840,215708,5718796,14108.160,1621.628,0,208.209,0,20.020,3118,2622,2.540,1.990,1.220,4,0,60.060,0,0,20,32,0,16,0
10-08 10:48:31,22.886,2.985,73.635,0,0,1475564,430960,215708,5718800,9853.094,1450.799,0,143.289,0,8.956,1749,1072,2.540,1.990,1.220,2,0,0,0,0,20,32,0,16,0
10-08 10:48:32,24.051,2.505,72.404,0,0,1491524,414960,215708,5718840,20948.637,1623.459,0,0,0,0,2792,2331,2.540,1.990,1.220,3,0,0,0,0,20,33,0,16,0
10-08 10:48:33,21.211,5.490,71.867,0,0,1463024,443316,215708,5718984,15510.216,1710.825,0,51.904,0,3.993,3410,3244,2.540,1.990,1.220,3,0,43.918,0,0,20,32,0,16,0
10-08 10:48:34,23.500,2.750,73.000,0,0,1515432,390904,215708,5718988,10169.040,1620.006,0,2112.008,0,8.000,1818,1175,2.490,1.990,1.220,4,0,0,0,0,20,32,0,16,0
10-08 10:48:35,24.302,2.505,72.404,0,0,1521296,385028,215708,5719000,31706.615,1623.462,0,1226.616,0,11.024,3285,3211,2.490,1.990,1.220,1,0,0,0,0,20,33,0,16,0
10-08 10:48:36,15.034,13.531,70.158,0.251,0,1421368,484836,215708,5719120,23941.071,1623.667,0,396.896,0,27.061,4801,3889,2.490,1.990,1.220,1,0,219.496,0,0,20,32,0,14,0
10-08 10:48:37,8.755,22.764,67.040,0,0,1417200,488912,215708,5719212,14844.890,1620.971,0,288.173,0,16.010,5913,4228,2.490,1.990,1.220,2,0,440.264,0,0,20,32,0,14,0
10-08 10:48:38,59.205,19.154,20.398,0.249,0,1511048,394852,215724,5719320,22398.229,3039.831,0,987.074,0,67.662,6029,13231,2.490,1.990,1.220,4,0,253.734,0,0,20,33,0,21,0
10-08 10:48:39,72.042,12.049,15.814,0,0,1607456,297596,215732,5720208,88698.958,2749192.769,0,0,0,0,5889,3229,2.610,2.020,1.240,6,0,106.432,0,0,20,33,0,21,0
10-08 10:48:40,74.497,12.999,12.499,0,0,1744448,158508,215732,5722200,27198.816,18646.188,0,5907.743,0,144.994,5114,3978,2.610,2.020,1.240,3,0,155.993,0,0,20,33,0,20,0
10-08 10:48:41,62.873,9.231,23.203,2.994,0,1837452,162440,214572,5627768,12195.288,6147.543,143.709,4123.644,4.990,111.774,4332,2296,2.610,2.020,1.240,4,0,54.889,0,0,20,32,0,20,0
10-08 10:48:42,55.113,7.766,28.809,6.263,0,1855864,134256,214632,5637344,10470.509,1623.335,0,53509.921,0,3758.721,14742,25531,2.610,2.020,1.240,0,1,106.218,0,0,20,38,0,20,0
10-08 10:48:43,33.982,10.245,39.979,11.744,0,1856828,122716,214760,5647692,9693.981,1619.162,0,90625.077,0,6839.459,23483,46526,2.610,2.020,1.240,5,0,243.874,0,0,20,38,0,20,0
10-08 10:48:44,38.243,10.998,36.244,11.498,0,1854600,201996,214556,5572316,10276.198,1619.716,0,92319.810,0,7154.745,25435,49900,2.640,2.040,1.250,5,0,158.972,0,0,20,38,0,20,0
10-08 10:48:45,46.742,12.998,26.495,10.248,0.250,1727068,320784,214644,5580948,10929.036,1619.709,0,70283.371,0,5273.052,20083,37733,2.640,2.040,1.250,2,1,224.960,0,0,20,36,0,20,0
10-08 10:48:46,51.340,11.019,25.295,10.018,0,1773576,267400,214700,5587752,10433.383,1622.859,0,76871.443,0,5469.637,18711,35873,2.640,2.040,1.250,3,0,88.155,0,0,20,36,0,20,0
10-08 10:48:47,43.987,9.247,31.741,11.747,0,1813760,214252,214728,5600448,22033.440,1619.518,0,74129.931,0,5233.442,17707,34332,2.640,2.040,1.250,3,2,0,0,0,20,36,0,20,0
10-08 10:48:48,44.009,11.002,31.757,11.002,0,1850952,173932,214760,5603520,9341.972,1620.342,0,82325.376,0,5890.243,20787,40691,2.640,2.040,1.250,3,1,68.014,0,0,20,38,0,20,0
10-08 10:48:49,55.477,10.745,21.991,7.997,0.250,1721796,298916,214780,5607672,10106.756,1619.320,15.993,59786.896,1.000,4449.132,15183,29396,2.830,2.090,1.270,2,0,152.936,0,0,20,36,0,20,0
10-08 10:48:50,25.707,16.722,55.907,0.499,0,1452468,568196,214780,5607704,15514.095,1617.300,0,754.740,0,39.933,4416,2894,2.830,2.090,1.270,2,0,248.585,0,0,20,32,0,20,0
10-08 10:48:51,27.996,6.999,62.240,1.750,0,1472816,547756,214784,5607792,83752.676,2753036.031,87.986,5427.137,9.998,267.957,4871,3526,2.830,2.090,1.270,2,0,53.991,0,0,20,33,0,20,0
10-08 10:48:52,29.979,10.992,57.460,0.749,0,1512936,507604,214788,5607828,27268.816,18331.104,27.980,1554.906,5.996,277.805,4466,3691,2.830,2.090,1.270,2,0,149.895,0,0,20,33,0,20,0
10-08 10:48:53,29.521,8.006,60.793,0,0,1549472,471156,214792,5607820,23715.642,16067.275,4.003,8.006,1.001,2.001,3772,3266,2.830,2.090,1.270,2,0,109.077,0,0,20,32,0,20,0
10-08 10:48:54,24.943,1.497,72.833,0.249,0,1565572,455056,214792,5607824,8744.922,1616.289,0,179.588,0,11.973,2249,1841,2.690,2.070,1.260,2,0,0,0,0,20,38,0,20,0
10-08 10:48:55,21.789,4.007,72.882,0,0,1545940,474680,214792,5607832,8944.213,1622.942,0,156.283,0,3.005,2195,1380,2.690,2.070,1.260,4,0,27.049,0,0,20,32,0,20,0
10-08 10:48:56,22.227,3.496,73.425,0,0,1579224,441396,214792,5607832,10144.634,1618.346,0,59.939,0,3.996,1789,1223,2.690,2.070,1.260,3,0,0.999,0,0,20,32,0,20,0
10-08 10:48:57,23.444,1.995,73.324,0,0,1614216,406404,214792,5607832,10460.922,1616.126,0,734.240,0,142.658,1805,1135,2.690,2.070,1.260,2,0,1.995,0,0,20,32,0,20,0
10-08 10:48:58,21.375,5.281,72.425,0.251,0,1571988,448628,214792,5607836,8670.858,1629.558,0,611.587,0,46.271,2736,2102,2.690,2.070,1.260,1,0,61.360,0,0,20,32,0,20,0
10-08 10:48:59,15.754,37.009,44.510,2.501,0,1552588,467892,214792,5607972,22555.303,1458.343,60.014,304.071,4.001,27.006,7317,6308,2.630,2.070,1.270,1,1,836.197,0,0,20,32,0,20,0
10-08 10:49:00,16.494,41.484,40.234,0.500,0,1519396,501032,214792,5608024,9667.216,1619.366,23.991,223.912,2.999,25.990,7453,6616,2.630,2.070,1.270,2,0,977.617,0,0,20,32,0,20,0
10-08 10:49:01,9.743,23.484,65.204,0,0,1496356,524028,214792,5608068,9894.095,1618.870,0,67.953,0,14.990,6208,4734,2.630,2.070,1.270,2,0,534.627,0,0,20,32,0,20,0
10-08 10:49:02,8.009,22.775,67.825,0,0,1498372,521992,214792,5608088,8221.117,1621.798,0,40.044,0,10.011,5901,4361,2.630,2.070,1.270,2,0,440.488,0,0,20,32,0,20,0
10-08 10:49:03,10.496,23.491,65.226,0,0,1496484,523856,214792,5608116,15209.422,5900.836,0,47.982,0,11.996,6323,4998,2.630,2.070,1.270,2,0,518.810,0,0,20,33,0,20,0
10-08 10:49:04,13.509,26.768,57.540,0,0,1432896,587412,214792,5608144,93148.361,2826241.783,0,48.033,0,12.008,8321,6635,2.500,2.050,1.270,2,0,620.429,0,0,20,33,0,20,0
10-08 10:49:05,14.484,27.470,56.939,0.250,0,1433224,586996,214792,5608232,26415.523,19724.736,0,171.815,0,14.984,7228,6826,2.500,2.050,1.270,2,0,667.281,0,0,20,32,0,14,0
10-08 10:49:06,9.008,21.768,67.557,0,0,1447148,573032,214792,5608256,12217.359,1621.375,0,44.037,0,11.009,6057,4479,2.500,2.050,1.270,1,0,458.389,0,0,20,32,0,14,0
10-08 10:49:07,8.751,21.753,68.761,0,0,1443520,576624,214792,5608292,9762.569,1620.260,0,40.006,0,8.001,5927,4362,2.500,2.050,1.270,2,0,434.070,0,0,20,32,0,14,0
10-08 10:49:08,8.744,21.734,67.452,0,0,1445240,574844,214792,5608336,11105.070,1456.960,0,535.618,0,33.976,6491,5846,2.500,2.050,1.270,2,0,425.696,0,0,20,32,0,14,0
10-08 10:49:09,8.744,22.985,67.706,0,0,1445588,574472,214792,5608360,10235.284,1618.938,0,127.916,0,16.989,6055,4537,2.380,2.030,1.270,1,0,471.691,0,0,20,32,0,13,0
10-08 10:49:10,10.731,18.467,68.626,0,0,1414072,605956,214796,5608388,35121.576,2160.099,0,15.971,0,3.993,5378,3800,2.380,2.030,1.270,8,0,289.477,0,0,20,32,0,13,0
10-08 10:49:11,23.991,9.996,63.226,1.999,0,1450676,569316,214804,5608416,57865.002,1619.384,15.994,3522.661,3.998,106.959,4038,2835,2.380,2.030,1.270,2,0,213.919,0,0,20,32,0,15,0
10-08 10:49:12,21.241,2.249,72.470,3.249,0,1493320,525748,214804,5609276,24350.844,1619.325,443.815,2323.031,48.980,379.842,2043,1275,2.380,2.030,1.270,2,0,0,0,0,20,32,0,15,0
10-08 10:49:13,22.779,2.503,72.342,1.502,0,1525540,491740,214804,5611064,12629.125,1622.071,780.997,1125.437,82.105,67.086,2350,2248,2.380,2.030,1.270,1,1,1.001,0,0,20,34,0,14,0
10-08 10:49:14,16.288,5.763,65.152,10.023,0,1524668,487020,214812,5616484,30357.774,1623.786,36.084,43717.921,9.021,3587.363,14610,26916,2.350,2.030,1.270,3,0,36.084,0,0,20,36,0,14,0
10-08 10:49:15,17.983,6.244,63.940,9.491,0,1527156,482484,214824,5618520,46639.459,3052.151,0,41521.237,0,3726.521,14800,27861,2.350,2.030,1.270,2,1,46.956,0,0,20,37,0,14,0
10-08 10:49:16,27.504,8.251,44.256,18.003,0,1556724,446208,214864,5625184,21652.031,4468.626,444.062,48490.788,25.003,3887.544,15423,28866,2.350,2.030,1.270,3,1,74.010,0,0,20,37,0,14,0
10-08 10:49:17,23.760,11.005,52.773,9.504,0,1538948,462460,214872,5626688,94375.267,2911524.263,0,43954.754,0,3949.685,17393,29935,2.350,2.030,1.270,1,0,140.060,0,0,20,37,0,12,0
10-08 10:49:18,22.994,13.247,50.987,9.998,0,1521312,477804,214880,5628972,32862.826,19678.106,0,41249.741,0,3812.052,16215,30312,2.350,2.030,1.270,1,1,170.957,0,0,20,37,0,12,0
10-08 10:49:19,19.505,7.752,60.016,11.253,0,1518756,477564,214884,5631748,14940.105,4977.368,0,46420.754,0,4057.115,15991,30323,2.400,2.050,1.280,4,0,91.025,0,0,20,36,0,12,0
10-08 10:49:20,17.755,5.251,63.018,10.003,0,1519212,475044,214884,5633812,9703.701,1620.451,0,44660.430,0,3955.101,15117,28942,2.400,2.050,1.280,2,0,54.015,0,0,20,36,0,12,0
10-08 10:49:21,13.501,6.501,64.507,12.251,0,1519532,472788,214896,5635720,9598.055,1620.178,0,51301.638,0,4799.527,17158,34093,2.400,2.050,1.280,2,1,6.001,0,0,20,36,0,10,0
10-08 10:49:22,14.244,6.497,62.223,12.245,0,1519740,470548,214896,5637720,21227.643,1619.286,0,60901.154,0,5161.725,17053,34612,2.400,2.050,1.280,0,1,0,0,0,20,36,0,10,0
10-08 10:49:23,14.507,6.753,62.531,12.506,0,1520836,467528,214896,5639644,10500.226,1620.807,0,63471.589,0,5639.807,18638,36472,2.400,2.050,1.280,1,2,1.000,0,0,20,36,0,10,0
10-08 10:49:24,15.246,6.998,62.484,12.247,0,1521300,465008,214896,5641700,14096.344,1619.580,0,62395.818,0,5147.665,17694,35229,2.290,2.030,1.280,2,1,0,0,0,20,36,0,10,0
10-08 10:49:25,14.991,6.996,62.713,11.743,0,1521024,462992,214896,5643992,13684.000,1619.053,0,62791.291,0,5267.920,18011,35811,2.290,2.030,1.280,5,0,0,0,0,20,36,0,10,0
10-08 10:49:26,15.748,7.249,62.493,11.499,0,1522676,458468,214896,5646848,9012.940,1619.810,0,56749.326,0,4805.435,17190,33964,2.290,2.030,1.280,3,0,20.998,0,0,20,36,0,10,0
10-08 10:49:27,17.714,4.740,64.867,8.982,0,1522812,456200,214896,5648964,8659.226,1616.682,0,30022.375,0,2922.002,12513,23401,2.290,2.030,1.280,2,0,35.926,0,0,20,36,0,10,0
10-08 10:49:28,22.700,5.238,69.097,1.996,0,1456504,522480,214896,5648992,9566.873,1616.430,0,16735.044,0,951.898,4191,5733,2.290,2.030,1.280,2,0,36.918,0,0,20,32,0,10,0
10-08 10:49:29,27.831,7.271,62.682,0.251,0.251,1489400,489584,214896,5648996,142106.498,2938035.030,0,1371.992,0,85.248,5247,2999,2.270,2.030,1.280,3,0,54.158,0,0,20,33,0,9,0
10-08 10:49:30,31.973,10.741,55.703,0.500,0,1515876,463096,214896,5649004,76309.979,17895.752,0,4108.499,0,224.808,5541,4748,2.270,2.030,1.280,3,0,154.868,0,0,20,35,0,9,0
10-08 10:49:31,16.522,17.022,62.331,2.754,0,1488828,489984,214932,5649128,38046.601,13736.909,156.204,52.068,35.046,3.004,5175,4177,2.270,2.030,1.280,3,0,278.363,0,0,20,32,0,9,0
10-08 10:49:32,19.790,5.261,72.648,1.503,0,1480508,497732,214932,5649700,19995.854,1623.317,517.056,0,5.010,0,2649,1523,2.270,2.030,1.280,2,0,60.123,0,0,20,32,0,9,0
10-08 10:49:33,18.390,8.449,72.068,0,0,1483616,494620,214932,5649704,34804.135,1703.775,0,0,0,0,3005,1842,2.270,2.030,1.280,2,0,76.541,0,0,20,32,0,9,0
10-08 10:49:34,23.565,2.758,72.199,0,0,1504012,474220,214932,5649708,37362.869,1624.473,0,220.607,0,21.058,2495,2028,2.160,2.010,1.280,2,0,0,0,0,20,32,0,9,0
10-08 10:49:35,21.798,5.262,70.657,0.501,0,1472772,505436,214932,5649732,22610.247,1623.608,0,7324.277,0,385.857,4427,5074,2.160,2.010,1.280,2,0,40.089,0,0,20,32,0,9,0
10-08 10:49:36,20.675,4.982,72.984,0.249,0,1483700,494500,214932,5649740,15401.794,1614.110,0,1510.488,0,80.705,2305,1716,2.160,2.010,1.280,2,0,26.902,0,0,20,32,0,9,0
10-08 10:49:37,23.816,3.259,72.702,0,0,1503592,474604,214932,5649744,11729.600,1624.515,0,200.557,0,11.031,2364,1978,2.160,2.010,1.280,2,0,0,0,0,20,33,0,10,0
10-08 10:49:38,30.547,5.508,62.345,0.250,0,1525864,452304,214932,5649600,9093.850,1460.224,0,180.275,0,18.027,6290,15363,2.160,2.010,1.280,1,0,36.055,0,0,20,33,0,11,0
10-08 10:49:39,21.680,4.735,72.268,0.249,0,1509360,468644,214932,5649936,9672.940,1614.815,0,2567.755,0,403.704,2761,2460,2.070,2,1.280,4,0,29.904,0,0,20,32,0,11,0
10-08 10:49:40,23.073,2.508,72.979,0.251,0,1550548,427456,214932,5649936,9478.797,1625.109,0,224.706,0,14.044,1980,1567,2.070,2,1.280,3,0,0,0,0,20,32,0,11,0
10-08 10:49:41,26.764,5.003,67.285,0,0,1549852,428120,214932,5649976,28788.882,617868.408,0,300.155,0,40.021,4903,5740,2.070,2,1.280,1,0,51.026,0,0,20,34,0,4,0
10-08 10:49:42,26.627,11.447,60.223,0,0,1446284,531648,214932,5650016,82450.353,2330458.281,0,11.945,0,1.991,6761,6257,2.070,2,1.280,4,0,175.193,0,0,20,33,0,4,0
10-08 10:49:43,30.356,11.290,58.204,0,0,1481592,496332,214932,5650008,29879.615,17503.283,0,0,0,0,4273,3575,2.070,2,1.280,1,0,152.534,0,0,20,33,0,4,0
10-08 10:49:44,24.024,3.504,72.073,0,0,1503464,474448,214932,5650028,16543.739,4072.120,0,152.154,0,12.012,2667,2399,1.980,1.980,1.280,1,0,2.002,0,0,20,33,0,4,0
10-08 10:49:45,23.935,2.992,70.807,0,0,1503428,474448,214932,5650064,22606.478,1615.603,0,414.871,0,26.927,5566,6939,1.980,1.980,1.280,2,0,0,0,0,20,33,0,6,0
10-08 10:49:46,21.239,4.997,71.962,0.250,0,1477476,500256,214932,5650208,16334.350,1619.143,0,99.947,0,11.994,3045,2874,1.980,1.980,1.280,1,0,29.984,0,0,20,32,0,6,0
10-08 10:49:47,23.507,3.001,73.021,0,0,1528288,449444,214932,5650208,8512.468,1458.423,0,1644.477,0,24.007,1952,1359,1.980,1.980,1.280,2,0,0,0,0,20,33,0,6,0
10-08 10:49:48,23.811,2.757,71.934,0,0,1525276,452424,214932,5650240,9517.339,1624.153,0,0,0,0,3948,4586,1.980,1.980,1.280,1,0,0,0,0,20,33,0,6,0
10-08 10:49:49,22.495,4.249,71.235,0,0,1442996,534676,214932,5650268,9360.023,1619.658,0,0,0,0,4576,5257,1.910,1.960,1.270,2,0,37.992,0,0,20,32,0,6,0
10-08 10:49:50,21.900,4.480,73.416,0,0,1500480,477188,214932,5650272,11499.745,1612.672,0,0,0,0,1975,1291,1.910,1.960,1.270,2,0,12.941,0,0,20,32,0,6,0
10-08 10:49:51,22.539,2.755,72.876,0,0,1520252,457408,214932,5650280,12332.299,1622.803,0,0,0,0,2137,1568,1.910,1.960,1.270,1,0,0,0,0,20,33,0,6,0
10-08 10:49:52,21.820,5.518,72.483,0,0,1503192,474456,214932,5650292,11584.219,1625.222,0,0,0,0,3123,2974,1.910,1.960,1.270,2,0,34.110,0,0,20,32,0,6,0
10-08 10:49:53,23.364,2.983,72.826,0,0,1544012,433632,214932,5650296,9631.860,1610.612,0,51.699,0,4.971,1836,1129,1.910,1.960,1.270,3,0,0.994,0,0,20,32,0,6,0
10-08 10:49:54,29.542,7.761,60.336,0.250,0,1537092,440340,214932,5650516,92749.966,2958425.178,0,216.310,0,26.037,5793,4606,1.830,1.950,1.270,4,0,102.146,0,0,20,33,0,7,0
10-08 10:49:55,27.103,14.053,58.221,0.251,0,1499532,477828,214932,5650588,30783.083,19155.859,0,614.337,0,40.153,4791,4091,1.830,1.950,1.270,2,0,193.737,0,0,20,33,0,7,0
10-08 10:49:56,26.446,6.487,65.617,0,0,1515472,461884,214932,5650584,40163.412,10848.961,0,0,0,0,3665,2886,1.830,1.950,1.270,2,0,73.850,0,0,20,32,0,7,0
10-08 10:49:57,23.561,3.008,71.938,0,0,1424556,552772,214932,5650612,21814.870,1624.234,0,36.094,0,1.003,4034,4377,1.830,1.950,1.270,1,0,11.029,0,0,20,32,0,8,0
10-08 10:49:58,21.411,4.979,73.196,0,0,1482128,495200,214932,5650612,9468.730,1613.309,0,0,0,0,2122,1407,1.830,1.950,1.270,1,0,31.868,0,0,20,32,0,8,0
10-08 10:49:59,23.581,2.258,73.001,0,0,1504792,472532,214932,5650616,8153.996,1625.581,0,12.041,0,2.007,2309,1922,1.770,1.930,1.270,1,0,0,0,0,20,33,0,8,0
10-08 10:50:00,21.015,8.256,70.052,0,0,1429144,548140,214932,5650656,9878.279,1621.195,0,140.103,0,13.010,4599,4785,1.770,1.930,1.270,2,0,71.052,0,0,20,32,0,8,0
10-08 10:50:01,21.681,3.738,73.019,0.249,0,1485088,492196,214932,5650656,10912.473,1614.891,0,231.268,0,13.956,1811,1216,1.770,1.930,1.270,2,0,1.994,0,0,20,32,0,8,0
10-08 10:50:02,23.765,2.752,73.046,0,0,1507484,469796,214932,5650660,12260.657,1621.012,0,40.025,0,5.003,2700,2541,1.770,1.930,1.270,2,0,0,0,0,20,33,0,8,0
10-08 10:50:03,21.058,5.014,72.200,0,0,1456028,521236,214932,5650676,14551.326,1624.502,0,36.100,0,1.003,2894,2531,1.770,1.930,1.270,1,0,35.097,0,0,20,32,0,8,0
10-08 10:50:04,22.692,3.242,73.313,0,0,1504648,472612,214932,5650680,16668.488,1454.291,0,3.990,0,0.997,2183,1679,1.700,1.920,1.270,2,0,0,0,0,20,33,0,8,0
10-08 10:50:05,20.804,5.765,72.437,0,0,1466580,510668,214932,5650692,9234.797,1624.185,0,168.434,0,18.047,2970,2541,1.700,1.920,1.270,1,0,54.140,0,0,20,32,0,8,0
10-08 10:50:06,25.800,6.698,64.004,1.240,0,1520336,456856,214936,5650752,64659.452,2185323.975,47.631,154.799,6.946,9.923,3860,2383,1.700,1.920,1.270,3,0,58.546,0,0,20,33,0,8,0
10-08 10:50:07,29.684,9.559,60.123,0,0,1501652,475304,214936,5650980,58157.222,777838.258,0,44.275,0,5.031,4720,3908,1.700,1.920,1.270,3,0,105.656,0,0,20,34,0,8,0
10-08 10:50:08,27.727,11.241,58.952,0,0,1499896,477028,214936,5651012,24989.604,17016.112,0,355.710,0,0.999,5865,6621,1.700,1.920,1.270,4,0,195.840,0,0,20,32,0,8,0
10-08 10:50:09,23.004,3.001,73.264,0,0,1551696,425228,214936,5651012,21251.046,1620.308,0,0,0,0,1875,1293,1.650,1.900,1.270,2,0,0,0,0,20,32,0,8,0
10-08 10:50:10,23.796,2.755,72.641,0.250,0,1555880,421028,214936,5651028,11819.965,1623.154,0,2757.357,0,245.477,3320,3357,1.650,1.900,1.270,2,0,0,0,0,20,33,0,8,0
10-08 10:50:11,19.696,6.981,71.555,0,0,1472100,504792,214936,5651044,12134.902,1615.594,0,143.608,0,12.965,3640,3449,1.650,1.900,1.270,2,0,66.818,0,0,20,32,0,8,0
10-08 10:50:12,22.818,2.507,73.718,0.251,0,1496796,480096,214936,5651044,15059.556,1624.807,0,196.582,0,13.039,1774,1108,1.650,1.900,1.270,1,0,0,0,0,20,32,0,8,0
10-08 10:50:13,23.405,2.988,71.710,0,0,1503832,473040,214936,5651064,16484.331,1452.127,0,103.581,0,6.972,3432,3552,1.650,1.900,1.270,2,0,0.996,0,0,20,32,0,8,0
10-08 10:50:14,21.267,5.004,72.807,0,0.250,1467536,509332,214936,5651068,19491.207,1621.265,0,60.047,0,4.003,2325,1471,1.600,1.880,1.270,2,0,34.027,0,0,20,32,0,6,0
10-08 10:50:15,24.018,3.002,73.305,0.250,0,1506200,470536,214936,5651200,8244.204,1621.220,0,1781.340,0,230.173,2218,1645,1.600,1.880,1.270,2,0,0,0,0,20,32,0,6,0
10-08 10:50:16,19.989,5.997,71.960,0,0,1521536,455192,214936,5651208,8999.943,1619.090,0,111.937,0,11.993,3065,2525,1.600,1.880,1.270,1,0,59.966,0,0,20,32,0,6,0
10-08 10:50:17,22.497,3.250,73.241,0.250,0,1571936,404792,214936,5651208,9241.905,1619.808,0,411.951,0,52.994,1827,1230,1.600,1.880,1.270,2,0,0,0,0,20,32,0,6,0
10-08 10:50:18,24.792,3.255,71.870,0,0,1582388,394324,214936,5651224,12849.523,4660.807,0,0,0,0,3152,3245,1.600,1.880,1.270,1,0,2.003,0,0,20,34,0,7,0
10-08 10:50:19,33.232,10.244,55.220,0,0,1555296,421404,214936,5651236,83356.326,2960586.782,0,3.998,0,0.999,5616,3733,1.630,1.890,1.270,2,0,102.944,0,0,20,33,0,7,0
10-08 10:50:20,30.716,9.989,58.436,0,0,1551700,424864,214936,5651380,39422.944,19093.147,0,7.991,0,1.998,4251,3631,1.630,1.890,1.270,8,0,152.833,0,0,20,32,0,7,0
10-08 10:50:21,28.330,7.270,62.676,0,0,1534640,441904,214936,5651392,37376.064,15262.904,0,0,0,0,4550,4605,1.630,1.890,1.270,1,0,103.290,0,0,20,33,0,7,0
10-08 10:50:22,15.506,9.254,71.278,2.751,0,1505112,471412,214936,5651412,9019.484,1458.563,4.002,164.063,1.000,14.005,4094,3798,1.630,1.890,1.270,1,0,124.048,0,0,20,32,0,7,0
10-08 10:50:23,7.217,15.926,73.162,1.742,0,1487600,488296,214936,5652008,8808.269,1612.543,278.711,187.135,22.894,10.949,4486,3138,1.630,1.890,1.270,1,0,234.914,0,0,20,32,0,7,0
10-08 10:50:24,6.526,12.550,79.317,0.502,0,1485604,490248,214940,5652068,20082.179,1626.494,36.144,236.946,4.016,11.044,3691,2737,1.500,1.850,1.260,2,0,166.665,0,0,21,12,0,7,20
10-08 10:50:25,9.505,20.261,68.786,0,0,1474076,501744,214940,5652100,9528.016,1620.853,0,324.171,0,19.010,5443,3808,1.500,1.850,1.260,4,0,295.155,0,0,21,12,0,7,20
10-08 10:50:26,16.994,17.244,64.979,0,0,1464964,510844,214940,5652456,77529.645,1619.470,0,15.995,0,3.999,6735,6326,1.500,1.850,1.260,3,0,214.930,0,0,21,12,0,7,20
10-08 10:50:27,25.252,18.751,55.004,0.250,0,1487968,487588,214940,5652364,9650.767,1620.129,20.002,0,1.000,0,5169,4491,1.500,1.850,1.260,2,0,214.017,0,0,21,12,0,7,20
10-08 10:50:28,16.448,20.934,60.308,0.249,0,1509360,465356,214940,5653148,9418.086,1614.871,23.924,75.759,0.997,5.981,5600,3999,1.500,1.850,1.260,2,0,314.003,0,0,23,12,0,7,20
10-08 10:50:29,19.046,17.793,62.650,0,0,1510840,463848,214940,5653628,19756.299,1623.888,0,16.038,0,4.010,6953,8356,1.460,1.840,1.260,2,0,232.557,0,0,23,12,0,7,20
10-08 10:50:30,26.510,15.506,56.772,0,0,1533224,441332,214940,5653296,20145.917,1620.637,0,244.096,0,3.001,4538,3067,1.460,1.840,1.260,2,0,162.064,0,0,23,12,0,7,20
10-08 10:50:31,18.475,22.720,57.673,0,0,1534764,439532,214940,5653560,15278.630,6736.019,3.995,15.979,0.999,3.995,5890,4545,1.460,1.840,1.260,1,0,348.535,0,0,25,13,0,7,20
10-08 10:50:32,19.244,19.244,60.231,0,0.250,1532148,442088,214940,5653752,110531.311,3025336.158,0,1087.649,0,24.992,7455,6443,1.460,1.840,1.260,1,0,248.920,0,0,25,13,0,7,20
10-08 10:50:33,29.775,17.014,51.043,0,0,1553532,420564,214944,5653764,26958.609,13509.330,0,0,0,0,6467,6096,1.460,1.840,1.260,3,0,205.172,0,0,25,13,0,7,20
10-08 10:50:34,70.108,16.776,12.770,0,0,1763216,210724,214952,5653884,25337.881,18175.891,0,0,0,0,5644,5100,1.500,1.840,1.270,13,0,174.267,0,0,27,12,0,7,20
10-08 10:50:35,87.496,11.999,0,0,0,1972668,154764,214420,5503708,29755.642,1619.926,519.976,347.984,14.999,5.000,5264,3403,1.500,1.840,1.270,14,0,9.000,0,0,27,12,0,7,20
10-08 10:50:36,89.710,7.996,1.749,0,0,2130500,152768,214324,5351576,24108.129,1619.270,271.877,15.993,4.998,3.998,5337,3723,1.500,1.840,1.270,3,0,52.976,0,0,27,12,0,7,20
10-08 10:50:37,11.215,17.445,66.791,2.243,0,2123192,159580,214324,5352096,8716.670,1614.936,418.687,358.875,11.962,1.994,5042,3717,1.500,1.840,1.270,2,1,246.228,0,0,27,12,0,7,20
10-08 10:50:38,11.269,21.035,65.358,1.753,0,2109496,173100,214328,5352252,10250.904,1622.676,132.218,184.304,10.017,10.017,5737,4288,1.500,1.840,1.270,6,0,306.505,0,0,27,12,0,7,20
10-08 10:50:39,27.258,15.754,50.514,4.751,0,2073984,208164,214328,5353064,9073.524,1662.462,436.121,64.018,20.006,2.001,6162,15348,2.340,2.010,1.330,1,0,167.046,0,0,27,12,0,6,20
10-08 10:50:40,25.462,11.982,57.663,2.995,0,2107800,172756,214328,5354296,9440.809,1617.569,1569.641,3370.933,19.970,341.487,4705,3554,2.340,2.010,1.330,3,0,141.787,0,0,27,12,0,6,20
10-08 10:50:41,17.305,7.524,74.488,0,0,2124980,155124,214328,5354684,8913.488,1462.675,0,8.026,0,2.006,3108,2738,2.340,2.010,1.330,1,0,72.231,0,0,28,12,0,7,20
10-08 10:50:42,21.673,5.979,70.998,0,0,2174776,173500,214328,5287760,18859.079,1614.272,0,167.406,0,1.993,2647,1985,2.340,2.010,1.330,2,0,19.929,0,0,28,12,0,7,20
10-08 10:50:43,24.973,3.496,70.673,0,0,2196696,151576,214328,5287764,9536.654,1618.244,0,95.896,0,12.986,2980,2905,2.340,2.010,1.330,3,0,0.999,0,0,28,12,0,7,10
10-08 10:50:44,23.043,6.262,68.879,1.002,0,2162908,185076,214328,5288052,21772.699,1763.296,28.052,516.966,2.004,48.090,4310,4927,2.230,2,1.320,3,0,33.062,0,0,28,15,0,12,0
10-08 10:50:45,13.781,26.058,57.126,0.752,0,2157308,190436,214328,5288280,99979.357,3096322.329,132.293,388.861,10.022,6.013,8279,6440,2.230,2,1.320,2,0,506.121,0,0,28,15,0,12,0
10-08 10:50:46,16.250,25.000,55.501,1.750,0,2143224,204404,214332,5288376,25437.270,17958.190,64.001,20.000,6.000,5.000,6974,6615,2.230,2,1.320,3,0,497.005,0,0,28,15,0,12,0
10-08 10:50:47,14.234,24.722,58.684,0.999,0,2131752,215828,214336,5288872,16498.400,9765.990,19.977,31.964,1.998,7.991,7036,6803,2.230,2,1.320,2,0,369.583,0,0,28,14,0,10,0
10-08 10:50:48,23.999,11.749,62.747,0.250,0,2155860,191640,214336,5288844,9499.486,1619.912,71.996,4.000,1.000,1.000,4526,4772,2.230,2,1.320,3,0,100.995,0,0,28,14,0,10,0
10-08 10:50:49,48.531,10.507,39.775,0,0,2233196,193848,214336,5211304,9827.260,1621.033,0,0,0,0,4119,2644,2.300,2.010,1.330,4,0,101.064,0,0,28,15,0,10,0
10-08 10:50:50,48.388,4.490,46.642,0,0,2288652,138156,214336,5211540,9243.519,1454.620,0,419.026,0,2.993,3264,1925,2.300,2.010,1.330,3,0,0,0,0,28,15,0,10,0
10-08 10:50:51,49.633,4.489,44.395,0.249,0,2344076,161288,214332,5134764,11992.747,1616.192,0,1991.309,0,249.412,3414,2016,2.300,2.010,1.330,4,0,2.993,0,0,28,17,0,11,0
10-08 10:50:52,50.144,4.513,43.626,1.254,0,2384844,120276,214332,5135008,10142.221,1624.681,96.277,256.740,1.003,12.035,4182,3437,2.300,2.010,1.330,3,0,15.043,0,0,28,31,0,11,0
10-08 10:50:53,42.623,10.280,46.133,0,0,2418348,157708,214332,5065364,9580.673,1624.693,0,1492.310,0,121.351,6130,8899,2.300,2.010,1.330,3,0,74.214,0,0,28,30,0,11,0
10-08 10:50:54,13.448,20.421,64.252,0.249,0,2435328,140668,214332,5065804,11153.919,1613.767,0,549.876,0,15.938,6667,6740,2.190,2,1.330,4,0,339.688,0,0,28,30,0,11,0
10-08 10:50:55,20.759,11.255,64.527,2.251,0,2442472,133292,214332,5065676,21628.153,1620.686,96.041,140.059,7.003,13.006,4704,5222,2.190,2,1.330,2,0,100.042,0,0,28,30,0,10,0
10-08 10:50:56,1.753,0.751,95.386,0,0,2442696,133068,214332,5065676,8903.729,1622.319,0,108.155,0,10.014,1183,1666,2.190,2,1.330,1,0,3.004,0,0,28,30,0,10,0
10-08 10:50:57,5.491,4.493,87.612,0,0,2446880,128860,214332,5065688,75971.185,2618465.379,59.906,0,5.991,0,3614,2691,2.190,2,1.330,1,0,51.918,0,0,28,31,0,10,0
10-08 10:50:58,9.264,8.012,81.126,0,0,2421096,154580,214336,5065736,41974.982,512382.224,8.012,116.180,2.003,2.003,4157,3749,2.190,2,1.330,2,0,107.166,0,0,28,31,0,10,0
10-08 10:50:59,9.011,10.262,78.593,0,0,2411676,163996,214336,5065756,27289.443,18247.694,0,12.014,0,3.004,4513,4328,2.100,1.980,1.330,3,0,154.183,0,0,28,30,0,9,1
10-08 10:51:00,16.188,12.701,69.734,0,0,2361728,213936,214336,5066104,10534.765,1679.585,0,0,0,0,5148,5666,2.100,1.980,1.330,3,0,215.178,0,0,28,30,0,9,0
10-08 10:51:01,20.578,14.304,63.241,0,0,2368008,207608,214336,5065764,8888.861,1626.195,0,124.474,0,4.015,5084,5842,2.100,1.980,1.330,2,0,167.639,0,0,28,32,0,9,0
10-08 10:51:02,27.021,20.516,49.289,2.002,0,2438652,136852,214344,5065812,8862.016,1859.472,12.010,308.244,3.002,26.021,6211,5761,2.100,1.980,1.330,1,1,344.273,0,0,29,46,0,9,0
10-08 10:51:03,21.650,15.180,60.970,0.498,0,2431656,143780,214344,5066360,9209.672,1612.589,55.744,39.817,13.936,0.995,6437,8258,2.100,1.980,1.330,2,0,196.099,0,0,29,46,0,9,0
10-08 10:51:04,10.997,11.746,75.226,0,0,2432476,143024,214344,5065880,8737.252,1619.491,0,239.925,0,9.997,3759,4171,2.170,2,1.340,0,0,188.941,0,0,29,46,0,9,0
10-08 10:51:05,10.796,14.813,73.313,0,0,2446460,128888,214344,5066396,9110.846,1626.937,0,389.661,0,22.094,5383,5852,2.170,2,1.340,4,0,213.912,0,0,31,46,0,9,0
10-08 10:51:06,22.438,10.969,63.573,0.748,0,2429924,145388,214344,5066056,9385.863,1615.501,0,7961.828,0,782.820,5088,6048,2.170,2,1.340,1,0,102.714,0,0,31,46,0,10,0
10-08 10:51:07,16.549,21.063,60.932,0.752,0,2485012,161640,214340,4995868,22196.152,1666.968,8.024,44.132,1.003,8.024,5612,4651,2.170,2,1.340,1,0,325.972,0,0,31,48,0,10,0
10-08 10:51:08,10.497,19.494,67.731,0,0,2485788,160840,214340,4995892,9698.239,1457.585,0,1283.635,0,17.995,5865,4756,2.170,2,1.340,2,0,309.912,0,0,31,48,0,10,0
10-08 10:51:09,20.115,17.135,61.587,0.248,0,2470352,175996,214340,4996652,10330.768,1609.216,3.973,1867.485,0.993,48.674,6604,7943,2.070,1.980,1.340,3,0,216.549,0,0,31,48,0,10,0
10-08 10:51:10,31.729,23.923,43.313,0,0,2480668,165676,214352,4996188,96592.008,3186333.571,0,64.466,0,9.066,7494,5851,2.070,1.980,1.340,2,0,379.744,0,0,31,49,0,10,0
10-08 10:51:11,36.678,27.945,33.934,0,0.250,2517432,128848,214352,4996248,30709.960,20970.002,0,35.930,0,3.992,7101,6873,2.070,1.980,1.340,4,0,538.946,0,0,31,49,0,10,0
10-08 10:51:12,32.660,25.680,39.891,0.249,0,2568968,151300,214380,4923904,15356.854,9630.569,79.781,19.945,2.992,4.986,6686,6009,2.070,1.980,1.340,3,0,448.768,0,0,31,48,0,10,0
10-08 10:51:13,31.842,24.571,41.621,0.752,0,2601340,190252,214384,4854616,9152.582,1624.719,52.151,36.105,4.012,9.026,6602,7888,2.070,1.980,1.340,2,0,357.037,0,0,31,52,0,12,0
10-08 10:51:14,40.497,20.373,37.515,0,0,2662916,128660,214384,4855120,9880.203,1609.931,11.925,647.947,2.981,3.975,6652,8049,2.070,1.980,1.340,3,0,218.633,0,0,31,52,0,12,0
10-08 10:51:15,62.726,20.153,17.382,0,0,2727732,137068,214384,4783688,15221.419,1632.378,0,0,0,0,4983,3738,2.070,1.980,1.340,6,0,255.941,0,0,31,52,0,12,0
10-08 10:51:16,66.540,24.265,9.005,0,0.250,2833428,171636,214380,4646368,14558.749,1620.974,0,852.512,0,13.008,5921,4796,2.070,1.980,1.340,5,0,341.205,0,0,31,52,0,12,0
10-08 10:51:17,66.451,15.239,17.487,0,0,2881008,193348,214380,4579080,18794.101,1618.803,231.829,7.994,1.999,1.999,6467,8306,2.070,1.980,1.340,5,0,142.894,0,0,31,52,0,12,0
10-08 10:51:18,72.464,24.488,2.999,0,0,2966112,176800,214384,4511820,15331.445,1457.282,3.998,263.870,1.000,17.991,5731,4716,2.070,1.980,1.340,5,0,338.833,0,0,31,52,0,12,0
10-08 10:51:19,64.434,23.476,6.244,5.494,0,3050460,157416,215176,4447984,22935.643,1618.352,687.300,2605.347,78.920,99.898,6791,7543,2.300,2.030,1.360,2,2,321.672,0,0,31,52,0,12,0
10-08 10:51:20,81.743,13.999,2.000,1.750,0,3148168,122912,215340,4385344,9636.225,1619.870,263.979,0,11.999,0,6545,5448,2.300,2.030,1.360,5,0,121.990,0,0,31,56,0,11,0
10-08 10:51:21,67.839,26.535,3.254,2.003,0,3257888,179460,213860,4222688,9431.306,1622.116,16.021,15600.355,4.005,1201.568,10048,15494,2.300,2.030,1.360,4,1,291.380,0,0,31,58,0,12,0
10-08 10:51:22,74.037,22.761,1.001,1.001,0,3351632,128636,213792,4180668,15092.557,5905.957,212.106,30215.128,14.007,2743.374,13202,23443,2.300,2.030,1.360,10,1,276.138,0,0,31,59,0,12,0
10-08 10:51:23,70.232,21.245,5.499,2.499,0,3379512,146560,213832,4135632,84121.828,3238640.879,255.936,9361.644,12.997,1001.748,12963,18478,2.300,2.030,1.360,4,0,197.950,0,0,31,59,0,12,0
10-08 10:51:24,76.712,22.665,0.747,0,0,3421248,162920,213832,4077504,28484.211,16682.456,462.267,6320.305,10.959,359.652,7730,8335,2.520,2.080,1.380,5,0,280.947,0,0,31,63,0,16,0
10-08 10:51:25,73.863,24.037,1.252,0.501,0,3488200,141452,213832,4032628,34047.052,15427.586,4.006,965.476,1.002,50.077,7990,13479,2.520,2.080,1.380,10,0,382.585,0,0,31,72,0,23,0
10-08 10:51:26,57.637,25.310,17.040,0,0,3541496,143976,213832,3977548,21728.595,6108.505,4.010,685.628,1.002,42.100,7783,9371,2.520,2.080,1.380,5,0,381.907,0,0,31,71,0,27,0
10-08 10:51:27,38.085,20.909,38.831,0.249,0,3558840,183524,213832,3922284,10795.130,1451.697,0,589.441,0,27.879,6323,7803,2.520,2.080,1.380,4,0,261.863,0,0,31,71,0,28,0
10-08 10:51:28,55.289,17.762,27.019,0,0,3648556,136312,213832,3880704,22137.474,1621.133,0,660.462,0,34.024,5679,6199,2.520,2.080,1.380,7,0,177.124,0,0,31,73,0,28,0
10-08 10:51:29,70.543,11.507,17.010,0,0,3730880,174152,213832,3763092,29279.710,1620.980,0,608.368,0,34.021,6032,8047,2.560,2.090,1.390,5,0,37.022,0,0,31,76,0,32,0
10-08 10:51:30,38.376,9.281,51.419,0.502,0,3775748,128480,213832,3764052,43635.729,1625.354,20.066,4185.787,4.013,221.730,4980,4724,2.560,2.090,1.390,3,0,91.301,0,0,31,79,0,32,0
10-08 10:51:31,10.242,18.735,68.697,0,0,3783980,160364,213832,3725156,9316.784,1618.746,0,683.471,0,38.970,5747,4560,2.560,2.090,1.390,1,0,295.771,0,0,31,79,0,32,0
10-08 10:51:32,10.740,19.732,69.189,0,0,3795168,149112,213832,3725220,29095.175,1618.563,0,71.936,0,7.993,6074,4622,2.560,2.090,1.390,1,0,293.739,0,0,31,79,0,32,0
10-08 10:51:33,9.011,19.022,69.581,0,0,3789092,155160,213832,3725248,19245.499,1806.111,0,148.173,0,10.012,5823,4459,2.560,2.090,1.390,1,0,301.352,0,0,31,79,0,32,0
10-08 10:51:34,24.401,5.478,68.970,0.498,0,3832240,159724,213832,3679084,9968.467,1613.440,99.595,657.327,0.996,7.968,2683,2291,2.430,2.080,1.390,2,0,10.955,0,0,31,81,0,32,0
10-08 10:51:35,24.301,3.507,71.399,0.251,0,3861784,130228,213832,3679132,19722.063,1623.380,68.142,60.125,1.002,2.004,2838,2716,2.430,2.080,1.390,2,0,0,0,0,31,81,0,33,0
10-08 10:51:36,29.302,7.513,59.356,2.004,0,3868392,152796,213840,3650476,102945.127,3320142.141,12.021,625.112,3.005,39.070,6317,5669,2.430,2.080,1.390,2,0,55.098,0,0,31,89,0,33,0
10-08 10:51:37,37.854,15.441,45.326,0.249,0,3819076,247580,213840,3605432,29305.338,20679.500,0,11555.576,0,797.932,5951,5111,2.430,2.080,1.390,2,0,213.180,0,0,31,90,0,33,0
10-08 10:51:38,25.562,7.769,62.402,2.256,0,3844352,222132,213840,3605612,21610.740,12150.653,164.401,164.401,3.007,12.029,3921,3650,2.430,2.080,1.390,1,0,101.247,0,0,31,89,0,33,0
10-08 10:51:39,33.745,6.499,56.992,1.500,0,3875572,190704,213840,3605824,11975.313,1619.772,191.973,127.982,9.999,14.998,4359,13102,2.400,2.070,1.390,3,0,37.995,0,0,31,95,0,35,0
10-08 10:51:40,40.665,7.734,50.146,0.748,0,3955168,144088,213848,3573684,9547.144,1616.638,423.120,2885.998,43.909,61.871,5052,5712,2.400,2.070,1.390,3,0,5.988,0,0,31,100,0,34,0
10-08 10:51:41,22.354,6.530,68.820,0.754,0,3920892,178112,213848,3573932,23373.777,1627.574,160.748,2447.390,28.131,92.430,3760,4022,2.400,2.070,1.390,2,0,44.206,0,0,31,101,0,34,0
10-08 10:51:42,23.415,2.740,71.240,1.495,0,3952756,146108,213848,3574072,31924.638,1614.117,139.492,414.489,1.993,18.931,2363,1913,2.400,2.070,1.390,2,0,0,0,0,31,101,0,34,0
10-08 10:51:43,25.499,3.750,69.747,0,0,3961672,137048,213848,3574216,8284.633,1619.928,0,171.992,0,10.000,3648,4111,2.400,2.070,1.390,2,0,0,0,0,31,102,0,34,0
10-08 10:51:44,22.560,6.016,70.187,0.251,0,3915176,183480,213848,3574284,18938.391,1624.322,56.149,1279.404,3.008,105.280,3654,3828,2.290,2.060,1.390,3,0,52.139,0,0,31,101,0,28,0
10-08 10:51:45,23.678,3.489,71.284,0.249,0,3962360,136296,213848,3574284,8575.018,1453.596,0,271.178,0,15.952,2302,1969,2.290,2.060,1.390,2,0,0,0,0,31,101,0,28,0
10-08 10:51:46,24.343,4.015,70.016,0,0,3976552,151508,213848,3545428,9695.881,1626.186,0,333.268,0,28.107,3060,3256,2.290,2.060,1.390,1,0,0,0,0,31,103,0,28,0
10-08 10:51:47,27.257,6.002,63.017,2.751,0.250,3978496,148224,213848,3546768,8418.256,1620.434,568.152,2720.729,65.017,290.078,6322,9287,2.290,2.060,1.390,2,0,3.001,0,0,31,105,0,28,0
10-08 10:51:48,29.967,6.935,59.439,0.991,0,3989940,136244,213848,3547304,37436.509,826825.768,519.098,1117.449,41.607,121.849,5505,6329,2.290,2.060,1.390,3,0,50.523,0,0,31,105,0,29,0
10-08 10:51:49,25.856,15.062,57.485,0.251,0,3932464,193560,213848,3547452,97935.095,2511137.421,0,4068.663,0,247.012,6849,5994,2.340,2.070,1.400,3,0,212.872,0,0,31,105,0,29,0
10-08 10:51:50,38.667,12.052,46.451,1.507,0,3976768,148020,213848,3548680,26017.339,19831.630,755.261,461.995,13.056,27.117,6490,7511,2.340,2.070,1.400,1,0,161.698,0,0,31,106,0,30,0
10-08 10:51:51,25.264,3.502,70.038,0.500,0,3985460,139252,213848,3548756,11485.204,1620.875,0,1304.705,0,69.037,4003,4625,2.340,2.070,1.400,3,0,0,0,0,31,107,0,31,0
10-08 10:51:52,23.749,5.500,68.497,0.500,0,3994116,130208,213848,3549144,32167.653,1619.932,239.990,567.976,15.999,66.997,4711,5471,2.340,2.070,1.400,2,0,1.000,0,0,31,108,0,31,0
10-08 10:51:53,34.965,4.995,57.693,0.749,0,3955316,207484,213848,3511152,14715.415,1456.556,67.933,2661.362,0.999,338.664,4410,4695,2.340,2.070,1.400,2,0,13.986,0,0,31,107,0,31,0
10-08 10:51:54,36.131,15.200,45.102,1.744,0,4036952,125508,213848,3511492,39192.406,1614.702,406.666,418.626,5.980,29.902,4889,4066,2.480,2.100,1.410,2,0,176.421,0,0,31,107,0,31,0
10-08 10:51:55,46.614,5.764,46.112,1.504,0,4113732,126692,213848,3435024,12492.471,1623.961,232.567,1158.827,4.010,103.252,3525,2434,2.480,2.100,1.410,2,0,0,0,0,31,108,0,31,0
10-08 10:51:56,28.754,4.251,65.009,0.500,0,4107880,132372,213848,3435196,10667.511,1620.229,40.006,252.036,4.001,14.002,4031,4431,2.480,2.100,1.410,3,0,0,0,0,31,108,0,31,0
10-08 10:51:57,24.052,4.760,68.397,0.501,0,4117104,123048,213848,3435296,15032.306,1623.489,52.112,849.826,6.013,108.233,5035,6547,2.480,2.100,1.410,1,0,0,0,0,31,108,0,31,0
10-08 10:51:58,21.001,9.000,68.503,0.250,0,4058336,181788,213848,3435324,13938.679,1620.079,0,852.041,0,76.004,4396,4566,2.480,2.100,1.410,2,0,86.004,0,0,31,107,0,31,0
10-08 10:51:59,24.933,2.244,70.810,0.249,0,4108476,131640,213848,3435332,9735.878,1615.665,0,722.063,0,45.877,2340,1957,2.360,2.090,1.410,2,0,0,0,0,31,107,0,31,0
10-08 10:52:00,26.747,5.499,66.243,0.500,0,4116080,161340,213852,3398476,10178.883,1759.807,0,391.957,0,26.997,3686,3907,2.360,2.090,1.410,2,1,7.999,0,0,31,112,0,31,0
10-08 10:52:01,26.476,11.740,59.697,0,0,4062760,214604,213852,3398508,103454.111,3340966.520,3.996,2118.119,0.999,133.881,6538,5291,2.360,2.090,1.410,5,0,156.861,0,0,31,110,0,31,0
10-08 10:52:02,30.944,8.984,57.397,1.248,0,4113428,163928,213856,3398504,26574.163,17070.271,3.993,115.792,0.998,9.982,4175,3692,2.360,2.090,1.410,4,0,104.811,0,0,31,110,0,31,0
10-08 10:52:03,28.739,8.747,61.727,0,0,4117632,159712,213856,3398516,18818.881,11552.630,0,43.983,0,2.999,5018,5574,2.360,2.090,1.410,2,0,100.962,0,0,31,109,0,31,0
10-08 10:52:04,22.524,5.256,70.324,0,0,4107004,170332,213856,3398528,11336.872,1621.698,0,0,0,0,2946,2405,2.250,2.070,1.410,2,0,52.055,0,0,31,109,0,31,0
10-08 10:52:05,24.269,4.003,70.806,0,0,4113556,163780,213856,3398528,22809.177,1621.292,0,4.003,0,1.001,2769,2553,2.250,2.070,1.410,2,0,0,0,0,31,109,0,31,0
10-08 10:52:06,24.546,4.509,69.131,0.501,0,4118276,158752,213856,3398836,11414.580,1623.069,260.492,557.053,26.049,67.127,3963,4840,2.250,2.070,1.410,2,0,0,0,0,31,110,0,31,0
10-08 10:52:07,23.170,8.720,66.520,0.249,0,4146864,130152,213856,3398848,10398.978,1614.408,0,510.233,0,49.827,3636,3355,2.250,2.070,1.410,1,0,81.717,0,0,31,109,0,31,0
10-08 10:52:08,25.127,3.015,70.858,0.251,0,4123996,153012,213856,3398856,19272.402,1628.229,0,4092.684,0,475.403,2997,2277,2.250,2.070,1.410,3,0,0,0,0,31,110,0,31,0
10-08 10:52:09,25.155,3.487,69.737,0.747,0,4125752,151248,213856,3398864,9218.255,1613.917,0,1020.155,0,66.748,3468,4119,2.310,2.080,1.410,4,0,0,0,0,31,109,0,30,0
10-08 10:52:10,21.795,6.764,69.896,0.251,0,4109824,167156,213856,3398884,10308.495,1623.385,0,625.304,0,21.044,3088,2643,2.310,2.080,1.410,1,0,55.115,0,0,31,109,0,30,0
10-08 10:52:11,24.919,2.990,70.770,0,0.249,4151076,125772,213856,3399016,9533.043,1614.756,0,151.508,0,15.948,2905,2867,2.310,2.080,1.410,2,0,0,0,0,31,109,0,30,0
10-08 10:52:12,24.811,5.012,66.913,1.253,0,4140012,136804,213856,3399048,10212.913,1461.565,164.401,1439.511,13.032,211.516,5163,7268,2.310,2.080,1.410,3,0,0,0,0,31,110,0,30,0
10-08 10:52:13,28.051,9.517,59.859,1.503,0,4060660,215824,213856,3399388,40638.093,1158258.787,28.051,6503.858,4.007,441.806,7848,10327,2.310,2.080,1.410,2,0,95.174,0,0,31,110,0,29,0
10-08 10:52:14,29.438,10.727,58.376,0,0,4102596,173528,213856,3399740,79253.770,2206166.020,0,558.814,0,25.945,5522,4459,2.280,2.080,1.420,4,0,116.752,0,0,31,110,0,29,0
10-08 10:52:15,31.492,10.497,56.486,0,0,4125300,150748,213856,3399824,27327.031,17821.455,0,335.914,0,19.995,5038,5132,2.280,2.080,1.420,4,0,152.961,0,0,31,110,0,29,0
10-08 10:52:16,26.046,3.256,69.873,0.250,0,4122960,153068,213856,3399836,24381.841,3546.231,12.021,2039.584,2.004,126.222,3733,4327,2.280,2.080,1.420,4,0,0,0,0,31,110,0,29,0
10-08 10:52:17,26.188,6.485,64.847,0.998,0,4126208,149792,213856,3399864,10828.521,1616.197,0,869.953,0,118.721,5615,7529,2.280,2.080,1.420,2,0,0,0,0,31,110,0,28,0
10-08 10:52:18,42.664,8.282,47.182,0.502,0,4098180,177552,213856,3400132,13228.935,1626.262,68.263,1084.174,1.004,122.472,7347,9088,2.280,2.080,1.420,3,0,68.263,0,0,31,111,0,28,0
10-08 10:52:19,27.919,6.481,64.065,0.499,0.249,4148488,188936,213852,3340520,11039.166,1615.342,0,474.631,0,36.894,3221,2851,2.180,2.060,1.410,3,0,10.968,0,0,31,111,0,28,0
10-08 10:52:20,24.686,3.242,70.817,0,0,4167164,170256,213852,3340524,10987.663,1615.833,0,335.136,0,19.949,2755,2566,2.180,2.060,1.410,3,0,0,0,0,31,111,0,29,0
10-08 10:52:21,23.372,5.278,68.608,0.754,0,4109228,228100,213852,3340616,9347.724,1465.639,56.293,2163.276,5.026,182.954,4747,6271,2.180,2.060,1.410,2,0,34.178,0,0,31,111,0,30,0
10-08 10:52:22,19.972,8.488,69.901,0,0,4123168,214152,213852,3340624,9644.367,1617.713,0,295.582,0,16.976,3388,2925,2.180,2.060,1.410,2,0,112.840,0,0,31,111,0,30,0
10-08 10:52:23,25.193,3.492,70.342,0.249,0,4152996,184320,213852,3340628,8285.350,1616.362,0,295.335,0,18.957,2738,2670,2.180,2.060,1.410,3,0,0,0,0,31,111,0,30,0
10-08 10:52:24,24.533,3.755,69.343,0.250,0,4152832,184472,213852,3340640,10173.604,1622.169,0,1261.687,0,82.110,4405,5258,2.250,2.080,1.420,2,0,1.001,0,0,31,112,0,30,0
10-08 10:52:25,26.768,5.504,65.543,1.001,0,4155248,181952,213852,3340744,11830.833,1621.073,56.037,1236.819,5.003,174.115,6545,9219,2.250,2.080,1.420,3,0,0,0,0,31,112,0,21,0
10-08 10:52:26,50.424,11.233,33.949,2.746,0,4177980,181088,213852,3319348,20432.351,194742.882,463.305,842.736,23.964,73.889,7963,9576,2.250,2.080,1.420,7,0,62.906,0,0,31,112,0,21,0
10-08 10:52:27,42.091,22.298,33.572,0.752,0,4092736,266068,213852,3319564,98421.678,3188263.080,24.052,1110.388,5.011,96.207,9606,9528,2.250,2.080,1.420,4,0,389.838,0,0,31,112,0,21,0
10-08 10:52:28,30.779,11.511,55.553,0.250,0,4130964,227828,213852,3319564,40937.998,18590.710,0,7543.186,0,592.564,5451,6018,2.250,2.080,1.420,3,0,115.110,0,0,31,112,0,21,0
10-08 10:52:29,25.721,4.994,68.172,0.499,0,4149204,209580,213852,3319576,21002.109,5356.906,0,195.777,0,7.991,3613,3555,2.150,2.060,1.420,1,0,39.955,0,0,31,113,0,9,0
10-08 10:52:30,22.223,6.742,69.664,0,0,4080568,278212,213852,3319580,15553.869,1707.899,0,443.455,0,29.963,4208,4249,2.150,2.060,1.420,2,0,60.925,0,0,31,111,0,9,0
10-08 10:52:31,24.231,3.747,70.695,0,0,4129416,229356,213852,3319588,11184.367,1618.751,0,463.642,0,12.990,2390,1973,2.150,2.060,1.420,1,0,0,0,0,31,111,0,9,0
10-08 10:52:32,24.804,4.009,70.402,0,0,4146788,211980,213852,3319592,20154.607,1759.808,0,0,0,0,3044,2747,2.150,2.060,1.420,1,0,0,0,0,31,111,0,9,0
10-08 10:52:33,24.972,3.746,69.423,0.250,0,4146728,211980,213852,3319652,15068.227,1618.199,0,191.787,0,20.977,4709,5589,2.150,2.060,1.420,4,0,0,0,0,31,112,0,9,0
10-08 10:52:34,24.794,5.760,67.118,0.501,0,4147952,210732,213852,3319676,10517.460,1692.971,0,765.343,0,92.162,6344,9098,2.050,2.040,1.420,3,0,1.002,0,0,31,112,0,9,0
10-08 10:52:35,27.125,4.728,65.697,0.498,0,4148416,210228,213852,3319716,18925.579,1612.551,11.945,565.388,0.995,58.729,8608,13037,2.050,2.040,1.420,2,0,0,0,0,31,112,0,9,0
10-08 10:52:36,31.871,5.772,60.228,0.251,0,4103260,255348,213852,3319752,18996.945,1626.159,0,702.661,0,61.232,8096,11434,2.050,2.040,1.420,2,0,14.053,0,0,31,111,0,10,0
10-08 10:52:37,27.995,8.749,61.740,0,0,4214360,144236,213852,3319764,13118.891,1709.725,0,355.943,0,19.997,3405,2611,2.050,2.040,1.420,3,0,61.990,0,0,31,111,0,10,0
10-08 10:52:38,30.680,3.991,64.353,0,0,4217088,180596,213376,3281692,9425.496,1616.312,19.954,399.089,1.995,22.948,3314,3164,2.050,2.040,1.420,6,0,2.993,0,0,31,115,0,9,0
10-08 10:52:39,35.652,11.549,50.716,0.502,0,4237796,159676,213376,3281908,100830.806,3393001.156,48.205,5206.192,6.026,558.380,8794,15870,2.210,2.080,1.430,6,0,135.578,0,0,31,117,0,11,0
10-08 10:52:40,31.654,10.219,55.830,0.498,0,4194560,202736,213376,3282104,41483.626,20486.590,43.866,725.789,3.988,71.781,7030,8621,2.210,2.080,1.430,5,0,123.623,0,0,31,117,0,11,0
10-08 10:52:41,34.606,12.288,51.407,0.251,0,4087736,309400,213376,3282256,16326.958,10904.366,0,858.627,0,99.304,7891,10348,2.210,2.080,1.430,2,0,174.534,0,0,31,115,0,11,0
10-08 10:52:42,18.251,11.501,68.004,0.500,0,4129896,267212,213376,3282284,9715.535,2400.132,16.001,392.022,1.000,19.001,3812,3307,2.210,2.080,1.430,1,0,159.009,0,0,31,115,0,9,0
10-08 10:52:43,24.393,2.987,71.189,0.249,0,4166404,230700,213376,3282288,34534.918,1871.811,0,342.502,0,21.904,3047,2773,2.210,2.080,1.430,3,0,0,0,0,31,115,0,9,0
10-08 10:52:44,25.238,2.999,70.216,0.250,0,4167496,229468,213376,3282428,12155.039,1619.206,0,1855.090,0,115.943,3607,4259,2.110,2.060,1.430,2,0,1.000,0,0,31,115,0,9,0
10-08 10:52:45,10.275,18.544,69.165,0,0,4122832,274100,213376,3282460,10209.369,1964.690,4.010,84.201,1.002,7.017,5462,4440,2.110,2.060,1.430,2,0,284.680,0,0,31,115,0,9,0
10-08 10:52:46,9.510,21.523,68.323,0,0,4121616,275160,213376,3282616,14795.722,1707.815,0,168.179,0,11.012,5875,4700,2.110,2.060,1.430,2,0,311.331,0,0,31,115,0,9,0
10-08 10:52:47,19.960,16.966,61.877,0,0,4132592,264164,213376,3282972,9626.898,1616.792,0,15.968,0,3.992,6777,7894,2.110,2.060,1.430,11,0,236.531,0,0,31,115,0,9,0
10-08 10:52:48,27.842,18.310,52.674,0.251,0,4147136,249612,213376,3282636,9533.459,1553.125,0,84.278,0,4.013,5184,4312,2.110,2.060,1.430,2,0,208.689,0,0,31,117,0,9,0
10-08 10:52:49,31.977,22.484,43.968,0,0,4185624,211072,213376,3282688,10010.672,1618.815,0,203.851,0,17.987,6305,5163,2.180,2.070,1.440,4,0,326.761,0,0,31,117,0,9,0
10-08 10:52:50,35.467,21.578,41.171,0.744,0,4226600,169648,213376,3283608,13492.185,1607.157,146.827,567.465,4.960,35.715,7334,7706,2.180,2.070,1.440,3,0,304.566,0,0,31,120,0,7,0
10-08 10:52:51,34.660,14.316,49.730,0.251,0,4231508,164644,213376,3283572,27411.618,6987.275,76.353,128.594,7.032,10.046,6180,6645,2.180,2.070,1.440,4,0,157.729,0,0,33,124,0,8,0
10-08 10:52:52,66.164,27.067,6.516,0,0,4324720,152228,210164,3210220,110491.436,3450819.830,108.268,425.052,6.015,29.072,10300,11756,2.180,2.070,1.440,7,0,386.958,0,0,33,130,0,8,0
10-08 10:52:53,57.806,29.028,12.762,0,0,4404068,157880,210164,3127128,32524.788,18613.191,56.055,576.563,2.002,23.023,6738,6625,2.180,2.070,1.440,4,0,485.474,0,0,33,130,0,8,0
10-08 10:52:54,65.182,18.908,15.176,0,0,4474596,127168,210164,3088392,11793.465,6064.414,3.981,2985.435,0.995,184.102,6538,8156,2.650,2.170,1.470,6,0,284.611,0,0,33,137,0,6,0
10-08 10:52:55,50.246,20.098,28.891,0.251,0,4518272,170172,210164,3004072,11516.348,1627.965,4.020,940.602,1.005,59.290,8263,14135,2.650,2.170,1.470,2,0,215.052,0,0,33,145,0,6,0
10-08 10:52:56,36.737,21.992,38.986,1.250,0,4567804,144264,210164,2981240,9943.472,1619.425,87.969,515.817,1.000,73.974,13518,5113,2.650,2.170,1.470,3,0,370.868,0,0,33,145,0,6,0
10-08 10:52:57,30.520,23.515,44.278,0,0,4606360,132768,210164,2955244,9346.973,1458.932,0,316.202,0,11.007,6218,4994,2.650,2.170,1.470,6,0,360.230,0,0,33,145,0,6,0
10-08 10:52:58,20.166,20.415,57.013,0,0.249,4627572,147620,210164,2919976,10666.603,1702.912,3.983,537.762,0.996,37.842,6648,6997,2.650,2.170,1.470,4,0,287.802,0,0,34,145,0,6,0
10-08 10:52:59,25.542,15.275,59.097,0,0,4644092,131092,210164,2919616,9623.717,1622.650,0,1943.174,0,265.433,5512,5745,2.520,2.150,1.470,2,0,159.260,0,0,34,145,0,6,0
10-08 10:53:00,31.305,23.541,43.326,0.501,0,4685432,124228,210164,2885412,13862.267,1622.841,56.098,164.288,1.002,13.023,6415,5180,2.520,2.150,1.470,3,0,374.656,0,0,34,145,0,6,0
10-08 10:53:01,43.905,20.955,34.675,0,0,4721112,167116,210164,2809140,18294.434,1616.504,0,319.309,0,20.955,6806,7255,2.520,2.150,1.470,2,0,281.391,0,0,34,152,0,6,0
10-08 10:53:02,38.850,16.292,44.365,0.251,0,4763064,125124,210164,2808688,13830.746,1624.198,0,220.570,0,12.031,6425,7751,2.520,2.150,1.470,5,0,167.433,0,0,34,157,0,6,0
10-08 10:53:03,44.270,27.012,26.762,0.250,0,4850284,149360,210160,2700144,22472.382,1620.749,0,436.202,0,27.012,7905,11170,2.520,2.150,1.470,4,0,416.192,0,0,34,162,0,6,0
10-08 10:53:04,37.988,26.741,34.239,0.250,0,4895888,142356,210160,2662680,102650.656,3528179.938,47.984,363.882,1.999,28.991,8935,7627,2.560,2.170,1.480,3,0,497.838,0,0,34,169,0,7,0
10-08 10:53:05,47.986,28.242,20.994,0.250,0,4957344,153724,210164,2592228,29099.248,20458.847,83.975,1107.667,5.998,70.979,9589,15944,2.560,2.170,1.480,2,0,543.836,0,0,34,186,0,7,0
10-08 10:53:06,18.649,23.373,56.942,0,0,4975532,135480,210164,2592624,18710.677,12055.716,7.957,274.513,1.989,18.898,7813,8843,2.560,2.170,1.480,3,0,437.630,0,0,34,185,0,7,0
10-08 10:53:07,29.678,15.845,53.069,0,0,4990032,195008,210164,2521232,8938.723,1629.795,0,4028.210,0,18.109,5400,6341,2.560,2.170,1.480,5,0,158.955,0,0,34,185,0,7,0
10-08 10:53:08,48.088,8.471,42.607,0.249,0,5069756,151564,210164,2486308,10375.066,1797.946,0,434.537,0,34.883,3929,2901,2.560,2.170,1.480,3,0,45.846,0,0,34,189,0,7,0
10-08 10:53:09,47.883,8.729,41.399,1.247,0,5157924,132836,210276,2419056,11630.516,1616.042,183.550,20234.445,14.963,994.564,5378,6668,2.670,2.200,1.490,6,0,0.998,0,0,34,189,0,7,0
10-08 10:53:10,39.711,7.289,44.486,7.037,0,5228364,129588,210280,2354036,10690.701,1628.638,498.645,398.111,28.149,32.171,3933,3370,2.670,2.200,1.490,2,0,9.048,0,0,34,193,0,7,0
10-08 10:53:11,36.008,10.252,47.260,5.001,0,5126984,259340,210288,2326636,10147.127,1620.340,4440.931,548.115,59.012,22.005,5064,4519,2.670,2.200,1.490,2,0,103.022,0,0,34,193,0,7,0
10-08 10:53:12,40.768,30.513,22.260,6.003,0,5210260,159128,210300,2343536,9487.144,2164.946,16079.023,1440.629,197.086,39.017,7156,6725,2.670,2.200,1.490,3,0,444.194,0,0,34,199,0,7,0
10-08 10:53:13,36.192,23.712,30.701,7.238,0,5243788,135500,210300,2334704,10409.440,1701.293,21717.450,267.574,206.671,20.967,7018,6724,2.670,2.200,1.490,4,1,362.423,0,0,34,199,0,7,0
10-08 10:53:14,44.241,20.746,30.994,2.999,0,5244364,148960,210300,2322292,9874.983,1619.669,17372.452,231.953,175.964,12.997,8039,11583,3.020,2.280,1.520,3,0,228.953,0,0,34,202,0,7,0
10-08 10:53:15,60.076,16.951,16.203,5.733,0,5252756,128212,210300,2334600,20906.391,1615.317,11554.503,323.063,121.647,18.945,5578,4687,3.020,2.280,1.520,3,1,145.578,0,0,34,204,0,7,0
10-08 10:53:16,74.068,16.349,2.725,5.698,0,5356564,134832,210300,2228348,48696.373,1515901.384,14415.196,4403.432,225.919,18.827,6258,4445,3.020,2.280,1.520,6,0,56.480,0,0,34,206,0,7,0
10-08 10:53:17,61.527,15.951,8.609,14.432,0,5390560,132148,210300,2198440,77378.951,2096247.262,18452.979,433.473,308.900,16.205,7345,7179,3.020,2.280,1.520,3,3,120.522,0,0,34,210,0,7,0
10-08 10:53:18,58.231,14.245,11.996,13.745,0,5347080,232748,210304,2143576,23744.147,16926.402,21029.045,875.710,303.899,40.986,6258,6495,3.020,2.280,1.520,4,2,172.943,0,0,34,211,0,7,0
10-08 10:53:19,70.056,11.179,5.714,11.179,0,5474440,141152,210292,2110372,11678.935,3976.780,24214.437,1446.825,549.515,127.193,6267,6520,3.580,2.410,1.570,4,0,20.868,0,0,34,214,0,9,0
10-08 10:53:20,42.757,21.379,29.930,5.282,0,5480488,127828,210292,2118012,9967.000,2183.142,21332.418,740.457,202.217,27.164,6866,7222,3.580,2.410,1.570,2,1,271.635,0,0,34,215,0,12,0
10-08 10:53:21,37.996,25.747,30.247,4.250,0,5386560,216076,210292,2123768,9752.047,1619.842,22941.759,607.941,231.977,48.995,7697,8859,3.580,2.410,1.570,2,0,337.967,0,0,34,213,0,13,0
10-08 10:53:22,48.237,18.245,27.742,4.749,0,5444804,140564,210292,2141348,8831.610,1619.562,16295.590,291.921,162.956,13.996,6823,7605,3.580,2.410,1.570,2,0,187.949,0,0,34,213,0,13,0
10-08 10:53:23,55.141,23.204,18.214,2.994,0,5505704,122260,210292,2099136,9262.730,1616.811,14663.078,279.449,145.713,11.976,6602,5970,3.580,2.410,1.570,8,0,287.433,0,0,34,213,0,11,0
10-08 10:53:24,57.738,26.108,13.054,2.259,0,5456288,214928,210292,2057276,8716.947,1626.708,15283.025,1265.218,149.617,79.327,7609,8509,3.690,2.450,1.590,4,1,333.375,0,0,34,213,0,11,0
10-08 10:53:25,65.508,20.753,9.501,3.500,0,5536140,137836,210408,2055116,8945.158,1458.189,12793.656,532.069,168.022,22.003,6654,8277,3.690,2.450,1.590,3,0,219.028,0,0,34,215,0,11,0
10-08 10:53:26,63.937,19.481,13.237,2.498,0,5582604,143400,210408,2004164,21321.013,1618.407,12259.932,359.646,126.875,32.968,7381,10254,3.690,2.450,1.590,3,0,210.793,0,0,34,217,0,13,0
10-08 10:53:27,59.808,25.525,11.261,3.003,0,5561844,207888,210408,1962584,9504.235,1621.576,20391.814,3131.042,206.200,214.208,7261,8087,3.690,2.450,1.590,5,0,347.337,0,0,34,217,0,13,0
10-08 10:53:28,63.900,21.134,11.935,2.238,0,5623140,143712,210408,1967404,8726.159,1611.167,12606.884,2884.188,134.264,318.255,6722,9002,3.690,2.450,1.590,5,0,197.915,0,0,34,219,0,14,0
10-08 10:53:29,54.464,20.581,14.557,9.788,0,5689512,198740,195240,1889292,25313.355,6042.718,17854.077,437.718,206.812,21.083,7278,9343,3.720,2.480,1.600,3,0,152.599,0,0,34,224,0,16,0
10-08 10:53:30,64.194,17.735,6.245,11.490,0,5702148,223548,193780,1854212,14443.410,1778.450,15774.250,1087.052,216.811,155.864,6802,6329,3.720,2.480,1.600,9,1,147.871,0,0,34,228,0,16,0
10-08 10:53:31,73.903,15.783,2.505,7.014,0,5786992,217060,189160,1782932,87041.639,3482793.902,17303.712,356.736,214.443,11.023,6954,4361,3.720,2.480,1.600,2,1,50.103,0,0,34,228,0,16,0
10-08 10:53:32,74.047,16.097,2.972,6.687,0,5846292,171192,188884,1770492,38898.749,179727.911,3986.161,9343.308,200.101,58.445,10230,18999,3.720,2.480,1.600,6,0,69.342,0,0,34,230,0,16,0
10-08 10:53:33,76.169,20.111,3.017,1.257,0,5873900,157224,188188,1757908,27380.732,15155.431,1665.167,15449.047,77.426,1571.652,9601,12010,3.720,2.480,1.600,6,0,156.864,0,0,34,237,0,21,0
10-08 10:53:34,75.947,12.533,2.256,8.021,0,5882616,143548,188268,1762832,18305.525,9495.653,3950.256,906.353,126.328,97.252,7530,9795,4.300,2.620,1.650,3,1,66.172,0,0,34,243,0,22,0
10-08 10:53:35,56.492,22.497,18.247,2.000,0,5885772,138908,188572,1764016,19347.190,1619.765,2639.617,4904.288,63.991,382.944,8379,8835,4.300,2.620,1.650,6,0,246.964,0,0,34,243,0,22,0
10-08 10:53:36,45.730,28.738,20.991,3.249,0,5878688,161756,188284,1748916,14173.849,1619.297,4306.131,1377.402,65.971,56.975,7399,8164,4.300,2.620,1.650,4,0,346.849,0,0,34,247,0,22,0
10-08 10:53:37,50.770,28.511,19.258,1.000,0,5852484,187676,188304,1749692,18956.510,1620.642,1096.434,8331.301,13.005,63.025,7176,7400,4.300,2.620,1.650,3,0,322.128,0,0,34,245,0,22,0
10-08 10:53:38,63.607,19.282,15.276,0.501,0,5899436,140492,188304,1749460,31199.531,1622.732,1314.213,284.479,13.022,14.024,5919,5650,4.300,2.620,1.650,3,1,113.191,0,0,34,245,0,22,0
10-08 10:53:39,73.384,20.755,4.200,1.730,0,5972376,141348,186304,1681140,9322.005,1601.108,3621.271,470.449,68.195,30.638,6452,9007,4.440,2.670,1.680,8,0,191.738,0,0,35,252,0,21,0
10-08 10:53:40,78.928,14.237,3.747,2.248,0,5941088,199508,186332,1653300,18540.017,1618.517,1578.554,1186.913,74.931,104.904,7231,15817,4.440,2.670,1.680,5,0,18.983,0,0,35,255,0,24,0
10-08 10:53:41,73.194,13.079,5.534,7.546,0,6043096,130668,186148,1620608,10194.814,1629.882,3750.742,507.075,184.116,33.201,5692,4502,4.440,2.670,1.680,4,0,14.085,0,0,35,255,0,24,0
10-08 10:53:42,69.588,7.009,21.027,2.003,0,6108540,123452,180212,1570928,13537.092,1622.048,460.582,821.037,30.038,31.039,4687,3130,4.440,2.670,1.680,5,0,0,0,0,35,255,0,25,0
10-08 10:53:43,45.730,15.830,35.428,2.010,0.251,6053360,194148,180236,1556132,13620.476,1628.186,116.586,800.022,13.066,69.349,7540,9531,4.440,2.670,1.680,2,0,219.102,0,0,35,256,0,25,0
10-08 10:53:44,29.820,6.958,57.651,3.976,0,6111664,135612,180252,1556352,35752.715,576355.348,282.292,413.499,22.862,30.814,4100,3301,4.160,2.650,1.670,4,0,52.681,0,0,35,260,0,25,0
10-08 10:53:45,31.888,10.294,55.991,0.251,0.251,6116308,145464,180280,1542184,1461362.555,3159882.759,100.433,377.628,5.022,40.173,8677,7395,4.160,2.650,1.670,2,0,105.455,0,0,35,262,0,25,0
10-08 10:53:46,31.768,12.007,53.530,0.250,0.250,6067312,189064,180296,1547548,5585468.614,132299.039,0,408.225,0,35.019,12010,11233,4.160,2.650,1.670,2,0,156.086,0,0,35,260,0,25,0
10-08 10:53:47,26.897,4.981,65.250,0,0,6105800,144500,180296,1553624,6538522.421,129711.245,0,183.298,0,8.966,11632,7918,4.160,2.650,1.670,3,0,1.992,0,0,35,259,0,25,0
10-08 10:53:48,25.855,4.769,66.018,0,0,6113608,132192,180300,1558120,4733519.836,99572.723,0,188.767,0,11.045,8706,8895,4.160,2.650,1.670,2,0,0,0,0,35,261,0,25,0
10-08 10:53:49,15.983,7.742,74.169,0,0,6033424,207980,180348,1562468,4567297.071,99911.128,3.996,451.508,0.999,42.953,9122,7568,3.990,2.640,1.670,1,0,93.898,0,0,35,258,0,25,0
10-08 10:53:50,11.238,12.237,69.174,5.744,0,6055188,183820,180368,1564840,22816.025,1618.229,2313.468,323.646,26.970,30.966,4797,4304,3.990,2.640,1.670,3,0,199.781,0,0,35,258,0,25,0
10-08 10:53:51,28.250,4.250,66.001,0.500,0,6107752,131216,180412,1564836,8871.150,1620.027,8.000,820.014,2.000,63.001,2938,2661,3.990,2.640,1.670,2,0,2.000,0,0,35,262,0,26,0
10-08 10:53:52,27.085,3.511,68.966,0,0,6113048,140300,178940,1552612,9162.636,1625.079,48.150,176.552,5.016,7.022,3340,3279,3.990,2.640,1.670,2,0,0,0,0,35,268,0,27,0
10-08 10:53:53,27.947,3.992,65.377,0,0,6113764,139544,178972,1552624,10371.516,1455.266,0,255.520,0,27.947,5312,6864,3.990,2.640,1.670,4,0,1.996,0,0,35,272,0,27,0
10-08 10:53:54,26.682,4.489,66.829,0.499,0,6132932,130588,174428,1547856,9892.654,1615.860,566.548,490.743,29.923,39.898,5495,7216,3.750,2.610,1.670,2,0,1.995,0,0,35,274,0,28,0
10-08 10:53:55,25.116,4.521,67.814,0.502,0,6137584,125660,174476,1548084,9321.095,1627.525,32.149,683.159,1.005,72.334,5752,7793,3.750,2.610,1.670,3,0,1.005,0,0,35,278,0,29,0
10-08 10:53:56,27.751,8.500,63.002,0.500,0,6056684,211808,172396,1545944,10044.385,1620.062,68.003,21896.839,11.000,91.003,7342,10463,3.750,2.610,1.670,1,0,40.002,0,0,35,274,0,39,0
10-08 10:53:57,17.187,16.689,57.540,5.231,0,6076584,188116,172540,1549592,106394.918,3711254.964,3499.236,13690.065,231.157,182.335,7170,5480,3.750,2.610,1.670,2,1,268.022,0,0,35,275,0,39,0
10-08 10:53:58,28.562,10.523,56.122,3.508,0,6112336,151624,172576,1550240,29116.376,19749.988,677.475,1182.574,129.281,31.068,4916,4859,3.750,2.610,1.670,3,0,138.301,0,0,35,277,0,39,0
10-08 10:53:59,18.199,10.720,61.329,7.978,0,6130452,138400,160304,1561024,15327.152,10840.694,30271.374,2074.201,1134.828,103.710,5586,6251,3.530,2.580,1.670,2,0,90.746,0,0,35,276,0,39,0
10-08 10:54:00,15.054,6.774,70.000,6.523,0,6130980,125108,160664,1573400,9482.825,1625.799,6451.011,2549.093,1555.549,25.089,4635,5467,3.530,2.580,1.670,2,1,6.021,0,0,35,276,0,39,0
10-08 10:54:01,12.454,6.227,69.246,8.967,0,6138744,136616,140132,1580424,21298.917,1614.083,32951.200,10621.063,1171.704,39.854,3811,4332,3.530,2.580,1.670,2,0,0,0,0,35,276,0,39,0
10-08 10:54:02,20.495,5.249,70.484,2.250,0,6107200,160380,140640,1587664,10432.686,1457.677,3611.199,2095.535,637.858,7.998,3489,3586,3.530,2.580,1.670,2,0,8.998,0,0,35,276,0,39,0
10-08 10:54:03,22.785,4.757,67.353,3.756,0,6138508,128300,140676,1588396,9910.124,1622.476,588.899,26652.674,124.190,206.315,2715,2405,3.530,2.580,1.670,1,1,0,0,0,35,276,0,39,0
10-08 10:54:04,22.710,7.487,65.136,1.996,0,6160060,145832,135532,1555776,11865.174,1617.161,3218.351,555.026,104.816,5.989,11088,19813,3.330,2.560,1.660,2,0,4.991,0,0,35,276,0,40,0
10-08 10:54:05,23.770,5.004,69.309,0.250,0,6166388,139280,135568,1555988,8768.402,1621.369,88.074,700.591,7.006,45.038,2780,2722,3.330,2.560,1.660,3,0,0,0,0,35,276,0,40,0
10-08 10:54:06,25.018,4.503,68.800,0.250,0,6168288,151780,135584,1541788,10451.582,1621.176,12.009,428.311,3.002,54.039,2848,2723,3.330,2.560,1.660,2,0,22.016,0,0,35,278,0,41,0
10-08 10:54:07,17.059,14.801,59.706,6.773,0,6074224,244488,136172,1542572,9638.319,1625.620,1320.565,272.944,118.409,12.042,4836,4369,3.330,2.560,1.660,2,0,263.912,0,0,35,278,0,41,0
10-08 10:54:08,23.350,11.427,62.350,0.745,0,6153532,164948,136228,1542740,10229.366,1609.672,55.643,56541.216,13.911,248.406,4327,4036,3.330,2.560,1.660,2,0,186.801,0,0,35,278,0,40,0
10-08 10:54:09,26.382,7.035,63.316,2.261,0,6164424,154000,136360,1542672,40008.819,1052407.109,76.381,1290.445,10.050,14.070,4325,3489,3.220,2.550,1.660,1,1,72.361,0,0,35,279,0,40,0
10-08 10:54:10,20.023,24.779,54.313,0.250,0,6125036,192856,136400,1543156,90495.557,2713125.677,228.266,824.962,11.013,79.092,8377,7370,3.220,2.550,1.660,1,0,432.504,0,0,35,283,0,41,0
10-08 10:54:11,21.886,19.648,54.467,2.238,0,6103132,213188,136584,1544544,24563.516,18054.298,903.312,2415.464,51.732,147.236,6302,6588,3.220,2.550,1.660,2,0,320.337,0,0,35,282,0,41,0
10-08 10:54:12,24.494,3.249,69.984,0.250,0,6153816,162072,136588,1544972,9549.806,1619.628,483.889,151.965,29.993,8.998,2773,2591,3.220,2.550,1.660,2,0,0,0,0,35,283,0,41,0
10-08 10:54:13,23.813,5.013,65.925,4.011,0,6152048,163140,136716,1545544,20386.160,1624.315,593.577,473.257,58.154,30.080,3494,3957,3.220,2.550,1.660,3,0,3.008,0,0,35,284,0,42,0
10-08 10:54:14,23.175,5.981,69.275,0,0,6166780,148332,136716,1545620,9832.084,1614.758,51.832,43.858,3.987,2.990,3302,2935,3.040,2.520,1.660,2,0,42.861,0,0,35,282,0,42,0
10-08 10:54:15,25.512,4.252,69.283,0,0,6202932,155916,136496,1503672,8348.964,1620.770,116.055,268.127,7.003,16.008,2877,2734,3.040,2.520,1.660,2,0,0,0,0,35,283,0,42,0
10-08 10:54:16,24.805,4.510,69.154,0.501,0,6196848,161800,136508,1503956,11518.569,1623.604,228.507,248.552,14.031,25.056,4055,4670,3.040,2.520,1.660,2,0,0,0,0,35,282,0,42,0
10-08 10:54:17,22.717,6.241,69.151,0,0,6155464,203164,136524,1503960,9621.159,1617.673,0,195.718,0,17.974,3251,3019,3.040,2.520,1.660,2,0,55.920,0,0,35,282,0,42,0
10-08 10:54:18,25.041,3.005,70.364,0.250,0,6192528,166092,136528,1503964,10009.206,1622.627,0,140.227,0,10.016,2940,2837,3.040,2.520,1.660,3,0,0,0,0,35,282,0,42,0
10-08 10:54:19,24.569,4.513,69.694,0,0,6132844,225516,136544,1504208,9268.845,1624.530,200.559,453.264,15.042,30.084,3786,4110,3.120,2.540,1.670,1,0,30.084,0,0,35,282,0,43,0
10-08 10:54:20,23.912,4.234,69.992,0.249,0,6185536,172804,136560,1504212,9286.745,1452.642,15.941,171.368,0.996,17.934,2807,2829,3.120,2.540,1.670,2,0,3.985,0,0,35,282,0,38,0
10-08 10:54:21,25.842,3.763,69.248,0.251,0,6182112,176136,136568,1504296,10659.152,3144.254,8.029,317.135,2.007,30.108,3163,3148,3.120,2.540,1.670,1,0,2.007,0,0,35,283,0,39,0
10-08 10:54:22,29.733,9.994,56.967,0.500,0,6083536,273716,136664,1505196,109831.985,3764350.242,839.518,947.456,49.971,121.930,8295,8500,3.120,2.540,1.670,4,0,115.933,0,0,35,283,0,40,0
10-08 10:54:23,30.775,11.760,56.547,0.250,0,6121988,235112,136676,1505336,24859.479,16601.676,8.007,324.267,2.002,26.021,4792,4686,3.120,2.540,1.670,2,0,151.124,0,0,35,283,0,40,0
10-08 10:54:24,28.172,6.233,63.824,0,0,6139764,217168,136692,1505488,19634.950,10841.157,15.956,323.111,0.997,27.923,4182,4394,2.950,2.520,1.670,2,0,54.849,0,0,35,282,0,39,0
10-08 10:54:25,23.974,5.494,67.927,0.749,0,6138916,217956,136724,1505516,21629.901,1618.272,15.983,1518.378,0.999,93.900,3952,4320,2.950,2.520,1.670,5,0,34.963,0,0,35,282,0,39,0
10-08 10:54:26,26.000,3.750,69.750,0,0,6190136,166708,136736,1505532,16764.915,1891.990,0,191.999,0,17.000,2787,2495,2.950,2.520,1.670,3,0,0,0,0,35,282,0,39,0
10-08 10:54:27,24.554,3.257,70.155,0,0,6194820,162008,136740,1505544,23443.960,1623.598,0,108.240,0,10.022,3625,3796,2.950,2.520,1.670,2,0,0,0,0,35,284,0,39,0
10-08 10:54:28,22.907,5.727,68.970,0,0,6136892,219928,136740,1505552,10207.567,1452.106,0,3.984,0,0.996,3569,3388,2.950,2.520,1.670,3,0,33.863,0,0,35,282,0,37,0
10-08 10:54:29,26.233,3.498,69.206,0,0,6183592,173236,136740,1505552,20802.858,1618.977,0,11.992,0,2.998,2930,2442,2.790,2.490,1.660,3,0,0,0,0,35,283,0,37,0
10-08 10:54:30,26.586,3.260,68.470,0.251,0,6179920,176772,136764,1505664,21758.978,1625.227,100.323,228.736,7.023,19.061,4409,5119,2.790,2.490,1.660,3,0,0,0,0,35,283,0,37,0
10-08 10:54:31,29.201,6.739,60.899,0.499,0,6122160,233468,136832,1506660,10973.761,1617.312,766.726,938.440,43.927,110.816,4971,6185,2.790,2.490,1.660,5,0,46.922,0,0,35,282,0,37,0
10-08 10:54:32,26.561,3.508,68.657,0.251,0,6164268,191288,136840,1506724,20209.156,1623.708,68.156,2778.346,3.007,314.719,3083,2476,2.790,2.490,1.660,2,0,0,0,0,35,283,0,35,0
10-08 10:54:33,25.709,3.744,69.140,0,0,6163776,191720,136848,1506776,14987.202,1711.283,0,187.702,0,7.987,3978,4365,2.790,2.490,1.660,2,0,0,0,0,35,282,0,35,0
10-08 10:54:34,27.312,7.016,59.134,5.011,0,6194188,161088,136856,1506992,18664.270,5916.399,256.581,3872.771,25.057,117.266,3651,3006,2.650,2.470,1.660,3,0,54.123,0,0,35,283,0,35,0
10-08 10:54:35,36.541,4.755,47.053,11.263,0,6197760,153420,136860,1511112,21254.749,1621.812,4076.555,212.237,228.255,12.013,3975,3407,2.650,2.470,1.660,1,1,2.002,0,0,35,284,0,35,0
10-08 10:54:36,30.994,8.998,57.238,0.500,0,6176680,174252,136928,1511284,136355.149,3774311.097,135.972,1475.699,6.999,111.977,7482,6839,2.650,2.470,1.660,4,0,91.981,0,0,35,284,0,29,0
10-08 10:54:37,31.021,12.657,54.101,0.248,0,6124992,225848,136952,1511356,27344.311,18220.607,23.824,2021.093,2.978,253.133,5622,5458,2.650,2.470,1.660,2,0,194.565,0,0,35,283,0,29,0
10-08 10:54:38,31.655,7.788,59.290,0,0,6183544,166388,136956,1512256,15018.413,6123.935,0,217.061,0,13.064,3881,3556,2.650,2.470,1.660,1,0,53.260,0,0,35,283,0,29,0
10-08 10:54:39,27.329,4.513,66.442,0.251,0,6183500,165876,136972,1512796,19419.020,1624.687,20.058,2069.971,2.006,64.185,4136,4982,2.520,2.440,1.660,2,0,0,0,0,35,283,0,30,0
10-08 10:54:40,34.860,9.462,53.783,0.747,0,6188432,160980,136992,1512740,20112.026,1613.504,75.695,446.204,5.976,39.840,4808,10444,2.520,2.440,1.660,2,0,69.719,0,0,35,282,0,29,0
10-08 10:54:41,24.319,4.764,69.448,0.251,0,6168752,190336,136524,1503852,11201.919,1624.629,48.137,276.789,3.009,30.086,3051,3082,2.520,2.440,1.660,3,0,0,0,0,35,283,0,29,0
10-08 10:54:42,23.774,5.255,68.068,0.501,0,6173472,185492,136548,1503952,19414.418,1621.622,144.144,440.441,5.005,48.048,4317,5041,2.520,2.440,1.660,3,0,0,0,0,35,283,0,29,0
10-08 10:54:43,23.644,6.969,67.695,0.249,0,6133612,225228,136564,1504060,9302.146,1612.744,31.857,358.387,1.991,40.816,3418,3415,2.520,2.440,1.660,4,0,39.821,0,0,35,282,0,29,0
10-08 10:54:44,25.817,3.258,69.681,0,0,6172024,186808,136568,1504064,10380.949,1624.216,0,240.625,0,19.049,3151,3053,2.470,2.440,1.660,3,0,1.003,0,0,35,282,0,29,0
10-08 10:54:45,26.195,3.493,68.856,0.499,0,6170568,188244,136584,1504068,10058.892,1616.608,0,1245.387,0,59.874,3863,4281,2.470,2.440,1.660,2,0,0,0,0,35,282,0,26,0
10-08 10:54:46,22.993,5.248,70.729,0.250,0.250,6182484,176320,136588,1504072,9874.131,1619.529,0,91.973,0,5.998,2859,2629,2.470,2.440,1.660,3,0,33.990,0,0,35,282,0,26,0
10-08 10:54:47,25.045,4.258,69.875,0,0,6207136,151668,136588,1504072,9539.040,1460.609,0,68.122,0,6.011,3142,3068,2.470,2.440,1.660,2,0,0,0,0,35,282,0,26,0
10-08 10:54:48,29.305,6.763,61.616,0.751,0,6182652,175288,136660,1504864,116726.409,3772248.643,753.416,585.100,40.075,89.168,6920,6614,2.470,2.440,1.660,3,0,53.100,0,0,35,283,0,27,0
10-08 10:54:49,29.271,13.259,55.039,0.250,0,6133292,224500,136780,1504900,26835.812,18687.099,0,4266.991,0,242.170,5599,6033,2.520,2.450,1.670,3,0,193.135,0,0,35,283,0,27,0
10-08 10:54:50,30.408,8.225,60.068,0,0,6145292,212488,136788,1504896,25538.600,15612.683,0,103.686,0,11.964,5095,5192,2.520,2.450,1.670,2,0,102.689,0,0,35,282,0,27,0
10-08 10:54:51,26.788,3.255,68.847,0.250,0,6066292,291372,136812,1504988,9844.927,1622.295,64.091,480.680,3.004,39.055,3962,4298,2.520,2.450,1.670,2,0,6.008,0,0,35,282,0,28,0
10-08 10:54:52,23.692,5.237,70.327,0,0,6116912,240752,136812,1504988,9815.870,1616.027,0,7.980,0,0.998,2779,2475,2.520,2.450,1.670,3,0,27.931,0,0,35,282,0,28,0
10-08 10:54:53,24.790,3.506,70.112,0,0,6145620,212036,136812,1504996,13623.858,1622.603,0,16.026,0,4.006,2797,2627,2.520,2.450,1.670,2,0,0,0,0,35,282,0,27,0
10-08 10:54:54,25.079,4.765,66.960,0.502,0,6114260,243064,136864,1505276,9112.557,1625.093,128.402,722.263,8.025,93.292,4871,6105,2.400,2.420,1.660,1,0,19.060,0,0,35,282,0,27,0
10-08 10:54:55,23.646,5.227,69.943,0,0,6172408,184868,136884,1505304,9223.517,1612.921,15.930,330.549,0.996,24.891,2812,2643,2.400,2.420,1.660,2,0,21.904,0,0,35,282,0,27,0
10-08 10:54:56,30.741,3.749,63.982,0.250,0,6189320,167944,136892,1505308,8868.518,1457.592,0,231.935,0,16.995,3347,3270,2.400,2.420,1.660,2,0,0,0,0,35,282,0,28,0
10-08 10:54:57,24.042,5.510,68.870,0.250,0,6110156,247060,136904,1505344,9508.627,1622.838,28.049,3425.991,2.004,463.811,4274,4329,2.400,2.420,1.660,6,0,34.060,0,0,35,282,0,15,0
10-08 10:54:58,24.964,4.244,69.648,0,0,6159184,198012,136920,1505348,10079.289,1617.639,0,287.580,0,23.965,2712,2615,2.400,2.420,1.660,3,0,0,0,0,35,282,0,15,0
10-08 10:54:59,25.073,3.260,69.703,0,0,6167988,189204,136920,1505352,20994.280,1624.742,0,220.644,0,13.038,3242,3485,2.280,2.400,1.660,1,0,0,0,0,35,284,0,15,0
10-08 10:55:00,26.684,8.978,61.100,2.244,0,6117504,239384,136984,1505604,14370.719,5966.352,215.471,1388.591,13.966,133.672,5226,6327,2.280,2.400,1.660,4,1,79.804,0,0,35,283,0,16,0
10-08 10:55:01,33.305,21.536,36.060,6.761,0,6132384,223536,137576,1505964,111256.354,3784090.325,881.469,252.421,50.083,17.028,8346,6804,2.280,2.400,1.660,5,0,442.738,0,0,35,283,0,16,0
10-08 10:55:02,31.428,9.977,56.620,0,0,6142400,213408,137580,1506084,25374.668,18408.682,0,327.248,0,12.970,5044,5065,2.280,2.400,1.660,2,0,118.727,0,0,35,283,0,17,0
10-08 10:55:03,25.189,7.981,66.089,0.249,0,6078940,276828,137604,1506092,14074.686,6079.179,0,1085.354,0,64.842,4743,5261,2.280,2.400,1.660,4,0,82.798,0,0,35,282,0,17,0
10-08 10:55:04,25.555,3.257,69.900,0,0.251,6129300,226456,137612,1506096,9595.560,1461.131,0,140.301,0,11.024,2615,2323,2.180,2.370,1.650,2,0,1.002,0,0,35,282,0,17,0
10-08 10:55:05,24.868,3.768,70.586,0.251,0,6141348,214400,137612,1506104,14749.275,1627.756,0,120.574,0,7.034,3282,3658,2.180,2.370,1.650,1,0,0,0,0,35,284,0,16,0
10-08 10:55:06,23.243,5.748,67.729,0.250,0,6111064,244416,137652,1506332,14110.619,1619.497,207.935,487.849,5.998,73.977,4402,5135,2.180,2.370,1.650,4,0,39.988,0,0,35,282,0,17,0
10-08 10:55:07,25.613,3.233,69.876,0.249,0,6137992,217480,137656,1506336,10135.711,1611.369,3.979,310.338,0.995,18.899,2619,2279,2.180,2.370,1.650,4,1,0,0,0,35,282,0,17,0
10-08 10:55:08,27.129,5.526,66.063,0.502,0,6172992,182464,137660,1506348,10660.527,1627.715,0,349.657,0,27.129,4121,4612,2.180,2.370,1.650,2,0,0,0,0,35,283,0,18,0
10-08 10:55:09,24.159,5.230,67.994,0,0,6181992,173252,137684,1506536,10389.928,1613.931,47.820,1056.029,1.993,75.715,3643,3808,2.090,2.350,1.650,3,0,33.873,0,0,35,282,0,17,0
10-08 10:55:10,26.327,4.012,68.199,0.501,0,6217164,137960,137716,1506644,10174.630,1624.731,112.327,706.056,5.015,113.330,3265,3399,2.090,2.350,1.650,1,0,0,0,0,35,283,0,18,0
10-08 10:55:11,25.286,4.006,69.348,0.250,0,6204984,150068,137728,1506704,23918.708,1622.286,16.023,236.333,1.001,25.035,4369,5187,2.090,2.350,1.650,2,0,0,0,0,35,283,0,18,0
10-08 10:55:12,24.517,7.005,66.047,0.250,0,6156344,198472,137780,1506888,9587.794,1621.149,176.125,584.414,6.004,79.056,4127,4591,2.090,2.350,1.650,3,0,38.027,0,0,35,283,0,18,0
10-08 10:55:13,31.582,10.942,55.207,0,0,6192128,162552,137804,1507000,106709.931,3760452.527,67.641,218.837,3.979,23.873,6370,5035,2.090,2.350,1.650,3,0,142.244,0,0,35,284,0,16,0
10-08 10:55:14,31.116,11.292,55.708,0,0,6148928,205728,137812,1507024,26360.423,19326.159,0,176.660,0,8.030,6165,6876,2,2.330,1.650,3,0,155.581,0,0,35,283,0,16,0
10-08 10:55:15,25.395,13.444,60.001,0.249,0,6126960,227668,137820,1507036,22526.450,15238.715,0,111.537,0,7.967,4998,4626,2,2.330,1.650,3,0,193.198,0,0,35,282,0,16,0
10-08 10:55:16,26.357,3.012,70.034,0,0,6167256,187360,137832,1507036,8752.483,1626.594,0,477.938,0,18.073,2781,2527,2,2.330,1.650,2,0,0,0,0,35,283,0,16,0
10-08 10:55:17,28.465,4.744,64.670,0.250,0,6166640,187868,137864,1507112,9347.459,1618.002,63.921,1178.545,3.995,73.909,4304,4856,2,2.330,1.650,4,0,1.998,0,0,35,282,0,20,0
10-08 10:55:18,22.414,9.464,66.743,0.249,0,6159652,194836,137864,1507132,10846.225,2245.352,1020.071,3889.021,7.969,504.059,3796,3090,2,2.330,1.650,1,0,78.697,0,0,35,283,0,20,0
10-08 10:55:19,4.762,1.002,92.480,0.251,0,6152964,201508,137880,1507132,10625.387,2552.338,0,160.398,0,16.040,1778,2263,1.840,2.290,1.640,1,0,0,0,0,35,284,0,20,0
10-08 10:55:20,4.253,1.001,93.070,0.250,0,6144888,209484,137908,1507204,17154.892,3335.507,64.048,204.153,4.003,25.019,1886,2692,1.840,2.290,1.640,1,0,0,0,0,35,284,0,21,0
10-08 10:55:21,3.489,1.246,93.201,0.249,0,6139484,214848,137916,1507236,57850.670,3723.073,0,406.697,0,29.904,1632,2188,1.840,2.290,1.640,2,0,0,0,0,35,283,0,20,0
10-08 10:55:22,3.508,1.253,93.708,0,0,6134180,219788,137916,1507600,423385.080,13066.952,0,128.284,0,8.018,2205,2339,1.840,2.290,1.640,3,0,0,0,0,35,283,0,20,0
10-08 10:55:23,4.003,1.001,92.579,0,0,6128956,224072,137920,1508536,991739.784,21704.510,0,28.024,0,4.003,2684,2411,1.840,2.290,1.640,1,0,0,0,0,35,283,0,20,0
10-08 10:55:24,5.736,2.494,88.786,0.249,0,6116340,234864,137940,1510340,1783332.044,39077.710,15.961,247.403,0.998,36.911,4338,3701,1.690,2.250,1.630,2,0,0.998,0,0,35,283,0,20,0
10-08 10:55:25,7.795,5.029,84.993,0.503,0.251,6106424,242412,137944,1512716,2600052.284,53346.223,16.093,4582.563,1.006,74.431,5551,4415,1.690,2.250,1.630,3,0,48.280,0,0,35,284,0,20,0
10-08 10:55:26,10.247,7.748,77.978,0.250,0,6092896,252692,138008,1515896,3554732.797,3870949.755,0,3283.065,0,198.943,10277,8179,1.690,2.250,1.630,4,0,79.977,0,0,35,284,0,19,0
10-08 10:55:27,11.719,9.974,75.304,0,0.249,6070252,271912,138012,1519312,3614222.656,94851.720,0,151.605,0,11.969,8829,7363,1.690,2.250,1.630,3,0,131.657,0,0,35,284,0,19,0
10-08 10:55:28,7.486,4.991,85.341,0,0,6068044,271296,138020,1522128,3028715.993,67015.140,0,151.717,0,10.980,6510,4873,1.690,2.250,1.630,1,0,48.909,0,0,35,283,0,19,0
10-08 10:55:29,6.013,2.505,87.937,0.251,0,6067960,267292,138024,1526212,4598014.561,87766.806,64.137,140.299,2.004,13.028,7588,5422,1.640,2.230,1.620,2,0,0,0,0,35,283,0,19,0
10-08 10:55:30,6.227,2.491,87.672,0.498,0,6068248,262000,138040,1531200,5080667.293,102869.249,47.821,354.673,2.989,33.873,9220,7447,1.640,2.230,1.620,1,0,0,0,0,35,283,0,19,0
10-08 10:55:31,5.772,2.760,87.828,0,0,6068300,256452,138040,1536696,6060613.196,117343.655,0,128.479,0,10.037,8062,6966,1.640,2.230,1.620,0,0,0,0,0,35,283,0,19,0
10-08 10:55:32,6.244,1.998,88.914,0.250,0,6068512,252620,138040,1540316,3744903.102,64052.001,0,151.853,0,8.991,6065,4086,1.640,2.230,1.620,1,0,0,0,0,35,283,0,19,0
10-08 10:55:33,5.758,3.004,87.621,0,0,6068412,246316,138044,1546716,6923839.663,148042.293,0,320.442,0,21.029,11147,9295,1.640,2.230,1.620,1,0,0,0,0,35,283,0,19,0
10-08 10:55:34,5.988,2.744,87.074,0,0,6068944,239540,138044,1552960,6790388.090,141987.492,0,39.919,0,3.992,10581,8212,1.660,2.230,1.630,3,0,0.998,0,0,35,283,0,18,0
10-08 10:55:35,5.508,3.254,88.621,0.250,0,6069252,233912,138048,1558276,5623572.845,110775.419,0,48.066,0,3.004,8542,6469,1.660,2.230,1.630,4,1,0,0,0,35,283,0,18,0
10-08 10:55:36,4.754,1.752,89.327,0,0,6068824,228112,138048,1564504,6697219.727,135062.055,0,36.031,0,5.004,10168,8459,1.660,2.230,1.630,1,0,0,0,0,35,283,0,18,0
10-08 10:55:37,6.241,2.496,88.118,0,0,6069580,220340,138052,1571516,7629319.079,165328.161,3.994,167.749,0.999,9.985,10491,9586,1.660,2.230,1.630,1,0,0,0,0,35,283,0,18,0
10-08 10:55:38,13.973,6.487,71.113,5.489,0,6132872,151636,138052,1576936,3909522.745,77561.091,1265.554,51.900,80.844,3.992,6813,4918,1.660,2.230,1.630,2,1,22.956,0,0,35,284,0,18,0
10-08 10:55:39,17.840,7.036,71.109,1.759,0,6117972,158736,138068,1584712,6986202.395,3959631.415,1314.641,2223.231,73.371,371.879,13342,11128,1.610,2.210,1.620,1,0,43.218,0,0,35,284,0,18,0
10-08 10:55:40,22.959,12.977,61.141,0.250,0,6121892,150396,138108,1589096,5241344.386,127788.147,63.886,13128.488,3.993,122.780,12655,15054,1.610,2.210,1.620,2,0,191.657,0,0,35,284,0,20,0
10-08 10:55:41,10.928,8.444,77.490,0.248,0,6093192,174196,138108,1593996,5181363.977,111358.633,15.895,373.543,0.993,37.752,10780,9109,1.610,2.210,1.620,2,0,100.340,0,0,35,283,0,20,0
10-08 10:55:42,5.802,2.775,87.790,0,0,6090180,171952,138112,1599248,5919872.981,117324.178,0,161.453,0,12.109,9407,7015,1.610,2.210,1.620,0,0,0,0,0,35,283,0,17,0
10-08 10:55:43,6.225,3.237,86.900,0,0,6095756,159028,138112,1606596,7635185.239,154663.174,0,163.342,0,11.952,10679,9112,1.610,2.210,1.620,2,0,0,0,0,35,283,0,17,0
10-08 10:55:44,5.471,2.487,87.791,0.497,0,6084908,163596,138112,1612876,6703491.235,121462.272,0,135.292,0,7.958,8822,7224,1.480,2.170,1.620,1,0,0.995,0,0,35,283,0,17,0
10-08 10:55:45,5.545,2.520,88.465,0,0,6083468,158788,138120,1619116,6746153.695,138457.677,0,13900.410,0,49.399,9243,8477,1.480,2.170,1.620,5,0,0,0,0,35,283,0,17,0
10-08 10:55:46,5.233,3.240,88.468,0,0,6081228,156048,138136,1624080,5330759.442,109703.748,0,79115.408,0,95.694,7084,6889,1.480,2.170,1.620,1,0,0,0,0,35,283,0,17,0
10-08 10:55:47,6.510,2.003,89.642,0,0,6081112,151096,138136,1629148,5738114.065,106212.016,0,8.013,0,2.003,7148,6119,1.480,2.170,1.620,1,0,0,0,0,35,283,0,17,0
10-08 10:55:48,5.749,2.750,87.738,0,0,6080628,146164,138136,1634564,5546575.618,114912.910,0,0,0,0,8842,6486,1.480,2.170,1.620,1,0,0,0,0,35,283,0,17,0
10-08 10:55:49,6.489,2.745,87.596,0,0,6080760,139444,138136,1641152,7359059.589,147983.841,0,107.810,0,6.988,9974,8274,1.360,2.130,1.610,2,0,0,0,0,35,283,0,17,0
10-08 10:55:50,6.978,2.741,85.981,0.249,0,6081412,129508,138136,1650436,9645338.244,200335.907,15.950,1638.878,0.997,294.081,12475,12880,1.360,2.130,1.610,1,1,0,0,0,35,283,0,16,0
10-08 10:55:51,8.811,5.539,83.331,1.007,0,6101268,145728,134576,1618348,4885749.440,97178.469,72.505,342.387,4.028,26.183,8107,6003,1.360,2.130,1.610,0,0,49.344,0,0,35,284,0,17,0
10-08 10:55:52,11.737,9.489,75.666,0,0,6094548,144544,134576,1626252,8748258.350,3980428.132,75.916,39.956,1.998,3.996,15669,13202,1.360,2.130,1.610,5,0,96.892,0,0,35,284,0,17,0
10-08 10:55:53,12.706,9.218,76.488,0,0,6076992,157928,134576,1630416,4115857.865,100129.853,0,39.863,0,3.986,8384,6135,1.360,2.130,1.610,2,0,114.607,0,0,35,284,0,17,0
10-08 10:55:54,7.013,5.009,83.407,0.250,0,6076264,152092,134576,1636980,7127326.193,151805.134,16.030,188.354,1.002,14.026,12368,10529,1.250,2.100,1.600,1,0,50.094,0,0,35,283,0,15,0
10-08 10:55:55,4.994,1.998,90.390,0,0,6076676,147640,134584,1641012,4272344.134,83971.523,0,287.649,0,23.971,7334,5571,1.250,2.100,1.600,1,0,0,0,0,35,283,0,15,0
10-08 10:55:56,5.267,1.756,90.042,0,0,6076548,144364,134588,1644412,3687341.946,73007.077,0,28.091,0,3.010,5373,4557,1.250,2.100,1.600,0,0,0,0,0,35,283,0,15,0
10-08 10:55:57,5.741,2.746,87.863,0,0,6076876,136300,134588,1652148,8537075.836,175663.834,0,0,0,0,10673,10905,1.250,2.100,1.600,1,0,0,0,0,35,283,0,15,0
10-08 10:55:58,4.994,2.247,89.899,0.250,0,6076580,133780,134600,1654952,3053573.244,67935.339,0,271.693,0,16.981,5352,3231,1.250,2.100,1.600,2,0,0,0,0,35,283,0,14,0
10-08 10:55:59,6.760,2.504,88.637,0,0,6076736,128736,134600,1659840,5103570.794,98568.748,0,16.025,0,3.005,6760,5589,1.150,2.060,1.590,2,0,0,0,0,35,283,0,14,0
10-08 10:56:00,6.743,3.496,85.911,0,0,6078504,120676,134608,1666124,7373110.041,145438.548,15.983,163.829,0.999,17.981,10705,8709,1.150,2.060,1.590,2,0,5.994,0,0,35,283,0,14,0
10-08 10:56:01,6.266,3.007,86.715,0.251,0.251,6078800,127236,134492,1659384,9721393.926,203175.957,0,180.448,0,11.027,11473,12479,1.150,2.060,1.590,1,0,0,0,0,35,283,0,14,0
10-08 10:56:02,5.722,1.990,88.563,0,0,6085844,134012,134496,1646116,3764627.571,77357.971,0,43.784,0,3.980,5937,3937,1.150,2.060,1.590,1,0,0,0,0,35,283,0,12,0
10-08 10:56:03,5.754,2.752,87.559,0,0,6076780,136336,134496,1652856,6636599.156,135296.641,0,0,0,0,8922,8334,1.150,2.060,1.590,1,0,0,0,0,35,283,0,12,0
10-08 10:56:04,9.263,7.010,80.116,0,0,6078424,145356,134492,1642432,6316787.187,3915185.652,76.110,52.075,2.003,6.009,11038,8549,1.060,2.030,1.580,2,0,54.078,0,0,35,284,0,12,0
10-08 10:56:05,13.803,10.038,72.528,0,0,6079204,135708,134492,1651308,9517934.568,220648.641,0,2156.254,0,370.418,18440,14909,1.060,2.030,1.580,1,0,153.588,0,0,35,283,0,12,0
10-08 10:56:06,8.959,7.466,81.128,0.249,0,6076768,136376,134500,1653056,1795614.558,44720.966,0,99.544,0,6.968,5524,4320,1.060,2.030,1.580,2,0,102.530,0,0,35,283,0,11,0
10-08 10:56:07,5.256,2.503,87.854,0,0,6077128,130584,134504,1658488,5706840.533,108376.406,8.009,116.138,2.002,11.013,7879,6744,1.060,2.030,1.580,1,0,0,0,0,35,283,0,11,0
10-08 10:56:08,5.765,2.757,89.980,0,0,6104288,147356,127688,1621876,2099642.683,49343.911,0,16798.866,0,61.156,3741,3469,1.060,2.030,1.580,3,0,0,0,0,35,283,0,11,0
10-08 10:56:09,6.465,2.238,88.028,0,0,6091664,157184,127692,1624668,2998789.377,50513.398,0,143.233,0,11.936,4730,3974,0.970,1.990,1.570,1,0,0,0,0,35,283,0,11,0
10-08 10:56:10,6.786,2.765,85.706,0.754,0,6089696,151176,127716,1632620,8778997.898,179240.163,32.171,458.440,2.011,39.209,12375,11342,0.970,1.990,1.570,4,1,0,0,0,35,283,0,12,0
10-08 10:56:11,5.238,1.497,90.545,0,0,6089808,148412,127720,1635268,2625646.964,68864.129,0,39.910,0,4.989,4725,3484,0.970,1.990,1.570,2,0,0,0,0,35,283,0,10,0
10-08 10:56:12,8.509,3.754,84.588,0,0,6087244,145668,127720,1640576,5760334.463,117273.429,0,0,0,0,10655,7974,0.970,1.990,1.570,2,0,4.004,0,0,35,285,0,12,0
10-08 10:56:13,6.473,3.983,85.639,0,0,6086192,141664,127748,1645604,5459765.820,105358.276,31.866,132378.479,1.992,194.182,8317,6568,0.970,1.990,1.570,2,0,3.983,0,0,35,283,0,12,0
10-08 10:56:14,5.278,2.262,89.475,0,0,6084576,140156,127752,1648724,3234161.111,62307.038,0,60.320,0,4.021,5241,4135,0.900,1.960,1.560,1,0,1.005,0,0,35,283,0,12,0
10-08 10:56:15,6.227,1.993,88.421,0,0,6082884,136372,127752,1654200,5873846.598,115825.431,0,0,0,0,8227,6651,0.900,1.960,1.560,1,0,0,0,0,35,283,0,12,0
10-08 10:56:16,6.751,2.750,87.507,0,0,6084288,131376,127752,1657800,4085674.499,74369.253,0,1328.112,0,226.019,6599,4218,0.900,1.960,1.560,2,0,11.001,0,0,35,284,0,12,0
10-08 10:56:17,13.284,9.274,72.185,1.003,0,6091224,132852,127752,1649524,8096817.441,3980751.739,84.215,12.031,3.008,2.005,14202,12309,0.900,1.960,1.560,3,0,96.246,0,0,35,284,0,12,0
10-08 10:56:18,25.412,15.695,57.799,0,0,6087904,165076,127748,1620924,2680468.316,77437.959,1020.455,3.986,7.972,0.997,8471,6236,0.900,1.960,1.560,0,0,165.425,0,0,35,284,0,12,0
10-08 10:56:19,6.769,4.763,83.981,0.501,0.251,6072716,173072,127752,1628108,7640197.719,161387.439,0,96.265,0,6.017,10927,10468,0.820,1.930,1.550,1,0,49.135,0,0,35,283,0,8,0
10-08 10:56:20,7.007,2.503,87.594,0,0,6072040,169292,127760,1632556,4892977.381,95129.806,16.017,108.116,1.001,12.013,7521,4997,0.820,1.930,1.550,3,0,0,0,0,35,283,0,8,0
10-08 10:56:21,6.504,2.001,86.798,0,0,6072804,160736,127760,1640348,8769147.175,178782.068,0,56.031,0,7.004,13157,10908,0.820,1.930,1.550,2,0,0,0,0,35,283,0,9,0
10-08 10:56:22,5.753,2.501,88.046,0,0,6072980,155376,127760,1645532,5239052.477,106661.529,0,124.065,0,5.003,7669,6115,0.820,1.930,1.550,1,0,0,0,0,35,283,0,9,0
10-08 10:56:23,5.001,2.750,88.260,0.250,0,6073164,148320,127764,1652400,7601522.446,150197.792,0,244.029,0,18.002,10759,9033,0.820,1.930,1.550,1,0,0,0,0,35,283,0,7,0
10-08 10:56:24,5.989,2.495,87.339,0.250,0.250,6072736,144440,127796,1656676,4201198.098,73258.547,15.970,1724.811,0.998,83.845,6603,4937,0.760,1.900,1.540,1,0,0.998,0,0,35,283,0,7,0
10-08 10:56:25,6.262,3.006,86.665,0,0,6072928,153620,127816,1647868,8186034.847,166036.044,0,296.565,0,27.051,11353,10374,0.760,1.900,1.540,2,0,0,0,0,35,283,0,7,0
10-08 10:56:26,3.720,1.488,91.266,0.248,0,6072576,151972,127824,1649860,1662048.471,34198.985,0,103.170,0,7.936,3551,2804,0.760,1.900,1.540,1,0,0,0,0,35,283,0,7,0
10-08 10:56:27,6.263,1.754,88.683,0,0,6073176,146732,127824,1654500,4874133.863,94158.065,0,0,0,0,6652,5113,0.760,1.900,1.540,2,0,0,0,0,35,283,0,7,0
10-08 10:56:28,5.765,2.757,87.472,0,0,6073032,154576,127832,1647332,9402186.557,198184.250,0,208.528,0,13.033,13292,12304,0.760,1.900,1.540,1,0,0,0,0,35,283,0,7,0
10-08 10:56:29,10.037,6.524,81.302,0,0,6076368,164412,127832,1634808,3591904.853,3875371.215,76.283,8.030,2.007,2.007,8385,5200,0.860,1.900,1.550,1,0,54.201,0,0,35,284,0,7,0
10-08 10:56:30,11.748,10.748,74.240,0,0,6078004,156084,127836,1641504,7278261.347,166630.518,15.998,163.977,1.000,14.998,13226,11764,0.860,1.900,1.550,2,0,149.979,0,0,35,284,0,7,0
10-08 10:56:31,10.969,8.476,76.783,0,0,6071656,154776,127836,1649152,8233753.140,187902.388,0,179.492,0,10.969,14245,11681,0.860,1.900,1.550,2,0,105.701,0,0,35,283,0,7,0
10-08 10:56:32,5.488,2.245,87.551,0,0,6072588,148840,127840,1654152,5362537.376,109882.205,0,2665.940,0,422.041,9529,6628,0.860,1.900,1.550,1,0,0,0,0,35,283,0,7,0
10-08 10:56:33,6.763,3.507,86.419,0,0,6071896,156728,127840,1647148,8105946.307,163769.931,0,0,0,0,10235,9476,0.860,1.900,1.550,1,0,0,0,0,35,283,0,7,0
10-08 10:56:34,5.749,3.249,87.483,0.250,0,6076480,164076,127372,1636440,5036432.860,91485.996,0,20739.919,0,66.987,7691,5097,0.790,1.870,1.540,3,0,1.000,0,0,35,283,0,7,0
10-08 10:56:35,4.746,2.498,89.673,0,0,6080548,157120,127372,1639328,2900162.178,52315.231,0,3.997,0,0.999,4579,3417,0.790,1.870,1.540,2,0,0,0,0,35,283,0,7,0
10-08 10:56:36,5.505,2.252,88.325,0,0,6078904,153632,127376,1644456,5532270.725,109102.605,0,60.051,0,7.006,8076,6270,0.790,1.870,1.540,2,0,0,0,0,35,283,0,7,0
10-08 10:56:37,4.247,1.999,90.686,0,0,6077972,151972,127376,1647048,2933017.396,57249.642,0,3.997,0,0.999,5064,3798,0.790,1.870,1.540,2,0,0,0,0,35,283,0,7,0
10-08 10:56:38,4.239,2.992,90.766,0,0,6076664,148192,127376,1652136,5307301.798,112496.134,0,179.537,0,6.982,7427,7471,0.790,1.870,1.540,1,0,0,0,0,35,283,0,7,0
10-08 10:56:39,9.488,6.242,80.644,0,0,6100420,166548,127384,1611192,5097826.861,98253.442,15.979,113287.771,0.999,151.801,8325,6743,1.050,1.900,1.550,1,0,3.995,0,0,35,283,0,7,0
10-08 10:56:40,13.102,5.291,79.116,0.252,0,6121472,168596,127404,1590920,6671297.709,137735.149,16.126,459.581,1.008,42.330,10270,13147,1.050,1.900,1.550,4,0,34.267,0,0,35,283,0,8,0
10-08 10:56:41,13.729,5.741,77.131,0,0,6100380,182368,127408,1595624,8354986.642,178581.265,0,39.938,0,4.992,13311,13760,1.050,1.900,1.550,2,1,17.972,0,0,35,284,0,9,0
10-08 10:56:42,14.468,4.241,66.104,11.973,0,6114444,159432,127408,1604504,5286251.338,108455.799,3604.018,794.241,209.536,131.708,10062,7048,1.050,1.900,1.550,2,1,2.993,0,0,35,284,0,9,0
10-08 10:56:43,11.296,7.279,75.053,2.761,0.251,6094040,172432,127416,1611900,7802128.132,3973862.209,253.021,433.750,26.105,27.109,11550,11655,1.050,1.900,1.550,1,0,87.352,0,0,35,284,0,7,0
10-08 10:56:44,10.424,8.935,77.186,0,0.248,6077560,186196,127416,1614604,2934197.844,73466.233,0,0,0,0,7951,6467,1.120,1.900,1.560,1,0,111.188,0,0,35,284,0,7,0
10-08 10:56:45,9.980,8.483,78.346,0,0,6075152,180008,127416,1623232,9282474.753,207537.364,0,19.961,0,1.996,15068,13986,1.120,1.900,1.560,1,0,100.802,0,0,35,283,0,7,0
10-08 10:56:46,5.265,1.755,90.261,0,0,6075268,176256,127416,1626868,3900125.138,69591.132,0,0,0,0,5605,3745,1.120,1.900,1.560,1,0,0,0,0,35,283,0,7,0
10-08 10:56:47,5.019,2.760,88.080,0,0,6075724,168472,127416,1634196,8042711.983,167216.768,0,4.015,0,1.004,11969,10471,1.120,1.900,1.560,1,0,0,0,0,35,283,0,7,0
10-08 10:56:48,5.497,2.249,88.699,0,0,6074620,165704,127416,1638068,4060442.003,83584.366,0,75.957,0,1.999,6240,3809,1.120,1.900,1.560,2,0,0,0,0,35,283,0,7,0
10-08 10:56:49,6.237,2.744,86.576,0,0,6075360,156436,127424,1646588,9109188.496,190929.205,0,71.855,0,5.988,10924,11723,1.030,1.870,1.550,1,0,0,0,0,35,283,0,7,0
10-08 10:56:50,13.442,2.489,80.654,0.996,0.498,6079044,150364,127476,1648924,1775912.744,32297.288,840.391,378.375,56.756,46.799,5028,5051,1.030,1.870,1.550,1,0,0,0,0,35,283,0,7,0
10-08 10:56:51,4.521,2.763,88.908,0.251,0,6078356,162400,127496,1637572,6923903.501,140094.422,0,490.248,0,31.143,8935,9068,1.030,1.870,1.550,1,0,0,0,0,35,283,0,8,0
10-08 10:56:52,4.752,2.501,90.036,0,0,6078760,156660,127496,1642908,5733951.981,103395.600,0,0,0,0,7111,6087,1.030,1.870,1.550,1,0,0,0,0,35,283,0,7,0
10-08 10:56:53,5.261,2.505,87.939,0,0,6079036,148872,127496,1650420,8521029.992,175043.538,0,8.017,0,1.002,10012,10584,1.030,1.870,1.550,1,0,0,0,0,35,283,0,7,0
10-08 10:56:54,5.488,1.996,88.556,0,0.249,6078956,145052,127504,1654312,3960027.178,81469.164,15.965,143.685,0.998,11.974,5640,4134,1.190,1.890,1.550,2,0,0.998,0,0,35,283,0,7,0
10-08 10:56:55,5.766,5.515,86.236,0,0,6084840,154892,127520,1638864,1088442.626,294993.193,112.307,288.789,2.005,22.060,3957,3277,1.190,1.890,1.550,7,0,51.140,0,0,35,284,0,7,0
10-08 10:56:56,11.525,8.769,77.922,0,0,6084308,151704,127532,1642568,4055471.806,3620941.829,0,48.106,0,7.016,10118,7295,1.190,1.890,1.550,1,0,99.219,0,0,35,284,0,7,0
10-08 10:56:57,12.475,8.483,73.601,0.249,0,6069728,176012,127536,1633208,7230016.949,165592.539,11.976,83.831,0.998,8.982,13868,10934,1.190,1.890,1.550,4,0,109.778,0,0,35,284,0,7,0
10-08 10:56:58,7.459,5.221,84.536,0,0,6068328,169988,127536,1640632,7759378.790,164008.540,0,2561.950,0,412.736,10832,10847,1.190,1.890,1.550,3,0,48.733,0,0,35,283,0,7,0
10-08 10:56:59,5.276,1.759,88.935,0,0,6068152,164948,127536,1645848,5656682.720,119335.054,0,8372.909,0,40.196,9143,6778,1.090,1.860,1.550,1,0,0,0,0,35,283,0,7,0
10-08 10:57:00,6.759,3.004,86.620,0.501,0,6068984,160556,127552,1649392,3878758.323,69250.058,16.022,568.789,1.001,46.064,5982,4833,1.090,1.860,1.550,0,0,6.008,0,0,35,283,0,7,0
10-08 10:57:01,4.736,2.991,86.984,0,0,6070028,152152,127560,1656744,7787660.811,159990.840,0,207.366,0,12.960,11238,9823,1.090,1.860,1.550,2,0,0,0,0,35,283,0,7,0
10-08 10:57:02,5.511,2.756,87.680,0.251,0,6069924,144844,127560,1664156,7964970.751,170641.133,0,60.124,0,4.008,12799,10124,1.090,1.860,1.550,1,0,0,0,0,35,283,0,7,0
10-08 10:57:03,5.240,1.996,89.074,0,0,6068296,156840,127560,1653860,6010133.260,113180.887,0,0,0,0,7850,6465,1.090,1.860,1.550,1,0,0,0,0,35,283,0,7,0
10-08 10:57:04,4.752,3.501,88.538,0,0,6068676,154072,127572,1656236,2713227.346,54469.234,0,129491.235,0,159.068,4814,3392,1.010,1.830,1.540,3,0,1.000,0,0,35,283,0,7,0
10-08 10:57:05,5.252,2.751,88.284,0,0,6067728,148276,127572,1662980,7092298.429,145918.506,0,4.002,0,1.000,11671,9019,1.010,1.830,1.540,1,0,0,0,0,35,283,0,7,0
10-08 10:57:06,3.994,1.498,91.106,0,0,6068380,145780,127584,1664812,2311301.031,46688.392,0,79.874,0,5.991,4016,2846,1.010,1.830,1.540,5,0,0,0,0,35,283,0,7,0
10-08 10:57:07,5.524,3.515,86.874,0.251,0,6068100,155824,127584,1655048,6301311.518,129960.808,0,220.950,0,15.065,9394,8103,1.010,1.830,1.540,2,0,0,0,0,35,283,0,7,0
10-08 10:57:08,9.730,5.988,80.584,0,0,6070888,165072,127584,1643028,3846066.568,3858712.575,79.836,35.926,2.994,3.992,8755,5287,1.010,1.830,1.540,1,0,52.891,0,0,35,284,0,7,0
10-08 10:57:09,15.218,11.476,69.352,0,0,6090020,184180,127620,1604956,7928211.411,180670.480,19.958,1428.959,1.996,219.533,15750,13167,1.010,1.810,1.530,4,0,154.671,0,0,35,284,0,7,0
10-08 10:57:10,10.479,8.732,77.342,0,0,6067580,200812,127636,1610740,6105008.370,132934.759,15.967,215.559,0.998,18.961,11328,8957,1.010,1.810,1.530,3,0,100.794,0,0,35,283,0,8,0
10-08 10:57:11,4.773,3.014,88.418,0.251,0.251,6068276,192576,127640,1618276,8216198.836,171329.035,0,152.721,0,15.071,9964,10658,1.010,1.810,1.530,2,0,0,0,0,35,283,0,8,0
10-08 10:57:12,5.760,2.504,88.646,0,0,6067968,189048,127640,1622112,4229011.389,88009.184,0,0,0,0,6102,4632,1.010,1.810,1.530,1,0,0,0,0,35,283,0,7,0
10-08 10:57:13,7.996,3.248,84.204,0,0,6073692,176204,127648,1629224,7289029.319,147912.857,0,479.737,0,31.982,9761,9375,1.010,1.810,1.530,2,0,5.997,0,0,35,284,0,9,0
10-08 10:57:14,8.237,3.495,84.621,0.499,0,6082224,160328,127652,1636564,7826264.357,160315.384,59.909,319.512,1.997,23.963,10677,10075,0.930,1.780,1.530,2,0,2.995,0,0,35,283,0,9,0
10-08 10:57:15,5.488,2.245,89.052,0,0,6078500,159064,127656,1641548,5536023.231,112647.012,0,63.858,0,3.991,8103,6423,0.930,1.780,1.530,1,0,0,0,0,35,283,0,9,0
10-08 10:57:16,5.508,2.754,88.128,0,0,6071780,161348,127656,1645984,4548117.335,91690.842,0,0,0,0,6619,5371,0.930,1.780,1.530,1,0,0,0,0,35,283,0,7,0
10-08 10:57:17,9.007,3.002,85.067,0,0,6081020,162284,127656,1635872,6230569.994,114563.767,0,8.006,0,2.002,7919,6564,0.930,1.780,1.530,2,0,2.002,0,0,35,283,0,7,0
10-08 10:57:18,20.803,8.271,68.674,0,0,6092144,162324,127656,1624812,4410680.685,79562.098,1026.608,36.092,8.020,2.005,7377,5569,0.930,1.780,1.530,0,0,10.025,0,0,35,283,0,7,0
10-08 10:57:19,8.725,4.736,82.763,0,0,6093532,184788,127660,1600956,7381649.042,146540.667,0,183.475,0,17.949,10532,9359,0.850,1.750,1.520,1,0,0.997,0,0,35,283,0,7,0
10-08 10:57:20,8.019,3.759,84.448,0.251,0.251,6084404,188308,127672,1606612,5724882.487,151502.237,20.047,152.357,2.005,12.028,9038,7310,0.850,1.750,1.520,2,0,51.120,0,0,35,284,0,7,0
10-08 10:57:21,11.253,8.753,76.273,0,0,6078256,187820,127676,1613244,7230653.770,3926820.598,76.023,228.070,2.001,18.006,13803,11059,0.850,1.750,1.520,0,0,100.031,0,0,35,284,0,8,0
10-08 10:57:22,12.233,8.987,75.644,0,0,6073572,187932,127676,1617808,4906774.022,117782.357,0,79.888,0,3.994,10310,7929,0.850,1.750,1.520,1,0,108.848,0,0,35,284,0,8,0
10-08 10:57:23,5.732,4.236,85.726,0,0,6071104,183452,127676,1624756,7548981.758,162524.428,0,87.720,0,5.981,10171,9494,0.850,1.750,1.520,2,0,48.844,0,0,35,283,0,8,0
10-08 10:57:24,4.752,1.501,92.041,0.500,0,6071116,183200,127684,1624988,201949.865,8203.610,16.007,2589.139,1.000,405.178,2261,2606,0.780,1.720,1.510,1,0,1.000,0,0,35,283,0,7,0
10-08 10:57:25,3.996,1.499,90.160,0.250,0,6071012,180928,127688,1627360,2389557.427,50803.175,15.984,16775.218,0.999,75.924,4050,3469,0.780,1.720,1.510,2,1,0,0,0,35,283,0,7,0
10-08 10:57:26,5.765,2.757,87.985,0.251,0.251,6070580,175888,127760,1632760,5517865.639,106041.822,156.419,1905.099,5.013,115.309,7917,7196,0.780,1.720,1.510,1,0,0,0,0,35,283,0,7,0
10-08 10:57:27,4.990,1.996,89.073,0,0,6070540,172108,127760,1636580,4059256.478,78563.821,0,39.921,0,2.994,5656,4976,0.780,1.720,1.510,1,0,0,0,0,35,283,0,7,0
10-08 10:57:28,5.762,2.255,87.434,0,0,6070912,164796,127768,1643512,7488171.410,153084.544,0,152.320,0,11.023,10251,9124,0.780,1.720,1.510,2,0,0,0,0,35,283,0,7,0
10-08 10:57:29,5.748,2.499,87.970,0,0,6070540,159176,127768,1649504,6574344.095,129931.356,27.990,139.952,2.999,13.995,10215,7900,0.720,1.700,1.500,1,0,0,0,0,35,283,0,7,0
10-08 10:57:30,5.721,3.731,87.060,0.249,0,6071160,151616,127788,1656424,7240414.777,143943.223,15.920,116981.355,0.995,183.076,12184,9449,0.720,1.700,1.500,1,0,0,0,0,35,283,0,7,0
10-08 10:57:31,5.517,2.508,88.781,0,0,6069740,162796,127788,1646664,6485708.947,127657.775,0,0,0,0,10210,7522,0.720,1.700,1.500,2,0,0,0,0,35,283,0,7,0
10-08 10:57:32,5.009,3.006,88.166,0,0,6069728,159520,127788,1649952,3410629.013,66202.675,0,0,0,0,6105,4191,0.720,1.700,1.500,3,0,0,0,0,35,283,0,7,0
10-08 10:57:33,9.499,6.750,79.746,0,0,6081644,157196,127792,1640560,6814121.826,3938423.515,75.996,219.988,2.000,14.999,11558,9494,0.720,1.700,1.500,2,0,52.997,0,0,35,284,0,7,0
10-08 10:57:34,12.755,10.754,73.030,0.250,0,6071236,162244,127796,1645908,5662341.214,130038.308,0,56.023,0,6.002,11529,9041,0.820,1.700,1.500,3,0,156.064,0,0,35,284,0,7,0
10-08 10:57:35,10.001,7.751,79.008,0.250,0,6072628,152856,127796,1653904,8649969.716,191015.786,0,1548.152,0,272.027,15654,13032,0.820,1.700,1.500,2,0,101.010,0,0,35,283,0,7,0
10-08 10:57:36,4.758,1.753,89.403,0,0,6070468,166728,127804,1642184,4069787.262,80461.707,0,88.151,0,6.010,5676,4999,0.820,1.700,1.500,1,0,0,0,0,35,283,0,7,0
10-08 10:57:37,5.496,2.248,88.929,0,0.250,6070480,162524,127804,1646380,4586115.455,89157.206,0,7.994,0,1.998,7733,5729,0.820,1.700,1.500,2,0,0,0,0,35,283,0,7,0
10-08 10:57:38,4.249,2.249,90.972,0,0,6070572,158016,127804,1650796,4842485.233,94653.349,0,187.943,0,8.997,6442,5997,0.820,1.700,1.500,1,0,0,0,0,35,283,0,7,0
10-08 10:57:39,8.752,3.751,83.766,0,0,6105960,162576,127816,1611032,4068974.289,87230.235,92.017,180.034,2.000,23.004,7674,6453,0.840,1.690,1.500,0,0,4.001,0,0,35,283,0,7,0
10-08 10:57:40,7.750,2.750,84.748,0.250,0,6106876,155088,127828,1617592,7084236.068,144041.813,207.994,551.984,2.000,43.999,11283,9820,0.840,1.690,1.500,2,1,1.000,0,0,35,283,0,8,0
10-08 10:57:41,16.011,6.504,74.550,0.250,0,6119544,168876,127852,1591324,4440966.319,83994.255,112.075,396.265,5.003,40.027,9334,13417,0.840,1.690,1.500,0,0,36.024,0,0,35,283,0,7,0
10-08 10:57:42,4.981,2.491,88.168,0,0,6118616,161596,127852,1599532,8776701.980,185141.601,0,0,0,0,12625,11553,0.840,1.690,1.500,2,0,0,0,0,35,283,0,7,0
10-08 10:57:43,5.005,2.002,89.832,0,0,6112748,163368,127852,1603628,4418231.488,84941.372,0,16.015,0,2.002,6886,4186,0.840,1.690,1.500,2,0,0,0,0,35,283,0,7,0
10-08 10:57:44,4.996,2.248,88.427,0.500,0,6107792,162280,127876,1609648,6505036.684,130722.241,0,659.456,0,43.964,10914,8500,0.770,1.660,1.490,2,0,0.999,0,0,35,283,0,7,0
10-08 10:57:45,7.518,3.759,83.453,1.253,0,6102928,161692,127876,1615108,5945139.231,120785.189,52.127,12.029,8.020,1.002,8182,7467,0.770,1.660,1.490,1,1,19.046,0,0,35,284,0,7,0
10-08 10:57:46,17.479,3.995,63.923,10.987,0,6113404,155640,127876,1610688,7693195.664,162840.306,3715.535,0,224.730,0,10369,10026,0.770,1.660,1.490,4,0,0.999,0,0,35,284,0,7,0
10-08 10:57:47,9.762,8.511,78.096,0.250,0,6073460,193184,127876,1613076,2466579.402,3858302.844,92.114,12.015,3.004,2.002,8177,5200,0.770,1.660,1.490,2,0,94.116,0,0,35,284,0,7,0
10-08 10:57:48,10.753,10.253,75.769,0,0,6078704,184428,127876,1616596,3716445.446,86319.866,0,0,0,0,9138,7271,0.770,1.660,1.490,2,0,154.039,0,0,35,284,0,7,0
10-08 10:57:49,7.985,5.490,83.841,0,0,6070092,187464,127880,1622160,5928047.831,125246.865,0,95.818,0,5.989,10171,8352,0.710,1.630,1.480,2,0,50.903,0,0,35,283,0,7,0
10-08 10:57:50,5.258,2.253,87.126,0,0,6070476,180408,127892,1628820,7299215.659,146631.466,16.023,2119.056,1.001,362.523,9166,9337,0.710,1.630,1.480,4,0,0,0,0,35,283,0,7,0
10-08 10:57:51,5.986,1.995,89.796,0.249,0,6071028,174368,127904,1634296,5716497.919,114132.228,0,395.101,0,33.923,7443,7511,0.710,1.630,1.480,1,0,0,0,0,35,283,0,8,0
10-08 10:57:52,4.518,1.255,89.600,0.753,0.251,6070740,170588,127904,1638364,4217500.733,84913.595,240.941,0,14.055,0,5746,5676,0.710,1.630,1.480,0,0,0,0,0,35,283,0,8,0
10-08 10:57:53,5.236,1.995,89.509,0,0,6071076,165072,127904,1643544,5485519.634,112291.377,0,3.989,0,0.997,7171,5786,0.710,1.630,1.480,1,0,0,0,0,35,283,0,7,0
10-08 10:57:54,5.722,2.986,87.328,0.249,0,6071780,158016,127916,1649884,6971632.968,135918.596,15.923,95.538,0.995,11.942,9125,8627,0.650,1.610,1.480,3,0,0.995,0,0,35,283,0,7,0
10-08 10:57:55,5.281,2.766,88.024,0.251,0,6071576,151464,127924,1656632,7549891.671,156267.394,0,221.316,0,15.090,9897,8573,0.650,1.610,1.480,2,0,0,0,0,35,283,0,7,0
10-08 10:57:56,5.497,2.998,86.955,0,0,6071160,161844,127936,1646656,7831740.903,163783.385,0,16679.383,0,75.961,9894,10499,0.650,1.610,1.480,2,0,0,0,0,35,283,0,7,0
10-08 10:57:57,4.992,1.997,89.597,0,0,6070872,156552,127936,1652236,5994987.902,132947.621,0,0,0,0,7921,6730,0.650,1.610,1.480,1,0,0,0,0,35,283,0,7,0
10-08 10:57:58,4.729,2.489,87.853,0.249,0,6071140,151716,127944,1656796,4872992.128,96414.327,15.928,187.154,0.996,11.946,7197,5646,0.650,1.610,1.480,2,0,0,0,0,35,283,0,7,0
10-08 10:57:59,8.552,7.043,80.991,0,0,6085920,192200,127952,1601568,8422291.858,3679237.611,80.488,84.513,3.018,5.031,14066,11439,0.600,1.580,1.470,1,0,52.317,0,0,35,284,0,7,0
10-08 10:58:00,12.747,9.998,73.485,0,0,6077652,193916,127952,1608252,6509197.683,446204.710,47.990,107.978,1.000,11.998,11568,9908,0.600,1.580,1.470,4,0,107.978,0,0,35,284,0,7,0
10-08 10:58:01,12.188,12.686,71.637,0,0,6069240,195380,127964,1615188,7340189.674,168798.066,0,153039.971,0,201.976,14282,11443,0.600,1.580,1.470,1,0,155.213,0,0,35,283,0,7,0
10-08 10:58:02,5.284,1.761,90.328,0,0,6069888,192528,127964,1617392,2432051.485,44732.182,0,92.592,0,6.039,4497,3320,0.600,1.580,1.470,1,0,0,0,0,35,283,0,7,0
10-08 10:58:03,5.976,2.490,87.646,0,0,6070504,186028,127964,1623276,6265770.039,120007.834,0,0,0,0,7922,6889,0.600,1.580,1.470,4,0,0,0,0,35,283,0,7,0
10-08 10:58:04,6.020,2.508,88.299,0,0,6071196,180640,127964,1627972,5090917.239,102163.975,0,56.190,0,6.020,7733,5767,0.630,1.570,1.460,1,0,2.007,0,0,35,283,0,7,0
10-08 10:58:05,5.497,2.499,88.198,0,0,6071608,172352,127964,1635848,8591700.948,177746.283,0,3.998,0,0.999,10724,11136,0.630,1.570,1.460,1,0,0.999,0,0,35,283,0,7,0
10-08 10:58:06,5.244,2.497,89.140,0.499,0,6071628,183600,127972,1624572,4466235.946,89615.220,0,1793.783,0,317.607,6231,5387,0.630,1.570,1.460,2,0,0,0,0,35,283,0,7,0
10-08 10:58:07,5.259,2.504,88.899,0,0,6072432,176396,127972,1630972,7004831.118,143537.081,0,8.013,0,2.003,8829,8803,0.630,1.570,1.460,4,0,0,0,0,35,283,0,7,0
10-08 10:58:08,5.505,2.502,88.073,0,0,6072504,171608,127972,1635688,4832506.918,102661.505,0,140.117,0,8.007,6398,5768,0.630,1.570,1.460,1,0,0,0,0,35,283,0,7,0
10-08 10:58:09,8.223,4.236,84.470,0,0,6090568,207220,127976,1582056,7120842.471,143789.018,15.947,119.603,0.997,12.957,9460,9145,0.580,1.540,1.460,2,0,0,0,0,35,283,0,7,0
10-08 10:58:10,6.759,1.752,88.374,0.250,0,6090204,205356,128000,1584260,1851530.863,33887.529,68.096,460.646,5.007,37.052,4113,3885,0.580,1.540,1.460,3,1,3.004,0,0,35,283,0,8,0
10-08 10:58:11,7.269,3.008,87.230,0,0,6092568,199088,128008,1588156,4024571.042,77294.639,0,104.275,0,16.042,6238,5181,0.580,1.540,1.460,4,0,2.005,0,0,35,284,0,8,0
10-08 10:58:12,11.763,8.259,76.585,0,0,6080736,205032,128008,1594052,6607521.788,3939255.952,76.085,0,2.002,0,12311,9947,0.580,1.540,1.460,1,0,101.113,0,0,35,284,0,8,0
10-08 10:58:13,12.502,9.752,74.514,0.500,0,6080376,198844,128016,1600592,6798856.990,158049.895,0,352.067,0,24.005,13073,11131,0.580,1.540,1.460,1,0,147.028,0,0,35,284,0,7,0
10-08 10:58:14,7.212,5.720,84.309,0,0,6072072,203660,128016,1604072,3672047.773,82929.248,0,31.833,0,1.990,6755,6427,0.530,1.520,1.450,1,0,61.677,0,0,35,283,0,7,0
10-08 10:58:15,8.283,3.012,85.840,0,0,6075524,195908,128016,1608372,4819649.145,90945.907,0,0,0,0,7719,6150,0.530,1.520,1.450,3,0,4.016,0,0,35,283,0,8,1
10-08 10:58:16,7.676,2.971,84.926,0,0,6074176,189916,128032,1615696,7627768.304,158353.754,15.846,344.656,0.990,22.779,13065,10268,0.530,1.520,1.450,3,0,1.981,0,0,35,283,0,9,0
10-08 10:58:17,7.571,2.524,87.065,0,0,6086080,175820,128036,1617884,2529652.352,44980.947,0,80.756,0,5.047,4500,3264,0.530,1.520,1.450,1,0,2.019,0,0,35,283,0,9,0
10-08 10:58:18,19.204,7.482,70.831,0,0,6100548,172312,128036,1606988,4589732.396,95317.959,1021.556,0,7.981,0,8441,7014,0.530,1.520,1.450,2,0,9.976,0,0,35,283,0,7,0
10-08 10:58:19,6.012,2.255,89.930,0,0,6095076,173312,128052,1611444,4672116.350,91270.465,0,92.184,0,8.016,7999,5689,0.490,1.490,1.440,1,0,0,0,0,35,283,0,7,0
10-08 10:58:20,5.758,2.253,88.119,0,0,6092840,171300,128064,1615680,4541415.636,92753.579,16.022,140.190,1.001,12.016,7079,6089,0.490,1.490,1.440,1,0,0,0,0,35,283,0,7,0
10-08 10:58:21,5.228,2.739,88.634,0,0,6088644,185188,128080,1605980,6190211.350,121322.701,0,270.881,0,23.901,8224,7058,0.490,1.490,1.440,1,0,0,0,0,35,283,0,8,0
10-08 10:58:22,5.017,2.508,87.795,0.251,0,6083456,182900,128080,1613456,7779190.004,163243.097,0,80.270,0,4.013,11813,10193,0.490,1.490,1.440,1,0,0,0,0,35,283,0,7,0
10-08 10:58:23,4.477,1.741,90.045,0,0,6083852,178168,128080,1617792,4895038.477,97786.327,0,3.980,0,0.995,6430,5921,0.490,1.490,1.440,3,0,0,0,0,35,283,0,7,0
10-08 10:58:24,8.263,5.759,83.630,0.250,0,6089960,170092,128092,1619756,2002644.016,2011929.478,32.050,92.144,1.002,12.019,6054,4741,0.450,1.470,1.430,3,0,52.081,0,0,35,284,0,7,0
10-08 10:58:25,11.784,9.277,75.967,0,0,6075732,193504,128104,1610616,6229428.871,1978729.791,60.172,304.873,2.006,19.055,12272,10280,0.450,1.470,1.430,3,1,105.301,0,0,35,284,0,7,0
10-08 10:58:26,12.724,10.977,73.598,0,0,6078640,184580,128116,1616620,6549800.328,154336.217,0,275.431,0,47.901,12238,9738,0.450,1.470,1.430,1,0,150.689,0,0,35,284,0,7,0
10-08 10:58:27,5.245,2.497,88.660,0,0,6072880,186896,128116,1620064,3874940.722,75375.237,0,0,0,0,6351,4035,0.450,1.470,1.430,4,0,1.998,0,0,35,283,0,7,0
10-08 10:58:28,5.769,2.759,86.783,0.502,0,6072512,179956,128136,1627352,7556060.534,160443.830,0,3447.233,0,507.654,10477,10284,0.450,1.470,1.430,1,0,2.007,0,0,35,283,0,7,0
10-08 10:58:29,5.509,3.756,87.649,0,0,6075340,173400,128144,1631072,4193057.067,81476.391,0,60.102,0,7.012,6647,4559,0.410,1.440,1.420,1,0,28.048,0,0,35,282,0,7,1
10-08 10:58:30,14.183,13.685,68.427,1.742,0,6097988,181856,128180,1601004,15540.683,2168.768,35.831,214.986,4.977,21.897,5032,4426,0.410,1.440,1.420,3,0,203.042,0,0,35,282,0,7,0
10-08 10:58:31,20.196,4.488,66.321,7.729,0,6133916,190872,128256,1557260,9961.182,1615.650,67.817,63505.031,16.954,98.734,2587,2386,0.410,1.440,1.420,1,2,0,0,0,35,282,0,7,0
10-08 10:58:32,15.331,4.273,65.345,13.823,0,6153304,171480,128404,1557244,20553.379,1849.754,144.763,78063.634,36.191,112.594,2854,2759,0.410,1.440,1.420,2,0,0,0,0,35,287,0,7,0
10-08 10:58:33,18.982,3.247,69.435,5.994,0,6158752,179388,129128,1543204,15945.041,1822.290,723.321,0,180.830,0,3340,3703,0.410,1.440,1.420,4,0,0,0,0,35,306,0,9,0
10-08 10:58:34,27.292,4.507,66.602,0.501,0,6172368,180380,129160,1528564,10601.228,1622.484,13236.261,376.576,129.198,43.066,6079,7784,0.540,1.450,1.430,2,0,1.002,0,0,35,305,0,11,0
10-08 10:58:35,29.747,7.249,59.995,0.500,0,6174388,194328,129216,1512744,19264.282,1619.856,27645.535,2519.775,215.981,142.987,8971,12359,0.540,1.450,1.430,3,0,0,0,0,35,309,0,14,0
10-08 10:58:36,36.777,12.259,48.285,0.250,0,6167980,347192,118040,1382372,14530.600,1951.424,63926.634,64.047,505.369,6.004,13095,18945,0.540,1.450,1.430,5,0,0,0,0,35,309,0,14,0
10-08 10:58:37,39.275,15.760,42.277,0.250,0,6174392,223396,118044,1499760,120970.386,3819989.254,55760.131,1721.115,442.287,254.165,15359,19099,0.540,1.450,1.430,4,0,103.067,0,0,35,310,0,14,0
10-08 10:58:38,36.887,22.431,38.133,0.498,0,6175320,206464,91412,1560596,38538.109,20239.087,53891.142,118732.786,793.572,200.387,12953,17488,0.540,1.450,1.430,5,0,154.527,0,0,35,310,0,14,0
10-08 10:58:39,38.561,16.276,41.065,3.005,0,6197348,338340,70884,1441148,16996.698,9141.359,60306.728,41465.132,534.840,93.146,12934,18508,0.740,1.480,1.440,5,0,55.087,0,0,35,309,0,14,0
10-08 10:58:40,37.542,14.516,42.297,1.752,0,6176528,331156,28716,1523852,36672.088,1621.817,61789.230,49623.599,485.544,97.109,12973,18162,0.740,1.480,1.440,4,1,0,0,0,35,309,0,15,0
10-08 10:58:41,40.955,15.733,39.207,1.249,0,6190004,307852,20836,1545280,13705.032,1618.233,59231.311,57393.319,478.477,88.903,12649,23019,0.740,1.480,1.440,3,0,36.960,0,0,35,309,0,16,0
10-08 10:58:42,37.052,12.267,48.067,0.501,0,6170908,308220,16196,1571256,10047.986,1622.258,55629.433,50790.698,434.605,367.512,11945,16429,0.740,1.480,1.440,3,0,0,0,0,35,309,0,14,0
10-08 10:58:43,36.243,14.398,46.917,0.745,0.248,6208120,253528,15764,1590452,10824.130,1608.576,56812.532,159110.041,443.848,227.385,11424,15500,0.740,1.480,1.440,5,0,0.993,0,0,35,309,0,14,0
10-08 10:58:44,32.230,12.338,46.834,6.043,0,6190740,440424,15844,1421496,12128.408,1631.624,60168.670,49685.986,485.459,97.696,11293,16049,0.680,1.450,1.430,4,0,1.007,0,0,35,309,0,14,0
10-08 10:58:45,37.764,10.004,51.519,0,0,6191132,315128,15896,1546348,10579.921,1620.601,62231.064,428.159,487.181,33.012,13056,18957,0.680,1.450,1.430,3,0,0,0,0,35,309,0,14,0
10-08 10:58:46,33.052,10.686,51.442,0,0.249,6198204,173048,15912,1681340,10750.686,1610.366,61201.869,79.524,479.134,4.970,12548,18257,0.680,1.450,1.430,5,1,0,0,0,35,309,0,14,0
10-08 10:58:47,33.197,18.107,45.772,0.503,0.251,6191992,187100,15916,1679944,9928.912,1629.669,59617.737,131025.428,465.764,275.635,12056,16824,0.680,1.450,1.430,2,0,2.012,0,0,35,309,0,14,0
10-08 10:58:48,33.684,11.478,51.400,0,0,6193212,185776,15916,1680388,9228.030,1455.166,59021.065,0,461.102,0,12140,17531,0.680,1.450,1.430,3,0,0,0,0,35,309,0,14,0
10-08 10:58:49,36.825,16.534,38.829,7.766,0,6191704,238092,15936,1631504,14792.131,6113.453,61144.550,111230.574,503.025,170.347,12803,17848,0.950,1.500,1.440,2,1,4.008,0,0,35,310,0,14,0
10-08 10:58:50,35.841,11.200,35.344,14.934,0,6196772,182736,16064,1681668,11385.611,1612.862,58791.804,99.559,516.713,13.938,11840,16760,0.950,1.500,1.440,6,0,14.934,0,0,35,310,0,14,0
10-08 10:58:51,34.645,17.574,33.641,12.553,0,6194708,216076,9800,1665824,12283.487,1626.819,40999.853,141019.090,700.938,361.515,11235,15339,0.950,1.500,1.440,3,1,1.004,0,0,35,310,0,15,0
10-08 10:58:52,16.245,6.248,47.484,27.991,0,6165812,683404,9860,1228260,10309.621,1619.469,1003.671,69417.247,73.976,161.947,4226,5288,0.950,1.500,1.440,3,1,15.995,0,0,35,305,0,19,0
10-08 10:58:53,14.697,8.220,46.083,28.148,0,6180952,661596,11720,1233068,22242.632,1679.930,6540.368,753.278,266.039,49.820,3906,3796,0.950,1.500,1.440,2,1,97.647,0,0,35,305,0,19,0
10-08 10:58:54,22.093,8.536,48.956,18.076,0,6176312,661564,13856,1235600,99705.271,3833813.600,4731.898,164.693,288.212,17.072,5985,4169,1.030,1.500,1.450,5,0,43.182,0,0,35,305,0,18,0
10-08 10:58:55,18.655,7.711,56.214,15.173,0,6176988,657356,16620,1236356,30059.243,18620.374,3362.910,262.665,153.221,18.904,4200,4196,1.030,1.500,1.450,4,1,103.474,0,0,35,305,0,18,0
10-08 10:58:56,15.324,10.049,56.775,15.575,0,6170964,658316,20400,1237652,24496.449,15410.515,4984.100,1664.046,255.234,295.428,5044,5162,1.030,1.500,1.450,1,1,153.743,0,0,35,305,0,18,0
10-08 10:58:57,10.969,2.493,69.307,13.961,0,6181912,643568,21068,1240776,9002.936,3500.256,4008.840,119.667,364.984,8.975,2813,3233,1.030,1.500,1.450,5,0,0,0,0,35,304,0,18,0
10-08 10:58:58,10.758,2.502,69.552,15.512,0,6182664,639548,23564,1241548,20093.031,1621.213,2978.228,460.344,538.403,40.030,2907,3563,1.030,1.500,1.450,2,0,0,0,0,35,304,0,18,0
10-08 10:58:59,9.485,2.496,69.892,16.225,0,6182336,637532,25412,1242044,19399.094,1617.506,2328.411,71.889,468.278,3.994,2667,3131,1.030,1.500,1.440,1,1,0,0,0,35,304,0,18,0
10-08 10:59:00,7.759,1.502,68.581,21.025,0.250,6181964,637280,25620,1242460,9645.396,1621.916,584.691,92.109,124.147,12.014,2080,2605,1.030,1.500,1.440,1,1,0,0,0,35,304,0,18,0
10-08 10:59:01,7.004,2.751,68.286,19.760,0,6182248,636272,25912,1242892,9482.964,1620.848,736.385,172.090,112.059,11.006,2152,2505,1.030,1.500,1.440,2,0,6.003,0,0,35,306,0,19,0
10-08 10:59:02,20.959,6.737,68.118,2.745,0,6128968,688748,26104,1243504,9182.204,1616.866,690.661,251.513,38.925,28.944,3970,4190,1.030,1.500,1.440,2,0,41.919,0,0,35,304,0,19,0
10-08 10:59:03,25.703,2.995,70.121,0,0,6178108,639608,26112,1243496,10223.262,1617.036,0,39.927,0,4.991,2564,2189,1.030,1.500,1.440,2,0,0,0,0,35,304,0,19,0
10-08 10:59:04,19.747,2.500,69.241,7.249,0,6185724,631544,26280,1243776,21208.091,1619.778,463.936,115.984,24.997,8.999,3003,3135,1.190,1.520,1.450,2,1,1.000,0,0,35,305,0,19,0
10-08 10:59:05,14.540,11.783,69.191,2.507,0,6105868,711020,26464,1243972,10056.769,1624.486,248.687,136.377,15.042,19.053,4781,4304,1.190,1.520,1.450,4,0,182.504,0,0,35,305,0,19,0
10-08 10:59:06,8.766,16.781,68.376,4.258,0,6113028,703628,26612,1244056,10727.764,1460.691,192.354,80.148,12.022,9.017,5191,4472,1.190,1.520,1.450,1,0,251.463,0,0,35,305,0,19,0
10-08 10:59:07,15.883,23.576,58.321,0.993,0,6108060,708372,26796,1244096,108716.787,3818642.758,67.503,1119.758,16.876,78.423,8609,6863,1.190,1.520,1.450,6,1,380.202,0,0,35,306,0,19,0
10-08 10:59:08,11.298,10.545,56.994,19.835,0,6117340,696636,27640,1246228,10499.899,2315.903,2510.736,180.773,265.134,16.069,5038,6091,1.190,1.520,1.450,3,0,138.593,0,0,35,306,0,19,0
10-08 10:59:09,14.812,5.523,65.274,12.553,0,6109240,703204,27912,1247320,13377.226,5670.835,1253.268,542.279,229.967,51.215,3832,4445,1.170,1.510,1.450,3,0,29.122,0,0,35,306,0,19,0
10-08 10:59:10,32.778,18.127,43.952,2.235,0,6146788,664936,28392,1247580,19702.459,13837.213,516.499,437.038,25.825,34.764,6945,7035,1.170,1.510,1.450,7,0,249.310,0,0,35,306,0,20,0
10-08 10:59:11,31.562,11.022,32.814,23.045,0,6177172,629972,28552,1252104,24026.120,16931.206,4500.827,228.448,303.595,20.039,5736,5634,1.170,1.510,1.450,3,0,148.291,0,0,35,306,0,19,0
10-08 10:59:12,24.452,3.992,46.408,22.705,0,6205880,598952,28992,1253976,19018.300,1616.795,2235.568,3405.250,169.664,510.987,3621,3019,1.170,1.510,1.450,1,2,0,0,0,35,306,0,19,0
10-08 10:59:13,24.797,4.759,41.579,27.302,0,6240280,559192,29080,1259248,21566.107,1623.094,5217.946,500.955,106.202,31.059,3224,2748,1.170,1.510,1.450,3,0,3.006,0,0,35,306,0,20,0
10-08 10:59:14,24.511,3.502,44.770,25.511,0,6257244,539284,29328,1261944,10010.426,1458.645,2577.139,68.030,245.108,7.003,3553,3956,1.240,1.520,1.450,3,3,1.000,0,0,35,306,0,20,0
10-08 10:59:15,21.795,3.006,45.593,27.807,0,6274160,520916,29440,1263284,31230.961,1623.325,1174.405,264.542,142.291,25.051,3079,2805,1.240,1.520,1.450,3,0,0,0,0,35,306,0,20,0
10-08 10:59:16,44.652,2.495,46.398,4.989,0,6298760,493196,29704,1266156,8806.666,1616.451,1812.022,1033.731,147.676,67.851,3731,2672,1.240,1.520,1.450,5,0,1.996,0,0,35,306,0,20,0
10-08 10:59:17,18.833,16.573,62.524,1.004,0,6346368,445320,29720,1266412,9320.905,1627.141,208.917,707.103,6.026,50.220,5285,4763,1.240,1.520,1.450,4,0,203.895,0,0,35,307,0,21,0
10-08 10:59:18,45.555,9.211,40.078,3.734,0,6399624,391656,29756,1266784,8691.788,1613.094,1342.253,310.670,29.872,15.932,4846,4441,1.240,1.520,1.450,2,0,11.949,0,0,35,305,0,22,0
10-08 10:59:19,22.711,3.494,68.633,3.494,0,6409396,381332,29840,1267256,10525.043,1617.241,463.210,243.584,41.928,26.954,3522,3877,1.220,1.510,1.450,2,0,0,0,0,35,308,0,20,0
10-08 10:59:20,18.038,3.006,69.147,8.268,0,6406044,381332,30216,1270232,14944.688,1623.442,3355.114,104.221,197.419,12.025,2943,3156,1.220,1.510,1.450,6,0,0,0,0,35,308,0,20,0
10-08 10:59:21,23.090,2.510,67.263,5.773,0,6413952,372768,30364,1270740,19664.863,5382.036,345.350,401.570,35.137,39.153,2762,2748,1.220,1.510,1.450,3,0,4.016,0,0,35,310,0,21,0
10-08 10:59:22,27.318,11.672,52.898,5.960,0,6364060,422080,30372,1271312,109770.454,3832388.637,552.324,532.456,39.736,69.537,6694,5163,1.220,1.510,1.450,5,0,150.995,0,0,35,310,0,21,0
10-08 10:59:23,31.440,12.073,54.329,0.755,0,6401852,383704,30532,1271720,27605.167,96712.656,225.365,1903.527,13.079,107.652,5315,5715,1.220,1.510,1.450,1,0,156.950,0,0,35,310,0,20,0
10-08 10:59:24,23.954,8.733,64.126,1.248,0,6420104,365128,30628,1271948,15419.142,7677.134,207.598,630.779,5.988,45.911,4337,4535,1.280,1.520,1.450,3,0,106.793,0,0,35,309,0,20,0
10-08 10:59:25,25.188,4.738,69.330,0.249,0,6449172,336032,30644,1271960,9534.561,1616.027,0,123.696,0,7.980,2746,2457,1.280,1.520,1.450,5,0,0,0,0,35,309,0,20,0
10-08 10:59:26,24.768,2.502,68.799,1.501,0,6452236,332864,30692,1272016,9832.059,1621.164,48.034,192.138,3.002,20.014,3048,2980,1.280,1.520,1.450,5,0,0,0,0,35,309,0,20,0
10-08 10:59:27,22.530,6.258,69.593,0,0,6428172,356848,30700,1272088,10571.176,1622.175,64.086,76.102,2.003,4.005,3207,3015,1.280,1.520,1.450,3,0,42.056,0,0,35,309,0,20,0
10-08 10:59:28,25.712,3.245,69.896,0,0,6448676,336324,30716,1272092,27178.443,1617.586,0,147.779,0,9.985,2793,2455,1.280,1.520,1.450,2,0,0,0,0,35,309,0,20,0
10-08 10:59:29,27.110,2.761,68.026,0.753,0,6457980,326816,30892,1272120,25328.947,1626.611,132.539,421.714,6.024,29.118,3382,3232,1.420,1.540,1.460,3,0,1.004,0,0,35,314,0,20,0
10-08 10:59:30,21.917,6.973,68.241,1.743,0,6444424,340116,30980,1272288,14310.602,1613.865,159.394,282.925,9.962,32.875,3873,3727,1.420,1.540,1.460,2,0,62.761,0,0,35,313,0,20,0
10-08 10:59:31,24.688,3.491,70.574,0.249,0,6486636,297868,30996,1272308,9636.922,1615.962,0,343.143,0,8.978,2604,2454,1.420,1.540,1.460,2,0,0,0,0,35,313,0,20,0
10-08 10:59:32,25.575,3.260,69.453,0.251,0,6500136,284084,31060,1272528,19237.218,1624.748,84.246,300.879,6.018,25.073,3335,3292,1.420,1.540,1.460,2,0,0,0,0,35,313,0,20,0
10-08 10:59:33,22.497,5.999,69.240,0.750,0,6452564,331480,31148,1272616,15658.786,1551.781,47.993,4787.323,4.999,557.921,3658,3326,1.420,1.540,1.460,3,0,41.994,0,0,35,313,0,20,0
10-08 10:59:34,28.575,7.206,61.374,0,0,6468216,315808,31164,1272620,104290.184,3844688.866,0,91.440,0,7.951,5555,3706,1.390,1.540,1.460,6,0,51.683,0,0,35,313,0,21,1
10-08 10:59:35,24.499,15.407,57.081,1.768,0,6396368,387412,31356,1272676,43064.273,113235.416,165.686,202.056,8.082,18.185,6156,6046,1.390,1.540,1.460,3,0,287.930,0,0,35,314,0,14,0
10-08 10:59:36,12.195,19.911,63.465,2.489,0,6366864,416844,31376,1272724,27715.531,16888.156,23.893,63.714,5.973,5.973,6027,5794,1.390,1.540,1.460,1,0,349.431,0,0,35,313,0,14,0
10-08 10:59:37,5.752,1.751,90.782,0,0,6375316,408372,31392,1272728,9563.321,1620.563,0,156.054,0,9.003,1835,2309,1.390,1.540,1.460,2,0,9.003,0,0,35,313,0,14,0
10-08 10:59:38,23.723,3.995,70.170,0,0,6408768,374880,31432,1272728,13143.016,1618.155,0,351.599,0,21.975,2676,2536,1.390,1.540,1.460,2,0,0,0,0,35,313,0,14,0
10-08 10:59:39,25.741,2.999,68.227,1.749,0,6426908,356508,31504,1272888,22021.420,1619.443,187.935,427.853,13.995,36.987,3390,3569,1.350,1.530,1.460,2,0,2.999,0,0,35,317,0,14,0
10-08 10:59:40,20.299,12.280,57.639,8.019,0,6459848,320644,31880,1275432,9808.644,1623.914,1964.736,585.411,56.135,48.116,4817,4889,1.350,1.530,1.460,4,0,132.319,0,0,35,319,0,15,0
10-08 10:59:41,20.317,18.060,56.938,3.512,0,6433464,345660,31992,1276704,10067.175,1462.821,766.526,437.442,47.155,45.149,6324,15088,1.350,1.530,1.460,2,0,186.615,0,0,35,319,0,16,0
10-08 10:59:42,13.742,16.740,67.210,0.500,0,6421372,349952,32032,1284448,8608.825,1619.027,6560.057,243.853,56.966,17.989,5748,5124,1.350,1.530,1.460,1,0,160.903,0,0,35,319,0,16,0
10-08 10:59:43,14.740,15.489,67.203,0.749,0,6410220,350308,32048,1295228,12103.455,1618.857,9940.982,555.608,88.937,48.965,5642,4756,1.350,1.530,1.460,4,0,152.892,0,0,35,319,0,16,0
10-08 10:59:44,13.256,15.256,66.528,3.501,0,6409040,340716,32204,1305844,9388.976,1620.686,9924.202,124.053,86.036,9.004,5104,4373,1.250,1.500,1.450,2,1,149.063,0,0,35,319,0,14,0
10-08 10:59:45,25.639,3.485,65.217,3.485,0,6437480,301304,32432,1316588,19022.588,1613.012,10339.207,681.049,103.551,45.802,3337,3093,1.250,1.500,1.450,3,0,0.996,0,0,35,321,0,14,0
10-08 10:59:46,21.614,5.026,65.344,6.534,0,6441656,284044,32732,1329372,18784.893,6012.654,12803.403,0,309.630,0,3489,3418,1.250,1.500,1.450,1,1,20.106,0,0,35,322,0,14,0
10-08 10:59:47,22.734,9.244,58.959,7.495,0.250,6454264,258800,33308,1341432,115549.915,4005463.901,11947.719,0,299.792,0,6608,5190,1.250,1.500,1.450,4,0,84.941,0,0,35,322,0,14,0
10-08 10:59:48,23.369,11.933,53.201,9.944,0,6469744,227596,33764,1356700,27179.156,110030.237,14983.738,19.888,393.786,0.994,5577,5582,1.250,1.500,1.450,1,1,155.128,0,0,35,322,0,14,0
10-08 10:59:49,17.530,5.760,62.607,12.020,0,6478516,203892,34240,1371156,14505.733,7542.861,14356.479,244.417,301.514,24.041,4059,4215,1.310,1.510,1.450,1,1,51.087,0,0,35,321,0,14,0
10-08 10:59:50,23.284,3.004,65.595,6.009,0,6495312,175492,34376,1382624,22612.722,1622.348,11015.941,324.470,177.256,42.061,3636,3865,1.310,1.510,1.450,3,0,2.003,0,0,35,325,0,14,0
10-08 10:59:51,30.991,3.999,63.481,1.000,0,6386816,286644,31776,1382596,9320.181,1619.510,10040.963,667.798,81.975,46.986,3559,3274,1.310,1.510,1.450,4,0,4.998,0,0,35,321,0,15,0
10-08 10:59:52,30.912,3.989,62.820,0.997,0,6422352,244624,31868,1388988,12446.417,1615.382,5954.976,63.818,63.818,6.980,3379,2973,1.310,1.510,1.450,2,0,0,0,0,35,319,0,14,2
10-08 10:59:53,26.584,4.765,66.961,0,0,6469680,194348,31892,1391912,9532.002,1625.115,2531.969,88.278,28.088,10.032,3090,2897,1.310,1.510,1.450,2,0,1.003,0,0,35,319,0,14,2
10-08 10:59:54,27.684,4.240,65.344,0.748,0,6489416,171028,31924,1395464,20136.032,1616.150,2889.118,79.810,31.924,11.971,4136,4221,1.520,1.550,1.470,3,0,3.990,0,0,35,325,0,15,2
10-08 10:59:55,26.526,5.005,67.065,0.500,0,6384788,274300,31944,1396800,20128.430,1621.565,788.761,192.186,10.010,11.011,3282,2985,1.520,1.550,1.470,3,0,15.014,0,0,35,319,0,15,2
10-08 10:59:56,25.820,3.008,68.686,0.752,0,6425676,228208,31976,1401972,11861.058,1624.390,4580.380,140.379,39.106,14.038,3057,3226,1.520,1.550,1.470,4,0,0,0,0,35,319,0,11,2
10-08 10:59:57,27.936,2.494,67.345,0,0,6443288,210084,31976,1402484,22011.379,1616.283,0,3.991,0,0.998,2966,2571,1.520,1.550,1.470,2,0,0,0,0,35,319,0,11,2
10-08 10:59:58,18.309,12.039,68.219,0.502,0,6390828,261640,32008,1403356,8331.704,1625.209,461.479,951.048,10.032,53.170,4524,4133,1.520,1.550,1.470,2,0,147.473,0,0,35,319,0,11,2
10-08 10:59:59,15.513,19.266,53.045,10.509,0,6400056,248016,32176,1407616,15001.767,5745.890,4003.407,4.003,97.083,1.001,6158,5465,1.640,1.570,1.470,2,1,320.273,0,0,35,320,0,11,2
10-08 11:00:00,20.413,10.207,43.067,24.645,0,6411688,225636,33192,1417348,9289.594,1613.157,9937.844,135.426,330.598,8.962,4776,4584,1.640,1.570,1.470,4,1,134.430,0,0,35,320,0,11,2
10-08 11:00:01,22.254,9.252,49.009,16.503,0,6395652,230552,33364,1428296,112651.373,4065712.296,10757.946,212.038,362.065,15.003,6702,5245,1.640,1.570,1.470,3,0,107.019,0,0,35,319,0,11,3
10-08 11:00:02,27.286,10.263,54.572,6.759,0,6409608,209252,35480,1433512,43032.473,111863.804,6644.720,20.026,132.173,2.003,5317,5346,1.640,1.570,1.470,4,0,119.156,0,0,35,320,0,11,2
10-08 11:00:03,19.427,6.974,67.994,2.989,0,6423248,189100,35596,1439908,25522.818,14328.005,5790.180,294.889,73.722,11.955,4125,4288,1.640,1.570,1.470,2,0,114.568,0,0,35,320,0,11,2
10-08 11:00:04,18.955,2.744,65.844,10.974,0,6422132,178916,36912,1449892,11138.689,1616.182,9641.226,187.557,151.642,11.972,2945,3046,1.590,1.560,1.470,2,0,0.998,0,0,35,320,0,10,2
10-08 11:00:05,23.629,4.022,66.866,3.519,0,6391776,216272,33944,1445844,9535.133,1803.863,2010.995,5851.996,39.214,634.469,3377,3074,1.590,1.560,1.470,4,0,3.016,0,0,35,319,0,10,2
10-08 11:00:06,14.996,3.499,68.483,11.247,0,6405300,193208,34108,1455220,10511.456,1619.608,8657.905,347.916,282.932,7.998,3028,3408,1.590,1.560,1.470,1,1,4.999,0,0,35,319,0,10,2
10-08 11:00:07,20.390,5.719,61.917,7.709,0,6437736,178204,32716,1439436,19341.969,1611.333,10861.581,23.872,313.315,3.979,10637,18806,1.590,1.560,1.470,2,0,4.973,0,0,35,319,0,10,2
10-08 11:00:08,12.273,4.759,64.371,17.783,0,6435604,170508,36368,1445600,23925.974,1460.746,9161.221,2031.819,548.030,80.151,3289,3532,1.590,1.560,1.470,2,0,3.006,0,0,35,319,0,10,2
10-08 11:00:09,13.529,4.009,74.911,5.512,0,6394328,214596,37876,1441616,22536.343,4586.839,10201.884,757.625,457.982,23.049,3366,3851,1.540,1.560,1.470,3,1,0,0,0,35,320,0,10,2
10-08 11:00:10,26.064,6.516,60.147,5.263,0,6441224,170696,37388,1439204,23872.465,3250.962,7730.933,789.935,122.300,34.083,8347,13683,1.540,1.560,1.470,3,0,6.015,0,0,35,320,0,11,2
10-08 11:00:11,23.961,8.237,65.144,0,0,6416296,212832,35480,1424256,10889.334,1617.376,6976.682,163.734,57.906,12.979,6029,8874,1.540,1.560,1.470,5,0,14.976,0,0,35,320,0,11,2
10-08 11:00:12,26.750,3.250,67.749,1.500,0,6411496,210696,35736,1430932,8394.916,1619.984,3915.961,631.994,35.000,19.000,3147,2991,1.540,1.560,1.470,3,0,1.000,0,0,35,320,0,10,2
10-08 11:00:13,19.078,16.567,61.249,2.008,0,6378324,241492,36040,1432992,64428.163,2088722.182,7301.711,2759.228,88.360,114.466,6712,5987,1.540,1.560,1.470,2,1,317.291,0,0,35,320,0,10,2
10-08 11:00:14,31.588,10.944,55.216,0.249,0,6420272,191680,36040,1440852,95537.933,2095983.609,7167.161,15.918,68.647,2.985,6050,5068,1.500,1.550,1.470,2,0,110.432,0,0,35,320,0,10,2
10-08 11:00:15,34.032,10.760,53.800,0,0.250,6439584,195604,32832,1420996,27242.345,17842.600,6742.273,4.004,58.054,1.001,5275,5520,1.500,1.550,1.470,6,0,152.142,0,0,35,320,0,10,2
10-08 11:00:16,24.473,6.493,66.676,0.499,0,6373936,252672,32832,1429740,20813.922,3374.259,8162.949,0,70.921,0,4027,3714,1.500,1.550,1.470,1,0,64.928,0,0,35,319,0,13,2
10-08 11:00:17,24.635,11.815,61.336,0.754,0,6412684,203364,32832,1440300,13863.916,1628.920,9729.275,0,82.451,0,4510,4290,1.500,1.550,1.470,5,0,98.540,0,0,35,319,0,13,2
10-08 11:00:18,42.230,9.191,47.198,0,0,6451580,205540,32776,1399292,10943.907,1609.690,8640.658,349.760,72.535,19.873,4829,4318,1.500,1.550,1.470,3,0,11.924,0,0,35,319,0,13,2
10-08 11:00:19,25.275,7.257,65.564,0,0,6376956,271860,32792,1407708,13545.205,1621.581,8127.924,96.094,66.064,7.007,4113,3668,1.540,1.550,1.470,4,0,70.068,0,0,35,319,0,13,2
10-08 11:00:20,26.997,4.000,66.242,0.250,0,6433632,205196,32828,1417660,10012.762,1619.800,9390.838,2631.674,76.990,444.945,3469,3217,1.540,1.550,1.470,5,0,0,0,0,35,319,0,11,2
10-08 11:00:21,26.926,3.989,66.566,1.496,0,6447628,183428,32844,1425416,9410.031,1615.541,6912.922,71.802,58.838,8.975,3374,3273,1.540,1.550,1.470,2,0,0,0,0,35,319,0,13,2
10-08 11:00:22,24.838,6.774,66.487,0,0,6409388,211420,32844,1435664,10092.951,1625.791,9762.775,0,76.272,0,3722,3335,1.540,1.550,1.470,3,0,56.200,0,0,35,319,0,13,2
10-08 11:00:23,27.223,3.996,67.433,0,0,6442604,208424,32764,1405592,13285.860,1618.399,6785.289,0,56.944,0,3255,2875,1.540,1.550,1.470,3,0,0,0,0,35,319,0,13,2
10-08 11:00:24,24.716,5.243,65.161,2.996,0,6383996,259260,32844,1413284,9723.698,1617.787,7445.814,587.197,63.913,42.941,3963,3976,1.500,1.540,1.470,3,0,32.955,0,0,35,319,0,15,2
10-08 11:00:25,26.777,4.504,66.566,0,0,6429532,202928,32844,1424080,21223.134,1459.453,9737.697,0,76.076,0,3256,2909,1.500,1.540,1.470,2,0,0,0,0,35,319,0,14,2
10-08 11:00:26,32.135,8.787,56.237,0.753,0,6442004,182796,32932,1431660,115519.012,4113289.435,7226.403,285.200,105.444,36.152,7169,5847,1.500,1.540,1.470,2,0,100.422,0,0,35,320,0,15,2
10-08 11:00:27,31.703,12.232,54.669,0,0,6398328,216228,32948,1441880,31988.696,114046.350,9713.636,135.799,78.883,8.987,5398,5385,1.500,1.540,1.470,3,0,155.770,0,0,35,320,0,15,2
10-08 11:00:28,31.430,8.731,58.120,0,0,6434304,173468,32956,1448656,17096.900,11006.473,6102.401,35.920,50.887,3.991,4691,4672,1.500,1.540,1.470,4,0,100.775,0,0,35,319,0,15,2
10-08 11:00:29,26.115,6.780,66.041,0.251,0,6371492,251764,32928,1433436,21949.693,1627.168,9911.663,670.956,78.345,41.181,4062,3710,1.540,1.550,1.470,1,0,32.142,0,0,35,319,0,17,2
10-08 11:00:30,27.165,3.738,66.043,0.249,0,6416080,197092,32960,1443488,15126.514,1614.930,9845.094,163.487,78.753,13.956,3369,3140,1.540,1.550,1.470,2,0,0,0,0,35,319,0,17,2
10-08 11:00:31,26.929,3.990,66.076,0.249,0,6434592,206708,32912,1415408,15108.296,1615.754,9750.377,147.612,78.793,20.945,3769,3698,1.540,1.550,1.470,6,0,0,0,0,35,319,0,18,2
10-08 11:00:32,15.563,11.547,66.016,5.271,0,6380732,249672,33336,1425880,19454.423,1626.557,10751.340,132.534,186.753,12.049,5018,4450,1.540,1.550,1.470,3,1,179.724,0,0,35,319,0,18,2
10-08 11:00:33,6.500,2.250,70.500,19.250,0,6376728,250776,33872,1428244,10008.046,2269.010,3032.014,232.001,216.001,9.000,2355,2927,1.540,1.550,1.470,3,1,1.000,0,0,35,320,0,18,2
10-08 11:00:34,6.971,2.738,82.902,4.979,0,6370360,247056,34064,1438140,16632.152,3378.810,10057.762,485.959,170.285,37.841,2686,3337,1.650,1.580,1.480,2,0,0.996,0,0,35,320,0,18,2
10-08 11:00:35,6.542,4.278,86.557,1.258,0,6368588,247100,34112,1439820,28378.567,2555.440,1811.655,326.098,79.512,24.155,2958,3219,1.650,1.580,1.480,2,0,47.304,0,0,35,319,0,18,3
10-08 11:00:36,7.223,5.978,84.188,0,0,6381024,234444,34128,1440020,15960.860,3430.290,7.970,51.808,1.993,5.978,3019,3305,1.650,1.580,1.480,1,0,77.712,0,0,35,320,0,18,2
10-08 11:00:37,7.786,10.799,79.363,0,0,6384220,231284,34128,1439984,42651.829,2705.358,96.441,12.055,9.041,3.014,4336,4123,1.650,1.580,1.480,2,0,166.762,0,0,35,319,0,17,2
10-08 11:00:38,15.455,8.226,62.317,12.962,0.249,6393480,213360,34292,1448492,37640.612,932075.528,8435.262,47.860,207.392,2.991,4417,4075,1.650,1.580,1.480,3,1,92.728,0,0,35,320,0,17,2
10-08 11:00:39,21.243,10.247,53.233,12.246,0,6403528,190124,34496,1461476,96829.000,3196982.486,13343.728,1467.530,247.921,121.961,6505,5543,1.680,1.580,1.480,4,0,106.966,0,0,35,320,0,17,2
10-08 11:00:40,32.083,13.284,49.378,4.010,0,6400188,204756,34528,1450844,30143.139,112310.137,16847.674,1046.713,630.635,24.062,6286,6686,1.680,1.580,1.480,3,0,146.379,0,0,35,320,0,18,2
10-08 11:00:41,23.337,4.469,65.295,3.972,0,6407768,184380,34880,1463288,15468.257,6077.666,9958.634,4425.177,94.343,577.974,4012,4135,1.680,1.580,1.480,3,0,27.806,0,0,35,320,0,17,2
10-08 11:00:42,21.327,5.269,69.752,2.509,0.251,6410932,200672,34984,1444304,16217.569,4788.293,10943.522,268.971,113.410,9.033,3804,9987,1.680,1.580,1.480,3,0,36.130,0,0,35,320,0,18,2
10-08 11:00:43,20.938,5.234,67.798,4.487,0,6389772,210252,35232,1455636,10103.901,1788.672,11437.927,1998.048,108.676,84.748,3632,3768,1.680,1.580,1.480,1,1,26.920,0,0,35,319,0,18,2
10-08 11:00:44,10.567,11.574,67.430,9.309,0,6372328,214740,35348,1468476,10217.177,1630.401,11650.320,1859.864,123.790,54.347,5096,5138,1.630,1.570,1.480,2,1,181.156,0,0,35,319,0,18,2
10-08 11:00:45,22.467,9.986,65.904,0.999,0,6397688,193516,35320,1465508,9870.686,1617.654,9849.717,3263.268,78.886,17.974,3960,3617,1.630,1.570,1.480,3,0,98.857,0,0,35,319,0,17,2
10-08 11:00:46,27.532,4.505,67.328,0,0,6435976,183220,35252,1437776,9900.541,1621.891,9739.353,0,76.089,0,3155,2931,1.630,1.570,1.480,2,0,0,0,0,35,319,0,17,2
10-08 11:00:47,28.581,2.485,66.855,0.497,0,6437772,174484,35252,1444876,13110.533,1610.484,7277.002,0,64.618,0,3433,3174,1.630,1.570,1.480,2,0,0,0,0,35,319,0,18,2
10-08 11:00:48,25.472,6.992,66.677,0,0,6405896,196676,35252,1454560,10465.585,1618.235,9717.401,0,75.917,0,3511,3177,1.630,1.570,1.480,2,0,46.949,0,0,35,319,0,18,2
10-08 11:00:49,27.557,3.758,66.888,0,0,6435452,199460,35148,1422516,21690.899,1623.360,9748.178,292.606,76.158,9.019,3291,3041,1.580,1.560,1.470,2,0,0,0,0,35,319,0,18,2
10-08 11:00:50,23.237,4.747,65.213,5.497,0,6365592,258664,35188,1433228,11260.610,1619.081,10617.974,351.800,124.929,15.991,3633,3573,1.580,1.560,1.470,2,0,13.992,0,0,35,319,0,19,2
10-08 11:00:51,31.418,8.478,56.602,2.493,0,6415740,200096,35196,1441640,114355.508,4130378.836,8529.736,39.896,108.716,4.987,5998,4293,1.580,1.560,1.470,3,0,52.862,0,0,35,320,0,20,2
10-08 11:00:52,32.976,12.838,52.862,0,0,6440552,189952,35132,1427044,30445.517,112811.630,9795.085,8.055,76.524,1.007,5617,5470,1.580,1.560,1.470,4,0,156.069,0,0,35,320,0,20,2
10-08 11:00:53,29.108,9.952,52.495,5.971,0,6439240,177320,35540,1440572,19488.174,13652.569,13362.978,1540.504,267.697,184.104,7593,10325,1.580,1.560,1.470,2,0,101.506,0,0,35,319,0,19,1
10-08 11:00:54,26.179,5.034,67.209,0.503,0,6410144,196880,35592,1450060,9610.626,1631.138,9601.564,249.705,77.529,24.165,3421,3488,1.610,1.570,1.480,5,0,6.041,0,0,35,319,0,19,1
10-08 11:00:55,27.061,4.220,66.286,0,0,6440244,182060,35436,1434936,20454.947,1608.749,9787.550,103.278,76.465,5.958,3248,2863,1.610,1.570,1.480,4,0,0,0,0,35,319,0,19,1
10-08 11:00:56,26.081,5.015,64.700,2.508,0,6436448,175432,35660,1445136,11407.212,1625.016,10528.500,722.229,113.350,100.310,5574,6952,1.610,1.570,1.480,4,0,0,0,0,35,320,0,19,1
10-08 11:00:57,19.306,14.542,62.683,1.504,0,6367984,258396,35704,1430592,11156.566,1624.743,10025.264,3807.113,92.269,529.546,6163,6606,1.610,1.570,1.480,4,0,250.732,0,0,35,319,0,18,1
10-08 11:00:58,10.507,22.015,62.541,3.502,0,6367048,249060,36004,1440564,10209.726,1621.068,9870.503,4034.658,79.052,251.165,7065,7168,1.610,1.570,1.480,2,0,420.277,0,0,35,319,0,18,1
10-08 11:00:59,12.254,22.257,63.769,0,0,6365144,241460,36028,1450044,11242.288,1620.474,9730.846,232.068,76.022,22.006,7116,6560,1.480,1.550,1.470,1,0,468.137,0,0,35,319,0,18,1
10-08 11:01:00,11.185,22.867,64.128,0,0,6366688,230040,36120,1459828,21499.276,1449.590,9671.890,1149.332,75.562,72.579,7018,6440,1.480,1.550,1.470,2,0,449.393,0,0,35,319,0,18,1
10-08 11:01:01,12.070,22.632,64.124,0,0,6365004,221660,36120,1469892,8944.127,1629.497,9913.778,185.079,77.451,11.064,6730,6017,1.480,1.550,1.470,3,0,453.644,0,0,35,319,0,18,1
10-08 11:01:02,10.985,22.221,64.665,0,0,6366012,210956,36120,1479588,10121.631,1617.863,9715.168,35.953,75.900,8.988,6792,6149,1.480,1.550,1.470,1,0,465.385,0,0,35,319,0,18,1
10-08 11:01:03,12.516,22.779,60.827,1.752,0,6374348,193040,36164,1489132,15085.120,5910.491,9780.396,388.492,81.103,29.037,6885,6361,1.480,1.550,1.470,1,1,459.583,0,0,35,320,0,18,1
10-08 11:01:04,19.996,23.745,44.240,10.998,0,6393548,178948,36236,1483956,9858.864,1619.649,13645.044,223.951,328.929,16.996,7135,6754,1.520,1.550,1.470,2,0,448.903,0,0,35,320,0,18,1
10-08 11:01:05,16.241,25.986,50.973,4.248,0,6360008,211036,36132,1485488,116745.524,4203521.511,10678.286,195.895,146.921,12.993,9335,7608,1.520,1.550,1.470,3,1,533.714,0,0,35,319,0,19,1
10-08 11:01:06,19.981,11.489,55.198,11.989,0,6377672,181644,36352,1496992,29773.950,111569.889,11864.822,123.883,204.807,3.996,5033,5068,1.520,1.550,1.470,4,0,140.867,0,0,35,320,0,18,1
10-08 11:01:07,20.254,11.502,60.261,5.251,0,6396188,200260,36712,1468148,26332.599,11008.923,10701.869,2776.485,184.032,47.008,5121,5384,1.520,1.550,1.470,4,1,131.023,0,0,35,319,0,18,1
10-08 11:01:08,24.921,4.735,67.037,1.246,0,6426952,174428,36700,1463232,9385.110,1453.371,11443.555,75.759,201.359,10.965,3371,3296,1.520,1.550,1.470,2,0,2.990,0,0,35,319,0,18,1
10-08 11:01:09,25.020,4.003,65.053,4.754,0,6414784,199860,36556,1450108,10729.710,2116.718,9932.062,1645.336,93.076,46.037,3697,3923,1.560,1.560,1.470,3,0,16.013,0,0,35,320,0,18,1
10-08 11:01:10,14.489,4.497,69.948,8.744,0,6434984,193664,36592,1436096,20452.897,6414.264,10212.459,12362.871,121.910,234.827,3177,3333,1.560,1.560,1.470,4,0,0,0,0,35,320,0,19,1
10-08 11:01:11,15.451,2.990,73.267,6.230,0,6449324,192168,36600,1423244,17535.204,6375.713,10721.884,598.097,156.502,28.908,2935,3267,1.560,1.560,1.470,2,0,0.997,0,0,35,320,0,19,1
10-08 11:01:12,12.058,2.512,75.612,8.290,0,6427508,207652,36864,1429312,30970.165,8184.154,6117.266,3026.479,134.644,411.971,2809,2961,1.560,1.560,1.470,2,0,0,0,0,35,320,0,19,1
10-08 11:01:13,14.795,2.257,74.978,6.771,0,6429212,205208,37216,1429700,27372.317,7960.230,457.392,1352.116,85.260,62.189,2863,3109,1.560,1.560,1.470,1,0,2.006,0,0,35,320,0,19,1
10-08 11:01:14,17.425,2.240,72.439,4.979,0,6448780,176256,37424,1438876,25711.538,5635.787,9319.959,593.450,136.414,16.927,3047,3029,1.440,1.530,1.470,4,1,0.996,0,0,35,320,0,18,1
10-08 11:01:15,15.268,2.253,77.341,3.504,0,6441492,172412,37928,1449504,19914.546,9620.375,10892.879,8189.683,203.240,58.069,2916,3081,1.440,1.530,1.470,2,0,0,0,0,35,320,0,18,1
10-08 11:01:16,16.258,2.751,72.785,5.253,0,6459524,190536,38104,1413172,27747.448,6514.157,11045.353,708.343,161.078,21.010,3027,3071,1.440,1.530,1.470,3,0,0,0,0,35,320,0,18,1
10-08 11:01:17,22.979,6.244,64.441,4.995,0,6473724,169636,38428,1419556,76618.861,2401178.896,6625.934,611.440,165.848,20.981,4837,3878,1.440,1.530,1.470,5,0,52.952,0,0,35,321,0,18,1
10-08 11:01:18,34.352,12.537,46.387,5.516,0,6455872,186728,38732,1420004,81640.490,1948159.604,12705.583,738.184,200.593,21.062,6321,5310,1.440,1.530,1.470,3,1,116.344,0,0,35,321,0,14,1
10-08 11:01:19,22.720,12.234,51.932,10.736,0,6456664,175180,39364,1430120,30084.486,17802.617,21475.793,423.444,375.507,23.969,5964,6396,1.400,1.530,1.460,5,0,156.794,0,0,35,321,0,16,1
10-08 11:01:20,29.326,4.474,62.381,2.237,0,6460284,172860,39296,1428896,20126.856,12100.370,9829.811,2163.195,78.535,107.364,4278,4631,1.400,1.530,1.460,3,0,2.982,0,0,35,320,0,16,1
10-08 11:01:21,27.640,4.272,66.588,0.251,0,6459444,175244,39292,1427348,15109.680,1628.263,7743.296,1427.243,61.311,38.194,3506,3449,1.400,1.530,1.460,4,0,0,0,0,35,320,0,17,1
10-08 11:01:22,28.501,3.250,67.253,0,0,6460184,206088,38980,1396048,8987.373,1620.067,0,0,0,0,2977,2738,1.400,1.530,1.460,4,0,0,0,0,35,320,0,15,1
10-08 11:01:23,24.947,2.495,69.602,1.497,0,6469360,178116,39200,1414604,8815.312,1616.573,35.924,2418.872,2.994,98.791,3033,3105,1.400,1.530,1.460,2,0,0,0,0,35,320,0,15,1
10-08 11:01:24,25.273,3.503,68.313,0.500,0,6468336,187672,38896,1406276,26393.435,1621.501,0,1969.824,0,78.072,3315,3383,1.450,1.530,1.470,3,0,1.001,0,0,35,320,0,15,1
10-08 11:01:25,24.963,2.996,69.397,0.749,0,6471276,180688,39244,1410004,13932.257,1455.833,0,1797.324,0,64.903,2984,2873,1.450,1.530,1.470,2,0,0,0,0,35,320,0,15,1
10-08 11:01:26,25.283,2.503,69.342,1.001,0,6472704,185980,39892,1402580,10207.498,1622.145,0,1954.585,0,75.099,3185,3398,1.450,1.530,1.470,2,0,0,0,0,35,320,0,13,1
10-08 11:01:27,23.079,3.010,70.240,2.258,0,6421532,251556,40040,1388060,11118.050,1800.161,1617.536,513.758,27.093,19.065,2787,2692,1.450,1.530,1.470,2,0,2.007,0,0,35,319,0,13,1
10-08 11:01:28,20.699,2.993,73.818,0.249,0,6448808,224228,40080,1388072,24931.373,2952.701,0,869.850,0,17.956,2786,2494,1.450,1.530,1.470,1,0,32.919,0,0,35,320,0,13,1
10-08 11:01:29,21.508,3.001,74.029,0.500,0,6429544,238608,40228,1392788,32972.956,3462.360,64.025,1572.618,2.001,33.013,3067,2976,1.410,1.520,1.460,6,0,2.001,0,0,35,319,0,13,1
10-08 11:01:30,30.805,9.016,54.848,2.254,0,6431480,234928,40304,1394444,125994.069,4235718.459,653.167,669.195,46.082,26.047,9987,12325,1.410,1.520,1.460,3,0,106.190,0,0,35,320,0,10,1
10-08 11:01:31,30.400,12.210,55.566,0.249,0,6430156,234992,40324,1395668,40730.401,112724.486,39.868,87.710,2.990,0.997,8768,12526,1.410,1.520,1.460,2,0,115.618,0,0,35,320,0,10,1
10-08 11:01:32,29.209,11.484,57.170,0,0,6451212,213852,40356,1395696,27525.323,11622.668,0,67.905,0,0.999,11748,20399,1.410,1.520,1.460,2,0,113.840,0,0,35,319,0,10,1
10-08 11:01:33,23.018,5.755,70.306,0.250,0,6408908,262472,40456,1389280,24586.465,1553.230,0,2493.974,0,29.023,2969,2473,1.410,1.520,1.460,2,0,8.006,0,0,35,319,0,10,1
10-08 11:01:34,23.732,3.997,69.946,0,0,6416124,255296,40472,1389244,19501.989,1618.754,0,111.914,0,6.995,3602,3525,1.380,1.520,1.460,3,0,50.961,0,0,35,319,0,9,1
10-08 11:01:35,26.640,5.278,66.350,0,0,6446384,225028,40472,1389252,31062.810,1628.588,0,0,0,0,9715,17695,1.380,1.520,1.460,2,0,7.037,0,0,35,319,0,9,1
10-08 11:01:36,21.677,3.737,72.258,0,0,6477132,194244,40492,1389268,23697.577,2688.988,0,291.025,0,5.980,2903,2411,1.380,1.520,1.460,2,0,32.890,0,0,35,320,0,9,1
10-08 11:01:37,20.210,2.495,75.599,0.250,0,6453116,213544,40544,1393932,16995.015,3715.570,0,1105.789,0,22.954,2541,2492,1.380,1.520,1.460,2,0,1.996,0,0,35,319,0,9,1
10-08 11:01:38,26.156,5.281,66.396,0,0,6463836,201952,40544,1394796,9225.960,1629.708,0,40.240,0,1.006,10767,19351,1.380,1.520,1.460,1,0,7.042,0,0,35,319,0,9,1
10-08 11:01:39,24.254,5.251,69.011,0.250,0,6469816,194896,40592,1395820,10391.626,1620.254,16.003,688.108,1.000,21.003,3791,4468,1.510,1.540,1.470,1,0,12.002,0,0,35,319,0,9,1
10-08 11:01:40,24.949,6.487,64.868,0.998,0,6469384,195048,40688,1396004,10064.550,1616.715,43.911,854.264,4.990,44.909,10056,17704,1.510,1.540,1.470,1,0,15.968,0,0,35,319,0,10,1
10-08 11:01:41,27.465,6.741,64.167,0.250,0,6428768,259216,40456,1372840,10400.560,1617.909,63.917,18591.975,2.996,418.459,3752,3709,1.510,1.540,1.470,4,0,3.995,0,0,35,319,0,10,1
10-08 11:01:42,33.987,9.496,55.228,0,0,6428140,259612,40472,1373064,53057.052,1654437.808,191.924,167.934,25.990,8.996,5748,15580,1.510,1.540,1.470,4,0,104.959,0,0,35,320,0,9,1
10-08 11:01:43,27.542,11.768,57.588,0.250,0.250,6401952,285348,40492,1373488,86627.686,2686969.562,440.670,2395.642,18.027,356.542,6910,5404,1.510,1.540,1.470,1,0,200.304,0,0,35,320,0,9,1
10-08 11:01:44,32.766,12.006,52.026,0,0.250,6393268,293980,40528,1373508,26726.206,17438.617,0,492.243,0,22.011,11252,18959,1.710,1.580,1.480,1,0,159.079,0,0,35,320,0,9,1
10-08 11:01:45,23.628,4.228,70.138,0,0,6437092,250148,40528,1373512,10873.827,4287.850,0,11.938,0,1.990,3090,2794,1.710,1.580,1.480,3,0,34.820,0,0,35,319,1,9,1
10-08 11:01:46,16.509,2.501,78.291,1.501,0,6434992,248056,40576,1377656,16016.373,4625.418,0,1044.546,0,18.009,2203,2314,1.710,1.580,1.480,2,0,2.001,0,0,35,319,0,9,1
10-08 11:01:47,24.013,3.502,69.538,1.001,0,6451052,230664,40576,1378988,21540.923,1620.897,96.053,28.016,5.003,1.001,2763,2557,1.710,1.580,1.480,3,0,2.001,0,0,35,319,0,9,1
10-08 11:01:48,25.326,6.520,66.198,0.251,0,6487972,192708,40576,1380024,13977.862,1624.866,0,1640.914,0,247.742,10496,19184,1.710,1.580,1.480,2,0,12.036,0,0,35,319,0,9,1
10-08 11:01:49,23.910,7.223,65.254,0.249,0,6457780,222616,40596,1380288,15637.064,1613.917,119.549,677.447,2.989,6.974,10511,19534,1.650,1.570,1.480,2,0,12.951,0,0,35,319,0,9,1
10-08 11:01:50,23.306,6.265,68.915,0.251,0,6454552,231212,40672,1374844,8905.308,1623.885,0,717.717,0,24.058,2965,2811,1.650,1.570,1.480,3,0,7.017,0,0,35,319,0,9,1
10-08 11:01:51,22.997,3.500,67.741,3.500,0,6408704,277812,40760,1374004,9996.641,1457.802,63.991,16733.724,5.999,111.985,3014,2714,1.650,1.570,1.480,1,1,5.999,0,0,35,319,0,8,1
10-08 11:01:52,18.504,3.251,70.265,6.501,0,6418768,263896,40888,1377728,8714.833,1620.341,2124.447,0,285.060,0,2768,2995,1.650,1.570,1.480,1,0,0,0,0,35,319,0,8,1
10-08 11:01:53,18.277,3.505,67.600,8.763,0,6419548,261240,41100,1379388,11925.705,1622.409,1161.725,1726.563,77.114,51.076,3732,4565,1.650,1.570,1.480,3,0,0,0,0,35,320,0,8,1
10-08 11:01:54,21.479,4.496,65.936,5.744,0,6419776,259488,41732,1380276,10123.236,1618.439,1066.971,3624.504,57.944,271.738,5654,7853,1.600,1.560,1.480,4,0,0.999,0,0,35,322,0,11,1
10-08 11:01:55,25.584,8.779,56.185,7.274,0,6426980,249832,42320,1382140,120856.367,4254049.003,1641.397,1729.687,92.303,251.828,9437,10390,1.600,1.560,1.480,2,0,75.247,0,0,35,323,0,11,1
10-08 11:01:56,19.244,22.492,51.982,4.748,0,6364544,311680,42452,1382564,31450.384,114096.486,191.935,61927.096,7.997,285.903,7191,7324,1.600,1.560,1.480,4,1,389.868,0,0,35,322,0,11,1
10-08 11:01:57,12.476,22.207,61.381,2.745,0,6366724,309324,42540,1382644,19083.013,10979.719,155.698,13501.831,6.986,55.892,6616,6155,1.600,1.560,1.480,2,0,399.226,0,0,35,321,0,11,1
10-08 11:01:58,20.684,9.470,68.283,0.249,0,6411740,264084,42748,1382660,22132.805,1614.878,0,4477.798,0,189.399,4010,3999,1.600,1.560,1.480,2,0,98.687,0,0,35,321,0,11,1
10-08 11:01:59,25.540,3.255,69.609,0,0,6447340,228340,42764,1382788,10144.835,1460.279,0,3140.903,0,491.768,3242,2978,1.630,1.570,1.480,4,0,0,0,0,35,321,0,11,1
10-08 11:02:00,23.960,5.241,68.886,0.499,0,6381404,294200,42800,1382828,9593.065,1617.313,15.973,199.668,0.998,17.970,3556,3443,1.630,1.570,1.480,3,0,38.935,0,0,35,321,0,11,1
10-08 11:02:01,25.092,4.266,69.506,0,0,6430292,245312,42808,1382820,16939.275,1625.978,0,36.133,0,5.018,2793,2493,1.630,1.570,1.480,1,0,6.022,0,0,35,321,0,11,1
10-08 11:02:02,25.905,2.740,70.492,0,0,6444608,230976,42808,1382840,15024.969,1614.088,0,466.292,0,1.993,3163,2953,1.630,1.570,1.480,3,0,0,0,0,35,321,0,11,1
10-08 11:02:03,22.119,6.787,68.871,0.251,0,6454436,221092,42856,1382848,19935.426,1699.156,0,583.142,0,29.157,3360,2922,1.630,1.570,1.480,1,0,42.228,0,0,35,321,0,11,1
10-08 11:02:04,25.599,2.734,70.087,0,0,6486896,188500,42864,1382972,18902.699,1610.517,111.344,35.789,1.988,3.977,2989,2581,1.580,1.560,1.480,4,0,0.994,0,0,35,321,0,12,1
10-08 11:02:05,25.459,4.742,63.398,3.245,0,6477176,197080,43480,1383496,12580.769,1617.399,463.255,1681.296,24.960,250.597,6364,9057,1.580,1.560,1.480,2,0,0,0,0,35,322,0,13,1
10-08 11:02:06,25.622,6.029,66.064,1.256,0,6423116,250780,43652,1383684,21187.777,1627.742,108.516,799.804,5.024,84.401,4023,4468,1.580,1.560,1.480,2,0,35.167,0,0,35,321,0,13,1
10-08 11:02:07,28.562,5.011,60.381,4.760,0,6456004,217776,43696,1383756,17611.274,5994.027,140.305,176.383,21.046,9.020,3380,2903,1.580,1.560,1.480,2,0,19.041,0,0,35,322,0,13,1
10-08 11:02:08,32.330,5.969,46.007,13.180,0,6405716,264396,44048,1387084,8997.553,1450.352,3481.640,3700.486,218.846,217.851,4392,4296,1.580,1.560,1.480,2,1,38.795,0,0,35,322,0,13,1
10-08 11:02:09,31.182,9.304,55.574,2.263,0,6435944,233700,44084,1387504,116003.974,4304428.703,293.714,152.892,27.158,14.082,6321,4468,1.530,1.550,1.470,2,0,90.528,0,0,35,322,0,13,1
10-08 11:02:10,32.094,10.200,56.226,0.249,0,6445416,223980,44136,1387700,41393.582,112025.890,43.787,334.373,3.981,30.850,5164,5085,1.530,1.550,1.470,5,0,107.477,0,0,35,322,0,14,1
10-08 11:02:11,31.298,12.018,53.582,1.002,0,6431288,236980,44192,1388772,18000.707,11638.915,28.043,308.475,3.005,26.040,4980,5257,1.530,1.550,1.470,3,0,147.227,0,0,35,321,0,13,1
10-08 11:02:12,27.562,3.508,67.401,0,0,6483532,184220,44192,1389288,8923.043,1623.647,0,3143.060,0,141.317,3066,2878,1.530,1.550,1.470,2,0,0,0,0,35,322,0,13,1
10-08 11:02:13,25.504,4.251,64.259,4.251,0,6473136,187752,44400,1395972,9818.451,1620.239,6648.982,952.141,71.010,101.015,4520,5674,1.530,1.550,1.470,1,0,2.000,0,0,35,322,0,13,1
10-08 11:02:14,25.662,6.727,63.034,1.744,0,6402168,247856,44912,1406324,10757.166,1614.472,9981.821,7000.031,86.703,750.430,6000,7410,1.490,1.540,1.470,4,0,35.877,0,0,35,321,0,13,1
10-08 11:02:15,27.208,4.743,66.897,0.250,0,6451080,188372,44984,1416824,10886.244,1617.510,9713.050,1054.377,75.883,49.923,3270,2975,1.490,1.540,1.470,7,0,0,0,0,35,321,0,13,1
10-08 11:02:16,27.887,3.768,66.827,0.251,0,6471204,177796,41964,1410296,10646.124,1465.174,9775.863,277.358,76.374,14.069,3363,3071,1.490,1.540,1.470,1,0,0,0,0,35,321,0,13,1
10-08 11:02:17,17.245,17.745,62.231,1.500,0,6407496,231584,42184,1419996,10701.691,1619.499,9213.151,3023.065,76.976,156.951,5872,5434,1.490,1.540,1.470,6,0,275.915,0,0,35,321,0,13,1
10-08 11:02:18,26.033,24.781,47.309,0,0,6415424,219936,42184,1423716,10638.318,1622.031,4281.360,8.010,42.053,2.003,6670,5855,1.490,1.540,1.470,3,0,367.460,0,0,35,321,0,13,1
10-08 11:02:19,16.218,21.707,60.629,0.250,0,6429972,204652,42208,1424428,11022.911,1616.760,814.368,271.456,10.978,18.962,6343,5673,1.450,1.530,1.470,3,0,306.386,0,0,35,321,0,13,1
10-08 11:02:20,25.052,17.286,56.367,0.251,0.251,6418992,212704,42256,1427804,9736.139,1623.358,2725.638,224.464,25.052,23.048,7106,8810,1.450,1.530,1.470,2,0,241.500,0,0,35,323,0,13,1
10-08 11:02:21,32.247,19.498,44.246,2.000,0,6427488,204160,42328,1427296,56565.567,1825417.663,63.994,483.954,11.999,39.996,7579,7188,1.450,1.530,1.470,2,0,251.976,0,0,35,324,0,16,1
10-08 11:02:22,37.425,25.449,32.684,3.243,0.249,6433780,192420,42340,1432728,97540.343,2610630.559,5009.899,1980.008,88.821,18.962,8427,7289,1.450,1.530,1.470,5,0,425.143,0,0,35,324,0,16,1
10-08 11:02:23,41.450,20.975,32.211,3.496,0,6475216,192616,42140,1391836,18962.165,10527.323,11546.096,7.990,185.776,1.998,7701,9664,1.450,1.530,1.470,2,1,302.636,0,0,35,324,0,13,1
10-08 11:02:24,53.584,21.683,20.437,3.988,0,6542968,183188,42132,1333100,18014.156,11736.616,9713.887,721.763,182.434,41.870,7805,8984,1.660,1.570,1.480,7,0,276.144,0,0,35,324,0,13,1
10-08 11:02:25,63.182,24.069,8.775,3.259,0,6642188,173860,42312,1243608,10569.365,4759.674,8949.712,365.049,193.556,36.104,7087,7123,1.660,1.570,1.480,6,0,325.936,0,0,35,328,0,13,1
10-08 11:02:26,60.099,20.861,14.156,3.477,0,6680264,177460,42412,1202432,9767.881,1609.272,12178.808,1974.834,223.510,178.808,10144,15549,1.660,1.570,1.480,4,0,240.397,0,0,35,328,0,14,1
10-08 11:02:27,55.121,20.891,17.619,6.796,0,6723904,176216,42580,1159524,10501.696,1630.980,9753.661,2629.703,90.610,196.322,8616,12514,1.660,1.570,1.480,2,3,151.017,0,0,35,331,0,14,1
10-08 11:02:28,53.089,27.546,12.771,5.509,0,6754048,170276,42792,1135192,10699.890,1861.112,13775.031,2432.066,241.404,120.201,8302,9521,1.660,1.570,1.480,4,0,365.611,0,0,35,332,0,14,1
10-08 11:02:29,47.807,14.940,20.169,14.691,0,6799404,229244,41420,1034044,20365.800,1808.700,11927.857,13107.097,127.485,901.362,8765,11282,2.160,1.680,1.520,4,1,103.582,0,0,35,333,0,15,1
10-08 11:02:30,54.946,14.236,12.737,17.733,0,6837928,194160,42144,1030168,20446.867,2057.974,12563.629,2521.517,195.807,181.821,7350,8847,2.160,1.680,1.520,1,2,39.961,0,0,35,334,0,17,1
10-08 11:02:31,33.972,12.582,20.635,30.700,0,6860736,175940,42012,1025796,14816.747,1962.816,29186.575,314.051,1545.089,20.131,6310,6932,2.160,1.680,1.520,2,2,30.197,0,0,35,334,0,17,1
10-08 11:02:32,28.033,11.908,34.236,24.064,0,6841872,195028,40308,1027364,21436.418,2311.148,27789.346,1135.231,1596.667,13.893,6402,7522,2.160,1.680,1.520,3,0,19.847,0,0,35,337,0,17,1
10-08 11:02:33,25.116,5.023,56.511,12.056,0,6864728,190136,30780,1019104,32691.865,2252.394,13152.696,0,446.058,0,3910,3866,2.160,1.680,1.520,3,0,0,0,0,35,337,0,17,1
10-08 11:02:34,23.748,3.500,59.245,10.999,0,6873720,192932,30240,1008640,41451.648,3918.683,16650.654,119.990,433.965,4.000,3810,3825,2.150,1.680,1.520,3,1,1.000,0,0,35,337,0,17,1
10-08 11:02:35,22.660,7.221,40.838,26.893,0,6883348,186104,30404,1006548,123847.603,9570.948,15841.019,3462.235,255.982,164.347,4839,4810,2.150,1.680,1.520,2,2,31.873,0,0,35,337,0,17,1
10-08 11:02:36,24.902,15.344,30.939,26.915,0,6918300,172492,28872,987212,121091.987,4387688.168,14384.019,776.753,282.730,37.228,7680,5482,2.150,1.680,1.520,5,0,73.449,0,0,35,336,0,18,2
10-08 11:02:37,40.669,9.731,39.921,7.984,0,6690532,411508,27724,977244,21922.447,14495.202,14183.821,219.564,179.643,21.956,5733,5711,2.150,1.680,1.520,3,1,117.766,0,0,35,327,0,20,1
10-08 11:02:38,11.487,8.990,72.169,3.996,0,6677980,412300,27764,988960,27006.615,241226.594,11071.543,371.582,90.898,24.972,4773,4924,2.150,1.680,1.520,1,1,104.882,0,0,35,327,0,20,1
10-08 11:02:39,9.009,6.256,82.328,1.501,0,6670280,409272,27812,999656,23128.049,314949.257,10185.711,164.156,84.080,20.019,4060,4750,2.060,1.670,1.520,1,0,51.049,0,0,35,326,0,20,1
10-08 11:02:40,14.008,2.251,79.543,1.001,0,6665356,403988,27980,1009696,19245.437,1620.879,9861.348,544.295,84.046,69.037,3552,4232,2.060,1.670,1.520,2,0,0,0,0,35,326,0,20,1
10-08 11:02:41,15.972,4.742,77.113,0.250,0,6605384,453036,28028,1020568,20249.072,1617.131,9854.515,255.547,77.862,30.945,3244,3426,2.060,1.670,1.520,2,0,3.993,0,0,35,322,0,20,1
10-08 11:02:42,13.023,5.259,76.883,2.504,0,6627448,420400,28076,1031032,9360.223,1622.813,9969.278,240.417,88.153,20.035,3855,8368,2.060,1.670,1.520,6,0,36.063,0,0,35,322,0,21,1
10-08 11:02:43,8.241,1.748,87.403,0.250,0,6623628,413952,28164,1041272,24657.679,1456.386,9717.233,715.208,75.916,51.942,2598,3125,2.060,1.670,1.520,4,0,0,0,0,35,321,0,21,1
10-08 11:02:44,19.490,3.498,65.717,8.496,0,6530316,494144,28240,1054328,31608.955,1619.178,12605.601,23.988,228.884,2.998,3497,3356,1.970,1.660,1.510,3,0,3.998,0,0,35,317,0,20,1
10-08 11:02:45,25.767,4.253,66.294,2.752,0,6520596,493156,28280,1064996,33340.248,1621.082,10126.758,92.061,100.067,12.008,3414,3131,1.970,1.660,1.510,2,0,0,0,0,35,319,0,20,1
10-08 11:02:46,23.271,7.006,67.060,0.250,0,6511124,492264,28312,1075328,15852.294,1621.462,9736.780,276.249,76.069,20.018,3092,2696,1.970,1.660,1.510,3,0,0,0,0,35,319,0,20,1
10-08 11:02:47,24.945,6.984,66.851,0,0,6505508,487468,28312,1085740,24551.409,1616.406,9834.133,7.982,76.829,0.998,3190,2578,1.970,1.660,1.510,3,0,0,0,0,35,319,0,20,1
10-08 11:02:48,23.007,7.752,67.770,0.250,0,6505656,477064,28312,1095996,9971.903,1710.498,9746.837,4.001,77.022,1.000,2964,2576,1.970,1.660,1.510,3,0,0,0,0,35,319,0,20,1
10-08 11:02:49,24.700,11.726,60.128,1.746,0,6511856,460308,28392,1106480,61884.013,2039840.175,9971.699,471.041,109.777,36.925,5028,4215,1.900,1.650,1.510,3,1,50.896,0,0,35,320,0,20,1
10-08 11:02:50,29.434,13.333,55.095,0,0,6496388,465068,28424,1117156,87459.565,2452263.085,10191.809,108.680,88.554,14.088,6040,4938,1.900,1.650,1.510,4,0,103.649,0,0,35,319,0,20,2
10-08 11:02:51,32.470,13.987,52.950,0,0,6496300,454784,28464,1127480,35817.498,459738.983,9718.909,271.746,75.929,24.977,5439,5092,1.900,1.650,1.510,5,0,105.901,0,0,35,320,0,21,1
10-08 11:02:52,25.441,8.730,64.102,0,0,6491752,448824,28472,1137980,13182.475,6143.774,9833.230,63.852,76.822,2.993,3748,3405,1.900,1.650,1.510,2,0,48.887,0,0,35,319,0,20,1
10-08 11:02:53,23.494,8.248,67.483,0,0,6491852,438484,28472,1148220,8737.753,1619.583,9725.499,3.999,75.980,1.000,2897,2453,1.900,1.650,1.510,2,0,0,0,0,35,319,0,20,1
10-08 11:02:54,23.286,8.012,66.853,0,0,6493044,427152,28500,1158332,11308.435,1622.502,9743.022,88.136,76.117,12.019,3219,2994,1.820,1.640,1.510,3,0,1.002,0,0,35,319,0,20,1
10-08 11:02:55,23.442,8.230,66.836,0.499,0,6492628,417060,28512,1168828,9181.454,2135.756,9831.857,6132.940,76.811,631.449,3407,2804,1.820,1.640,1.510,2,0,0,0,0,35,319,0,20,1
10-08 11:02:56,24.026,7.758,66.572,0,0,6492428,406972,28544,1179084,21885.828,1621.766,9754.620,104.113,77.084,16.017,3318,2986,1.820,1.640,1.510,2,0,0,0,0,35,319,0,16,1
10-08 11:02:57,24.695,7.234,66.852,0,0,6492276,396884,28544,1189324,33417.037,1616.422,9706.516,0,75.832,0,3104,2496,1.820,1.640,1.510,2,1,0,0,0,35,319,0,16,1
10-08 11:02:58,23.790,8.264,66.112,0.751,0.250,6492628,385924,28584,1199892,12087.393,1712.890,9936.764,388.656,78.132,31.052,3326,3142,1.820,1.640,1.510,2,0,0,0,0,35,319,0,16,1
10-08 11:02:59,24.293,7.012,66.618,0,0,6493184,375080,28608,1210156,19196.033,1622.877,9761.306,144.256,77.137,13.023,3308,2960,1.760,1.630,1.510,4,0,0,0,0,35,319,0,16,1
10-08 11:03:00,24.228,8.243,66.690,0,0,6492500,365496,28628,1220416,10336.656,1456.683,9735.199,1474.667,76.930,124.887,3261,2943,1.760,1.630,1.510,4,0,0,0,0,35,319,0,16,1
10-08 11:03:01,24.673,8.723,65.046,0.498,0,6496420,351040,28668,1230912,9371.660,1614.944,9825.240,454.577,76.760,29.906,3310,2825,1.760,1.630,1.510,2,0,6.978,0,0,35,319,0,16,1
10-08 11:03:02,27.416,11.821,59.107,0,0,6495720,341492,28676,1241156,118603.665,4399965.882,9787.139,24.146,77.468,4.024,6047,3950,1.760,1.630,1.510,5,0,52.316,0,0,35,320,0,16,1
10-08 11:03:03,29.772,14.261,54.040,0.751,0,6491184,335856,28680,1251328,30218.638,114286.617,9791.335,40.030,80.060,3.002,5219,5214,1.760,1.630,1.510,1,0,151.113,0,0,35,320,0,16,1
10-08 11:03:04,28.122,15.181,54.999,0.249,0,6490756,325580,28840,1261864,34543.526,457801.013,9811.273,2556.346,76.651,126.424,5480,5547,1.860,1.650,1.510,2,0,106.514,0,0,35,319,0,15,1
10-08 11:03:05,24.030,5.757,69.085,0,0,6491792,314284,28856,1272108,15217.812,1622.005,9744.045,64.079,77.095,11.014,3011,2718,1.860,1.650,1.510,2,0,0,0,0,35,319,0,15,1
10-08 11:03:06,24.668,6.728,66.530,0,0,6492044,303688,28876,1282432,15596.432,1614.661,9695.941,79.736,75.750,5.980,3168,2700,1.860,1.650,1.510,2,0,0,0,0,35,319,0,15,1
10-08 11:03:07,25.027,8.009,65.571,0,0,6492220,293236,28916,1292668,9385.214,1621.765,9746.607,196.214,80.087,17.019,3389,3106,1.860,1.650,1.510,2,1,0,0,0,35,319,0,15,1
10-08 11:03:08,24.306,7.267,66.906,0,0,6492032,282892,28932,1303184,21818.715,1461.397,9750.664,60.140,76.177,8.019,3017,2575,1.860,1.650,1.510,3,0,0,0,0,35,319,0,14,1
10-08 11:03:09,25.178,7.977,65.312,0.499,0,6492412,272048,29052,1313528,9548.577,1615.361,9919.512,650.133,83.759,58.831,3618,3712,1.790,1.640,1.510,3,0,0,0,0,35,319,0,14,1
10-08 11:03:10,24.576,8.276,65.703,0.251,0,6491684,261316,29092,1324948,13362.320,1625.025,9770.212,995.077,79.245,30.093,3333,3044,1.790,1.640,1.510,3,0,0,0,0,35,319,0,15,1
10-08 11:03:11,26.988,9.246,62.223,0,0,6521772,220768,29140,1335360,19821.319,1619.291,9723.741,191.916,75.967,23.989,3595,3195,1.790,1.640,1.510,3,0,1.999,0,0,35,319,0,15,1
10-08 11:03:12,23.695,7.233,67.093,0,0.249,6521872,210428,29140,1345600,18797.040,1616.220,9833.004,27.935,76.820,2.993,3130,2599,1.790,1.640,1.510,4,0,0,0,0,35,319,0,14,1
10-08 11:03:13,23.730,8.243,67.192,0,0,6519084,202972,29140,1355844,8358.846,1618.615,9719.681,0,75.935,0,2996,2613,1.790,1.640,1.510,2,0,1.998,0,0,35,319,0,14,1
10-08 11:03:14,24.579,8.277,65.461,0.251,0,6517832,193872,29164,1366172,23017.108,4812.495,9759.422,349.124,76.245,17.055,3348,2835,1.720,1.630,1.510,3,0,3.010,0,0,35,320,0,14,1
10-08 11:03:15,31.562,9.769,45.089,12.024,0,6529676,201456,27444,1348568,12062.815,2875.677,14905.427,36.071,285.564,4.008,4166,3597,1.720,1.630,1.510,4,1,17.034,0,0,35,320,0,14,1
10-08 11:03:16,29.520,11.258,46.031,12.008,0,6529832,188880,27488,1360968,78713.785,3085198.125,11940.159,2217.515,223.152,410.280,5434,3737,1.720,1.630,1.510,2,0,41.028,0,0,35,320,0,14,1
10-08 11:03:17,30.727,13.490,52.211,1.249,0,6528968,179320,27496,1371384,57415.424,1392553.363,9784.744,63.953,82.938,3.997,5654,4984,1.720,1.630,1.510,3,0,105.921,0,0,35,320,0,14,1
10-08 11:03:18,43.330,18.284,35.566,2.254,0,6510176,187788,27500,1381704,38592.351,462169.477,10815.997,24.044,87.161,2.004,5752,5322,1.720,1.630,1.510,3,0,134.248,0,0,35,320,0,14,1
10-08 11:03:19,25.432,8.477,62.833,1.247,0,6500088,187076,27728,1392268,13494.117,5078.495,10049.277,554.525,85.772,48.870,3829,3965,1.670,1.620,1.500,2,0,30.918,0,0,35,319,0,14,1
10-08 11:03:20,24.688,7.481,66.332,0,0,6500368,176484,27760,1402548,21992.457,1615.919,9735.413,111.718,77.804,11.970,3338,3074,1.670,1.620,1.500,3,0,0,0,0,35,319,0,14,1
10-08 11:03:21,24.543,7.513,66.367,0,0,6492168,197652,27428,1389912,10438.379,1622.857,9745.158,220.388,76.134,18.032,3241,2840,1.670,1.620,1.500,2,0,0,0,0,35,319,0,13,1
10-08 11:03:22,24.274,8.508,65.565,0.250,0,6490688,188852,27436,1400300,10317.294,1621.618,9873.851,64.064,79.079,4.004,3267,3005,1.670,1.620,1.500,5,0,2.002,0,0,35,319,0,13,1
10-08 11:03:23,27.655,6.727,64.031,0.249,0.249,6491984,177124,27508,1410660,9319.079,1614.470,9710.737,414.580,76.737,34.881,3651,3801,1.670,1.620,1.500,3,0,4.983,0,0,35,319,0,15,1
10-08 11:03:24,24.025,8.008,66.318,0,0,6491688,183728,27292,1404608,9554.839,1705.757,9850.143,100.103,78.080,15.015,3312,3171,1.850,1.660,1.520,3,0,1.001,0,0,35,319,0,15,1
10-08 11:03:25,23.289,7.763,67.362,0,0,6491812,173176,27308,1415020,9425.720,1460.436,9872.465,176.294,77.129,11.018,3003,2704,1.850,1.660,1.520,4,0,0,0,0,35,319,0,14,1
10-08 11:03:26,23.433,7.977,66.810,0.499,0,6492512,180432,25852,1408536,8902.647,1615.400,9716.329,99.716,76.781,15.955,3157,3000,1.850,1.660,1.520,2,0,0,0,0,35,319,0,14,1
10-08 11:03:27,24.034,7.761,67.346,0,0,6491572,171124,25860,1418776,9229.224,1622.325,9741.959,36.052,76.109,3.004,3031,2739,1.850,1.660,1.520,2,0,0,0,0,35,319,0,14,1
10-08 11:03:28,24.032,7.760,67.090,0,0,6493076,179340,25704,1409212,8503.467,1622.188,9741.136,184.248,76.103,13.018,2981,2678,1.850,1.660,1.520,3,0,0,0,0,35,319,0,14,1
10-08 11:03:29,27.307,11.171,48.656,10.178,0,6491000,189348,25532,1401500,131100.396,4344969.210,10569.297,2665.163,129.088,442.870,7419,5034,2.030,1.700,1.530,3,0,54.614,0,0,35,320,0,13,1
10-08 11:03:30,30.207,14.600,53.618,0.252,0,6495312,174660,25564,1411844,37970.510,114805.665,9811.314,96.663,77.532,12.083,5472,5590,2.030,1.700,1.530,2,0,151.036,0,0,35,320,0,13,1
10-08 11:03:31,30.266,14.007,55.029,0,0,6485112,174728,25580,1421952,33693.451,459411.944,9733.041,128.066,76.039,9.005,5245,5181,2.030,1.700,1.530,4,0,106.055,0,0,35,319,0,13,1
10-08 11:03:32,24.432,8.227,65.069,0.249,0,6486780,181836,25312,1413520,31259.222,3903.165,9928.438,3.989,78.781,0.997,3263,2764,2.030,1.700,1.530,2,0,0,0,0,35,319,0,13,1
10-08 11:03:33,24.031,8.260,65.834,0,0,6494300,218368,24940,1370340,19558.827,1459.853,9740.364,400.508,76.097,25.032,3223,2698,2.030,1.700,1.530,2,0,0,0,0,35,319,0,10,1
10-08 11:03:34,24.027,7.508,66.074,0.250,0,6492744,209792,24960,1380452,20482.868,1621.811,9738.873,136.152,76.085,12.013,3266,2856,2.260,1.750,1.550,2,0,1.001,0,0,35,319,0,10,1
10-08 11:03:35,24.353,7.703,66.598,0,0,6491272,200640,24960,1391076,31016.697,1610.276,9796.839,7.952,76.538,0.994,3298,2660,2.260,1.750,1.550,3,0,0,0,0,35,319,0,10,1
10-08 11:03:36,24.359,7.282,66.547,0,0,6489588,192064,24976,1401320,14029.540,1627.254,9771.559,317.415,76.340,51.228,3100,2640,2.260,1.750,1.550,2,0,0,0,0,35,319,0,10,1
10-08 11:03:37,23.804,8.018,66.651,0,0,6487992,183408,24984,1411564,21601.030,1623.685,9750.131,40.091,76.173,5.011,3197,2725,2.260,1.750,1.550,5,0,0,0,0,35,319,0,7,1
10-08 11:03:38,23.676,7.975,66.791,0,0,6494988,166172,24984,1421804,9446.499,1614.956,9697.714,67.788,75.763,6.978,2931,2512,2.260,1.750,1.550,3,0,0,0,0,35,319,0,7,1
10-08 11:03:39,24.852,7.280,65.520,0.502,0,6491896,195156,24924,1396160,9564.374,1626.697,9965.024,257.058,82.339,30.124,3351,3261,2.400,1.790,1.560,2,0,0,0,0,35,319,0,7,1
10-08 11:03:40,24.711,8.237,65.397,0.250,0,6498412,178404,25036,1406284,11271.177,1617.442,9728.616,658.958,76.878,57.908,3535,3512,2.400,1.790,1.560,2,0,0.998,0,0,35,319,0,8,1
10-08 11:03:41,28.800,9.517,59.855,0.250,0.250,6507268,212900,25084,1363244,13797.110,4661.145,9769.071,468.819,79.138,52.091,3956,3888,2.400,1.790,1.560,4,0,3.005,0,0,35,320,0,7,1
10-08 11:03:42,31.283,15.016,52.555,0.501,0,6537264,172060,25100,1376172,119403.604,4381399.935,10374.914,2114.224,121.127,383.403,7121,6566,2.400,1.790,1.560,4,0,135.142,0,0,35,320,0,7,1
10-08 11:03:43,31.599,14.929,51.255,0,0,6504716,212012,25116,1366728,46676.822,246068.462,9813.080,107.486,77.629,6.967,5659,11090,2.400,1.790,1.560,3,0,106.491,0,0,35,320,0,8,1
10-08 11:03:44,23.500,10.000,58.001,7.500,0,6458840,245808,25164,1378760,23785.452,319321.070,11432.217,324.006,143.003,19.000,4833,4871,2.530,1.830,1.580,1,1,104.002,0,0,35,317,0,8,1
10-08 11:03:45,19.327,3.263,67.517,8.283,0,6482000,209764,25248,1391560,11504.569,1626.442,12521.597,64.255,293.161,6.024,3155,3171,2.530,1.830,1.580,2,0,0,0,0,35,317,0,7,1
10-08 11:03:46,16.652,2.982,66.609,11.184,0,6496560,177904,25304,1408804,9285.453,1610.539,16622.353,0,251.522,0,2938,2959,2.530,1.830,1.580,2,0,0,0,0,35,317,0,7,1
10-08 11:03:47,16.034,4.259,67.141,10.021,0,6514072,181484,25584,1387580,9488.955,1623.414,13452.290,4.008,316.666,1.002,3213,3322,2.530,1.830,1.580,1,1,0,0,0,35,317,0,7,1
10-08 11:03:48,8.027,1.756,67.474,20.568,0.251,6516748,185884,25312,1380776,9840.608,1625.386,10450.629,0,168.559,0,2366,2848,2.530,1.830,1.580,1,0,0,0,0,35,317,0,7,1
10-08 11:03:49,19.481,3.497,67.186,8.492,0,6529492,177008,25360,1376868,9482.925,1618.451,12252.274,155.851,262.749,16.984,3298,3636,2.410,1.810,1.570,3,0,0,0,0,35,319,0,7,1
10-08 11:03:50,17.673,2.489,77.165,0.996,0,6436892,273768,25404,1372664,8937.147,1612.988,10223.554,465.974,149.351,35.844,3066,3369,2.410,1.810,1.570,2,0,1.991,0,0,35,317,0,7,1
10-08 11:03:51,5.528,1.508,90.953,0.251,0,6437224,263216,25452,1382836,11255.090,1465.302,9776.722,213.062,76.381,21.105,2398,2944,2.410,1.810,1.570,1,0,0,0,0,35,317,0,8,1
10-08 11:03:52,4.742,1.747,91.851,0,0,6435952,254168,25452,1393156,10130.587,1617.380,9712.265,0,75.877,0,2111,2655,2.410,1.810,1.570,2,0,0,0,0,35,317,0,8,1
10-08 11:03:53,4.741,1.747,90.324,0.250,0,6455528,234652,25468,1393080,11092.376,1616.848,686.661,183.642,5.988,11.977,1727,2193,2.410,1.810,1.570,2,0,0,0,0,35,317,0,7,1
10-08 11:03:54,6.260,4.507,86.643,0.751,0,6460696,229072,25516,1393452,30881.008,640657.204,236.390,136.225,10.017,19.031,3124,3423,2.220,1.780,1.570,2,0,52.086,0,0,35,318,0,7,1
10-08 11:03:55,9.525,7.018,78.705,2.005,0,6443180,245932,25540,1394084,121283.171,3757017.116,629.636,224.584,43.112,14.036,5463,4254,2.220,1.780,1.570,3,0,94.245,0,0,35,318,0,7,1
10-08 11:03:56,11.496,9.497,76.473,0.750,0,6427224,261328,25812,1394364,36082.423,554338.785,15.994,2475.137,1.000,164.943,5325,5603,2.220,1.780,1.570,1,0,113.960,0,0,35,317,0,7,1
10-08 11:03:57,5.241,3.743,88.845,0,0,6425680,262860,25816,1394372,16558.042,9174.954,0,55.902,0,3.993,2561,2961,2.220,1.780,1.570,1,0,50.911,0,0,35,317,0,7,1
10-08 11:03:58,2.498,1.249,94.168,0,0,6426044,262368,25816,1394500,11076.399,1618.597,0,3.997,0,0.999,1508,2148,2.220,1.780,1.570,2,0,0,0,0,35,317,0,7,1
10-08 11:03:59,2.745,0.998,94.076,0,0,6426044,262368,25816,1394500,10212.083,1455.304,0,7.985,0,1.996,1633,2272,2.360,1.820,1.580,1,0,0,0,0,35,317,0,7,1
10-08 11:04:00,3.503,1.251,93.839,0,0,6426264,262144,25848,1394472,14213.427,1621.532,0,156.148,0,12.011,1818,2480,2.360,1.820,1.580,1,0,0,0,0,35,317,0,7,1
10-08 11:04:01,3.498,1.749,91.694,0,0,6428224,260136,25864,1394504,15499.618,1619.020,0,175.894,0,10.993,1830,2287,2.360,1.820,1.580,1,0,5.996,0,0,35,317,0,7,1
10-08 11:04:02,3.250,1.250,94.507,0,0,6428216,260136,25872,1394504,9338.716,1620.124,0,40.003,0,6.000,1571,2208,2.360,1.820,1.580,1,0,0,0,0,35,317,0,7,1
10-08 11:04:03,3.006,1.002,93.932,0.501,0,6428176,260136,25900,1394516,11073.495,1623.151,4.008,156.303,1.002,9.018,1735,2514,2.360,1.820,1.580,4,0,0,0,0,35,317,0,7,1
10-08 11:04:04,3.503,1.001,93.832,0,0,6428160,260136,25916,1394516,11398.949,1621.415,0,88.077,0,6.005,1659,2294,2.170,1.790,1.570,1,0,1.001,0,0,35,317,0,7,1
10-08 11:04:05,3.240,1.246,93.971,0,0,6428160,260136,25916,1394516,11533.815,1615.213,0,3.988,0,0.997,1583,2194,2.170,1.790,1.570,1,0,0,0,0,35,317,0,7,1
10-08 11:04:06,3.002,1.251,94.052,0,0,6428136,260136,25932,1394524,9743.399,1620.898,0,292.162,0,53.029,1610,2208,2.170,1.790,1.570,2,0,0,0,0,35,317,0,7,1
10-08 11:04:07,6.518,5.515,85.736,0,0,6437856,250416,25932,1394524,89503.798,2720977.838,0,8.022,0,2.006,3985,3184,2.170,1.790,1.570,2,0,51.141,0,0,35,318,0,7,1
10-08 11:04:08,9.762,8.260,80.352,0,0,6431156,257116,25932,1394528,67191.058,1764368.530,0,28.035,0,4.005,4786,4098,2.170,1.790,1.570,1,0,105.133,0,0,35,318,0,7,1
10-08 11:04:09,10.448,8.458,77.859,0,0,6428836,259388,25964,1394544,44789.306,458089.904,15.920,163.181,0.995,12.935,4691,4596,2.080,1.780,1.570,2,0,103.481,0,0,35,318,0,7,1
10-08 11:04:10,5.515,3.008,89.745,0.251,0,6427660,260336,26012,1394724,11313.843,5609.291,48.131,312.853,1.003,26.071,2739,3466,2.080,1.780,1.570,1,0,49.134,0,0,35,317,0,7,1
10-08 11:04:11,3.238,0.996,93.153,0,0,6427852,260084,26052,1394744,10890.445,1613.990,19.926,139.481,1.993,22.915,1844,2661,2.080,1.780,1.570,2,0,0,0,0,35,317,0,7,1
10-08 11:04:12,6.253,2.501,90.293,0,0,6459088,228848,26052,1394744,9010.273,1620.769,0,4.002,0,1.000,1726,2172,2.080,1.780,1.570,2,0,0,0,0,35,317,0,7,1
10-08 11:04:13,5.015,2.257,90.018,0.501,0,6458588,229304,26080,1394760,9702.845,1624.830,8.024,4068.094,2.006,606.804,1952,2250,2.080,1.780,1.570,1,0,3.009,0,0,35,317,0,7,1
10-08 11:04:14,3.254,0.501,94.117,0,0,6452380,235504,26088,1394760,10346.821,1622.010,0,116.144,0,4.005,1551,2202,2.070,1.780,1.570,2,0,1.001,0,0,35,317,0,7,1
10-08 11:04:15,2.995,1.248,94.585,0,0,6449340,238540,26088,1394764,9136.017,1455.454,0,0,0,0,1522,2160,2.070,1.780,1.570,2,0,0,0,0,35,317,0,7,1
10-08 11:04:16,3.500,0.500,93.993,0,0,6447176,240704,26088,1394764,10916.160,1619.875,0,4.000,0,1.000,1543,2116,2.070,1.780,1.570,1,0,0,0,0,35,317,0,7,1
10-08 11:04:17,5.506,2.253,91.352,0,0,6453560,234320,26088,1394764,10004.161,1621.809,0,4.004,0,1.001,1744,2253,2.070,1.780,1.570,2,0,2.002,0,0,35,317,0,7,1
10-08 11:04:18,15.938,7.222,74.462,0,0,6474180,213688,26088,1394776,21894.388,1613.764,1020.058,19.923,7.969,1.992,3011,2701,2.070,1.780,1.570,1,0,9.962,0,0,35,317,0,7,1
10-08 11:04:19,3.503,1.001,92.575,1.001,0,6473500,214224,26104,1394904,10217.300,1621.317,124.101,72.059,2.002,6.005,1714,2372,1.900,1.750,1.560,2,0,0,0,0,35,317,0,7,1
10-08 11:04:20,19.265,6.255,61.797,10.758,0,6487244,197044,26400,1398512,14969.331,5907.472,3478.633,104.079,204.155,12.009,3593,3634,1.900,1.750,1.560,6,1,32.024,0,0,35,318,0,7,1
10-08 11:04:21,86.629,11.016,0,2.504,0,6654408,199808,23364,1232452,10199.182,1622.415,5812.653,240.358,294.438,18.027,5884,4199,1.900,1.750,1.560,6,0,3.004,0,0,35,318,0,8,1
10-08 11:04:22,82.505,11.928,0.249,4.473,0,6744836,170004,23188,1172492,120122.828,4344197.091,3996.009,99.403,162.027,5.964,7989,5041,1.900,1.750,1.560,4,1,92.445,0,0,35,318,0,7,1
10-08 11:04:23,48.465,13.883,3.029,35.087,0,6844072,169688,23052,1073716,31368.064,254494.582,2197.087,8.078,252.423,1.010,5884,5442,1.900,1.750,1.560,12,3,152.463,0,0,35,318,0,7,1
10-08 11:04:24,87.714,10.466,0,1.246,0,6906832,179116,23060,1001516,24927.629,321302.183,3153.705,334.907,199.349,16.945,8670,11370,2.390,1.850,1.590,7,1,59.805,0,0,35,320,0,9,1
10-08 11:04:25,75.786,5.521,13.049,4.768,0,6987188,185748,21484,916104,16691.023,4155.691,1497.655,927.502,161.610,66.250,6018,6261,2.390,1.850,1.590,5,0,2.008,0,0,35,327,0,9,1
10-08 11:04:26,21.434,2.492,72.278,1.994,0,7001208,170684,21588,917060,50230.441,10885.505,913.190,362.883,69.785,35.890,3488,4079,2.390,1.850,1.590,1,0,1.994,0,0,35,328,0,7,1
10-08 11:04:27,3.496,0.749,93.651,0,0,7001192,170684,21604,917060,9853.559,1618.285,0,255.729,0,8.990,1723,2423,2.390,1.850,1.590,2,0,0,0,0,35,328,0,7,1
10-08 11:04:28,3.249,1.000,93.458,0,0,7001632,170220,21620,917068,9686.612,1619.266,3.998,111.949,1.000,8.996,1706,2427,2.390,1.850,1.590,1,0,0,0,0,35,328,0,7,1
10-08 11:04:29,3.504,1.502,92.862,0.250,0.250,7001244,170540,21660,917096,20185.384,2711.275,0,1065.287,0,33.040,1977,2592,2.440,1.870,1.600,1,0,0,0,0,35,328,0,7,1
10-08 11:04:30,4.245,0.749,91.882,0.250,0,7001388,170316,21724,917112,37817.252,1617.914,15.979,211.727,0.999,25.967,2232,3018,2.440,1.870,1.600,1,0,0,0,0,35,328,0,7,1
10-08 11:04:31,3.495,0.999,93.624,0,0,7001588,170092,21748,917112,15811.637,1617.814,0,191.741,0,13.981,1797,2472,2.440,1.870,1.600,3,0,0,0,0,35,328,0,7,1
10-08 11:04:32,5.747,1.749,90.949,0,0,7001828,169840,21756,917116,19859.799,1457.178,0,27.984,0,3.998,2181,2701,2.440,1.870,1.600,2,0,0.999,0,0,35,328,0,7,1
10-08 11:04:33,3.246,1.248,93.371,0.250,0,7001792,169840,21756,917152,15604.497,1711.641,0,6774.664,0,527.273,1979,2527,2.440,1.870,1.600,1,0,0,0,0,35,328,0,7,1
10-08 11:04:34,7.042,4.024,87.273,0,0,7002508,181816,21684,904532,24348.806,328475.983,4.024,132.795,1.006,12.072,3084,3477,2.240,1.840,1.590,1,0,52.313,0,0,35,329,0,7,1
10-08 11:04:35,13.011,7.256,74.313,3.503,0,7003324,180284,21796,905144,127826.896,4065319.262,668.570,324.276,47.040,43.037,6019,5152,2.240,1.840,1.590,2,0,71.061,0,0,35,333,0,7,1
10-08 11:04:36,13.249,9.749,73.996,0.750,0,7006752,176744,21884,905168,38958.868,451913.273,15.999,447.975,1.000,40.998,5255,5369,2.240,1.840,1.590,2,0,134.993,0,0,35,335,0,7,1
10-08 11:04:37,7.210,4.973,85.779,0,0,7001248,182236,21884,905172,27780.305,435966.706,3.978,47.738,0.995,2.984,3321,3554,2.240,1.840,1.590,1,0,51.716,0,0,35,334,0,7,1
10-08 11:04:38,3.007,1.002,94.215,0,0,7001472,182012,21884,905172,10281.438,1623.701,0,0,0,0,1600,2261,2.240,1.840,1.590,1,0,0,0,0,35,334,0,7,1
10-08 11:04:39,3.994,0.999,92.621,0,0,7001660,181760,21932,905188,10588.198,1617.738,15.978,307.570,0.999,22.968,1861,2732,2.060,1.810,1.580,1,0,0,0,0,35,334,0,7,1
10-08 11:04:40,4.998,1.000,92.220,0.250,0,7001836,181520,21980,905204,9064.050,1457.526,15.995,295.904,1.000,23.992,1971,2791,2.060,1.810,1.580,1,0,0,0,0,35,334,0,8,1
10-08 11:04:41,10.052,17.590,66.592,3.518,0,7013636,169120,22288,905496,9400.266,1628.361,550.828,217.115,27.139,22.114,6510,6207,2.060,1.810,1.580,1,0,435.235,0,0,35,334,0,8,1
10-08 11:04:42,14.513,21.019,63.057,0.250,0,7033660,179356,22204,875328,20637.572,1621.459,7919.127,320.288,72.065,58.052,7322,7099,2.060,1.810,1.580,2,0,528.476,0,0,35,334,0,8,1
10-08 11:04:43,17.241,22.738,57.220,1.249,0,7019536,195092,22068,873852,10749.345,1619.148,4649.554,347.817,47.975,18.990,7768,13970,2.060,1.810,1.580,1,0,550.710,0,0,35,334,0,8,1
10-08 11:04:44,11.007,20.014,64.544,2.252,0,7022800,185108,22080,880560,10067.812,1621.097,6556.436,40.027,63.043,5.003,7060,6908,2.140,1.830,1.590,1,0,496.336,0,0,35,334,0,8,1
10-08 11:04:45,14.904,14.904,65.824,1.739,0,7035760,176700,22160,875928,19679.727,1609.590,9764.849,226.535,90.415,23.846,5993,5875,2.140,1.830,1.590,2,0,274.227,0,0,35,334,0,8,1
10-08 11:04:46,24.793,4.257,65.613,3.756,0,7072748,178872,21952,836976,20408.209,1622.800,9981.220,324.560,85.147,28.048,3450,3506,2.140,1.830,1.590,3,0,0,0,0,35,334,0,8,1
10-08 11:04:47,19.562,7.273,59.940,10.533,0,7097304,174724,24516,814020,64990.164,2228444.146,13125.638,8.025,342.085,2.006,5203,4440,2.140,1.830,1.590,1,1,51.162,0,0,35,335,0,7,1
10-08 11:04:48,16.715,9.480,56.383,14.470,0,7090688,178628,27180,814060,87052.733,2332880.327,12422.134,0,539.876,0,6291,5688,2.140,1.830,1.590,3,0,103.784,0,0,35,335,0,7,1
10-08 11:04:49,18.985,8.743,56.455,14.239,0.250,7090572,175964,28768,815240,44101.894,713503.044,11287.015,91.927,467.628,5.995,5710,5747,2.050,1.820,1.590,4,0,104.916,0,0,35,335,0,7,1
10-08 11:04:50,27.527,6.757,62.311,2.502,0,7144668,172064,28836,764996,21936.571,5072.988,10590.414,300.295,151.149,26.026,4679,4685,2.050,1.820,1.590,6,0,49.048,0,0,35,337,0,7,1
10-08 11:04:51,30.512,3.001,62.525,2.501,0,7151000,169948,28956,760660,8912.629,1620.660,9936.046,240.098,93.038,37.015,4024,4384,2.050,1.820,1.590,2,0,1.000,0,0,35,338,0,8,1
10-08 11:04:52,52.575,6.229,39.867,0.249,0,6918296,391748,29156,771364,11184.747,1614.622,9695.707,2459.807,75.748,140.532,4713,3724,2.050,1.820,1.590,2,0,22.924,0,0,35,336,0,9,1
10-08 11:04:53,70.617,10.768,18.531,0,0,6980080,319792,29220,781464,21480.450,1622.678,9872.293,232.384,77.127,28.046,5142,3677,2.050,1.820,1.590,4,0,5.008,0,0,35,333,0,9,1
10-08 11:04:54,87.096,12.727,0,0,0,6989296,300248,29352,791660,10579.291,1617.140,9742.770,4108.734,77.862,634.877,6631,5338,2.200,1.850,1.600,6,0,2.995,0,0,35,329,0,9,1
10-08 11:04:55,87.442,11.742,0,0,0,6993248,285508,29372,802428,8940.068,1618.926,9721.550,143.905,75.950,7.995,6507,6040,2.200,1.850,1.600,5,0,1.999,0,0,35,325,0,8,1
10-08 11:04:56,70.531,10.040,19.327,0.502,0,7052068,215876,29440,813172,10861.211,1626.471,9798.985,204.815,78.312,29.116,5277,4322,2.200,1.850,1.600,3,0,2.008,0,0,35,328,0,8,1
10-08 11:04:57,48.476,8.746,41.480,0,0,7079756,177452,29440,823908,9428.426,1619.215,9867.213,175.915,77.962,40.980,5557,5408,2.200,1.850,1.600,4,0,0,0,0,35,330,0,8,1
10-08 11:04:58,29.643,7.473,61.031,0,0,7073732,173780,29508,833536,15399.626,1614.196,9709.088,251.097,76.724,27.900,3751,3784,2.200,1.850,1.600,2,0,0,0,0,35,332,0,8,1
10-08 11:04:59,24.017,7.255,68.299,0,0,7073132,177284,29084,831056,10526.513,1459.041,9734.948,508.363,76.054,2.001,3032,2761,2.110,1.840,1.600,2,0,0,0,0,35,332,0,8,1
10-08 11:05:00,29.773,11.008,56.293,2.002,0,7074280,196368,28816,811092,116465.751,4377421.337,10259.907,952.734,121.093,68.052,6327,4626,2.110,1.840,1.600,6,0,53.041,0,0,35,333,0,8,1
10-08 11:05:01,30.627,16.067,50.710,1.255,0,7075792,184888,28832,821056,30174.154,266342.717,10041.650,180.750,82.342,11.046,5461,5355,2.110,1.840,1.600,4,0,160.666,0,0,35,333,0,8,1
10-08 11:05:02,30.446,13.726,53.905,0,0,7075376,175684,28840,830668,45265.010,848632.347,9455.291,47.915,73.869,3.993,5541,5066,2.110,1.840,1.600,3,0,106.811,0,0,35,333,0,8,1
10-08 11:05:03,24.712,6.989,66.648,0,0,7070776,169916,28840,841028,9590.320,1939.032,9968.741,0,77.881,0,3020,2823,2.110,1.840,1.600,3,0,0,0,0,35,332,0,8,1
10-08 11:05:04,24.761,7.753,66.779,0.250,0,7070860,181056,28736,829916,9221.003,1620.704,9604.169,52.023,75.033,6.003,3086,2822,2.020,1.830,1.600,4,0,1.000,0,0,35,332,0,8,1
10-08 11:05:05,24.512,7.003,66.781,0,0,7071356,189240,28736,821236,21432.081,1620.762,9988.698,28.013,78.037,2.001,3028,2612,2.020,1.830,1.600,2,0,0,0,0,35,332,0,8,1
10-08 11:05:06,25.723,7.992,64.933,0,0.250,7072896,177684,28800,831192,9442.235,1618.326,9705.963,179.814,76.920,23.975,3285,3007,2.020,1.830,1.600,4,0,0,0,0,35,334,0,8,1
10-08 11:05:07,25.429,6.482,66.315,0.249,0,7072668,187452,28792,821660,9482.590,1453.951,9956.271,279.222,77.783,15.956,3101,2691,2.020,1.830,1.600,4,1,0,0,0,35,334,0,8,1
10-08 11:05:08,26.526,7.507,64.563,0,0,7073072,176732,28880,831888,13146.766,1621.575,9753.471,224.218,77.075,36.035,3356,3053,2.020,1.830,1.600,2,0,0,0,0,35,336,0,8,1
10-08 11:05:09,25.296,7.263,65.619,0.250,0,7072224,186932,28816,822600,12182.176,1622.954,9777.799,444.810,78.142,42.077,3514,3439,1.940,1.810,1.590,2,0,0,0,0,35,336,0,8,1
10-08 11:05:10,25.470,6.742,66.671,0.250,0,7072508,176340,28848,832876,15098.147,1618.087,9748.473,131.844,76.909,12.985,3300,2974,1.940,1.810,1.590,3,0,0,0,0,35,336,0,9,1
10-08 11:05:11,24.934,7.231,66.326,0.249,0,7072380,185596,28808,823788,16263.221,1615.750,9854.080,251.339,79.790,26.929,3360,3126,1.940,1.810,1.590,4,0,0,0,0,35,336,0,8,1
10-08 11:05:12,27.615,9.289,60.000,1.255,0,7080060,211692,28188,790648,9671.315,1626.781,10250.730,72.301,103.431,4.017,3419,2942,1.940,1.810,1.590,4,0,1.004,0,0,35,336,0,8,1
10-08 11:05:13,29.844,12.038,56.929,0,0,7077496,203484,28208,801408,124386.658,4392637.167,10396.736,329.036,121.382,17.054,6330,4487,1.940,1.810,1.590,3,0,65.205,0,0,35,337,0,8,1
10-08 11:05:14,31.598,14.182,52.995,0,0,7079552,190788,28216,812032,40004.150,664381.189,9808.715,35.827,76.631,3.981,5809,5541,2.100,1.850,1.610,3,0,144.304,0,0,35,337,0,8,1
10-08 11:05:15,29.808,11.773,56.359,0.250,0,7079252,180804,28216,822316,32119.059,447264.177,9746.832,6336.243,76.147,596.152,5282,4852,2.100,1.850,1.610,3,0,102.197,0,0,35,336,0,8,1
10-08 11:05:16,26.036,6.259,66.341,0.250,0.250,7075620,174080,28248,832640,9838.561,1622.236,9757.449,96.133,77.106,12.017,3171,2937,2.100,1.850,1.610,2,0,0,0,0,35,336,0,8,1
10-08 11:05:17,26.924,8.476,63.571,0,0,7082356,187108,28236,812888,21285.076,1615.452,9828.330,175.506,76.784,11.966,3251,2849,2.100,1.850,1.610,3,0,1.994,0,0,35,336,0,8,1
10-08 11:05:18,38.339,12.529,46.608,0.752,0,7091784,179560,28248,810996,9294.493,1623.755,11274.071,132.306,94.218,19.044,4540,3662,2.100,1.850,1.610,2,0,10.023,0,0,35,336,0,8,1
10-08 11:05:19,25.771,7.256,65.552,0.250,0,7091224,183364,28264,807736,15905.723,1621.297,9735.788,284.227,76.061,26.021,3261,2865,2.260,1.880,1.620,5,0,0,0,0,35,336,0,8,1
10-08 11:05:20,25.428,7.229,66.560,0,0,7089856,178208,28304,814220,9275.565,1615.396,9804.059,119.659,80.770,15.955,3167,2866,2.260,1.880,1.620,3,0,0,0,0,35,336,0,8,1
10-08 11:05:21,24.799,7.515,66.131,0.751,0,7090788,183628,28304,807868,11181.196,1623.222,9951.756,232.461,81.161,18.036,3191,2726,2.260,1.880,1.620,2,0,0,0,0,35,336,0,9,1
10-08 11:05:22,25.225,7.493,66.434,0.250,0,7093460,170704,28312,818112,20883.370,1618.401,9750.368,63.937,77.923,3.996,3154,2661,2.260,1.880,1.620,3,0,0,0,0,35,336,0,9,1
10-08 11:05:23,26.278,8.259,63.818,0,0,7093384,177120,28312,811772,21320.601,1621.719,9866.459,4.004,82.087,1.001,3456,3310,2.260,1.880,1.620,7,0,4.004,0,0,35,336,0,9,2
10-08 11:05:24,26.294,6.761,65.610,0,0,7089176,171092,28376,821944,8936.984,1460.449,9792.418,208.349,77.129,24.040,3670,3823,2.400,1.920,1.630,2,0,3.005,0,0,35,336,0,8,1
10-08 11:05:25,25.458,7.987,65.393,0,0,7085544,181416,28368,815260,26152.335,5733.646,9959.752,1190.059,82.865,217.645,3489,2841,2.400,1.920,1.630,5,0,1.997,0,0,35,337,0,8,1
10-08 11:05:26,34.607,9.710,42.076,13.693,0,7106616,177728,28468,797788,9770.663,1772.682,14237.223,370.471,298.767,64.733,4533,4343,2.400,1.920,1.630,3,1,16.930,0,0,35,337,0,8,1
10-08 11:05:27,31.244,10.998,51.490,4.499,0,7082028,204184,28208,796168,184178.210,4372785.263,11449.775,31.994,212.959,3.999,7086,4099,2.400,1.920,1.630,4,0,42.992,0,0,35,337,0,8,1
10-08 11:05:28,29.352,15.052,53.184,0,0,7082780,193056,28248,806512,42956.971,265402.391,9761.853,192.668,76.264,16.056,5624,5834,2.400,1.920,1.630,3,0,153.532,0,0,35,337,0,6,1
10-08 11:05:29,31.965,12.986,53.441,0.749,0,7074772,190736,28328,816752,63272.006,850207.467,9785.175,719.204,78.913,51.943,6033,5832,2.440,1.940,1.640,2,0,102.886,0,0,35,336,0,6,1
10-08 11:05:30,24.834,7.525,66.223,0.251,0,7075692,179444,28360,827092,19440.415,1625.470,9776.898,180.608,77.260,13.044,3276,2944,2.440,1.940,1.640,5,0,0,0,0,35,336,0,6,1
10-08 11:05:31,24.680,6.980,67.059,0,0,7074032,192808,28188,815560,9659.451,1615.393,9827.970,0,76.781,0,3111,2752,2.440,1.940,1.640,2,0,0,0,0,35,336,0,6,1
10-08 11:05:32,26.216,5.992,66.913,0,0,7073708,183232,28196,825452,18840.454,1617.892,9715.343,31.958,75.901,2.996,3240,2950,2.440,1.940,1.640,2,0,0,0,0,35,334,0,6,1
10-08 11:05:33,24.039,7.762,67.108,0.250,0,7073712,173580,28252,835048,19063.628,1554.497,9747.661,516.830,78.126,31.050,3241,3107,2.440,1.940,1.640,3,0,0,0,0,35,334,0,6,1
10-08 11:05:34,25.027,7.508,66.573,0.250,0,7076400,179244,28216,826760,8616.449,1621.779,9738.680,92.101,76.083,13.014,3189,2951,2.570,1.970,1.650,2,0,1.001,0,0,35,334,0,6,1
10-08 11:05:35,25.225,6.993,66.183,0,0,7075408,188244,28172,818796,20932.891,1618.368,9846.071,35.964,76.922,3.996,3218,2717,2.570,1.970,1.650,3,0,0,0,0,35,334,0,6,1
10-08 11:05:36,24.762,7.254,66.533,0.250,0,7075576,178288,28212,828544,14306.063,1620.800,9748.813,196.097,77.038,18.009,3217,3010,2.570,1.970,1.650,3,0,0,0,0,35,334,0,6,1
10-08 11:05:37,25.262,6.753,66.532,0,0,7076576,185540,28192,820312,31183.195,1620.790,9732.743,236.115,76.037,16.008,3244,2804,2.570,1.970,1.650,2,0,0,0,0,35,334,0,6,1
10-08 11:05:38,24.980,6.995,66.448,0.500,0,7076528,175584,28240,830268,19341.834,1618.731,9864.265,199.843,79.937,19.984,3266,3042,2.570,1.970,1.650,2,0,0,0,0,35,334,0,6,1
10-08 11:05:39,26.511,8.003,64.526,0.250,0,7076876,183660,28400,821684,27137.111,4798.965,9531.903,2320.950,82.034,148.061,3502,3535,2.440,1.950,1.650,3,0,2.001,0,0,35,335,0,6,1
10-08 11:05:40,28.785,13.266,55.066,0.501,0,7073312,192764,28244,816308,121441.940,4385288.933,10929.134,2579.099,130.156,455.547,7373,5849,2.440,1.950,1.650,5,0,102.123,0,0,35,335,0,6,1
10-08 11:05:41,31.125,14.940,52.539,0.249,0,7076756,179664,28368,825832,43416.439,663318.055,9617.332,541.822,79.680,56.772,6096,6245,2.440,1.950,1.650,3,0,104.580,0,0,35,335,0,6,1
10-08 11:05:42,31.108,13.798,53.185,0,0,7090396,195760,28180,796284,30777.871,446583.691,10380.043,4.014,87.303,1.003,4984,4849,2.440,1.950,1.650,3,0,102.355,0,0,35,334,0,6,1
10-08 11:05:43,30.881,9.961,57.777,0.249,0,7091384,199984,28112,791140,9828.995,1613.760,9471.378,0,78.696,0,4078,12206,2.440,1.950,1.650,2,0,35.861,0,0,35,334,0,7,1
10-08 11:05:44,24.554,7.015,66.395,0,0,7082732,198344,28160,801384,10780.528,1623.543,10005.838,589.286,78.171,35.077,3153,2911,2.330,1.940,1.640,4,0,1.002,0,0,35,334,0,6,1
10-08 11:05:45,24.516,7.505,66.792,0,0,7082060,189648,28184,810728,9267.895,1621.031,9606.110,68.043,75.048,10.006,3089,2733,2.330,1.940,1.640,2,0,0,0,0,35,334,0,6,1
10-08 11:05:46,24.730,6.994,66.447,0.250,0,7082056,178332,28224,822008,10444.709,1618.715,9992.068,103.918,78.937,14.988,3226,3057,2.330,1.940,1.640,3,0,0,0,0,35,334,0,6,1
10-08 11:05:47,24.584,7.024,66.979,0,0,7082344,184940,28176,815160,10641.312,1625.547,9761.309,405.383,76.260,56.192,3122,2769,2.330,1.940,1.640,2,0,0,0,0,35,334,0,6,1
10-08 11:05:48,24.253,6.751,67.008,0.250,0,7082480,174644,28216,825280,13751.637,1620.193,9729.158,112.013,76.009,16.002,3280,3162,2.330,1.940,1.640,1,0,0,0,0,35,334,0,6,1
10-08 11:05:49,23.731,6.495,67.946,0.250,0,7082436,182064,28220,817904,14860.280,1618.723,9720.334,51.959,75.940,5.995,3090,2781,2.620,2.010,1.670,3,0,0,0,0,35,334,0,6,1
10-08 11:05:50,24.697,7.733,66.607,0,0,7082716,171860,28268,827780,9077.577,1616.541,9850.922,151.675,77.833,17.962,3267,3069,2.620,2.010,1.670,2,0,0,0,0,35,334,0,6,1
10-08 11:05:51,24.358,8.036,66.042,0.251,0,7082248,179684,28328,820364,21739.273,1464.485,9771.272,534.366,76.338,41.182,3203,2938,2.620,2.010,1.670,2,0,0,0,0,35,334,0,7,1
10-08 11:05:52,24.239,6.997,63.721,4.248,0,7063984,187616,28336,830712,14162.634,5900.348,10383.333,23.989,92.958,3.998,3568,3362,2.620,2.010,1.670,3,0,39.982,0,0,35,333,0,6,1
10-08 11:05:53,25.987,8.662,56.924,6.187,0,7083500,171880,28320,826944,121097.126,4328262.724,13309.269,19.800,286.104,2.970,6726,4853,2.620,2.010,1.670,3,0,69.298,0,0,35,333,0,6,1
10-08 11:05:54,21.704,11.105,52.494,11.862,0,7093768,174520,28380,813984,39149.674,671768.065,10571.553,104.989,191.806,12.114,5694,5700,2.490,1.990,1.660,3,1,132.245,0,0,35,333,0,6,1
10-08 11:05:55,25.133,9.207,55.989,8.461,0,7140832,177564,28304,763944,27601.376,444274.661,10984.810,179.165,159.258,10.949,5111,5648,2.490,1.990,1.660,2,0,75.647,0,0,35,332,0,6,1
10-08 11:05:56,24.028,3.254,70.832,0.501,0,7164284,171096,28352,746912,55595.725,13412.615,9847.464,4329.040,115.134,628.732,4215,4556,2.490,1.990,1.660,2,0,0,0,0,35,336,0,5,1
10-08 11:05:57,5.509,2.254,89.901,0,0,7162660,170464,28304,749264,9577.127,1622.733,9744.409,48.081,76.128,4.007,2266,2824,2.490,1.990,1.660,2,0,0,0,0,35,336,0,5,1
10-08 11:05:58,5.975,2.241,88.878,0.249,0,7158736,172668,28336,750952,10875.534,1613.256,9703.434,402.318,101.575,37.842,2530,3262,2.490,1.990,1.660,1,0,0,0,0,35,336,0,5,1
10-08 11:05:59,5.766,2.006,89.756,0,0,7159224,170356,28336,752776,13153.484,1624.630,9884.167,8.023,77.220,1.003,2373,2923,2.290,1.960,1.650,1,0,0,0,0,35,336,0,5,1
10-08 11:06:00,6.758,1.752,89.102,0.250,0.250,7158036,169700,28376,754628,10615.158,1459.672,9755.173,148.170,77.088,15.017,2514,3156,2.290,1.960,1.650,1,0,0,0,0,35,336,0,5,1
10-08 11:06:01,6.735,3.492,87.559,0.249,0.249,7158892,177160,28332,746356,9688.831,1616.468,9706.792,550.797,104.771,34.924,2600,3097,2.290,1.960,1.650,1,0,6.985,0,0,35,336,0,5,1
10-08 11:06:02,6.251,2.000,89.010,0.500,0,7158848,175484,28316,748092,10889.247,1620.185,9961.140,32.004,100.011,4.000,2339,2953,2.290,1.960,1.650,2,0,0,0,0,35,336,0,5,1
10-08 11:06:03,5.007,1.753,89.883,0,0,7159860,172684,28316,749880,22033.640,1622.403,9742.432,80.119,76.113,19.028,2184,2759,2.290,1.960,1.650,1,0,0,0,0,35,336,0,5,1
10-08 11:06:04,6.483,1.995,89.012,0,0,7159984,170648,28332,751776,9348.953,1615.671,9702.007,51.861,75.797,5.984,2376,2978,2.190,1.940,1.650,1,0,0.997,0,0,35,336,0,5,1
10-08 11:06:05,7.787,5.024,85.160,0,0,7166892,170280,28320,745256,33539.428,746473.850,9783.087,4.019,78.377,1.005,3581,3629,2.190,1.940,1.650,1,0,51.247,0,0,35,337,0,5,1
10-08 11:06:06,13.446,7.719,72.959,2.739,0,7163584,176464,28424,742272,106537.631,3617753.479,10490.215,314.746,121.516,40.837,6451,5511,2.190,1.940,1.650,3,0,100.599,0,0,35,339,0,5,1
10-08 11:06:07,14.304,10.540,71.017,2.259,0,7160472,177476,28460,744372,52394.345,799655.928,9776.825,405.527,79.299,32.121,5581,5121,2.190,1.940,1.650,5,0,107.405,0,0,35,339,0,5,1
10-08 11:06:08,9.468,5.233,81.728,0,0,7154328,172928,28516,755000,36092.842,430796.822,9711.669,203.323,76.745,23.920,4073,4425,2.190,1.940,1.650,5,0,50.831,0,0,35,338,0,5,1
10-08 11:06:09,6.256,2.002,88.590,0.250,0,7155180,170696,28548,756348,9461.604,1621.646,9882.031,188.191,78.079,30.030,2511,3207,2.090,1.920,1.650,2,0,0,0,0,35,338,0,5,1
10-08 11:06:10,6.468,2.488,87.324,0.746,0.249,7154644,169348,28580,758200,19186.475,1612.142,9808.190,167.185,76.626,18.908,2642,3212,2.090,1.920,1.650,2,0,0,0,0,35,338,0,6,1
10-08 11:06:11,6.033,2.011,89.240,0.503,0,7151968,170168,28540,760096,10333.741,1628.944,9797.798,180.994,77.425,21.116,2500,3268,2.090,1.920,1.650,1,0,0,0,0,35,338,0,6,1
10-08 11:06:12,13.025,17.784,66.127,1.753,0,7150444,221576,27896,711084,21063.438,2432.670,9939.081,280.539,106.204,18.035,6212,5901,2.090,1.920,1.650,3,1,340.654,0,0,35,338,0,7,1
10-08 11:06:13,8.218,3.985,80.190,5.230,0,7170468,189940,28212,722380,20076.501,3374.972,10901.917,15.938,140.458,3.985,2909,3194,2.090,1.920,1.650,3,0,18.927,0,0,35,339,0,6,1
10-08 11:06:14,5.256,2.253,89.100,0.501,0,7169972,180108,28236,732684,52760.058,4366.888,9766.933,452.507,82.092,22.025,2538,3032,1.930,1.890,1.640,1,0,3.003,0,0,35,339,0,6,1
10-08 11:06:15,8.035,2.260,87.133,0,0,7166608,172792,28244,743356,470093.782,14288.730,9770.896,72.317,76.335,4.018,2975,3094,1.930,1.890,1.640,0,0,0,0,0,35,339,0,6,1
10-08 11:06:16,10.972,2.992,83.035,0,0,7164188,174548,27980,744360,1075441.086,22214.598,9862.515,151.608,77.799,18.951,4222,3916,1.930,1.890,1.640,2,0,0.997,0,0,35,341,0,6,1
10-08 11:06:17,19.218,7.487,68.634,1.997,0,7171352,176440,27804,735720,161797.557,5645.459,9899.270,2276.153,90.846,49.916,5952,7859,1.930,1.890,1.640,1,1,44.924,0,0,35,341,0,6,1
10-08 11:06:18,19.076,9.036,57.982,11.044,0,7188564,175172,27720,720176,40892.817,9525.158,11819.348,385.544,166.668,16.064,4482,4238,1.930,1.890,1.640,1,1,37.149,0,0,35,342,0,6,1
10-08 11:06:19,22.746,9.498,47.742,18.247,0.250,7185324,179576,27600,719332,143656.576,4376720.896,14797.484,483.918,349.941,18.997,7013,4920,2.010,1.910,1.640,2,0,57.990,0,0,35,341,0,6,1
10-08 11:06:20,19.168,9.708,52.275,16.180,0,7195564,176316,28492,711588,28450.547,260881.153,16815.625,270.834,502.836,14.936,5597,5601,2.010,1.910,1.640,4,2,114.507,0,0,35,341,0,6,1
10-08 11:06:21,25.575,11.283,49.395,12.537,0,7215324,187620,25388,685788,47981.260,971859.216,12677.323,3927.563,216.638,625.843,6427,5586,2.010,1.910,1.640,1,0,105.310,0,0,35,341,0,7,1
10-08 11:06:22,19.665,6.223,65.716,5.476,0,7230332,175960,25392,682680,53550.895,12144.589,9988.892,306.677,98.575,12.944,4040,4008,2.010,1.910,1.640,2,0,64.721,0,0,35,342,0,7,1
10-08 11:06:23,15.024,2.504,79.629,0.501,0,7234368,192672,25284,663116,1173220.909,32093.891,9871.961,885.432,77.125,27.044,4436,3770,2.010,1.910,1.640,1,0,2.003,0,0,35,342,0,7,1
10-08 11:06:24,18.545,4.010,64.658,10.526,0.251,7241492,197636,26560,649824,106976.690,6044.730,2766.742,1098.677,91.222,21.051,3430,3804,1.930,1.900,1.640,2,1,5.012,0,0,35,342,0,7,1
10-08 11:06:25,22.175,2.492,66.526,6.977,0,7240156,194156,27316,653880,10005.314,1453.108,502.309,2160.725,43.852,109.631,3182,3663,1.930,1.900,1.640,2,0,1.993,0,0,35,342,0,8,1
10-08 11:06:26,25.255,3.751,66.764,3.001,0,7206996,250024,22496,636108,22227.814,1968.426,824.178,1844.399,38.008,58.013,3568,3812,1.930,1.900,1.640,3,0,1.000,0,0,35,340,0,8,1
10-08 11:06:27,16.214,3.492,69.346,8.481,0,7233156,223316,22496,636656,9984.756,1616.399,530.817,0,20.953,0,2649,2738,1.930,1.900,1.640,2,1,5.987,0,0,35,340,0,8,1
10-08 11:06:28,13.986,2.747,79.919,1.249,0.499,7235072,221048,22580,636924,24289.462,4411.543,203.794,543.451,21.978,19.980,3143,4036,1.930,1.900,1.640,3,0,7.992,0,0,35,342,0,8,1
10-08 11:06:29,19.535,4.508,73.884,0.501,0.250,7230956,224776,22784,637104,108764.895,5994.852,0,809.465,0,40.073,3783,4197,1.860,1.880,1.640,2,0,21.038,0,0,35,342,0,8,1
10-08 11:06:30,24.841,2.509,69.755,1.756,0,7183436,278912,23220,630084,23106.430,1975.217,281.027,999.653,8.029,33.121,2951,2841,1.860,1.880,1.640,2,0,1.004,0,0,35,340,0,8,1
10-08 11:06:31,9.777,2.758,69.695,14.791,0,7189884,269008,24692,632068,9722.176,1624.541,3457.665,252.706,376.051,14.039,2792,3473,1.860,1.880,1.640,1,0,6.017,0,0,35,340,0,8,1
10-08 11:06:32,14.437,4.978,60.239,18.420,0,7208440,243556,25064,638592,25108.025,5877.490,6850.268,59.741,578.489,3.983,3803,4093,1.860,1.880,1.640,3,1,18.918,0,0,35,341,0,8,1
10-08 11:06:33,13.984,2.997,46.448,35.210,0,7228220,216368,29752,641308,15285.792,1712.073,7175.922,0,299.663,0,2710,2980,1.860,1.880,1.640,1,2,0,0,0,35,341,0,8,1
10-08 11:06:34,14.068,6.783,51.750,24.619,0,7212132,229060,30364,644076,114944.060,4398716.229,3500.906,136.660,215.038,7.034,5792,4062,1.870,1.880,1.640,1,0,44.214,0,0,35,341,0,8,1
10-08 11:06:35,19.508,11.254,54.771,12.505,0,7222624,214060,31148,647780,42038.429,264245.268,4425.730,120.047,614.240,7.003,5913,6036,1.870,1.880,1.640,1,1,145.057,0,0,35,341,0,8,1
10-08 11:06:36,17.684,8.717,54.297,16.688,0,7217376,217040,31484,649708,54541.022,969958.450,2211.728,482.197,215.195,26.899,5966,5739,1.870,1.880,1.640,2,0,108.594,0,0,35,341,0,8,1
10-08 11:06:37,16.982,4.495,68.426,8.241,0,7253032,180624,32000,649940,9365.881,4061.612,727.214,327.646,70.923,21.976,2958,3239,1.870,1.880,1.640,3,0,3.996,0,0,35,340,0,8,1
10-08 11:06:38,14.467,3.243,68.843,10.725,0,7269868,177468,32304,635952,21232.442,1616.304,5287.907,446.978,643.528,17.959,3455,4205,1.870,1.880,1.640,2,1,0,0,0,35,340,0,8,1
10-08 11:06:39,21.579,3.513,69.004,5.018,0,7290532,186044,26896,612096,9408.606,1625.980,2794.278,831.057,305.122,24.089,3339,3735,1.800,1.870,1.640,2,0,0,0,0,35,340,0,8,1
10-08 11:06:40,23.337,3.011,67.250,4.517,0,7294612,212852,23496,584768,10007.204,1626.045,1076.000,8174.390,99.369,216.806,3249,3388,1.800,1.870,1.640,1,0,0,0,0,35,340,0,9,1
10-08 11:06:41,39.571,6.720,32.603,19.163,0.249,7295848,209100,23544,587240,9197.396,1612.705,1903.390,135.388,109.505,17.919,4932,5755,1.800,1.870,1.640,6,0,11.946,0,0,35,340,0,8,1
10-08 11:06:42,62.996,10.999,0,23.999,0,7401944,172432,22348,519752,8928.503,1457.919,4811.732,2699.850,803.955,490.973,7452,7894,1.800,1.870,1.640,4,0,0,0,0,35,340,0,8,1
10-08 11:06:43,84.273,11.435,0.746,3.729,0,7539340,181656,9044,397048,8912.592,1610.889,5803.178,505.143,339.082,24.859,6079,5908,1.800,1.870,1.640,9,0,33.809,0,0,35,340,0,8,1
10-08 11:06:44,53.928,10.080,29.484,4.536,0,7527424,189672,9620,398640,10019.516,1632.959,3257.855,1407.167,191.520,159.264,13686,30897,2.210,1.950,1.660,3,0,3.024,0,0,35,343,0,12,1
10-08 11:06:45,50.353,9.519,34.570,4.008,0,7529432,185388,10280,400260,9918.212,1623.308,1438.932,1458.973,81.165,209.427,10645,15815,2.210,1.950,1.660,9,0,0,0,0,35,346,0,14,1
10-08 11:06:46,65.722,11.245,15.493,5.997,0,7525972,178576,11828,409012,9635.868,1619.306,8488.360,7928.600,205.912,513.780,12936,20643,2.210,1.950,1.660,4,0,1.000,0,0,35,349,0,19,1
10-08 11:06:47,59.705,10.742,17.237,10.492,0,7530360,196128,8076,391684,16492.657,6096.438,1626.783,10272.313,86.935,912.317,11878,17859,2.210,1.950,1.660,6,1,27.979,0,0,35,351,0,22,1
10-08 11:06:48,51.606,10.720,24.183,11.717,0,7538920,180220,8996,398112,110521.043,4362781.485,5895.572,3139.253,94.736,372.961,14367,19141,2.210,1.950,1.660,12,0,22.936,0,0,35,350,0,26,2
10-08 11:06:49,69.907,14.980,11.984,1.997,0,7535064,180500,10472,400212,36503.231,52873.360,1593.871,4841.532,61.917,611.183,13031,20975,2.440,2,1.680,6,1,102.863,0,0,35,351,0,29,1
10-08 11:06:50,74.485,14.747,6.249,2.749,0,7527892,181880,12304,404164,38205.540,676423.923,3299.356,7818.473,112.978,786.846,13702,23023,2.440,2,1.680,7,0,53.989,0,0,35,351,0,35,1
10-08 11:06:51,62.354,14.834,19.360,2.766,0,7531104,175496,13712,405924,32017.582,571013.392,1094.206,7514.618,35.200,680.861,12957,20174,2.440,2,1.680,9,0,101.576,0,0,35,351,0,36,1
10-08 11:06:52,66.787,11.713,18.192,1.246,0,7530064,174264,15488,406420,9713.078,1614.859,299.048,15761.822,18.940,1396.554,13220,21416,2.440,2,1.680,5,0,0,0,0,35,350,0,43,1
10-08 11:06:53,69.470,12.540,15.298,1.505,0,7528608,172464,17280,407884,10979.787,1625.149,702.225,7455.622,32.102,790.505,13615,23599,2.440,2,1.680,3,0,0,0,0,35,350,0,52,1
10-08 11:06:54,48.483,7.747,38.736,1.999,0,7528256,181480,16348,400188,14099.031,1619.429,531.813,2938.964,24.991,264.907,11300,17097,2.560,2.040,1.700,3,0,1.000,0,0,35,350,0,53,1
10-08 11:06:55,47.973,8.245,40.977,1.249,0,7528688,179464,17080,401040,16247.860,1619.089,447.748,3761.884,8.995,322.818,12376,18821,2.560,2.040,1.700,3,0,0,0,0,35,352,0,55,1
10-08 11:06:56,57.576,10.468,17.447,12.961,0.249,7529444,175684,18980,402164,9620.854,1615.107,646.043,14200.979,33.897,1065.771,12504,20834,2.560,2.040,1.700,7,0,0,0,0,35,350,0,62,1
10-08 11:06:57,65.162,11.235,19.224,1.748,0,7530404,172184,20436,403248,9376.318,1617.812,451.389,10086.358,25.965,984.668,13354,22669,2.560,2.040,1.700,6,1,0,0,0,35,350,0,67,1
10-08 11:06:58,64.129,12.776,20.291,1.002,0,7530688,169664,21972,403948,8637.418,1623.273,156.315,5863.825,12.024,668.348,13288,22297,2.560,2.040,1.700,6,0,0,0,0,35,350,0,71,1
10-08 11:06:59,70.844,12.517,14.019,1.502,0,7528992,199140,22704,375968,11237.907,1622.152,508.675,8907.816,27.036,916.215,13909,24394,2.760,2.090,1.710,8,0,0,0,0,35,349,0,73,2
10-08 11:07:00,57.922,10.236,28.712,2.247,0,7529860,196116,24408,376420,13726.607,1456.049,239.679,12730.941,7.989,919.768,13109,20852,2.760,2.090,1.710,4,1,0,0,0,35,351,0,80,1
10-08 11:07:01,59.637,10.730,23.456,3.743,0,7531772,191136,25448,378448,27994.045,3115.107,1369.410,4347.776,68.870,437.173,12317,19368,2.760,2.090,1.710,6,0,8.983,0,0,35,351,0,85,1
10-08 11:07:02,65.494,13.696,11.704,7.222,0,7537524,182780,26732,379776,15235.363,6711.728,458.206,10239.917,59.766,958.249,13680,21761,2.760,2.090,1.710,5,2,48.809,0,0,35,351,0,90,1
10-08 11:07:03,54.853,11.071,25.413,6.039,0,7545572,181516,27656,372072,120471.507,4404887.857,5354.423,9629.910,78.505,696.478,14048,19070,2.760,2.090,1.710,7,0,51.330,0,0,35,353,0,92,1
10-08 11:07:04,61.111,12.970,18.707,5.487,0.249,7540540,181980,28868,375524,37848.650,463478.589,2793.626,3511.988,68.843,478.907,13471,21149,2.780,2.100,1.720,7,0,54.875,0,0,35,351,0,97,1
10-08 11:07:05,69.620,15.777,11.019,2.755,0,7544396,174992,30384,377144,68497.136,971790.036,1230.122,5934.235,24.041,630.087,14628,22063,2.780,2.100,1.720,6,0,105.181,0,0,35,353,0,99,1
10-08 11:07:06,62.411,11.530,19.300,5.013,0,7540008,175556,31792,379556,59247.795,6595.008,1796.633,5546.303,70.181,612.580,13648,21419,2.780,2.100,1.720,7,1,49.127,0,0,35,352,0,102,1
10-08 11:07:07,66.502,11.866,10.878,8.900,0,7545548,186584,29736,365104,36492.299,1601.971,2195.293,14449.380,141.409,1349.809,13482,21244,2.780,2.100,1.720,8,0,0,0,0,35,352,0,104,1
10-08 11:07:08,53.363,9.863,20.991,15.427,0,7546720,182144,33152,365048,24221.320,1474.948,2520.968,10136.475,104.197,776.927,12437,19919,2.780,2.100,1.720,3,1,0,0,0,35,352,0,107,1
10-08 11:07:09,61.442,10.740,15.735,9.491,0,7546728,176176,37860,366300,38229.825,1618.469,4004.211,5366.921,217.794,594.438,13314,20649,3.200,2.200,1.750,7,1,0,0,0,35,352,0,108,1
10-08 11:07:10,63.556,9.970,16.699,8.474,0,7553200,186560,34484,353016,33577.563,1615.073,961.068,3680.771,73.775,431.683,12098,19115,3.200,2.200,1.750,5,1,1.994,0,0,35,355,0,111,1
10-08 11:07:11,73.967,12.537,11.032,1.003,0,7564992,172096,35436,354736,20850.083,1624.760,577.692,7337.496,29.085,751.201,12964,21511,3.200,2.200,1.750,4,1,1.003,0,0,35,356,0,116,1
10-08 11:07:12,67.791,11.757,16.510,2.752,0,7571192,181636,32992,341868,12677.711,1620.986,564.343,14232.657,32.019,1221.743,14427,23681,3.200,2.200,1.750,5,0,1.001,0,0,35,355,0,127,1
10-08 11:07:13,61.720,13.244,16.992,7.496,0,7588436,188892,16940,335060,24815.990,1619.216,9791.262,10219.054,150.927,966.532,12785,20098,3.200,2.200,1.750,2,0,5.997,0,0,35,357,0,134,1
10-08 11:07:14,61.921,11.236,21.972,1.997,0,7585616,178328,18244,347140,11658.168,1617.942,10734.343,4498.277,134.828,539.314,13561,21657,3.180,2.210,1.760,4,0,0.999,0,0,35,356,0,139,1
10-08 11:07:15,55.630,10.274,31.574,1.754,0,7584648,179244,18032,347404,9396.995,1623.801,10636.898,3660.568,128.300,364.854,12359,19057,3.180,2.210,1.760,2,0,0,0,0,35,357,0,145,1
10-08 11:07:16,66.333,13.965,13.965,4.239,0,7591764,177844,14500,345228,22014.578,305521.843,11754.408,11606.780,217.453,937.639,14182,22882,3.180,2.210,1.760,9,0,50.872,0,0,35,357,0,153,1
10-08 11:07:17,58.709,11.742,17.488,9.993,0,7589184,226284,11804,316320,115371.079,4078823.481,16228.758,5644.090,270.812,525.636,14074,19113,3.180,2.210,1.760,3,2,2.998,0,0,35,357,0,158,1
10-08 11:07:18,60.432,11.737,7.741,18.230,0,7594712,203672,14456,330764,10181.623,1843.940,14867.387,9133.794,340.619,853.047,12891,19925,3.180,2.210,1.760,7,3,42.952,0,0,35,358,0,161,1
10-08 11:07:19,68.220,17.992,6.247,5.997,0,7628940,178772,12280,323784,23856.520,322211.454,17056.507,5737.480,426.813,691.696,14013,23358,3.490,2.290,1.790,7,2,59.974,0,0,35,357,0,164,1
10-08 11:07:20,60.389,13.531,12.028,13.030,0,7611552,184300,13392,334604,25137.945,391126.576,16538.122,10099.280,364.841,744.717,13361,20207,3.490,2.290,1.790,8,2,51.118,0,0,35,357,0,167,1
10-08 11:07:21,68.731,16.187,5.479,7.969,0,7614848,172500,14380,342124,29186.927,592943.563,18547.510,4829.126,312.778,470.162,12946,20666,3.490,2.290,1.790,8,0,58.770,0,0,35,357,0,177,1
10-08 11:07:22,61.572,14.074,21.362,1.508,0,7608388,193564,12100,329816,25609.908,389925.825,11689.119,5347.963,182.957,657.438,12549,20534,3.490,2.290,1.790,8,0,55.289,0,0,35,356,0,179,1
10-08 11:07:23,64.662,11.689,18.653,2.984,0,7601620,186120,13820,342308,59248.428,1611.580,11225.348,12944.366,151.210,1316.123,14320,21882,3.490,2.290,1.790,6,0,0.995,0,0,35,359,0,185,1
10-08 11:07:24,64.069,11.558,18.844,3.769,0,7596840,175556,16092,355380,73662.989,1628.111,11863.102,12602.787,168.841,1023.097,14821,23348,3.450,2.310,1.800,4,2,1.005,0,0,35,358,0,192,1
10-08 11:07:25,59.828,10.719,23.183,4.736,0,7594168,177032,14876,357796,23621.100,1615.357,13333.672,4622.712,171.507,436.745,12694,19614,3.450,2.310,1.800,2,1,5.983,0,0,35,358,0,200,1
10-08 11:07:26,52.947,10.790,33.374,1.757,0,7592680,180088,13060,358044,21917.453,1626.043,11691.449,3601.384,175.653,270.003,11792,17679,3.450,2.310,1.800,5,0,0,0,0,35,356,0,205,1
10-08 11:07:27,47.108,8.474,38.135,3.489,0,7591452,179784,13588,359048,9341.885,1453.625,11401.686,4163.470,142.571,454.632,12318,19544,3.450,2.310,1.800,7,0,0,0,0,35,356,0,210,1
10-08 11:07:28,66.018,12.003,19.255,1.250,0,7591844,180384,13888,357756,31753.739,1620.446,10390.860,10390.860,116.032,1044.287,13504,22000,3.450,2.310,1.800,8,0,0,0,0,35,357,0,212,1
10-08 11:07:29,68.756,13.001,15.001,2.000,0,7592768,180620,13568,356916,60656.430,1620.145,10388.930,13865.241,116.010,1202.108,15052,26197,3.730,2.380,1.830,7,0,0,0,0,35,356,0,213,1
10-08 11:07:30,68.074,11.012,17.018,1.752,0,7592784,171892,14584,364612,34758.559,1621.752,10363.198,6947.507,98.106,810.876,14838,23975,3.730,2.380,1.830,2,1,0,0,0,35,356,0,217,1
10-08 11:07:31,74.908,13.483,9.988,1.248,0,7593784,175596,11172,363356,10202.501,1618.018,10243.451,8653.399,93.885,878.923,14114,25393,3.730,2.380,1.830,5,1,0.999,0,0,35,357,1,220,1
10-08 11:07:32,62.988,13.247,18.996,3.999,0,7600748,171236,11196,360732,24300.196,5901.833,10657.893,13365.358,136.973,1182.766,14307,24079,3.730,2.380,1.830,5,1,39.992,0,0,35,359,0,221,1
10-08 11:07:33,52.438,12.985,28.217,4.495,0,7603012,175628,8616,356656,137425.844,4904535.198,16156.818,4806.294,169.798,371.559,14176,18360,3.730,2.380,1.830,8,0,63.924,0,0,35,359,0,223,1
10-08 11:07:34,57.243,11.800,20.839,8.787,0,7607004,173988,8968,353964,63610.554,4487.085,10613.141,9287.502,142.607,935.981,13439,19508,4.070,2.480,1.860,8,0,18.077,0,0,35,359,0,228,1
10-08 11:07:35,54.622,9.228,21.200,12.221,0,7616356,174064,7756,346036,48797.468,1454.586,14394.216,2597.903,302.290,271.363,11900,17316,4.070,2.480,1.860,6,0,0,0,0,35,359,0,233,1
10-08 11:07:36,55.576,10.264,21.279,11.265,0,7610872,199136,5648,328848,71865.788,1622.230,14475.899,3204.405,349.480,220.303,12193,16884,4.070,2.480,1.860,4,3,7.010,0,0,35,358,0,236,1
10-08 11:07:37,54.418,11.233,23.465,9.486,0,7605444,186748,6692,345596,57710.861,444720.503,15516.571,3730.367,253.617,453.316,13395,19823,4.070,2.480,1.860,5,1,35.946,0,0,35,359,0,240,1
10-08 11:07:38,64.998,16.187,13.448,2.988,0,7610976,186056,7364,340088,62302.816,416832.376,11885.987,13651.154,176.317,1167.480,15443,24650,4.070,2.480,1.860,6,0,61.761,0,0,35,359,0,247,1
10-08 11:07:39,64.835,14.324,11.308,8.795,0.251,7606544,176088,8828,353100,30495.626,572007.603,11680.374,11274.275,161.837,1204.224,13376,21689,4.230,2.540,1.880,7,0,92.478,0,0,35,358,0,252,1
10-08 11:07:40,58.948,11.193,25.121,2.736,0,7602836,181764,9668,350284,9887.420,1611.755,10645.542,6856.923,121.379,861.592,13645,22534,4.230,2.540,1.880,10,1,0.995,0,0,35,358,0,254,1
10-08 11:07:41,59.694,10.534,25.583,2.508,0,7602280,182580,9920,349780,10560.253,1625.272,10702.715,12243.714,123.400,948.075,13374,21694,4.230,2.540,1.880,6,0,0,0,0,35,357,0,256,2
10-08 11:07:42,48.991,9.748,38.993,1.000,0,7604952,189144,7584,342880,17857.844,1619.714,10158.205,3555.372,94.983,343.939,11589,17309,4.230,2.540,1.880,5,0,0,0,0,35,358,0,260,1
10-08 11:07:43,54.338,10.767,30.549,3.005,0,7630692,188100,4152,321616,21073.949,1622.614,10468.865,3738.022,118.190,310.500,11423,17198,4.230,2.540,1.880,11,0,1.002,0,0,35,358,0,262,1
10-08 11:07:44,56.973,9.952,20.401,9.205,0,7632872,171740,5124,334824,9819.283,1612.166,12029.542,8709.675,168.183,871.764,12377,18951,4.130,2.540,1.890,4,0,12.937,0,0,35,358,0,266,1
10-08 11:07:45,53.515,13.316,22.361,9.045,0,7611544,230044,4012,303492,16590.140,1628.061,16312.766,2709.415,422.090,284.408,11951,24912,4.130,2.540,1.890,5,1,24.119,0,0,35,359,0,270,1
10-08 11:07:46,57.614,10.725,25.440,4.739,0,7614312,211044,6224,317580,9322.060,1454.577,13236.846,5826.287,269.366,664.436,13569,21934,4.130,2.540,1.890,4,0,1.995,0,0,35,358,0,273,1
10-08 11:07:47,53.473,11.441,25.369,7.710,0,7687396,181976,2444,277732,14149.810,1611.664,11814.887,12391.903,193.997,1067.478,12179,19277,4.130,2.540,1.890,7,0,0,0,0,35,358,0,262,1
10-08 11:07:48,69.481,13.697,11.705,2.739,0,7685616,183228,3236,277788,20740.586,1613.743,12144.913,7479.003,214.170,895.528,13579,23327,4.130,2.540,1.890,6,0,0,0,0,35,358,0,265,1
10-08 11:07:49,56.265,10.047,29.639,3.014,0,7686384,183188,3340,277300,10690.295,1768.319,11735.211,9130.959,187.884,876.122,12119,18160,4.200,2.580,1.900,4,1,1.005,0,0,35,359,0,269,1
10-08 11:07:50,51.749,9.044,21.353,16.329,0,7687128,173596,3504,286040,32376.865,4976.959,21612.042,3062.744,436.099,313.509,10907,15408,4.200,2.580,1.900,3,1,1.005,0,0,35,360,0,276,1
10-08 11:07:51,53.514,11.201,16.676,17.423,0,7686768,184268,3572,275672,11307.088,2747.870,18450.555,11222.462,441.053,780.554,12213,18523,4.200,2.580,1.900,5,1,1.991,0,0,35,360,0,264,1
10-08 11:07:52,59.762,11.802,13.308,13.811,0,7687776,179244,3908,279356,30566.176,2150.440,15074.171,4997.939,367.614,534.346,12482,19397,4.200,2.580,1.900,3,4,35.154,0,0,35,359,0,266,1
10-08 11:07:53,53.904,12.034,17.299,14.040,0,7688324,184180,4308,276548,111682.512,4385728.835,20109.351,5162.724,348.995,492.404,13378,17764,4.200,2.580,1.900,2,2,14.040,0,0,35,360,0,269,2
10-08 11:07:54,70.379,15.667,7.709,6.217,0,7686936,171592,5756,289092,33979.789,601751.339,21916.412,11224.800,453.608,1247.421,15052,22771,4.500,2.680,1.940,4,3,99.475,0,0,35,360,0,272,1
10-08 11:07:55,55.309,10.713,14.699,17.191,0,7688160,180136,6164,279460,10834.533,1452.975,16762.035,11444.424,388.656,940.747,12488,20322,4.500,2.680,1.940,5,1,0.997,0,0,35,358,0,254,2
10-08 11:07:56,58.467,11.543,16.812,12.045,0.251,7691548,171872,6120,284376,11124.309,94187.753,18239.731,5673.066,392.457,595.210,12923,20450,4.500,2.680,1.940,3,1,1.004,0,0,35,359,0,259,1
10-08 11:07:57,57.952,13.045,17.310,10.286,0,7688160,179244,4056,282460,24890.757,375457.667,16088.075,4824.817,361.259,442.542,12926,19562,4.500,2.680,1.940,5,1,40.140,0,0,35,359,0,265,1
10-08 11:07:58,57.056,11.761,17.017,11.511,0,7694240,171972,4116,283580,22843.310,413222.571,17601.190,5285.162,357.349,554.542,12353,19170,4.500,2.680,1.940,3,0,15.015,0,0,35,359,0,270,1
10-08 11:07:59,58.776,14.445,16.686,8.717,0,7687428,184736,1660,280376,44166.482,563714.142,24956.777,10850.599,620.632,1073.903,14121,20430,4.700,2.750,1.960,4,1,52.799,0,0,35,360,0,253,1
10-08 11:08:00,49.855,10.021,22.046,17.036,0,7688640,181048,2620,281916,29391.831,2377.000,12730.782,9744.499,231.487,669.408,12397,18600,4.700,2.750,1.960,9,1,28.059,0,0,35,359,0,254,1
10-08 11:08:01,51.249,11.500,24.249,11.000,0,7684628,186096,2720,280776,9924.762,5327.872,15419.630,4139.901,246.994,499.988,12930,20515,4.700,2.750,1.960,6,1,20.999,0,0,35,359,0,255,1
10-08 11:08:02,67.810,14.012,13.262,3.753,0,7685924,185708,3440,278760,10500.321,1621.439,14212.616,7394.564,217.193,823.731,14138,24054,4.700,2.750,1.960,5,1,7.006,0,0,35,358,0,256,1
10-08 11:08:03,68.976,12.746,13.245,3.999,0,7688500,177604,3404,284324,10575.319,1619.436,18557.541,8708.969,325.887,988.656,14456,24863,4.700,2.750,1.960,7,0,0,0,0,35,358,0,241,1
10-08 11:08:04,66.852,12.769,13.270,5.008,0,7687596,175672,3976,286588,11572.598,1622.467,11721.825,19453.582,189.288,1644.501,14731,24691,4.570,2.750,1.970,4,0,0,0,0,35,358,0,244,1
10-08 11:08:05,59.676,11.236,20.724,6.242,0,7686504,177872,3604,285852,10603.778,1617.983,11497.663,5880.667,180.775,591.263,13580,21610,4.570,2.750,1.970,4,0,0.999,0,0,35,358,0,250,1
10-08 11:08:06,60.581,12.016,22.780,3.004,0,7687628,177452,3548,285204,8845.808,1459.949,11539.404,4546.069,175.234,512.684,13149,21111,4.570,2.750,1.970,2,1,0,0,0,35,358,0,253,1
10-08 11:08:07,48.934,9.487,35.702,3.495,0,7691528,185616,2172,274588,27794.495,1617.817,18826.596,5328.809,306.586,382.484,11901,17735,4.570,2.750,1.970,2,0,0,0,0,35,358,0,242,1
10-08 11:08:08,49.331,9.265,38.563,2.003,0,7690484,171016,3336,289068,23906.227,1622.663,10961.987,10593.382,143.235,716.175,12455,19496,4.570,2.750,1.970,3,0,0,0,0,35,358,0,244,1
10-08 11:08:09,55.308,10.417,28.026,3.968,0,7687292,176248,3888,286524,9743.068,1607.145,11535.729,9305.567,188.492,1013.890,13051,19974,4.360,2.740,1.970,3,1,0,0,0,35,358,0,246,1
10-08 11:08:10,65.151,12.074,16.602,4.779,0,7688112,173296,3752,288792,10173.672,1630.041,12887.389,5067.215,255.574,553.409,12786,21380,4.360,2.740,1.970,3,0,0,0,0,35,358,0,256,1
10-08 11:08:11,66.224,13.245,14.744,3.749,0,7690324,172868,4072,286688,24913.199,3119.773,13842.554,7784.937,265.895,891.649,14680,24470,4.360,2.740,1.970,6,1,1.999,0,0,35,359,0,248,1
10-08 11:08:12,61.094,12.967,13.715,11.720,0,7693356,177340,2904,280360,10818.293,4588.249,20567.324,8929.131,402.968,791.972,13859,22081,4.360,2.740,1.970,7,0,29.923,0,0,35,359,0,250,1
10-08 11:08:13,62.205,13.294,14.297,8.277,0,7698672,177904,1944,275512,113526.755,4377749.510,19576.450,12601.487,336.107,1013.336,15067,22337,4.360,2.740,1.970,5,1,23.076,0,0,35,359,0,252,1
10-08 11:08:14,66.328,14.213,5.486,12.966,0,7723816,180480,1532,249104,44333.162,631477.260,21863.366,6343.568,539.602,647.323,13024,20272,4.650,2.830,2,6,2,51.866,0,0,35,359,0,254,1
10-08 11:08:15,36.726,7.745,12.992,39.225,0,7698280,189500,3376,263896,19025.737,1616.958,20406.847,8662.417,516.667,810.478,9416,12896,4.650,2.830,2,8,3,2.998,0,0,35,359,0,257,1
10-08 11:08:16,42.954,9.043,22.356,23.863,0,7699828,174736,4340,276204,12881.148,1627.727,22808.273,4240.128,493.342,452.146,10440,15656,4.650,2.830,2,6,4,25.119,0,0,35,359,0,232,1
10-08 11:08:17,56.992,12.248,12.248,16.998,0,7699016,174524,5224,276344,22552.758,3915.437,19033.264,11890.291,417.940,906.870,13306,20844,4.650,2.830,2,4,2,20.997,0,0,35,359,0,235,1
10-08 11:08:18,62.486,12.247,9.998,13.247,0,7703312,181624,4580,265684,12900.129,3357.253,24366.577,4758.941,719.840,532.881,13600,21193,4.650,2.830,2,4,2,4.999,0,0,35,359,0,240,1
10-08 11:08:19,58.272,11.754,8.753,20.758,0,7702492,191092,3552,258212,27114.279,482047.737,28322.737,3317.258,755.286,312.118,12655,18301,4.600,2.850,2.010,4,1,2.001,0,0,35,359,0,246,1
10-08 11:08:20,40.586,9.960,17.181,30.875,0,7707412,185584,3192,259208,14629.925,2989.927,18712.440,4613.371,506.953,604.559,10044,14335,4.600,2.850,2.010,2,7,26.891,0,0,35,359,0,230,1
10-08 11:08:21,46.651,10.785,7.524,33.358,0,7708344,179568,3712,263888,10089.659,1625.261,26694.406,7094.965,738.390,588.906,11446,16788,4.600,2.850,2.010,3,4,16.052,0,0,35,359,0,235,1
10-08 11:08:22,60.957,12.991,8.244,15.739,0.250,7710388,180704,3420,261060,22283.261,3397.600,34023.969,11783.677,848.401,968.316,13864,21808,4.600,2.850,2.010,5,3,6.995,0,0,35,359,0,237,1
10-08 11:08:23,64.458,13.991,7.245,12.742,0,7702764,174496,3388,274984,11435.579,1702.895,23336.855,6247.945,556.639,732.525,13944,22791,4.600,2.850,2.010,5,2,2.998,0,0,35,358,0,243,1
10-08 11:08:24,59.503,11.251,4.500,23.751,0,7702900,182240,2152,268608,19493.934,411475.705,29509.413,7308.350,709.034,923.044,13149,20437,4.790,2.920,2.040,6,6,4.000,0,0,35,359,0,220,2
10-08 11:08:25,48.332,10.017,6.261,32.805,0,7704968,184272,2624,264040,14780.004,6103.325,35139.448,11359.217,830.405,1088.842,11846,18114,4.790,2.920,2.040,8,5,1.002,0,0,35,358,0,224,1
10-08 11:08:26,57.104,12.219,4.987,24.188,0,7710804,171652,3912,269624,25783.101,1454.283,26611.983,12807.266,595.478,988.474,12687,20376,4.790,2.920,2.040,7,4,5.985,0,0,35,359,0,226,1
10-08 11:08:27,51.105,11.218,8.227,27.921,0,7711220,176884,2580,265380,12886.506,1615.425,26006.350,3338.545,794.749,353.997,10593,15881,4.790,2.920,2.040,9,3,11.966,0,0,35,359,0,233,1
10-08 11:08:28,52.784,11.814,11.311,22.873,0,7713876,181204,3636,257680,9095.910,1628.758,28911.461,3595.333,696.747,350.887,12045,17930,4.790,2.920,2.040,2,3,32.173,0,0,35,359,0,211,1
10-08 11:08:29,45.333,9.963,12.952,30.388,0,7701608,175204,4064,275516,20725.825,2140.134,26363.106,7568.184,550.975,783.122,10369,14437,4.890,2.970,2.060,3,6,6.974,0,0,35,359,0,214,1
10-08 11:08:30,36.785,8.258,14.764,37.786,0.250,7701528,188932,1560,264464,21177.900,3020.839,33391.376,4976.676,743.699,501.471,10770,16081,4.890,2.970,2.060,7,3,3.003,0,0,35,359,0,214,1
10-08 11:08:31,52.186,10.036,15.054,22.079,0,7712052,169996,3328,271192,10526.578,1625.804,26795.657,10248.586,741.648,789.820,12309,18219,4.890,2.970,2.060,2,3,0,0,0,35,359,0,216,1
10-08 11:08:32,47.846,9.719,14.703,25.169,0,7715780,174776,1924,264128,39085.246,2075.323,27471.612,9254.225,722.675,992.806,11946,16209,4.890,2.970,2.060,11,3,6.978,0,0,35,359,0,212,1
10-08 11:08:33,37.823,8.266,6.262,45.588,0,7719692,179440,1528,256032,22674.859,2246.345,29200.481,5670.969,885.713,659.275,9962,14593,4.890,2.970,2.060,4,2,1.002,0,0,35,359,0,213,1
10-08 11:08:34,62.806,11.760,10.259,12.761,0,7718652,177572,2084,258472,28605.432,563567.044,32180.610,5540.926,871.775,670.596,14513,22641,5.220,3.070,2.100,5,3,0,0,0,35,359,0,215,1
10-08 11:08:35,50.520,10.504,6.002,31.512,0,7714248,186040,2828,253704,44869.644,2016.793,34493.564,12552.936,770.303,1063.418,12798,19469,5.220,3.070,2.100,0,10,1.000,0,0,35,359,0,216,2
10-08 11:08:36,40.961,8.689,10.675,36.741,0,7715204,176608,4356,260644,32942.840,1972.102,31843.587,6740.497,844.052,819.227,9849,13917,5.220,3.070,2.100,3,4,0.993,0,0,35,359,0,204,1
10-08 11:08:37,52.358,10.572,8.307,28.193,0,7725988,169984,3152,257708,13889.848,5377.722,26601.653,2545.381,788.384,233.595,10794,15580,5.220,3.070,2.100,3,6,3.021,0,0,35,358,0,206,1
10-08 11:08:38,43.603,10.405,15.360,28.491,0,7733860,174056,1072,247860,11408.127,3026.444,28187.348,6266.938,695.666,785.845,10938,15184,5.220,3.070,2.100,3,7,0,0,0,35,359,0,210,1
10-08 11:08:39,52.808,10.562,9.053,26.404,0,7717304,174212,2056,263288,10252.704,1850.778,33575.518,4385.538,804.686,463.700,12055,17846,5.280,3.120,2.120,3,2,1.006,0,0,35,359,0,216,1
10-08 11:08:40,50.161,11.537,13.042,23.827,0,7712704,183408,1768,259032,8977.876,1625.227,38865.003,8848.460,749.410,665.139,11924,18185,5.280,3.120,2.120,3,5,0,0,0,35,360,0,198,1
10-08 11:08:41,53.966,10.243,8.245,25.234,0,7714664,174556,2640,265064,44648.539,2058.688,25331.852,3173.977,709.548,380.757,12526,18121,5.280,3.120,2.120,3,3,8.994,0,0,35,359,0,203,1
10-08 11:08:42,45.273,10.448,14.925,28.109,0,7721892,180236,3492,251308,9504.244,1896.471,25499.872,4222.782,774.110,491.530,11410,17061,5.280,3.120,2.120,5,1,24.875,0,0,35,359,0,207,1
10-08 11:08:43,55.277,12.312,10.302,19.598,0,7717808,183112,3252,252752,10725.762,1628.161,28297.841,5190.015,745.738,608.048,12314,19498,5.280,3.120,2.120,6,6,20.101,0,0,35,360,0,210,1
10-08 11:08:44,52.191,10.636,6.431,28.940,0,7725120,180104,2196,249508,10539.148,3421.364,26994.941,11409.825,747.991,1060.643,11798,17265,6.620,3.430,2.230,5,3,4.947,0,0,35,359,0,203,1
10-08 11:08:46,34.633,9.764,1.983,50.195,0,7770728,182064,388,204616,34730.890,3008.668,53633.623,4867.573,1423.777,513.243,14926,21533,6.620,3.430,2.230,1,26,1.221,0,0,35,357,0,207,2
10-08 11:08:48,21.178,10.359,3.568,62.615,0,7727276,181288,1220,249468,27514.018,2423.550,105731.986,6487.969,2088.839,539.129,18699,24045,6.620,3.430,2.230,8,5,4.144,0,0,35,358,0,208,2,"missed 2 ticks"
10-08 11:08:48,56.190,14.047,8.428,25.285,0,7727164,178208,1552,252328,13833.916,910.274,35669.252,5439.168,786.656,573.135,2080,3496,6.620,3.430,2.230,3,6,0,0,0,35,358,0,195,2
10-08 11:08:49,46.924,10.620,8.150,32.353,0,7711436,184016,1628,262192,19242.803,1665.556,53554.641,5302.909,1040.232,682.621,11098,15669,7.050,3.570,2.280,5,3,4.939,0,0,35,358,0,198,1
10-08 11:08:50,54.532,11.866,12.371,19.692,0,7724088,171824,3216,260660,13437.146,1635.967,31232.832,3744.547,818.993,422.120,11359,17495,7.050,3.570,2.280,5,3,26.256,0,0,35,357,0,199,1
10-08 11:08:51,56.293,12.974,12.094,17.812,0,7716500,204940,924,236908,11863.801,1567.415,33828.720,3039.835,979.854,307.854,12422,23519,7.050,3.570,2.280,2,1,1.759,0,0,35,358,0,204,1
10-08 11:08:52,47.867,8.993,34.813,5.802,0,7714796,177160,2292,265024,9815.988,1691.892,30138.415,11260.711,487.376,787.925,9670,14624,7.050,3.570,2.280,2,1,0,0,0,35,359,0,191,1
10-08 11:08:53,46.871,9.723,39.641,2.493,0,7711380,178632,1956,267304,10603.792,1615.550,14149.027,1531.781,219.396,161.555,10264,14676,7.050,3.570,2.280,4,0,0,0,0,35,359,0,193,1
10-08 11:08:54,61.859,11.019,15.527,10.268,0,7713796,177968,1640,265868,29266.683,1622.866,19730.843,9404.608,388.686,957.691,12245,19487,6.970,3.610,2.300,3,3,0,0,0,35,358,0,196,1
10-08 11:08:55,55.742,10.495,12.595,19.358,0,7741792,174800,1996,240712,9014.883,1641.953,17695.777,6982.033,738.879,785.525,12678,19527,6.970,3.610,2.300,7,4,0.933,0,0,35,359,0,203,1
10-08 11:08:56,65.634,11.298,11.029,11.567,0,7718176,183568,4912,252644,24948.485,4926.860,11336.406,9533.082,352.918,1020.018,12909,21050,6.970,3.610,2.300,5,0,1.076,0,0,35,359,0,207,1
10-08 11:08:57,58.454,11.991,11.741,15.238,0,7710372,187836,5560,255528,12399.192,3065.575,22534.175,13637.213,467.630,1124.111,13102,22385,6.970,3.610,2.300,2,5,0,0,0,35,359,0,198,1
10-08 11:08:58,44.961,9.294,19.090,25.871,0,7708872,170988,7308,272132,9112.768,1464.875,16228.162,3592.862,463.174,303.424,10147,15102,6.970,3.610,2.300,2,2,3.014,0,0,35,360,0,198,1
10-08 11:08:59,46.603,9.221,17.445,23.925,0,7711428,178588,2384,266908,9989.506,1614.909,12931.231,2902.848,315.007,227.283,11034,16532,6.890,3.650,2.320,5,1,20.934,0,0,35,359,0,203,1
10-08 11:09:00,47.005,8.751,22.002,21.252,0,7713716,169564,3388,272640,11833.222,1620.167,6480.669,8224.849,174.018,830.086,10903,16335,6.890,3.650,2.320,8,0,21.002,0,0,35,360,0,203,1
10-08 11:09:01,47.013,11.003,19.756,20.006,0,7714708,178724,2380,263492,26244.462,267237.982,19761.619,1808.514,549.156,175.050,11734,16756,6.890,3.650,2.320,3,3,12.003,0,0,35,359,0,194,1
10-08 11:09:02,57.064,9.260,8.510,23.026,0,7714576,171612,1816,271316,113877.616,4112745.012,26445.868,3119.523,726.821,326.369,13817,17621,6.890,3.650,2.320,4,4,2.002,0,0,35,359,0,198,2
10-08 11:09:03,54.172,12.363,8.542,22.928,0,7716528,173600,1660,267012,23594.704,5564.653,30505.339,5660.859,1029.492,671.643,15397,23723,6.890,3.650,2.320,7,2,7.193,0,0,35,360,0,200,1
10-08 11:09:04,52.236,11.514,19.378,16.008,0,7713668,177784,2484,264876,19232.846,1637.842,15021.414,16068.374,371.828,1269.384,11840,19115,6.820,3.690,2.340,6,1,2.247,0,0,35,359,0,203,1
10-08 11:09:05,54.851,10.018,18.784,14.527,0,7716292,181164,2096,259268,9163.820,1622.979,8647.873,11717.507,373.686,1347.473,12885,19953,6.820,3.690,2.340,11,2,20.037,0,0,35,359,0,197,1
10-08 11:09:06,66.142,12.480,9.235,10.233,0,7714140,186228,1100,257704,19494.035,1617.348,9152.992,6988.541,380.376,825.646,14004,22869,6.820,3.690,2.340,8,3,26.956,0,0,35,359,0,202,1
10-08 11:09:07,47.752,9.948,17.907,22.135,0,7718928,178148,2448,259776,29046.842,694653.068,21520.011,11305.169,698.366,834.656,12468,18869,6.820,3.690,2.340,4,3,7.959,0,0,35,359,0,206,2
10-08 11:09:08,39.820,8.065,29.991,20.414,0,7715100,171628,3196,269368,37784.109,5914.604,9214.161,2354.954,383.083,240.939,9576,13980,6.820,3.690,2.340,3,0,1.008,0,0,35,360,0,207,1
10-08 11:09:09,48.337,9.468,14.950,24.667,0,7715992,174464,2840,266004,30620.609,1774.010,12378.205,2914.160,488.351,232.216,11869,17137,6.670,3.710,2.360,4,1,14.950,0,0,35,359,0,197,1
10-08 11:09:10,47.894,10.783,19.810,20.562,0,7715260,177884,2036,264116,19429.593,1624.900,10443.494,8008.150,282.853,801.417,11203,15588,6.670,3.710,2.360,5,0,39.118,0,0,35,360,0,204,1
10-08 11:09:11,41.809,8.011,29.792,17.275,0,7718152,192904,1264,246976,12392.606,2994.254,7466.607,2515.574,360.512,263.374,10305,15302,6.670,3.710,2.360,2,2,3.004,0,0,35,359,0,205,1
10-08 11:09:12,48.555,9.909,21.305,18.580,0,7725040,186284,2268,245720,18536.052,1605.282,18752.071,2322.704,636.167,244.756,11484,16424,6.670,3.710,2.360,5,3,0.991,0,0,35,359,0,208,1
10-08 11:09:13,40.501,9.559,14.339,34.212,0,7750104,179416,936,228856,20771.681,513529.330,21843.320,9732.292,715.432,1046.483,10398,14724,6.670,3.710,2.360,1,5,3.019,0,0,35,359,0,190,1
10-08 11:09:14,38.272,6.504,15.509,38.022,0,7737192,183148,1812,237168,20488.942,2017.176,24782.444,3021.761,778.454,327.191,7930,10625,6.780,3.790,2.390,4,3,1.001,0,0,35,359,0,190,2
10-08 11:09:15,33.784,7.758,21.772,35.536,0.250,7721836,184248,2116,251116,23494.983,4649.746,26006.547,12260.515,574.587,1154.178,9523,13847,6.780,3.790,2.390,3,1,1.001,0,0,35,359,0,191,1
10-08 11:09:16,47.026,8.211,22.393,20.652,0,7721068,183984,1068,253204,25927.506,3053.456,13169.274,5302.743,370.237,658.862,11665,17598,6.780,3.790,2.390,6,4,0,0,0,35,359,0,192,1
10-08 11:09:18,31.772,8.826,6.740,50.226,0,7749240,179244,880,230088,17271.893,3075.808,39115.135,3504.572,1277.949,390.895,13457,19303,6.780,3.790,2.390,0,5,1.926,0,0,35,359,0,184,1
10-08 11:09:18,38.713,9.109,8.540,41.559,0,7726916,189180,2064,241292,18718.650,1475.631,27900.353,7250.630,1147.713,717.321,4665,6599,6.780,3.790,2.390,4,3,2.277,0,0,35,359,0,184,1
10-08 11:09:19,18.645,5.469,15.662,57.426,0,7719148,180184,2460,257664,26210.263,1610.920,23308.619,13969.261,572.772,1340.444,7567,11065,6.560,3.790,2.400,1,5,7.955,0,0,35,359,0,186,1
10-08 11:09:20,25.833,6.521,12.791,52.419,0,7717392,188084,1624,252364,19959.501,1691.466,16124.107,1665.382,585.893,154.499,6526,7863,6.560,3.790,2.400,4,5,24.078,0,0,35,357,0,186,1
10-08 11:09:21,50.411,6.019,6.521,35.865,0,7706664,183036,4584,265180,470267.817,1625.194,14566.550,1384.424,532.702,124.398,12866,9336,6.560,3.790,2.400,3,8,11.035,0,0,35,357,0,170,1
10-08 11:09:22,43.489,8.998,16.746,29.742,0,7564844,307420,6868,280328,11122.172,3017.233,16111.903,2247.429,413.895,234.940,10137,14894,6.560,3.790,2.400,3,2,11.997,0,0,35,357,0,172,1
10-08 11:09:23,45.140,7.981,17.956,26.436,0,7565536,289260,8348,296296,19824.908,1616.080,15454.510,1775.692,374.093,185.550,9651,13900,6.560,3.790,2.400,3,2,1.995,0,0,35,357,0,175,1
10-08 11:09:24,52.886,13.535,11.279,20.553,0,7582340,249316,9812,317948,27674.341,419019.175,22782.731,3966.224,427.101,456.176,10797,15654,6.510,3.830,2.410,2,2,11.028,0,0,35,357,0,176,1
10-08 11:09:25,36.585,9.021,29.819,22.803,0,7574540,248392,10920,325520,9308.620,2996.961,6631.402,10636.705,181.421,1176.733,9674,14140,6.510,3.830,2.410,4,3,57.133,0,0,35,357,0,160,1
10-08 11:09:26,44.487,11.247,23.493,18.745,0,7559912,247664,12984,338708,29970.362,578632.220,13300.166,10536.963,320.908,861.752,11691,17117,6.510,3.830,2.410,4,1,62.982,0,0,35,360,0,160,1
10-08 11:09:27,43.536,5.971,45.278,3.483,0,7470928,334232,13712,340320,18673.335,1450.878,1317.532,3104.759,46.770,313.461,8295,12084,6.510,3.830,2.410,2,0,1.990,0,0,35,357,0,160,1
10-08 11:09:28,25.812,5.263,64.154,2.506,0,7463948,339784,14140,341292,10085.190,1623.895,966.318,1976.741,26.063,193.464,7045,10190,6.510,3.830,2.410,2,0,0,0,0,35,357,0,161,1
10-08 11:09:29,26.775,4.754,60.056,6.256,0,7464664,336792,14428,343260,20416.163,1621.522,1493.402,1445.357,69.065,128.120,6865,9233,6.150,3.800,2.410,2,1,1.001,0,0,35,356,0,147,1
10-08 11:09:30,25.611,5.470,63.406,2.984,0,7463692,336288,15148,343988,31238.695,1611.267,628.593,2820.713,22.876,324.243,7968,11548,6.150,3.800,2.410,3,0,0,0,0,35,357,0,147,1
10-08 11:09:31,24.882,5.278,62.833,5.027,0,7464036,333544,16464,344984,9311.293,1628.622,687.640,8967.473,22.117,722.827,7870,12478,6.150,3.800,2.410,2,0,0,0,0,35,357,0,147,1
10-08 11:09:32,27.316,6.015,60.145,5.012,0.251,7463292,332036,17308,346380,33876.835,1623.923,1459.526,2698.519,59.143,300.726,7955,10979,6.150,3.800,2.410,4,0,0,0,0,35,357,0,148,1
10-08 11:09:33,25.639,4.730,63.974,2.987,0,7463108,329264,17652,348948,44037.732,1772.342,2194.518,1696.669,33.854,155.329,7540,9915,6.150,3.800,2.410,2,0,0,0,0,35,357,0,141,1
10-08 11:09:34,26.281,4.505,65.078,2.002,0.250,7463168,328004,17868,349924,22721.180,1621.940,736.881,1269.519,14.017,108.129,6895,9008,5.820,3.770,2.410,3,0,0,0,0,35,357,0,142,1
10-08 11:09:35,26.581,5.015,63.946,2.257,0,7463312,326240,18616,350748,20020.209,1624.968,473.448,10736.826,15.046,1023.128,8290,11597,5.820,3.770,2.410,2,0,0,0,0,35,357,0,142,1
10-08 11:09:36,30.370,7.219,57.752,2.738,0,7467240,320700,19816,351140,22120.053,5877.771,422.188,4134.254,17.923,510.807,9042,13243,5.820,3.770,2.410,4,0,48.791,0,0,35,358,0,142,1
10-08 11:09:37,26.587,7.776,50.666,11.789,0,7373696,405320,21052,358764,137401.631,5109975.006,7307.968,7693.231,78.257,520.708,9186,9607,5.820,3.770,2.410,1,0,69.227,0,0,35,357,0,135,1
10-08 11:09:38,33.730,7.995,51.970,5.497,0,7333932,440908,21136,362796,33716.300,526229.538,2574.496,507.703,40.976,35.979,5221,4817,5.820,3.770,2.410,1,1,112.934,0,0,35,357,0,135,1
10-08 11:09:39,13.460,9.222,67.298,7.727,0,7308768,459164,21368,369548,52847.269,1233796.185,7361.888,394.814,90.727,28.913,5584,5467,5.510,3.740,2.410,2,0,120.638,0,0,35,357,0,135,1
10-08 11:09:40,5.487,1.995,89.783,0.249,0,7304656,462984,21448,369752,10478.725,3507.540,155.625,414.999,1.995,37.909,2418,3340,5.510,3.740,2.410,1,0,0.998,0,0,35,356,0,136,1
10-08 11:09:41,5.003,1.751,90.303,0.750,0,7304748,462732,21624,369732,30188.752,1620.953,76.045,2521.483,4.002,87.051,2777,3787,5.510,3.740,2.410,1,0,0,0,0,35,356,0,136,1
10-08 11:09:42,3.250,1.500,92.752,0.500,0,7304596,462732,21672,369832,21287.511,1620.039,16.000,264.006,1.000,24.001,1865,2726,5.510,3.740,2.410,1,0,0,0,0,35,356,0,118,1
10-08 11:09:43,3.016,1.005,93.489,0.251,0,7304528,462732,21704,369868,9312.716,1628.519,8.042,325.704,2.011,25.131,1699,2438,5.510,3.740,2.410,2,0,0,0,0,35,356,0,118,1
10-08 11:09:44,2.736,0.498,93.537,0,0,7304508,462732,21712,369880,8787.541,1450.825,3.980,31.843,0.995,3.980,1578,2321,5.070,3.670,2.390,1,0,0,0,0,35,356,0,118,1
10-08 11:09:45,4.005,1.001,93.613,0.250,0,7304508,462732,21712,369880,11059.360,1621.959,60.073,144.174,1.001,2.002,1685,2307,5.070,3.670,2.390,1,0,0,0,0,35,356,0,118,1
10-08 11:09:46,4.014,1.004,92.080,0.251,0,7305428,461724,21800,369876,10095.150,1625.822,0,244.877,0,33.119,1964,2801,5.070,3.670,2.390,1,0,0,0,0,35,356,0,103,1
10-08 11:09:47,4.230,1.244,92.064,0.249,0,7305312,461724,21864,369920,31262.948,1612.364,0,350.341,0,31.849,2280,2966,5.070,3.670,2.390,1,0,0,0,0,35,356,0,103,1
10-08 11:09:48,8.012,3.005,83.379,3.756,0,7334924,428208,22052,373632,13282.504,1622.505,2780.292,320.495,39.060,26.040,2355,2913,5.070,3.670,2.390,4,1,3.005,0,0,35,356,0,103,1
10-08 11:09:49,7.008,2.753,88.097,0.250,0,7338460,414348,22084,383924,15262.822,1621.787,10311.365,124.137,86.095,14.015,2593,3048,4.660,3.610,2.380,1,0,2.002,0,0,35,356,0,103,1
10-08 11:09:50,10.532,7.272,79.491,0,0.251,7335960,406576,22116,394168,124557.753,4396682.059,9793.702,96.292,79.240,12.037,6010,4795,4.660,3.610,2.380,2,0,79.240,0,0,35,357,0,99,1
10-08 11:09:51,11.737,8.491,76.166,0.250,0,7323564,407876,22172,405192,67338.792,1965711.754,9897.093,447.507,81.910,29.967,5887,5373,4.660,3.610,2.380,2,0,108.880,0,0,35,357,0,100,1
10-08 11:09:52,21.272,13.264,50.301,14.265,0,7323144,390836,23776,421004,49721.801,995034.636,16893.260,136.139,343.351,16.016,7036,11233,4.660,3.610,2.380,1,0,193.197,0,0,35,357,0,101,1
10-08 11:09:53,4.712,2.480,89.286,0,0,7311360,391788,23808,431788,10579.355,4781.742,9869.038,396.825,82.341,22.817,2558,3286,4.660,3.610,2.380,1,0,5.952,0,0,35,356,0,101,1
10-08 11:09:54,6.760,1.753,88.878,0.501,0,7307900,384976,23856,442012,52185.399,1622.344,9790.145,272.394,79.114,23.033,2847,3298,4.450,3.590,2.380,1,0,0,0,0,35,356,0,88,1
10-08 11:09:55,5.746,2.248,89.936,0,0,7305928,376400,23864,452552,20191.650,1618.849,9849.000,363.741,76.945,70.950,2370,2795,4.450,3.590,2.380,1,0,0,0,0,35,356,0,88,1
10-08 11:09:56,7.541,2.011,88.231,0.251,0,7304696,367572,23996,462496,9399.269,1628.885,9817.551,506.764,79.433,55.302,2770,3557,4.450,3.590,2.380,1,0,0,0,0,35,356,0,88,1
10-08 11:09:57,6.227,2.242,89.417,0.249,0,7303404,358168,24028,473156,14439.152,1613.981,9691.856,270.989,75.718,18.929,2501,3062,4.450,3.590,2.380,1,0,0,0,0,35,356,0,88,1
10-08 11:09:58,6.247,1.749,88.450,0.250,0,7302076,349200,24076,483400,14504.879,1619.094,9722.557,287.839,75.957,23.987,2607,3206,4.450,3.590,2.380,1,0,0,0,0,35,356,0,72,1
10-08 11:09:59,5.751,2.500,89.266,0.250,0,7300336,340528,24084,493804,10045.786,1620.288,9809.744,32.006,77.014,4.001,2384,2928,4.090,3.530,2.370,4,0,1.000,0,0,35,356,0,72,1
10-08 11:10:00,6.257,2.253,89.105,0.501,0,7300296,329824,24116,504516,11635.760,1459.726,10168.025,88.104,83.098,12.014,2476,3037,4.090,3.530,2.370,2,0,0,0,0,35,356,0,72,1
10-08 11:10:01,6.507,1.502,89.101,0.501,0,7303848,316012,24132,514756,10333.758,1621.845,9739.082,4473.090,76.087,723.824,2676,3123,4.090,3.530,2.370,1,0,0,0,0,35,356,0,72,1
10-08 11:10:02,6.003,2.001,87.043,2.501,0,7302700,306788,24184,525072,11693.833,1620.808,9836.906,116.058,82.041,13.006,2509,3126,4.090,3.530,2.370,1,0,0,0,0,35,356,0,60,1
10-08 11:10:03,11.219,7.728,72.049,5.485,0,7304464,293232,24240,536808,121781.388,4362867.246,11188.798,358.999,114.680,23.933,6043,4665,4.090,3.530,2.370,2,0,64.819,0,0,35,357,0,60,1
10-08 11:10:04,10.697,6.965,71.146,7.960,0,7327608,258248,25120,547244,53576.224,1440384.784,10587.282,123.386,122.391,12.936,4586,4388,3.850,3.480,2.360,1,1,78.609,0,0,35,357,0,60,1
10-08 11:10:05,11.844,3.024,66.274,16.127,0,7340388,230280,25552,561980,34858.416,1632.902,14772.719,0,285.254,0,3190,3445,3.850,3.480,2.360,1,1,0,0,0,35,357,0,60,1
10-08 11:10:06,15.960,6.234,66.833,8.479,0,7327136,230124,26020,574872,36471.851,518487.224,12656.370,227.432,270.324,27.930,4681,4719,3.850,3.480,2.360,2,0,43.890,0,0,35,357,0,46,1
10-08 11:10:07,14.535,9.523,72.425,1.253,0,7313416,233232,26196,585280,45827.639,996513.830,9960.046,2750.641,80.194,138.334,5752,5742,3.850,3.480,2.360,2,0,104.252,0,0,35,357,0,46,1
10-08 11:10:08,8.502,4.751,84.520,0.250,0,7308152,228108,26256,595604,11699.706,7669.774,9730.251,336.078,76.018,28.006,3390,4061,3.850,3.480,2.360,1,0,49.011,0,0,35,356,0,46,1
10-08 11:10:09,5.988,2.744,87.572,1.247,0,7308652,217268,26304,605892,10515.636,970.029,9756.179,255.481,78.840,22.953,2499,3233,3.540,3.430,2.350,2,0,0.998,0,0,35,356,0,46,1
10-08 11:10:10,14.491,3.998,74.706,4.747,0,7332636,181996,26360,617124,287191.159,6004.470,10689.715,195.885,97.942,15.991,3475,3514,3.540,3.430,2.350,2,0,6.996,0,0,35,356,0,31,1
10-08 11:10:11,17.036,4.510,69.647,7.265,0,7326544,176800,26708,628048,148540.972,7361.560,10510.215,525.110,98.208,31.066,3847,4025,3.540,3.430,2.350,2,0,20.042,0,0,35,356,0,31,1
10-08 11:10:12,13.489,5.246,72.940,5.995,0,7325280,196380,12728,626296,313771.857,10935.038,10091.730,171.859,95.921,11.990,3893,3711,3.540,3.430,2.350,1,1,19.984,0,0,35,356,0,31,1
10-08 11:10:13,14.259,4.003,65.792,14.259,0,7337444,170784,12780,639676,38441.726,540.348,11755.561,408.263,135.087,28.018,3559,3520,3.540,3.430,2.350,1,1,10.006,0,0,35,356,0,31,1
10-08 11:10:14,9.030,6.271,64.966,16.555,0,7330888,174700,11816,643840,9366.138,541.801,25087.404,742.468,272.907,7.023,3293,3514,3.330,3.390,2.340,2,0,10.033,0,0,35,356,0,25,1
10-08 11:10:15,24.460,5.242,65.394,3.744,0,7332584,184100,11712,632848,8394.430,539.128,14033.314,0,151.755,0,3326,3002,3.330,3.390,2.340,3,0,1.997,0,0,35,356,0,25,1
10-08 11:10:16,24.564,5.765,64.668,3.258,0,7333660,187544,11636,628352,6966.046,487.262,11397.525,256.665,123.319,27.070,3767,3688,3.330,3.390,2.340,0,2,6.016,0,0,35,356,0,25,1
