{0} setUpClass (manila_tempest_tests.tests.api.******.test_migration.MigrationCancelNFSTest) ... SKIPPED: Share migration tests are disabled.
{0} setUpClass (manila_tempest_tests.tests.api.******.test_replication_actions.ReplicationActionsAdminTest) ... SKIPPED: Replication tests are disabled.
{1} manila_tempest_tests.tests.api.******.test_******_actions_negative.AdminActionsAPIOnlyNegativeTest.test_force_delete_nonexistent_share [0.878287s] ... ok
{0} manila_tempest_tests.tests.api.******.test_scheduler_stats.SchedulerStatsAdminTest.test_pool_list [0.921804s] ... FAILED

Captured traceback:
~~~~~~~~~~~~~~~~~~~
    Traceback (most recent call last):

      File "/opt/stack/tempest/manila-tempest-plugin/manila_tempest_tests/tests/api/******/test_scheduler_stats.py", line 58, in test_pool_list
    self.assertNotEmpty(pool_list)

      File "/opt/stack/tempest/tempest/test.py", line 949, in assertNotEmpty
    self.assertTrue(items, msg)

      File "/usr/lib/python3.12/unittest/case.py", line 727, in assertTrue
    raise self.failureException(msg)

    AssertionError: [] is not true : sequence or collection is empty.


Captured pythonlogging:
~~~~~~~~~~~~~~~~~~~~~~~
    2026-02-05 11:43:24,382 168292 INFO     [tempest.lib.common.rest_client] Request (SchedulerStatsAdminTest:test_pool_list): 200 GET http://10.132.46.216/share/v1/6b2a2df48a7648b58046aff97b086ff6/scheduler-stats/pools 0.908s
2026-02-05 11:43:24,382 168292 DEBUG    [tempest.lib.common.rest_client] Request - Headers: {'Content-Type': 'application/json', 'Accept': 'application/json', 'X-Auth-Token': '<omitted>'}
        Body: None
    Response - Headers: {'date': 'Thu, 05 Feb 2026 11:43:23 GMT', 'server': 'Apache/2.4.58 (Ubuntu)', 'content-type': 'application/json', 'content-length': '13', 'x-compute-request-id': 'req-dfd7004c-e74f-46f1-b01d-518974a0a41e', 'x-openstack-manila-api-version': '1.0', 'vary': 'X-OpenStack-Manila-API-Version', 'x-openstack-request-id': 'req-dfd7004c-e74f-46f1-b01d-518974a0a41e', 'connection': 'close', 'status': '200', 'content-location': 'http://10.132.46.216/share/v1/6b2a2df48a7648b58046aff97b086ff6/scheduler-stats/pools'}
        Body: b'{"pools": []}'

{1} manila_tempest_tests.tests.api.******.test_******_actions_negative.AdminActionsAPIOnlyNegativeTest.test_force_delete_nonexistent_share_instance [0.804725s] ... ok
{1} manila_tempest_tests.tests.api.******.test_******_actions_negative.AdminActionsAPIOnlyNegativeTest.test_force_delete_nonexistent_snapshot ... SKIPPED: Snapshot tests are disabled.
{1} manila_tempest_tests.tests.api.******.test_******_actions_negative.AdminActionsAPIOnlyNegativeTest.test_migration_API_invalid_microversion_1_migrate_share [0.379838s] ... ok
{1} manila_tempest_tests.tests.api.******.test_******_actions_negative.AdminActionsAPIOnlyNegativeTest.test_migration_API_invalid_microversion_2_migration_complete [0.189817s] ... ok
{1} manila_tempest_tests.tests.api.******.test_******_actions_negative.AdminActionsAPIOnlyNegativeTest.test_migration_API_invalid_microversion_3_reset_task_state [0.007845s] ... ok
{1} manila_tempest_tests.tests.api.******.test_******_actions_negative.AdminActionsAPIOnlyNegativeTest.test_migration_API_invalid_microversion_4_migration_get_progress [0.007030s] ... ok
{1} manila_tempest_tests.tests.api.******.test_******_actions_negative.AdminActionsAPIOnlyNegativeTest.test_migration_API_invalid_microversion_5_migration_cancel [0.008265s] ... ok
{1} manila_tempest_tests.tests.api.******.test_******_actions_negative.AdminActionsAPIOnlyNegativeTest.test_reset_nonexistent_share_instance_state [0.019500s] ... ok
{1} manila_tempest_tests.tests.api.******.test_******_actions_negative.AdminActionsAPIOnlyNegativeTest.test_reset_nonexistent_share_state [0.017578s] ... ok
{1} manila_tempest_tests.tests.api.******.test_******_actions_negative.AdminActionsAPIOnlyNegativeTest.test_reset_nonexistent_snapshot_state ... SKIPPED: Snapshot tests are disabled.
{1} manila_tempest_tests.tests.api.******.test_******_actions_negative.AdminActionsAPIOnlyNegativeTest.test_reset_task_state_share_not_found [0.090508s] ... ok
{1} manila_tempest_tests.tests.api.******.test_******_actions_negative.AdminActionsAPIOnlyNegativeTest.test_try_list_share_instance_with_member [0.013235s] ... ok
{0} manila_tempest_tests.tests.api.******.test_scheduler_stats.SchedulerStatsAdminTest.test_pool_list_detail [0.968826s] ... FAILED

Captured traceback:
~~~~~~~~~~~~~~~~~~~
    Traceback (most recent call last):

      File "/opt/stack/tempest/manila-tempest-plugin/manila_tempest_tests/tests/api/******/test_scheduler_stats.py", line 119, in test_pool_list_detail
    self.assertNotEmpty(pool_list)

      File "/opt/stack/tempest/tempest/test.py", line 949, in assertNotEmpty
    self.assertTrue(items, msg)

      File "/usr/lib/python3.12/unittest/case.py", line 727, in assertTrue
    raise self.failureException(msg)

    AssertionError: [] is not true : sequence or collection is empty.


Captured pythonlogging:
~~~~~~~~~~~~~~~~~~~~~~~
    2026-02-05 11:43:25,362 168292 INFO     [tempest.lib.common.rest_client] Request (SchedulerStatsAdminTest:test_pool_list_detail): 200 GET http://10.132.46.216/share/v1/6b2a2df48a7648b58046aff97b086ff6/scheduler-stats/pools/detail 0.964s
2026-02-05 11:43:25,363 168292 DEBUG    [tempest.lib.common.rest_client] Request - Headers: {'Content-Type': 'application/json', 'Accept': 'application/json', 'X-Auth-Token': '<omitted>'}
        Body: None
    Response - Headers: {'date': 'Thu, 05 Feb 2026 11:43:24 GMT', 'server': 'Apache/2.4.58 (Ubuntu)', 'content-type': 'application/json', 'content-length': '13', 'x-compute-request-id': 'req-16aa28d5-e42e-4f97-a6c7-50a47cd8c0d1', 'x-openstack-manila-api-version': '1.0', 'vary': 'X-OpenStack-Manila-API-Version', 'x-openstack-request-id': 'req-16aa28d5-e42e-4f97-a6c7-50a47cd8c0d1', 'connection': 'close', 'status': '200', 'content-location': 'http://10.132.46.216/share/v1/6b2a2df48a7648b58046aff97b086ff6/scheduler-stats/pools/detail'}
        Body: b'{"pools": []}'

{0} manila_tempest_tests.tests.api.******.test_scheduler_stats.SchedulerStatsAdminTest.test_pool_list_detail_with_filters [0.519067s] ... FAILED

Captured traceback:
~~~~~~~~~~~~~~~~~~~
    Traceback (most recent call last):

      File "/opt/stack/tempest/manila-tempest-plugin/manila_tempest_tests/tests/api/******/test_scheduler_stats.py", line 135, in test_pool_list_detail_with_filters
    self.assertNotEmpty(pool_list)

      File "/opt/stack/tempest/tempest/test.py", line 949, in assertNotEmpty
    self.assertTrue(items, msg)

      File "/usr/lib/python3.12/unittest/case.py", line 727, in assertTrue
    raise self.failureException(msg)

    AssertionError: [] is not true : sequence or collection is empty.


Captured pythonlogging:
~~~~~~~~~~~~~~~~~~~~~~~
    2026-02-05 11:43:25,883 168292 INFO     [tempest.lib.common.rest_client] Request (SchedulerStatsAdminTest:test_pool_list_detail_with_filters): 200 GET http://10.132.46.216/share/v1/6b2a2df48a7648b58046aff97b086ff6/scheduler-stats/pools/detail 0.517s
2026-02-05 11:43:25,884 168292 DEBUG    [tempest.lib.common.rest_client] Request - Headers: {'Content-Type': 'application/json', 'Accept': 'application/json', 'X-Auth-Token': '<omitted>'}
        Body: None
    Response - Headers: {'date': 'Thu, 05 Feb 2026 11:43:25 GMT', 'server': 'Apache/2.4.58 (Ubuntu)', 'content-type': 'application/json', 'content-length': '13', 'x-compute-request-id': 'req-4ed8d261-558b-427f-b4c6-1cdac1da75bb', 'x-openstack-manila-api-version': '1.0', 'vary': 'X-OpenStack-Manila-API-Version', 'x-openstack-request-id': 'req-4ed8d261-558b-427f-b4c6-1cdac1da75bb', 'connection': 'close', 'status': '200', 'content-location': 'http://10.132.46.216/share/v1/6b2a2df48a7648b58046aff97b086ff6/scheduler-stats/pools/detail'}
        Body: b'{"pools": []}'

{0} manila_tempest_tests.tests.api.******.test_scheduler_stats.SchedulerStatsAdminTest.test_pool_list_detail_with_filters_negative [0.515425s] ... ok
{0} manila_tempest_tests.tests.api.******.test_scheduler_stats.SchedulerStatsAdminTest.test_pool_list_with_filters [0.513284s] ... FAILED

Captured traceback:
~~~~~~~~~~~~~~~~~~~
    Traceback (most recent call last):

      File "/opt/stack/tempest/manila-tempest-plugin/manila_tempest_tests/tests/api/******/test_scheduler_stats.py", line 74, in test_pool_list_with_filters
    self.assertNotEmpty(pool_list)

      File "/opt/stack/tempest/tempest/test.py", line 949, in assertNotEmpty
    self.assertTrue(items, msg)

      File "/usr/lib/python3.12/unittest/case.py", line 727, in assertTrue
    raise self.failureException(msg)

    AssertionError: [] is not true : sequence or collection is empty.


Captured pythonlogging:
~~~~~~~~~~~~~~~~~~~~~~~
    2026-02-05 11:43:26,915 168292 INFO     [tempest.lib.common.rest_client] Request (SchedulerStatsAdminTest:test_pool_list_with_filters): 200 GET http://10.132.46.216/share/v1/6b2a2df48a7648b58046aff97b086ff6/scheduler-stats/pools 0.512s
2026-02-05 11:43:26,915 168292 DEBUG    [tempest.lib.common.rest_client] Request - Headers: {'Content-Type': 'application/json', 'Accept': 'application/json', 'X-Auth-Token': '<omitted>'}
        Body: None
    Response - Headers: {'date': 'Thu, 05 Feb 2026 11:43:26 GMT', 'server': 'Apache/2.4.58 (Ubuntu)', 'content-type': 'application/json', 'content-length': '13', 'x-compute-request-id': 'req-a6fbebb3-167f-4bbf-8e0f-df1b422bf8c9', 'x-openstack-manila-api-version': '1.0', 'vary': 'X-OpenStack-Manila-API-Version', 'x-openstack-request-id': 'req-a6fbebb3-167f-4bbf-8e0f-df1b422bf8c9', 'connection': 'close', 'status': '200', 'content-location': 'http://10.132.46.216/share/v1/6b2a2df48a7648b58046aff97b086ff6/scheduler-stats/pools'}
        Body: b'{"pools": []}'

{0} manila_tempest_tests.tests.api.******.test_scheduler_stats.SchedulerStatsAdminTest.test_pool_list_with_filters_negative [0.514579s] ... ok
{0} manila_tempest_tests.tests.api.******.test_scheduler_stats.SchedulerStatsAdminTest.test_pool_list_with_share_type_filter_with_detail_1__True___name__ [0.687858s] ... FAILED

Captured traceback:
~~~~~~~~~~~~~~~~~~~
    Traceback (most recent call last):

      File "/usr/lib/python3/dist-packages/ddt.py", line 220, in wrapper
    return func(self, *args, **kwargs)
           ^^^^^^^^^^^^^^^^^^^^^^^^^^^

      File "/opt/stack/tempest/manila-tempest-plugin/manila_tempest_tests/tests/api/******/test_scheduler_stats.py", line 189, in test_pool_list_with_share_type_filter_with_detail
    self.assertNotEmpty(pools)

      File "/opt/stack/tempest/tempest/test.py", line 949, in assertNotEmpty
    self.assertTrue(items, msg)

      File "/usr/lib/python3.12/unittest/case.py", line 727, in assertTrue
    raise self.failureException(msg)

    AssertionError: [] is not true : sequence or collection is empty.


Captured pythonlogging:
~~~~~~~~~~~~~~~~~~~~~~~
    2026-02-05 11:43:27,454 168292 INFO     [tempest.lib.common.rest_client] Request (SchedulerStatsAdminTest:test_pool_list_with_share_type_filter_with_detail): 200 POST http://10.132.46.216/share/v2/6b2a2df48a7648b58046aff97b086ff6/types 0.020s
2026-02-05 11:43:27,454 168292 DEBUG    [tempest.lib.common.rest_client] Request - Headers: {'Content-Type': 'application/json', 'Accept': 'application/json', 'x-openstack-manila-api-version': '2.90', 'X-Auth-Token': '<omitted>'}
        Body: {"share_type": {"name": "tempest-typeshare-type-702389289", "extra_specs": {"driver_handles_share_servers": "False"}, "share_type_access:is_public": true}}
    Response - Headers: {'date': 'Thu, 05 Feb 2026 11:43:27 GMT', 'server': 'Apache/2.4.58 (Ubuntu)', 'content-type': 'application/json', 'content-length': '621', 'x-compute-request-id': 'req-a3f0cb06-256b-4b98-9fb1-2ff03e7172cb', 'x-openstack-manila-api-version': '2.90', 'vary': 'X-OpenStack-Manila-API-Version', 'x-openstack-request-id': 'req-a3f0cb06-256b-4b98-9fb1-2ff03e7172cb', 'connection': 'close', 'status': '200', 'content-location': 'http://10.132.46.216/share/v2/6b2a2df48a7648b58046aff97b086ff6/types'}
        Body: b'{"volume_type": {"id": "e969246c-82a2-4a52-b6e4-a65aeeba8606", "name": "tempest-typeshare-type-702389289", "extra_specs": {"driver_handles_share_servers": "False"}, "required_extra_specs": {"driver_handles_share_servers": "False"}, "share_type_access:is_public": true, "description": null, "is_default": false}, "share_type": {"id": "e969246c-82a2-4a52-b6e4-a65aeeba8606", "name": "tempest-typeshare-type-702389289", "extra_specs": {"driver_handles_share_servers": "False"}, "required_extra_specs": {"driver_handles_share_servers": "False"}, "share_type_access:is_public": true, "description": null, "is_default": false}}'
2026-02-05 11:43:28,108 168292 INFO     [tempest.lib.common.rest_client] Request (SchedulerStatsAdminTest:test_pool_list_with_share_type_filter_with_detail): 200 GET http://10.132.46.216/share/v2/6b2a2df48a7648b58046aff97b086ff6/scheduler-stats/pools/detail?share_type=tempest-typeshare-type-702389289 0.653s
2026-02-05 11:43:28,108 168292 DEBUG    [tempest.lib.common.rest_client] Request - Headers: {'Content-Type': 'application/json', 'Accept': 'application/json', 'x-openstack-manila-api-version': '2.90', 'X-Auth-Token': '<omitted>'}
        Body: None
    Response - Headers: {'date': 'Thu, 05 Feb 2026 11:43:27 GMT', 'server': 'Apache/2.4.58 (Ubuntu)', 'content-type': 'application/json', 'content-length': '13', 'x-compute-request-id': 'req-b3ab3930-355e-4627-a617-918c50e62f85', 'x-openstack-manila-api-version': '2.90', 'vary': 'X-OpenStack-Manila-API-Version', 'x-openstack-request-id': 'req-b3ab3930-355e-4627-a617-918c50e62f85', 'connection': 'close', 'status': '200', 'content-location': 'http://10.132.46.216/share/v2/6b2a2df48a7648b58046aff97b086ff6/scheduler-stats/pools/detail?share_type=tempest-typeshare-type-702389289'}
        Body: b'{"pools": []}'

{0} manila_tempest_tests.tests.api.******.test_scheduler_stats.SchedulerStatsAdminTest.test_pool_list_with_share_type_filter_with_detail_2__True___id__ [0.553199s] ... FAILED

Captured traceback:
~~~~~~~~~~~~~~~~~~~
    Traceback (most recent call last):

      File "/usr/lib/python3/dist-packages/ddt.py", line 220, in wrapper
    return func(self, *args, **kwargs)
           ^^^^^^^^^^^^^^^^^^^^^^^^^^^

      File "/opt/stack/tempest/manila-tempest-plugin/manila_tempest_tests/tests/api/******/test_scheduler_stats.py", line 189, in test_pool_list_with_share_type_filter_with_detail
    self.assertNotEmpty(pools)

      File "/opt/stack/tempest/tempest/test.py", line 949, in assertNotEmpty
    self.assertTrue(items, msg)

      File "/usr/lib/python3.12/unittest/case.py", line 727, in assertTrue
    raise self.failureException(msg)

    AssertionError: [] is not true : sequence or collection is empty.


Captured pythonlogging:
~~~~~~~~~~~~~~~~~~~~~~~
    2026-02-05 11:43:28,147 168292 INFO     [tempest.lib.common.rest_client] Request (SchedulerStatsAdminTest:test_pool_list_with_share_type_filter_with_detail): 200 POST http://10.132.46.216/share/v2/6b2a2df48a7648b58046aff97b086ff6/types 0.025s
2026-02-05 11:43:28,147 168292 DEBUG    [tempest.lib.common.rest_client] Request - Headers: {'Content-Type': 'application/json', 'Accept': 'application/json', 'x-openstack-manila-api-version': '2.90', 'X-Auth-Token': '<omitted>'}
        Body: {"share_type": {"name": "tempest-typeshare-type-1301183791", "extra_specs": {"driver_handles_share_servers": "False"}, "share_type_access:is_public": true}}
    Response - Headers: {'date': 'Thu, 05 Feb 2026 11:43:28 GMT', 'server': 'Apache/2.4.58 (Ubuntu)', 'content-type': 'application/json', 'content-length': '623', 'x-compute-request-id': 'req-d5f1b3de-3758-4287-9584-8c0d19c55b4f', 'x-openstack-manila-api-version': '2.90', 'vary': 'X-OpenStack-Manila-API-Version', 'x-openstack-request-id': 'req-d5f1b3de-3758-4287-9584-8c0d19c55b4f', 'connection': 'close', 'status': '200', 'content-location': 'http://10.132.46.216/share/v2/6b2a2df48a7648b58046aff97b086ff6/types'}
        Body: b'{"volume_type": {"id": "936d5989-1cc0-4e6d-8bfc-b1e4334eb049", "name": "tempest-typeshare-type-1301183791", "extra_specs": {"driver_handles_share_servers": "False"}, "required_extra_specs": {"driver_handles_share_servers": "False"}, "share_type_access:is_public": true, "description": null, "is_default": false}, "share_type": {"id": "936d5989-1cc0-4e6d-8bfc-b1e4334eb049", "name": "tempest-typeshare-type-1301183791", "extra_specs": {"driver_handles_share_servers": "False"}, "required_extra_specs": {"driver_handles_share_servers": "False"}, "share_type_access:is_public": true, "description": null, "is_default": false}}'
2026-02-05 11:43:28,671 168292 INFO     [tempest.lib.common.rest_client] Request (SchedulerStatsAdminTest:test_pool_list_with_share_type_filter_with_detail): 200 GET http://10.132.46.216/share/v2/6b2a2df48a7648b58046aff97b086ff6/scheduler-stats/pools/detail?share_type=936d5989-1cc0-4e6d-8bfc-b1e4334eb049 0.524s
2026-02-05 11:43:28,672 168292 DEBUG    [tempest.lib.common.rest_client] Request - Headers: {'Content-Type': 'application/json', 'Accept': 'application/json', 'x-openstack-manila-api-version': '2.90', 'X-Auth-Token': '<omitted>'}
        Body: None
    Response - Headers: {'date': 'Thu, 05 Feb 2026 11:43:28 GMT', 'server': 'Apache/2.4.58 (Ubuntu)', 'content-type': 'application/json', 'content-length': '13', 'x-compute-request-id': 'req-fa5e7164-449b-40ab-865e-63cf90d3494b', 'x-openstack-manila-api-version': '2.90', 'vary': 'X-OpenStack-Manila-API-Version', 'x-openstack-request-id': 'req-fa5e7164-449b-40ab-865e-63cf90d3494b', 'connection': 'close', 'status': '200', 'content-location': 'http://10.132.46.216/share/v2/6b2a2df48a7648b58046aff97b086ff6/scheduler-stats/pools/detail?share_type=936d5989-1cc0-4e6d-8bfc-b1e4334eb049'}
        Body: b'{"pools": []}'

{0} manila_tempest_tests.tests.api.******.test_scheduler_stats.SchedulerStatsAdminTest.test_pool_list_with_share_type_filter_with_detail_3__False___name__ [0.569470s] ... FAILED

Captured traceback:
~~~~~~~~~~~~~~~~~~~
    Traceback (most recent call last):

      File "/usr/lib/python3/dist-packages/ddt.py", line 220, in wrapper
    return func(self, *args, **kwargs)
           ^^^^^^^^^^^^^^^^^^^^^^^^^^^

      File "/opt/stack/tempest/manila-tempest-plugin/manila_tempest_tests/tests/api/******/test_scheduler_stats.py", line 189, in test_pool_list_with_share_type_filter_with_detail
    self.assertNotEmpty(pools)

      File "/opt/stack/tempest/tempest/test.py", line 949, in assertNotEmpty
    self.assertTrue(items, msg)

      File "/usr/lib/python3.12/unittest/case.py", line 727, in assertTrue
    raise self.failureException(msg)

    AssertionError: [] is not true : sequence or collection is empty.


Captured pythonlogging:
~~~~~~~~~~~~~~~~~~~~~~~
    2026-02-05 11:43:28,713 168292 INFO     [tempest.lib.common.rest_client] Request (SchedulerStatsAdminTest:test_pool_list_with_share_type_filter_with_detail): 200 POST http://10.132.46.216/share/v2/6b2a2df48a7648b58046aff97b086ff6/types 0.036s
2026-02-05 11:43:28,713 168292 DEBUG    [tempest.lib.common.rest_client] Request - Headers: {'Content-Type': 'application/json', 'Accept': 'application/json', 'x-openstack-manila-api-version': '2.90', 'X-Auth-Token': '<omitted>'}
        Body: {"share_type": {"name": "tempest-typeshare-type-25038377", "extra_specs": {"driver_handles_share_servers": "False"}, "share_type_access:is_public": true}}
    Response - Headers: {'date': 'Thu, 05 Feb 2026 11:43:28 GMT', 'server': 'Apache/2.4.58 (Ubuntu)', 'content-type': 'application/json', 'content-length': '619', 'x-compute-request-id': 'req-f3c4321c-1a35-4bc9-b811-dbb687168e07', 'x-openstack-manila-api-version': '2.90', 'vary': 'X-OpenStack-Manila-API-Version', 'x-openstack-request-id': 'req-f3c4321c-1a35-4bc9-b811-dbb687168e07', 'connection': 'close', 'status': '200', 'content-location': 'http://10.132.46.216/share/v2/6b2a2df48a7648b58046aff97b086ff6/types'}
        Body: b'{"volume_type": {"id": "d4900570-d53c-4bab-8469-de7b26680bd6", "name": "tempest-typeshare-type-25038377", "extra_specs": {"driver_handles_share_servers": "False"}, "required_extra_specs": {"driver_handles_share_servers": "False"}, "share_type_access:is_public": true, "description": null, "is_default": false}, "share_type": {"id": "d4900570-d53c-4bab-8469-de7b26680bd6", "name": "tempest-typeshare-type-25038377", "extra_specs": {"driver_handles_share_servers": "False"}, "required_extra_specs": {"driver_handles_share_servers": "False"}, "share_type_access:is_public": true, "description": null, "is_default": false}}'
2026-02-05 11:43:29,245 168292 INFO     [tempest.lib.common.rest_client] Request (SchedulerStatsAdminTest:test_pool_list_with_share_type_filter_with_detail): 200 GET http://10.132.46.216/share/v2/6b2a2df48a7648b58046aff97b086ff6/scheduler-stats/pools?share_type=tempest-typeshare-type-25038377 0.531s
2026-02-05 11:43:29,245 168292 DEBUG    [tempest.lib.common.rest_client] Request - Headers: {'Content-Type': 'application/json', 'Accept': 'application/json', 'x-openstack-manila-api-version': '2.90', 'X-Auth-Token': '<omitted>'}
        Body: None
    Response - Headers: {'date': 'Thu, 05 Feb 2026 11:43:28 GMT', 'server': 'Apache/2.4.58 (Ubuntu)', 'content-type': 'application/json', 'content-length': '13', 'x-compute-request-id': 'req-585ea0f3-54a1-461e-b009-b4ffb55fc40f', 'x-openstack-manila-api-version': '2.90', 'vary': 'X-OpenStack-Manila-API-Version', 'x-openstack-request-id': 'req-585ea0f3-54a1-461e-b009-b4ffb55fc40f', 'connection': 'close', 'status': '200', 'content-location': 'http://10.132.46.216/share/v2/6b2a2df48a7648b58046aff97b086ff6/scheduler-stats/pools?share_type=tempest-typeshare-type-25038377'}
        Body: b'{"pools": []}'

{0} manila_tempest_tests.tests.api.******.test_scheduler_stats.SchedulerStatsAdminTest.test_pool_list_with_share_type_filter_with_detail_4__False___id__ [0.541092s] ... FAILED

Captured traceback:
~~~~~~~~~~~~~~~~~~~
    Traceback (most recent call last):

      File "/usr/lib/python3/dist-packages/ddt.py", line 220, in wrapper
    return func(self, *args, **kwargs)
           ^^^^^^^^^^^^^^^^^^^^^^^^^^^

      File "/opt/stack/tempest/manila-tempest-plugin/manila_tempest_tests/tests/api/******/test_scheduler_stats.py", line 189, in test_pool_list_with_share_type_filter_with_detail
    self.assertNotEmpty(pools)

      File "/opt/stack/tempest/tempest/test.py", line 949, in assertNotEmpty
    self.assertTrue(items, msg)

      File "/usr/lib/python3.12/unittest/case.py", line 727, in assertTrue
    raise self.failureException(msg)

    AssertionError: [] is not true : sequence or collection is empty.


Captured pythonlogging:
~~~~~~~~~~~~~~~~~~~~~~~
    2026-02-05 11:43:29,271 168292 INFO     [tempest.lib.common.rest_client] Request (SchedulerStatsAdminTest:test_pool_list_with_share_type_filter_with_detail): 200 POST http://10.132.46.216/share/v2/6b2a2df48a7648b58046aff97b086ff6/types 0.024s
2026-02-05 11:43:29,272 168292 DEBUG    [tempest.lib.common.rest_client] Request - Headers: {'Content-Type': 'application/json', 'Accept': 'application/json', 'x-openstack-manila-api-version': '2.90', 'X-Auth-Token': '<omitted>'}
        Body: {"share_type": {"name": "tempest-typeshare-type-1612303467", "extra_specs": {"driver_handles_share_servers": "False"}, "share_type_access:is_public": true}}
    Response - Headers: {'date': 'Thu, 05 Feb 2026 11:43:29 GMT', 'server': 'Apache/2.4.58 (Ubuntu)', 'content-type': 'application/json', 'content-length': '623', 'x-compute-request-id': 'req-2a52ffcd-cc5a-466b-bdec-e9db81768805', 'x-openstack-manila-api-version': '2.90', 'vary': 'X-OpenStack-Manila-API-Version', 'x-openstack-request-id': 'req-2a52ffcd-cc5a-466b-bdec-e9db81768805', 'connection': 'close', 'status': '200', 'content-location': 'http://10.132.46.216/share/v2/6b2a2df48a7648b58046aff97b086ff6/types'}
        Body: b'{"volume_type": {"id": "6dd3fffb-781a-4304-82b0-1665c0394422", "name": "tempest-typeshare-type-1612303467", "extra_specs": {"driver_handles_share_servers": "False"}, "required_extra_specs": {"driver_handles_share_servers": "False"}, "share_type_access:is_public": true, "description": null, "is_default": false}, "share_type": {"id": "6dd3fffb-781a-4304-82b0-1665c0394422", "name": "tempest-typeshare-type-1612303467", "extra_specs": {"driver_handles_share_servers": "False"}, "required_extra_specs": {"driver_handles_share_servers": "False"}, "share_type_access:is_public": true, "description": null, "is_default": false}}'
2026-02-05 11:43:29,787 168292 INFO     [tempest.lib.common.rest_client] Request (SchedulerStatsAdminTest:test_pool_list_with_share_type_filter_with_detail): 200 GET http://10.132.46.216/share/v2/6b2a2df48a7648b58046aff97b086ff6/scheduler-stats/pools?share_type=6dd3fffb-781a-4304-82b0-1665c0394422 0.514s
2026-02-05 11:43:29,787 168292 DEBUG    [tempest.lib.common.rest_client] Request - Headers: {'Content-Type': 'application/json', 'Accept': 'application/json', 'x-openstack-manila-api-version': '2.90', 'X-Auth-Token': '<omitted>'}
        Body: None
    Response - Headers: {'date': 'Thu, 05 Feb 2026 11:43:29 GMT', 'server': 'Apache/2.4.58 (Ubuntu)', 'content-type': 'application/json', 'content-length': '13', 'x-compute-request-id': 'req-9fe71c68-80d2-485b-9982-6e2be05fd662', 'x-openstack-manila-api-version': '2.90', 'vary': 'X-OpenStack-Manila-API-Version', 'x-openstack-request-id': 'req-9fe71c68-80d2-485b-9982-6e2be05fd662', 'connection': 'close', 'status': '200', 'content-location': 'http://10.132.46.216/share/v2/6b2a2df48a7648b58046aff97b086ff6/scheduler-stats/pools?share_type=6dd3fffb-781a-4304-82b0-1665c0394422'}
        Body: b'{"pools": []}'

{3} setUpClass (manila_tempest_tests.tests.api.******.test_******_actions.AdminActionsTest) [0.000000s] ... FAILED

Captured traceback:
~~~~~~~~~~~~~~~~~~~
    Traceback (most recent call last):

      File "/opt/stack/tempest/tempest/test.py", line 185, in setUpClass
    raise value.with_traceback(trace)

      File "/opt/stack/tempest/tempest/test.py", line 178, in setUpClass
    cls.resource_setup()

      File "/opt/stack/tempest/manila-tempest-plugin/manila_tempest_tests/tests/api/******/test_******_actions.py", line 46, in resource_setup
    cls.share = cls.create_share(share_type_id=cls.share_type_id)
                ^^^^^^^^^^^^^^^^^^^^^^^^^^^^^^^^^^^^^^^^^^^^^^^^^

      File "/opt/stack/tempest/manila-tempest-plugin/manila_tempest_tests/tests/api/base.py", line 411, in create_share
    result = cls.create_shares([{"args": args, "kwargs": kwargs}])
             ^^^^^^^^^^^^^^^^^^^^^^^^^^^^^^^^^^^^^^^^^^^^^^^^^^^^^

      File "/opt/stack/tempest/manila-tempest-plugin/manila_tempest_tests/tests/api/base.py", line 469, in create_shares
    waiters.wait_for_resource_status(

      File "/opt/stack/tempest/manila-tempest-plugin/manila_tempest_tests/common/waiters.py", line 109, in wait_for_resource_status
    raise resource_exception(resource_id=resource_id)

    manila_tempest_tests.share_exceptions.ShareBuildErrorException: Share f84df81a-6ae0-4720-8d2a-8fa8c47a5308 failed to build and is in ERROR status

{0} manila_tempest_tests.tests.api.******.test_scheduler_stats.SchedulerStatsAdminTest.test_pool_list_with_share_type_filter_with_detail_negative_1__True___name__ [0.543410s] ... ok
{0} manila_tempest_tests.tests.api.******.test_scheduler_stats.SchedulerStatsAdminTest.test_pool_list_with_share_type_filter_with_detail_negative_2__True___id__ [0.548571s] ... ok
{0} manila_tempest_tests.tests.api.******.test_scheduler_stats.SchedulerStatsAdminTest.test_pool_list_with_share_type_filter_with_detail_negative_3__False___name__ [0.546556s] ... ok
{2} setUpClass (manila_tempest_tests.tests.api.******.test_export_locations_negative.ExportLocationsNegativeTest) [0.000000s] ... FAILED

Captured traceback:
~~~~~~~~~~~~~~~~~~~
    Traceback (most recent call last):

      File "/opt/stack/tempest/tempest/test.py", line 185, in setUpClass
    raise value.with_traceback(trace)

      File "/opt/stack/tempest/tempest/test.py", line 178, in setUpClass
    cls.resource_setup()

      File "/opt/stack/tempest/manila-tempest-plugin/manila_tempest_tests/tests/api/******/test_export_locations_negative.py", line 47, in resource_setup
    cls.share = cls.create_share(client=cls.******_client,
                ^^^^^^^^^^^^^^^^^^^^^^^^^^^^^^^^^^^^^^^^^

      File "/opt/stack/tempest/manila-tempest-plugin/manila_tempest_tests/tests/api/base.py", line 411, in create_share
    result = cls.create_shares([{"args": args, "kwargs": kwargs}])
             ^^^^^^^^^^^^^^^^^^^^^^^^^^^^^^^^^^^^^^^^^^^^^^^^^^^^^

      File "/opt/stack/tempest/manila-tempest-plugin/manila_tempest_tests/tests/api/base.py", line 469, in create_shares
    waiters.wait_for_resource_status(

      File "/opt/stack/tempest/manila-tempest-plugin/manila_tempest_tests/common/waiters.py", line 109, in wait_for_resource_status
    raise resource_exception(resource_id=resource_id)

    manila_tempest_tests.share_exceptions.ShareBuildErrorException: Share 3107854c-78d7-4bc7-ae73-974aaae66d51 failed to build and is in ERROR status

{3} setUpClass (manila_tempest_tests.tests.api.******.test_migration.MigrationOfShareWithSnapshotNFSTest) ... SKIPPED: Share migration tests are disabled.
{0} manila_tempest_tests.tests.api.******.test_scheduler_stats.SchedulerStatsAdminTest.test_pool_list_with_share_type_filter_with_detail_negative_4__False___id__ [0.541820s] ... ok
{2} setUpClass (manila_tempest_tests.tests.api.******.test_migration.MigrationOppositeDriverModesNFSTest) ... SKIPPED: Share migration tests are disabled.
{3} setUpClass (manila_tempest_tests.tests.api.******.test_migration.MigrationTwoPhaseNFSTest) ... SKIPPED: Share migration tests are disabled.
{0} setUpClass (manila_tempest_tests.tests.api.******.test_share_group_types.ShareGroupTypesTest) ... SKIPPED: Share Group tests disabled.
{0} setUpClass (manila_tempest_tests.tests.api.******.test_share_manage.ManageCephFSShareTest) ... SKIPPED: cephfs tests are disabled
{0} setUpClass (manila_tempest_tests.tests.api.******.test_share_manage_negative.ManageGLUSTERFSShareNegativeTest) ... SKIPPED: glusterfs tests are disabled
{0} setUpClass (manila_tempest_tests.tests.api.******.test_share_servers_manage.ManageShareServersTest) ... SKIPPED: Multitenancy tests are disabled.
{0} setUpClass (manila_tempest_tests.tests.api.******.test_share_servers_migration.ShareServerMigrationBasicCIFS) ... SKIPPED: cifs tests are disabled.
{0} setUpClass (manila_tempest_tests.tests.api.******.test_share_servers_migration_negative.ShareServerErrorStatusOperationCIFS) ... SKIPPED: cifs tests are disabled.
{0} setUpClass (manila_tempest_tests.tests.api.******.test_share_snapshot_instances_negative.SnapshotInstancesNegativeTest) ... SKIPPED: Snapshot tests are disabled.
{2} setUpClass (manila_tempest_tests.tests.api.******.test_migration_negative.MigrationNegativeTest) ... SKIPPED: Share migration tests are disabled.
{3} setUpClass (manila_tempest_tests.tests.api.******.test_migration.MigrationWithShareShrinkingNFSTest) ... SKIPPED: Share migration tests are disabled.
{3} setUpClass (manila_tempest_tests.tests.api.******.test_quotas_negative.ReplicaQuotasNegativeTest) ... SKIPPED: Replication tests are disabled.
{3} setUpClass (manila_tempest_tests.tests.api.******.test_replication.ReplicationAdminTest) ... SKIPPED: Replication tests are disabled.
{0} manila_tempest_tests.tests.api.******.test_share_types_negative.ShareTypesAdminNegativeTest.test_add_share_type_allowed_for_public [0.278491s] ... ok
{0} manila_tempest_tests.tests.api.******.test_share_types_negative.ShareTypesAdminNegativeTest.test_add_share_type_by_nonexistent_id [0.023006s] ... ok
{0} manila_tempest_tests.tests.api.******.test_share_types_negative.ShareTypesAdminNegativeTest.test_create_share_type_with_description_in_wrong_version_1_2_0 [0.012446s] ... ok
{0} manila_tempest_tests.tests.api.******.test_share_types_negative.ShareTypesAdminNegativeTest.test_create_share_type_with_description_in_wrong_version_2_2_6 [0.017285s] ... ok
{0} manila_tempest_tests.tests.api.******.test_share_types_negative.ShareTypesAdminNegativeTest.test_create_share_type_with_description_in_wrong_version_3_2_40 [0.018832s] ... ok
{0} manila_tempest_tests.tests.api.******.test_share_types_negative.ShareTypesAdminNegativeTest.test_create_share_type_with_empty_name [0.010246s] ... ok
{0} manila_tempest_tests.tests.api.******.test_share_types_negative.ShareTypesAdminNegativeTest.test_create_share_type_with_too_big_name [0.011783s] ... ok
{1} setUpClass (manila_tempest_tests.tests.api.******.test_******_actions_negative.AdminActionsNegativeTest) [0.000000s] ... FAILED

Captured traceback:
~~~~~~~~~~~~~~~~~~~
    Traceback (most recent call last):

      File "/opt/stack/tempest/tempest/test.py", line 185, in setUpClass
    raise value.with_traceback(trace)

      File "/opt/stack/tempest/tempest/test.py", line 178, in setUpClass
    cls.resource_setup()

      File "/opt/stack/tempest/manila-tempest-plugin/manila_tempest_tests/tests/api/******/test_******_actions_negative.py", line 43, in resource_setup
    cls.share = cls.create_share(share_type_id=cls.share_type_id,
                ^^^^^^^^^^^^^^^^^^^^^^^^^^^^^^^^^^^^^^^^^^^^^^^^^

      File "/opt/stack/tempest/manila-tempest-plugin/manila_tempest_tests/tests/api/base.py", line 411, in create_share
    result = cls.create_shares([{"args": args, "kwargs": kwargs}])
             ^^^^^^^^^^^^^^^^^^^^^^^^^^^^^^^^^^^^^^^^^^^^^^^^^^^^^

      File "/opt/stack/tempest/manila-tempest-plugin/manila_tempest_tests/tests/api/base.py", line 469, in create_shares
    waiters.wait_for_resource_status(

      File "/opt/stack/tempest/manila-tempest-plugin/manila_tempest_tests/common/waiters.py", line 109, in wait_for_resource_status
    raise resource_exception(resource_id=resource_id)

    manila_tempest_tests.share_exceptions.ShareBuildErrorException: Share 3ecc3104-01be-4148-80ed-415cd1f567d2 failed to build and is in ERROR status

{0} manila_tempest_tests.tests.api.******.test_share_types_negative.ShareTypesAdminNegativeTest.test_create_share_with_non_allowed_share_type [0.292434s] ... ok
{0} manila_tempest_tests.tests.api.******.test_share_types_negative.ShareTypesAdminNegativeTest.test_create_share_with_nonexistent_share_type [0.017828s] ... ok
{0} manila_tempest_tests.tests.api.******.test_share_types_negative.ShareTypesAdminNegativeTest.test_get_share_type_by_nonexistent_id [0.017751s] ... ok
{0} manila_tempest_tests.tests.api.******.test_share_types_negative.ShareTypesAdminNegativeTest.test_remove_share_type_allowed_for_public [0.048456s] ... ok
{0} manila_tempest_tests.tests.api.******.test_share_types_negative.ShareTypesAdminNegativeTest.test_remove_share_type_by_nonexistent_id [0.014676s] ... ok
{0} manila_tempest_tests.tests.api.******.test_share_types_negative.ShareTypesAdminNegativeTest.test_try_create_duplicate_of_share_type [0.052967s] ... ok
{0} manila_tempest_tests.tests.api.******.test_share_types_negative.ShareTypesAdminNegativeTest.test_try_delete_share_type_by_nonexistent_id [0.019639s] ... ok
{3} manila_tempest_tests.tests.api.******.test_security_services.SecurityServiceAdminTest.test_list_security_services [0.539976s] ... ok
{3} manila_tempest_tests.tests.api.******.test_security_services.SecurityServiceAdminTest.test_list_security_services_all_tenants [0.160033s] ... ok
{3} manila_tempest_tests.tests.api.******.test_security_services.SecurityServiceAdminTest.test_list_security_services_detailed_filter_by_ss_attributes [0.180172s] ... ok
{3} manila_tempest_tests.tests.api.******.test_security_services.SecurityServiceAdminTest.test_list_security_services_filter_by_share_network ... SKIPPED: Only for multitenancy.
{3} manila_tempest_tests.tests.api.******.test_security_services.SecurityServiceAdminTest.test_list_security_services_invalid_filters [0.156828s] ... ok
{3} manila_tempest_tests.tests.api.******.test_security_services.SecurityServiceAdminTest.test_list_security_services_with_detail_1_1_0 ... SKIPPED: Skipped. Test requires microversion '1.0'.
{2} setUpClass (manila_tempest_tests.tests.api.******.test_multi_backend.ShareMultiBackendTest) ... SKIPPED: Manila multi-backend tests are disabled.
{3} manila_tempest_tests.tests.api.******.test_security_services.SecurityServiceAdminTest.test_list_security_services_with_detail_2_2_42 [0.140306s] ... ok
{3} manila_tempest_tests.tests.api.******.test_security_services.SecurityServiceAdminTest.test_list_security_services_with_detail_3_2_44 [0.154998s] ... ok
{3} manila_tempest_tests.tests.api.******.test_security_services.SecurityServiceAdminTest.test_list_security_services_with_detail_4_2_90 [0.131542s] ... ok
{2} manila_tempest_tests.tests.api.******.test_quotas.SharesAdminQuotasTest.test_default_quotas [0.018729s] ... ok
{2} manila_tempest_tests.tests.api.******.test_quotas.SharesAdminQuotasTest.test_show_quotas [0.021294s] ... ok
{2} manila_tempest_tests.tests.api.******.test_quotas.SharesAdminQuotasTest.test_show_quotas_for_user [0.020038s] ... ok
{2} manila_tempest_tests.tests.api.******.test_quotas.SharesAdminQuotasTest.test_show_replica_quotas_for_user_using_too_old_microversion [0.018653s] ... ok
{2} manila_tempest_tests.tests.api.******.test_quotas.SharesAdminQuotasTest.test_show_sg_quotas_for_user_using_too_old_microversion [0.029194s] ... ok
{2} manila_tempest_tests.tests.api.******.test_quotas.SharesAdminQuotasTest.test_show_sg_quotas_using_too_old_microversion [0.019615s] ... ok
{2} manila_tempest_tests.tests.api.******.test_quotas.SharesAdminQuotasTest.test_show_share_type_quotas_1___id___True_ [0.179532s] ... ok
{2} manila_tempest_tests.tests.api.******.test_quotas.SharesAdminQuotasTest.test_show_share_type_quotas_2___name___False_ [0.161902s] ... ok
{0} setUpClass (manila_tempest_tests.tests.api.******.test_snapshot_export_locations_negative.SnapshotExportLocationsAPIOnlyNegativeTest) ... SKIPPED: Snapshot tests are disabled.
{0} setUpClass (manila_tempest_tests.tests.api.******.test_snapshot_export_locations_negative.SnapshotExportLocationsNegativeTest) ... SKIPPED: Snapshot tests are disabled.
{0} setUpClass (manila_tempest_tests.tests.api.******.test_snapshot_manage.ManageHDFSSnapshotTest) ... SKIPPED: Manage/unmanage snapshot tests are disabled.
{0} setUpClass (manila_tempest_tests.tests.api.******.test_snapshot_manage.ManageMapRFSSnapshotTest) ... SKIPPED: Manage/unmanage snapshot tests are disabled.
{3} manila_tempest_tests.tests.api.******.test_services.ServicesAdminTest.test_get_services_by_all_filters_1_shares_client [0.126512s] ... ok
{3} manila_tempest_tests.tests.api.******.test_services.ServicesAdminTest.test_get_services_by_all_filters_2_shares_v2_client [0.040110s] ... ok
{3} manila_tempest_tests.tests.api.******.test_services.ServicesAdminTest.test_get_services_by_availability_zone_1_shares_client [0.032700s] ... ok
{3} manila_tempest_tests.tests.api.******.test_services.ServicesAdminTest.test_get_services_by_availability_zone_2_shares_v2_client [0.035320s] ... ok
{3} manila_tempest_tests.tests.api.******.test_services.ServicesAdminTest.test_get_services_by_binary_name_1_shares_client [0.034397s] ... ok
{3} manila_tempest_tests.tests.api.******.test_services.ServicesAdminTest.test_get_services_by_binary_name_2_shares_v2_client [0.035658s] ... ok
{3} manila_tempest_tests.tests.api.******.test_services.ServicesAdminTest.test_get_services_by_host_name_1_shares_client [0.041817s] ... ok
{3} manila_tempest_tests.tests.api.******.test_services.ServicesAdminTest.test_get_services_by_host_name_2_shares_v2_client [0.038296s] ... ok
{3} manila_tempest_tests.tests.api.******.test_services.ServicesAdminTest.test_get_services_by_state_1_shares_client [0.045906s] ... ok
{3} manila_tempest_tests.tests.api.******.test_services.ServicesAdminTest.test_get_services_by_state_2_shares_v2_client [0.034501s] ... ok
{3} manila_tempest_tests.tests.api.******.test_services.ServicesAdminTest.test_get_services_by_status_1_shares_client [0.036008s] ... ok
{3} manila_tempest_tests.tests.api.******.test_services.ServicesAdminTest.test_get_services_by_status_2_shares_v2_client [0.035491s] ... ok
{3} manila_tempest_tests.tests.api.******.test_services.ServicesAdminTest.test_list_services_1_shares_client [0.038702s] ... ok
{3} manila_tempest_tests.tests.api.******.test_services.ServicesAdminTest.test_list_services_2_shares_v2_client [0.035245s] ... ok
{2} manila_tempest_tests.tests.api.******.test_quotas_negative.SharesAdminQuotasNegativeTest.test_create_share_group_with_exceeding_quota_limit ... SKIPPED: Share Group tests disabled.
{0} setUpClass (manila_tempest_tests.tests.api.******.test_snapshot_manage_negative.ManageNFSSnapshotNegativeTest) ... SKIPPED: Manage/unmanage snapshot tests are disabled.
{3} manila_tempest_tests.tests.api.******.test_services_negative.ServicesAdminNegativeTest.test_get_service_by_invalid_binary [0.191746s] ... ok
{3} manila_tempest_tests.tests.api.******.test_services_negative.ServicesAdminNegativeTest.test_get_service_by_invalid_host [0.022995s] ... ok
{3} manila_tempest_tests.tests.api.******.test_services_negative.ServicesAdminNegativeTest.test_get_service_by_invalid_params [0.040129s] ... ok
{3} manila_tempest_tests.tests.api.******.test_services_negative.ServicesAdminNegativeTest.test_get_service_by_invalid_state [0.020954s] ... ok
{3} manila_tempest_tests.tests.api.******.test_services_negative.ServicesAdminNegativeTest.test_get_service_by_invalid_status [0.020142s] ... ok
{3} manila_tempest_tests.tests.api.******.test_services_negative.ServicesAdminNegativeTest.test_get_service_by_invalid_zone [0.018429s] ... ok
{3} manila_tempest_tests.tests.api.******.test_services_negative.ServicesAdminNegativeTest.test_list_services_with_non_******_user [0.177229s] ... ok
{3} manila_tempest_tests.tests.api.******.test_services_negative.ServicesAdminNegativeTest.test_list_services_with_wrong_versions_1___os_services____2_7__ [0.009392s] ... ok
{3} manila_tempest_tests.tests.api.******.test_services_negative.ServicesAdminNegativeTest.test_list_services_with_wrong_versions_2___services____2_6__ [0.008476s] ... ok
{3} manila_tempest_tests.tests.api.******.test_services_negative.ServicesAdminNegativeTest.test_list_services_with_wrong_versions_3___services____2_0__ [0.007801s] ... ok
{2} manila_tempest_tests.tests.api.******.test_quotas_negative.SharesAdminQuotasNegativeTest.test_create_share_over_quota_limit [3.293815s] ... FAILED

Captured traceback:
~~~~~~~~~~~~~~~~~~~
    Traceback (most recent call last):

      File "/opt/stack/tempest/manila-tempest-plugin/manila_tempest_tests/tests/api/******/test_quotas_negative.py", line 422, in test_create_share_over_quota_limit
    self.create_share(share_type_id=self.share_type_id)

      File "/opt/stack/tempest/manila-tempest-plugin/manila_tempest_tests/tests/api/base.py", line 411, in create_share
    result = cls.create_shares([{"args": args, "kwargs": kwargs}])
             ^^^^^^^^^^^^^^^^^^^^^^^^^^^^^^^^^^^^^^^^^^^^^^^^^^^^^

      File "/opt/stack/tempest/manila-tempest-plugin/manila_tempest_tests/tests/api/base.py", line 469, in create_shares
    waiters.wait_for_resource_status(

      File "/opt/stack/tempest/manila-tempest-plugin/manila_tempest_tests/common/waiters.py", line 109, in wait_for_resource_status
    raise resource_exception(resource_id=resource_id)

    manila_tempest_tests.share_exceptions.ShareBuildErrorException: Share d5bb3ba0-3e9f-42db-a496-314ca33670e9 failed to build and is in ERROR status


Captured pythonlogging:
~~~~~~~~~~~~~~~~~~~~~~~
    2026-02-05 11:43:42,139 168296 INFO     [tempest.lib.common.rest_client] Request (SharesAdminQuotasNegativeTest:test_create_share_over_quota_limit): 200 POST http://10.132.46.216/share/v2/8a2ec5b4b86f445fb4e15e1602e7d200/shares 0.224s
2026-02-05 11:43:42,140 168296 DEBUG    [tempest.lib.common.rest_client] Request - Headers: {'Content-Type': 'application/json', 'Accept': 'application/json', 'x-openstack-manila-api-version': '2.90', 'X-Auth-Token': '<omitted>'}
        Body: {"share": {"share_proto": "nfs", "description": "Tempest's share", "snapshot_id": null, "name": "tempest-tempest-created-share-979436221", "size": 1, "metadata": {}, "is_public": false, "share_type": "70eed0bf-5006-431c-8460-2598d3f5233c"}}
    Response - Headers: {'date': 'Thu, 05 Feb 2026 11:43:41 GMT', 'server': 'Apache/2.4.58 (Ubuntu)', 'content-type': 'application/json', 'content-length': '1376', 'x-compute-request-id': 'req-588a23be-ce71-4657-b389-38caef68ac70', 'x-openstack-manila-api-version': '2.90', 'vary': 'X-OpenStack-Manila-API-Version', 'x-openstack-request-id': 'req-588a23be-ce71-4657-b389-38caef68ac70', 'connection': 'close', 'status': '200', 'content-location': 'http://10.132.46.216/share/v2/8a2ec5b4b86f445fb4e15e1602e7d200/shares'}
        Body: b'{"share": {"id": "d5bb3ba0-3e9f-42db-a496-314ca33670e9", "size": 1, "availability_zone": null, "created_at": "2026-02-05T11:43:42.000653", "status": "creating", "name": "tempest-tempest-created-share-979436221", "description": "Tempest\'s share", "project_id": "8a2ec5b4b86f445fb4e15e1602e7d200", "snapshot_id": null, "share_network_id": null, "share_proto": "NFS", "metadata": {}, "share_type": "70eed0bf-5006-431c-8460-2598d3f5233c", "volume_type": "tempest-typeshare-type-370770502", "links": [{"rel": "self", "href": "http://10.132.46.216/share/v2/8a2ec5b4b86f445fb4e15e1602e7d200/shares/d5bb3ba0-3e9f-42db-a496-314ca33670e9"}, {"rel": "bookmark", "href": "http://10.132.46.216/share/8a2ec5b4b86f445fb4e15e1602e7d200/shares/d5bb3ba0-3e9f-42db-a496-314ca33670e9"}], "is_public": false, "snapshot_support": false, "task_state": null, "share_type_name": "tempest-typeshare-type-370770502", "access_rules_status": "active", "replication_type": null, "has_replicas": false, "user_id": "0ce0d763e6274ef2beec5b1f866bad39", "create_share_from_snapshot_support": false, "revert_to_snapshot_support": false, "share_group_id": null, "source_share_group_snapshot_member_id": null, "mount_snapshot_support": false, "progress": null, "is_soft_deleted": false, "scheduled_to_be_deleted_at": null, "source_backup_id": null, "encryption_key_ref": null, "share_server_id": null, "host": ""}}'
2026-02-05 11:43:42,171 168296 INFO     [tempest.lib.common.rest_client] Request (SharesAdminQuotasNegativeTest:test_create_share_over_quota_limit): 200 GET http://10.132.46.216/share/v2/8a2ec5b4b86f445fb4e15e1602e7d200/shares/d5bb3ba0-3e9f-42db-a496-314ca33670e9 0.031s
2026-02-05 11:43:42,172 168296 DEBUG    [tempest.lib.common.rest_client] Request - Headers: {'Content-Type': 'application/json', 'Accept': 'application/json', 'x-openstack-manila-api-version': '2.90', 'X-Auth-Token': '<omitted>'}
        Body: None
    Response - Headers: {'date': 'Thu, 05 Feb 2026 11:43:42 GMT', 'server': 'Apache/2.4.58 (Ubuntu)', 'content-type': 'application/json', 'content-length': '1376', 'x-compute-request-id': 'req-477cabc5-bc8b-4822-b033-ba969f042774', 'x-openstack-manila-api-version': '2.90', 'vary': 'X-OpenStack-Manila-API-Version', 'x-openstack-request-id': 'req-477cabc5-bc8b-4822-b033-ba969f042774', 'connection': 'close', 'status': '200', 'content-location': 'http://10.132.46.216/share/v2/8a2ec5b4b86f445fb4e15e1602e7d200/shares/d5bb3ba0-3e9f-42db-a496-314ca33670e9'}
        Body: b'{"share": {"id": "d5bb3ba0-3e9f-42db-a496-314ca33670e9", "size": 1, "availability_zone": null, "created_at": "2026-02-05T11:43:42.000653", "status": "creating", "name": "tempest-tempest-created-share-979436221", "description": "Tempest\'s share", "project_id": "8a2ec5b4b86f445fb4e15e1602e7d200", "snapshot_id": null, "share_network_id": null, "share_proto": "NFS", "met
    adata": {}, "share_type": "70eed0bf-5006-431c-8460-2598d3f5233c", "volume_type": "tempest-typeshare-type-370770502", "links": [{"rel": "self", "href": "http://10.132.46.216/share/v2/8a2ec5b4b86f445fb4e15e1602e7d200/shares/d5bb3ba0-3e9f-42db-a496-314ca33670e9"}, {"rel": "bookmark", "href": "http://10.132.46.216/share/8a2ec5b4b86f445fb4e15e1602e7d200/shares/d5bb3ba0-3e9f-42db-a496-314ca33670e9"}], "is_public": false, "snapshot_support": false, "task_state": null, "share_type_name": "tempest-typeshare-type-370770502", "access_rules_status": "active", "replication_type": null, "has_replicas": false, "user_id": "0ce0d763e6274ef2beec5b1f866bad39", "create_share_from_snapshot_support": false, "revert_to_snapshot_support": false, "share_group_id": null, "source_share_group_snapshot_member_id": null, "mount_snapshot_support": false, "progress": null, "is_soft_deleted": false, "scheduled_to_be_deleted_at": null, "source_backup_id": null, "encryption_key_ref": null, "share_server_id": null, "host": ""}}'
2026-02-05 11:43:45,204 168296 INFO     [tempest.lib.common.rest_client] Request (SharesAdminQuotasNegativeTest:test_create_share_over_quota_limit): 200 GET http://10.132.46.216/share/v2/8a2ec5b4b86f445fb4e15e1602e7d200/shares/d5bb3ba0-3e9f-42db-a496-314ca33670e9 0.030s
2026-02-05 11:43:45,204 168296 DEBUG    [tempest.lib.common.rest_client] Request - Headers: {'Content-Type': 'application/json', 'Accept': 'application/json', 'x-openstack-manila-api-version': '2.90', 'X-Auth-Token': '<omitted>'}
        Body: None
    Response - Headers: {'date': 'Thu, 05 Feb 2026 11:43:45 GMT', 'server': 'Apache/2.4.58 (Ubuntu)', 'content-type': 'application/json', 'content-length': '1373', 'x-compute-request-id': 'req-371c48cc-663a-418a-aceb-c0332c793c2d', 'x-openstack-manila-api-version': '2.90', 'vary': 'X-OpenStack-Manila-API-Version', 'x-openstack-request-id': 'req-371c48cc-663a-418a-aceb-c0332c793c2d', 'connection': 'close', 'status': '200', 'content-location': 'http://10.132.46.216/share/v2/8a2ec5b4b86f445fb4e15e1602e7d200/shares/d5bb3ba0-3e9f-42db-a496-314ca33670e9'}
        Body: b'{"share": {"id": "d5bb3ba0-3e9f-42db-a496-314ca33670e9", "size": 1, "availability_zone": null, "created_at": "2026-02-05T11:43:42.000653", "status": "error", "name": "tempest-tempest-created-share-979436221", "description": "Tempest\'s share", "project_id": "8a2ec5b4b86f445fb4e15e1602e7d200", "snapshot_id": null, "share_network_id": null, "share_proto": "NFS", "metadata": {}, "share_type": "70eed0bf-5006-431c-8460-2598d3f5233c", "volume_type": "tempest-typeshare-type-370770502", "links": [{"rel": "self", "href": "http://10.132.46.216/share/v2/8a2ec5b4b86f445fb4e15e1602e7d200/shares/d5bb3ba0-3e9f-42db-a496-314ca33670e9"}, {"rel": "bookmark", "href": "http://10.132.46.216/share/8a2ec5b4b86f445fb4e15e1602e7d200/shares/d5bb3ba0-3e9f-42db-a496-314ca33670e9"}], "is_public": false, "snapshot_support": false, "task_state": null, "share_type_name": "tempest-typeshare-type-370770502", "access_rules_status": "active", "replication_type": null, "has_replicas": false, "user_id": "0ce0d763e6274ef2beec5b1f866bad39", "create_share_from_snapshot_support": false, "revert_to_snapshot_support": false, "share_group_id": null, "source_share_group_snapshot_member_id": null, "mount_snapshot_support": false, "progress": null, "is_soft_deleted": false, "scheduled_to_be_deleted_at": null, "source_backup_id": null, "encryption_key_ref": null, "share_server_id": null, "host": ""}}'

{2} manila_tempest_tests.tests.api.******.test_quotas_negative.SharesAdminQuotasNegativeTest.test_create_share_with_size_bigger_than_quota [0.105171s] ... ok
{2} manila_tempest_tests.tests.api.******.test_quotas_negative.SharesAdminQuotasNegativeTest.test_create_snapshot_over_quota_limit ... SKIPPED: Snapshot tests are disabled.
{2} manila_tempest_tests.tests.api.******.test_quotas_negative.SharesAdminQuotasNegativeTest.test_get_quotas_with_empty_tenant_id [0.010678s] ... ok
{2} manila_tempest_tests.tests.api.******.test_quotas_negative.SharesAdminQuotasNegativeTest.test_quotas_providing_share_type_and_user_id_1_show [0.039913s] ... ok
{2} manila_tempest_tests.tests.api.******.test_quotas_negative.SharesAdminQuotasNegativeTest.test_quotas_providing_share_type_and_user_id_2_reset [0.031403s] ... ok
{2} manila_tempest_tests.tests.api.******.test_quotas_negative.SharesAdminQuotasNegativeTest.test_quotas_providing_share_type_and_user_id_3_update [0.056508s] ... ok
{2} manila_tempest_tests.tests.api.******.test_quotas_negative.SharesAdminQuotasNegativeTest.test_reset_quotas_with_empty_tenant_id [0.005968s] ... ok
{2} manila_tempest_tests.tests.api.******.test_quotas_negative.SharesAdminQuotasNegativeTest.test_share_group_quotas_using_too_old_microversion_1_share_groups [0.022869s] ... ok
{2} manila_tempest_tests.tests.api.******.test_quotas_negative.SharesAdminQuotasNegativeTest.test_share_group_quotas_using_too_old_microversion_2_share_group_snapshots [0.026240s] ... ok
{2} manila_tempest_tests.tests.api.******.test_quotas_negative.SharesAdminQuotasNegativeTest.test_share_replica_quotas_using_too_old_microversion_1_share_replicas [0.023733s] ... ok
{2} manila_tempest_tests.tests.api.******.test_quotas_negative.SharesAdminQuotasNegativeTest.test_share_replica_quotas_using_too_old_microversion_2_replica_gigabytes [0.024596s] ... ok
{2} manila_tempest_tests.tests.api.******.test_quotas_negative.SharesAdminQuotasNegativeTest.test_share_type_quotas_using_nonexistent_share_type_1_show [0.015369s] ... ok
{2} manila_tempest_tests.tests.api.******.test_quotas_negative.SharesAdminQuotasNegativeTest.test_share_type_quotas_using_nonexistent_share_type_2_reset [0.016682s] ... ok
{2} manila_tempest_tests.tests.api.******.test_quotas_negative.SharesAdminQuotasNegativeTest.test_share_type_quotas_using_nonexistent_share_type_3_update [0.033112s] ... ok
{2} manila_tempest_tests.tests.api.******.test_quotas_negative.SharesAdminQuotasNegativeTest.test_share_type_quotas_using_too_old_microversion_1_show [0.031382s] ... ok
{2} manila_tempest_tests.tests.api.******.test_quotas_negative.SharesAdminQuotasNegativeTest.test_share_type_quotas_using_too_old_microversion_2_reset [0.036251s] ... ok
{2} manila_tempest_tests.tests.api.******.test_quotas_negative.SharesAdminQuotasNegativeTest.test_share_type_quotas_using_too_old_microversion_3_update [0.050961s] ... ok
{2} manila_tempest_tests.tests.api.******.test_quotas_negative.SharesAdminQuotasNegativeTest.test_show_quota_detail_with_wrong_versions [0.009962s] ... ok
{2} manila_tempest_tests.tests.api.******.test_quotas_negative.SharesAdminQuotasNegativeTest.test_show_quotas_with_wrong_versions_01___quota_sets____2_0____show_quotas__ [0.016287s] ... ok
{2} manila_tempest_tests.tests.api.******.test_quotas_negative.SharesAdminQuotasNegativeTest.test_show_quotas_with_wrong_versions_02___quota_sets____2_0____default_quotas__ [0.009108s] ... ok
{2} manila_tempest_tests.tests.api.******.test_quotas_negative.SharesAdminQuotasNegativeTest.test_show_quotas_with_wrong_versions_03___quota_sets____2_0____reset_quotas__ [0.009531s] ... ok
{2} manila_tempest_tests.tests.api.******.test_quotas_negative.SharesAdminQuotasNegativeTest.test_show_quotas_with_wrong_versions_04___quota_sets____2_0____update_quotas__ [0.008914s] ... ok
{2} manila_tempest_tests.tests.api.******.test_quotas_negative.SharesAdminQuotasNegativeTest.test_show_quotas_with_wrong_versions_05___quota_sets____2_6____show_quotas__ [0.007531s] ... ok
{2} manila_tempest_tests.tests.api.******.test_quotas_negative.SharesAdminQuotasNegativeTest.test_show_quotas_with_wrong_versions_06___quota_sets____2_6____default_quotas__ [0.009351s] ... ok
{2} manila_tempest_tests.tests.api.******.test_quotas_negative.SharesAdminQuotasNegativeTest.test_show_quotas_with_wrong_versions_07___quota_sets____2_6____reset_quotas__ [0.008066s] ... ok
{2} manila_tempest_tests.tests.api.******.test_quotas_negative.SharesAdminQuotasNegativeTest.test_show_quotas_with_wrong_versions_08___quota_sets____2_6____update_quotas__ [0.007796s] ... ok
{2} manila_tempest_tests.tests.api.******.test_quotas_negative.SharesAdminQuotasNegativeTest.test_show_quotas_with_wrong_versions_09___os_quota_sets____2_7____show_quotas__ [0.007088s] ... ok
{2} manila_tempest_tests.tests.api.******.test_quotas_negative.SharesAdminQuotasNegativeTest.test_show_quotas_with_wrong_versions_10___os_quota_sets____2_7____default_quotas__ [0.007910s] ... ok
{2} manila_tempest_tests.tests.api.******.test_quotas_negative.SharesAdminQuotasNegativeTest.test_show_quotas_with_wrong_versions_11___os_quota_sets____2_7____reset_quotas__ [0.007459s] ... ok
{2} manila_tempest_tests.tests.api.******.test_quotas_negative.SharesAdminQuotasNegativeTest.test_show_quotas_with_wrong_versions_12___os_quota_sets____2_7____update_quotas__ [0.007842s] ... ok
{2} manila_tempest_tests.tests.api.******.test_quotas_negative.SharesAdminQuotasNegativeTest.test_try_set_user_quota_gigabytes_bigger_than_tenant_quota [0.059969s] ... ok
{2} manila_tempest_tests.tests.api.******.test_quotas_negative.SharesAdminQuotasNegativeTest.test_try_set_user_quota_replicas_bigger_than_tenant_quota_1_share_replicas [0.066291s] ... ok
{2} manila_tempest_tests.tests.api.******.test_quotas_negative.SharesAdminQuotasNegativeTest.test_try_set_user_quota_replicas_bigger_than_tenant_quota_2_replica_gigabytes [0.072711s] ... ok
{2} manila_tempest_tests.tests.api.******.test_quotas_negative.SharesAdminQuotasNegativeTest.test_try_set_user_quota_share_networks_bigger_than_tenant_quota [0.059116s] ... ok
{2} manila_tempest_tests.tests.api.******.test_quotas_negative.SharesAdminQuotasNegativeTest.test_try_set_user_quota_shares_bigger_than_tenant_quota [0.066422s] ... ok
{2} manila_tempest_tests.tests.api.******.test_quotas_negative.SharesAdminQuotasNegativeTest.test_try_set_user_quota_snap_gigabytes_bigger_than_tenant_quota [0.065198s] ... ok
{2} manila_tempest_tests.tests.api.******.test_quotas_negative.SharesAdminQuotasNegativeTest.test_try_set_user_quota_snaps_bigger_than_tenant_quota [0.060203s] ... ok
{2} manila_tempest_tests.tests.api.******.test_quotas_negative.SharesAdminQuotasNegativeTest.test_try_update_share_type_quota_for_share_groups_1_share_groups [0.054101s] ... ok
{1} setUpClass (manila_tempest_tests.tests.api.******.test_export_locations.ExportLocationsTest) [0.000000s] ... FAILED

Captured traceback:
~~~~~~~~~~~~~~~~~~~
    Traceback (most recent call last):

      File "/opt/stack/tempest/tempest/test.py", line 185, in setUpClass
    raise value.with_traceback(trace)

      File "/opt/stack/tempest/tempest/test.py", line 178, in setUpClass
    cls.resource_setup()

      File "/opt/stack/tempest/manila-tempest-plugin/manila_tempest_tests/tests/api/******/test_export_locations.py", line 47, in resource_setup
    cls.share = cls.create_share(share_type_id=cls.share_type_id,
                ^^^^^^^^^^^^^^^^^^^^^^^^^^^^^^^^^^^^^^^^^^^^^^^^^

      File "/opt/stack/tempest/manila-tempest-plugin/manila_tempest_tests/tests/api/base.py", line 411, in create_share
    result = cls.create_shares([{"args": args, "kwargs": kwargs}])
             ^^^^^^^^^^^^^^^^^^^^^^^^^^^^^^^^^^^^^^^^^^^^^^^^^^^^^

      File "/opt/stack/tempest/manila-tempest-plugin/manila_tempest_tests/tests/api/base.py", line 469, in create_shares
    waiters.wait_for_resource_status(

      File "/opt/stack/tempest/manila-tempest-plugin/manila_tempest_tests/common/waiters.py", line 109, in wait_for_resource_status
    raise resource_exception(resource_id=resource_id)

    manila_tempest_tests.share_exceptions.ShareBuildErrorException: Share 8e50de16-3762-42a2-b76e-66852ba61c1b failed to build and is in ERROR status

{2} manila_tempest_tests.tests.api.******.test_quotas_negative.SharesAdminQuotasNegativeTest.test_try_update_share_type_quota_for_share_groups_2_share_group_snapshots [0.062645s] ... ok
{2} manila_tempest_tests.tests.api.******.test_quotas_negative.SharesAdminQuotasNegativeTest.test_try_update_share_type_quota_for_share_networks_1_id [0.084086s] ... ok
{2} manila_tempest_tests.tests.api.******.test_quotas_negative.SharesAdminQuotasNegativeTest.test_try_update_share_type_quota_for_share_networks_2_name [0.069414s] ... ok
{2} manila_tempest_tests.tests.api.******.test_quotas_negative.SharesAdminQuotasNegativeTest.test_update_quota_with_wrong_data_1 [0.026207s] ... ok
{2} manila_tempest_tests.tests.api.******.test_quotas_negative.SharesAdminQuotasNegativeTest.test_update_quota_with_wrong_data_2 [0.028847s] ... ok
{2} manila_tempest_tests.tests.api.******.test_quotas_negative.SharesAdminQuotasNegativeTest.test_update_quota_with_wrong_data_3 [0.029588s] ... ok
{2} manila_tempest_tests.tests.api.******.test_quotas_negative.SharesAdminQuotasNegativeTest.test_update_quota_with_wrong_data_4 [0.027655s] ... ok
{2} manila_tempest_tests.tests.api.******.test_quotas_negative.SharesAdminQuotasNegativeTest.test_update_quota_with_wrong_data_5 [0.028167s] ... ok
{2} manila_tempest_tests.tests.api.******.test_quotas_negative.SharesAdminQuotasNegativeTest.test_update_quota_with_wrong_data_6 [0.029970s] ... ok
{2} manila_tempest_tests.tests.api.******.test_quotas_negative.SharesAdminQuotasNegativeTest.test_update_replica_quotas_wrong_data_1 [0.029248s] ... ok
{2} manila_tempest_tests.tests.api.******.test_quotas_negative.SharesAdminQuotasNegativeTest.test_update_replica_quotas_wrong_data_2 [0.028114s] ... ok
{2} manila_tempest_tests.tests.api.******.test_quotas_negative.SharesAdminQuotasNegativeTest.test_update_sg_quota_with_wrong_data_1 ... SKIPPED: Share Group tests disabled.
{2} manila_tempest_tests.tests.api.******.test_quotas_negative.SharesAdminQuotasNegativeTest.test_update_sg_quota_with_wrong_data_2 ... SKIPPED: Share Group tests disabled.
{2} manila_tempest_tests.tests.api.******.test_quotas_negative.SharesAdminQuotasNegativeTest.test_update_share_type_quotas_bigger_than_project_quota_1_11 [0.140404s] ... ok
{2} manila_tempest_tests.tests.api.******.test_quotas_negative.SharesAdminQuotasNegativeTest.test_update_share_type_quotas_bigger_than_project_quota_2__1 [0.170156s] ... ok
{1} manila_tempest_tests.tests.api.******.test_export_locations_negative.ExportLocationsAPIOnlyNegativeTest.test_get_export_locations_by_nonexistent_share [0.102551s] ... ok
{1} manila_tempest_tests.tests.api.******.test_export_locations_negative.ExportLocationsAPIOnlyNegativeTest.test_get_export_locations_by_nonexistent_share_instance [0.017085s] ... ok
{3} setUpClass (manila_tempest_tests.tests.api.******.test_share_groups.ShareGroupsTest) ... SKIPPED: Share Group tests disabled.
{3} setUpClass (manila_tempest_tests.tests.api.******.test_share_groups_negative.ShareGroupsNegativeTest) ... SKIPPED: Share Group tests disabled.
{1} setUpClass (manila_tempest_tests.tests.api.******.test_migration.MigrationWithDifferentSnapshotSupportNFSTest) ... SKIPPED: Share migration tests are disabled.
{0} setUpClass (manila_tempest_tests.tests.api.test_access_rules_metadata.AccessRulesMetadataTest) [0.000000s] ... FAILED

Captured traceback:
~~~~~~~~~~~~~~~~~~~
    Traceback (most recent call last):

      File "/opt/stack/tempest/tempest/test.py", line 185, in setUpClass
    raise value.with_traceback(trace)

      File "/opt/stack/tempest/tempest/test.py", line 178, in setUpClass
    cls.resource_setup()

      File "/opt/stack/tempest/manila-tempest-plugin/manila_tempest_tests/tests/api/test_access_rules_metadata.py", line 75, in resource_setup
    cls.share = cls.create_share(share_type_id=cls.share_type_id)
                ^^^^^^^^^^^^^^^^^^^^^^^^^^^^^^^^^^^^^^^^^^^^^^^^^

      File "/opt/stack/tempest/manila-tempest-plugin/manila_tempest_tests/tests/api/base.py", line 411, in create_share
    result = cls.create_shares([{"args": args, "kwargs": kwargs}])
             ^^^^^^^^^^^^^^^^^^^^^^^^^^^^^^^^^^^^^^^^^^^^^^^^^^^^^

      File "/opt/stack/tempest/manila-tempest-plugin/manila_tempest_tests/tests/api/base.py", line 469, in create_shares
    waiters.wait_for_resource_status(

      File "/opt/stack/tempest/manila-tempest-plugin/manila_tempest_tests/common/waiters.py", line 109, in wait_for_resource_status
    raise resource_exception(resource_id=resource_id)

    manila_tempest_tests.share_exceptions.ShareBuildErrorException: Share b13d9173-6487-4f0d-93d1-159e0bcc3328 failed to build and is in ERROR status

{1} setUpClass (manila_tempest_tests.tests.api.******.test_migration.MigrationWithShareExtendingNFSTest) ... SKIPPED: Share migration tests are disabled.
{3} setUpClass (manila_tempest_tests.tests.api.******.test_share_instances_negative.ShareInstancesNegativeTest) [0.000000s] ... FAILED

Captured traceback:
~~~~~~~~~~~~~~~~~~~
    Traceback (most recent call last):

      File "/opt/stack/tempest/tempest/test.py", line 185, in setUpClass
    raise value.with_traceback(trace)

      File "/opt/stack/tempest/tempest/test.py", line 178, in setUpClass
    cls.resource_setup()

      File "/opt/stack/tempest/manila-tempest-plugin/manila_tempest_tests/tests/api/******/test_share_instances_negative.py", line 31, in resource_setup
    cls.share = cls.create_share(share_type_id=cls.share_type_id)
                ^^^^^^^^^^^^^^^^^^^^^^^^^^^^^^^^^^^^^^^^^^^^^^^^^

      File "/opt/stack/tempest/manila-tempest-plugin/manila_tempest_tests/tests/api/base.py", line 411, in create_share
    result = cls.create_shares([{"args": args, "kwargs": kwargs}])
             ^^^^^^^^^^^^^^^^^^^^^^^^^^^^^^^^^^^^^^^^^^^^^^^^^^^^^

      File "/opt/stack/tempest/manila-tempest-plugin/manila_tempest_tests/tests/api/base.py", line 469, in create_shares
    waiters.wait_for_resource_status(

      File "/opt/stack/tempest/manila-tempest-plugin/manila_tempest_tests/common/waiters.py", line 109, in wait_for_resource_status
    raise resource_exception(resource_id=resource_id)

    manila_tempest_tests.share_exceptions.ShareBuildErrorException: Share f63a58f1-8973-4fc1-ad8e-84d4c07d8769 failed to build and is in ERROR status

{3} setUpClass (manila_tempest_tests.tests.api.******.test_share_manage.ManageGLUSTERFSShareTest) ... SKIPPED: glusterfs tests are disabled
{3} setUpClass (manila_tempest_tests.tests.api.******.test_share_manage.ManageMapRFSShareTest) ... SKIPPED: maprfs tests are disabled
{3} setUpClass (manila_tempest_tests.tests.api.******.test_share_manage_negative.ManageCIFSShareNegativeTest) ... SKIPPED: cifs tests are disabled
{3} setUpClass (manila_tempest_tests.tests.api.******.test_share_manage_negative.ManageHDFSShareNegativeTest) ... SKIPPED: hdfs tests are disabled
{3} setUpClass (manila_tempest_tests.tests.api.******.test_share_servers_migration_negative.ShareServerMigrationInvalidParametersCIFS) ... SKIPPED: cifs tests are disabled.
{3} setUpClass (manila_tempest_tests.tests.api.******.test_share_servers_migration_negative.ShareServerMigrationStartNegativesNFS) ... SKIPPED: Multitenancy tests are disabled.
{3} manila_tempest_tests.tests.api.******.test_share_types_extra_specs.ExtraSpecsReadAdminTest.test_get_all_share_type_extra_specs [0.023612s] ... ok
{3} manila_tempest_tests.tests.api.******.test_share_types_extra_specs.ExtraSpecsReadAdminTest.test_get_one_share_type_extra_spec [0.023995s] ... ok
{2} setUpClass (manila_tempest_tests.tests.api.******.test_share_instances.ShareInstancesTest) [0.000000s] ... FAILED

Captured traceback:
~~~~~~~~~~~~~~~~~~~
    Traceback (most recent call last):

      File "/opt/stack/tempest/tempest/test.py", line 185, in setUpClass
    raise value.with_traceback(trace)

      File "/opt/stack/tempest/tempest/test.py", line 178, in setUpClass
    cls.resource_setup()

      File "/opt/stack/tempest/manila-tempest-plugin/manila_tempest_tests/tests/api/******/test_share_instances.py", line 34, in resource_setup
    cls.share = cls.create_share(share_type_id=cls.share_type_id)
                ^^^^^^^^^^^^^^^^^^^^^^^^^^^^^^^^^^^^^^^^^^^^^^^^^

      File "/opt/stack/tempest/manila-tempest-plugin/manila_tempest_tests/tests/api/base.py", line 411, in create_share
    result = cls.create_shares([{"args": args, "kwargs": kwargs}])
             ^^^^^^^^^^^^^^^^^^^^^^^^^^^^^^^^^^^^^^^^^^^^^^^^^^^^^

      File "/opt/stack/tempest/manila-tempest-plugin/manila_tempest_tests/tests/api/base.py", line 469, in create_shares
    waiters.wait_for_resource_status(

      File "/opt/stack/tempest/manila-tempest-plugin/manila_tempest_tests/common/waiters.py", line 109, in wait_for_resource_status
    raise resource_exception(resource_id=resource_id)

    manila_tempest_tests.share_exceptions.ShareBuildErrorException: Share 1753e812-400c-44ab-8f00-455833731d5c failed to build and is in ERROR status

{2} setUpClass (manila_tempest_tests.tests.api.******.test_share_manage.ManageCIFSShareTest) ... SKIPPED: cifs tests are disabled
{3} manila_tempest_tests.tests.api.******.test_share_types_extra_specs_negative.ExtraSpecsAdminNegativeTest.test_try_create_es_with_empty_shr_type_id [0.154343s] ... ok
{3} manila_tempest_tests.tests.api.******.test_share_types_extra_specs_negative.ExtraSpecsAdminNegativeTest.test_try_create_es_with_empty_specs [0.030703s] ... ok
{3} manila_tempest_tests.tests.api.******.test_share_types_extra_specs_negative.ExtraSpecsAdminNegativeTest.test_try_create_es_with_invalid_shr_type_id [0.012600s] ... ok
{3} manila_tempest_tests.tests.api.******.test_share_types_extra_specs_negative.ExtraSpecsAdminNegativeTest.test_try_create_es_with_invalid_specs [0.035165s] ... ok
{3} manila_tempest_tests.tests.api.******.test_share_types_extra_specs_negative.ExtraSpecsAdminNegativeTest.test_try_create_extra_specs_with_user [0.147266s] ... ok
{3} manila_tempest_tests.tests.api.******.test_share_types_extra_specs_negative.ExtraSpecsAdminNegativeTest.test_try_delete_es_key_with_empty_shr_type_id [0.028295s] ... ok
{3} manila_tempest_tests.tests.api.******.test_share_types_extra_specs_negative.ExtraSpecsAdminNegativeTest.test_try_delete_es_key_with_invalid_shr_type_id [0.048406s] ... ok
{3} manila_tempest_tests.tests.api.******.test_share_types_extra_specs_negative.ExtraSpecsAdminNegativeTest.test_try_delete_extra_specs_with_user [0.138400s] ... ok
{3} manila_tempest_tests.tests.api.******.test_share_types_extra_specs_negative.ExtraSpecsAdminNegativeTest.test_try_delete_required_spec_snapshot_support_version_1_2_0 [0.033263s] ... ok
{3} manila_tempest_tests.tests.api.******.test_share_types_extra_specs_negative.ExtraSpecsAdminNegativeTest.test_try_delete_required_spec_snapshot_support_version_2_2_23 [0.133885s] ... ok
{3} manila_tempest_tests.tests.api.******.test_share_types_extra_specs_negative.ExtraSpecsAdminNegativeTest.test_try_delete_spec_driver_handles_share_servers [0.059289s] ... ok
{1} manila_tempest_tests.tests.api.******.test_quotas.SharesAdminQuotasUpdateTest.test_quotas_usages [4.025492s] ... FAILED

Captured traceback:
~~~~~~~~~~~~~~~~~~~
    Traceback (most recent call last):

      File "/opt/stack/tempest/manila-tempest-plugin/manila_tempest_tests/tests/api/******/test_quotas.py", line 880, in test_quotas_usages
    share_1 = self.create_share(
              ^^^^^^^^^^^^^^^^^^

      File "/opt/stack/tempest/manila-tempest-plugin/manila_tempest_tests/tests/api/base.py", line 411, in create_share
    result = cls.create_shares([{"args": args, "kwargs": kwargs}])
             ^^^^^^^^^^^^^^^^^^^^^^^^^^^^^^^^^^^^^^^^^^^^^^^^^^^^^

      File "/opt/stack/tempest/manila-tempest-plugin/manila_tempest_tests/tests/api/base.py", line 469, in create_shares
    waiters.wait_for_resource_status(

      File "/opt/stack/tempest/manila-tempest-plugin/manila_tempest_tests/common/waiters.py", line 109, in wait_for_resource_status
    raise resource_exception(resource_id=resource_id)

    manila_tempest_tests.share_exceptions.ShareBuildErrorException: Share 99d014ad-e76b-43f2-8597-3364ab873264 failed to build and is in ERROR status


Captured pythonlogging:
~~~~~~~~~~~~~~~~~~~~~~~
    2026-02-05 11:43:52,933 168294 INFO     [tempest.lib.common.rest_client] Request (SharesAdminQuotasUpdateTest:test_quotas_usages): 200 POST http://10.132.46.216/share/v2/ec7cce84685d470cb21beb45c5dc49a3/types 0.023s
2026-02-05 11:43:52,933 168294 DEBUG    [tempest.lib.common.rest_client] Request - Headers: {'Content-Type': 'application/json', 'Accept': 'application/json', 'x-openstack-manila-api-version': '2.90', 'X-Auth-Token': '<omitted>'}
        Body: {"share_type": {"name": "tempest-typeshare-type-2016332380", "extra_specs": {"driver_handles_share_servers": "False"}, "share_type_access:is_public": true}}
    Response - Headers: {'date': 'Thu, 05 Feb 2026 11:43:52 GMT', 'server': 'Apache/2.4.58 (Ubuntu)', 'content-type': 'application/json', 'content-length': '623', 'x-compute-request-id': 'req-1f1a26b9-d4d3-41dc-91b3-a4a6dbec8510', 'x-openstack-manila-api-version': '2.90', 'vary': 'X-OpenStack-Manila-API-Version', 'x-openstack-request-id': 'req-1f1a26b9-d4d3-41dc-91b3-a4a6dbec8510', 'connection': 'close', 'status': '200', 'content-location': 'http://10.132.46.216/share/v2/ec7cce84685d470cb21beb45c5dc49a3/types'}
        Body: b'{"volume_type": {"id": "7a4c2f62-56b7-4b63-baab-717455152a6c", "name": "tempest-typeshare-type-2016332380", "extra_specs": {"driver_handles_share_servers": "False"}, "required_extra_specs": {"driver_handles_share_servers": "False"}, "share_type_access:is_public": true, "description": null, "is_default": false}, "share_type": {"id": "7a4c2f62-56b7-4b63-baab-717455152a6c", "name": "tempest-typeshare-type-2016332380", "extra_specs": {"driver_handles_share_servers": "False"}, "required_extra_specs": {"driver_handles_share_servers": "False"}, "share_type_access:is_public": true, "description": null, "is_default": false}}'
2026-02-05 11:43:52,952 168294 INFO     [tempest.lib.common.rest_client] Request (SharesAdminQuotasUpdateTest:test_quotas_usages): 200 POST http://10.132.46.216/share/v2/ec7cce84685d470cb21beb45c5dc49a3/types 0.018s
2026-02-05 11:43:52,952 168294 DEBUG    [tempest.lib.common.rest_client] Request - Headers: {'Content-Type': 'application/json', 'Accept': 'application/json', 'x-openstack-manila-api-version': '2.90', 'X-Auth-Token': '<omitted>'}
        Body: {"share_type": {"name": "tempest-typeshare-type-1282071423", "extra_specs": {"driver_handles_share_servers": "False"}, "share_type_access:is_public": true}}
    Response - Headers: {'date': 'Thu, 05 Feb 2026 11:43:52 GMT', 'server': 'Apache/2.4.58 (Ubuntu)', 'content-type': 'application/json', 'content-length': '623', 'x-compute-request-id': 'req-29b843c4-f6b5-4c28-bc05-8e6764d578f7', 'x-openstack-manila-api-version': '2.90', 'vary': 'X-OpenStack-Manila-API-Version', 'x-openstack-request-id': 'req-29b843c4-f6b5-4c28-bc05-8e6764d578f7', 'connection': 'close', 'status': '200', 'content-location': 'http://10.132.46.216/share/v2/ec7cce84685d470cb21beb45c5dc49a3/types'}
        Body: b'{"volume_type": {"id": "3601a451-5815-4fec-9456-e61a0b885a0d", "name": "tempest-typeshare-type-1282071423", "extra_specs": {"driver_handles_share_servers": "False"}, "required_extra_specs": {"driver_handles_share_servers": "False"}, "share_type_access:is_public": true, "description": null, "is_default": false}, "share_type": {"id": "3601a451-5815-4fec-9456-e61a0b885a0d", "name": "tempest-typeshare-type-1282071423", "extra_specs": {"driver_handles_share_servers": "False"}, "required_extra_specs": {"driver_handles_share_servers": "False"}, "share_type_access:is_public": true, "description": null, "is_default": false}}'
2026-02-05 11:43:53,003 168294 INFO     [tempest.lib.common.rest_client] Request (SharesAdminQuotasUpdateTest:test_quotas_usages): 200 PUT http://10.132.46.216/share/v2/ec7cce84685d470cb21beb45c5dc49a3/quota-sets/ec7cce84685d470cb21beb45c5dc49a3 0.051s
2026-02-05 11:43:53,004 168294 DEBUG    [tempest.lib.common.rest_client] Request - Headers: {'Content-Type': 'application/json', 'Accept': 'application/json', 'x-openstack-manila-api-version': '2.90', 'X-Auth-Token': '<omitted>'}
        Body: {"quota_set": {"tenant_id": "ec7cce84685d470cb21b
    eb45c5dc49a3", "force": "true", "shares": 3, "gigabytes": 10}}
    Response - Headers: {'date': 'Thu, 05 Feb 2026 11:43:52 GMT', 'server': 'Apache/2.4.58 (Ubuntu)', 'content-type': 'application/json', 'content-length': '303', 'x-compute-request-id': 'req-d125f6bb-bcc2-401a-b62b-3512d30c82a4', 'x-openstack-manila-api-version': '2.90', 'vary': 'X-OpenStack-Manila-API-Version', 'x-openstack-request-id': 'req-d125f6bb-bcc2-401a-b62b-3512d30c82a4', 'connection': 'close', 'status': '200', 'content-location': 'http://10.132.46.216/share/v2/ec7cce84685d470cb21beb45c5dc49a3/quota-sets/ec7cce84685d470cb21beb45c5dc49a3'}
        Body: b'{"quota_set": {"shares": 3, "gigabytes": 10, "snapshots": 50, "snapshot_gigabytes": 1000, "share_networks": 10, "share_groups": 50, "share_group_snapshots": 50, "share_replicas": 100, "replica_gigabytes": 1000, "per_share_gigabytes": -1, "backups": 10, "backup_gigabytes": 1000, "encryption_keys": 100}}'
2026-02-05 11:43:53,071 168294 INFO     [tempest.lib.common.rest_client] Request (SharesAdminQuotasUpdateTest:test_quotas_usages): 200 PUT http://10.132.46.216/share/v2/ec7cce84685d470cb21beb45c5dc49a3/quota-sets/ec7cce84685d470cb21beb45c5dc49a3?user_id=595d51477bd64be4bb43cc875ffea32d 0.067s
2026-02-05 11:43:53,071 168294 DEBUG    [tempest.lib.common.rest_client] Request - Headers: {'Content-Type': 'application/json', 'Accept': 'application/json', 'x-openstack-manila-api-version': '2.90', 'X-Auth-Token': '<omitted>'}
        Body: {"quota_set": {"tenant_id": "ec7cce84685d470cb21beb45c5dc49a3", "force": "true", "shares": 2, "gigabytes": 7}}
    Response - Headers: {'date': 'Thu, 05 Feb 2026 11:43:53 GMT', 'server': 'Apache/2.4.58 (Ubuntu)', 'content-type': 'application/json', 'content-length': '302', 'x-compute-request-id': 'req-fcb80807-076d-491e-8ad6-3e9c1fbc6d0d', 'x-openstack-manila-api-version': '2.90', 'vary': 'X-OpenStack-Manila-API-Version', 'x-openstack-request-id': 'req-fcb80807-076d-491e-8ad6-3e9c1fbc6d0d', 'connection': 'close', 'status': '200', 'content-location': 'http://10.132.46.216/share/v2/ec7cce84685d470cb21beb45c5dc49a3/quota-sets/ec7cce84685d470cb21beb45c5dc49a3?user_id=595d51477bd64be4bb43cc875ffea32d'}
        Body: b'{"quota_set": {"shares": 2, "gigabytes": 7, "snapshots": 50, "snapshot_gigabytes": 1000, "share_networks": 10, "share_groups": 50, "share_group_snapshots": 50, "share_replicas": 100, "replica_gigabytes": 1000, "per_share_gigabytes": -1, "backups": 10, "backup_gigabytes": 1000, "encryption_keys": 100}}'
2026-02-05 11:43:53,140 168294 INFO     [tempest.lib.common.rest_client] Request (SharesAdminQuotasUpdateTest:test_quotas_usages): 200 PUT http://10.132.46.216/share/v2/ec7cce84685d470cb21beb45c5dc49a3/quota-sets/ec7cce84685d470cb21beb45c5dc49a3?share_type=7a4c2f62-56b7-4b63-baab-717455152a6c 0.068s
2026-02-05 11:43:53,140 168294 DEBUG    [tempest.lib.common.rest_client] Request - Headers: {'Content-Type': 'application/json', 'Accept': 'application/json', 'x-openstack-manila-api-version': '2.90', 'X-Auth-Token': '<omitted>'}
        Body: {"quota_set": {"tenant_id": "ec7cce84685d470cb21beb45c5dc49a3", "force": "true", "shares": 2, "gigabytes": 4}}
    Response - Headers: {'date': 'Thu, 05 Feb 2026 11:43:53 GMT', 'server': 'Apache/2.4.58 (Ubuntu)', 'content-type': 'application/json', 'content-length': '231', 'x-compute-request-id': 'req-21dfe608-4fdd-456b-94fe-5d106871b083', 'x-openstack-manila-api-version': '2.90', 'vary': 'X-OpenStack-Manila-API-Version', 'x-openstack-request-id': 'req-21dfe608-4fdd-456b-94fe-5d106871b083', 'connection': 'close', 'status': '200', 'content-location': 'http://10.132.46.216/share/v2/ec7cce84685d470cb21beb45c5dc49a3/quota-sets/ec7cce84685d470cb21beb45c5dc49a3?share_type=7a4c2f62-56b7-4b63-baab-717455152a6c'}
        Body: b'{"quota_set": {"shares": 2, "gigabytes": 4, "snapshots": 50, "snapshot_gigabytes": 1000, "share_replicas": 100, "replica_gigabytes": 1000, "per_share_gigabytes": -1, "backups": 10, "backup_gigabytes": 1000, "encryption_keys": 100}}'
2026-02-05 11:43:53,215 168294 INFO     [tempest.lib.common.rest_client] Request (Sh
    aresAdminQuotasUpdateTest:test_quotas_usages): 200 PUT http://10.132.46.216/share/v2/ec7cce84685d470cb21beb45c5dc49a3/quota-sets/ec7cce84685d470cb21beb45c5dc49a3?share_type=tempest-typeshare-type-1282071423 0.074s
2026-02-05 11:43:53,215 168294 DEBUG    [tempest.lib.common.rest_client] Request - Headers: {'Content-Type': 'application/json', 'Accept': 'application/json', 'x-openstack-manila-api-version': '2.90', 'X-Auth-Token': '<omitted>'}
        Body: {"quota_set": {"tenant_id": "ec7cce84685d470cb21beb45c5dc49a3", "force": "true", "shares": 2, "gigabytes": 4}}
    Response - Headers: {'date': 'Thu, 05 Feb 2026 11:43:53 GMT', 'server': 'Apache/2.4.58 (Ubuntu)', 'content-type': 'application/json', 'content-length': '231', 'x-compute-request-id': 'req-c13c2434-fcde-4aaf-98e3-96b269567ac2', 'x-openstack-manila-api-version': '2.90', 'vary': 'X-OpenStack-Manila-API-Version', 'x-openstack-request-id': 'req-c13c2434-fcde-4aaf-98e3-96b269567ac2', 'connection': 'close', 'status': '200', 'content-location': 'http://10.132.46.216/share/v2/ec7cce84685d470cb21beb45c5dc49a3/quota-sets/ec7cce84685d470cb21beb45c5dc49a3?share_type=tempest-typeshare-type-1282071423'}
        Body: b'{"quota_set": {"shares": 2, "gigabytes": 4, "snapshots": 50, "snapshot_gigabytes": 1000, "share_replicas": 100, "replica_gigabytes": 1000, "per_share_gigabytes": -1, "backups": 10, "backup_gigabytes": 1000, "encryption_keys": 100}}'
2026-02-05 11:43:53,406 168294 INFO     [tempest.lib.common.rest_client] Request (SharesAdminQuotasUpdateTest:test_quotas_usages): 200 POST http://10.132.46.216/share/v2/ec7cce84685d470cb21beb45c5dc49a3/shares 0.191s
2026-02-05 11:43:53,407 168294 DEBUG    [tempest.lib.common.rest_client] Request - Headers: {'Content-Type': 'application/json', 'Accept': 'application/json', 'x-openstack-manila-api-version': '2.90', 'X-Auth-Token': '<omitted>'}
        Body: {"share": {"share_proto": "nfs", "description": "Tempest's share", "snapshot_id": null, "name": "tempest-tempest-created-share-1034088577", "size": 4, "metadata": {}, "is_public": false, "share_type": "7a4c2f62-56b7-4b63-baab-717455152a6c"}}
    Response - Headers: {'date': 'Thu, 05 Feb 2026 11:43:53 GMT', 'server': 'Apache/2.4.58 (Ubuntu)', 'content-type': 'application/json', 'content-length': '1379', 'x-compute-request-id': 'req-05c1dc0f-c721-4e21-8c43-aa6a5911ab51', 'x-openstack-manila-api-version': '2.90', 'vary': 'X-OpenStack-Manila-API-Version', 'x-openstack-request-id': 'req-05c1dc0f-c721-4e21-8c43-aa6a5911ab51', 'connection': 'close', 'status': '200', 'content-location': 'http://10.132.46.216/share/v2/ec7cce84685d470cb21beb45c5dc49a3/shares'}
        Body: b'{"share": {"id": "99d014ad-e76b-43f2-8597-3364ab873264", "size": 4, "availability_zone": null, "created_at": "2026-02-05T11:43:53.294849", "status": "creating", "name": "tempest-tempest-created-share-1034088577", "description": "Tempest\'s share", "project_id": "ec7cce84685d470cb21beb45c5dc49a3", "snapshot_id": null, "share_network_id": null, "share_proto": "NFS", "metadata": {}, "share_type": "7a4c2f62-56b7-4b63-baab-717455152a6c", "volume_type": "tempest-typeshare-type-2016332380", "links": [{"rel": "self", "href": "http://10.132.46.216/share/v2/ec7cce84685d470cb21beb45c5dc49a3/shares/99d014ad-e76b-43f2-8597-3364ab873264"}, {"rel": "bookmark", "href": "http://10.132.46.216/share/ec7cce84685d470cb21beb45c5dc49a3/shares/99d014ad-e76b-43f2-8597-3364ab873264"}], "is_public": false, "snapshot_support": false, "task_state": null, "share_type_name": "tempest-typeshare-type-2016332380", "access_rules_status": "active", "replication_type": null, "has_replicas": false, "user_id": "595d51477bd64be4bb43cc875ffea32d", "create_share_from_snapshot_support": false, "revert_to_snapshot_support": false, "share_group_id": null, "source_share_group_snapshot_member_id": null, "mount_snapshot_support": false, "progress": null, "is_soft_deleted": false, "scheduled_to_be_deleted_at": null, "source_backup_id": null, "encryption_key_ref": null, "share_server_id": null, "host": ""}}'
2026-02-05 11:43:53,437 168294 INFO     [tempest.lib.commo
    n.rest_client] Request (SharesAdminQuotasUpdateTest:test_quotas_usages): 200 GET http://10.132.46.216/share/v2/ec7cce84685d470cb21beb45c5dc49a3/shares/99d014ad-e76b-43f2-8597-3364ab873264 0.029s
2026-02-05 11:43:53,437 168294 DEBUG    [tempest.lib.common.rest_client] Request - Headers: {'Content-Type': 'application/json', 'Accept': 'application/json', 'x-openstack-manila-api-version': '2.90', 'X-Auth-Token': '<omitted>'}
        Body: None
    Response - Headers: {'date': 'Thu, 05 Feb 2026 11:43:53 GMT', 'server': 'Apache/2.4.58 (Ubuntu)', 'content-type': 'application/json', 'content-length': '1379', 'x-compute-request-id': 'req-33d9bb24-eb9b-4d86-9685-e148b5f9df2e', 'x-openstack-manila-api-version': '2.90', 'vary': 'X-OpenStack-Manila-API-Version', 'x-openstack-request-id': 'req-33d9bb24-eb9b-4d86-9685-e148b5f9df2e', 'connection': 'close', 'status': '200', 'content-location': 'http://10.132.46.216/share/v2/ec7cce84685d470cb21beb45c5dc49a3/shares/99d014ad-e76b-43f2-8597-3364ab873264'}
        Body: b'{"share": {"id": "99d014ad-e76b-43f2-8597-3364ab873264", "size": 4, "availability_zone": null, "created_at": "2026-02-05T11:43:53.294849", "status": "creating", "name": "tempest-tempest-created-share-1034088577", "description": "Tempest\'s share", "project_id": "ec7cce84685d470cb21beb45c5dc49a3", "snapshot_id": null, "share_network_id": null, "share_proto": "NFS", "metadata": {}, "share_type": "7a4c2f62-56b7-4b63-baab-717455152a6c", "volume_type": "tempest-typeshare-type-2016332380", "links": [{"rel": "self", "href": "http://10.132.46.216/share/v2/ec7cce84685d470cb21beb45c5dc49a3/shares/99d014ad-e76b-43f2-8597-3364ab873264"}, {"rel": "bookmark", "href": "http://10.132.46.216/share/ec7cce84685d470cb21beb45c5dc49a3/shares/99d014ad-e76b-43f2-8597-3364ab873264"}], "is_public": false, "snapshot_support": false, "task_state": null, "share_type_name": "tempest-typeshare-type-2016332380", "access_rules_status": "active", "replication_type": null, "has_replicas": false, "user_id": "595d51477bd64be4bb43cc875ffea32d", "create_share_from_snapshot_support": false, "revert_to_snapshot_support": false, "share_group_id": null, "source_share_group_snapshot_member_id": null, "mount_snapshot_support": false, "progress": null, "is_soft_deleted": false, "scheduled_to_be_deleted_at": null, "source_backup_id": null, "encryption_key_ref": null, "share_server_id": null, "host": ""}}'
2026-02-05 11:43:56,495 168294 INFO     [tempest.lib.common.rest_client] Request (SharesAdminQuotasUpdateTest:test_quotas_usages): 200 GET http://10.132.46.216/share/v2/ec7cce84685d470cb21beb45c5dc49a3/shares/99d014ad-e76b-43f2-8597-3364ab873264 0.056s
2026-02-05 11:43:56,495 168294 DEBUG    [tempest.lib.common.rest_client] Request - Headers: {'Content-Type': 'application/json', 'Accept': 'application/json', 'x-openstack-manila-api-version': '2.90', 'X-Auth-Token': '<omitted>'}
        Body: None
    Response - Headers: {'date': 'Thu, 05 Feb 2026 11:43:56 GMT', 'server': 'Apache/2.4.58 (Ubuntu)', 'content-type': 'application/json', 'content-length': '1376', 'x-compute-request-id': 'req-f9ab4fbc-fb62-463f-8fb6-04be2368d7b8', 'x-openstack-manila-api-version': '2.90', 'vary': 'X-OpenStack-Manila-API-Version', 'x-openstack-request-id': 'req-f9ab4fbc-fb62-463f-8fb6-04be2368d7b8', 'connection': 'close', 'status': '200', 'content-location': 'http://10.132.46.216/share/v2/ec7cce84685d470cb21beb45c5dc49a3/shares/99d014ad-e76b-43f2-8597-3364ab873264'}
        Body: b'{"share": {"id": "99d014ad-e76b-43f2-8597-3364ab873264", "size": 4, "availability_zone": null, "created_at": "2026-02-05T11:43:53.294849", "status": "error", "name": "tempest-tempest-created-share-1034088577", "description": "Tempest\'s share", "project_id": "ec7cce84685d470cb21beb45c5dc49a3", "snapshot_id": null, "share_network_id": null, "share_proto": "NFS", "metadata": {}, "share_type": "7a4c2f62-56b7-4b63-baab-717455152a6c", "volume_type": "tempest-typeshare-type-2016332380", "links": [{"rel": "self", "href": "http://10.132.46.216/share/v2/ec7cce84685d470cb21beb45c5dc49a3/shares/99d014ad-e76b-43f2-8597-3364ab873
    264"}, {"rel": "bookmark", "href": "http://10.132.46.216/share/ec7cce84685d470cb21beb45c5dc49a3/shares/99d014ad-e76b-43f2-8597-3364ab873264"}], "is_public": false, "snapshot_support": false, "task_state": null, "share_type_name": "tempest-typeshare-type-2016332380", "access_rules_status": "active", "replication_type": null, "has_replicas": false, "user_id": "595d51477bd64be4bb43cc875ffea32d", "create_share_from_snapshot_support": false, "revert_to_snapshot_support": false, "share_group_id": null, "source_share_group_snapshot_member_id": null, "mount_snapshot_support": false, "progress": null, "is_soft_deleted": false, "scheduled_to_be_deleted_at": null, "source_backup_id": null, "encryption_key_ref": null, "share_server_id": null, "host": ""}}'
2026-02-05 11:43:56,536 168294 INFO     [tempest.lib.common.rest_client] Request (SharesAdminQuotasUpdateTest:_run_cleanups): 200 GET http://10.132.46.216/share/v2/ec7cce84685d470cb21beb45c5dc49a3/share-replicas/detail?share_id=99d014ad-e76b-43f2-8597-3364ab873264 0.038s
2026-02-05 11:43:56,537 168294 DEBUG    [tempest.lib.common.rest_client] Request - Headers: {'Content-Type': 'application/json', 'Accept': 'application/json', 'x-openstack-manila-api-version': '2.90', 'X-Auth-Token': '<omitted>'}
        Body: None
    Response - Headers: {'date': 'Thu, 05 Feb 2026 11:43:56 GMT', 'server': 'Apache/2.4.58 (Ubuntu)', 'content-type': 'application/json', 'content-length': '22', 'x-compute-request-id': 'req-e603ad19-b42a-48ab-852b-da7a66feba27', 'x-openstack-manila-api-version': '2.90', 'vary': 'X-OpenStack-Manila-API-Version', 'x-openstack-request-id': 'req-e603ad19-b42a-48ab-852b-da7a66feba27', 'connection': 'close', 'status': '200', 'content-location': 'http://10.132.46.216/share/v2/ec7cce84685d470cb21beb45c5dc49a3/share-replicas/detail?share_id=99d014ad-e76b-43f2-8597-3364ab873264'}
        Body: b'{"share_replicas": []}'
2026-02-05 11:43:56,845 168294 INFO     [tempest.lib.common.rest_client] Request (SharesAdminQuotasUpdateTest:_run_cleanups): 202 DELETE http://10.132.46.216/share/v2/ec7cce84685d470cb21beb45c5dc49a3/shares/99d014ad-e76b-43f2-8597-3364ab873264 0.308s
2026-02-05 11:43:56,846 168294 DEBUG    [tempest.lib.common.rest_client] Request - Headers: {'Content-Type': 'application/json', 'Accept': 'application/json', 'x-openstack-manila-api-version': '2.90', 'X-Auth-Token': '<omitted>'}
        Body: None
    Response - Headers: {'date': 'Thu, 05 Feb 2026 11:43:56 GMT', 'server': 'Apache/2.4.58 (Ubuntu)', 'content-length': '0', 'content-type': 'text/html; charset=UTF-8', 'x-compute-request-id': 'req-3f5443e7-c6f9-4a16-97b4-61e5dc546458', 'x-openstack-manila-api-version': '2.90', 'vary': 'X-OpenStack-Manila-API-Version', 'x-openstack-request-id': 'req-3f5443e7-c6f9-4a16-97b4-61e5dc546458', 'connection': 'close', 'status': '202', 'content-location': 'http://10.132.46.216/share/v2/ec7cce84685d470cb21beb45c5dc49a3/shares/99d014ad-e76b-43f2-8597-3364ab873264'}
        Body: b''
2026-02-05 11:43:56,870 168294 INFO     [tempest.lib.common.rest_client] Request (SharesAdminQuotasUpdateTest:_run_cleanups): 404 GET http://10.132.46.216/share/v2/ec7cce84685d470cb21beb45c5dc49a3/shares/99d014ad-e76b-43f2-8597-3364ab873264 0.024s
2026-02-05 11:43:56,871 168294 DEBUG    [tempest.lib.common.rest_client] Request - Headers: {'Content-Type': 'application/json', 'Accept': 'application/json', 'x-openstack-manila-api-version': '2.90', 'X-Auth-Token': '<omitted>'}
        Body: None
    Response - Headers: {'date': 'Thu, 05 Feb 2026 11:43:56 GMT', 'server': 'Apache/2.4.58 (Ubuntu)', 'x-openstack-manila-api-version': '2.90', 'vary': 'X-OpenStack-Manila-API-Version', 'content-length': '78', 'content-type': 'application/json', 'x-compute-request-id': 'req-45f4003d-afe2-4f3f-bf12-b106dae464a7', 'x-openstack-request-id': 'req-45f4003d-afe2-4f3f-bf12-b106dae464a7', 'connection': 'close', 'status': '404', 'content-location': 'http://10.132.46.216/share/v2/ec7cce84685d470cb21beb45c5dc49a3/shares/99d014ad-e76b-43f2-8597-3364ab873264'}
        Body: b'{"itemNotFound": {"code": 404, "message": "The resource 
    could not be found."}}'
2026-02-05 11:43:56,905 168294 INFO     [tempest.lib.common.rest_client] Request (SharesAdminQuotasUpdateTest:_run_cleanups): 202 DELETE http://10.132.46.216/share/v2/ec7cce84685d470cb21beb45c5dc49a3/quota-sets/ec7cce84685d470cb21beb45c5dc49a3?user_id=595d51477bd64be4bb43cc875ffea32d 0.034s
2026-02-05 11:43:56,906 168294 DEBUG    [tempest.lib.common.rest_client] Request - Headers: {'Content-Type': 'application/json', 'Accept': 'application/json', 'x-openstack-manila-api-version': '2.90', 'X-Auth-Token': '<omitted>'}
        Body: None
    Response - Headers: {'date': 'Thu, 05 Feb 2026 11:43:56 GMT', 'server': 'Apache/2.4.58 (Ubuntu)', 'content-length': '0', 'content-type': 'text/html; charset=UTF-8', 'x-compute-request-id': 'req-8430c022-9103-45bd-9849-25a6da24c67c', 'x-openstack-manila-api-version': '2.90', 'vary': 'X-OpenStack-Manila-API-Version', 'x-openstack-request-id': 'req-8430c022-9103-45bd-9849-25a6da24c67c', 'connection': 'close', 'status': '202', 'content-location': 'http://10.132.46.216/share/v2/ec7cce84685d470cb21beb45c5dc49a3/quota-sets/ec7cce84685d470cb21beb45c5dc49a3?user_id=595d51477bd64be4bb43cc875ffea32d'}
        Body: b''
2026-02-05 11:43:56,932 168294 INFO     [tempest.lib.common.rest_client] Request (SharesAdminQuotasUpdateTest:_run_cleanups): 202 DELETE http://10.132.46.216/share/v2/ec7cce84685d470cb21beb45c5dc49a3/quota-sets/ec7cce84685d470cb21beb45c5dc49a3 0.025s
2026-02-05 11:43:56,932 168294 DEBUG    [tempest.lib.common.rest_client] Request - Headers: {'Content-Type': 'application/json', 'Accept': 'application/json', 'x-openstack-manila-api-version': '2.90', 'X-Auth-Token': '<omitted>'}
        Body: None
    Response - Headers: {'date': 'Thu, 05 Feb 2026 11:43:56 GMT', 'server': 'Apache/2.4.58 (Ubuntu)', 'content-length': '0', 'content-type': 'text/html; charset=UTF-8', 'x-compute-request-id': 'req-44fc5625-3b75-4756-8d0a-0d8e11007d7f', 'x-openstack-manila-api-version': '2.90', 'vary': 'X-OpenStack-Manila-API-Version', 'x-openstack-request-id': 'req-44fc5625-3b75-4756-8d0a-0d8e11007d7f', 'connection': 'close', 'status': '202', 'content-location': 'http://10.132.46.216/share/v2/ec7cce84685d470cb21beb45c5dc49a3/quota-sets/ec7cce84685d470cb21beb45c5dc49a3'}
        Body: b''

{3} manila_tempest_tests.tests.api.******.test_share_types_extra_specs_negative.ExtraSpecsAdminNegativeTest.test_try_delete_with_invalid_key [0.068950s] ... ok
{3} manila_tempest_tests.tests.api.******.test_share_types_extra_specs_negative.ExtraSpecsAdminNegativeTest.test_try_get_extra_spec_with_empty_key [0.045714s] ... ok
{3} manila_tempest_tests.tests.api.******.test_share_types_extra_specs_negative.ExtraSpecsAdminNegativeTest.test_try_get_extra_spec_with_invalid_key [0.068307s] ... ok
{3} manila_tempest_tests.tests.api.******.test_share_types_extra_specs_negative.ExtraSpecsAdminNegativeTest.test_try_get_extra_spec_with_user [0.031938s] ... ok
{3} manila_tempest_tests.tests.api.******.test_share_types_extra_specs_negative.ExtraSpecsAdminNegativeTest.test_try_get_extra_specs_with_empty_shr_type_id [0.015479s] ... ok
{3} manila_tempest_tests.tests.api.******.test_share_types_extra_specs_negative.ExtraSpecsAdminNegativeTest.test_try_get_extra_specs_with_invalid_shr_type_id [0.015486s] ... ok
{3} manila_tempest_tests.tests.api.******.test_share_types_extra_specs_negative.ExtraSpecsAdminNegativeTest.test_try_get_extra_specs_with_user [0.032839s] ... ok
{3} manila_tempest_tests.tests.api.******.test_share_types_extra_specs_negative.ExtraSpecsAdminNegativeTest.test_try_list_es_with_empty_shr_type_id [0.013753s] ... ok
{3} manila_tempest_tests.tests.api.******.test_share_types_extra_specs_negative.ExtraSpecsAdminNegativeTest.test_try_list_es_with_invalid_shr_type_id [0.016339s] ... ok
{1} manila_tempest_tests.tests.api.******.test_quotas.SharesAdminQuotasUpdateTest.test_reset_share_type_quotas_1___id___True_ [0.320100s] ... ok
{3} manila_tempest_tests.tests.api.******.test_share_types_extra_specs_negative.ExtraSpecsAdminNegativeTest.test_try_list_extra_specs_with_user [0.032199s] ... ok
{3} manila_tempest_tests.tests.api.******.test_share_types_extra_specs_negative.ExtraSpecsAdminNegativeTest.test_try_read_extra_specs_on_share_type_with_user [0.047498s] ... ok
{3} manila_tempest_tests.tests.api.******.test_share_types_extra_specs_negative.ExtraSpecsAdminNegativeTest.test_try_set_too_long_key [0.034591s] ... ok
{3} manila_tempest_tests.tests.api.******.test_share_types_extra_specs_negative.ExtraSpecsAdminNegativeTest.test_try_set_too_long_value_with_creation [0.035718s] ... ok
{3} manila_tempest_tests.tests.api.******.test_share_types_extra_specs_negative.ExtraSpecsAdminNegativeTest.test_try_set_too_long_value_with_update [0.063524s] ... ok
{3} manila_tempest_tests.tests.api.******.test_share_types_extra_specs_negative.ExtraSpecsAdminNegativeTest.test_try_set_too_long_value_with_update_of_one_key [0.052017s] ... ok
{3} manila_tempest_tests.tests.api.******.test_share_types_extra_specs_negative.ExtraSpecsAdminNegativeTest.test_try_update_extra_spec_with_user [0.033244s] ... ok
{1} manila_tempest_tests.tests.api.******.test_quotas.SharesAdminQuotasUpdateTest.test_reset_share_type_quotas_2___name___False_ [0.287645s] ... ok
{3} manila_tempest_tests.tests.api.******.test_share_types_extra_specs_negative.ExtraSpecsAdminNegativeTest.test_try_update_extra_specs_with_user [0.034901s] ... ok
{3} manila_tempest_tests.tests.api.******.test_share_types_extra_specs_negative.ExtraSpecsAdminNegativeTest.test_try_update_spec_with_empty_key [0.029301s] ... ok
{3} manila_tempest_tests.tests.api.******.test_share_types_extra_specs_negative.ExtraSpecsAdminNegativeTest.test_try_update_spec_with_empty_shr_type_id [0.007754s] ... ok
{3} manila_tempest_tests.tests.api.******.test_share_types_extra_specs_negative.ExtraSpecsAdminNegativeTest.test_try_update_spec_with_invalid_shr_type_id [0.012320s] ... ok
{3} manila_tempest_tests.tests.api.******.test_share_types_extra_specs_negative.ExtraSpecsAdminNegativeTest.test_try_update_with_invalid_shr_type_id [0.014332s] ... ok
{3} manila_tempest_tests.tests.api.******.test_share_types_extra_specs_negative.ExtraSpecsAdminNegativeTest.test_try_update_with_invalid_specs [0.040017s] ... ok
{1} manila_tempest_tests.tests.api.******.test_quotas.SharesAdminQuotasUpdateTest.test_reset_tenant_quotas [0.150183s] ... ok
{1} manila_tempest_tests.tests.api.******.test_quotas.SharesAdminQuotasUpdateTest.test_set_share_type_quota_bigger_than_users_quota [0.233040s] ... ok
{1} manila_tempest_tests.tests.api.******.test_quotas.SharesAdminQuotasUpdateTest.test_share_group_quotas_usages ... SKIPPED: Share Group tests disabled.
{1} manila_tempest_tests.tests.api.******.test_quotas.SharesAdminQuotasUpdateTest.test_unlimited_quota_for_gigabytes [0.068995s] ... ok
{1} manila_tempest_tests.tests.api.******.test_quotas.SharesAdminQuotasUpdateTest.test_unlimited_quota_for_replica_quotas_1_share_replicas [0.075152s] ... ok
{1} manila_tempest_tests.tests.api.******.test_quotas.SharesAdminQuotasUpdateTest.test_unlimited_quota_for_replica_quotas_2_replica_gigabytes [0.084679s] ... ok
{1} manila_tempest_tests.tests.api.******.test_quotas.SharesAdminQuotasUpdateTest.test_unlimited_quota_for_share_groups ... SKIPPED: Share Group tests disabled.
{1} manila_tempest_tests.tests.api.******.test_quotas.SharesAdminQuotasUpdateTest.test_unlimited_quota_for_share_networks [0.071471s] ... ok
{1} manila_tempest_tests.tests.api.******.test_quotas.SharesAdminQuotasUpdateTest.test_unlimited_quota_for_shares [0.068254s] ... ok
{1} manila_tempest_tests.tests.api.******.test_quotas.SharesAdminQuotasUpdateTest.test_unlimited_quota_for_snapshot_gigabytes [0.091193s] ... ok
{1} manila_tempest_tests.tests.api.******.test_quotas.SharesAdminQuotasUpdateTest.test_unlimited_quota_for_snapshots [0.067909s] ... ok
{1} manila_tempest_tests.tests.api.******.test_quotas.SharesAdminQuotasUpdateTest.test_unlimited_user_quota_for_gigabytes [0.089964s] ... ok
{1} manila_tempest_tests.tests.api.******.test_quotas.SharesAdminQuotasUpdateTest.test_unlimited_user_quota_for_replica_quotas_1_share_replicas [0.081105s] ... ok
{1} manila_tempest_tests.tests.api.******.test_quotas.SharesAdminQuotasUpdateTest.test_unlimited_user_quota_for_replica_quotas_2_replica_gigabytes [0.086624s] ... ok
{1} manila_tempest_tests.tests.api.******.test_quotas.SharesAdminQuotasUpdateTest.test_unlimited_user_quota_for_share_group_snapshots ... SKIPPED: Share Group tests disabled.
{1} manila_tempest_tests.tests.api.******.test_quotas.SharesAdminQuotasUpdateTest.test_unlimited_user_quota_for_share_networks [0.096984s] ... ok
{1} manila_tempest_tests.tests.api.******.test_quotas.SharesAdminQuotasUpdateTest.test_unlimited_user_quota_for_shares [0.089314s] ... ok
{1} manila_tempest_tests.tests.api.******.test_quotas.SharesAdminQuotasUpdateTest.test_unlimited_user_quota_for_snapshot_gigabytes [0.088951s] ... ok
{1} manila_tempest_tests.tests.api.******.test_quotas.SharesAdminQuotasUpdateTest.test_unlimited_user_quota_for_snapshots [0.087857s] ... ok
{1} manila_tempest_tests.tests.api.******.test_quotas.SharesAdminQuotasUpdateTest.test_update_share_type_quota_1___id___True_ [0.431080s] ... ok
{0} setUpClass (manila_tempest_tests.tests.api.test_access_rules_metadata_negative.AccessesMetadataNegativeTest) [0.000000s] ... FAILED

Captured traceback:
~~~~~~~~~~~~~~~~~~~
    Traceback (most recent call last):

      File "/opt/stack/tempest/tempest/test.py", line 185, in setUpClass
    raise value.with_traceback(trace)

      File "/opt/stack/tempest/tempest/test.py", line 178, in setUpClass
    cls.resource_setup()

      File "/opt/stack/tempest/manila-tempest-plugin/manila_tempest_tests/tests/api/test_access_rules_metadata_negative.py", line 67, in resource_setup
    cls.share = cls.create_share(share_type_id=cls.share_type_id)
                ^^^^^^^^^^^^^^^^^^^^^^^^^^^^^^^^^^^^^^^^^^^^^^^^^

      File "/opt/stack/tempest/manila-tempest-plugin/manila_tempest_tests/tests/api/base.py", line 411, in create_share
    result = cls.create_shares([{"args": args, "kwargs": kwargs}])
             ^^^^^^^^^^^^^^^^^^^^^^^^^^^^^^^^^^^^^^^^^^^^^^^^^^^^^

      File "/opt/stack/tempest/manila-tempest-plugin/manila_tempest_tests/tests/api/base.py", line 469, in create_shares
    waiters.wait_for_resource_status(

      File "/opt/stack/tempest/manila-tempest-plugin/manila_tempest_tests/common/waiters.py", line 109, in wait_for_resource_status
    raise resource_exception(resource_id=resource_id)

    manila_tempest_tests.share_exceptions.ShareBuildErrorException: Share 38eee4a1-f48a-40a9-96d9-a8a7dc86ffb6 failed to build and is in ERROR status

{2} manila_tempest_tests.tests.api.******.test_share_manage.ManageNFSShareTest.test_manage [3.327692s] ... FAILED

Captured traceback:
~~~~~~~~~~~~~~~~~~~
    Traceback (most recent call last):

      File "/opt/stack/tempest/manila-tempest-plugin/manila_tempest_tests/tests/api/******/test_share_manage.py", line 172, in test_manage
    self._test_manage(check_manage=True)

      File "/opt/stack/tempest/manila-tempest-plugin/manila_tempest_tests/tests/api/******/test_share_manage.py", line 70, in _test_manage
    share = self._create_share_for_manage()
            ^^^^^^^^^^^^^^^^^^^^^^^^^^^^^^^

      File "/opt/stack/tempest/manila-tempest-plugin/manila_tempest_tests/tests/api/base.py", line 1174, in _create_share_for_manage
    share = self.create_share(**creation_data)
            ^^^^^^^^^^^^^^^^^^^^^^^^^^^^^^^^^^

      File "/opt/stack/tempest/manila-tempest-plugin/manila_tempest_tests/tests/api/base.py", line 411, in create_share
    result = cls.create_shares([{"args": args, "kwargs": kwargs}])
             ^^^^^^^^^^^^^^^^^^^^^^^^^^^^^^^^^^^^^^^^^^^^^^^^^^^^^

      File "/opt/stack/tempest/manila-tempest-plugin/manila_tempest_tests/tests/api/base.py", line 469, in create_shares
    waiters.wait_for_resource_status(

      File "/opt/stack/tempest/manila-tempest-plugin/manila_tempest_tests/common/waiters.py", line 109, in wait_for_resource_status
    raise resource_exception(resource_id=resource_id)

    manila_tempest_tests.share_exceptions.ShareBuildErrorException: Share 629724b0-790c-468a-84c1-162cefca4493 failed to build and is in ERROR status


Captured pythonlogging:
~~~~~~~~~~~~~~~~~~~~~~~
    2026-02-05 11:43:56,635 168296 INFO     [tempest.lib.common.rest_client] Request (ManageNFSShareTest:test_manage): 200 POST http://10.132.46.216/share/v2/8f6f451e82ab4f3b9c8f72025bd10175/shares 0.228s
2026-02-05 11:43:56,635 168296 DEBUG    [tempest.lib.common.rest_client] Request - Headers: {'Content-Type': 'application/json', 'Accept': 'application/json', 'x-openstack-manila-api-version': '2.90', 'X-Auth-Token': '<omitted>'}
        Body: {"share": {"share_proto": "nfs", "description": "Tempest's share", "snapshot_id": null, "name": "tempest-tempest-created-share-1409655552", "size": 1, "metadata": {}, "is_public": false, "share_type": "8f49091f-2d4f-4363-bee2-3c96a3126ab0"}}
    Response - Headers: {'date': 'Thu, 05 Feb 2026 11:43:56 GMT', 'server': 'Apache/2.4.58 (Ubuntu)', 'content-type': 'application/json', 'content-length': '1377', 'x-compute-request-id': 'req-79bac740-8a78-4896-9e7f-175f7a5509c9', 'x-openstack-manila-api-version': '2.90', 'vary': 'X-OpenStack-Manila-API-Version', 'x-openstack-request-id': 'req-79bac740-8a78-4896-9e7f-175f7a5509c9', 'connection': 'close', 'status': '200', 'content-location': 'http://10.132.46.216/share/v2/8f6f451e82ab4f3b9c8f72025bd10175/shares'}
        Body: b'{"share": {"id": "629724b0-790c-468a-84c1-162cefca4493", "size": 1, "availability_zone": null, "created_at": "2026-02-05T11:43:56.509209", "status": "creating", "name": "tempest-tempest-created-share-1409655552", "description": "Tempest\'s share", "project_id": "8f6f451e82ab4f3b9c8f72025bd10175", "snapshot_id": null, "share_network_id": null, "share_proto": "NFS", "metadata": {}, "share_type": "8f49091f-2d4f-4363-bee2-3c96a3126ab0", "volume_type": "tempest-manage-st-name-772566789", "links": [{"rel": "self", "href": "http://10.132.46.216/share/v2/8f6f451e82ab4f3b9c8f72025bd10175/shares/629724b0-790c-468a-84c1-162cefca4493"}, {"rel": "bookmark", "href": "http://10.132.46.216/share/8f6f451e82ab4f3b9c8f72025bd10175/shares/629724b0-790c-468a-84c1-162cefca4493"}], "is_public": false, "snapshot_support": false, "task_state": null, "share_type_name": "tempest-manage-st-name-772566789", "access_rules_status": "active", "replication_type": null, "has_replicas": false, "user_id": "9a475fa55eeb40b3a705ca3c8ed294ae", "create_share_from_snapshot_support": false, "revert_to_snapshot_support": false, "share_group_id": null, "source_share_group_snapshot_member_id": null, "mount_snapshot_support": false, "progress": null, "is_soft_deleted": false, "scheduled_to_be_deleted_at": null, "source_backup_id": null, "encryption_key_ref": null, "share_server_id": null, "host": ""}}'
2026-02-05 11:43:56,680 168296 INFO     [tempest.lib.common.rest_client] Request (ManageNFSShareTest:test_manage): 200 GET http://10.132.46.216/share/v2/8f6f451e82ab4f3b9c8f72025bd10175/shares/629724b0-790c-468a-84c1-162cefca4493 0.042s
2026-02-05 11:43:56,680 168296 DEBUG    [tempest.lib.common.rest_client] Request - Headers: {'Content-Type': 'application/json', 'Accept': 'application/json', 'x-openstack-manila-api-version': '2.90', 'X-Auth-Token': '<omitted>'}
        Body: None
    Response - Headers: {'date': 'Thu, 05 Feb 2026 11:43:56 GMT', 'server': 'Apache/2.4.58 (Ubuntu)', 'content-type': 'application/json', 'content-length': '1377', 'x-compute-request-id': 'req-ebb4380a-0b63-4b37-a709-8c7e4d30376d', 'x-openstack-manila-api-version': '2.90', 'vary': 'X-OpenStack-Manila-API-Version', 'x-openstack-request-id': 'req-ebb4380a-0b63-4b37-a709-8c7e4d30376d', 'connection': 'close', 'status': '200', 'content-location': 'http://10.132.46.216/share/v2/8f6f451e82ab4f3b9c8f72025bd10175/shares/629724b0-790c-468a-84c1-162cefca4493'}
        Body: b'{"share": {"id": "629724b0-790c-468a-84c1-162cefca4493", "size": 1, "availability_zone": null, "created_at": "2026-02-05T11:43:56.509209", "status": "creating", "name": "tempest-tempest-created-share-1409655552", "description": "Tempest\'s share", "project_id": "8f6f451e82ab4f3b9c8f72025bd10175", "snapshot_id": null, "share_network_id": null, "share_proto": "NFS", "metadata": {}, "share_type": "8f49091f-2d4f-4363-bee2-3c96a3126ab0",
     "volume_type": "tempest-manage-st-name-772566789", "links": [{"rel": "self", "href": "http://10.132.46.216/share/v2/8f6f451e82ab4f3b9c8f72025bd10175/shares/629724b0-790c-468a-84c1-162cefca4493"}, {"rel": "bookmark", "href": "http://10.132.46.216/share/8f6f451e82ab4f3b9c8f72025bd10175/shares/629724b0-790c-468a-84c1-162cefca4493"}], "is_public": false, "snapshot_support": false, "task_state": null, "share_type_name": "tempest-manage-st-name-772566789", "access_rules_status": "active", "replication_type": null, "has_replicas": false, "user_id": "9a475fa55eeb40b3a705ca3c8ed294ae", "create_share_from_snapshot_support": false, "revert_to_snapshot_support": false, "share_group_id": null, "source_share_group_snapshot_member_id": null, "mount_snapshot_support": false, "progress": null, "is_soft_deleted": false, "scheduled_to_be_deleted_at": null, "source_backup_id": null, "encryption_key_ref": null, "share_server_id": null, "host": ""}}'
2026-02-05 11:43:59,731 168296 INFO     [tempest.lib.common.rest_client] Request (ManageNFSShareTest:test_manage): 200 GET http://10.132.46.216/share/v2/8f6f451e82ab4f3b9c8f72025bd10175/shares/629724b0-790c-468a-84c1-162cefca4493 0.050s
2026-02-05 11:43:59,731 168296 DEBUG    [tempest.lib.common.rest_client] Request - Headers: {'Content-Type': 'application/json', 'Accept': 'application/json', 'x-openstack-manila-api-version': '2.90', 'X-Auth-Token': '<omitted>'}
        Body: None
    Response - Headers: {'date': 'Thu, 05 Feb 2026 11:43:59 GMT', 'server': 'Apache/2.4.58 (Ubuntu)', 'content-type': 'application/json', 'content-length': '1374', 'x-compute-request-id': 'req-d4048a3d-d5e3-4b11-a336-4bc3150de011', 'x-openstack-manila-api-version': '2.90', 'vary': 'X-OpenStack-Manila-API-Version', 'x-openstack-request-id': 'req-d4048a3d-d5e3-4b11-a336-4bc3150de011', 'connection': 'close', 'status': '200', 'content-location': 'http://10.132.46.216/share/v2/8f6f451e82ab4f3b9c8f72025bd10175/shares/629724b0-790c-468a-84c1-162cefca4493'}
        Body: b'{"share": {"id": "629724b0-790c-468a-84c1-162cefca4493", "size": 1, "availability_zone": null, "created_at": "2026-02-05T11:43:56.509209", "status": "error", "name": "tempest-tempest-created-share-1409655552", "description": "Tempest\'s share", "project_id": "8f6f451e82ab4f3b9c8f72025bd10175", "snapshot_id": null, "share_network_id": null, "share_proto": "NFS", "metadata": {}, "share_type": "8f49091f-2d4f-4363-bee2-3c96a3126ab0", "volume_type": "tempest-manage-st-name-772566789", "links": [{"rel": "self", "href": "http://10.132.46.216/share/v2/8f6f451e82ab4f3b9c8f72025bd10175/shares/629724b0-790c-468a-84c1-162cefca4493"}, {"rel": "bookmark", "href": "http://10.132.46.216/share/8f6f451e82ab4f3b9c8f72025bd10175/shares/629724b0-790c-468a-84c1-162cefca4493"}], "is_public": false, "snapshot_support": false, "task_state": null, "share_type_name": "tempest-manage-st-name-772566789", "access_rules_status": "active", "replication_type": null, "has_replicas": false, "user_id": "9a475fa55eeb40b3a705ca3c8ed294ae", "create_share_from_snapshot_support": false, "revert_to_snapshot_support": false, "share_group_id": null, "source_share_group_snapshot_member_id": null, "mount_snapshot_support": false, "progress": null, "is_soft_deleted": false, "scheduled_to_be_deleted_at": null, "source_backup_id": null, "encryption_key_ref": null, "share_server_id": null, "host": ""}}'

{1} manila_tempest_tests.tests.api.******.test_quotas.SharesAdminQuotasUpdateTest.test_update_share_type_quota_2___name___False_ [0.680042s] ... ok
{1} manila_tempest_tests.tests.api.******.test_quotas.SharesAdminQuotasUpdateTest.test_update_share_type_quotas_bigger_than_project_quota_1_11 [0.253702s] ... ok
{0} manila_tempest_tests.tests.api.test_availability_zones_negative.AvailabilityZonesNegativeTest.test_list_availability_zones_api_not_found [0.092940s] ... ok
{0} manila_tempest_tests.tests.api.test_availability_zones_negative.AvailabilityZonesNegativeTest.test_list_availability_zones_api_not_found_with_legacy_url [0.010102s] ... ok
{1} manila_tempest_tests.tests.api.******.test_quotas.SharesAdminQuotasUpdateTest.test_update_share_type_quotas_bigger_than_project_quota_2__1 [0.177088s] ... ok
{1} manila_tempest_tests.tests.api.******.test_quotas.SharesAdminQuotasUpdateTest.test_update_tenant_quota_encryption_keys [0.093344s] ... ok
{1} manila_tempest_tests.tests.api.******.test_quotas.SharesAdminQuotasUpdateTest.test_update_tenant_quota_gigabytes [0.087475s] ... ok
{1} manila_tempest_tests.tests.api.******.test_quotas.SharesAdminQuotasUpdateTest.test_update_tenant_quota_share_groups_1_share_groups ... SKIPPED: Share Group tests disabled.
{1} manila_tempest_tests.tests.api.******.test_quotas.SharesAdminQuotasUpdateTest.test_update_tenant_quota_share_groups_2_share_group_snapshots ... SKIPPED: Share Group tests disabled.
{1} manila_tempest_tests.tests.api.******.test_quotas.SharesAdminQuotasUpdateTest.test_update_tenant_quota_share_networks [0.090382s] ... ok
{1} manila_tempest_tests.tests.api.******.test_quotas.SharesAdminQuotasUpdateTest.test_update_tenant_quota_shares [0.104020s] ... ok
{1} manila_tempest_tests.tests.api.******.test_quotas.SharesAdminQuotasUpdateTest.test_update_tenant_quota_snapshot_gigabytes [0.100123s] ... ok
{1} manila_tempest_tests.tests.api.******.test_quotas.SharesAdminQuotasUpdateTest.test_update_tenant_quota_snapshots [0.092158s] ... ok
{1} manila_tempest_tests.tests.api.******.test_quotas.SharesAdminQuotasUpdateTest.test_update_user_quota_gigabytes [0.091825s] ... ok
{1} manila_tempest_tests.tests.api.******.test_quotas.SharesAdminQuotasUpdateTest.test_update_user_quota_replica_related_1___share_replicas___False_ [0.091314s] ... ok
{1} manila_tempest_tests.tests.api.******.test_quotas.SharesAdminQuotasUpdateTest.test_update_user_quota_replica_related_2___share_replicas___True_ [0.103478s] ... ok
{1} manila_tempest_tests.tests.api.******.test_quotas.SharesAdminQuotasUpdateTest.test_update_user_quota_replica_related_3___replica_gigabytes___False_ [0.084403s] ... ok
{1} manila_tempest_tests.tests.api.******.test_quotas.SharesAdminQuotasUpdateTest.test_update_user_quota_replica_related_4___replica_gigabytes___True_ [0.093290s] ... ok
{1} manila_tempest_tests.tests.api.******.test_quotas.SharesAdminQuotasUpdateTest.test_update_user_quota_share_groups_1_share_groups ... SKIPPED: Share Group tests disabled.
{1} manila_tempest_tests.tests.api.******.test_quotas.SharesAdminQuotasUpdateTest.test_update_user_quota_share_groups_2_share_group_snapshots ... SKIPPED: Share Group tests disabled.
{1} manila_tempest_tests.tests.api.******.test_quotas.SharesAdminQuotasUpdateTest.test_update_user_quota_share_networks [0.107334s] ... ok
{1} manila_tempest_tests.tests.api.******.test_quotas.SharesAdminQuotasUpdateTest.test_update_user_quota_shares [0.092458s] ... ok
{1} manila_tempest_tests.tests.api.******.test_quotas.SharesAdminQuotasUpdateTest.test_update_user_quota_snapshot_gigabytes [0.091881s] ... ok
{1} manila_tempest_tests.tests.api.******.test_quotas.SharesAdminQuotasUpdateTest.test_update_user_quota_snapshots [0.094843s] ... ok
{3} setUpClass (manila_tempest_tests.tests.api.******.test_snapshot_manage.ManageGLUSTERFSSnapshotTest) ... SKIPPED: Manage/unmanage snapshot tests are disabled.
{1} manila_tempest_tests.tests.api.******.test_quotas.SharesAdminQuotasUpdateTest.test_update_user_quotas_bigger_than_project_quota_1_11 [0.138450s] ... ok
{1} manila_tempest_tests.tests.api.******.test_quotas.SharesAdminQuotasUpdateTest.test_update_user_quotas_bigger_than_project_quota_2__1 [0.177913s] ... ok
{2} manila_tempest_tests.tests.api.******.test_share_manage.ManageNFSShareTest.test_manage_show_user_id [3.511687s] ... FAILED

Captured traceback:
~~~~~~~~~~~~~~~~~~~
    Traceback (most recent call last):

      File "/opt/stack/tempest/manila-tempest-plugin/manila_tempest_tests/tests/api/******/test_share_manage.py", line 167, in test_manage_show_user_id
    self._test_manage(version="2.16")

      File "/opt/stack/tempest/manila-tempest-plugin/manila_tempest_tests/tests/api/******/test_share_manage.py", line 70, in _test_manage
    share = self._create_share_for_manage()
            ^^^^^^^^^^^^^^^^^^^^^^^^^^^^^^^

      File "/opt/stack/tempest/manila-tempest-plugin/manila_tempest_tests/tests/api/base.py", line 1174, in _create_share_for_manage
    share = self.create_share(**creation_data)
            ^^^^^^^^^^^^^^^^^^^^^^^^^^^^^^^^^^

      File "/opt/stack/tempest/manila-tempest-plugin/manila_tempest_tests/tests/api/base.py", line 411, in create_share
    result = cls.create_shares([{"args": args, "kwargs": kwargs}])
             ^^^^^^^^^^^^^^^^^^^^^^^^^^^^^^^^^^^^^^^^^^^^^^^^^^^^^

      File "/opt/stack/tempest/manila-tempest-plugin/manila_tempest_tests/tests/api/base.py", line 469, in create_shares
    waiters.wait_for_resource_status(

      File "/opt/stack/tempest/manila-tempest-plugin/manila_tempest_tests/common/waiters.py", line 109, in wait_for_resource_status
    raise resource_exception(resource_id=resource_id)

    manila_tempest_tests.share_exceptions.ShareBuildErrorException: Share 297e85b4-71bc-49d1-969c-d4c4ed9e3725 failed to build and is in ERROR status


Captured pythonlogging:
~~~~~~~~~~~~~~~~~~~~~~~
    2026-02-05 11:44:00,154 168296 INFO     [tempest.lib.common.rest_client] Request (ManageNFSShareTest:test_manage_show_user_id): 200 POST http://10.132.46.216/share/v2/8f6f451e82ab4f3b9c8f72025bd10175/shares 0.419s
2026-02-05 11:44:00,155 168296 DEBUG    [tempest.lib.common.rest_client] Request - Headers: {'Content-Type': 'application/json', 'Accept': 'application/json', 'x-openstack-manila-api-version': '2.90', 'X-Auth-Token': '<omitted>'}
        Body: {"share": {"share_proto": "nfs", "description": "Tempest's share", "snapshot_id": null, "name": "tempest-tempest-created-share-1525959623", "size": 1, "metadata": {}, "is_public": false, "share_type": "8f49091f-2d4f-4363-bee2-3c96a3126ab0"}}
    Response - Headers: {'date': 'Thu, 05 Feb 2026 11:43:59 GMT', 'server': 'Apache/2.4.58 (Ubuntu)', 'content-type': 'application/json', 'content-length': '1377', 'x-compute-request-id': 'req-901d0eb0-129a-41e0-aeac-81acebe768e0', 'x-openstack-manila-api-version': '2.90', 'vary': 'X-OpenStack-Manila-API-Version', 'x-openstack-request-id': 'req-901d0eb0-129a-41e0-aeac-81acebe768e0', 'connection': 'close', 'status': '200', 'content-location': 'http://10.132.46.216/share/v2/8f6f451e82ab4f3b9c8f72025bd10175/shares'}
        Body: b'{"share": {"id": "297e85b4-71bc-49d1-969c-d4c4ed9e3725", "size": 1, "availability_zone": null, "created_at": "2026-02-05T11:43:59.808486", "status": "creating", "name": "tempest-tempest-created-share-1525959623", "description": "Tempest\'s share", "project_id": "8f6f451e82ab4f3b9c8f72025bd10175", "snapshot_id": null, "share_network_id": null, "share_proto": "NFS", "metadata": {}, "share_type": "8f49091f-2d4f-4363-bee2-3c96a3126ab0", "volume_type": "tempest-manage-st-name-772566789", "links": [{"rel": "self", "href": "http://10.132.46.216/share/v2/8f6f451e82ab4f3b9c8f72025bd10175/shares/297e85b4-71bc-49d1-969c-d4c4ed9e3725"}, {"rel": "bookmark", "href": "http://10.132.46.216/share/8f6f451e82ab4f3b9c8f72025bd10175/shares/297e85b4-71bc-49d1-969c-d4c4ed9e3725"}], "is_public": false, "snapshot_support": false, "task_state": null, "share_type_name": "tempest-manage-st-name-772566789", "access_rules_status": "active", "replication_type": null, "has_replicas": false, "user_id": "9a475fa55eeb40b3a705ca3c8ed294ae", "create_share_from_snapshot_support": false, "revert_to_snapshot_support": false, "share_group_id": null, "source_share_group_snapshot_member_id": null, "mount_snapshot_support": false, "progress": null, "is_soft_deleted": false, "scheduled_to_be_deleted_at": null, "source_backup_id": null, "encryption_key_ref": null, "share_server_id": null, "host": ""}}'
2026-02-05 11:44:00,196 168296 INFO     [tempest.lib.common.rest_client] Request (ManageNFSShareTest:test_manage_show_user_id): 200 GET http://10.132.46.216/share/v2/8f6f451e82ab4f3b9c8f72025bd10175/shares/297e85b4-71bc-49d1-969c-d4c4ed9e3725 0.040s
2026-02-05 11:44:00,196 168296 DEBUG    [tempest.lib.common.rest_client] Request - Headers: {'Content-Type': 'application/json', 'Accept': 'application/json', 'x-openstack-manila-api-version': '2.90', 'X-Auth-Token': '<omitted>'}
        Body: None
    Response - Headers: {'date': 'Thu, 05 Feb 2026 11:44:00 GMT', 'server': 'Apache/2.4.58 (Ubuntu)', 'content-type': 'application/json', 'content-length': '1377', 'x-compute-request-id': 'req-1709ea40-d6d3-47dd-9a04-4792fbf702fa', 'x-openstack-manila-api-version': '2.90', 'vary': 'X-OpenStack-Manila-API-Version', 'x-openstack-request-id': 'req-1709ea40-d6d3-47dd-9a04-4792fbf702fa', 'connection': 'close', 'status': '200', 'content-location': 'http://10.132.46.216/share/v2/8f6f451e82ab4f3b9c8f72025bd10175/shares/297e85b4-71bc-49d1-969c-d4c4ed9e3725'}
        Body: b'{"share": {"id": "297e85b4-71bc-49d1-969c-d4c4ed9e3725", "size": 1, "availability_zone": null, "created_at": "2026-02-05T11:43:59.808486", "status": "creating", "name": "tempest-tempest-created-share-1525959623", "description": "Tempest\'s share", "project_id": "8f6f451e82ab4f3b9c8f72025bd10175", "snapshot_id": null, "share_network_id": null, "share_proto": "NFS", "metadata": {}, "share_type": "8f49091f-2d4
    f-4363-bee2-3c96a3126ab0", "volume_type": "tempest-manage-st-name-772566789", "links": [{"rel": "self", "href": "http://10.132.46.216/share/v2/8f6f451e82ab4f3b9c8f72025bd10175/shares/297e85b4-71bc-49d1-969c-d4c4ed9e3725"}, {"rel": "bookmark", "href": "http://10.132.46.216/share/8f6f451e82ab4f3b9c8f72025bd10175/shares/297e85b4-71bc-49d1-969c-d4c4ed9e3725"}], "is_public": false, "snapshot_support": false, "task_state": null, "share_type_name": "tempest-manage-st-name-772566789", "access_rules_status": "active", "replication_type": null, "has_replicas": false, "user_id": "9a475fa55eeb40b3a705ca3c8ed294ae", "create_share_from_snapshot_support": false, "revert_to_snapshot_support": false, "share_group_id": null, "source_share_group_snapshot_member_id": null, "mount_snapshot_support": false, "progress": null, "is_soft_deleted": false, "scheduled_to_be_deleted_at": null, "source_backup_id": null, "encryption_key_ref": null, "share_server_id": null, "host": ""}}'
2026-02-05 11:44:03,243 168296 INFO     [tempest.lib.common.rest_client] Request (ManageNFSShareTest:test_manage_show_user_id): 200 GET http://10.132.46.216/share/v2/8f6f451e82ab4f3b9c8f72025bd10175/shares/297e85b4-71bc-49d1-969c-d4c4ed9e3725 0.046s
2026-02-05 11:44:03,244 168296 DEBUG    [tempest.lib.common.rest_client] Request - Headers: {'Content-Type': 'application/json', 'Accept': 'application/json', 'x-openstack-manila-api-version': '2.90', 'X-Auth-Token': '<omitted>'}
        Body: None
    Response - Headers: {'date': 'Thu, 05 Feb 2026 11:44:03 GMT', 'server': 'Apache/2.4.58 (Ubuntu)', 'content-type': 'application/json', 'content-length': '1374', 'x-compute-request-id': 'req-371b59ae-fcd4-44b6-9871-2a307a64e927', 'x-openstack-manila-api-version': '2.90', 'vary': 'X-OpenStack-Manila-API-Version', 'x-openstack-request-id': 'req-371b59ae-fcd4-44b6-9871-2a307a64e927', 'connection': 'close', 'status': '200', 'content-location': 'http://10.132.46.216/share/v2/8f6f451e82ab4f3b9c8f72025bd10175/shares/297e85b4-71bc-49d1-969c-d4c4ed9e3725'}
        Body: b'{"share": {"id": "297e85b4-71bc-49d1-969c-d4c4ed9e3725", "size": 1, "availability_zone": null, "created_at": "2026-02-05T11:43:59.808486", "status": "error", "name": "tempest-tempest-created-share-1525959623", "description": "Tempest\'s share", "project_id": "8f6f451e82ab4f3b9c8f72025bd10175", "snapshot_id": null, "share_network_id": null, "share_proto": "NFS", "metadata": {}, "share_type": "8f49091f-2d4f-4363-bee2-3c96a3126ab0", "volume_type": "tempest-manage-st-name-772566789", "links": [{"rel": "self", "href": "http://10.132.46.216/share/v2/8f6f451e82ab4f3b9c8f72025bd10175/shares/297e85b4-71bc-49d1-969c-d4c4ed9e3725"}, {"rel": "bookmark", "href": "http://10.132.46.216/share/8f6f451e82ab4f3b9c8f72025bd10175/shares/297e85b4-71bc-49d1-969c-d4c4ed9e3725"}], "is_public": false, "snapshot_support": false, "task_state": null, "share_type_name": "tempest-manage-st-name-772566789", "access_rules_status": "active", "replication_type": null, "has_replicas": false, "user_id": "9a475fa55eeb40b3a705ca3c8ed294ae", "create_share_from_snapshot_support": false, "revert_to_snapshot_support": false, "share_group_id": null, "source_share_group_snapshot_member_id": null, "mount_snapshot_support": false, "progress": null, "is_soft_deleted": false, "scheduled_to_be_deleted_at": null, "source_backup_id": null, "encryption_key_ref": null, "share_server_id": null, "host": ""}}'

{3} setUpClass (manila_tempest_tests.tests.api.******.test_snapshot_manage_negative.ManageCIFSSnapshotNegativeTest) ... SKIPPED: Manage/unmanage snapshot tests are disabled.
{1} setUpClass (manila_tempest_tests.tests.api.******.test_scheduler_hints.SharesSchedulerHintsAdminTest) ... SKIPPED: Manila multi-backend tests are disabled.
{1} setUpClass (manila_tempest_tests.tests.api.******.test_share_group_types_negative.ShareGroupTypesAdminNegativeTest) ... SKIPPED: Share Group tests disabled.
{1} setUpClass (manila_tempest_tests.tests.api.******.test_share_manage.ManageHDFSShareTest) ... SKIPPED: hdfs tests are disabled
{1} setUpClass (manila_tempest_tests.tests.api.******.test_share_manage_negative.ManageCephFSShareNegativeTest) ... SKIPPED: cephfs tests are disabled
{1} setUpClass (manila_tempest_tests.tests.api.******.test_share_servers.ShareServersAdminTest) ... SKIPPED: Share servers can be tested only with multitenant drivers.
{1} setUpClass (manila_tempest_tests.tests.api.******.test_share_servers_migration.ShareServerMigrationBasicNFS) ... SKIPPED: Multitenancy tests are disabled.
{1} setUpClass (manila_tempest_tests.tests.api.******.test_share_servers_migration_negative.ShareServerErrorStatusOperationNFS) ... SKIPPED: Multitenancy tests are disabled.
{1} setUpClass (manila_tempest_tests.tests.api.******.test_share_servers_migration_negative.ShareServerMigrationStartNegativesCIFS) ... SKIPPED: cifs tests are disabled.
{3} manila_tempest_tests.tests.api.test_limits.ShareLimitsTest.test_limits_keys [0.182774s] ... ok
{3} manila_tempest_tests.tests.api.test_limits.ShareLimitsTest.test_limits_values [0.017914s] ... ok
{1} manila_tempest_tests.tests.api.******.test_share_servers_negative.ShareServersNegativeAdminTest.test_delete_share_server_with_member [0.163398s] ... ok
{1} manila_tempest_tests.tests.api.******.test_share_servers_negative.ShareServersNegativeAdminTest.test_delete_share_server_with_nonexistent_id [0.260905s] ... ok
{1} manila_tempest_tests.tests.api.******.test_share_servers_negative.ShareServersNegativeAdminTest.test_list_share_servers_with_fake_host [0.067341s] ... ok
{1} manila_tempest_tests.tests.api.******.test_share_servers_negative.ShareServersNegativeAdminTest.test_list_share_servers_with_fake_project [0.050172s] ... ok
{1} manila_tempest_tests.tests.api.******.test_share_servers_negative.ShareServersNegativeAdminTest.test_list_share_servers_with_fake_share_network [0.052555s] ... ok
{1} manila_tempest_tests.tests.api.******.test_share_servers_negative.ShareServersNegativeAdminTest.test_list_share_servers_with_fake_status [0.048761s] ... ok
{1} manila_tempest_tests.tests.api.******.test_share_servers_negative.ShareServersNegativeAdminTest.test_list_share_servers_with_wrong_filter_key [0.022573s] ... ok
{1} manila_tempest_tests.tests.api.******.test_share_servers_negative.ShareServersNegativeAdminTest.test_list_share_servers_with_wrong_filter_value [0.060054s] ... ok
{1} manila_tempest_tests.tests.api.******.test_share_servers_negative.ShareServersNegativeAdminTest.test_show_share_server_details_with_inexistent_id [0.054700s] ... ok
{1} manila_tempest_tests.tests.api.******.test_share_servers_negative.ShareServersNegativeAdminTest.test_show_share_server_with_inexistent_id [0.031010s] ... ok
{1} manila_tempest_tests.tests.api.******.test_share_servers_negative.ShareServersNegativeAdminTest.test_try_list_share_servers_with_member [0.009321s] ... ok
{1} manila_tempest_tests.tests.api.******.test_share_servers_negative.ShareServersNegativeAdminTest.test_try_show_share_server_details_with_member [0.011007s] ... ok
{1} manila_tempest_tests.tests.api.******.test_share_servers_negative.ShareServersNegativeAdminTest.test_try_show_share_server_with_member [0.010593s] ... ok
{2} manila_tempest_tests.tests.api.******.test_share_manage.ManageNFSShareTest.test_manage_with_is_public_True [3.467078s] ... FAILED

Captured traceback:
~~~~~~~~~~~~~~~~~~~
    Traceback (most recent call last):

      File "/opt/stack/tempest/manila-tempest-plugin/manila_tempest_tests/tests/api/******/test_share_manage.py", line 161, in test_manage_with_is_public_True
    self._test_manage(is_public=True, version="2.8")

      File "/opt/stack/tempest/manila-tempest-plugin/manila_tempest_tests/tests/api/******/test_share_manage.py", line 70, in _test_manage
    share = self._create_share_for_manage()
            ^^^^^^^^^^^^^^^^^^^^^^^^^^^^^^^

      File "/opt/stack/tempest/manila-tempest-plugin/manila_tempest_tests/tests/api/base.py", line 1174, in _create_share_for_manage
    share = self.create_share(**creation_data)
            ^^^^^^^^^^^^^^^^^^^^^^^^^^^^^^^^^^

      File "/opt/stack/tempest/manila-tempest-plugin/manila_tempest_tests/tests/api/base.py", line 411, in create_share
    result = cls.create_shares([{"args": args, "kwargs": kwargs}])
             ^^^^^^^^^^^^^^^^^^^^^^^^^^^^^^^^^^^^^^^^^^^^^^^^^^^^^

      File "/opt/stack/tempest/manila-tempest-plugin/manila_tempest_tests/tests/api/base.py", line 469, in create_shares
    waiters.wait_for_resource_status(

      File "/opt/stack/tempest/manila-tempest-plugin/manila_tempest_tests/common/waiters.py", line 109, in wait_for_resource_status
    raise resource_exception(resource_id=resource_id)

    manila_tempest_tests.share_exceptions.ShareBuildErrorException: Share e92c0a68-dd66-47a8-ae53-6a20c7a97963 failed to build and is in ERROR status


Captured pythonlogging:
~~~~~~~~~~~~~~~~~~~~~~~
    2026-02-05 11:44:03,624 168296 INFO     [tempest.lib.common.rest_client] Request (ManageNFSShareTest:test_manage_with_is_public_True): 200 POST http://10.132.46.216/share/v2/8f6f451e82ab4f3b9c8f72025bd10175/shares 0.375s
2026-02-05 11:44:03,624 168296 DEBUG    [tempest.lib.common.rest_client] Request - Headers: {'Content-Type': 'application/json', 'Accept': 'application/json', 'x-openstack-manila-api-version': '2.90', 'X-Auth-Token': '<omitted>'}
        Body: {"share": {"share_proto": "nfs", "description": "Tempest's share", "snapshot_id": null, "name": "tempest-tempest-created-share-576311397", "size": 1, "metadata": {}, "is_public": false, "share_type": "8f49091f-2d4f-4363-bee2-3c96a3126ab0"}}
    Response - Headers: {'date': 'Thu, 05 Feb 2026 11:44:03 GMT', 'server': 'Apache/2.4.58 (Ubuntu)', 'content-type': 'application/json', 'content-length': '1376', 'x-compute-request-id': 'req-d28a6154-35a1-4090-89d0-09d66bb9d0e7', 'x-openstack-manila-api-version': '2.90', 'vary': 'X-OpenStack-Manila-API-Version', 'x-openstack-request-id': 'req-d28a6154-35a1-4090-89d0-09d66bb9d0e7', 'connection': 'close', 'status': '200', 'content-location': 'http://10.132.46.216/share/v2/8f6f451e82ab4f3b9c8f72025bd10175/shares'}
        Body: b'{"share": {"id": "e92c0a68-dd66-47a8-ae53-6a20c7a97963", "size": 1, "availability_zone": null, "created_at": "2026-02-05T11:44:03.439212", "status": "creating", "name": "tempest-tempest-created-share-576311397", "description": "Tempest\'s share", "project_id": "8f6f451e82ab4f3b9c8f72025bd10175", "snapshot_id": null, "share_network_id": null, "share_proto": "NFS", "metadata": {}, "share_type": "8f49091f-2d4f-4363-bee2-3c96a3126ab0", "volume_type": "tempest-manage-st-name-772566789", "links": [{"rel": "self", "href": "http://10.132.46.216/share/v2/8f6f451e82ab4f3b9c8f72025bd10175/shares/e92c0a68-dd66-47a8-ae53-6a20c7a97963"}, {"rel": "bookmark", "href": "http://10.132.46.216/share/8f6f451e82ab4f3b9c8f72025bd10175/shares/e92c0a68-dd66-47a8-ae53-6a20c7a97963"}], "is_public": false, "snapshot_support": false, "task_state": null, "share_type_name": "tempest-manage-st-name-772566789", "access_rules_status": "active", "replication_type": null, "has_replicas": false, "user_id": "9a475fa55eeb40b3a705ca3c8ed294ae", "create_share_from_snapshot_support": false, "revert_to_snapshot_support": false, "share_group_id": null, "source_share_group_snapshot_member_id": null, "mount_snapshot_support": false, "progress": null, "is_soft_deleted": false, "scheduled_to_be_deleted_at": null, "source_backup_id": null, "encryption_key_ref": null, "share_server_id": null, "host": ""}}'
2026-02-05 11:44:03,677 168296 INFO     [tempest.lib.common.rest_client] Request (ManageNFSShareTest:test_manage_with_is_public_True): 200 GET http://10.132.46.216/share/v2/8f6f451e82ab4f3b9c8f72025bd10175/shares/e92c0a68-dd66-47a8-ae53-6a20c7a97963 0.052s
2026-02-05 11:44:03,678 168296 DEBUG    [tempest.lib.common.rest_client] Request - Headers: {'Content-Type': 'application/json', 'Accept': 'application/json', 'x-openstack-manila-api-version': '2.90', 'X-Auth-Token': '<omitted>'}
        Body: None
    Response - Headers: {'date': 'Thu, 05 Feb 2026 11:44:03 GMT', 'server': 'Apache/2.4.58 (Ubuntu)', 'content-type': 'application/json', 'content-length': '1373', 'x-compute-request-id': 'req-5be786ee-124f-448b-9db8-1f17320c6bad', 'x-openstack-manila-api-version': '2.90', 'vary': 'X-OpenStack-Manila-API-Version', 'x-openstack-request-id': 'req-5be786ee-124f-448b-9db8-1f17320c6bad', 'connection': 'close', 'status': '200', 'content-location': 'http://10.132.46.216/share/v2/8f6f451e82ab4f3b9c8f72025bd10175/shares/e92c0a68-dd66-47a8-ae53-6a20c7a97963'}
        Body: b'{"share": {"id": "e92c0a68-dd66-47a8-ae53-6a20c7a97963", "size": 1, "availability_zone": null, "created_at": "2026-02-05T11:44:03.439212", "status": "error", "name": "tempest-tempest-created-share-576311397", "description": "Tempest\'s share", "project_id": "8f6f451e82ab4f3b9c8f72025bd10175", "snapshot_id": null, "share_network_id": null, "share_proto": "NFS", "metadata": {}, "share_type": "8f49
    091f-2d4f-4363-bee2-3c96a3126ab0", "volume_type": "tempest-manage-st-name-772566789", "links": [{"rel": "self", "href": "http://10.132.46.216/share/v2/8f6f451e82ab4f3b9c8f72025bd10175/shares/e92c0a68-dd66-47a8-ae53-6a20c7a97963"}, {"rel": "bookmark", "href": "http://10.132.46.216/share/8f6f451e82ab4f3b9c8f72025bd10175/shares/e92c0a68-dd66-47a8-ae53-6a20c7a97963"}], "is_public": false, "snapshot_support": false, "task_state": null, "share_type_name": "tempest-manage-st-name-772566789", "access_rules_status": "active", "replication_type": null, "has_replicas": false, "user_id": "9a475fa55eeb40b3a705ca3c8ed294ae", "create_share_from_snapshot_support": false, "revert_to_snapshot_support": false, "share_group_id": null, "source_share_group_snapshot_member_id": null, "mount_snapshot_support": false, "progress": null, "is_soft_deleted": false, "scheduled_to_be_deleted_at": null, "source_backup_id": null, "encryption_key_ref": null, "share_server_id": null, "host": ""}}'
2026-02-05 11:44:06,713 168296 INFO     [tempest.lib.common.rest_client] Request (ManageNFSShareTest:test_manage_with_is_public_True): 200 GET http://10.132.46.216/share/v2/8f6f451e82ab4f3b9c8f72025bd10175/shares/e92c0a68-dd66-47a8-ae53-6a20c7a97963 0.035s
2026-02-05 11:44:06,713 168296 DEBUG    [tempest.lib.common.rest_client] Request - Headers: {'Content-Type': 'application/json', 'Accept': 'application/json', 'x-openstack-manila-api-version': '2.90', 'X-Auth-Token': '<omitted>'}
        Body: None
    Response - Headers: {'date': 'Thu, 05 Feb 2026 11:44:06 GMT', 'server': 'Apache/2.4.58 (Ubuntu)', 'content-type': 'application/json', 'content-length': '1373', 'x-compute-request-id': 'req-ada81ae2-d2c9-48c9-88a2-5cf366470b89', 'x-openstack-manila-api-version': '2.90', 'vary': 'X-OpenStack-Manila-API-Version', 'x-openstack-request-id': 'req-ada81ae2-d2c9-48c9-88a2-5cf366470b89', 'connection': 'close', 'status': '200', 'content-location': 'http://10.132.46.216/share/v2/8f6f451e82ab4f3b9c8f72025bd10175/shares/e92c0a68-dd66-47a8-ae53-6a20c7a97963'}
        Body: b'{"share": {"id": "e92c0a68-dd66-47a8-ae53-6a20c7a97963", "size": 1, "availability_zone": null, "created_at": "2026-02-05T11:44:03.439212", "status": "error", "name": "tempest-tempest-created-share-576311397", "description": "Tempest\'s share", "project_id": "8f6f451e82ab4f3b9c8f72025bd10175", "snapshot_id": null, "share_network_id": null, "share_proto": "NFS", "metadata": {}, "share_type": "8f49091f-2d4f-4363-bee2-3c96a3126ab0", "volume_type": "tempest-manage-st-name-772566789", "links": [{"rel": "self", "href": "http://10.132.46.216/share/v2/8f6f451e82ab4f3b9c8f72025bd10175/shares/e92c0a68-dd66-47a8-ae53-6a20c7a97963"}, {"rel": "bookmark", "href": "http://10.132.46.216/share/8f6f451e82ab4f3b9c8f72025bd10175/shares/e92c0a68-dd66-47a8-ae53-6a20c7a97963"}], "is_public": false, "snapshot_support": false, "task_state": null, "share_type_name": "tempest-manage-st-name-772566789", "access_rules_status": "active", "replication_type": null, "has_replicas": false, "user_id": "9a475fa55eeb40b3a705ca3c8ed294ae", "create_share_from_snapshot_support": false, "revert_to_snapshot_support": false, "share_group_id": null, "source_share_group_snapshot_member_id": null, "mount_snapshot_support": false, "progress": null, "is_soft_deleted": false, "scheduled_to_be_deleted_at": null, "source_backup_id": null, "encryption_key_ref": null, "share_server_id": null, "host": ""}}'

{1} setUpClass (manila_tempest_tests.tests.api.******.test_share_snapshot_instances.ShareSnapshotInstancesTest) ... SKIPPED: Snapshot tests are disabled.
{0} setUpClass (manila_tempest_tests.tests.api.test_metadata.SharesMetadataTest) [0.000000s] ... FAILED

Captured traceback:
~~~~~~~~~~~~~~~~~~~
    Traceback (most recent call last):

      File "/opt/stack/tempest/tempest/test.py", line 185, in setUpClass
    raise value.with_traceback(trace)

      File "/opt/stack/tempest/tempest/test.py", line 178, in setUpClass
    cls.resource_setup()

      File "/opt/stack/tempest/manila-tempest-plugin/manila_tempest_tests/tests/api/test_metadata.py", line 35, in resource_setup
    cls.share = cls.create_share(share_type_id=cls.share_type_id)
                ^^^^^^^^^^^^^^^^^^^^^^^^^^^^^^^^^^^^^^^^^^^^^^^^^

      File "/opt/stack/tempest/manila-tempest-plugin/manila_tempest_tests/tests/api/base.py", line 411, in create_share
    result = cls.create_shares([{"args": args, "kwargs": kwargs}])
             ^^^^^^^^^^^^^^^^^^^^^^^^^^^^^^^^^^^^^^^^^^^^^^^^^^^^^

      File "/opt/stack/tempest/manila-tempest-plugin/manila_tempest_tests/tests/api/base.py", line 469, in create_shares
    waiters.wait_for_resource_status(

      File "/opt/stack/tempest/manila-tempest-plugin/manila_tempest_tests/common/waiters.py", line 109, in wait_for_resource_status
    raise resource_exception(resource_id=resource_id)

    manila_tempest_tests.share_exceptions.ShareBuildErrorException: Share a278aa43-a9ab-4b5c-b3d5-1d4ff105c9e6 failed to build and is in ERROR status

{2} manila_tempest_tests.tests.api.******.test_share_manage.ManageNFSShareTest.test_manage_with_os_share_manage_url [3.453939s] ... FAILED

Captured traceback:
~~~~~~~~~~~~~~~~~~~
    Traceback (most recent call last):

      File "/opt/stack/tempest/manila-tempest-plugin/manila_tempest_tests/tests/api/******/test_share_manage.py", line 155, in test_manage_with_os_share_manage_url
    self._test_manage(version="2.5")

      File "/opt/stack/tempest/manila-tempest-plugin/manila_tempest_tests/tests/api/******/test_share_manage.py", line 70, in _test_manage
    share = self._create_share_for_manage()
            ^^^^^^^^^^^^^^^^^^^^^^^^^^^^^^^

      File "/opt/stack/tempest/manila-tempest-plugin/manila_tempest_tests/tests/api/base.py", line 1174, in _create_share_for_manage
    share = self.create_share(**creation_data)
            ^^^^^^^^^^^^^^^^^^^^^^^^^^^^^^^^^^

      File "/opt/stack/tempest/manila-tempest-plugin/manila_tempest_tests/tests/api/base.py", line 411, in create_share
    result = cls.create_shares([{"args": args, "kwargs": kwargs}])
             ^^^^^^^^^^^^^^^^^^^^^^^^^^^^^^^^^^^^^^^^^^^^^^^^^^^^^

      File "/opt/stack/tempest/manila-tempest-plugin/manila_tempest_tests/tests/api/base.py", line 469, in create_shares
    waiters.wait_for_resource_status(

      File "/opt/stack/tempest/manila-tempest-plugin/manila_tempest_tests/common/waiters.py", line 109, in wait_for_resource_status
    raise resource_exception(resource_id=resource_id)

    manila_tempest_tests.share_exceptions.ShareBuildErrorException: Share 5f59cdfe-746d-4531-a465-3c6535dc8e0c failed to build and is in ERROR status


Captured pythonlogging:
~~~~~~~~~~~~~~~~~~~~~~~
    2026-02-05 11:44:07,081 168296 INFO     [tempest.lib.common.rest_client] Request (ManageNFSShareTest:test_manage_with_os_share_manage_url): 200 POST http://10.132.46.216/share/v2/8f6f451e82ab4f3b9c8f72025bd10175/shares 0.363s
2026-02-05 11:44:07,081 168296 DEBUG    [tempest.lib.common.rest_client] Request - Headers: {'Content-Type': 'application/json', 'Accept': 'application/json', 'x-openstack-manila-api-version': '2.90', 'X-Auth-Token': '<omitted>'}
        Body: {"share": {"share_proto": "nfs", "description": "Tempest's share", "snapshot_id": null, "name": "tempest-tempest-created-share-300999739", "size": 1, "metadata": {}, "is_public": false, "share_type": "8f49091f-2d4f-4363-bee2-3c96a3126ab0"}}
    Response - Headers: {'date': 'Thu, 05 Feb 2026 11:44:06 GMT', 'server': 'Apache/2.4.58 (Ubuntu)', 'content-type': 'application/json', 'content-length': '1376', 'x-compute-request-id': 'req-5197a6ec-9714-491b-bdc1-811a85f05302', 'x-openstack-manila-api-version': '2.90', 'vary': 'X-OpenStack-Manila-API-Version', 'x-openstack-request-id': 'req-5197a6ec-9714-491b-bdc1-811a85f05302', 'connection': 'close', 'status': '200', 'content-location': 'http://10.132.46.216/share/v2/8f6f451e82ab4f3b9c8f72025bd10175/shares'}
        Body: b'{"share": {"id": "5f59cdfe-746d-4531-a465-3c6535dc8e0c", "size": 1, "availability_zone": null, "created_at": "2026-02-05T11:44:06.782390", "status": "creating", "name": "tempest-tempest-created-share-300999739", "description": "Tempest\'s share", "project_id": "8f6f451e82ab4f3b9c8f72025bd10175", "snapshot_id": null, "share_network_id": null, "share_proto": "NFS", "metadata": {}, "share_type": "8f49091f-2d4f-4363-bee2-3c96a3126ab0", "volume_type": "tempest-manage-st-name-772566789", "links": [{"rel": "self", "href": "http://10.132.46.216/share/v2/8f6f451e82ab4f3b9c8f72025bd10175/shares/5f59cdfe-746d-4531-a465-3c6535dc8e0c"}, {"rel": "bookmark", "href": "http://10.132.46.216/share/8f6f451e82ab4f3b9c8f72025bd10175/shares/5f59cdfe-746d-4531-a465-3c6535dc8e0c"}], "is_public": false, "snapshot_support": false, "task_state": null, "share_type_name": "tempest-manage-st-name-772566789", "access_rules_status": "active", "replication_type": null, "has_replicas": false, "user_id": "9a475fa55eeb40b3a705ca3c8ed294ae", "create_share_from_snapshot_support": false, "revert_to_snapshot_support": false, "share_group_id": null, "source_share_group_snapshot_member_id": null, "mount_snapshot_support": false, "progress": null, "is_soft_deleted": false, "scheduled_to_be_deleted_at": null, "source_backup_id": null, "encryption_key_ref": null, "share_server_id": null, "host": ""}}'
2026-02-05 11:44:07,139 168296 INFO     [tempest.lib.common.rest_client] Request (ManageNFSShareTest:test_manage_with_os_share_manage_url): 200 GET http://10.132.46.216/share/v2/8f6f451e82ab4f3b9c8f72025bd10175/shares/5f59cdfe-746d-4531-a465-3c6535dc8e0c 0.055s
2026-02-05 11:44:07,139 168296 DEBUG    [tempest.lib.common.rest_client] Request - Headers: {'Content-Type': 'application/json', 'Accept': 'application/json', 'x-openstack-manila-api-version': '2.90', 'X-Auth-Token': '<omitted>'}
        Body: None
    Response - Headers: {'date': 'Thu, 05 Feb 2026 11:44:07 GMT', 'server': 'Apache/2.4.58 (Ubuntu)', 'content-type': 'application/json', 'content-length': '1373', 'x-compute-request-id': 'req-d5b7c46c-d282-4800-9674-c07041ba5f1c', 'x-openstack-manila-api-version': '2.90', 'vary': 'X-OpenStack-Manila-API-Version', 'x-openstack-request-id': 'req-d5b7c46c-d282-4800-9674-c07041ba5f1c', 'connection': 'close', 'status': '200', 'content-location': 'http://10.132.46.216/share/v2/8f6f451e82ab4f3b9c8f72025bd10175/shares/5f59cdfe-746d-4531-a465-3c6535dc8e0c'}
        Body: b'{"share": {"id": "5f59cdfe-746d-4531-a465-3c6535dc8e0c", "size": 1, "availability_zone": null, "created_at": "2026-02-05T11:44:06.782390", "status": "error", "name": "tempest-tempest-created-share-300999739", "description": "Tempest\'s share", "project_id": "8f6f451e82ab4f3b9c8f72025bd10175", "snapshot_id": null, "share_network_id": null, "share_proto": "NFS", "metadata": {}, "share_ty
    pe": "8f49091f-2d4f-4363-bee2-3c96a3126ab0", "volume_type": "tempest-manage-st-name-772566789", "links": [{"rel": "self", "href": "http://10.132.46.216/share/v2/8f6f451e82ab4f3b9c8f72025bd10175/shares/5f59cdfe-746d-4531-a465-3c6535dc8e0c"}, {"rel": "bookmark", "href": "http://10.132.46.216/share/8f6f451e82ab4f3b9c8f72025bd10175/shares/5f59cdfe-746d-4531-a465-3c6535dc8e0c"}], "is_public": false, "snapshot_support": false, "task_state": null, "share_type_name": "tempest-manage-st-name-772566789", "access_rules_status": "active", "replication_type": null, "has_replicas": false, "user_id": "9a475fa55eeb40b3a705ca3c8ed294ae", "create_share_from_snapshot_support": false, "revert_to_snapshot_support": false, "share_group_id": null, "source_share_group_snapshot_member_id": null, "mount_snapshot_support": false, "progress": null, "is_soft_deleted": false, "scheduled_to_be_deleted_at": null, "source_backup_id": null, "encryption_key_ref": null, "share_server_id": null, "host": ""}}'
2026-02-05 11:44:10,167 168296 INFO     [tempest.lib.common.rest_client] Request (ManageNFSShareTest:test_manage_with_os_share_manage_url): 200 GET http://10.132.46.216/share/v2/8f6f451e82ab4f3b9c8f72025bd10175/shares/5f59cdfe-746d-4531-a465-3c6535dc8e0c 0.027s
2026-02-05 11:44:10,168 168296 DEBUG    [tempest.lib.common.rest_client] Request - Headers: {'Content-Type': 'application/json', 'Accept': 'application/json', 'x-openstack-manila-api-version': '2.90', 'X-Auth-Token': '<omitted>'}
        Body: None
    Response - Headers: {'date': 'Thu, 05 Feb 2026 11:44:10 GMT', 'server': 'Apache/2.4.58 (Ubuntu)', 'content-type': 'application/json', 'content-length': '1373', 'x-compute-request-id': 'req-b923c8f7-46ec-4335-9f34-645d723f2dbe', 'x-openstack-manila-api-version': '2.90', 'vary': 'X-OpenStack-Manila-API-Version', 'x-openstack-request-id': 'req-b923c8f7-46ec-4335-9f34-645d723f2dbe', 'connection': 'close', 'status': '200', 'content-location': 'http://10.132.46.216/share/v2/8f6f451e82ab4f3b9c8f72025bd10175/shares/5f59cdfe-746d-4531-a465-3c6535dc8e0c'}
        Body: b'{"share": {"id": "5f59cdfe-746d-4531-a465-3c6535dc8e0c", "size": 1, "availability_zone": null, "created_at": "2026-02-05T11:44:06.782390", "status": "error", "name": "tempest-tempest-created-share-300999739", "description": "Tempest\'s share", "project_id": "8f6f451e82ab4f3b9c8f72025bd10175", "snapshot_id": null, "share_network_id": null, "share_proto": "NFS", "metadata": {}, "share_type": "8f49091f-2d4f-4363-bee2-3c96a3126ab0", "volume_type": "tempest-manage-st-name-772566789", "links": [{"rel": "self", "href": "http://10.132.46.216/share/v2/8f6f451e82ab4f3b9c8f72025bd10175/shares/5f59cdfe-746d-4531-a465-3c6535dc8e0c"}, {"rel": "bookmark", "href": "http://10.132.46.216/share/8f6f451e82ab4f3b9c8f72025bd10175/shares/5f59cdfe-746d-4531-a465-3c6535dc8e0c"}], "is_public": false, "snapshot_support": false, "task_state": null, "share_type_name": "tempest-manage-st-name-772566789", "access_rules_status": "active", "replication_type": null, "has_replicas": false, "user_id": "9a475fa55eeb40b3a705ca3c8ed294ae", "create_share_from_snapshot_support": false, "revert_to_snapshot_support": false, "share_group_id": null, "source_share_group_snapshot_member_id": null, "mount_snapshot_support": false, "progress": null, "is_soft_deleted": false, "scheduled_to_be_deleted_at": null, "source_backup_id": null, "encryption_key_ref": null, "share_server_id": null, "host": ""}}'

{0} manila_tempest_tests.tests.api.test_metadata_negative.SharesMetadataAPIOnlyNegativeTest.test_try_set_metadata_to_unexisting_share_1_True [0.075691s] ... ok
{0} manila_tempest_tests.tests.api.test_metadata_negative.SharesMetadataAPIOnlyNegativeTest.test_try_set_metadata_to_unexisting_share_2_False [0.020236s] ... ok
{0} manila_tempest_tests.tests.api.test_metadata_negative.SharesMetadataAPIOnlyNegativeTest.test_try_update_all_metadata_for_unexisting_share_1_True [0.027521s] ... ok
{0} manila_tempest_tests.tests.api.test_metadata_negative.SharesMetadataAPIOnlyNegativeTest.test_try_update_all_metadata_for_unexisting_share_2_False [0.197201s] ... ok
{3} manila_tempest_tests.tests.api.test_public_shares.PublicSharesTest.test_list_shares_public_with_detail [3.675544s] ... FAILED

Captured traceback:
~~~~~~~~~~~~~~~~~~~
    Traceback (most recent call last):

      File "/opt/stack/tempest/manila-tempest-plugin/manila_tempest_tests/tests/api/test_public_shares.py", line 38, in test_list_shares_public_with_detail
    public_share = self.create_share(
                   ^^^^^^^^^^^^^^^^^^

      File "/opt/stack/tempest/manila-tempest-plugin/manila_tempest_tests/tests/api/base.py", line 411, in create_share
    result = cls.create_shares([{"args": args, "kwargs": kwargs}])
             ^^^^^^^^^^^^^^^^^^^^^^^^^^^^^^^^^^^^^^^^^^^^^^^^^^^^^

      File "/opt/stack/tempest/manila-tempest-plugin/manila_tempest_tests/tests/api/base.py", line 469, in create_shares
    waiters.wait_for_resource_status(

      File "/opt/stack/tempest/manila-tempest-plugin/manila_tempest_tests/common/waiters.py", line 109, in wait_for_resource_status
    raise resource_exception(resource_id=resource_id)

    manila_tempest_tests.share_exceptions.ShareBuildErrorException: Share 200ab650-bc96-4834-af37-6446e81b4197 failed to build and is in ERROR status


Captured pythonlogging:
~~~~~~~~~~~~~~~~~~~~~~~
    2026-02-05 11:44:07,284 168298 INFO     [tempest.lib.common.rest_client] Request (PublicSharesTest:test_list_shares_public_with_detail): 200 POST http://10.132.46.216/share/v2/900fe86973a4416a87c846b815fec555/shares 0.208s
2026-02-05 11:44:07,284 168298 DEBUG    [tempest.lib.common.rest_client] Request - Headers: {'Content-Type': 'application/json', 'Accept': 'application/json', 'x-openstack-manila-api-version': '2.90', 'X-Auth-Token': '<omitted>'}
        Body: {"share": {"share_proto": "nfs", "description": "public_share_desc", "snapshot_id": null, "name": "public_share - must be visible to all projects in the cloud", "size": 1, "metadata": {}, "is_public": true, "share_type": "df1d1933-b637-442f-9b19-e95ca5b542cd"}}
    Response - Headers: {'date': 'Thu, 05 Feb 2026 11:44:07 GMT', 'server': 'Apache/2.4.58 (Ubuntu)', 'content-type': 'application/json', 'content-length': '1397', 'x-compute-request-id': 'req-45166dfe-f63a-4583-bd6a-3f612ba3e29b', 'x-openstack-manila-api-version': '2.90', 'vary': 'X-OpenStack-Manila-API-Version', 'x-openstack-request-id': 'req-45166dfe-f63a-4583-bd6a-3f612ba3e29b', 'connection': 'close', 'status': '200', 'content-location': 'http://10.132.46.216/share/v2/900fe86973a4416a87c846b815fec555/shares'}
        Body: b'{"share": {"id": "200ab650-bc96-4834-af37-6446e81b4197", "size": 1, "availability_zone": null, "created_at": "2026-02-05T11:44:07.157942", "status": "creating", "name": "public_share - must be visible to all projects in the cloud", "description": "public_share_desc", "project_id": "900fe86973a4416a87c846b815fec555", "snapshot_id": null, "share_network_id": null, "share_proto": "NFS", "metadata": {}, "share_type": "df1d1933-b637-442f-9b19-e95ca5b542cd", "volume_type": "tempest-typeshare-type-707881132", "links": [{"rel": "self", "href": "http://10.132.46.216/share/v2/900fe86973a4416a87c846b815fec555/shares/200ab650-bc96-4834-af37-6446e81b4197"}, {"rel": "bookmark", "href": "http://10.132.46.216/share/900fe86973a4416a87c846b815fec555/shares/200ab650-bc96-4834-af37-6446e81b4197"}], "is_public": true, "snapshot_support": false, "task_state": null, "share_type_name": "tempest-typeshare-type-707881132", "access_rules_status": "active", "replication_type": null, "has_replicas": false, "user_id": "eea2511ec5bc468abcd5dbdffdd67a00", "create_share_from_snapshot_support": false, "revert_to_snapshot_support": false, "share_group_id": null, "source_share_group_snapshot_member_id": null, "mount_snapshot_support": false, "progress": null, "is_soft_deleted": false, "scheduled_to_be_deleted_at": null, "source_backup_id": null, "encryption_key_ref": null, "share_server_id": null, "host": ""}}'
2026-02-05 11:44:07,317 168298 INFO     [tempest.lib.common.rest_client] Request (PublicSharesTest:test_list_shares_public_with_detail): 200 GET http://10.132.46.216/share/v2/900fe86973a4416a87c846b815fec555/shares/200ab650-bc96-4834-af37-6446e81b4197 0.032s
2026-02-05 11:44:07,318 168298 DEBUG    [tempest.lib.common.rest_client] Request - Headers: {'Content-Type': 'application/json', 'Accept': 'application/json', 'x-openstack-manila-api-version': '2.90', 'X-Auth-Token': '<omitted>'}
        Body: None
    Response - Headers: {'date': 'Thu, 05 Feb 2026 11:44:07 GMT', 'server': 'Apache/2.4.58 (Ubuntu)', 'content-type': 'application/json', 'content-length': '1394', 'x-compute-request-id': 'req-ab584ac0-f6f7-428a-aea6-949bbb14511d', 'x-openstack-manila-api-version': '2.90', 'vary': 'X-OpenStack-Manila-API-Version', 'x-openstack-request-id': 'req-ab584ac0-f6f7-428a-aea6-949bbb14511d', 'connection': 'close', 'status': '200', 'content-location': 'http://10.132.46.216/share/v2/900fe86973a4416a87c846b815fec555/shares/200ab650-bc96-4834-af37-6446e81b4197'}
        Body: b'{"share": {"id": "200ab650-bc96-4834-af37-6446e81b4197", "size": 1, "availability_zone": null, "created_at": "2026-02-05T11:44:07.157942", "status": "error", "name": "public_share - must be visible to all projects in the cloud", "description": "public_share_desc", "project_id": "900fe86973a4416a87c846b815fec555", "snapshot_id": null, "share_network_id
    ": null, "share_proto": "NFS", "metadata": {}, "share_type": "df1d1933-b637-442f-9b19-e95ca5b542cd", "volume_type": "tempest-typeshare-type-707881132", "links": [{"rel": "self", "href": "http://10.132.46.216/share/v2/900fe86973a4416a87c846b815fec555/shares/200ab650-bc96-4834-af37-6446e81b4197"}, {"rel": "bookmark", "href": "http://10.132.46.216/share/900fe86973a4416a87c846b815fec555/shares/200ab650-bc96-4834-af37-6446e81b4197"}], "is_public": true, "snapshot_support": false, "task_state": null, "share_type_name": "tempest-typeshare-type-707881132", "access_rules_status": "active", "replication_type": null, "has_replicas": false, "user_id": "eea2511ec5bc468abcd5dbdffdd67a00", "create_share_from_snapshot_support": false, "revert_to_snapshot_support": false, "share_group_id": null, "source_share_group_snapshot_member_id": null, "mount_snapshot_support": false, "progress": null, "is_soft_deleted": false, "scheduled_to_be_deleted_at": null, "source_backup_id": null, "encryption_key_ref": null, "share_server_id": null, "host": ""}}'
2026-02-05 11:44:10,351 168298 INFO     [tempest.lib.common.rest_client] Request (PublicSharesTest:test_list_shares_public_with_detail): 200 GET http://10.132.46.216/share/v2/900fe86973a4416a87c846b815fec555/shares/200ab650-bc96-4834-af37-6446e81b4197 0.032s
2026-02-05 11:44:10,352 168298 DEBUG    [tempest.lib.common.rest_client] Request - Headers: {'Content-Type': 'application/json', 'Accept': 'application/json', 'x-openstack-manila-api-version': '2.90', 'X-Auth-Token': '<omitted>'}
        Body: None
    Response - Headers: {'date': 'Thu, 05 Feb 2026 11:44:10 GMT', 'server': 'Apache/2.4.58 (Ubuntu)', 'content-type': 'application/json', 'content-length': '1394', 'x-compute-request-id': 'req-20a7babb-6b27-4d6b-9f9a-2668d13e4a07', 'x-openstack-manila-api-version': '2.90', 'vary': 'X-OpenStack-Manila-API-Version', 'x-openstack-request-id': 'req-20a7babb-6b27-4d6b-9f9a-2668d13e4a07', 'connection': 'close', 'status': '200', 'content-location': 'http://10.132.46.216/share/v2/900fe86973a4416a87c846b815fec555/shares/200ab650-bc96-4834-af37-6446e81b4197'}
        Body: b'{"share": {"id": "200ab650-bc96-4834-af37-6446e81b4197", "size": 1, "availability_zone": null, "created_at": "2026-02-05T11:44:07.157942", "status": "error", "name": "public_share - must be visible to all projects in the cloud", "description": "public_share_desc", "project_id": "900fe86973a4416a87c846b815fec555", "snapshot_id": null, "share_network_id": null, "share_proto": "NFS", "metadata": {}, "share_type": "df1d1933-b637-442f-9b19-e95ca5b542cd", "volume_type": "tempest-typeshare-type-707881132", "links": [{"rel": "self", "href": "http://10.132.46.216/share/v2/900fe86973a4416a87c846b815fec555/shares/200ab650-bc96-4834-af37-6446e81b4197"}, {"rel": "bookmark", "href": "http://10.132.46.216/share/900fe86973a4416a87c846b815fec555/shares/200ab650-bc96-4834-af37-6446e81b4197"}], "is_public": true, "snapshot_support": false, "task_state": null, "share_type_name": "tempest-typeshare-type-707881132", "access_rules_status": "active", "replication_type": null, "has_replicas": false, "user_id": "eea2511ec5bc468abcd5dbdffdd67a00", "create_share_from_snapshot_support": false, "revert_to_snapshot_support": false, "share_group_id": null, "source_share_group_snapshot_member_id": null, "mount_snapshot_support": false, "progress": null, "is_soft_deleted": false, "scheduled_to_be_deleted_at": null, "source_backup_id": null, "encryption_key_ref": null, "share_server_id": null, "host": ""}}'
2026-02-05 11:44:10,486 168298 INFO     [tempest.lib.common.rest_client] Request (PublicSharesTest:_run_cleanups): 200 GET http://10.132.46.216/share/v2/af20d9b8552e46179a5532e982fc6cea/share-replicas/detail?share_id=200ab650-bc96-4834-af37-6446e81b4197 0.132s
2026-02-05 11:44:10,489 168298 DEBUG    [tempest.lib.common.rest_client] Request - Headers: {'Content-Type': 'application/json', 'Accept': 'application/json', 'x-openstack-manila-api-version': '2.90', 'X-Auth-Token': '<omitted>'}
        Body: None
    Response - Headers: {'date': 'Thu, 05 Feb 2026 11:44:10 GMT', '
    server': 'Apache/2.4.58 (Ubuntu)', 'content-type': 'application/json', 'content-length': '22', 'x-compute-request-id': 'req-36bfb152-7c26-4ff4-a2ef-7f16381ce264', 'x-openstack-manila-api-version': '2.90', 'vary': 'X-OpenStack-Manila-API-Version', 'x-openstack-request-id': 'req-36bfb152-7c26-4ff4-a2ef-7f16381ce264', 'connection': 'close', 'status': '200', 'content-location': 'http://10.132.46.216/share/v2/af20d9b8552e46179a5532e982fc6cea/share-replicas/detail?share_id=200ab650-bc96-4834-af37-6446e81b4197'}
        Body: b'{"share_replicas": []}'
2026-02-05 11:44:10,727 168298 INFO     [tempest.lib.common.rest_client] Request (PublicSharesTest:_run_cleanups): 202 DELETE http://10.132.46.216/share/v2/900fe86973a4416a87c846b815fec555/shares/200ab650-bc96-4834-af37-6446e81b4197 0.237s
2026-02-05 11:44:10,727 168298 DEBUG    [tempest.lib.common.rest_client] Request - Headers: {'Content-Type': 'application/json', 'Accept': 'application/json', 'x-openstack-manila-api-version': '2.90', 'X-Auth-Token': '<omitted>'}
        Body: None
    Response - Headers: {'date': 'Thu, 05 Feb 2026 11:44:10 GMT', 'server': 'Apache/2.4.58 (Ubuntu)', 'content-length': '0', 'content-type': 'text/html; charset=UTF-8', 'x-compute-request-id': 'req-09a6fe40-c306-474e-b523-125a705e0921', 'x-openstack-manila-api-version': '2.90', 'vary': 'X-OpenStack-Manila-API-Version', 'x-openstack-request-id': 'req-09a6fe40-c306-474e-b523-125a705e0921', 'connection': 'close', 'status': '202', 'content-location': 'http://10.132.46.216/share/v2/900fe86973a4416a87c846b815fec555/shares/200ab650-bc96-4834-af37-6446e81b4197'}
        Body: b''
2026-02-05 11:44:10,749 168298 INFO     [tempest.lib.common.rest_client] Request (PublicSharesTest:_run_cleanups): 404 GET http://10.132.46.216/share/v2/900fe86973a4416a87c846b815fec555/shares/200ab650-bc96-4834-af37-6446e81b4197 0.021s
2026-02-05 11:44:10,749 168298 DEBUG    [tempest.lib.common.rest_client] Request - Headers: {'Content-Type': 'application/json', 'Accept': 'application/json', 'x-openstack-manila-api-version': '2.90', 'X-Auth-Token': '<omitted>'}
        Body: None
    Response - Headers: {'date': 'Thu, 05 Feb 2026 11:44:10 GMT', 'server': 'Apache/2.4.58 (Ubuntu)', 'x-openstack-manila-api-version': '2.90', 'vary': 'X-OpenStack-Manila-API-Version', 'content-length': '78', 'content-type': 'application/json', 'x-compute-request-id': 'req-6d901c14-f667-46e5-be12-c0819b79fd5d', 'x-openstack-request-id': 'req-6d901c14-f667-46e5-be12-c0819b79fd5d', 'connection': 'close', 'status': '404', 'content-location': 'http://10.132.46.216/share/v2/900fe86973a4416a87c846b815fec555/shares/200ab650-bc96-4834-af37-6446e81b4197'}
        Body: b'{"itemNotFound": {"code": 404, "message": "The resource could not be found."}}'

{0} manila_tempest_tests.tests.api.test_microversions.MicroversionsTest.test_microversions_root_version [0.011317s] ... ok
{0} manila_tempest_tests.tests.api.test_microversions.MicroversionsTest.test_microversions_v1_no_version [0.074978s] ... ok
{0} manila_tempest_tests.tests.api.test_microversions.MicroversionsTest.test_microversions_v1_with_version [0.007034s] ... ok
{0} manila_tempest_tests.tests.api.test_microversions.MicroversionsTest.test_microversions_v2_invalid_version [0.006968s] ... ok
{0} manila_tempest_tests.tests.api.test_microversions.MicroversionsTest.test_microversions_v2_max_version [0.007358s] ... ok
{0} manila_tempest_tests.tests.api.test_microversions.MicroversionsTest.test_microversions_v2_min_version [0.008210s] ... ok
{2} setUpClass (manila_tempest_tests.tests.api.******.test_share_manage_negative.ManageMapRFSShareNegativeTest) ... SKIPPED: maprfs tests are disabled
{0} manila_tempest_tests.tests.api.test_microversions.MicroversionsTest.test_microversions_v2_no_version [0.007299s] ... ok
{0} manila_tempest_tests.tests.api.test_microversions.MicroversionsTest.test_microversions_v2_unacceptable_version [0.015474s] ... ok
{1} manila_tempest_tests.tests.api.******.test_share_types.ShareTypesAdminTest.test_get_share_with_share_type [3.358695s] ... FAILED

Captured traceback:
~~~~~~~~~~~~~~~~~~~
    Traceback (most recent call last):

      File "/opt/stack/tempest/manila-tempest-plugin/manila_tempest_tests/tests/api/******/test_share_types.py", line 246, in test_get_share_with_share_type
    share = self.create_share(
            ^^^^^^^^^^^^^^^^^^

      File "/opt/stack/tempest/manila-tempest-plugin/manila_tempest_tests/tests/api/base.py", line 411, in create_share
    result = cls.create_shares([{"args": args, "kwargs": kwargs}])
             ^^^^^^^^^^^^^^^^^^^^^^^^^^^^^^^^^^^^^^^^^^^^^^^^^^^^^

      File "/opt/stack/tempest/manila-tempest-plugin/manila_tempest_tests/tests/api/base.py", line 469, in create_shares
    waiters.wait_for_resource_status(

      File "/opt/stack/tempest/manila-tempest-plugin/manila_tempest_tests/common/waiters.py", line 109, in wait_for_resource_status
    raise resource_exception(resource_id=resource_id)

    manila_tempest_tests.share_exceptions.ShareBuildErrorException: Share 45c9a7fd-f5e5-4837-b573-237a066f694f failed to build and is in ERROR status


Captured pythonlogging:
~~~~~~~~~~~~~~~~~~~~~~~
    2026-02-05 11:44:09,705 168294 INFO     [tempest.lib.common.rest_client] Request (ShareTypesAdminTest:test_get_share_with_share_type): 200 POST http://10.132.46.216/share/v2/631469f9953046bf8daa036595376014/types 0.092s
2026-02-05 11:44:09,705 168294 DEBUG    [tempest.lib.common.rest_client] Request - Headers: {'Content-Type': 'application/json', 'Accept': 'application/json', 'x-openstack-manila-api-version': '2.90', 'X-Auth-Token': '<omitted>'}
        Body: {"share_type": {"name": "tempest-share-type-377258629", "extra_specs": {"driver_handles_share_servers": "False", "storage_protocol": "NFS"}, "share_type_access:is_public": true}}
    Response - Headers: {'date': 'Thu, 05 Feb 2026 11:44:09 GMT', 'server': 'Apache/2.4.58 (Ubuntu)', 'content-type': 'application/json', 'content-length': '667', 'x-compute-request-id': 'req-02fbf2f3-875f-4741-b3d9-a0972f9c7b63', 'x-openstack-manila-api-version': '2.90', 'vary': 'X-OpenStack-Manila-API-Version', 'x-openstack-request-id': 'req-02fbf2f3-875f-4741-b3d9-a0972f9c7b63', 'connection': 'close', 'status': '200', 'content-location': 'http://10.132.46.216/share/v2/631469f9953046bf8daa036595376014/types'}
        Body: b'{"volume_type": {"id": "1efe9488-ec6d-4a77-9094-44ff4fb697c1", "name": "tempest-share-type-377258629", "extra_specs": {"driver_handles_share_servers": "False", "storage_protocol": "NFS"}, "required_extra_specs": {"driver_handles_share_servers": "False"}, "share_type_access:is_public": true, "description": null, "is_default": false}, "share_type": {"id": "1efe9488-ec6d-4a77-9094-44ff4fb697c1", "name": "tempest-share-type-377258629", "extra_specs": {"driver_handles_share_servers": "False", "storage_protocol": "NFS"}, "required_extra_specs": {"driver_handles_share_servers": "False"}, "share_type_access:is_public": true, "description": null, "is_default": false}}'
2026-02-05 11:44:09,900 168294 INFO     [tempest.lib.common.rest_client] Request (ShareTypesAdminTest:test_get_share_with_share_type): 200 POST http://10.132.46.216/share/v2/631469f9953046bf8daa036595376014/shares 0.194s
2026-02-05 11:44:09,900 168294 DEBUG    [tempest.lib.common.rest_client] Request - Headers: {'Content-Type': 'application/json', 'Accept': 'application/json', 'x-openstack-manila-api-version': '2.90', 'X-Auth-Token': '<omitted>'}
        Body: {"share": {"share_proto": "nfs", "description": "Tempest's share", "snapshot_id": null, "name": "tempest-share-494265565", "size": 1, "metadata": {}, "is_public": false, "share_type": "1efe9488-ec6d-4a77-9094-44ff4fb697c1"}}
    Response - Headers: {'date': 'Thu, 05 Feb 2026 11:44:09 GMT', 'server': 'Apache/2.4.58 (Ubuntu)', 'content-type': 'application/json', 'content-length': '1352', 'x-compute-request-id': 'req-fc6fa31a-f932-45f8-81ba-bff3205f3a3a', 'x-openstack-manila-api-version': '2.90', 'vary': 'X-OpenStack-Manila-API-Version', 'x-openstack-request-id': 'req-fc6fa31a-f932-45f8-81ba-bff3205f3a3a', 'connection': 'close', 'status': '200', 'content-location': 'http://10.132.46.216/share/v2/631469f9953046bf8daa036595376014/shares'}
        Body: b'{"share": {"id": "45c9a7fd-f5e5-4837-b573-237a066f694f", "size": 1, "availability_zone": null, "created_at": "2026-02-05T11:44:09.792596", "status": "creating", "name": "tempest-share-494265565", "description": "Tempest\'s share", "project_id": "631469f9953046bf8daa036595376014", "snapshot_id": null, "share_network_id": null, "share_proto": "NFS", "metadata": {}, "share_type": "1efe9488-ec6d-4a77-9094-44ff4fb697c1", "volume_type": "tempest-share-type-377258629", "links": [{"rel": "self", "href": "http://10.132.46.216/share/v2/631469f9953046bf8daa036595376014/shares/45c9a7fd-f5e5-4837-b573-237a066f694f"}, {"rel": "bookmark", "href": "http://10.132.46.216/share/631469f9953046bf8daa036595376014/shares/45c9a7fd-f5e5-4837-b573-237a066f694f"}], "is_public": false, "snapshot_support": false, "task_state": null, "share_type_name": "tempest-share-type-377258629", "access_rules_status": "active", "replication_type": null, "has_replicas": false, "user_id": "be7a523f5b744188be148c83ec6d447d", "create_share_from_snapshot_su
    pport": false, "revert_to_snapshot_support": false, "share_group_id": null, "source_share_group_snapshot_member_id": null, "mount_snapshot_support": false, "progress": null, "is_soft_deleted": false, "scheduled_to_be_deleted_at": null, "source_backup_id": null, "encryption_key_ref": null, "share_server_id": null, "host": ""}}'
2026-02-05 11:44:09,934 168294 INFO     [tempest.lib.common.rest_client] Request (ShareTypesAdminTest:test_get_share_with_share_type): 200 GET http://10.132.46.216/share/v2/631469f9953046bf8daa036595376014/shares/45c9a7fd-f5e5-4837-b573-237a066f694f 0.033s
2026-02-05 11:44:09,935 168294 DEBUG    [tempest.lib.common.rest_client] Request - Headers: {'Content-Type': 'application/json', 'Accept': 'application/json', 'x-openstack-manila-api-version': '2.90', 'X-Auth-Token': '<omitted>'}
        Body: None
    Response - Headers: {'date': 'Thu, 05 Feb 2026 11:44:09 GMT', 'server': 'Apache/2.4.58 (Ubuntu)', 'content-type': 'application/json', 'content-length': '1352', 'x-compute-request-id': 'req-a59dc374-df5b-401b-8919-de923d3a1b4c', 'x-openstack-manila-api-version': '2.90', 'vary': 'X-OpenStack-Manila-API-Version', 'x-openstack-request-id': 'req-a59dc374-df5b-401b-8919-de923d3a1b4c', 'connection': 'close', 'status': '200', 'content-location': 'http://10.132.46.216/share/v2/631469f9953046bf8daa036595376014/shares/45c9a7fd-f5e5-4837-b573-237a066f694f'}
        Body: b'{"share": {"id": "45c9a7fd-f5e5-4837-b573-237a066f694f", "size": 1, "availability_zone": null, "created_at": "2026-02-05T11:44:09.792596", "status": "creating", "name": "tempest-share-494265565", "description": "Tempest\'s share", "project_id": "631469f9953046bf8daa036595376014", "snapshot_id": null, "share_network_id": null, "share_proto": "NFS", "metadata": {}, "share_type": "1efe9488-ec6d-4a77-9094-44ff4fb697c1", "volume_type": "tempest-share-type-377258629", "links": [{"rel": "self", "href": "http://10.132.46.216/share/v2/631469f9953046bf8daa036595376014/shares/45c9a7fd-f5e5-4837-b573-237a066f694f"}, {"rel": "bookmark", "href": "http://10.132.46.216/share/631469f9953046bf8daa036595376014/shares/45c9a7fd-f5e5-4837-b573-237a066f694f"}], "is_public": false, "snapshot_support": false, "task_state": null, "share_type_name": "tempest-share-type-377258629", "access_rules_status": "active", "replication_type": null, "has_replicas": false, "user_id": "be7a523f5b744188be148c83ec6d447d", "create_share_from_snapshot_support": false, "revert_to_snapshot_support": false, "share_group_id": null, "source_share_group_snapshot_member_id": null, "mount_snapshot_support": false, "progress": null, "is_soft_deleted": false, "scheduled_to_be_deleted_at": null, "source_backup_id": null, "encryption_key_ref": null, "share_server_id": null, "host": ""}}'
2026-02-05 11:44:12,968 168294 INFO     [tempest.lib.common.rest_client] Request (ShareTypesAdminTest:test_get_share_with_share_type): 200 GET http://10.132.46.216/share/v2/631469f9953046bf8daa036595376014/shares/45c9a7fd-f5e5-4837-b573-237a066f694f 0.032s
2026-02-05 11:44:12,968 168294 DEBUG    [tempest.lib.common.rest_client] Request - Headers: {'Content-Type': 'application/json', 'Accept': 'application/json', 'x-openstack-manila-api-version': '2.90', 'X-Auth-Token': '<omitted>'}
        Body: None
    Response - Headers: {'date': 'Thu, 05 Feb 2026 11:44:12 GMT', 'server': 'Apache/2.4.58 (Ubuntu)', 'content-type': 'application/json', 'content-length': '1349', 'x-compute-request-id': 'req-5f199702-b826-42ec-8d30-7da24219b6d4', 'x-openstack-manila-api-version': '2.90', 'vary': 'X-OpenStack-Manila-API-Version', 'x-openstack-request-id': 'req-5f199702-b826-42ec-8d30-7da24219b6d4', 'connection': 'close', 'status': '200', 'content-location': 'http://10.132.46.216/share/v2/631469f9953046bf8daa036595376014/shares/45c9a7fd-f5e5-4837-b573-237a066f694f'}
        Body: b'{"share": {"id": "45c9a7fd-f5e5-4837-b573-237a066f694f", "size": 1, "availability_zone": null, "created_at": "2026-02-05T11:44:09.792596", "status": "error", "name": "tempest-share-494265565", "description": "Tempest\'s share", "project_id": "631469f995304
    6bf8daa036595376014", "snapshot_id": null, "share_network_id": null, "share_proto": "NFS", "metadata": {}, "share_type": "1efe9488-ec6d-4a77-9094-44ff4fb697c1", "volume_type": "tempest-share-type-377258629", "links": [{"rel": "self", "href": "http://10.132.46.216/share/v2/631469f9953046bf8daa036595376014/shares/45c9a7fd-f5e5-4837-b573-237a066f694f"}, {"rel": "bookmark", "href": "http://10.132.46.216/share/631469f9953046bf8daa036595376014/shares/45c9a7fd-f5e5-4837-b573-237a066f694f"}], "is_public": false, "snapshot_support": false, "task_state": null, "share_type_name": "tempest-share-type-377258629", "access_rules_status": "active", "replication_type": null, "has_replicas": false, "user_id": "be7a523f5b744188be148c83ec6d447d", "create_share_from_snapshot_support": false, "revert_to_snapshot_support": false, "share_group_id": null, "source_share_group_snapshot_member_id": null, "mount_snapshot_support": false, "progress": null, "is_soft_deleted": false, "scheduled_to_be_deleted_at": null, "source_backup_id": null, "encryption_key_ref": null, "share_server_id": null, "host": ""}}'

{0} setUpClass (manila_tempest_tests.tests.api.test_replication.ReplicationActionsTest) ... SKIPPED: Replication tests are disabled.
{0} setUpClass (manila_tempest_tests.tests.api.test_replication.ReplicationTest) ... SKIPPED: Replication tests are disabled.
{0} setUpClass (manila_tempest_tests.tests.api.test_replication_export_locations.ReplicationExportLocationsTest) ... SKIPPED: Replication tests are disabled.
{0} setUpClass (manila_tempest_tests.tests.api.test_replication_negative.ReplicationNegativeTest) ... SKIPPED: Replication tests are disabled.
{0} setUpClass (manila_tempest_tests.tests.api.test_replication_snapshots.ReplicationSnapshotTest) ... SKIPPED: Replication tests are disabled.
{1} manila_tempest_tests.tests.api.******.test_share_types.ShareTypesAdminTest.test_private_share_type_access [0.216281s] ... ok
{1} manila_tempest_tests.tests.api.******.test_share_types.ShareTypesAdminTest.test_share_type_create_delete [0.083247s] ... ok
{1} manila_tempest_tests.tests.api.******.test_share_types.ShareTypesAdminTest.test_share_type_create_get_1_2_0 [0.041605s] ... ok
{1} manila_tempest_tests.tests.api.******.test_share_types.ShareTypesAdminTest.test_share_type_create_get_2_2_6 [0.034734s] ... ok
{1} manila_tempest_tests.tests.api.******.test_share_types.ShareTypesAdminTest.test_share_type_create_get_3_2_7 [0.037305s] ... ok
{1} manila_tempest_tests.tests.api.******.test_share_types.ShareTypesAdminTest.test_share_type_create_get_4_2_40 [0.036272s] ... ok
{1} manila_tempest_tests.tests.api.******.test_share_types.ShareTypesAdminTest.test_share_type_create_get_5_2_41 [0.036222s] ... ok
{1} manila_tempest_tests.tests.api.******.test_share_types.ShareTypesAdminTest.test_share_type_create_list_1_2_0 [0.039132s] ... ok
{1} manila_tempest_tests.tests.api.******.test_share_types.ShareTypesAdminTest.test_share_type_create_list_2_2_6 [0.037628s] ... ok
{1} manila_tempest_tests.tests.api.******.test_share_types.ShareTypesAdminTest.test_share_type_create_list_3_2_7 [0.038392s] ... ok
{1} manila_tempest_tests.tests.api.******.test_share_types.ShareTypesAdminTest.test_share_type_create_list_4_2_40 [0.037913s] ... ok
{1} manila_tempest_tests.tests.api.******.test_share_types.ShareTypesAdminTest.test_share_type_create_list_5_2_41 [0.037515s] ... ok
{1} manila_tempest_tests.tests.api.******.test_share_types.ShareTypesAdminTest.test_share_type_create_show_list_with_is_default_key_1_2_45 [0.075345s] ... ok
{1} manila_tempest_tests.tests.api.******.test_share_types.ShareTypesAdminTest.test_share_type_create_show_list_with_is_default_key_2_2_46 [0.059893s] ... ok
{1} manila_tempest_tests.tests.api.******.test_share_types.ShareTypesAdminTest.test_share_type_create_show_list_with_is_default_key_3_2_90 [0.053081s] ... ok
{1} manila_tempest_tests.tests.api.******.test_share_types.ShareTypesAdminTest.test_share_type_create_update_01_2_50_name_description_public [0.061617s] ... ok
{1} manila_tempest_tests.tests.api.******.test_share_types.ShareTypesAdminTest.test_share_type_create_update_02_2_50_name [0.044637s] ... ok
{1} manila_tempest_tests.tests.api.******.test_share_types.ShareTypesAdminTest.test_share_type_create_update_03_2_50_description_public [0.046249s] ... ok
{1} manila_tempest_tests.tests.api.******.test_share_types.ShareTypesAdminTest.test_share_type_create_update_04_2_50_public [0.042379s] ... ok
{1} manila_tempest_tests.tests.api.******.test_share_types.ShareTypesAdminTest.test_share_type_create_update_05_2_50 [0.046297s] ... ok
{1} manila_tempest_tests.tests.api.******.test_share_types.ShareTypesAdminTest.test_share_type_create_update_06_2_90_name_description_public [0.043092s] ... ok
{1} manila_tempest_tests.tests.api.******.test_share_types.ShareTypesAdminTest.test_share_type_create_update_07_2_90_name [0.045429s] ... ok
{1} manila_tempest_tests.tests.api.******.test_share_types.ShareTypesAdminTest.test_share_type_create_update_08_2_90_description [0.039439s] ... ok
{1} manila_tempest_tests.tests.api.******.test_share_types.ShareTypesAdminTest.test_share_type_create_update_09_2_90_public [0.037129s] ... ok
{3} manila_tempest_tests.tests.api.test_public_shares.PublicSharesTest.test_update_share_set_is_public [3.538636s] ... FAILED

Captured traceback:
~~~~~~~~~~~~~~~~~~~
    Traceback (most recent call last):

      File "/opt/stack/tempest/manila-tempest-plugin/manila_tempest_tests/tests/api/test_public_shares.py", line 81, in test_update_share_set_is_public
    share = self.create_share(name=share_name,
            ^^^^^^^^^^^^^^^^^^^^^^^^^^^^^^^^^^

      File "/opt/stack/tempest/manila-tempest-plugin/manila_tempest_tests/tests/api/base.py", line 411, in create_share
    result = cls.create_shares([{"args": args, "kwargs": kwargs}])
             ^^^^^^^^^^^^^^^^^^^^^^^^^^^^^^^^^^^^^^^^^^^^^^^^^^^^^

      File "/opt/stack/tempest/manila-tempest-plugin/manila_tempest_tests/tests/api/base.py", line 469, in create_shares
    waiters.wait_for_resource_status(

      File "/opt/stack/tempest/manila-tempest-plugin/manila_tempest_tests/common/waiters.py", line 109, in wait_for_resource_status
    raise resource_exception(resource_id=resource_id)

    manila_tempest_tests.share_exceptions.ShareBuildErrorException: Share 8c89e57c-1936-4dbc-b9ba-109080e83212 failed to build and is in ERROR status


Captured pythonlogging:
~~~~~~~~~~~~~~~~~~~~~~~
    2026-02-05 11:44:10,950 168298 INFO     [tempest.lib.common.rest_client] Request (PublicSharesTest:test_update_share_set_is_public): 200 POST http://10.132.46.216/share/v2/af20d9b8552e46179a5532e982fc6cea/shares 0.198s
2026-02-05 11:44:10,950 168298 DEBUG    [tempest.lib.common.rest_client] Request - Headers: {'Content-Type': 'application/json', 'Accept': 'application/json', 'x-openstack-manila-api-version': '2.90', 'X-Auth-Token': '<omitted>'}
        Body: {"share": {"share_proto": "nfs", "description": "a share we will update", "snapshot_id": null, "name": "tempest-tempest-share-name-1631907024", "size": 1, "metadata": {}, "is_public": false, "share_type": "df1d1933-b637-442f-9b19-e95ca5b542cd"}}
    Response - Headers: {'date': 'Thu, 05 Feb 2026 11:44:10 GMT', 'server': 'Apache/2.4.58 (Ubuntu)', 'content-type': 'application/json', 'content-length': '1344', 'x-compute-request-id': 'req-8e53e9c9-8d7a-4fed-ba31-c1ade6b35bb3', 'x-openstack-manila-api-version': '2.90', 'vary': 'X-OpenStack-Manila-API-Version', 'x-openstack-request-id': 'req-8e53e9c9-8d7a-4fed-ba31-c1ade6b35bb3', 'connection': 'close', 'status': '200', 'content-location': 'http://10.132.46.216/share/v2/af20d9b8552e46179a5532e982fc6cea/shares'}
        Body: b'{"share": {"id": "8c89e57c-1936-4dbc-b9ba-109080e83212", "size": 1, "availability_zone": null, "created_at": "2026-02-05T11:44:10.828490", "status": "creating", "name": "tempest-tempest-share-name-1631907024", "description": "a share we will update", "project_id": "af20d9b8552e46179a5532e982fc6cea", "snapshot_id": null, "share_network_id": null, "share_proto": "NFS", "metadata": {}, "share_type": "df1d1933-b637-442f-9b19-e95ca5b542cd", "volume_type": "tempest-typeshare-type-707881132", "links": [{"rel": "self", "href": "http://10.132.46.216/share/v2/af20d9b8552e46179a5532e982fc6cea/shares/8c89e57c-1936-4dbc-b9ba-109080e83212"}, {"rel": "bookmark", "href": "http://10.132.46.216/share/af20d9b8552e46179a5532e982fc6cea/shares/8c89e57c-1936-4dbc-b9ba-109080e83212"}], "is_public": false, "snapshot_support": false, "task_state": null, "share_type_name": "tempest-typeshare-type-707881132", "access_rules_status": "active", "replication_type": null, "has_replicas": false, "user_id": "8bdf8d6abe9346e3b5f134dd3eaeb15f", "create_share_from_snapshot_support": false, "revert_to_snapshot_support": false, "share_group_id": null, "source_share_group_snapshot_member_id": null, "mount_snapshot_support": false, "progress": null, "is_soft_deleted": false, "scheduled_to_be_deleted_at": null, "source_backup_id": null, "encryption_key_ref": null}}'
2026-02-05 11:44:10,979 168298 INFO     [tempest.lib.common.rest_client] Request (PublicSharesTest:test_update_share_set_is_public): 200 GET http://10.132.46.216/share/v2/af20d9b8552e46179a5532e982fc6cea/shares/8c89e57c-1936-4dbc-b9ba-109080e83212 0.028s
2026-02-05 11:44:10,979 168298 DEBUG    [tempest.lib.common.rest_client] Request - Headers: {'Content-Type': 'application/json', 'Accept': 'application/json', 'x-openstack-manila-api-version': '2.90', 'X-Auth-Token': '<omitted>'}
        Body: None
    Response - Headers: {'date': 'Thu, 05 Feb 2026 11:44:10 GMT', 'server': 'Apache/2.4.58 (Ubuntu)', 'content-type': 'application/json', 'content-length': '1344', 'x-compute-request-id': 'req-4ca6ec71-23b9-48fd-ba65-756582bb34e4', 'x-openstack-manila-api-version': '2.90', 'vary': 'X-OpenStack-Manila-API-Version', 'x-openstack-request-id': 'req-4ca6ec71-23b9-48fd-ba65-756582bb34e4', 'connection': 'close', 'status': '200', 'content-location': 'http://10.132.46.216/share/v2/af20d9b8552e46179a5532e982fc6cea/shares/8c89e57c-1936-4dbc-b9ba-109080e83212'}
        Body: b'{"share": {"id": "8c89e57c-1936-4dbc-b9ba-109080e83212", "size": 1, "availability_zone": null, "created_at": "2026-02-05T11:44:10.828490", "status": "creating", "name": "tempest-tempest-share-name-1631907024", "description": "a share we will update", "project_id": "af20d9b8552e46179a5532e982fc6cea", "snapshot_id": null, "share_network_id": null, "share_proto": "NFS", "metadata": {}, "share_type": "df1d1933-b637-442f-9b19-e95ca
    5b542cd", "volume_type": "tempest-typeshare-type-707881132", "links": [{"rel": "self", "href": "http://10.132.46.216/share/v2/af20d9b8552e46179a5532e982fc6cea/shares/8c89e57c-1936-4dbc-b9ba-109080e83212"}, {"rel": "bookmark", "href": "http://10.132.46.216/share/af20d9b8552e46179a5532e982fc6cea/shares/8c89e57c-1936-4dbc-b9ba-109080e83212"}], "is_public": false, "snapshot_support": false, "task_state": null, "share_type_name": "tempest-typeshare-type-707881132", "access_rules_status": "active", "replication_type": null, "has_replicas": false, "user_id": "8bdf8d6abe9346e3b5f134dd3eaeb15f", "create_share_from_snapshot_support": false, "revert_to_snapshot_support": false, "share_group_id": null, "source_share_group_snapshot_member_id": null, "mount_snapshot_support": false, "progress": null, "is_soft_deleted": false, "scheduled_to_be_deleted_at": null, "source_backup_id": null, "encryption_key_ref": null}}'
2026-02-05 11:44:14,009 168298 INFO     [tempest.lib.common.rest_client] Request (PublicSharesTest:test_update_share_set_is_public): 200 GET http://10.132.46.216/share/v2/af20d9b8552e46179a5532e982fc6cea/shares/8c89e57c-1936-4dbc-b9ba-109080e83212 0.030s
2026-02-05 11:44:14,009 168298 DEBUG    [tempest.lib.common.rest_client] Request - Headers: {'Content-Type': 'application/json', 'Accept': 'application/json', 'x-openstack-manila-api-version': '2.90', 'X-Auth-Token': '<omitted>'}
        Body: None
    Response - Headers: {'date': 'Thu, 05 Feb 2026 11:44:13 GMT', 'server': 'Apache/2.4.58 (Ubuntu)', 'content-type': 'application/json', 'content-length': '1341', 'x-compute-request-id': 'req-be29b964-ef91-4b49-ac8e-3f72b932e673', 'x-openstack-manila-api-version': '2.90', 'vary': 'X-OpenStack-Manila-API-Version', 'x-openstack-request-id': 'req-be29b964-ef91-4b49-ac8e-3f72b932e673', 'connection': 'close', 'status': '200', 'content-location': 'http://10.132.46.216/share/v2/af20d9b8552e46179a5532e982fc6cea/shares/8c89e57c-1936-4dbc-b9ba-109080e83212'}
        Body: b'{"share": {"id": "8c89e57c-1936-4dbc-b9ba-109080e83212", "size": 1, "availability_zone": null, "created_at": "2026-02-05T11:44:10.828490", "status": "error", "name": "tempest-tempest-share-name-1631907024", "description": "a share we will update", "project_id": "af20d9b8552e46179a5532e982fc6cea", "snapshot_id": null, "share_network_id": null, "share_proto": "NFS", "metadata": {}, "share_type": "df1d1933-b637-442f-9b19-e95ca5b542cd", "volume_type": "tempest-typeshare-type-707881132", "links": [{"rel": "self", "href": "http://10.132.46.216/share/v2/af20d9b8552e46179a5532e982fc6cea/shares/8c89e57c-1936-4dbc-b9ba-109080e83212"}, {"rel": "bookmark", "href": "http://10.132.46.216/share/af20d9b8552e46179a5532e982fc6cea/shares/8c89e57c-1936-4dbc-b9ba-109080e83212"}], "is_public": false, "snapshot_support": false, "task_state": null, "share_type_name": "tempest-typeshare-type-707881132", "access_rules_status": "active", "replication_type": null, "has_replicas": false, "user_id": "8bdf8d6abe9346e3b5f134dd3eaeb15f", "create_share_from_snapshot_support": false, "revert_to_snapshot_support": false, "share_group_id": null, "source_share_group_snapshot_member_id": null, "mount_snapshot_support": false, "progress": null, "is_soft_deleted": false, "scheduled_to_be_deleted_at": null, "source_backup_id": null, "encryption_key_ref": null}}'
2026-02-05 11:44:14,027 168298 INFO     [tempest.lib.common.rest_client] Request (PublicSharesTest:_run_cleanups): 200 GET http://10.132.46.216/share/v2/af20d9b8552e46179a5532e982fc6cea/share-replicas/detail?share_id=8c89e57c-1936-4dbc-b9ba-109080e83212 0.016s
2026-02-05 11:44:14,027 168298 DEBUG    [tempest.lib.common.rest_client] Request - Headers: {'Content-Type': 'application/json', 'Accept': 'application/json', 'x-openstack-manila-api-version': '2.90', 'X-Auth-Token': '<omitted>'}
        Body: None
    Response - Headers: {'date': 'Thu, 05 Feb 2026 11:44:14 GMT', 'server': 'Apache/2.4.58 (Ubuntu)', 'content-type': 'application/json', 'content-length': '22', 'x-compute-request-id': 'req-7523c8a3-47b2-43da-b0a9-0a7adafde60c', 'x-openstack-manila-a
    pi-version': '2.90', 'vary': 'X-OpenStack-Manila-API-Version', 'x-openstack-request-id': 'req-7523c8a3-47b2-43da-b0a9-0a7adafde60c', 'connection': 'close', 'status': '200', 'content-location': 'http://10.132.46.216/share/v2/af20d9b8552e46179a5532e982fc6cea/share-replicas/detail?share_id=8c89e57c-1936-4dbc-b9ba-109080e83212'}
        Body: b'{"share_replicas": []}'
2026-02-05 11:44:14,272 168298 INFO     [tempest.lib.common.rest_client] Request (PublicSharesTest:_run_cleanups): 202 DELETE http://10.132.46.216/share/v2/af20d9b8552e46179a5532e982fc6cea/shares/8c89e57c-1936-4dbc-b9ba-109080e83212 0.244s
2026-02-05 11:44:14,272 168298 DEBUG    [tempest.lib.common.rest_client] Request - Headers: {'Content-Type': 'application/json', 'Accept': 'application/json', 'x-openstack-manila-api-version': '2.90', 'X-Auth-Token': '<omitted>'}
        Body: None
    Response - Headers: {'date': 'Thu, 05 Feb 2026 11:44:14 GMT', 'server': 'Apache/2.4.58 (Ubuntu)', 'content-length': '0', 'content-type': 'text/html; charset=UTF-8', 'x-compute-request-id': 'req-b390902a-9aa5-4ba8-b1c9-4d0c28024b1e', 'x-openstack-manila-api-version': '2.90', 'vary': 'X-OpenStack-Manila-API-Version', 'x-openstack-request-id': 'req-b390902a-9aa5-4ba8-b1c9-4d0c28024b1e', 'connection': 'close', 'status': '202', 'content-location': 'http://10.132.46.216/share/v2/af20d9b8552e46179a5532e982fc6cea/shares/8c89e57c-1936-4dbc-b9ba-109080e83212'}
        Body: b''
2026-02-05 11:44:14,289 168298 INFO     [tempest.lib.common.rest_client] Request (PublicSharesTest:_run_cleanups): 404 GET http://10.132.46.216/share/v2/af20d9b8552e46179a5532e982fc6cea/shares/8c89e57c-1936-4dbc-b9ba-109080e83212 0.016s
2026-02-05 11:44:14,289 168298 DEBUG    [tempest.lib.common.rest_client] Request - Headers: {'Content-Type': 'application/json', 'Accept': 'application/json', 'x-openstack-manila-api-version': '2.90', 'X-Auth-Token': '<omitted>'}
        Body: None
    Response - Headers: {'date': 'Thu, 05 Feb 2026 11:44:14 GMT', 'server': 'Apache/2.4.58 (Ubuntu)', 'x-openstack-manila-api-version': '2.90', 'vary': 'X-OpenStack-Manila-API-Version', 'content-length': '78', 'content-type': 'application/json', 'x-compute-request-id': 'req-60c3f513-7d73-4ef4-b90a-2efc60774e10', 'x-openstack-request-id': 'req-60c3f513-7d73-4ef4-b90a-2efc60774e10', 'connection': 'close', 'status': '404', 'content-location': 'http://10.132.46.216/share/v2/af20d9b8552e46179a5532e982fc6cea/shares/8c89e57c-1936-4dbc-b9ba-109080e83212'}
        Body: b'{"itemNotFound": {"code": 404, "message": "The resource could not be found."}}'

{1} manila_tempest_tests.tests.api.******.test_share_types.ShareTypesAdminTest.test_share_type_create_update_10_2_90 [0.045228s] ... ok
{1} manila_tempest_tests.tests.api.******.test_share_types.ShareTypesAdminTest.test_share_type_unset_description_1___2_50___None______None_ [0.044726s] ... ok
{1} manila_tempest_tests.tests.api.******.test_share_types.ShareTypesAdminTest.test_share_type_unset_description_2___2_90___None______None_ [0.046326s] ... ok
{2} manila_tempest_tests.tests.api.******.test_share_manage_negative.ManageNFSShareNegativeTest.test_delete_share_in_manage_error [3.275054s] ... FAILED

Captured traceback:
~~~~~~~~~~~~~~~~~~~
    Traceback (most recent call last):

      File "/opt/stack/tempest/manila-tempest-plugin/manila_tempest_tests/tests/api/******/test_share_manage_negative.py", line 258, in test_delete_share_in_manage_error
    share = self._create_share_for_manage()
            ^^^^^^^^^^^^^^^^^^^^^^^^^^^^^^^

      File "/opt/stack/tempest/manila-tempest-plugin/manila_tempest_tests/tests/api/base.py", line 1174, in _create_share_for_manage
    share = self.create_share(**creation_data)
            ^^^^^^^^^^^^^^^^^^^^^^^^^^^^^^^^^^

      File "/opt/stack/tempest/manila-tempest-plugin/manila_tempest_tests/tests/api/base.py", line 411, in create_share
    result = cls.create_shares([{"args": args, "kwargs": kwargs}])
             ^^^^^^^^^^^^^^^^^^^^^^^^^^^^^^^^^^^^^^^^^^^^^^^^^^^^^

      File "/opt/stack/tempest/manila-tempest-plugin/manila_tempest_tests/tests/api/base.py", line 469, in create_shares
    waiters.wait_for_resource_status(

      File "/opt/stack/tempest/manila-tempest-plugin/manila_tempest_tests/common/waiters.py", line 109, in wait_for_resource_status
    raise resource_exception(resource_id=resource_id)

    manila_tempest_tests.share_exceptions.ShareBuildErrorException: Share 7f66c491-6327-4e5b-a0ef-f586b2060d21 failed to build and is in ERROR status


Captured pythonlogging:
~~~~~~~~~~~~~~~~~~~~~~~
    2026-02-05 11:44:13,094 168296 INFO     [tempest.lib.common.rest_client] Request (ManageNFSShareNegativeTest:test_delete_share_in_manage_error): 200 POST http://10.132.46.216/share/v2/c4ee124c7e5a492194e4e2833b5db66d/shares 0.200s
2026-02-05 11:44:13,095 168296 DEBUG    [tempest.lib.common.rest_client] Request - Headers: {'Content-Type': 'application/json', 'Accept': 'application/json', 'x-openstack-manila-api-version': '2.90', 'X-Auth-Token': '<omitted>'}
        Body: {"share": {"share_proto": "nfs", "description": "Tempest's share", "snapshot_id": null, "name": "tempest-tempest-created-share-1155896504", "size": 1, "metadata": {}, "is_public": false, "share_type": "cd77a318-f56f-4901-bf0f-36d8e1a501f2"}}
    Response - Headers: {'date': 'Thu, 05 Feb 2026 11:44:12 GMT', 'server': 'Apache/2.4.58 (Ubuntu)', 'content-type': 'application/json', 'content-length': '1379', 'x-compute-request-id': 'req-d281549a-8f62-4b7b-8b6c-809775b1141b', 'x-openstack-manila-api-version': '2.90', 'vary': 'X-OpenStack-Manila-API-Version', 'x-openstack-request-id': 'req-d281549a-8f62-4b7b-8b6c-809775b1141b', 'connection': 'close', 'status': '200', 'content-location': 'http://10.132.46.216/share/v2/c4ee124c7e5a492194e4e2833b5db66d/shares'}
        Body: b'{"share": {"id": "7f66c491-6327-4e5b-a0ef-f586b2060d21", "size": 1, "availability_zone": null, "created_at": "2026-02-05T11:44:12.966703", "status": "creating", "name": "tempest-tempest-created-share-1155896504", "description": "Tempest\'s share", "project_id": "c4ee124c7e5a492194e4e2833b5db66d", "snapshot_id": null, "share_network_id": null, "share_proto": "NFS", "metadata": {}, "share_type": "cd77a318-f56f-4901-bf0f-36d8e1a501f2", "volume_type": "tempest-manage-st-name-1064897780", "links": [{"rel": "self", "href": "http://10.132.46.216/share/v2/c4ee124c7e5a492194e4e2833b5db66d/shares/7f66c491-6327-4e5b-a0ef-f586b2060d21"}, {"rel": "bookmark", "href": "http://10.132.46.216/share/c4ee124c7e5a492194e4e2833b5db66d/shares/7f66c491-6327-4e5b-a0ef-f586b2060d21"}], "is_public": false, "snapshot_support": false, "task_state": null, "share_type_name": "tempest-manage-st-name-1064897780", "access_rules_status": "active", "replication_type": null, "has_replicas": false, "user_id": "c8844167ea60456d90c2703933c7341d", "create_share_from_snapshot_support": false, "revert_to_snapshot_support": false, "share_group_id": null, "source_share_group_snapshot_member_id": null, "mount_snapshot_support": false, "progress": null, "is_soft_deleted": false, "scheduled_to_be_deleted_at": null, "source_backup_id": null, "encryption_key_ref": null, "share_server_id": null, "host": ""}}'
2026-02-05 11:44:13,132 168296 INFO     [tempest.lib.common.rest_client] Request (ManageNFSShareNegativeTest:test_delete_share_in_manage_error): 200 GET http://10.132.46.216/share/v2/c4ee124c7e5a492194e4e2833b5db66d/shares/7f66c491-6327-4e5b-a0ef-f586b2060d21 0.036s
2026-02-05 11:44:13,132 168296 DEBUG    [tempest.lib.common.rest_client] Request - Headers: {'Content-Type': 'application/json', 'Accept': 'application/json', 'x-openstack-manila-api-version': '2.90', 'X-Auth-Token': '<omitted>'}
        Body: None
    Response - Headers: {'date': 'Thu, 05 Feb 2026 11:44:13 GMT', 'server': 'Apache/2.4.58 (Ubuntu)', 'content-type': 'application/json', 'content-length': '1379', 'x-compute-request-id': 'req-8e3d0b30-91d6-4da8-a137-d97426de0531', 'x-openstack-manila-api-version': '2.90', 'vary': 'X-OpenStack-Manila-API-Version', 'x-openstack-request-id': 'req-8e3d0b30-91d6-4da8-a137-d97426de0531', 'connection': 'close', 'status': '200', 'content-location': 'http://10.132.46.216/share/v2/c4ee124c7e5a492194e4e2833b5db66d/shares/7f66c491-6327-4e5b-a0ef-f586b2060d21'}
        Body: b'{"share": {"id": "7f66c491-6327-4e5b-a0ef-f586b2060d21", "size": 1, "availability_zone": null, "created_at": "2026-02-05T11:44:12.966703", "status": "creating", "name": "tempest-tempest-created-share-1155896504", "description": "Tempest\'s share", "project_id": "c4ee124c7e5a492194e4e2833b5db66d", "snapshot_id": null, "share_network_id": null, "share_proto": "NFS", "metada
    ta": {}, "share_type": "cd77a318-f56f-4901-bf0f-36d8e1a501f2", "volume_type": "tempest-manage-st-name-1064897780", "links": [{"rel": "self", "href": "http://10.132.46.216/share/v2/c4ee124c7e5a492194e4e2833b5db66d/shares/7f66c491-6327-4e5b-a0ef-f586b2060d21"}, {"rel": "bookmark", "href": "http://10.132.46.216/share/c4ee124c7e5a492194e4e2833b5db66d/shares/7f66c491-6327-4e5b-a0ef-f586b2060d21"}], "is_public": false, "snapshot_support": false, "task_state": null, "share_type_name": "tempest-manage-st-name-1064897780", "access_rules_status": "active", "replication_type": null, "has_replicas": false, "user_id": "c8844167ea60456d90c2703933c7341d", "create_share_from_snapshot_support": false, "revert_to_snapshot_support": false, "share_group_id": null, "source_share_group_snapshot_member_id": null, "mount_snapshot_support": false, "progress": null, "is_soft_deleted": false, "scheduled_to_be_deleted_at": null, "source_backup_id": null, "encryption_key_ref": null, "share_server_id": null, "host": ""}}'
2026-02-05 11:44:16,166 168296 INFO     [tempest.lib.common.rest_client] Request (ManageNFSShareNegativeTest:test_delete_share_in_manage_error): 200 GET http://10.132.46.216/share/v2/c4ee124c7e5a492194e4e2833b5db66d/shares/7f66c491-6327-4e5b-a0ef-f586b2060d21 0.033s
2026-02-05 11:44:16,166 168296 DEBUG    [tempest.lib.common.rest_client] Request - Headers: {'Content-Type': 'application/json', 'Accept': 'application/json', 'x-openstack-manila-api-version': '2.90', 'X-Auth-Token': '<omitted>'}
        Body: None
    Response - Headers: {'date': 'Thu, 05 Feb 2026 11:44:16 GMT', 'server': 'Apache/2.4.58 (Ubuntu)', 'content-type': 'application/json', 'content-length': '1376', 'x-compute-request-id': 'req-5dc8dd40-7238-4874-be1d-74ed623e57ec', 'x-openstack-manila-api-version': '2.90', 'vary': 'X-OpenStack-Manila-API-Version', 'x-openstack-request-id': 'req-5dc8dd40-7238-4874-be1d-74ed623e57ec', 'connection': 'close', 'status': '200', 'content-location': 'http://10.132.46.216/share/v2/c4ee124c7e5a492194e4e2833b5db66d/shares/7f66c491-6327-4e5b-a0ef-f586b2060d21'}
        Body: b'{"share": {"id": "7f66c491-6327-4e5b-a0ef-f586b2060d21", "size": 1, "availability_zone": null, "created_at": "2026-02-05T11:44:12.966703", "status": "error", "name": "tempest-tempest-created-share-1155896504", "description": "Tempest\'s share", "project_id": "c4ee124c7e5a492194e4e2833b5db66d", "snapshot_id": null, "share_network_id": null, "share_proto": "NFS", "metadata": {}, "share_type": "cd77a318-f56f-4901-bf0f-36d8e1a501f2", "volume_type": "tempest-manage-st-name-1064897780", "links": [{"rel": "self", "href": "http://10.132.46.216/share/v2/c4ee124c7e5a492194e4e2833b5db66d/shares/7f66c491-6327-4e5b-a0ef-f586b2060d21"}, {"rel": "bookmark", "href": "http://10.132.46.216/share/c4ee124c7e5a492194e4e2833b5db66d/shares/7f66c491-6327-4e5b-a0ef-f586b2060d21"}], "is_public": false, "snapshot_support": false, "task_state": null, "share_type_name": "tempest-manage-st-name-1064897780", "access_rules_status": "active", "replication_type": null, "has_replicas": false, "user_id": "c8844167ea60456d90c2703933c7341d", "create_share_from_snapshot_support": false, "revert_to_snapshot_support": false, "share_group_id": null, "source_share_group_snapshot_member_id": null, "mount_snapshot_support": false, "progress": null, "is_soft_deleted": false, "scheduled_to_be_deleted_at": null, "source_backup_id": null, "encryption_key_ref": null, "share_server_id": null, "host": ""}}'

{3} manila_tempest_tests.tests.api.test_quotas.SharesQuotasTest.test_default_quotas_1_shares_client [0.159322s] ... ok
{3} manila_tempest_tests.tests.api.test_quotas.SharesQuotasTest.test_default_quotas_2_shares_v2_client [0.016403s] ... ok
{3} manila_tempest_tests.tests.api.test_quotas.SharesQuotasTest.test_quota_detail_2_52_no_share_replica_quotas [0.017910s] ... ok
{3} manila_tempest_tests.tests.api.test_quotas.SharesQuotasTest.test_show_quotas_1_shares_client [0.014121s] ... ok
{3} manila_tempest_tests.tests.api.test_quotas.SharesQuotasTest.test_show_quotas_2_shares_v2_client [0.013481s] ... ok
{3} manila_tempest_tests.tests.api.test_quotas.SharesQuotasTest.test_show_quotas_detail_1___2_25___True_ [0.019753s] ... ok
{3} manila_tempest_tests.tests.api.test_quotas.SharesQuotasTest.test_show_quotas_detail_2___2_25___False_ [0.017295s] ... ok
{3} manila_tempest_tests.tests.api.test_quotas.SharesQuotasTest.test_show_quotas_detail_3___2_53___True_ [0.020192s] ... ok
{3} manila_tempest_tests.tests.api.test_quotas.SharesQuotasTest.test_show_quotas_detail_4___2_53___False_ [0.017134s] ... ok
{3} manila_tempest_tests.tests.api.test_quotas.SharesQuotasTest.test_show_quotas_detail_5___2_90___True_ [0.017780s] ... ok
{3} manila_tempest_tests.tests.api.test_quotas.SharesQuotasTest.test_show_quotas_detail_6___2_90___False_ [0.018403s] ... ok
{3} manila_tempest_tests.tests.api.test_quotas.SharesQuotasTest.test_show_quotas_for_user_1_shares_client [0.016597s] ... ok
{3} manila_tempest_tests.tests.api.test_quotas.SharesQuotasTest.test_show_quotas_for_user_2_shares_v2_client [0.020337s] ... ok
{1} manila_tempest_tests.tests.api.******.test_share_types_extra_specs.ExtraSpecsWriteAdminTest.test_delete_one_share_type_extra_spec [0.195331s] ... ok
{1} manila_tempest_tests.tests.api.******.test_share_types_extra_specs.ExtraSpecsWriteAdminTest.test_delete_snapshot_support_extra_spec_1_2_24 [0.135028s] ... ok
{1} manila_tempest_tests.tests.api.******.test_share_types_extra_specs.ExtraSpecsWriteAdminTest.test_delete_snapshot_support_extra_spec_2_2_90 [0.163493s] ... ok
{1} manila_tempest_tests.tests.api.******.test_share_types_extra_specs.ExtraSpecsWriteAdminTest.test_update_all_share_type_extra_specs [0.092774s] ... ok
{3} setUpClass (manila_tempest_tests.tests.api.test_replication_negative.ReplicationAPIOnlyNegativeTest) ... SKIPPED: Replication tests are disabled.
{1} manila_tempest_tests.tests.api.******.test_share_types_extra_specs.ExtraSpecsWriteAdminTest.test_update_one_share_type_extra_spec [0.084534s] ... ok
{2} manila_tempest_tests.tests.api.******.test_share_manage_negative.ManageNFSShareNegativeTest.test_manage_invalid_param_manage_error [3.244072s] ... FAILED

Captured traceback:
~~~~~~~~~~~~~~~~~~~
    Traceback (most recent call last):

      File "/opt/stack/tempest/manila-tempest-plugin/manila_tempest_tests/tests/api/******/test_share_manage_negative.py", line 153, in test_manage_invalid_param_manage_error
    share = self._create_share_for_manage()
            ^^^^^^^^^^^^^^^^^^^^^^^^^^^^^^^

      File "/opt/stack/tempest/manila-tempest-plugin/manila_tempest_tests/tests/api/base.py", line 1174, in _create_share_for_manage
    share = self.create_share(**creation_data)
            ^^^^^^^^^^^^^^^^^^^^^^^^^^^^^^^^^^

      File "/opt/stack/tempest/manila-tempest-plugin/manila_tempest_tests/tests/api/base.py", line 411, in create_share
    result = cls.create_shares([{"args": args, "kwargs": kwargs}])
             ^^^^^^^^^^^^^^^^^^^^^^^^^^^^^^^^^^^^^^^^^^^^^^^^^^^^^

      File "/opt/stack/tempest/manila-tempest-plugin/manila_tempest_tests/tests/api/base.py", line 469, in create_shares
    waiters.wait_for_resource_status(

      File "/opt/stack/tempest/manila-tempest-plugin/manila_tempest_tests/common/waiters.py", line 109, in wait_for_resource_status
    raise resource_exception(resource_id=resource_id)

    manila_tempest_tests.share_exceptions.ShareBuildErrorException: Share dd5745d6-3d0e-420a-b5fe-0c488d2adc93 failed to build and is in ERROR status


Captured pythonlogging:
~~~~~~~~~~~~~~~~~~~~~~~
    2026-02-05 11:44:16,340 168296 INFO     [tempest.lib.common.rest_client] Request (ManageNFSShareNegativeTest:test_manage_invalid_param_manage_error): 200 POST http://10.132.46.216/share/v2/c4ee124c7e5a492194e4e2833b5db66d/shares 0.171s
2026-02-05 11:44:16,341 168296 DEBUG    [tempest.lib.common.rest_client] Request - Headers: {'Content-Type': 'application/json', 'Accept': 'application/json', 'x-openstack-manila-api-version': '2.90', 'X-Auth-Token': '<omitted>'}
        Body: {"share": {"share_proto": "nfs", "description": "Tempest's share", "snapshot_id": null, "name": "tempest-tempest-created-share-454298204", "size": 1, "metadata": {}, "is_public": false, "share_type": "cd77a318-f56f-4901-bf0f-36d8e1a501f2"}}
    Response - Headers: {'date': 'Thu, 05 Feb 2026 11:44:16 GMT', 'server': 'Apache/2.4.58 (Ubuntu)', 'content-type': 'application/json', 'content-length': '1378', 'x-compute-request-id': 'req-715e14e2-f152-4ac8-aceb-36f752d459d1', 'x-openstack-manila-api-version': '2.90', 'vary': 'X-OpenStack-Manila-API-Version', 'x-openstack-request-id': 'req-715e14e2-f152-4ac8-aceb-36f752d459d1', 'connection': 'close', 'status': '200', 'content-location': 'http://10.132.46.216/share/v2/c4ee124c7e5a492194e4e2833b5db66d/shares'}
        Body: b'{"share": {"id": "dd5745d6-3d0e-420a-b5fe-0c488d2adc93", "size": 1, "availability_zone": null, "created_at": "2026-02-05T11:44:16.230399", "status": "creating", "name": "tempest-tempest-created-share-454298204", "description": "Tempest\'s share", "project_id": "c4ee124c7e5a492194e4e2833b5db66d", "snapshot_id": null, "share_network_id": null, "share_proto": "NFS", "metadata": {}, "share_type": "cd77a318-f56f-4901-bf0f-36d8e1a501f2", "volume_type": "tempest-manage-st-name-1064897780", "links": [{"rel": "self", "href": "http://10.132.46.216/share/v2/c4ee124c7e5a492194e4e2833b5db66d/shares/dd5745d6-3d0e-420a-b5fe-0c488d2adc93"}, {"rel": "bookmark", "href": "http://10.132.46.216/share/c4ee124c7e5a492194e4e2833b5db66d/shares/dd5745d6-3d0e-420a-b5fe-0c488d2adc93"}], "is_public": false, "snapshot_support": false, "task_state": null, "share_type_name": "tempest-manage-st-name-1064897780", "access_rules_status": "active", "replication_type": null, "has_replicas": false, "user_id": "c8844167ea60456d90c2703933c7341d", "create_share_from_snapshot_support": false, "revert_to_snapshot_support": false, "share_group_id": null, "source_share_group_snapshot_member_id": null, "mount_snapshot_support": false, "progress": null, "is_soft_deleted": false, "scheduled_to_be_deleted_at": null, "source_backup_id": null, "encryption_key_ref": null, "share_server_id": null, "host": ""}}'
2026-02-05 11:44:16,370 168296 INFO     [tempest.lib.common.rest_client] Request (ManageNFSShareNegativeTest:test_manage_invalid_param_manage_error): 200 GET http://10.132.46.216/share/v2/c4ee124c7e5a492194e4e2833b5db66d/shares/dd5745d6-3d0e-420a-b5fe-0c488d2adc93 0.029s
2026-02-05 11:44:16,370 168296 DEBUG    [tempest.lib.common.rest_client] Request - Headers: {'Content-Type': 'application/json', 'Accept': 'application/json', 'x-openstack-manila-api-version': '2.90', 'X-Auth-Token': '<omitted>'}
        Body: None
    Response - Headers: {'date': 'Thu, 05 Feb 2026 11:44:16 GMT', 'server': 'Apache/2.4.58 (Ubuntu)', 'content-type': 'application/json', 'content-length': '1378', 'x-compute-request-id': 'req-02595802-9e12-4ab5-9174-840a4fb392e1', 'x-openstack-manila-api-version': '2.90', 'vary': 'X-OpenStack-Manila-API-Version', 'x-openstack-request-id': 'req-02595802-9e12-4ab5-9174-840a4fb392e1', 'connection': 'close', 'status': '200', 'content-location': 'http://10.132.46.216/share/v2/c4ee124c7e5a492194e4e2833b5db66d/shares/dd5745d6-3d0e-420a-b5fe-0c488d2adc93'}
        Body: b'{"share": {"id": "dd5745d6-3d0e-420a-b5fe-0c488d2adc93", "size": 1, "availability_zone": null, "created_at": "2026-02-05T11:44:16.230399", "status": "creating", "name": "tempest-tempest-created-share-454298204", "description": "Tempest\'s share", "project_id": "c4ee124c7e5a492194e4e2833b5db66d", "snapshot_id": null, "share_network_id": null, "share_proto": "NFS", 
    "metadata": {}, "share_type": "cd77a318-f56f-4901-bf0f-36d8e1a501f2", "volume_type": "tempest-manage-st-name-1064897780", "links": [{"rel": "self", "href": "http://10.132.46.216/share/v2/c4ee124c7e5a492194e4e2833b5db66d/shares/dd5745d6-3d0e-420a-b5fe-0c488d2adc93"}, {"rel": "bookmark", "href": "http://10.132.46.216/share/c4ee124c7e5a492194e4e2833b5db66d/shares/dd5745d6-3d0e-420a-b5fe-0c488d2adc93"}], "is_public": false, "snapshot_support": false, "task_state": null, "share_type_name": "tempest-manage-st-name-1064897780", "access_rules_status": "active", "replication_type": null, "has_replicas": false, "user_id": "c8844167ea60456d90c2703933c7341d", "create_share_from_snapshot_support": false, "revert_to_snapshot_support": false, "share_group_id": null, "source_share_group_snapshot_member_id": null, "mount_snapshot_support": false, "progress": null, "is_soft_deleted": false, "scheduled_to_be_deleted_at": null, "source_backup_id": null, "encryption_key_ref": null, "share_server_id": null, "host": ""}}'
2026-02-05 11:44:19,411 168296 INFO     [tempest.lib.common.rest_client] Request (ManageNFSShareNegativeTest:test_manage_invalid_param_manage_error): 200 GET http://10.132.46.216/share/v2/c4ee124c7e5a492194e4e2833b5db66d/shares/dd5745d6-3d0e-420a-b5fe-0c488d2adc93 0.039s
2026-02-05 11:44:19,411 168296 DEBUG    [tempest.lib.common.rest_client] Request - Headers: {'Content-Type': 'application/json', 'Accept': 'application/json', 'x-openstack-manila-api-version': '2.90', 'X-Auth-Token': '<omitted>'}
        Body: None
    Response - Headers: {'date': 'Thu, 05 Feb 2026 11:44:19 GMT', 'server': 'Apache/2.4.58 (Ubuntu)', 'content-type': 'application/json', 'content-length': '1375', 'x-compute-request-id': 'req-0e191402-8e39-4856-8bb5-45060ca32af3', 'x-openstack-manila-api-version': '2.90', 'vary': 'X-OpenStack-Manila-API-Version', 'x-openstack-request-id': 'req-0e191402-8e39-4856-8bb5-45060ca32af3', 'connection': 'close', 'status': '200', 'content-location': 'http://10.132.46.216/share/v2/c4ee124c7e5a492194e4e2833b5db66d/shares/dd5745d6-3d0e-420a-b5fe-0c488d2adc93'}
        Body: b'{"share": {"id": "dd5745d6-3d0e-420a-b5fe-0c488d2adc93", "size": 1, "availability_zone": null, "created_at": "2026-02-05T11:44:16.230399", "status": "error", "name": "tempest-tempest-created-share-454298204", "description": "Tempest\'s share", "project_id": "c4ee124c7e5a492194e4e2833b5db66d", "snapshot_id": null, "share_network_id": null, "share_proto": "NFS", "metadata": {}, "share_type": "cd77a318-f56f-4901-bf0f-36d8e1a501f2", "volume_type": "tempest-manage-st-name-1064897780", "links": [{"rel": "self", "href": "http://10.132.46.216/share/v2/c4ee124c7e5a492194e4e2833b5db66d/shares/dd5745d6-3d0e-420a-b5fe-0c488d2adc93"}, {"rel": "bookmark", "href": "http://10.132.46.216/share/c4ee124c7e5a492194e4e2833b5db66d/shares/dd5745d6-3d0e-420a-b5fe-0c488d2adc93"}], "is_public": false, "snapshot_support": false, "task_state": null, "share_type_name": "tempest-manage-st-name-1064897780", "access_rules_status": "active", "replication_type": null, "has_replicas": false, "user_id": "c8844167ea60456d90c2703933c7341d", "create_share_from_snapshot_support": false, "revert_to_snapshot_support": false, "share_group_id": null, "source_share_group_snapshot_member_id": null, "mount_snapshot_support": false, "progress": null, "is_soft_deleted": false, "scheduled_to_be_deleted_at": null, "source_backup_id": null, "encryption_key_ref": null, "share_server_id": null, "host": ""}}'

{1} setUpClass (manila_tempest_tests.tests.api.******.test_snapshot_manage.ManageCIFSSnapshotTest) ... SKIPPED: Manage/unmanage snapshot tests are disabled.
{1} setUpClass (manila_tempest_tests.tests.api.******.test_snapshot_manage.ManageNFSSnapshotTest) ... SKIPPED: Manage/unmanage snapshot tests are disabled.
{0} setUpClass (manila_tempest_tests.tests.api.test_resource_locks.ResourceLockCRUTest) [0.000000s] ... FAILED

Captured traceback:
~~~~~~~~~~~~~~~~~~~
    Traceback (most recent call last):

      File "/opt/stack/tempest/tempest/test.py", line 185, in setUpClass
    raise value.with_traceback(trace)

      File "/opt/stack/tempest/tempest/test.py", line 178, in setUpClass
    cls.resource_setup()

      File "/opt/stack/tempest/manila-tempest-plugin/manila_tempest_tests/tests/api/test_resource_locks.py", line 58, in resource_setup
    cls.share = cls.create_share(share_type_id=cls.share_type_id)
                ^^^^^^^^^^^^^^^^^^^^^^^^^^^^^^^^^^^^^^^^^^^^^^^^^

      File "/opt/stack/tempest/manila-tempest-plugin/manila_tempest_tests/tests/api/base.py", line 411, in create_share
    result = cls.create_shares([{"args": args, "kwargs": kwargs}])
             ^^^^^^^^^^^^^^^^^^^^^^^^^^^^^^^^^^^^^^^^^^^^^^^^^^^^^

      File "/opt/stack/tempest/manila-tempest-plugin/manila_tempest_tests/tests/api/base.py", line 469, in create_shares
    waiters.wait_for_resource_status(

      File "/opt/stack/tempest/manila-tempest-plugin/manila_tempest_tests/common/waiters.py", line 109, in wait_for_resource_status
    raise resource_exception(resource_id=resource_id)

    manila_tempest_tests.share_exceptions.ShareBuildErrorException: Share 57f59caa-6d75-425f-9740-d5dddbb6c822 failed to build and is in ERROR status

{0} setUpClass (manila_tempest_tests.tests.api.test_revert_to_snapshot_negative.RevertToSnapshotNegativeTest) ... SKIPPED: Revert to snapshot tests are disabled.
{0} setUpClass (manila_tempest_tests.tests.api.test_scheduler_hints.SharesSchedulerHintsTest) ... SKIPPED: Manila multi-backend is disabled.
{0} setUpClass (manila_tempest_tests.tests.api.test_scheduler_hints_negative.SharesSchedulerHintsNegativeTest) ... SKIPPED: Manila multi-backend is disabled.
{1} setUpClass (manila_tempest_tests.tests.api.******.test_snapshot_manage_negative.ManageGLUSTERFSSnapshotNegativeTest) ... SKIPPED: Manage/unmanage snapshot tests are disabled.
{0} manila_tempest_tests.tests.api.test_security_services_mapping.SecurityServicesMappingTest.test_map_ss_to_sn_and_delete [0.682940s] ... ok
{2} manila_tempest_tests.tests.api.******.test_share_manage_negative.ManageNFSShareNegativeTest.test_manage_invalid_param_raises_exception [3.287378s] ... FAILED

Captured traceback:
~~~~~~~~~~~~~~~~~~~
    Traceback (most recent call last):

      File "/opt/stack/tempest/manila-tempest-plugin/manila_tempest_tests/tests/api/******/test_share_manage_negative.py", line 104, in test_manage_invalid_param_raises_exception
    share = self._create_share_for_manage()
            ^^^^^^^^^^^^^^^^^^^^^^^^^^^^^^^

      File "/opt/stack/tempest/manila-tempest-plugin/manila_tempest_tests/tests/api/base.py", line 1174, in _create_share_for_manage
    share = self.create_share(**creation_data)
            ^^^^^^^^^^^^^^^^^^^^^^^^^^^^^^^^^^

      File "/opt/stack/tempest/manila-tempest-plugin/manila_tempest_tests/tests/api/base.py", line 411, in create_share
    result = cls.create_shares([{"args": args, "kwargs": kwargs}])
             ^^^^^^^^^^^^^^^^^^^^^^^^^^^^^^^^^^^^^^^^^^^^^^^^^^^^^

      File "/opt/stack/tempest/manila-tempest-plugin/manila_tempest_tests/tests/api/base.py", line 469, in create_shares
    waiters.wait_for_resource_status(

      File "/opt/stack/tempest/manila-tempest-plugin/manila_tempest_tests/common/waiters.py", line 109, in wait_for_resource_status
    raise resource_exception(resource_id=resource_id)

    manila_tempest_tests.share_exceptions.ShareBuildErrorException: Share b59ec907-b3c3-444e-9965-f852a7e62bc0 failed to build and is in ERROR status


Captured pythonlogging:
~~~~~~~~~~~~~~~~~~~~~~~
    2026-02-05 11:44:19,625 168296 INFO     [tempest.lib.common.rest_client] Request (ManageNFSShareNegativeTest:test_manage_invalid_param_raises_exception): 200 POST http://10.132.46.216/share/v2/c4ee124c7e5a492194e4e2833b5db66d/shares 0.210s
2026-02-05 11:44:19,626 168296 DEBUG    [tempest.lib.common.rest_client] Request - Headers: {'Content-Type': 'application/json', 'Accept': 'application/json', 'x-openstack-manila-api-version': '2.90', 'X-Auth-Token': '<omitted>'}
        Body: {"share": {"share_proto": "nfs", "description": "Tempest's share", "snapshot_id": null, "name": "tempest-tempest-created-share-380881287", "size": 1, "metadata": {}, "is_public": false, "share_type": "cd77a318-f56f-4901-bf0f-36d8e1a501f2"}}
    Response - Headers: {'date': 'Thu, 05 Feb 2026 11:44:19 GMT', 'server': 'Apache/2.4.58 (Ubuntu)', 'content-type': 'application/json', 'content-length': '1378', 'x-compute-request-id': 'req-07e8c0b0-20e0-4c13-b1b1-f2292819e0f7', 'x-openstack-manila-api-version': '2.90', 'vary': 'X-OpenStack-Manila-API-Version', 'x-openstack-request-id': 'req-07e8c0b0-20e0-4c13-b1b1-f2292819e0f7', 'connection': 'close', 'status': '200', 'content-location': 'http://10.132.46.216/share/v2/c4ee124c7e5a492194e4e2833b5db66d/shares'}
        Body: b'{"share": {"id": "b59ec907-b3c3-444e-9965-f852a7e62bc0", "size": 1, "availability_zone": null, "created_at": "2026-02-05T11:44:19.497263", "status": "creating", "name": "tempest-tempest-created-share-380881287", "description": "Tempest\'s share", "project_id": "c4ee124c7e5a492194e4e2833b5db66d", "snapshot_id": null, "share_network_id": null, "share_proto": "NFS", "metadata": {}, "share_type": "cd77a318-f56f-4901-bf0f-36d8e1a501f2", "volume_type": "tempest-manage-st-name-1064897780", "links": [{"rel": "self", "href": "http://10.132.46.216/share/v2/c4ee124c7e5a492194e4e2833b5db66d/shares/b59ec907-b3c3-444e-9965-f852a7e62bc0"}, {"rel": "bookmark", "href": "http://10.132.46.216/share/c4ee124c7e5a492194e4e2833b5db66d/shares/b59ec907-b3c3-444e-9965-f852a7e62bc0"}], "is_public": false, "snapshot_support": false, "task_state": null, "share_type_name": "tempest-manage-st-name-1064897780", "access_rules_status": "active", "replication_type": null, "has_replicas": false, "user_id": "c8844167ea60456d90c2703933c7341d", "create_share_from_snapshot_support": false, "revert_to_snapshot_support": false, "share_group_id": null, "source_share_group_snapshot_member_id": null, "mount_snapshot_support": false, "progress": null, "is_soft_deleted": false, "scheduled_to_be_deleted_at": null, "source_backup_id": null, "encryption_key_ref": null, "share_server_id": null, "host": ""}}'
2026-02-05 11:44:19,667 168296 INFO     [tempest.lib.common.rest_client] Request (ManageNFSShareNegativeTest:test_manage_invalid_param_raises_exception): 200 GET http://10.132.46.216/share/v2/c4ee124c7e5a492194e4e2833b5db66d/shares/b59ec907-b3c3-444e-9965-f852a7e62bc0 0.041s
2026-02-05 11:44:19,668 168296 DEBUG    [tempest.lib.common.rest_client] Request - Headers: {'Content-Type': 'application/json', 'Accept': 'application/json', 'x-openstack-manila-api-version': '2.90', 'X-Auth-Token': '<omitted>'}
        Body: None
    Response - Headers: {'date': 'Thu, 05 Feb 2026 11:44:19 GMT', 'server': 'Apache/2.4.58 (Ubuntu)', 'content-type': 'application/json', 'content-length': '1378', 'x-compute-request-id': 'req-c0c59d38-7e99-448b-97ac-34a3eb12ca7f', 'x-openstack-manila-api-version': '2.90', 'vary': 'X-OpenStack-Manila-API-Version', 'x-openstack-request-id': 'req-c0c59d38-7e99-448b-97ac-34a3eb12ca7f', 'connection': 'close', 'status': '200', 'content-location': 'http://10.132.46.216/share/v2/c4ee124c7e5a492194e4e2833b5db66d/shares/b59ec907-b3c3-444e-9965-f852a7e62bc0'}
        Body: b'{"share": {"id": "b59ec907-b3c3-444e-9965-f852a7e62bc0", "size": 1, "availability_zone": null, "created_at": "2026-02-05T11:44:19.497263", "status": "creating", "name": "tempest-tempest-created-share-380881287", "description": "Tempest\'s share", "project_id": "c4ee124c7e5a492194e4e2833b5db66d", "snapshot_id": null, "share_network_id": null, "share_proto":
     "NFS", "metadata": {}, "share_type": "cd77a318-f56f-4901-bf0f-36d8e1a501f2", "volume_type": "tempest-manage-st-name-1064897780", "links": [{"rel": "self", "href": "http://10.132.46.216/share/v2/c4ee124c7e5a492194e4e2833b5db66d/shares/b59ec907-b3c3-444e-9965-f852a7e62bc0"}, {"rel": "bookmark", "href": "http://10.132.46.216/share/c4ee124c7e5a492194e4e2833b5db66d/shares/b59ec907-b3c3-444e-9965-f852a7e62bc0"}], "is_public": false, "snapshot_support": false, "task_state": null, "share_type_name": "tempest-manage-st-name-1064897780", "access_rules_status": "active", "replication_type": null, "has_replicas": false, "user_id": "c8844167ea60456d90c2703933c7341d", "create_share_from_snapshot_support": false, "revert_to_snapshot_support": false, "share_group_id": null, "source_share_group_snapshot_member_id": null, "mount_snapshot_support": false, "progress": null, "is_soft_deleted": false, "scheduled_to_be_deleted_at": null, "source_backup_id": null, "encryption_key_ref": null, "share_server_id": null, "host": ""}}'
2026-02-05 11:44:22,701 168296 INFO     [tempest.lib.common.rest_client] Request (ManageNFSShareNegativeTest:test_manage_invalid_param_raises_exception): 200 GET http://10.132.46.216/share/v2/c4ee124c7e5a492194e4e2833b5db66d/shares/b59ec907-b3c3-444e-9965-f852a7e62bc0 0.032s
2026-02-05 11:44:22,701 168296 DEBUG    [tempest.lib.common.rest_client] Request - Headers: {'Content-Type': 'application/json', 'Accept': 'application/json', 'x-openstack-manila-api-version': '2.90', 'X-Auth-Token': '<omitted>'}
        Body: None
    Response - Headers: {'date': 'Thu, 05 Feb 2026 11:44:22 GMT', 'server': 'Apache/2.4.58 (Ubuntu)', 'content-type': 'application/json', 'content-length': '1375', 'x-compute-request-id': 'req-41b872f5-1d59-4446-9c8f-b512895858f7', 'x-openstack-manila-api-version': '2.90', 'vary': 'X-OpenStack-Manila-API-Version', 'x-openstack-request-id': 'req-41b872f5-1d59-4446-9c8f-b512895858f7', 'connection': 'close', 'status': '200', 'content-location': 'http://10.132.46.216/share/v2/c4ee124c7e5a492194e4e2833b5db66d/shares/b59ec907-b3c3-444e-9965-f852a7e62bc0'}
        Body: b'{"share": {"id": "b59ec907-b3c3-444e-9965-f852a7e62bc0", "size": 1, "availability_zone": null, "created_at": "2026-02-05T11:44:19.497263", "status": "error", "name": "tempest-tempest-created-share-380881287", "description": "Tempest\'s share", "project_id": "c4ee124c7e5a492194e4e2833b5db66d", "snapshot_id": null, "share_network_id": null, "share_proto": "NFS", "metadata": {}, "share_type": "cd77a318-f56f-4901-bf0f-36d8e1a501f2", "volume_type": "tempest-manage-st-name-1064897780", "links": [{"rel": "self", "href": "http://10.132.46.216/share/v2/c4ee124c7e5a492194e4e2833b5db66d/shares/b59ec907-b3c3-444e-9965-f852a7e62bc0"}, {"rel": "bookmark", "href": "http://10.132.46.216/share/c4ee124c7e5a492194e4e2833b5db66d/shares/b59ec907-b3c3-444e-9965-f852a7e62bc0"}], "is_public": false, "snapshot_support": false, "task_state": null, "share_type_name": "tempest-manage-st-name-1064897780", "access_rules_status": "active", "replication_type": null, "has_replicas": false, "user_id": "c8844167ea60456d90c2703933c7341d", "create_share_from_snapshot_support": false, "revert_to_snapshot_support": false, "share_group_id": null, "source_share_group_snapshot_member_id": null, "mount_snapshot_support": false, "progress": null, "is_soft_deleted": false, "scheduled_to_be_deleted_at": null, "source_backup_id": null, "encryption_key_ref": null, "share_server_id": null, "host": ""}}'

{0} manila_tempest_tests.tests.api.test_security_services_mapping.SecurityServicesMappingTest.test_map_ss_to_sn_and_list [0.462718s] ... ok
{1} setUpClass (manila_tempest_tests.tests.api.******.test_snapshot_manage_negative.ManageMapRFSSnapshotNegativeTest) ... SKIPPED: Manage/unmanage snapshot tests are disabled.
{0} manila_tempest_tests.tests.api.test_security_services_mapping.SecurityServicesMappingTest.test_remap_ss_to_sn [0.522395s] ... ok
{2} manila_tempest_tests.tests.api.******.test_share_manage_negative.ManageNFSShareNegativeTest.test_manage_share_duplicate [3.274910s] ... FAILED

Captured traceback:
~~~~~~~~~~~~~~~~~~~
    Traceback (most recent call last):

      File "/opt/stack/tempest/manila-tempest-plugin/manila_tempest_tests/tests/api/******/test_share_manage_negative.py", line 195, in test_manage_share_duplicate
    share = self._create_share_for_manage()
            ^^^^^^^^^^^^^^^^^^^^^^^^^^^^^^^

      File "/opt/stack/tempest/manila-tempest-plugin/manila_tempest_tests/tests/api/base.py", line 1174, in _create_share_for_manage
    share = self.create_share(**creation_data)
            ^^^^^^^^^^^^^^^^^^^^^^^^^^^^^^^^^^

      File "/opt/stack/tempest/manila-tempest-plugin/manila_tempest_tests/tests/api/base.py", line 411, in create_share
    result = cls.create_shares([{"args": args, "kwargs": kwargs}])
             ^^^^^^^^^^^^^^^^^^^^^^^^^^^^^^^^^^^^^^^^^^^^^^^^^^^^^

      File "/opt/stack/tempest/manila-tempest-plugin/manila_tempest_tests/tests/api/base.py", line 469, in create_shares
    waiters.wait_for_resource_status(

      File "/opt/stack/tempest/manila-tempest-plugin/manila_tempest_tests/common/waiters.py", line 109, in wait_for_resource_status
    raise resource_exception(resource_id=resource_id)

    manila_tempest_tests.share_exceptions.ShareBuildErrorException: Share 3993121d-3af7-46c4-95f5-2cdf636da3a9 failed to build and is in ERROR status


Captured pythonlogging:
~~~~~~~~~~~~~~~~~~~~~~~
    2026-02-05 11:44:22,888 168296 INFO     [tempest.lib.common.rest_client] Request (ManageNFSShareNegativeTest:test_manage_share_duplicate): 200 POST http://10.132.46.216/share/v2/c4ee124c7e5a492194e4e2833b5db66d/shares 0.184s
2026-02-05 11:44:22,889 168296 DEBUG    [tempest.lib.common.rest_client] Request - Headers: {'Content-Type': 'application/json', 'Accept': 'application/json', 'x-openstack-manila-api-version': '2.90', 'X-Auth-Token': '<omitted>'}
        Body: {"share": {"share_proto": "nfs", "description": "Tempest's share", "snapshot_id": null, "name": "tempest-tempest-created-share-1839056084", "size": 1, "metadata": {}, "is_public": false, "share_type": "cd77a318-f56f-4901-bf0f-36d8e1a501f2"}}
    Response - Headers: {'date': 'Thu, 05 Feb 2026 11:44:22 GMT', 'server': 'Apache/2.4.58 (Ubuntu)', 'content-type': 'application/json', 'content-length': '1379', 'x-compute-request-id': 'req-4a978377-1ad4-4b9c-9226-cb64507a6f35', 'x-openstack-manila-api-version': '2.90', 'vary': 'X-OpenStack-Manila-API-Version', 'x-openstack-request-id': 'req-4a978377-1ad4-4b9c-9226-cb64507a6f35', 'connection': 'close', 'status': '200', 'content-location': 'http://10.132.46.216/share/v2/c4ee124c7e5a492194e4e2833b5db66d/shares'}
        Body: b'{"share": {"id": "3993121d-3af7-46c4-95f5-2cdf636da3a9", "size": 1, "availability_zone": null, "created_at": "2026-02-05T11:44:22.762415", "status": "creating", "name": "tempest-tempest-created-share-1839056084", "description": "Tempest\'s share", "project_id": "c4ee124c7e5a492194e4e2833b5db66d", "snapshot_id": null, "share_network_id": null, "share_proto": "NFS", "metadata": {}, "share_type": "cd77a318-f56f-4901-bf0f-36d8e1a501f2", "volume_type": "tempest-manage-st-name-1064897780", "links": [{"rel": "self", "href": "http://10.132.46.216/share/v2/c4ee124c7e5a492194e4e2833b5db66d/shares/3993121d-3af7-46c4-95f5-2cdf636da3a9"}, {"rel": "bookmark", "href": "http://10.132.46.216/share/c4ee124c7e5a492194e4e2833b5db66d/shares/3993121d-3af7-46c4-95f5-2cdf636da3a9"}], "is_public": false, "snapshot_support": false, "task_state": null, "share_type_name": "tempest-manage-st-name-1064897780", "access_rules_status": "active", "replication_type": null, "has_replicas": false, "user_id": "c8844167ea60456d90c2703933c7341d", "create_share_from_snapshot_support": false, "revert_to_snapshot_support": false, "share_group_id": null, "source_share_group_snapshot_member_id": null, "mount_snapshot_support": false, "progress": null, "is_soft_deleted": false, "scheduled_to_be_deleted_at": null, "source_backup_id": null, "encryption_key_ref": null, "share_server_id": null, "host": ""}}'
2026-02-05 11:44:22,940 168296 INFO     [tempest.lib.common.rest_client] Request (ManageNFSShareNegativeTest:test_manage_share_duplicate): 200 GET http://10.132.46.216/share/v2/c4ee124c7e5a492194e4e2833b5db66d/shares/3993121d-3af7-46c4-95f5-2cdf636da3a9 0.051s
2026-02-05 11:44:22,941 168296 DEBUG    [tempest.lib.common.rest_client] Request - Headers: {'Content-Type': 'application/json', 'Accept': 'application/json', 'x-openstack-manila-api-version': '2.90', 'X-Auth-Token': '<omitted>'}
        Body: None
    Response - Headers: {'date': 'Thu, 05 Feb 2026 11:44:22 GMT', 'server': 'Apache/2.4.58 (Ubuntu)', 'content-type': 'application/json', 'content-length': '1379', 'x-compute-request-id': 'req-8fe25734-7345-4fb7-8186-fac99512255b', 'x-openstack-manila-api-version': '2.90', 'vary': 'X-OpenStack-Manila-API-Version', 'x-openstack-request-id': 'req-8fe25734-7345-4fb7-8186-fac99512255b', 'connection': 'close', 'status': '200', 'content-location': 'http://10.132.46.216/share/v2/c4ee124c7e5a492194e4e2833b5db66d/shares/3993121d-3af7-46c4-95f5-2cdf636da3a9'}
        Body: b'{"share": {"id": "3993121d-3af7-46c4-95f5-2cdf636da3a9", "size": 1, "availability_zone": null, "created_at": "2026-02-05T11:44:22.762415", "status": "creating", "name": "tempest-tempest-created-share-1839056084", "description": "Tempest\'s share", "project_id": "c4ee124c7e5a492194e4e2833b5db66d", "snapshot_id": null, "share_network_id": null, "share_proto": "NFS", "metadata": {}, "sh
    are_type": "cd77a318-f56f-4901-bf0f-36d8e1a501f2", "volume_type": "tempest-manage-st-name-1064897780", "links": [{"rel": "self", "href": "http://10.132.46.216/share/v2/c4ee124c7e5a492194e4e2833b5db66d/shares/3993121d-3af7-46c4-95f5-2cdf636da3a9"}, {"rel": "bookmark", "href": "http://10.132.46.216/share/c4ee124c7e5a492194e4e2833b5db66d/shares/3993121d-3af7-46c4-95f5-2cdf636da3a9"}], "is_public": false, "snapshot_support": false, "task_state": null, "share_type_name": "tempest-manage-st-name-1064897780", "access_rules_status": "active", "replication_type": null, "has_replicas": false, "user_id": "c8844167ea60456d90c2703933c7341d", "create_share_from_snapshot_support": false, "revert_to_snapshot_support": false, "share_group_id": null, "source_share_group_snapshot_member_id": null, "mount_snapshot_support": false, "progress": null, "is_soft_deleted": false, "scheduled_to_be_deleted_at": null, "source_backup_id": null, "encryption_key_ref": null, "share_server_id": null, "host": ""}}'
2026-02-05 11:44:25,977 168296 INFO     [tempest.lib.common.rest_client] Request (ManageNFSShareNegativeTest:test_manage_share_duplicate): 200 GET http://10.132.46.216/share/v2/c4ee124c7e5a492194e4e2833b5db66d/shares/3993121d-3af7-46c4-95f5-2cdf636da3a9 0.035s
2026-02-05 11:44:25,977 168296 DEBUG    [tempest.lib.common.rest_client] Request - Headers: {'Content-Type': 'application/json', 'Accept': 'application/json', 'x-openstack-manila-api-version': '2.90', 'X-Auth-Token': '<omitted>'}
        Body: None
    Response - Headers: {'date': 'Thu, 05 Feb 2026 11:44:25 GMT', 'server': 'Apache/2.4.58 (Ubuntu)', 'content-type': 'application/json', 'content-length': '1376', 'x-compute-request-id': 'req-813e8248-92fa-43d2-9ffc-09d9fe232734', 'x-openstack-manila-api-version': '2.90', 'vary': 'X-OpenStack-Manila-API-Version', 'x-openstack-request-id': 'req-813e8248-92fa-43d2-9ffc-09d9fe232734', 'connection': 'close', 'status': '200', 'content-location': 'http://10.132.46.216/share/v2/c4ee124c7e5a492194e4e2833b5db66d/shares/3993121d-3af7-46c4-95f5-2cdf636da3a9'}
        Body: b'{"share": {"id": "3993121d-3af7-46c4-95f5-2cdf636da3a9", "size": 1, "availability_zone": null, "created_at": "2026-02-05T11:44:22.762415", "status": "error", "name": "tempest-tempest-created-share-1839056084", "description": "Tempest\'s share", "project_id": "c4ee124c7e5a492194e4e2833b5db66d", "snapshot_id": null, "share_network_id": null, "share_proto": "NFS", "metadata": {}, "share_type": "cd77a318-f56f-4901-bf0f-36d8e1a501f2", "volume_type": "tempest-manage-st-name-1064897780", "links": [{"rel": "self", "href": "http://10.132.46.216/share/v2/c4ee124c7e5a492194e4e2833b5db66d/shares/3993121d-3af7-46c4-95f5-2cdf636da3a9"}, {"rel": "bookmark", "href": "http://10.132.46.216/share/c4ee124c7e5a492194e4e2833b5db66d/shares/3993121d-3af7-46c4-95f5-2cdf636da3a9"}], "is_public": false, "snapshot_support": false, "task_state": null, "share_type_name": "tempest-manage-st-name-1064897780", "access_rules_status": "active", "replication_type": null, "has_replicas": false, "user_id": "c8844167ea60456d90c2703933c7341d", "create_share_from_snapshot_support": false, "revert_to_snapshot_support": false, "share_group_id": null, "source_share_group_snapshot_member_id": null, "mount_snapshot_support": false, "progress": null, "is_soft_deleted": false, "scheduled_to_be_deleted_at": null, "source_backup_id": null, "encryption_key_ref": null, "share_server_id": null, "host": ""}}'

{2} manila_tempest_tests.tests.api.******.test_share_manage_negative.ManageNFSShareNegativeTest.test_manage_share_without_share_server_id ... SKIPPED: Multitenancy tests are disabled.
{0} manila_tempest_tests.tests.api.test_security_services_mapping_negative.SecServicesMappingNegativeTest.test_add_empty_sec_service_id_to_share_network [0.057041s] ... ok
{0} manila_tempest_tests.tests.api.test_security_services_mapping_negative.SecServicesMappingNegativeTest.test_add_nonexistant_sec_service_to_share_network [0.037984s] ... ok
{0} manila_tempest_tests.tests.api.test_security_services_mapping_negative.SecServicesMappingNegativeTest.test_add_sec_service_to_nonexistant_share_network [0.034019s] ... ok
{0} manila_tempest_tests.tests.api.test_security_services_mapping_negative.SecServicesMappingNegativeTest.test_add_sec_service_to_share_network_with_empty_id [0.011432s] ... ok
{0} manila_tempest_tests.tests.api.test_security_services_mapping_negative.SecServicesMappingNegativeTest.test_add_sec_service_twice_to_share_network [0.103791s] ... ok
{0} manila_tempest_tests.tests.api.test_security_services_mapping_negative.SecServicesMappingNegativeTest.test_delete_nonexistant_sec_service_from_share_network [0.052401s] ... ok
{0} manila_tempest_tests.tests.api.test_security_services_mapping_negative.SecServicesMappingNegativeTest.test_delete_nonexistant_ss_from_nonexistant_sn [0.029611s] ... ok
{0} manila_tempest_tests.tests.api.test_security_services_mapping_negative.SecServicesMappingNegativeTest.test_delete_sec_service_from_nonexistant_share_network [0.028081s] ... ok
{0} manila_tempest_tests.tests.api.test_security_services_mapping_negative.SecServicesMappingNegativeTest.test_delete_ss_from_sn_used_by_share_server ... SKIPPED: Only for multitenancy.
{0} manila_tempest_tests.tests.api.test_security_services_mapping_negative.SecServicesMappingNegativeTest.test_list_sec_services_for_nonexistant_share_network [0.028218s] ... ok
{3} setUpClass (manila_tempest_tests.tests.api.test_resource_locks_negative.ResourceLockNegativeTestWithShares) [0.000000s] ... FAILED

Captured traceback:
~~~~~~~~~~~~~~~~~~~
    Traceback (most recent call last):

      File "/opt/stack/tempest/tempest/test.py", line 185, in setUpClass
    raise value.with_traceback(trace)

      File "/opt/stack/tempest/tempest/test.py", line 178, in setUpClass
    cls.resource_setup()

      File "/opt/stack/tempest/manila-tempest-plugin/manila_tempest_tests/tests/api/test_resource_locks_negative.py", line 62, in resource_setup
    cls.share = cls.create_share(share_type_id=share_type['id'])
                ^^^^^^^^^^^^^^^^^^^^^^^^^^^^^^^^^^^^^^^^^^^^^^^^

      File "/opt/stack/tempest/manila-tempest-plugin/manila_tempest_tests/tests/api/base.py", line 411, in create_share
    result = cls.create_shares([{"args": args, "kwargs": kwargs}])
             ^^^^^^^^^^^^^^^^^^^^^^^^^^^^^^^^^^^^^^^^^^^^^^^^^^^^^

      File "/opt/stack/tempest/manila-tempest-plugin/manila_tempest_tests/tests/api/base.py", line 469, in create_shares
    waiters.wait_for_resource_status(

      File "/opt/stack/tempest/manila-tempest-plugin/manila_tempest_tests/common/waiters.py", line 109, in wait_for_resource_status
    raise resource_exception(resource_id=resource_id)

    manila_tempest_tests.share_exceptions.ShareBuildErrorException: Share d0ee7291-b8d5-41ba-9968-6d5252c5deaa failed to build and is in ERROR status

{3} setUpClass (manila_tempest_tests.tests.api.test_rules.ShareIpRulesForCIFSTest) ... SKIPPED: IP rule tests for cifs protocol are disabled
{0} manila_tempest_tests.tests.api.test_security_services_mapping_negative.SecServicesMappingNegativeTest.test_try_delete_ss_that_assigned_to_sn [0.679607s] ... ok
{0} manila_tempest_tests.tests.api.test_security_services_mapping_negative.SecServicesMappingNegativeTest.test_try_map_two_ss_with_same_type_to_sn [0.445555s] ... ok
{2} manila_tempest_tests.tests.api.******.test_share_manage_negative.ManageNFSShareNegativeTest.test_unmanage_share_transitional_state [3.282078s] ... FAILED

Captured traceback:
~~~~~~~~~~~~~~~~~~~
    Traceback (most recent call last):

      File "/opt/stack/tempest/manila-tempest-plugin/manila_tempest_tests/tests/api/******/test_share_manage_negative.py", line 321, in test_unmanage_share_transitional_state
    share = self._create_share_for_manage()
            ^^^^^^^^^^^^^^^^^^^^^^^^^^^^^^^

      File "/opt/stack/tempest/manila-tempest-plugin/manila_tempest_tests/tests/api/base.py", line 1174, in _create_share_for_manage
    share = self.create_share(**creation_data)
            ^^^^^^^^^^^^^^^^^^^^^^^^^^^^^^^^^^

      File "/opt/stack/tempest/manila-tempest-plugin/manila_tempest_tests/tests/api/base.py", line 411, in create_share
    result = cls.create_shares([{"args": args, "kwargs": kwargs}])
             ^^^^^^^^^^^^^^^^^^^^^^^^^^^^^^^^^^^^^^^^^^^^^^^^^^^^^

      File "/opt/stack/tempest/manila-tempest-plugin/manila_tempest_tests/tests/api/base.py", line 469, in create_shares
    waiters.wait_for_resource_status(

      File "/opt/stack/tempest/manila-tempest-plugin/manila_tempest_tests/common/waiters.py", line 109, in wait_for_resource_status
    raise resource_exception(resource_id=resource_id)

    manila_tempest_tests.share_exceptions.ShareBuildErrorException: Share bf938689-2095-4fb2-9be6-e4d18b01a3c6 failed to build and is in ERROR status


Captured pythonlogging:
~~~~~~~~~~~~~~~~~~~~~~~
    2026-02-05 11:44:26,188 168296 INFO     [tempest.lib.common.rest_client] Request (ManageNFSShareNegativeTest:test_unmanage_share_transitional_state): 200 POST http://10.132.46.216/share/v2/c4ee124c7e5a492194e4e2833b5db66d/shares 0.207s
2026-02-05 11:44:26,188 168296 DEBUG    [tempest.lib.common.rest_client] Request - Headers: {'Content-Type': 'application/json', 'Accept': 'application/json', 'x-openstack-manila-api-version': '2.90', 'X-Auth-Token': '<omitted>'}
        Body: {"share": {"share_proto": "nfs", "description": "Tempest's share", "snapshot_id": null, "name": "tempest-tempest-created-share-1018715591", "size": 1, "metadata": {}, "is_public": false, "share_type": "cd77a318-f56f-4901-bf0f-36d8e1a501f2"}}
    Response - Headers: {'date': 'Thu, 05 Feb 2026 11:44:25 GMT', 'server': 'Apache/2.4.58 (Ubuntu)', 'content-type': 'application/json', 'content-length': '1379', 'x-compute-request-id': 'req-bb774b79-966e-4b02-bac1-e3f278583577', 'x-openstack-manila-api-version': '2.90', 'vary': 'X-OpenStack-Manila-API-Version', 'x-openstack-request-id': 'req-bb774b79-966e-4b02-bac1-e3f278583577', 'connection': 'close', 'status': '200', 'content-location': 'http://10.132.46.216/share/v2/c4ee124c7e5a492194e4e2833b5db66d/shares'}
        Body: b'{"share": {"id": "bf938689-2095-4fb2-9be6-e4d18b01a3c6", "size": 1, "availability_zone": null, "created_at": "2026-02-05T11:44:26.069263", "status": "creating", "name": "tempest-tempest-created-share-1018715591", "description": "Tempest\'s share", "project_id": "c4ee124c7e5a492194e4e2833b5db66d", "snapshot_id": null, "share_network_id": null, "share_proto": "NFS", "metadata": {}, "share_type": "cd77a318-f56f-4901-bf0f-36d8e1a501f2", "volume_type": "tempest-manage-st-name-1064897780", "links": [{"rel": "self", "href": "http://10.132.46.216/share/v2/c4ee124c7e5a492194e4e2833b5db66d/shares/bf938689-2095-4fb2-9be6-e4d18b01a3c6"}, {"rel": "bookmark", "href": "http://10.132.46.216/share/c4ee124c7e5a492194e4e2833b5db66d/shares/bf938689-2095-4fb2-9be6-e4d18b01a3c6"}], "is_public": false, "snapshot_support": false, "task_state": null, "share_type_name": "tempest-manage-st-name-1064897780", "access_rules_status": "active", "replication_type": null, "has_replicas": false, "user_id": "c8844167ea60456d90c2703933c7341d", "create_share_from_snapshot_support": false, "revert_to_snapshot_support": false, "share_group_id": null, "source_share_group_snapshot_member_id": null, "mount_snapshot_support": false, "progress": null, "is_soft_deleted": false, "scheduled_to_be_deleted_at": null, "source_backup_id": null, "encryption_key_ref": null, "share_server_id": null, "host": ""}}'
2026-02-05 11:44:26,219 168296 INFO     [tempest.lib.common.rest_client] Request (ManageNFSShareNegativeTest:test_unmanage_share_transitional_state): 200 GET http://10.132.46.216/share/v2/c4ee124c7e5a492194e4e2833b5db66d/shares/bf938689-2095-4fb2-9be6-e4d18b01a3c6 0.030s
2026-02-05 11:44:26,219 168296 DEBUG    [tempest.lib.common.rest_client] Request - Headers: {'Content-Type': 'application/json', 'Accept': 'application/json', 'x-openstack-manila-api-version': '2.90', 'X-Auth-Token': '<omitted>'}
        Body: None
    Response - Headers: {'date': 'Thu, 05 Feb 2026 11:44:26 GMT', 'server': 'Apache/2.4.58 (Ubuntu)', 'content-type': 'application/json', 'content-length': '1379', 'x-compute-request-id': 'req-0d21d778-0a37-4694-9908-590fece94c61', 'x-openstack-manila-api-version': '2.90', 'vary': 'X-OpenStack-Manila-API-Version', 'x-openstack-request-id': 'req-0d21d778-0a37-4694-9908-590fece94c61', 'connection': 'close', 'status': '200', 'content-location': 'http://10.132.46.216/share/v2/c4ee124c7e5a492194e4e2833b5db66d/shares/bf938689-2095-4fb2-9be6-e4d18b01a3c6'}
        Body: b'{"share": {"id": "bf938689-2095-4fb2-9be6-e4d18b01a3c6", "size": 1, "availability_zone": null, "created_at": "2026-02-05T11:44:26.069263", "status": "creating", "name": "tempest-tempest-created-share-1018715591", "description": "Tempest\'s share", "project_id": "c4ee124c7e5a492194e4e2833b5db66d", "snapshot_id": null, "share_network_id": null, "share_proto": "NFS
    ", "metadata": {}, "share_type": "cd77a318-f56f-4901-bf0f-36d8e1a501f2", "volume_type": "tempest-manage-st-name-1064897780", "links": [{"rel": "self", "href": "http://10.132.46.216/share/v2/c4ee124c7e5a492194e4e2833b5db66d/shares/bf938689-2095-4fb2-9be6-e4d18b01a3c6"}, {"rel": "bookmark", "href": "http://10.132.46.216/share/c4ee124c7e5a492194e4e2833b5db66d/shares/bf938689-2095-4fb2-9be6-e4d18b01a3c6"}], "is_public": false, "snapshot_support": false, "task_state": null, "share_type_name": "tempest-manage-st-name-1064897780", "access_rules_status": "active", "replication_type": null, "has_replicas": false, "user_id": "c8844167ea60456d90c2703933c7341d", "create_share_from_snapshot_support": false, "revert_to_snapshot_support": false, "share_group_id": null, "source_share_group_snapshot_member_id": null, "mount_snapshot_support": false, "progress": null, "is_soft_deleted": false, "scheduled_to_be_deleted_at": null, "source_backup_id": null, "encryption_key_ref": null, "share_server_id": null, "host": ""}}'
2026-02-05 11:44:29,261 168296 INFO     [tempest.lib.common.rest_client] Request (ManageNFSShareNegativeTest:test_unmanage_share_transitional_state): 200 GET http://10.132.46.216/share/v2/c4ee124c7e5a492194e4e2833b5db66d/shares/bf938689-2095-4fb2-9be6-e4d18b01a3c6 0.041s
2026-02-05 11:44:29,261 168296 DEBUG    [tempest.lib.common.rest_client] Request - Headers: {'Content-Type': 'application/json', 'Accept': 'application/json', 'x-openstack-manila-api-version': '2.90', 'X-Auth-Token': '<omitted>'}
        Body: None
    Response - Headers: {'date': 'Thu, 05 Feb 2026 11:44:29 GMT', 'server': 'Apache/2.4.58 (Ubuntu)', 'content-type': 'application/json', 'content-length': '1376', 'x-compute-request-id': 'req-50fe971a-8040-4031-b0ca-09703f21ddc0', 'x-openstack-manila-api-version': '2.90', 'vary': 'X-OpenStack-Manila-API-Version', 'x-openstack-request-id': 'req-50fe971a-8040-4031-b0ca-09703f21ddc0', 'connection': 'close', 'status': '200', 'content-location': 'http://10.132.46.216/share/v2/c4ee124c7e5a492194e4e2833b5db66d/shares/bf938689-2095-4fb2-9be6-e4d18b01a3c6'}
        Body: b'{"share": {"id": "bf938689-2095-4fb2-9be6-e4d18b01a3c6", "size": 1, "availability_zone": null, "created_at": "2026-02-05T11:44:26.069263", "status": "error", "name": "tempest-tempest-created-share-1018715591", "description": "Tempest\'s share", "project_id": "c4ee124c7e5a492194e4e2833b5db66d", "snapshot_id": null, "share_network_id": null, "share_proto": "NFS", "metadata": {}, "share_type": "cd77a318-f56f-4901-bf0f-36d8e1a501f2", "volume_type": "tempest-manage-st-name-1064897780", "links": [{"rel": "self", "href": "http://10.132.46.216/share/v2/c4ee124c7e5a492194e4e2833b5db66d/shares/bf938689-2095-4fb2-9be6-e4d18b01a3c6"}, {"rel": "bookmark", "href": "http://10.132.46.216/share/c4ee124c7e5a492194e4e2833b5db66d/shares/bf938689-2095-4fb2-9be6-e4d18b01a3c6"}], "is_public": false, "snapshot_support": false, "task_state": null, "share_type_name": "tempest-manage-st-name-1064897780", "access_rules_status": "active", "replication_type": null, "has_replicas": false, "user_id": "c8844167ea60456d90c2703933c7341d", "create_share_from_snapshot_support": false, "revert_to_snapshot_support": false, "share_group_id": null, "source_share_group_snapshot_member_id": null, "mount_snapshot_support": false, "progress": null, "is_soft_deleted": false, "scheduled_to_be_deleted_at": null, "source_backup_id": null, "encryption_key_ref": null, "share_server_id": null, "host": ""}}'

{2} manila_tempest_tests.tests.api.******.test_share_manage_negative.ManageNFSShareNegativeTest.test_unmanage_share_with_server_unsupported ... SKIPPED: Multitenancy tests are disabled.
{2} manila_tempest_tests.tests.api.******.test_share_manage_negative.ManageNFSShareNegativeTest.test_unmanage_share_with_snapshot ... SKIPPED: Snapshot tests are disabled.
{0} setUpClass (manila_tempest_tests.tests.api.test_share_encryption.ShareEncryptionCIFSTest) ... SKIPPED: Encryption tests are disabled.
{0} setUpClass (manila_tempest_tests.tests.api.test_share_group_actions.ShareGroupRenameTest) ... SKIPPED: Share Group tests disabled.
{0} setUpClass (manila_tempest_tests.tests.api.test_share_groups_negative.ShareGroupsNegativeTest) ... SKIPPED: Share Group tests disabled.
{0} setUpClass (manila_tempest_tests.tests.api.test_shares.SharesGLUSTERFSTest) ... SKIPPED: glusterfs tests are disabled
{0} setUpClass (manila_tempest_tests.tests.api.test_shares.SharesMapRFSTest) ... SKIPPED: maprfs tests are disabled
{1} manila_tempest_tests.tests.api.******.test_user_messages_negative.UserMessageNegativeTest.test_delete_message_of_other_tenants [7.077667s] ... ok
{0} manila_tempest_tests.tests.api.test_shares.SharesNFSTest.test_create_delete_snapshot ... SKIPPED: Snapshot tests are disabled.
{2} manila_tempest_tests.tests.api.******.test_share_networks.ShareNetworkAdminTest.test_list_share_networks [0.078879s] ... ok
{2} manila_tempest_tests.tests.api.******.test_share_networks.ShareNetworkAdminTest.test_list_share_networks_all_filter_opts [0.060800s] ... ok
{2} manila_tempest_tests.tests.api.******.test_share_networks.ShareNetworkAdminTest.test_list_share_networks_all_tenants [0.199741s] ... ok
{2} manila_tempest_tests.tests.api.******.test_share_networks.ShareNetworkAdminTest.test_list_share_networks_filter_by_project_id [0.030296s] ... ok
{2} manila_tempest_tests.tests.api.******.test_share_networks.ShareNetworkAdminTest.test_list_share_networks_filter_by_ss [0.091458s] ... ok
{2} manila_tempest_tests.tests.api.******.test_share_networks.ShareNetworkAdminTest.test_list_share_networks_like_filter [0.061703s] ... ok
{2} manila_tempest_tests.tests.api.******.test_share_networks.ShareNetworkAdminTest.test_list_share_networks_with_detail [0.032838s] ... ok
{2} manila_tempest_tests.tests.api.******.test_share_networks.ShareNetworkAdminTest.test_try_list_share_networks_all_tenants [0.041933s] ... ok
{2} manila_tempest_tests.tests.api.******.test_share_networks.ShareNetworkAdminTest.test_try_list_share_networks_project_id [0.042424s] ... ok
{3} setUpClass (manila_tempest_tests.tests.api.test_rules.ShareIpRulesForNFSTest) [0.000000s] ... FAILED

Captured traceback:
~~~~~~~~~~~~~~~~~~~
    Traceback (most recent call last):

      File "/opt/stack/tempest/tempest/test.py", line 185, in setUpClass
    raise value.with_traceback(trace)

      File "/opt/stack/tempest/tempest/test.py", line 178, in setUpClass
    cls.resource_setup()

      File "/opt/stack/tempest/manila-tempest-plugin/manila_tempest_tests/tests/api/test_rules.py", line 89, in resource_setup
    cls.share = cls.create_share(cls.protocol,
                ^^^^^^^^^^^^^^^^^^^^^^^^^^^^^^

      File "/opt/stack/tempest/manila-tempest-plugin/manila_tempest_tests/tests/api/base.py", line 411, in create_share
    result = cls.create_shares([{"args": args, "kwargs": kwargs}])
             ^^^^^^^^^^^^^^^^^^^^^^^^^^^^^^^^^^^^^^^^^^^^^^^^^^^^^

      File "/opt/stack/tempest/manila-tempest-plugin/manila_tempest_tests/tests/api/base.py", line 469, in create_shares
    waiters.wait_for_resource_status(

      File "/opt/stack/tempest/manila-tempest-plugin/manila_tempest_tests/common/waiters.py", line 109, in wait_for_resource_status
    raise resource_exception(resource_id=resource_id)

    manila_tempest_tests.share_exceptions.ShareBuildErrorException: Share ec3edacf-e3b7-4043-b1e7-e4a5cb241a06 failed to build and is in ERROR status

{0} manila_tempest_tests.tests.api.test_shares.SharesNFSTest.test_create_get_delete_share [3.435287s] ... FAILED

Captured traceback:
~~~~~~~~~~~~~~~~~~~
    Traceback (most recent call last):

      File "/opt/stack/tempest/manila-tempest-plugin/manila_tempest_tests/tests/api/test_shares.py", line 50, in test_create_get_delete_share
    share = self.create_share(self.protocol,
            ^^^^^^^^^^^^^^^^^^^^^^^^^^^^^^^^

      File "/opt/stack/tempest/manila-tempest-plugin/manila_tempest_tests/tests/api/base.py", line 411, in create_share
    result = cls.create_shares([{"args": args, "kwargs": kwargs}])
             ^^^^^^^^^^^^^^^^^^^^^^^^^^^^^^^^^^^^^^^^^^^^^^^^^^^^^

      File "/opt/stack/tempest/manila-tempest-plugin/manila_tempest_tests/tests/api/base.py", line 469, in create_shares
    waiters.wait_for_resource_status(

      File "/opt/stack/tempest/manila-tempest-plugin/manila_tempest_tests/common/waiters.py", line 109, in wait_for_resource_status
    raise resource_exception(resource_id=resource_id)

    manila_tempest_tests.share_exceptions.ShareBuildErrorException: Share 0c6aa64c-08a2-446e-a595-b5bcfb7ed1ef failed to build and is in ERROR status


Captured pythonlogging:
~~~~~~~~~~~~~~~~~~~~~~~
    2026-02-05 11:44:32,688 168292 INFO     [tempest.lib.common.rest_client] Request (SharesNFSTest:test_create_get_delete_share): 200 POST http://10.132.46.216/share/v2/19cab8604a04444c8cc861ec394b78ba/shares 0.348s
2026-02-05 11:44:32,688 168292 DEBUG    [tempest.lib.common.rest_client] Request - Headers: {'Content-Type': 'application/json', 'Accept': 'application/json', 'x-openstack-manila-api-version': '2.90', 'X-Auth-Token': '<omitted>'}
        Body: {"share": {"share_proto": "nfs", "description": "Tempest's share", "snapshot_id": null, "name": "tempest-tempest-created-share-744270660", "size": 1, "metadata": {}, "is_public": false, "share_type": "e173c8a7-6741-4dd6-bdbf-351ac010e0bd"}}
    Response - Headers: {'date': 'Thu, 05 Feb 2026 11:44:32 GMT', 'server': 'Apache/2.4.58 (Ubuntu)', 'content-type': 'application/json', 'content-length': '1339', 'x-compute-request-id': 'req-8035cdae-f9d2-417d-a743-0407b230a972', 'x-openstack-manila-api-version': '2.90', 'vary': 'X-OpenStack-Manila-API-Version', 'x-openstack-request-id': 'req-8035cdae-f9d2-417d-a743-0407b230a972', 'connection': 'close', 'status': '200', 'content-location': 'http://10.132.46.216/share/v2/19cab8604a04444c8cc861ec394b78ba/shares'}
        Body: b'{"share": {"id": "0c6aa64c-08a2-446e-a595-b5bcfb7ed1ef", "size": 1, "availability_zone": null, "created_at": "2026-02-05T11:44:32.557201", "status": "creating", "name": "tempest-tempest-created-share-744270660", "description": "Tempest\'s share", "project_id": "19cab8604a04444c8cc861ec394b78ba", "snapshot_id": null, "share_network_id": null, "share_proto": "NFS", "metadata": {}, "share_type": "e173c8a7-6741-4dd6-bdbf-351ac010e0bd", "volume_type": "tempest-typeshare-type-735537490", "links": [{"rel": "self", "href": "http://10.132.46.216/share/v2/19cab8604a04444c8cc861ec394b78ba/shares/0c6aa64c-08a2-446e-a595-b5bcfb7ed1ef"}, {"rel": "bookmark", "href": "http://10.132.46.216/share/19cab8604a04444c8cc861ec394b78ba/shares/0c6aa64c-08a2-446e-a595-b5bcfb7ed1ef"}], "is_public": false, "snapshot_support": false, "task_state": null, "share_type_name": "tempest-typeshare-type-735537490", "access_rules_status": "active", "replication_type": null, "has_replicas": false, "user_id": "81536357e21f40048319bea3ef503a75", "create_share_from_snapshot_support": false, "revert_to_snapshot_support": false, "share_group_id": null, "source_share_group_snapshot_member_id": null, "mount_snapshot_support": false, "progress": null, "is_soft_deleted": false, "scheduled_to_be_deleted_at": null, "source_backup_id": null, "encryption_key_ref": null}}'
2026-02-05 11:44:32,740 168292 INFO     [tempest.lib.common.rest_client] Request (SharesNFSTest:test_create_get_delete_share): 200 GET http://10.132.46.216/share/v2/19cab8604a04444c8cc861ec394b78ba/shares/0c6aa64c-08a2-446e-a595-b5bcfb7ed1ef 0.051s
2026-02-05 11:44:32,740 168292 DEBUG    [tempest.lib.common.rest_client] Request - Headers: {'Content-Type': 'application/json', 'Accept': 'application/json', 'x-openstack-manila-api-version': '2.90', 'X-Auth-Token': '<omitted>'}
        Body: None
    Response - Headers: {'date': 'Thu, 05 Feb 2026 11:44:32 GMT', 'server': 'Apache/2.4.58 (Ubuntu)', 'content-type': 'application/json', 'content-length': '1339', 'x-compute-request-id': 'req-25ee9e34-292b-4b20-9a15-d7a164c10176', 'x-openstack-manila-api-version': '2.90', 'vary': 'X-OpenStack-Manila-API-Version', 'x-openstack-request-id': 'req-25ee9e34-292b-4b20-9a15-d7a164c10176', 'connection': 'close', 'status': '200', 'content-location': 'http://10.132.46.216/share/v2/19cab8604a04444c8cc861ec394b78ba/shares/0c6aa64c-08a2-446e-a595-b5bcfb7ed1ef'}
        Body: b'{"share": {"id": "0c6aa64c-08a2-446e-a595-b5bcfb7ed1ef", "size": 1, "availability_zone": null, "created_at": "2026-02-05T11:44:32.557201", "status": "creating", "name": "tempest-tempest-created-share-744270660", "description": "Tempest\'s share", "project_id": "19cab8604a04444c8cc861ec394b78ba", "snapshot_id": null, "share_network_id": null, "share_proto": "NFS", "metadata": {}, "share_type": "e173c8a7-6741-4dd6-bdbf-351ac010e0bd", "volume_type": 
    "tempest-typeshare-type-735537490", "links": [{"rel": "self", "href": "http://10.132.46.216/share/v2/19cab8604a04444c8cc861ec394b78ba/shares/0c6aa64c-08a2-446e-a595-b5bcfb7ed1ef"}, {"rel": "bookmark", "href": "http://10.132.46.216/share/19cab8604a04444c8cc861ec394b78ba/shares/0c6aa64c-08a2-446e-a595-b5bcfb7ed1ef"}], "is_public": false, "snapshot_support": false, "task_state": null, "share_type_name": "tempest-typeshare-type-735537490", "access_rules_status": "active", "replication_type": null, "has_replicas": false, "user_id": "81536357e21f40048319bea3ef503a75", "create_share_from_snapshot_support": false, "revert_to_snapshot_support": false, "share_group_id": null, "source_share_group_snapshot_member_id": null, "mount_snapshot_support": false, "progress": null, "is_soft_deleted": false, "scheduled_to_be_deleted_at": null, "source_backup_id": null, "encryption_key_ref": null}}'
2026-02-05 11:44:35,771 168292 INFO     [tempest.lib.common.rest_client] Request (SharesNFSTest:test_create_get_delete_share): 200 GET http://10.132.46.216/share/v2/19cab8604a04444c8cc861ec394b78ba/shares/0c6aa64c-08a2-446e-a595-b5bcfb7ed1ef 0.030s
2026-02-05 11:44:35,772 168292 DEBUG    [tempest.lib.common.rest_client] Request - Headers: {'Content-Type': 'application/json', 'Accept': 'application/json', 'x-openstack-manila-api-version': '2.90', 'X-Auth-Token': '<omitted>'}
        Body: None
    Response - Headers: {'date': 'Thu, 05 Feb 2026 11:44:35 GMT', 'server': 'Apache/2.4.58 (Ubuntu)', 'content-type': 'application/json', 'content-length': '1336', 'x-compute-request-id': 'req-8bcbcac6-6547-45a2-87ad-1c627461426e', 'x-openstack-manila-api-version': '2.90', 'vary': 'X-OpenStack-Manila-API-Version', 'x-openstack-request-id': 'req-8bcbcac6-6547-45a2-87ad-1c627461426e', 'connection': 'close', 'status': '200', 'content-location': 'http://10.132.46.216/share/v2/19cab8604a04444c8cc861ec394b78ba/shares/0c6aa64c-08a2-446e-a595-b5bcfb7ed1ef'}
        Body: b'{"share": {"id": "0c6aa64c-08a2-446e-a595-b5bcfb7ed1ef", "size": 1, "availability_zone": null, "created_at": "2026-02-05T11:44:32.557201", "status": "error", "name": "tempest-tempest-created-share-744270660", "description": "Tempest\'s share", "project_id": "19cab8604a04444c8cc861ec394b78ba", "snapshot_id": null, "share_network_id": null, "share_proto": "NFS", "metadata": {}, "share_type": "e173c8a7-6741-4dd6-bdbf-351ac010e0bd", "volume_type": "tempest-typeshare-type-735537490", "links": [{"rel": "self", "href": "http://10.132.46.216/share/v2/19cab8604a04444c8cc861ec394b78ba/shares/0c6aa64c-08a2-446e-a595-b5bcfb7ed1ef"}, {"rel": "bookmark", "href": "http://10.132.46.216/share/19cab8604a04444c8cc861ec394b78ba/shares/0c6aa64c-08a2-446e-a595-b5bcfb7ed1ef"}], "is_public": false, "snapshot_support": false, "task_state": null, "share_type_name": "tempest-typeshare-type-735537490", "access_rules_status": "active", "replication_type": null, "has_replicas": false, "user_id": "81536357e21f40048319bea3ef503a75", "create_share_from_snapshot_support": false, "revert_to_snapshot_support": false, "share_group_id": null, "source_share_group_snapshot_member_id": null, "mount_snapshot_support": false, "progress": null, "is_soft_deleted": false, "scheduled_to_be_deleted_at": null, "source_backup_id": null, "encryption_key_ref": null}}'

{0} manila_tempest_tests.tests.api.test_shares.SharesNFSTest.test_create_share_from_snapshot ... SKIPPED: Snapshot tests are disabled.
{0} manila_tempest_tests.tests.api.test_shares.SharesNFSTest.test_create_share_from_snapshot_share_network_not_provided ... SKIPPED: Only for multitenancy.
{3} manila_tempest_tests.tests.api.test_rules_negative.ShareRulesAPIOnlyNegativeTest.test_create_access_rule_ip_with_wrong_share_id_1_shares_client [0.128208s] ... ok
{3} manila_tempest_tests.tests.api.test_rules_negative.ShareRulesAPIOnlyNegativeTest.test_create_access_rule_ip_with_wrong_share_id_2_shares_v2_client [0.029997s] ... ok
{2} setUpClass (manila_tempest_tests.tests.api.******.test_share_servers_manage_negative.ManageShareServersNegativeTest) ... SKIPPED: Multitenancy tests are disabled.
{2} setUpClass (manila_tempest_tests.tests.api.******.test_share_servers_migration_negative.ShareServerMigrationInvalidParametersNFS) ... SKIPPED: Multitenancy tests are disabled.
{2} setUpClass (manila_tempest_tests.tests.api.******.test_share_servers_migration_negative.ShareServerMigrationInvalidStatesCIFS) ... SKIPPED: cifs tests are disabled.
{2} setUpClass (manila_tempest_tests.tests.api.******.test_share_servers_migration_negative.ShareServerMigrationStartInvalidStatesNFS) ... SKIPPED: Multitenancy tests are disabled.
{2} setUpClass (manila_tempest_tests.tests.api.******.test_share_snapshot_instances_negative.SnapshotInstancesNegativeNoResourceTest) ... SKIPPED: Snapshot tests are disabled.
{1} manila_tempest_tests.tests.api.******.test_user_messages_negative.UserMessageNegativeTest.test_delete_nonexistent_message [6.583812s] ... ok
{3} setUpClass (manila_tempest_tests.tests.api.test_rules_negative.ShareUserRulesForNFSNegativeTest) ... SKIPPED: USER rule tests for nfs protocol are disabled
{3} manila_tempest_tests.tests.api.test_scheduler_stats_negative.SchedulerStatsNegativeTest.test_try_list_pools_detailed_with_user [0.085620s] ... ok
{3} manila_tempest_tests.tests.api.test_scheduler_stats_negative.SchedulerStatsNegativeTest.test_try_list_pools_with_user [0.012276s] ... ok
{2} setUpClass (manila_tempest_tests.tests.api.******.test_shares_actions.SharesActionsAdminTest) [0.000000s] ... FAILED

Captured traceback:
~~~~~~~~~~~~~~~~~~~
    Traceback (most recent call last):

      File "/opt/stack/tempest/tempest/test.py", line 185, in setUpClass
    raise value.with_traceback(trace)

      File "/opt/stack/tempest/tempest/test.py", line 178, in setUpClass
    cls.resource_setup()

      File "/opt/stack/tempest/manila-tempest-plugin/manila_tempest_tests/tests/api/******/test_shares_actions.py", line 55, in resource_setup
    cls.shares.append(cls.create_share(
                      ^^^^^^^^^^^^^^^^^

      File "/opt/stack/tempest/manila-tempest-plugin/manila_tempest_tests/tests/api/base.py", line 411, in create_share
    result = cls.create_shares([{"args": args, "kwargs": kwargs}])
             ^^^^^^^^^^^^^^^^^^^^^^^^^^^^^^^^^^^^^^^^^^^^^^^^^^^^^

      File "/opt/stack/tempest/manila-tempest-plugin/manila_tempest_tests/tests/api/base.py", line 469, in create_shares
    waiters.wait_for_resource_status(

      File "/opt/stack/tempest/manila-tempest-plugin/manila_tempest_tests/common/waiters.py", line 109, in wait_for_resource_status
    raise resource_exception(resource_id=resource_id)

    manila_tempest_tests.share_exceptions.ShareBuildErrorException: Share dd8a698b-1972-4671-9b05-9cd5a63287bb failed to build and is in ERROR status

{2} setUpClass (manila_tempest_tests.tests.api.******.test_snapshot_export_locations.SnapshotExportLocationsTest) ... SKIPPED: Snapshot tests are disabled.
{3} setUpClass (manila_tempest_tests.tests.api.test_share_encryption_negative.SharesEncryptionNegativeTest) ... SKIPPED: Encryption tests are disabled.
{3} setUpClass (manila_tempest_tests.tests.api.test_share_groups.ShareGroupsTest) ... SKIPPED: Share Group tests disabled.
{2} setUpClass (manila_tempest_tests.tests.api.******.test_snapshot_manage_negative.ManageHDFSSnapshotNegativeTest) ... SKIPPED: Manage/unmanage snapshot tests are disabled.
{3} manila_tempest_tests.tests.api.test_share_network_subnet_metadata_negative.ShareNetworkSubnetMetadataNegativeTest.test_try_delete_unexisting_metadata [0.370364s] ... ok
{1} manila_tempest_tests.tests.api.******.test_user_messages_negative.UserMessageNegativeTest.test_list_messages_with_invalid_time_format [6.736882s] ... ok
{3} manila_tempest_tests.tests.api.test_share_network_subnet_metadata_negative.ShareNetworkSubnetMetadataNegativeTest.test_try_set_metadata_to_unexisting_subnet [0.472854s] ... ok
{3} manila_tempest_tests.tests.api.test_share_network_subnet_metadata_negative.ShareNetworkSubnetMetadataNegativeTest.test_try_set_metadata_with_empty_key [0.032212s] ... ok
{3} manila_tempest_tests.tests.api.test_share_network_subnet_metadata_negative.ShareNetworkSubnetMetadataNegativeTest.test_try_set_metadata_with_too_big_key [0.012835s] ... ok
{3} manila_tempest_tests.tests.api.test_share_network_subnet_metadata_negative.ShareNetworkSubnetMetadataNegativeTest.test_try_set_metadata_with_too_big_value [0.009934s] ... ok
{3} manila_tempest_tests.tests.api.test_share_network_subnet_metadata_negative.ShareNetworkSubnetMetadataNegativeTest.test_try_upd_metadata_with_empty_key [0.009083s] ... ok
{3} manila_tempest_tests.tests.api.test_share_network_subnet_metadata_negative.ShareNetworkSubnetMetadataNegativeTest.test_try_upd_metadata_with_too_big_key [0.010580s] ... ok
{3} manila_tempest_tests.tests.api.test_share_network_subnet_metadata_negative.ShareNetworkSubnetMetadataNegativeTest.test_try_upd_metadata_with_too_big_value [0.011603s] ... ok
{3} manila_tempest_tests.tests.api.test_share_network_subnet_metadata_negative.ShareNetworkSubnetMetadataNegativeTest.test_try_update_all_metadata_to_unexisting_subnet [0.229148s] ... ok
{0} setUpClass (manila_tempest_tests.tests.api.test_shares_actions.SharesActionsTest) [0.000000s] ... FAILED

Captured traceback:
~~~~~~~~~~~~~~~~~~~
    Traceback (most recent call last):

      File "/opt/stack/tempest/tempest/test.py", line 185, in setUpClass
    raise value.with_traceback(trace)

      File "/opt/stack/tempest/tempest/test.py", line 178, in setUpClass
    cls.resource_setup()

      File "/opt/stack/tempest/manila-tempest-plugin/manila_tempest_tests/tests/api/test_shares_actions.py", line 58, in resource_setup
    cls.shares.append(cls.create_share(
                      ^^^^^^^^^^^^^^^^^

      File "/opt/stack/tempest/manila-tempest-plugin/manila_tempest_tests/tests/api/base.py", line 411, in create_share
    result = cls.create_shares([{"args": args, "kwargs": kwargs}])
             ^^^^^^^^^^^^^^^^^^^^^^^^^^^^^^^^^^^^^^^^^^^^^^^^^^^^^

      File "/opt/stack/tempest/manila-tempest-plugin/manila_tempest_tests/tests/api/base.py", line 469, in create_shares
    waiters.wait_for_resource_status(

      File "/opt/stack/tempest/manila-tempest-plugin/manila_tempest_tests/common/waiters.py", line 109, in wait_for_resource_status
    raise resource_exception(resource_id=resource_id)

    manila_tempest_tests.share_exceptions.ShareBuildErrorException: Share 09c37e50-0cf8-44f2-9f13-d2a7bcc257bb failed to build and is in ERROR status

{3} setUpClass (manila_tempest_tests.tests.api.test_share_servers_multiple_subnet.ShareServerMultipleSubnetTest) ... SKIPPED: Multitenancy tests are disabled.
{3} manila_tempest_tests.tests.api.test_share_type_availability_zones.ShareTypeAvailabilityZonesTest.test_share_type_azs_create_and_get_share_type_1_az1______az2__az_3__ [0.111173s] ... ok
{3} manila_tempest_tests.tests.api.test_share_type_availability_zones.ShareTypeAvailabilityZonesTest.test_share_type_azs_create_and_get_share_type_2_az1_az2_az_3 [0.118997s] ... ok
{3} manila_tempest_tests.tests.api.test_share_type_availability_zones.ShareTypeAvailabilityZonesTest.test_share_type_azs_create_and_get_share_type_3_az1____az2____az_3 [0.106353s] ... ok
{3} manila_tempest_tests.tests.api.test_share_type_availability_zones.ShareTypeAvailabilityZonesTest.test_share_type_azs_filter_by_availability_zones_1_az1 [0.230143s] ... ok
{3} manila_tempest_tests.tests.api.test_share_type_availability_zones.ShareTypeAvailabilityZonesTest.test_share_type_azs_filter_by_availability_zones_2_az2 [0.251785s] ... ok
{3} manila_tempest_tests.tests.api.test_share_type_availability_zones.ShareTypeAvailabilityZonesTest.test_share_type_azs_filter_by_availability_zones_3_az_3 [0.198064s] ... ok
{1} manila_tempest_tests.tests.api.******.test_user_messages_negative.UserMessageNegativeTest.test_show_message_of_other_tenants [6.705412s] ... ok
{2} manila_tempest_tests.tests.api.******.test_user_messages.UserMessageTest.test_delete_message [6.797269s] ... ok
{3} manila_tempest_tests.tests.api.test_share_type_availability_zones.ShareTypeAvailabilityZonesTest.test_share_type_azs_filter_by_availability_zones_4_az1___az_3 [0.594314s] ... ok
{3} manila_tempest_tests.tests.api.test_share_type_availability_zones.ShareTypeAvailabilityZonesTest.test_share_type_azs_filter_by_availability_zones_5_az_3__az1 [0.230641s] ... ok
{3} manila_tempest_tests.tests.api.test_share_type_availability_zones.ShareTypeAvailabilityZonesTest.test_share_type_azs_filter_by_availability_zones_6_az2__az_3__az1 [0.204477s] ... ok
{3} manila_tempest_tests.tests.api.test_share_type_availability_zones.ShareTypeAvailabilityZonesTest.test_share_type_azs_old_version_api_ignores_spec [0.016288s] ... FAILED

Captured traceback:
~~~~~~~~~~~~~~~~~~~
    Traceback (most recent call last):

      File "/opt/stack/tempest/manila-tempest-plugin/manila_tempest_tests/tests/api/test_share_type_availability_zones.py", line 101, in test_share_type_azs_old_version_api_ignores_spec
    self.******_shares_v2_client.update_share_type_extra_spec(

      File "/opt/stack/tempest/manila-tempest-plugin/manila_tempest_tests/services/share/v2/json/shares_client.py", line 729, in update_share_type_extra_spec
    resp, body = self.put(uri, post_body, version=version)
                 ^^^^^^^^^^^^^^^^^^^^^^^^^^^^^^^^^^^^^^^^^

      File "/opt/stack/tempest/manila-tempest-plugin/manila_tempest_tests/services/share/v2/json/shares_client.py", line 100, in put
    resp, body = super(SharesV2Client, self).put(url, body,
                 ^^^^^^^^^^^^^^^^^^^^^^^^^^^^^^^^^^^^^^^^^^

      File "/opt/stack/tempest/tempest/lib/common/rest_client.py", line 392, in put
    return self.request('PUT', url, extra_headers, headers, body, chunked)
           ^^^^^^^^^^^^^^^^^^^^^^^^^^^^^^^^^^^^^^^^^^^^^^^^^^^^^^^^^^^^^^^

      File "/opt/stack/tempest/tempest/lib/common/rest_client.py", line 762, in request
    self._error_checker(resp, resp_body)

      File "/opt/stack/tempest/tempest/lib/common/rest_client.py", line 877, in _error_checker
    raise exceptions.BadRequest(resp_body, resp=resp)

    tempest.lib.exceptions.BadRequest: Bad request
Details: {'code': 400, 'message': 'Invalid extra_spec: availability_zones: '}


Captured pythonlogging:
~~~~~~~~~~~~~~~~~~~~~~~
    2026-02-05 11:44:52,818 168298 INFO     [tempest.lib.common.rest_client] Request (ShareTypeAvailabilityZonesTest:test_share_type_azs_old_version_api_ignores_spec): 400 PUT http://10.132.46.216/share/v2/a3af5ffdfe9349e787bdf6e64c0cd797/types/c12270e8-0fc0-4bdc-ad5a-a03352729b51/extra_specs/availability_zones 0.013s
2026-02-05 11:44:52,819 168298 DEBUG    [tempest.lib.common.rest_client] Request - Headers: {'Content-Type': 'application/json', 'Accept': 'application/json', 'x-openstack-manila-api-version': '2.90', 'X-Auth-Token': '<omitted>'}
        Body: {"availability_zones": ""}
    Response - Headers: {'date': 'Thu, 05 Feb 2026 11:44:52 GMT', 'server': 'Apache/2.4.58 (Ubuntu)', 'x-openstack-manila-api-version': '2.90', 'vary': 'X-OpenStack-Manila-API-Version', 'content-length': '84', 'content-type': 'application/json', 'x-compute-request-id': 'req-308251ad-5e10-41d8-94b5-1df97fa6da5d', 'x-openstack-request-id': 'req-308251ad-5e10-41d8-94b5-1df97fa6da5d', 'connection': 'close', 'status': '400', 'content-location': 'http://10.132.46.216/share/v2/a3af5ffdfe9349e787bdf6e64c0cd797/types/c12270e8-0fc0-4bdc-ad5a-a03352729b51/extra_specs/availability_zones'}
        Body: b'{"badRequest": {"code": 400, "message": "Invalid extra_spec: availability_zones: "}}'

{3} manila_tempest_tests.tests.api.test_share_type_availability_zones.ShareTypeAvailabilityZonesTest.test_share_type_azs_share_groups_az_in_create_req_1_True [0.029376s] ... FAILED

Captured traceback:
~~~~~~~~~~~~~~~~~~~
    Traceback (most recent call last):

      File "/usr/lib/python3/dist-packages/ddt.py", line 220, in wrapper
    return func(self, *args, **kwargs)
           ^^^^^^^^^^^^^^^^^^^^^^^^^^^

      File "/opt/stack/tempest/manila-tempest-plugin/manila_tempest_tests/tests/api/test_share_type_availability_zones.py", line 139, in test_share_type_azs_share_groups_az_in_create_req
    self.******_shares_v2_client.update_share_type_extra_spec(

      File "/opt/stack/tempest/manila-tempest-plugin/manila_tempest_tests/services/share/v2/json/shares_client.py", line 729, in update_share_type_extra_spec
    resp, body = self.put(uri, post_body, version=version)
                 ^^^^^^^^^^^^^^^^^^^^^^^^^^^^^^^^^^^^^^^^^

      File "/opt/stack/tempest/manila-tempest-plugin/manila_tempest_tests/services/share/v2/json/shares_client.py", line 100, in put
    resp, body = super(SharesV2Client, self).put(url, body,
                 ^^^^^^^^^^^^^^^^^^^^^^^^^^^^^^^^^^^^^^^^^^

      File "/opt/stack/tempest/tempest/lib/common/rest_client.py", line 392, in put
    return self.request('PUT', url, extra_headers, headers, body, chunked)
           ^^^^^^^^^^^^^^^^^^^^^^^^^^^^^^^^^^^^^^^^^^^^^^^^^^^^^^^^^^^^^^^

      File "/opt/stack/tempest/tempest/lib/common/rest_client.py", line 762, in request
    self._error_checker(resp, resp_body)

      File "/opt/stack/tempest/tempest/lib/common/rest_client.py", line 877, in _error_checker
    raise exceptions.BadRequest(resp_body, resp=resp)

    tempest.lib.exceptions.BadRequest: Bad request
Details: {'code': 400, 'message': 'Invalid extra_spec: availability_zones: '}


Captured pythonlogging:
~~~~~~~~~~~~~~~~~~~~~~~
    2026-02-05 11:44:52,840 168298 INFO     [tempest.lib.common.rest_client] Request (ShareTypeAvailabilityZonesTest:test_share_type_azs_share_groups_az_in_create_req): 400 PUT http://10.132.46.216/share/v2/a3af5ffdfe9349e787bdf6e64c0cd797/types/c12270e8-0fc0-4bdc-ad5a-a03352729b51/extra_specs/availability_zones 0.017s
2026-02-05 11:44:52,841 168298 DEBUG    [tempest.lib.common.rest_client] Request - Headers: {'Content-Type': 'application/json', 'Accept': 'application/json', 'x-openstack-manila-api-version': '2.90', 'X-Auth-Token': '<omitted>'}
        Body: {"availability_zones": ""}
    Response - Headers: {'date': 'Thu, 05 Feb 2026 11:44:52 GMT', 'server': 'Apache/2.4.58 (Ubuntu)', 'x-openstack-manila-api-version': '2.90', 'vary': 'X-OpenStack-Manila-API-Version', 'content-length': '84', 'content-type': 'application/json', 'x-compute-request-id': 'req-8da31572-edbe-4322-9da4-8e9d30bc90e8', 'x-openstack-request-id': 'req-8da31572-edbe-4322-9da4-8e9d30bc90e8', 'connection': 'close', 'status': '400', 'content-location': 'http://10.132.46.216/share/v2/a3af5ffdfe9349e787bdf6e64c0cd797/types/c12270e8-0fc0-4bdc-ad5a-a03352729b51/extra_specs/availability_zones'}
        Body: b'{"badRequest": {"code": 400, "message": "Invalid extra_spec: availability_zones: "}}'

{3} manila_tempest_tests.tests.api.test_share_type_availability_zones.ShareTypeAvailabilityZonesTest.test_share_type_azs_share_groups_az_in_create_req_2_False [0.019330s] ... FAILED

Captured traceback:
~~~~~~~~~~~~~~~~~~~
    Traceback (most recent call last):

      File "/usr/lib/python3/dist-packages/ddt.py", line 220, in wrapper
    return func(self, *args, **kwargs)
           ^^^^^^^^^^^^^^^^^^^^^^^^^^^

      File "/opt/stack/tempest/manila-tempest-plugin/manila_tempest_tests/tests/api/test_share_type_availability_zones.py", line 139, in test_share_type_azs_share_groups_az_in_create_req
    self.******_shares_v2_client.update_share_type_extra_spec(

      File "/opt/stack/tempest/manila-tempest-plugin/manila_tempest_tests/services/share/v2/json/shares_client.py", line 729, in update_share_type_extra_spec
    resp, body = self.put(uri, post_body, version=version)
                 ^^^^^^^^^^^^^^^^^^^^^^^^^^^^^^^^^^^^^^^^^

      File "/opt/stack/tempest/manila-tempest-plugin/manila_tempest_tests/services/share/v2/json/shares_client.py", line 100, in put
    resp, body = super(SharesV2Client, self).put(url, body,
                 ^^^^^^^^^^^^^^^^^^^^^^^^^^^^^^^^^^^^^^^^^^

      File "/opt/stack/tempest/tempest/lib/common/rest_client.py", line 392, in put
    return self.request('PUT', url, extra_headers, headers, body, chunked)
           ^^^^^^^^^^^^^^^^^^^^^^^^^^^^^^^^^^^^^^^^^^^^^^^^^^^^^^^^^^^^^^^

      File "/opt/stack/tempest/tempest/lib/common/rest_client.py", line 762, in request
    self._error_checker(resp, resp_body)

      File "/opt/stack/tempest/tempest/lib/common/rest_client.py", line 877, in _error_checker
    raise exceptions.BadRequest(resp_body, resp=resp)

    tempest.lib.exceptions.BadRequest: Bad request
Details: {'code': 400, 'message': 'Invalid extra_spec: availability_zones: '}


Captured pythonlogging:
~~~~~~~~~~~~~~~~~~~~~~~
    2026-02-05 11:44:52,873 168298 INFO     [tempest.lib.common.rest_client] Request (ShareTypeAvailabilityZonesTest:test_share_type_azs_share_groups_az_in_create_req): 400 PUT http://10.132.46.216/share/v2/a3af5ffdfe9349e787bdf6e64c0cd797/types/c12270e8-0fc0-4bdc-ad5a-a03352729b51/extra_specs/availability_zones 0.017s
2026-02-05 11:44:52,873 168298 DEBUG    [tempest.lib.common.rest_client] Request - Headers: {'Content-Type': 'application/json', 'Accept': 'application/json', 'x-openstack-manila-api-version': '2.90', 'X-Auth-Token': '<omitted>'}
        Body: {"availability_zones": ""}
    Response - Headers: {'date': 'Thu, 05 Feb 2026 11:44:52 GMT', 'server': 'Apache/2.4.58 (Ubuntu)', 'x-openstack-manila-api-version': '2.90', 'vary': 'X-OpenStack-Manila-API-Version', 'content-length': '84', 'content-type': 'application/json', 'x-compute-request-id': 'req-38bf3fec-8a66-4044-9fb7-b09be1236b6a', 'x-openstack-request-id': 'req-38bf3fec-8a66-4044-9fb7-b09be1236b6a', 'connection': 'close', 'status': '400', 'content-location': 'http://10.132.46.216/share/v2/a3af5ffdfe9349e787bdf6e64c0cd797/types/c12270e8-0fc0-4bdc-ad5a-a03352729b51/extra_specs/availability_zones'}
        Body: b'{"badRequest": {"code": 400, "message": "Invalid extra_spec: availability_zones: "}}'

{3} manila_tempest_tests.tests.api.test_share_type_availability_zones.ShareTypeAvailabilityZonesTest.test_share_type_azs_shares_az_in_create_req_1_True [0.015803s] ... FAILED

Captured traceback:
~~~~~~~~~~~~~~~~~~~
    Traceback (most recent call last):

      File "/usr/lib/python3/dist-packages/ddt.py", line 220, in wrapper
    return func(self, *args, **kwargs)
           ^^^^^^^^^^^^^^^^^^^^^^^^^^^

      File "/opt/stack/tempest/manila-tempest-plugin/manila_tempest_tests/tests/api/test_share_type_availability_zones.py", line 121, in test_share_type_azs_shares_az_in_create_req
    self.******_shares_v2_client.update_share_type_extra_spec(

      File "/opt/stack/tempest/manila-tempest-plugin/manila_tempest_tests/services/share/v2/json/shares_client.py", line 729, in update_share_type_extra_spec
    resp, body = self.put(uri, post_body, version=version)
                 ^^^^^^^^^^^^^^^^^^^^^^^^^^^^^^^^^^^^^^^^^

      File "/opt/stack/tempest/manila-tempest-plugin/manila_tempest_tests/services/share/v2/json/shares_client.py", line 100, in put
    resp, body = super(SharesV2Client, self).put(url, body,
                 ^^^^^^^^^^^^^^^^^^^^^^^^^^^^^^^^^^^^^^^^^^

      File "/opt/stack/tempest/tempest/lib/common/rest_client.py", line 392, in put
    return self.request('PUT', url, extra_headers, headers, body, chunked)
           ^^^^^^^^^^^^^^^^^^^^^^^^^^^^^^^^^^^^^^^^^^^^^^^^^^^^^^^^^^^^^^^

      File "/opt/stack/tempest/tempest/lib/common/rest_client.py", line 762, in request
    self._error_checker(resp, resp_body)

      File "/opt/stack/tempest/tempest/lib/common/rest_client.py", line 877, in _error_checker
    raise exceptions.BadRequest(resp_body, resp=resp)

    tempest.lib.exceptions.BadRequest: Bad request
Details: {'code': 400, 'message': 'Invalid extra_spec: availability_zones: '}


Captured pythonlogging:
~~~~~~~~~~~~~~~~~~~~~~~
    2026-02-05 11:44:52,889 168298 INFO     [tempest.lib.common.rest_client] Request (ShareTypeAvailabilityZonesTest:test_share_type_azs_shares_az_in_create_req): 400 PUT http://10.132.46.216/share/v2/a3af5ffdfe9349e787bdf6e64c0cd797/types/c12270e8-0fc0-4bdc-ad5a-a03352729b51/extra_specs/availability_zones 0.013s
2026-02-05 11:44:52,889 168298 DEBUG    [tempest.lib.common.rest_client] Request - Headers: {'Content-Type': 'application/json', 'Accept': 'application/json', 'x-openstack-manila-api-version': '2.90', 'X-Auth-Token': '<omitted>'}
        Body: {"availability_zones": ""}
    Response - Headers: {'date': 'Thu, 05 Feb 2026 11:44:52 GMT', 'server': 'Apache/2.4.58 (Ubuntu)', 'x-openstack-manila-api-version': '2.90', 'vary': 'X-OpenStack-Manila-API-Version', 'content-length': '84', 'content-type': 'application/json', 'x-compute-request-id': 'req-11640ee3-fa32-406a-b23b-607cfca82255', 'x-openstack-request-id': 'req-11640ee3-fa32-406a-b23b-607cfca82255', 'connection': 'close', 'status': '400', 'content-location': 'http://10.132.46.216/share/v2/a3af5ffdfe9349e787bdf6e64c0cd797/types/c12270e8-0fc0-4bdc-ad5a-a03352729b51/extra_specs/availability_zones'}
        Body: b'{"badRequest": {"code": 400, "message": "Invalid extra_spec: availability_zones: "}}'

{3} manila_tempest_tests.tests.api.test_share_type_availability_zones.ShareTypeAvailabilityZonesTest.test_share_type_azs_shares_az_in_create_req_2_False [0.016605s] ... FAILED

Captured traceback:
~~~~~~~~~~~~~~~~~~~
    Traceback (most recent call last):

      File "/usr/lib/python3/dist-packages/ddt.py", line 220, in wrapper
    return func(self, *args, **kwargs)
           ^^^^^^^^^^^^^^^^^^^^^^^^^^^

      File "/opt/stack/tempest/manila-tempest-plugin/manila_tempest_tests/tests/api/test_share_type_availability_zones.py", line 121, in test_share_type_azs_shares_az_in_create_req
    self.******_shares_v2_client.update_share_type_extra_spec(

      File "/opt/stack/tempest/manila-tempest-plugin/manila_tempest_tests/services/share/v2/json/shares_client.py", line 729, in update_share_type_extra_spec
    resp, body = self.put(uri, post_body, version=version)
                 ^^^^^^^^^^^^^^^^^^^^^^^^^^^^^^^^^^^^^^^^^

      File "/opt/stack/tempest/manila-tempest-plugin/manila_tempest_tests/services/share/v2/json/shares_client.py", line 100, in put
    resp, body = super(SharesV2Client, self).put(url, body,
                 ^^^^^^^^^^^^^^^^^^^^^^^^^^^^^^^^^^^^^^^^^^

      File "/opt/stack/tempest/tempest/lib/common/rest_client.py", line 392, in put
    return self.request('PUT', url, extra_headers, headers, body, chunked)
           ^^^^^^^^^^^^^^^^^^^^^^^^^^^^^^^^^^^^^^^^^^^^^^^^^^^^^^^^^^^^^^^

      File "/opt/stack/tempest/tempest/lib/common/rest_client.py", line 762, in request
    self._error_checker(resp, resp_body)

      File "/opt/stack/tempest/tempest/lib/common/rest_client.py", line 877, in _error_checker
    raise exceptions.BadRequest(resp_body, resp=resp)

    tempest.lib.exceptions.BadRequest: Bad request
Details: {'code': 400, 'message': 'Invalid extra_spec: availability_zones: '}


Captured pythonlogging:
~~~~~~~~~~~~~~~~~~~~~~~
    2026-02-05 11:44:52,907 168298 INFO     [tempest.lib.common.rest_client] Request (ShareTypeAvailabilityZonesTest:test_share_type_azs_shares_az_in_create_req): 400 PUT http://10.132.46.216/share/v2/a3af5ffdfe9349e787bdf6e64c0cd797/types/c12270e8-0fc0-4bdc-ad5a-a03352729b51/extra_specs/availability_zones 0.014s
2026-02-05 11:44:52,908 168298 DEBUG    [tempest.lib.common.rest_client] Request - Headers: {'Content-Type': 'application/json', 'Accept': 'application/json', 'x-openstack-manila-api-version': '2.90', 'X-Auth-Token': '<omitted>'}
        Body: {"availability_zones": ""}
    Response - Headers: {'date': 'Thu, 05 Feb 2026 11:44:52 GMT', 'server': 'Apache/2.4.58 (Ubuntu)', 'x-openstack-manila-api-version': '2.90', 'vary': 'X-OpenStack-Manila-API-Version', 'content-length': '84', 'content-type': 'application/json', 'x-compute-request-id': 'req-09830448-ea1e-4545-96b8-7b74acecb59d', 'x-openstack-request-id': 'req-09830448-ea1e-4545-96b8-7b74acecb59d', 'connection': 'close', 'status': '400', 'content-location': 'http://10.132.46.216/share/v2/a3af5ffdfe9349e787bdf6e64c0cd797/types/c12270e8-0fc0-4bdc-ad5a-a03352729b51/extra_specs/availability_zones'}
        Body: b'{"badRequest": {"code": 400, "message": "Invalid extra_spec: availability_zones: "}}'

{0} setUpClass (manila_tempest_tests.tests.api.test_shares_actions.SharesRenameTest) [0.000000s] ... FAILED

Captured traceback:
~~~~~~~~~~~~~~~~~~~
    Traceback (most recent call last):

      File "/opt/stack/tempest/tempest/test.py", line 185, in setUpClass
    raise value.with_traceback(trace)

      File "/opt/stack/tempest/tempest/test.py", line 178, in setUpClass
    cls.resource_setup()

      File "/opt/stack/tempest/manila-tempest-plugin/manila_tempest_tests/tests/api/test_shares_actions.py", line 759, in resource_setup
    cls.share = cls.create_share(
                ^^^^^^^^^^^^^^^^^

      File "/opt/stack/tempest/manila-tempest-plugin/manila_tempest_tests/tests/api/base.py", line 411, in create_share
    result = cls.create_shares([{"args": args, "kwargs": kwargs}])
             ^^^^^^^^^^^^^^^^^^^^^^^^^^^^^^^^^^^^^^^^^^^^^^^^^^^^^

      File "/opt/stack/tempest/manila-tempest-plugin/manila_tempest_tests/tests/api/base.py", line 469, in create_shares
    waiters.wait_for_resource_status(

      File "/opt/stack/tempest/manila-tempest-plugin/manila_tempest_tests/common/waiters.py", line 109, in wait_for_resource_status
    raise resource_exception(resource_id=resource_id)

    manila_tempest_tests.share_exceptions.ShareBuildErrorException: Share 7d84d5df-8799-4284-9bd0-de7ecd24b19d failed to build and is in ERROR status

{0} manila_tempest_tests.tests.api.test_shares_negative.SharesAPIOnlyNegativeTest.test_create_share_non_existent_az [0.081963s] ... ok
{0} manila_tempest_tests.tests.api.test_shares_negative.SharesAPIOnlyNegativeTest.test_create_share_size_greater_than_specified_in_share_type [0.028189s] ... ok
{0} manila_tempest_tests.tests.api.test_shares_negative.SharesAPIOnlyNegativeTest.test_create_share_size_less_than_specified_in_share_type [0.018399s] ... ok
{0} manila_tempest_tests.tests.api.test_shares_negative.SharesAPIOnlyNegativeTest.test_create_share_with_invalid_protocol [0.015770s] ... ok
{0} manila_tempest_tests.tests.api.test_shares_negative.SharesAPIOnlyNegativeTest.test_create_share_with_invalid_size [0.014063s] ... ok
{0} manila_tempest_tests.tests.api.test_shares_negative.SharesAPIOnlyNegativeTest.test_create_share_with_out_passing_size [0.012459s] ... ok
{0} manila_tempest_tests.tests.api.test_shares_negative.SharesAPIOnlyNegativeTest.test_create_share_with_wrong_public_value [0.006926s] ... ok
{0} manila_tempest_tests.tests.api.test_shares_negative.SharesAPIOnlyNegativeTest.test_create_share_with_zero_size [0.012566s] ... ok
{0} manila_tempest_tests.tests.api.test_shares_negative.SharesAPIOnlyNegativeTest.test_create_snapshot_with_wrong_id ... SKIPPED: Snapshot tests are disabled.
{0} manila_tempest_tests.tests.api.test_shares_negative.SharesAPIOnlyNegativeTest.test_delete_share_with_wrong_id [0.012495s] ... ok
{0} manila_tempest_tests.tests.api.test_shares_negative.SharesAPIOnlyNegativeTest.test_delete_share_without_passing_share_id [0.005439s] ... ok
{0} manila_tempest_tests.tests.api.test_shares_negative.SharesAPIOnlyNegativeTest.test_delete_snapshot_with_wrong_id ... SKIPPED: Snapshot tests are disabled.
{0} manila_tempest_tests.tests.api.test_shares_negative.SharesAPIOnlyNegativeTest.test_get_share_with_wrong_id [0.013081s] ... ok
{0} manila_tempest_tests.tests.api.test_shares_negative.SharesAPIOnlyNegativeTest.test_get_share_without_passing_share_id [0.005644s] ... ok
{0} manila_tempest_tests.tests.api.test_shares_negative.SharesAPIOnlyNegativeTest.test_list_by_share_server_by_user [0.009116s] ... ok
{0} manila_tempest_tests.tests.api.test_shares_negative.SharesAPIOnlyNegativeTest.test_list_by_user_with_host_filter [0.008697s] ... ok
{0} manila_tempest_tests.tests.api.test_shares_negative.SharesAPIOnlyNegativeTest.test_list_shares_non******_with_nonexistent_share_server_filter [0.008735s] ... ok
{0} manila_tempest_tests.tests.api.test_shares_negative.SharesAPIOnlyNegativeTest.test_manage_share_by_user [0.006753s] ... ok
{0} manila_tempest_tests.tests.api.test_shares_negative.SharesAPIOnlyNegativeTest.test_unmanage_share_by_user [0.006829s] ... ok
{3} manila_tempest_tests.tests.api.test_share_type_availability_zones_negative.ShareTypeAvailabilityZonesNegativeTest.test_share_type_azs_create_with_invalid_az_spec_1_az1______az2__az_3___ [0.090779s] ... ok
{3} manila_tempest_tests.tests.api.test_share_type_availability_zones_negative.ShareTypeAvailabilityZonesNegativeTest.test_share_type_azs_create_with_invalid_az_spec_2_az1__az_3 [0.010828s] ... ok
{3} manila_tempest_tests.tests.api.test_share_type_availability_zones_negative.ShareTypeAvailabilityZonesNegativeTest.test_share_type_azs_create_with_invalid_az_spec_3__az2___az_3 [0.010233s] ... ok
{3} manila_tempest_tests.tests.api.test_share_type_availability_zones_negative.ShareTypeAvailabilityZonesNegativeTest.test_share_type_azs_filter_by_invalid_azs_extra_spec [0.016800s] ... FAILED

Captured traceback:
~~~~~~~~~~~~~~~~~~~
    Traceback (most recent call last):

      File "/opt/stack/tempest/manila-tempest-plugin/manila_tempest_tests/tests/api/test_share_type_availability_zones_negative.py", line 64, in test_share_type_azs_filter_by_invalid_azs_extra_spec
    self.******_shares_v2_client.update_share_type_extra_spec(

      File "/opt/stack/tempest/manila-tempest-plugin/manila_tempest_tests/services/share/v2/json/shares_client.py", line 729, in update_share_type_extra_spec
    resp, body = self.put(uri, post_body, version=version)
                 ^^^^^^^^^^^^^^^^^^^^^^^^^^^^^^^^^^^^^^^^^

      File "/opt/stack/tempest/manila-tempest-plugin/manila_tempest_tests/services/share/v2/json/shares_client.py", line 100, in put
    resp, body = super(SharesV2Client, self).put(url, body,
                 ^^^^^^^^^^^^^^^^^^^^^^^^^^^^^^^^^^^^^^^^^^

      File "/opt/stack/tempest/tempest/lib/common/rest_client.py", line 392, in put
    return self.request('PUT', url, extra_headers, headers, body, chunked)
           ^^^^^^^^^^^^^^^^^^^^^^^^^^^^^^^^^^^^^^^^^^^^^^^^^^^^^^^^^^^^^^^

      File "/opt/stack/tempest/tempest/lib/common/rest_client.py", line 762, in request
    self._error_checker(resp, resp_body)

      File "/opt/stack/tempest/tempest/lib/common/rest_client.py", line 877, in _error_checker
    raise exceptions.BadRequest(resp_body, resp=resp)

    tempest.lib.exceptions.BadRequest: Bad request
Details: {'code': 400, 'message': 'Invalid extra_spec: availability_zones: '}


Captured pythonlogging:
~~~~~~~~~~~~~~~~~~~~~~~
    2026-02-05 11:44:57,787 168298 INFO     [tempest.lib.common.rest_client] Request (ShareTypeAvailabilityZonesNegativeTest:test_share_type_azs_filter_by_invalid_azs_extra_spec): 400 PUT http://10.132.46.216/share/v2/7efc5fd760844f66b1be72ff283392f8/types/99755497-034a-4a42-82da-b25aa2c33d70/extra_specs/availability_zones 0.014s
2026-02-05 11:44:57,788 168298 DEBUG    [tempest.lib.common.rest_client] Request - Headers: {'Content-Type': 'application/json', 'Accept': 'application/json', 'x-openstack-manila-api-version': '2.90', 'X-Auth-Token': '<omitted>'}
        Body: {"availability_zones": ""}
    Response - Headers: {'date': 'Thu, 05 Feb 2026 11:44:57 GMT', 'server': 'Apache/2.4.58 (Ubuntu)', 'x-openstack-manila-api-version': '2.90', 'vary': 'X-OpenStack-Manila-API-Version', 'content-length': '84', 'content-type': 'application/json', 'x-compute-request-id': 'req-b134c198-cf0a-4e98-b43a-a775cfc1b2c7', 'x-openstack-request-id': 'req-b134c198-cf0a-4e98-b43a-a775cfc1b2c7', 'connection': 'close', 'status': '400', 'content-location': 'http://10.132.46.216/share/v2/7efc5fd760844f66b1be72ff283392f8/types/99755497-034a-4a42-82da-b25aa2c33d70/extra_specs/availability_zones'}
        Body: b'{"badRequest": {"code": 400, "message": "Invalid extra_spec: availability_zones: "}}'

{3} manila_tempest_tests.tests.api.test_share_type_availability_zones_negative.ShareTypeAvailabilityZonesNegativeTest.test_share_type_azs_share_groups_unsupported [0.024366s] ... FAILED

Captured traceback:
~~~~~~~~~~~~~~~~~~~
    Traceback (most recent call last):

      File "/opt/stack/tempest/manila-tempest-plugin/manila_tempest_tests/tests/api/test_share_type_availability_zones_negative.py", line 100, in test_share_type_azs_share_groups_unsupported
    availability_zone=self.valid_azs[0],
                      ~~~~~~~~~~~~~~^^^

    IndexError: list index out of range


Captured pythonlogging:
~~~~~~~~~~~~~~~~~~~~~~~
    2026-02-05 11:44:57,814 168298 INFO     [tempest.lib.common.rest_client] Request (ShareTypeAvailabilityZonesNegativeTest:test_share_type_azs_share_groups_unsupported): 200 PUT http://10.132.46.216/share/v2/7efc5fd760844f66b1be72ff283392f8/types/99755497-034a-4a42-82da-b25aa2c33d70/extra_specs/availability_zones 0.022s
2026-02-05 11:44:57,814 168298 DEBUG    [tempest.lib.common.rest_client] Request - Headers: {'Content-Type': 'application/json', 'Accept': 'application/json', 'x-openstack-manila-api-version': '2.90', 'X-Auth-Token': '<omitted>'}
        Body: {"availability_zones": "az_that_doesnt_exist"}
    Response - Headers: {'date': 'Thu, 05 Feb 2026 11:44:57 GMT', 'server': 'Apache/2.4.58 (Ubuntu)', 'content-type': 'application/json', 'content-length': '46', 'x-compute-request-id': 'req-85732352-d397-43f4-a6dc-0a401b95f0cc', 'x-openstack-manila-api-version': '2.90', 'vary': 'X-OpenStack-Manila-API-Version', 'x-openstack-request-id': 'req-85732352-d397-43f4-a6dc-0a401b95f0cc', 'connection': 'close', 'status': '200', 'content-location': 'http://10.132.46.216/share/v2/7efc5fd760844f66b1be72ff283392f8/types/99755497-034a-4a42-82da-b25aa2c33d70/extra_specs/availability_zones'}
        Body: b'{"availability_zones": "az_that_doesnt_exist"}'

{3} manila_tempest_tests.tests.api.test_share_type_availability_zones_negative.ShareTypeAvailabilityZonesNegativeTest.test_share_type_azs_shares_unsupported_az [0.019132s] ... FAILED

Captured traceback:
~~~~~~~~~~~~~~~~~~~
    Traceback (most recent call last):

      File "/opt/stack/tempest/manila-tempest-plugin/manila_tempest_tests/tests/api/test_share_type_availability_zones_negative.py", line 88, in test_share_type_azs_shares_unsupported_az
    availability_zone=self.valid_azs[0],
                      ~~~~~~~~~~~~~~^^^

    IndexError: list index out of range


Captured pythonlogging:
~~~~~~~~~~~~~~~~~~~~~~~
    2026-02-05 11:44:57,835 168298 INFO     [tempest.lib.common.rest_client] Request (ShareTypeAvailabilityZonesNegativeTest:test_share_type_azs_shares_unsupported_az): 200 PUT http://10.132.46.216/share/v2/7efc5fd760844f66b1be72ff283392f8/types/99755497-034a-4a42-82da-b25aa2c33d70/extra_specs/availability_zones 0.017s
2026-02-05 11:44:57,835 168298 DEBUG    [tempest.lib.common.rest_client] Request - Headers: {'Content-Type': 'application/json', 'Accept': 'application/json', 'x-openstack-manila-api-version': '2.90', 'X-Auth-Token': '<omitted>'}
        Body: {"availability_zones": "az_that_doesnt_exist"}
    Response - Headers: {'date': 'Thu, 05 Feb 2026 11:44:57 GMT', 'server': 'Apache/2.4.58 (Ubuntu)', 'content-type': 'application/json', 'content-length': '46', 'x-compute-request-id': 'req-70bfa260-3c06-4b68-8f9c-7969c04ea23e', 'x-openstack-manila-api-version': '2.90', 'vary': 'X-OpenStack-Manila-API-Version', 'x-openstack-request-id': 'req-70bfa260-3c06-4b68-8f9c-7969c04ea23e', 'connection': 'close', 'status': '200', 'content-location': 'http://10.132.46.216/share/v2/7efc5fd760844f66b1be72ff283392f8/types/99755497-034a-4a42-82da-b25aa2c33d70/extra_specs/availability_zones'}
        Body: b'{"availability_zones": "az_that_doesnt_exist"}'

{1} manila_tempest_tests.tests.api.******.test_user_messages_negative.UserMessageNegativeTest.test_show_nonexistent_message [6.582390s] ... ok
{2} manila_tempest_tests.tests.api.******.test_user_messages.UserMessageTest.test_list_messages [6.620941s] ... ok
{0} setUpClass (manila_tempest_tests.tests.api.test_snapshot_rules_negative.SnapshotIpRulesForNFSNegativeTest) ... SKIPPED: Snapshot tests are disabled.
{1} manila_tempest_tests.tests.api.test_availability_zones.AvailabilityZonesTest.test_list_availability_zones [0.175989s] ... ok
{1} manila_tempest_tests.tests.api.test_availability_zones.AvailabilityZonesTest.test_list_availability_zones_legacy_url_api_v1 [0.018808s] ... ok
{1} manila_tempest_tests.tests.api.test_availability_zones.AvailabilityZonesTest.test_list_availability_zones_legacy_url_api_v2 [0.014599s] ... ok
{1} setUpClass (manila_tempest_tests.tests.api.test_backup.ShareBackupTest) ... SKIPPED: Share backup tests are disabled.
{1} manila_tempest_tests.tests.api.test_extensions.ExtensionsTest.test_extensions [0.083620s] ... ok
{1} setUpClass (manila_tempest_tests.tests.api.test_metadata.SharesMetadataCEPHFSTest) ... SKIPPED: CEPHFS filesystem metadata tests are disabled for the cephfs protocol.
{1} setUpClass (manila_tempest_tests.tests.api.test_replication_export_locations_negative.ReplicationExportLocationsNegativeTest) ... SKIPPED: Replication tests are disabled.
{1} setUpClass (manila_tempest_tests.tests.api.test_revert_to_snapshot.RevertToSnapshotTest) ... SKIPPED: Revert to snapshot tests are disabled.
{1} setUpClass (manila_tempest_tests.tests.api.test_rules.ShareCertRulesForGLUSTERFSTest) ... SKIPPED: Cert rule tests for glusterfs protocol are disabled
{3} setUpClass (manila_tempest_tests.tests.api.test_shares_actions_negative.SharesActionsNegativeTest) [0.000000s] ... FAILED

Captured traceback:
~~~~~~~~~~~~~~~~~~~
    Traceback (most recent call last):

      File "/opt/stack/tempest/tempest/test.py", line 185, in setUpClass
    raise value.with_traceback(trace)

      File "/opt/stack/tempest/tempest/test.py", line 178, in setUpClass
    cls.resource_setup()

      File "/opt/stack/tempest/manila-tempest-plugin/manila_tempest_tests/tests/api/test_shares_actions_negative.py", line 47, in resource_setup
    cls.share = cls.create_share(
                ^^^^^^^^^^^^^^^^^

      File "/opt/stack/tempest/manila-tempest-plugin/manila_tempest_tests/tests/api/base.py", line 411, in create_share
    result = cls.create_shares([{"args": args, "kwargs": kwargs}])
             ^^^^^^^^^^^^^^^^^^^^^^^^^^^^^^^^^^^^^^^^^^^^^^^^^^^^^

      File "/opt/stack/tempest/manila-tempest-plugin/manila_tempest_tests/tests/api/base.py", line 469, in create_shares
    waiters.wait_for_resource_status(

      File "/opt/stack/tempest/manila-tempest-plugin/manila_tempest_tests/common/waiters.py", line 109, in wait_for_resource_status
    raise resource_exception(resource_id=resource_id)

    manila_tempest_tests.share_exceptions.ShareBuildErrorException: Share 9e69d03c-7627-49e3-94e0-a51cc356fb61 failed to build and is in ERROR status

{3} setUpClass (manila_tempest_tests.tests.api.test_shares_from_snapshot_across_pools.SharesFromSnapshotAcrossPools) ... SKIPPED: Create share from snapshot tests are disabled.
{3} setUpClass (manila_tempest_tests.tests.api.test_snapshot_metadata.ShareSnapshotMetadataTest) ... SKIPPED: Snapshot tests are disabled.
{3} setUpClass (manila_tempest_tests.tests.api.test_snapshot_rules.ShareSnapshotIpRulesForNFSTest) ... SKIPPED: Snapshot tests are disabled.
{3} setUpClass (manila_tempest_tests.tests.api.test_snapshot_rules.ShareSnapshotUserRulesForCIFSTest) ... SKIPPED: Mountable snapshots tests are disabled.
{2} manila_tempest_tests.tests.api.******.test_user_messages.UserMessageTest.test_list_messages_filtered [13.238364s] ... ok
{1} setUpClass (manila_tempest_tests.tests.api.test_rules.ShareRulesTest) [0.000000s] ... FAILED

Captured traceback:
~~~~~~~~~~~~~~~~~~~
    Traceback (most recent call last):

      File "/opt/stack/tempest/tempest/test.py", line 185, in setUpClass
    raise value.with_traceback(trace)

      File "/opt/stack/tempest/tempest/test.py", line 178, in setUpClass
    cls.resource_setup()

      File "/opt/stack/tempest/manila-tempest-plugin/manila_tempest_tests/tests/api/test_rules.py", line 476, in resource_setup
    cls.share = cls.create_share(share_type_id=cls.share_type_id)
                ^^^^^^^^^^^^^^^^^^^^^^^^^^^^^^^^^^^^^^^^^^^^^^^^^

      File "/opt/stack/tempest/manila-tempest-plugin/manila_tempest_tests/tests/api/base.py", line 411, in create_share
    result = cls.create_shares([{"args": args, "kwargs": kwargs}])
             ^^^^^^^^^^^^^^^^^^^^^^^^^^^^^^^^^^^^^^^^^^^^^^^^^^^^^

      File "/opt/stack/tempest/manila-tempest-plugin/manila_tempest_tests/tests/api/base.py", line 469, in create_shares
    waiters.wait_for_resource_status(

      File "/opt/stack/tempest/manila-tempest-plugin/manila_tempest_tests/common/waiters.py", line 109, in wait_for_resource_status
    raise resource_exception(resource_id=resource_id)

    manila_tempest_tests.share_exceptions.ShareBuildErrorException: Share 45aa9387-78b3-4520-9862-7400c9c37882 failed to build and is in ERROR status

{1} setUpClass (manila_tempest_tests.tests.api.test_rules_negative.ShareCephxRulesForCephFSNegativeTest) ... SKIPPED: CEPHX rule tests for cephfs protocol are disabled
{1} setUpClass (manila_tempest_tests.tests.api.test_rules_negative.ShareIpRulesForCIFSNegativeTest) ... SKIPPED: IP rule tests for cifs protocol are disabled
{1} setUpClass (manila_tempest_tests.tests.api.test_rules_negative.ShareIpRulesForNFSNegativeTest) [0.000000s] ... FAILED

Captured traceback:
~~~~~~~~~~~~~~~~~~~
    Traceback (most recent call last):

      File "/opt/stack/tempest/tempest/test.py", line 185, in setUpClass
    raise value.with_traceback(trace)

      File "/opt/stack/tempest/tempest/test.py", line 178, in setUpClass
    cls.resource_setup()

      File "/opt/stack/tempest/manila-tempest-plugin/manila_tempest_tests/tests/api/test_rules_negative.py", line 58, in resource_setup
    cls.share = cls.create_share(cls.protocol,
                ^^^^^^^^^^^^^^^^^^^^^^^^^^^^^^

      File "/opt/stack/tempest/manila-tempest-plugin/manila_tempest_tests/tests/api/base.py", line 411, in create_share
    result = cls.create_shares([{"args": args, "kwargs": kwargs}])
             ^^^^^^^^^^^^^^^^^^^^^^^^^^^^^^^^^^^^^^^^^^^^^^^^^^^^^

      File "/opt/stack/tempest/manila-tempest-plugin/manila_tempest_tests/tests/api/base.py", line 469, in create_shares
    waiters.wait_for_resource_status(

      File "/opt/stack/tempest/manila-tempest-plugin/manila_tempest_tests/common/waiters.py", line 109, in wait_for_resource_status
    raise resource_exception(resource_id=resource_id)

    manila_tempest_tests.share_exceptions.ShareBuildErrorException: Share c25ecf49-da68-4038-9ab6-6366933e019a failed to build and is in ERROR status

{2} manila_tempest_tests.tests.api.******.test_user_messages.UserMessageTest.test_list_messages_sorted_and_paginated [19.679521s] ... ok
{1} setUpClass (manila_tempest_tests.tests.api.test_rules_negative.ShareRulesNegativeTest) [0.000000s] ... FAILED

Captured traceback:
~~~~~~~~~~~~~~~~~~~
    Traceback (most recent call last):

      File "/opt/stack/tempest/tempest/test.py", line 185, in setUpClass
    raise value.with_traceback(trace)

      File "/opt/stack/tempest/tempest/test.py", line 178, in setUpClass
    cls.resource_setup()

      File "/opt/stack/tempest/manila-tempest-plugin/manila_tempest_tests/tests/api/test_rules_negative.py", line 612, in resource_setup
    cls.share = cls.create_share(share_type_id=cls.share_type_id)
                ^^^^^^^^^^^^^^^^^^^^^^^^^^^^^^^^^^^^^^^^^^^^^^^^^

      File "/opt/stack/tempest/manila-tempest-plugin/manila_tempest_tests/tests/api/base.py", line 411, in create_share
    result = cls.create_shares([{"args": args, "kwargs": kwargs}])
             ^^^^^^^^^^^^^^^^^^^^^^^^^^^^^^^^^^^^^^^^^^^^^^^^^^^^^

      File "/opt/stack/tempest/manila-tempest-plugin/manila_tempest_tests/tests/api/base.py", line 469, in create_shares
    waiters.wait_for_resource_status(

      File "/opt/stack/tempest/manila-tempest-plugin/manila_tempest_tests/common/waiters.py", line 109, in wait_for_resource_status
    raise resource_exception(resource_id=resource_id)

    manila_tempest_tests.share_exceptions.ShareBuildErrorException: Share 429bfea0-6f60-4ab9-a75a-991a7f317816 failed to build and is in ERROR status

{1} setUpClass (manila_tempest_tests.tests.api.test_share_group_actions.ShareGroupActionsTest) ... SKIPPED: Share Group tests disabled.
{1} manila_tempest_tests.tests.api.test_share_network_subnet_metadata.ShareNetworkSubnetMetadataTest.test_set_and_update_metadata_by_key [0.517217s] ... ok
{1} manila_tempest_tests.tests.api.test_share_network_subnet_metadata.ShareNetworkSubnetMetadataTest.test_set_get_delete_metadata [0.814273s] ... ok
{1} manila_tempest_tests.tests.api.test_share_network_subnet_metadata.ShareNetworkSubnetMetadataTest.test_set_metadata_in_subnet_creation [0.509403s] ... ok
{1} manila_tempest_tests.tests.api.test_share_network_subnet_metadata.ShareNetworkSubnetMetadataTest.test_set_metadata_key_already_exist [0.738640s] ... ok
{1} manila_tempest_tests.tests.api.test_share_network_subnet_metadata.ShareNetworkSubnetMetadataTest.test_set_metadata_max_size_key [0.087875s] ... ok
{1} manila_tempest_tests.tests.api.test_share_network_subnet_metadata.ShareNetworkSubnetMetadataTest.test_set_metadata_max_size_value [0.082757s] ... ok
{1} manila_tempest_tests.tests.api.test_share_network_subnet_metadata.ShareNetworkSubnetMetadataTest.test_set_metadata_min_size_key [0.087120s] ... ok
{1} manila_tempest_tests.tests.api.test_share_network_subnet_metadata.ShareNetworkSubnetMetadataTest.test_set_metadata_min_size_value [0.092990s] ... ok
{1} manila_tempest_tests.tests.api.test_share_network_subnet_metadata.ShareNetworkSubnetMetadataTest.test_set_metadata_not_delete_pre_metadata [0.837670s] ... ok
{1} manila_tempest_tests.tests.api.test_share_network_subnet_metadata.ShareNetworkSubnetMetadataTest.test_upd_metadata_max_size_key [0.221635s] ... ok
{1} manila_tempest_tests.tests.api.test_share_network_subnet_metadata.ShareNetworkSubnetMetadataTest.test_upd_metadata_max_size_value [0.127809s] ... ok
{1} manila_tempest_tests.tests.api.test_share_network_subnet_metadata.ShareNetworkSubnetMetadataTest.test_upd_metadata_min_size_key [0.123935s] ... ok
{1} manila_tempest_tests.tests.api.test_share_network_subnet_metadata.ShareNetworkSubnetMetadataTest.test_upd_metadata_min_size_value [0.144576s] ... ok
{1} manila_tempest_tests.tests.api.test_share_network_subnets.ShareNetworkSubnetsTest.test_create_delete_subnet [0.441147s] ... ok
{1} manila_tempest_tests.tests.api.test_share_network_subnets.ShareNetworkSubnetsTest.test_create_share_on_share_network_with_multiple_subnets_1_True ... SKIPPED: Only for multitenancy.
{1} manila_tempest_tests.tests.api.test_share_network_subnets.ShareNetworkSubnetsTest.test_create_share_on_share_network_with_multiple_subnets_2_False ... SKIPPED: Only for multitenancy.
{1} manila_tempest_tests.tests.api.test_share_network_subnets.ShareNetworkSubnetsTest.test_create_share_on_subnet_with_availability_zone ... SKIPPED: Only for multitenancy.
{1} manila_tempest_tests.tests.api.test_share_network_subnets.ShareNetworkSubnetsTest.test_show_share_network_subnet [0.415366s] ... ok
{2} manila_tempest_tests.tests.api.******.test_user_messages.UserMessageTest.test_list_messages_with_since_and_before_filters [13.163649s] ... ok
{1} manila_tempest_tests.tests.api.test_share_network_subnets_negative.ShareNetworkSubnetsNegativeTest.test_add_share_network_subnet_az_not_found [0.057278s] ... ok
{1} manila_tempest_tests.tests.api.test_share_network_subnets_negative.ShareNetworkSubnetsNegativeTest.test_add_share_network_subnet_in_same_az_exists_1_True ... SKIPPED: Skipped. Test requires microversion < than '2.70'.
{1} manila_tempest_tests.tests.api.test_share_network_subnets_negative.ShareNetworkSubnetsNegativeTest.test_add_share_network_subnet_in_same_az_exists_2_False ... SKIPPED: Skipped. Test requires microversion < than '2.70'.
{1} manila_tempest_tests.tests.api.test_share_network_subnets_negative.ShareNetworkSubnetsNegativeTest.test_add_share_network_subnet_missing_parameters [0.010536s] ... ok
{1} manila_tempest_tests.tests.api.test_share_network_subnets_negative.ShareNetworkSubnetsNegativeTest.test_add_share_network_subnet_share_network_not_found [0.026101s] ... ok
{1} manila_tempest_tests.tests.api.test_share_network_subnets_negative.ShareNetworkSubnetsNegativeTest.test_delete_contains_shares ... SKIPPED: Can run only with drivers that do handle share servers creation. Skipping.
{1} manila_tempest_tests.tests.api.test_share_network_subnets_negative.ShareNetworkSubnetsNegativeTest.test_delete_contains_unmanaged_share_servers ... SKIPPED: Can run only with drivers that do handle share servers creation. Skipping.
{1} manila_tempest_tests.tests.api.test_share_network_subnets_negative.ShareNetworkSubnetsNegativeTest.test_delete_subnet_not_found [0.033710s] ... ok
{1} manila_tempest_tests.tests.api.test_share_network_subnets_negative.ShareNetworkSubnetsNegativeTest.test_delete_subnet_share_network_not_found [0.025005s] ... ok
{1} manila_tempest_tests.tests.api.test_share_network_subnets_negative.ShareNetworkSubnetsNegativeTest.test_get_deleted_subnet [0.256571s] ... ok
{1} manila_tempest_tests.tests.api.test_share_network_subnets_negative.ShareNetworkSubnetsNegativeTest.test_show_subnet_not_found [0.044299s] ... ok
{1} manila_tempest_tests.tests.api.test_share_network_subnets_negative.ShareNetworkSubnetsNegativeTest.test_show_subnet_share_network_not_found [0.027258s] ... ok
{1} setUpClass (manila_tempest_tests.tests.api.test_shares.SharesCIFSTest) ... SKIPPED: cifs tests are disabled
{1} setUpClass (manila_tempest_tests.tests.api.test_shares.SharesHDFSTest) ... SKIPPED: hdfs tests are disabled
{1} manila_tempest_tests.tests.api.test_shares_negative.SharesNegativeTest.test_create_share_from_snap_with_different_share_network ... SKIPPED: Only for multitenancy.
{1} manila_tempest_tests.tests.api.test_shares_negative.SharesNegativeTest.test_create_share_from_snap_with_less_size ... SKIPPED: Snapshot tests are disabled.
{1} manila_tempest_tests.tests.api.test_shares_negative.SharesNegativeTest.test_create_share_with_nonexistant_share_network ... SKIPPED: Only for multitenancy.
{1} manila_tempest_tests.tests.api.test_shares_negative.SharesNegativeTest.test_try_delete_share_with_existing_snapshot ... SKIPPED: Snapshot tests are disabled.
{2} manila_tempest_tests.tests.api.******.test_user_messages.UserMessageTest.test_show_message [6.601084s] ... FAILED

Captured traceback:
~~~~~~~~~~~~~~~~~~~
    Traceback (most recent call last):

      File "/opt/stack/tempest/manila-tempest-plugin/manila_tempest_tests/tests/api/******/test_user_messages.py", line 102, in test_show_message
    self.assertEqual('001', message['action_id'])

      File "/usr/lib/python3/dist-packages/testtools/testcase.py", line 395, in assertEqual
    self.assertThat(observed, matcher, message)

      File "/usr/lib/python3/dist-packages/testtools/testcase.py", line 482, in assertThat
    raise mismatch_error

    testtools.matchers._impl.MismatchError: '001' != '002'


Captured pythonlogging:
~~~~~~~~~~~~~~~~~~~~~~~
    2026-02-05 11:45:44,819 168296 INFO     [tempest.lib.common.rest_client] Request (UserMessageTest:setUp): 200 POST http://10.132.46.216/share/v2/bef00f246a6b40c18353764bf15a42f5/types 0.022s
2026-02-05 11:45:44,820 168296 DEBUG    [tempest.lib.common.rest_client] Request - Headers: {'Content-Type': 'application/json', 'Accept': 'application/json', 'x-openstack-manila-api-version': '2.90', 'X-Auth-Token': '<omitted>'}
        Body: {"share_type": {"name": "tempest-share-type-1736857653", "extra_specs": {"driver_handles_share_servers": false, "vendor_name": "foobar"}, "share_type_access:is_public": true}}
    Response - Headers: {'date': 'Thu, 05 Feb 2026 11:45:44 GMT', 'server': 'Apache/2.4.58 (Ubuntu)', 'content-type': 'application/json', 'content-length': '661', 'x-compute-request-id': 'req-bef21949-6793-4c9f-894c-88c67344124c', 'x-openstack-manila-api-version': '2.90', 'vary': 'X-OpenStack-Manila-API-Version', 'x-openstack-request-id': 'req-bef21949-6793-4c9f-894c-88c67344124c', 'connection': 'close', 'status': '200', 'content-location': 'http://10.132.46.216/share/v2/bef00f246a6b40c18353764bf15a42f5/types'}
        Body: b'{"volume_type": {"id": "0a7b0789-f9b1-431c-8b96-ea06d15db600", "name": "tempest-share-type-1736857653", "extra_specs": {"driver_handles_share_servers": "False", "vendor_name": "foobar"}, "required_extra_specs": {"driver_handles_share_servers": false}, "share_type_access:is_public": true, "description": null, "is_default": false}, "share_type": {"id": "0a7b0789-f9b1-431c-8b96-ea06d15db600", "name": "tempest-share-type-1736857653", "extra_specs": {"driver_handles_share_servers": "False", "vendor_name": "foobar"}, "required_extra_specs": {"driver_handles_share_servers": false}, "share_type_access:is_public": true, "description": null, "is_default": false}}'
2026-02-05 11:45:44,989 168296 INFO     [tempest.lib.common.rest_client] Request (UserMessageTest:setUp): 200 POST http://10.132.46.216/share/v2/bef00f246a6b40c18353764bf15a42f5/shares 0.168s
2026-02-05 11:45:44,989 168296 DEBUG    [tempest.lib.common.rest_client] Request - Headers: {'Content-Type': 'application/json', 'Accept': 'application/json', 'x-openstack-manila-api-version': '2.90', 'X-Auth-Token': '<omitted>'}
        Body: {"share": {"share_proto": "nfs", "description": "tempest-tempest-created-share-desc-1558578916", "snapshot_id": null, "name": "tempest-tempest-created-share-1021857289", "size": 1, "metadata": {}, "is_public": false, "share_type": "0a7b0789-f9b1-431c-8b96-ea06d15db600"}}
    Response - Headers: {'date': 'Thu, 05 Feb 2026 11:45:44 GMT', 'server': 'Apache/2.4.58 (Ubuntu)', 'content-type': 'application/json', 'content-length': '1401', 'x-compute-request-id': 'req-d860977b-18be-4c9c-bfd6-f9fde7323b29', 'x-openstack-manila-api-version': '2.90', 'vary': 'X-OpenStack-Manila-API-Version', 'x-openstack-request-id': 'req-d860977b-18be-4c9c-bfd6-f9fde7323b29', 'connection': 'close', 'status': '200', 'content-location': 'http://10.132.46.216/share/v2/bef00f246a6b40c18353764bf15a42f5/shares'}
        Body: b'{"share": {"id": "ea95163f-a676-40c1-927c-aa14a5aedde1", "size": 1, "availability_zone": null, "created_at": "2026-02-05T11:45:44.883792", "status": "creating", "name": "tempest-tempest-created-share-1021857289", "description": "tempest-tempest-created-share-desc-1558578916", "project_id": "bef00f246a6b40c18353764bf15a42f5", "snapshot_id": null, "share_network_id": null, "share_proto": "NFS", "metadata": {}, "share_type": "0a7b0789-f9b1-431c-8b96-ea06d15db600", "volume_type": "tempest-share-type-1736857653", "links": [{"rel": "self", "href": "http://10.132.46.216/share/v2/bef00f246a6b40c18353764bf15a42f5/shares/ea95163f-a676-40c1-927c-aa14a5aedde1"}, {"rel": "bookmark", "href": "http://10.132.46.216/share/bef00f246a6b40c18353764bf15a42f5/shares/ea95163f-a676-40c1-927c-aa14a5aedde1"}], "is_public": false, "snapshot_support": false, "task_state": null, "share_type_name": "tempest-share-type-1736857653", "access_rules_status": "active", "replication_type": null, "has_replicas": false, "user_id": "ab58629c92b64f7b844c06bfce660cb3", "c
    reate_share_from_snapshot_support": false, "revert_to_snapshot_support": false, "share_group_id": null, "source_share_group_snapshot_member_id": null, "mount_snapshot_support": false, "progress": null, "is_soft_deleted": false, "scheduled_to_be_deleted_at": null, "source_backup_id": null, "encryption_key_ref": null, "share_server_id": null, "host": ""}}'
2026-02-05 11:45:45,029 168296 INFO     [tempest.lib.common.rest_client] Request (UserMessageTest:setUp): 200 GET http://10.132.46.216/share/v2/bef00f246a6b40c18353764bf15a42f5/shares/ea95163f-a676-40c1-927c-aa14a5aedde1 0.039s
2026-02-05 11:45:45,029 168296 DEBUG    [tempest.lib.common.rest_client] Request - Headers: {'Content-Type': 'application/json', 'Accept': 'application/json', 'x-openstack-manila-api-version': '2.90', 'X-Auth-Token': '<omitted>'}
        Body: None
    Response - Headers: {'date': 'Thu, 05 Feb 2026 11:45:44 GMT', 'server': 'Apache/2.4.58 (Ubuntu)', 'content-type': 'application/json', 'content-length': '1401', 'x-compute-request-id': 'req-72a17607-fe99-41f3-a9f9-f47990f3687d', 'x-openstack-manila-api-version': '2.90', 'vary': 'X-OpenStack-Manila-API-Version', 'x-openstack-request-id': 'req-72a17607-fe99-41f3-a9f9-f47990f3687d', 'connection': 'close', 'status': '200', 'content-location': 'http://10.132.46.216/share/v2/bef00f246a6b40c18353764bf15a42f5/shares/ea95163f-a676-40c1-927c-aa14a5aedde1'}
        Body: b'{"share": {"id": "ea95163f-a676-40c1-927c-aa14a5aedde1", "size": 1, "availability_zone": null, "created_at": "2026-02-05T11:45:44.883792", "status": "creating", "name": "tempest-tempest-created-share-1021857289", "description": "tempest-tempest-created-share-desc-1558578916", "project_id": "bef00f246a6b40c18353764bf15a42f5", "snapshot_id": null, "share_network_id": null, "share_proto": "NFS", "metadata": {}, "share_type": "0a7b0789-f9b1-431c-8b96-ea06d15db600", "volume_type": "tempest-share-type-1736857653", "links": [{"rel": "self", "href": "http://10.132.46.216/share/v2/bef00f246a6b40c18353764bf15a42f5/shares/ea95163f-a676-40c1-927c-aa14a5aedde1"}, {"rel": "bookmark", "href": "http://10.132.46.216/share/bef00f246a6b40c18353764bf15a42f5/shares/ea95163f-a676-40c1-927c-aa14a5aedde1"}], "is_public": false, "snapshot_support": false, "task_state": null, "share_type_name": "tempest-share-type-1736857653", "access_rules_status": "active", "replication_type": null, "has_replicas": false, "user_id": "ab58629c92b64f7b844c06bfce660cb3", "create_share_from_snapshot_support": false, "revert_to_snapshot_support": false, "share_group_id": null, "source_share_group_snapshot_member_id": null, "mount_snapshot_support": false, "progress": null, "is_soft_deleted": false, "scheduled_to_be_deleted_at": null, "source_backup_id": null, "encryption_key_ref": null, "share_server_id": null, "host": ""}}'
2026-02-05 11:45:48,066 168296 INFO     [tempest.lib.common.rest_client] Request (UserMessageTest:setUp): 200 GET http://10.132.46.216/share/v2/bef00f246a6b40c18353764bf15a42f5/shares/ea95163f-a676-40c1-927c-aa14a5aedde1 0.036s
2026-02-05 11:45:48,067 168296 DEBUG    [tempest.lib.common.rest_client] Request - Headers: {'Content-Type': 'application/json', 'Accept': 'application/json', 'x-openstack-manila-api-version': '2.90', 'X-Auth-Token': '<omitted>'}
        Body: None
    Response - Headers: {'date': 'Thu, 05 Feb 2026 11:45:48 GMT', 'server': 'Apache/2.4.58 (Ubuntu)', 'content-type': 'application/json', 'content-length': '1398', 'x-compute-request-id': 'req-b945eec1-c36b-4cf4-a467-6445e173fad8', 'x-openstack-manila-api-version': '2.90', 'vary': 'X-OpenStack-Manila-API-Version', 'x-openstack-request-id': 'req-b945eec1-c36b-4cf4-a467-6445e173fad8', 'connection': 'close', 'status': '200', 'content-location': 'http://10.132.46.216/share/v2/bef00f246a6b40c18353764bf15a42f5/shares/ea95163f-a676-40c1-927c-aa14a5aedde1'}
        Body: b'{"share": {"id": "ea95163f-a676-40c1-927c-aa14a5aedde1", "size": 1, "availability_zone": null, "created_at": "2026-02-05T11:45:44.883792", "status": "error", "name": "tempest-tempest-created-share-1021857289", "description": "tempest-temp
    est-created-share-desc-1558578916", "project_id": "bef00f246a6b40c18353764bf15a42f5", "snapshot_id": null, "share_network_id": null, "share_proto": "NFS", "metadata": {}, "share_type": "0a7b0789-f9b1-431c-8b96-ea06d15db600", "volume_type": "tempest-share-type-1736857653", "links": [{"rel": "self", "href": "http://10.132.46.216/share/v2/bef00f246a6b40c18353764bf15a42f5/shares/ea95163f-a676-40c1-927c-aa14a5aedde1"}, {"rel": "bookmark", "href": "http://10.132.46.216/share/bef00f246a6b40c18353764bf15a42f5/shares/ea95163f-a676-40c1-927c-aa14a5aedde1"}], "is_public": false, "snapshot_support": false, "task_state": null, "share_type_name": "tempest-share-type-1736857653", "access_rules_status": "active", "replication_type": null, "has_replicas": false, "user_id": "ab58629c92b64f7b844c06bfce660cb3", "create_share_from_snapshot_support": false, "revert_to_snapshot_support": false, "share_group_id": null, "source_share_group_snapshot_member_id": null, "mount_snapshot_support": false, "progress": null, "is_soft_deleted": false, "scheduled_to_be_deleted_at": null, "source_backup_id": null, "encryption_key_ref": null, "share_server_id": null, "host": ""}}'
2026-02-05 11:45:51,105 168296 INFO     [tempest.lib.common.rest_client] Request (UserMessageTest:setUp): 200 GET http://10.132.46.216/share/v2/bef00f246a6b40c18353764bf15a42f5/messages 0.037s
2026-02-05 11:45:51,105 168296 DEBUG    [tempest.lib.common.rest_client] Request - Headers: {'Content-Type': 'application/json', 'Accept': 'application/json', 'x-openstack-manila-api-version': '2.90', 'X-Auth-Token': '<omitted>'}
        Body: None
    Response - Headers: {'date': 'Thu, 05 Feb 2026 11:45:51 GMT', 'server': 'Apache/2.4.58 (Ubuntu)', 'content-type': 'application/json', 'content-length': '41294', 'x-compute-request-id': 'req-c130c654-e749-4be4-8626-48ef40a97055', 'x-openstack-manila-api-version': '2.90', 'vary': 'X-OpenStack-Manila-API-Version', 'x-openstack-request-id': 'req-c130c654-e749-4be4-8626-48ef40a97055', 'connection': 'close', 'status': '200', 'content-location': 'http://10.132.46.216/share/v2/bef00f246a6b40c18353764bf15a42f5/messages'}
        Body: b'{"messages": [{"id": "de4365bb-2c47-4cc8-a162-75ad8ac1fffb", "project_id": "bef00f246a6b40c18353764bf15a42f5", "action_id": "002", "detail_id": "028", "message_level": "ERROR", "created_at": "2026-02-05T11:45:44.984683", "expires_at": "2026-03-07T11:45:45.000000", "request_id": "req-d860977b-18be-4c9c-bfd6-f9fde7323b29", "links": [{"rel": "self", "href": "http://10.132.46.216/share/v2/bef00f246a6b40c18353764bf15a42f5/messages/de4365bb-2c47-4cc8-a162-75ad8ac1fffb"}, {"rel": "bookmark", "href": "http://10.132.46.216/share/bef00f246a6b40c18353764bf15a42f5/messages/de4365bb-2c47-4cc8-a162-75ad8ac1fffb"}], "resource_type": "SHARE", "resource_id": "ea95163f-a676-40c1-927c-aa14a5aedde1", "user_message": "create: No storage could be allocated for this share request. Share back end services are not ready yet. Contact your ******istrator in case retrying does not help."}, {"id": "df0cc2e1-d63f-4d47-9308-91a5c5bb1f04", "project_id": "bef00f246a6b40c18353764bf15a42f5", "action_id": "002", "detail_id": "028", "message_level": "ERROR", "created_at": "2026-02-05T11:45:38.146744", "expires_at": "2026-03-07T11:45:38.000000", "request_id": "req-046e9554-c592-4b7a-8dee-85d6414a9633", "links": [{"rel": "self", "href": "http://10.132.46.216/share/v2/bef00f246a6b40c18353764bf15a42f5/messages/df0cc2e1-d63f-4d47-9308-91a5c5bb1f04"}, {"rel": "bookmark", "href": "http://10.132.46.216/share/bef00f246a6b40c18353764bf15a42f5/messages/df0cc2e1-d63f-4d47-9308-91a5c5bb1f04"}], "resource_type": "SHARE", "resource_id": "3afc62e2-6e41-43a6-99a7-1a6fc6f93ccb", "user_message": "create: No storage could be allocated for this share request. Share back end services are not ready yet. Contact your ******istrator in case retrying does not help."}, {"id": "50bcfddf-404d-4bf1-81f3-7ad582fd2bbd", "project_id": "bef00f246a6b40c18353764bf15a42f5", "action_id": "002", "detail_id": "028", "message_level": "ERROR", "created_at": "2026-02-05T11:45:31.821016", "expires_at":
     "2026-03-07T11:45:32.000000", "request_id": "req-9f558ca0-84a2-4244-8123-a7def368e96f", "links": [{"rel": "self", "href": "http://10.132.46.216/share/v2/bef00f246a6b40c18353764bf15a42f5/messages/50bcfddf-404d-4bf1-81f3-7ad582fd2bbd"}, {"rel": "bookmark", "href": "http://10.132.46.216/share/bef00f246a6b40c18353764bf15a42f5/messages/50bcfddf-404d-4bf1-81f3-7ad582fd2bbd"}], "resource_type": "SHARE", "resource_id": "c3fb7ce4-2a9a-414a-bc8c-a0e994aa4025", "user_message": "create: No storage could be allocated for this share request. Share back end services are not ready yet. Contact your ******istrator in case retrying does not help."}, {"id": "866a8327-c870-483e-96cd-932ba09a93e8", "project_id": "6973054e033a479caf574da508b33bf6", "action_id": "002", "detail_id": "028", "message_level": "ERROR", "created_at": "2026-02-05T11:45:26.661744", "expires_at": "2026-03-07T11:45:27.000000", "request_id": "req-4d53889f-16e4-4250-bd3c-bf071169ef84", "links": [{"rel": "self", "href": "http://10.132.46.216/share/v2/bef00f246a6b40c18353764bf15a42f5/messages/866a8327-c870-483e-96cd-932ba09a93e8"}, {"rel": "bookmark", "href": "http://10.132.46.216/share/bef00f246a6b40c18353764bf15a42f5/messages/866a8327-c870-483e-96cd-932ba09a93e8"}], "resource_type": "SHARE", "resource_id": "429bfea0-6f60-4ab9-a75a-991a7f317816", "user_message": "create: No storage could be allocated for this share request. Share back end services are not ready yet. Contact your ******istrator in case retrying does not help."}, {"id": "469802a1-f6d3-48f2-a1e3-e5d8e552d18d", "project_id": "bef00f246a6b40c18353764bf15a42f5", "action_id": "002", "detail_id": "028", "message_level": "ERROR", "created_at": "2026-02-05T11:45:24.822208", "expires_at": "2026-03-07T11:45:25.000000", "request_id": "req-ac880f55-019e-4506-9f34-bf67252f02ac", "links": [{"rel": "self", "href": "http://10.132.46.216/share/v2/bef00f246a6b40c18353764bf15a42f5/messages/469802a1-f6d3-48f2-a1e3-e5d8e552d18d"}, {"rel": "bookmark", "href": "http://10.132.46.216/share/bef00f246a6b40c18353764bf15a42f5/messages/469802a1-f6d3-48f2-a1e3-e5d8e552d18d"}], "resource_type": "SHARE", "resource_id": "8d5
2026-02-05 11:45:51,121 168296 INFO     [tempest.lib.common.rest_client] Request (UserMessageTest:test_show_message): 200 GET http://10.132.46.216/share/v2/bef00f246a6b40c18353764bf15a42f5/messages/de4365bb-2c47-4cc8-a162-75ad8ac1fffb 0.014s
2026-02-05 11:45:51,121 168296 DEBUG    [tempest.lib.common.rest_client] Request - Headers: {'Content-Type': 'application/json', 'Accept': 'application/json', 'x-openstack-manila-api-version': '2.90', 'X-Auth-Token': '<omitted>'}
        Body: None
    Response - Headers: {'date': 'Thu, 05 Feb 2026 11:45:51 GMT', 'server': 'Apache/2.4.58 (Ubuntu)', 'content-type': 'application/json', 'content-length': '871', 'x-compute-request-id': 'req-fd6a1a9a-7aa6-4231-96a8-7f6eaf0121ae', 'x-openstack-manila-api-version': '2.90', 'vary': 'X-OpenStack-Manila-API-Version', 'x-openstack-request-id': 'req-fd6a1a9a-7aa6-4231-96a8-7f6eaf0121ae', 'connection': 'close', 'status': '200', 'content-location': 'http://10.132.46.216/share/v2/bef00f246a6b40c18353764bf15a42f5/messages/de4365bb-2c47-4cc8-a162-75ad8ac1fffb'}
        Body: b'{"message": {"id": "de4365bb-2c47-4cc8-a162-75ad8ac1fffb", "project_id": "bef00f246a6b40c18353764bf15a42f5", "action_id": "002", "detail_id": "028", "message_level": "ERROR", "created_at": "2026-02-05T11:45:44.984683", "expires_at": "2026-03-07T11:45:45.000000", "request_id": "req-d860977b-18be-4c9c-bfd6-f9fde7323b29", "links": [{"rel": "self", "href": "http://10.132.46.216/share/v2/bef00f246a6b40c18353764bf15a42f5/messages/de4365bb-2c47-4cc8-a162-75ad8ac1fffb"}, {"rel": "bookmark", "href": "http://10.132.46.216/share/bef00f246a6b40c18353764bf15a42f5/messages/de4365bb-2c47-4cc8-a162-75ad8ac1fffb"}], "resource_type": "SHARE", "resource_id": "ea95163f-a676-40c1-927c-aa14a5aedde1", "user_message": "create: No storage could be allocated for this share request. Share back end services are not ready yet. Contact your ******istrator in case retrying does not help."}}'
2026-02-05 11:45:5
    1,159 168296 INFO     [tempest.lib.common.rest_client] Request (UserMessageTest:_run_cleanups): 204 DELETE http://10.132.46.216/share/v2/bef00f246a6b40c18353764bf15a42f5/messages/de4365bb-2c47-4cc8-a162-75ad8ac1fffb 0.020s
2026-02-05 11:45:51,160 168296 DEBUG    [tempest.lib.common.rest_client] Request - Headers: {'Content-Type': 'application/json', 'Accept': 'application/json', 'x-openstack-manila-api-version': '2.90', 'X-Auth-Token': '<omitted>'}
        Body: None
    Response - Headers: {'date': 'Thu, 05 Feb 2026 11:45:51 GMT', 'server': 'Apache/2.4.58 (Ubuntu)', 'content-type': 'text/html; charset=UTF-8', 'x-compute-request-id': 'req-7ccf2994-697a-46ab-8731-8049e9d8449e', 'x-openstack-manila-api-version': '2.90', 'vary': 'X-OpenStack-Manila-API-Version', 'x-openstack-request-id': 'req-7ccf2994-697a-46ab-8731-8049e9d8449e', 'connection': 'close', 'status': '204', 'content-location': 'http://10.132.46.216/share/v2/bef00f246a6b40c18353764bf15a42f5/messages/de4365bb-2c47-4cc8-a162-75ad8ac1fffb'}
        Body: b''
2026-02-05 11:45:51,397 168296 INFO     [tempest.lib.common.rest_client] Request (UserMessageTest:_run_cleanups): 202 DELETE http://10.132.46.216/share/v2/bef00f246a6b40c18353764bf15a42f5/shares/ea95163f-a676-40c1-927c-aa14a5aedde1 0.236s
2026-02-05 11:45:51,397 168296 DEBUG    [tempest.lib.common.rest_client] Request - Headers: {'Content-Type': 'application/json', 'Accept': 'application/json', 'x-openstack-manila-api-version': '2.90', 'X-Auth-Token': '<omitted>'}
        Body: None
    Response - Headers: {'date': 'Thu, 05 Feb 2026 11:45:51 GMT', 'server': 'Apache/2.4.58 (Ubuntu)', 'content-length': '0', 'content-type': 'text/html; charset=UTF-8', 'x-compute-request-id': 'req-c942de4a-a1a8-45e4-9212-4ddadbb39035', 'x-openstack-manila-api-version': '2.90', 'vary': 'X-OpenStack-Manila-API-Version', 'x-openstack-request-id': 'req-c942de4a-a1a8-45e4-9212-4ddadbb39035', 'connection': 'close', 'status': '202', 'content-location': 'http://10.132.46.216/share/v2/bef00f246a6b40c18353764bf15a42f5/shares/ea95163f-a676-40c1-927c-aa14a5aedde1'}
        Body: b''

{2} setUpClass (manila_tempest_tests.tests.api.test_backup_negative.ShareBackupNegativeTest) ... SKIPPED: Share backup tests are disabled.
{2} setUpClass (manila_tempest_tests.tests.api.test_metadata_negative.SharesMetadataNegativeTest) [0.000000s] ... FAILED

Captured traceback:
~~~~~~~~~~~~~~~~~~~
    Traceback (most recent call last):

      File "/opt/stack/tempest/tempest/test.py", line 185, in setUpClass
    raise value.with_traceback(trace)

      File "/opt/stack/tempest/tempest/test.py", line 178, in setUpClass
    cls.resource_setup()

      File "/opt/stack/tempest/manila-tempest-plugin/manila_tempest_tests/tests/api/test_metadata_negative.py", line 58, in resource_setup
    cls.share = cls.create_share(share_type_id=cls.share_type_id)
                ^^^^^^^^^^^^^^^^^^^^^^^^^^^^^^^^^^^^^^^^^^^^^^^^^

      File "/opt/stack/tempest/manila-tempest-plugin/manila_tempest_tests/tests/api/base.py", line 411, in create_share
    result = cls.create_shares([{"args": args, "kwargs": kwargs}])
             ^^^^^^^^^^^^^^^^^^^^^^^^^^^^^^^^^^^^^^^^^^^^^^^^^^^^^

      File "/opt/stack/tempest/manila-tempest-plugin/manila_tempest_tests/tests/api/base.py", line 469, in create_shares
    waiters.wait_for_resource_status(

      File "/opt/stack/tempest/manila-tempest-plugin/manila_tempest_tests/common/waiters.py", line 109, in wait_for_resource_status
    raise resource_exception(resource_id=resource_id)

    manila_tempest_tests.share_exceptions.ShareBuildErrorException: Share 6446f165-da09-4064-ad56-7c202b7d7a51 failed to build and is in ERROR status

{2} setUpClass (manila_tempest_tests.tests.api.test_public_shares_negative.PublicSharesNegativeTest) [0.000000s] ... FAILED

Captured traceback:
~~~~~~~~~~~~~~~~~~~
    Traceback (most recent call last):

      File "/opt/stack/tempest/tempest/test.py", line 185, in setUpClass
    raise value.with_traceback(trace)

      File "/opt/stack/tempest/tempest/test.py", line 178, in setUpClass
    cls.resource_setup()

      File "/opt/stack/tempest/manila-tempest-plugin/manila_tempest_tests/tests/api/test_public_shares_negative.py", line 30, in resource_setup
    cls.share = cls.create_share(
                ^^^^^^^^^^^^^^^^^

      File "/opt/stack/tempest/manila-tempest-plugin/manila_tempest_tests/tests/api/base.py", line 411, in create_share
    result = cls.create_shares([{"args": args, "kwargs": kwargs}])
             ^^^^^^^^^^^^^^^^^^^^^^^^^^^^^^^^^^^^^^^^^^^^^^^^^^^^^

      File "/opt/stack/tempest/manila-tempest-plugin/manila_tempest_tests/tests/api/base.py", line 469, in create_shares
    waiters.wait_for_resource_status(

      File "/opt/stack/tempest/manila-tempest-plugin/manila_tempest_tests/common/waiters.py", line 109, in wait_for_resource_status
    raise resource_exception(resource_id=resource_id)

    manila_tempest_tests.share_exceptions.ShareBuildErrorException: Share 14c5a023-e945-4648-892f-ca840ce65429 failed to build and is in ERROR status

{2} manila_tempest_tests.tests.api.test_quotas_negative.SharesQuotasNegativeTest.test_get_quotas_detail_with_wrong_version_1_2_6 [0.087190s] ... ok
{2} manila_tempest_tests.tests.api.test_quotas_negative.SharesQuotasNegativeTest.test_get_quotas_detail_with_wrong_version_2_2_7 [0.009696s] ... ok
{2} manila_tempest_tests.tests.api.test_quotas_negative.SharesQuotasNegativeTest.test_get_quotas_detail_with_wrong_version_3_2_24 [0.012315s] ... ok
{2} manila_tempest_tests.tests.api.test_quotas_negative.SharesQuotasNegativeTest.test_get_quotas_with_empty_tenant_id [0.006823s] ... ok
{2} manila_tempest_tests.tests.api.test_quotas_negative.SharesQuotasNegativeTest.test_try_reset_quotas_with_user [0.009491s] ... ok
{2} manila_tempest_tests.tests.api.test_quotas_negative.SharesQuotasNegativeTest.test_try_update_quotas_with_user [0.007755s] ... ok
{2} manila_tempest_tests.tests.api.test_resource_locks.ResourceLockDeleteTest.test_delete_lock [3.347724s] ... FAILED

Captured traceback:
~~~~~~~~~~~~~~~~~~~
    Traceback (most recent call last):

      File "/opt/stack/tempest/manila-tempest-plugin/manila_tempest_tests/tests/api/test_resource_locks.py", line 242, in test_delete_lock
    share = self.create_share(share_type_id=self.share_type_id)
            ^^^^^^^^^^^^^^^^^^^^^^^^^^^^^^^^^^^^^^^^^^^^^^^^^^^

      File "/opt/stack/tempest/manila-tempest-plugin/manila_tempest_tests/tests/api/base.py", line 411, in create_share
    result = cls.create_shares([{"args": args, "kwargs": kwargs}])
             ^^^^^^^^^^^^^^^^^^^^^^^^^^^^^^^^^^^^^^^^^^^^^^^^^^^^^

      File "/opt/stack/tempest/manila-tempest-plugin/manila_tempest_tests/tests/api/base.py", line 469, in create_shares
    waiters.wait_for_resource_status(

      File "/opt/stack/tempest/manila-tempest-plugin/manila_tempest_tests/common/waiters.py", line 109, in wait_for_resource_status
    raise resource_exception(resource_id=resource_id)

    manila_tempest_tests.share_exceptions.ShareBuildErrorException: Share 6b759912-ab75-4327-8880-de97b52f016e failed to build and is in ERROR status


Captured pythonlogging:
~~~~~~~~~~~~~~~~~~~~~~~
    2026-02-05 11:46:11,718 168296 INFO     [tempest.lib.common.rest_client] Request (ResourceLockDeleteTest:test_delete_lock): 200 POST http://10.132.46.216/share/v2/d430d4445a264763847f4ef524b1c6bd/shares 0.275s
2026-02-05 11:46:11,718 168296 DEBUG    [tempest.lib.common.rest_client] Request - Headers: {'Content-Type': 'application/json', 'Accept': 'application/json', 'x-openstack-manila-api-version': '2.90', 'X-Auth-Token': '<omitted>'}
        Body: {"share": {"share_proto": "nfs", "description": "Tempest's share", "snapshot_id": null, "name": "tempest-tempest-created-share-1377346290", "size": 1, "metadata": {}, "is_public": false, "share_type": "6c83d45b-b4df-4fcd-9680-6fa4a998a5b8"}}
    Response - Headers: {'date': 'Thu, 05 Feb 2026 11:46:11 GMT', 'server': 'Apache/2.4.58 (Ubuntu)', 'content-type': 'application/json', 'content-length': '1340', 'x-compute-request-id': 'req-31652c9f-0f7c-499b-be91-6a7a19ae165e', 'x-openstack-manila-api-version': '2.90', 'vary': 'X-OpenStack-Manila-API-Version', 'x-openstack-request-id': 'req-31652c9f-0f7c-499b-be91-6a7a19ae165e', 'connection': 'close', 'status': '200', 'content-location': 'http://10.132.46.216/share/v2/d430d4445a264763847f4ef524b1c6bd/shares'}
        Body: b'{"share": {"id": "6b759912-ab75-4327-8880-de97b52f016e", "size": 1, "availability_zone": null, "created_at": "2026-02-05T11:46:11.593236", "status": "creating", "name": "tempest-tempest-created-share-1377346290", "description": "Tempest\'s share", "project_id": "d430d4445a264763847f4ef524b1c6bd", "snapshot_id": null, "share_network_id": null, "share_proto": "NFS", "metadata": {}, "share_type": "6c83d45b-b4df-4fcd-9680-6fa4a998a5b8", "volume_type": "tempest-typeshare-type-862855423", "links": [{"rel": "self", "href": "http://10.132.46.216/share/v2/d430d4445a264763847f4ef524b1c6bd/shares/6b759912-ab75-4327-8880-de97b52f016e"}, {"rel": "bookmark", "href": "http://10.132.46.216/share/d430d4445a264763847f4ef524b1c6bd/shares/6b759912-ab75-4327-8880-de97b52f016e"}], "is_public": false, "snapshot_support": false, "task_state": null, "share_type_name": "tempest-typeshare-type-862855423", "access_rules_status": "active", "replication_type": null, "has_replicas": false, "user_id": "236325ef5b1f45cdaf63fff0743b5a71", "create_share_from_snapshot_support": false, "revert_to_snapshot_support": false, "share_group_id": null, "source_share_group_snapshot_member_id": null, "mount_snapshot_support": false, "progress": null, "is_soft_deleted": false, "scheduled_to_be_deleted_at": null, "source_backup_id": null, "encryption_key_ref": null}}'
2026-02-05 11:46:11,750 168296 INFO     [tempest.lib.common.rest_client] Request (ResourceLockDeleteTest:test_delete_lock): 200 GET http://10.132.46.216/share/v2/d430d4445a264763847f4ef524b1c6bd/shares/6b759912-ab75-4327-8880-de97b52f016e 0.031s
2026-02-05 11:46:11,751 168296 DEBUG    [tempest.lib.common.rest_client] Request - Headers: {'Content-Type': 'application/json', 'Accept': 'application/json', 'x-openstack-manila-api-version': '2.90', 'X-Auth-Token': '<omitted>'}
        Body: None
    Response - Headers: {'date': 'Thu, 05 Feb 2026 11:46:11 GMT', 'server': 'Apache/2.4.58 (Ubuntu)', 'content-type': 'application/json', 'content-length': '1340', 'x-compute-request-id': 'req-3b9ae17a-ead5-48fc-8c1d-c99a6c55f55a', 'x-openstack-manila-api-version': '2.90', 'vary': 'X-OpenStack-Manila-API-Version', 'x-openstack-request-id': 'req-3b9ae17a-ead5-48fc-8c1d-c99a6c55f55a', 'connection': 'close', 'status': '200', 'content-location': 'http://10.132.46.216/share/v2/d430d4445a264763847f4ef524b1c6bd/shares/6b759912-ab75-4327-8880-de97b52f016e'}
        Body: b'{"share": {"id": "6b759912-ab75-4327-8880-de97b52f016e", "size": 1, "availability_zone": null, "created_at": "2026-02-05T11:46:11.593236", "status": "creating", "name": "tempest-tempest-created-share-1377346290", "description": "Tempest\'s share", "project_id": "d430d4445a264763847f4ef524b1c6bd", "snapshot_id": null, "share_network_id": null, "share_proto": "NFS", "metadata": {}, "share_type": "6c83d45b-b4df-4fcd-9680-6fa4a998a5b8", "volume_type": "te
    mpest-typeshare-type-862855423", "links": [{"rel": "self", "href": "http://10.132.46.216/share/v2/d430d4445a264763847f4ef524b1c6bd/shares/6b759912-ab75-4327-8880-de97b52f016e"}, {"rel": "bookmark", "href": "http://10.132.46.216/share/d430d4445a264763847f4ef524b1c6bd/shares/6b759912-ab75-4327-8880-de97b52f016e"}], "is_public": false, "snapshot_support": false, "task_state": null, "share_type_name": "tempest-typeshare-type-862855423", "access_rules_status": "active", "replication_type": null, "has_replicas": false, "user_id": "236325ef5b1f45cdaf63fff0743b5a71", "create_share_from_snapshot_support": false, "revert_to_snapshot_support": false, "share_group_id": null, "source_share_group_snapshot_member_id": null, "mount_snapshot_support": false, "progress": null, "is_soft_deleted": false, "scheduled_to_be_deleted_at": null, "source_backup_id": null, "encryption_key_ref": null}}'
2026-02-05 11:46:14,788 168296 INFO     [tempest.lib.common.rest_client] Request (ResourceLockDeleteTest:test_delete_lock): 200 GET http://10.132.46.216/share/v2/d430d4445a264763847f4ef524b1c6bd/shares/6b759912-ab75-4327-8880-de97b52f016e 0.036s
2026-02-05 11:46:14,788 168296 DEBUG    [tempest.lib.common.rest_client] Request - Headers: {'Content-Type': 'application/json', 'Accept': 'application/json', 'x-openstack-manila-api-version': '2.90', 'X-Auth-Token': '<omitted>'}
        Body: None
    Response - Headers: {'date': 'Thu, 05 Feb 2026 11:46:14 GMT', 'server': 'Apache/2.4.58 (Ubuntu)', 'content-type': 'application/json', 'content-length': '1337', 'x-compute-request-id': 'req-73731645-f049-4394-8545-bcb296e45f92', 'x-openstack-manila-api-version': '2.90', 'vary': 'X-OpenStack-Manila-API-Version', 'x-openstack-request-id': 'req-73731645-f049-4394-8545-bcb296e45f92', 'connection': 'close', 'status': '200', 'content-location': 'http://10.132.46.216/share/v2/d430d4445a264763847f4ef524b1c6bd/shares/6b759912-ab75-4327-8880-de97b52f016e'}
        Body: b'{"share": {"id": "6b759912-ab75-4327-8880-de97b52f016e", "size": 1, "availability_zone": null, "created_at": "2026-02-05T11:46:11.593236", "status": "error", "name": "tempest-tempest-created-share-1377346290", "description": "Tempest\'s share", "project_id": "d430d4445a264763847f4ef524b1c6bd", "snapshot_id": null, "share_network_id": null, "share_proto": "NFS", "metadata": {}, "share_type": "6c83d45b-b4df-4fcd-9680-6fa4a998a5b8", "volume_type": "tempest-typeshare-type-862855423", "links": [{"rel": "self", "href": "http://10.132.46.216/share/v2/d430d4445a264763847f4ef524b1c6bd/shares/6b759912-ab75-4327-8880-de97b52f016e"}, {"rel": "bookmark", "href": "http://10.132.46.216/share/d430d4445a264763847f4ef524b1c6bd/shares/6b759912-ab75-4327-8880-de97b52f016e"}], "is_public": false, "snapshot_support": false, "task_state": null, "share_type_name": "tempest-typeshare-type-862855423", "access_rules_status": "active", "replication_type": null, "has_replicas": false, "user_id": "236325ef5b1f45cdaf63fff0743b5a71", "create_share_from_snapshot_support": false, "revert_to_snapshot_support": false, "share_group_id": null, "source_share_group_snapshot_member_id": null, "mount_snapshot_support": false, "progress": null, "is_soft_deleted": false, "scheduled_to_be_deleted_at": null, "source_backup_id": null, "encryption_key_ref": null}}'

{2} manila_tempest_tests.tests.api.test_resource_locks.ResourceLockDeleteTest.test_delete_locked_resource [3.250109s] ... FAILED

Captured traceback:
~~~~~~~~~~~~~~~~~~~
    Traceback (most recent call last):

      File "/opt/stack/tempest/manila-tempest-plugin/manila_tempest_tests/tests/api/test_resource_locks.py", line 260, in test_delete_locked_resource
    share = self.create_share(share_type_id=self.share_type_id)
            ^^^^^^^^^^^^^^^^^^^^^^^^^^^^^^^^^^^^^^^^^^^^^^^^^^^

      File "/opt/stack/tempest/manila-tempest-plugin/manila_tempest_tests/tests/api/base.py", line 411, in create_share
    result = cls.create_shares([{"args": args, "kwargs": kwargs}])
             ^^^^^^^^^^^^^^^^^^^^^^^^^^^^^^^^^^^^^^^^^^^^^^^^^^^^^

      File "/opt/stack/tempest/manila-tempest-plugin/manila_tempest_tests/tests/api/base.py", line 469, in create_shares
    waiters.wait_for_resource_status(

      File "/opt/stack/tempest/manila-tempest-plugin/manila_tempest_tests/common/waiters.py", line 109, in wait_for_resource_status
    raise resource_exception(resource_id=resource_id)

    manila_tempest_tests.share_exceptions.ShareBuildErrorException: Share 47935ef3-c121-4a74-a65d-4b9950b77563 failed to build and is in ERROR status


Captured pythonlogging:
~~~~~~~~~~~~~~~~~~~~~~~
    2026-02-05 11:46:14,969 168296 INFO     [tempest.lib.common.rest_client] Request (ResourceLockDeleteTest:test_delete_locked_resource): 200 POST http://10.132.46.216/share/v2/d430d4445a264763847f4ef524b1c6bd/shares 0.178s
2026-02-05 11:46:14,969 168296 DEBUG    [tempest.lib.common.rest_client] Request - Headers: {'Content-Type': 'application/json', 'Accept': 'application/json', 'x-openstack-manila-api-version': '2.90', 'X-Auth-Token': '<omitted>'}
        Body: {"share": {"share_proto": "nfs", "description": "Tempest's share", "snapshot_id": null, "name": "tempest-tempest-created-share-1386299881", "size": 1, "metadata": {}, "is_public": false, "share_type": "6c83d45b-b4df-4fcd-9680-6fa4a998a5b8"}}
    Response - Headers: {'date': 'Thu, 05 Feb 2026 11:46:14 GMT', 'server': 'Apache/2.4.58 (Ubuntu)', 'content-type': 'application/json', 'content-length': '1340', 'x-compute-request-id': 'req-4d2e9fa6-03a0-45f4-8b40-388bec87aa0d', 'x-openstack-manila-api-version': '2.90', 'vary': 'X-OpenStack-Manila-API-Version', 'x-openstack-request-id': 'req-4d2e9fa6-03a0-45f4-8b40-388bec87aa0d', 'connection': 'close', 'status': '200', 'content-location': 'http://10.132.46.216/share/v2/d430d4445a264763847f4ef524b1c6bd/shares'}
        Body: b'{"share": {"id": "47935ef3-c121-4a74-a65d-4b9950b77563", "size": 1, "availability_zone": null, "created_at": "2026-02-05T11:46:14.860843", "status": "creating", "name": "tempest-tempest-created-share-1386299881", "description": "Tempest\'s share", "project_id": "d430d4445a264763847f4ef524b1c6bd", "snapshot_id": null, "share_network_id": null, "share_proto": "NFS", "metadata": {}, "share_type": "6c83d45b-b4df-4fcd-9680-6fa4a998a5b8", "volume_type": "tempest-typeshare-type-862855423", "links": [{"rel": "self", "href": "http://10.132.46.216/share/v2/d430d4445a264763847f4ef524b1c6bd/shares/47935ef3-c121-4a74-a65d-4b9950b77563"}, {"rel": "bookmark", "href": "http://10.132.46.216/share/d430d4445a264763847f4ef524b1c6bd/shares/47935ef3-c121-4a74-a65d-4b9950b77563"}], "is_public": false, "snapshot_support": false, "task_state": null, "share_type_name": "tempest-typeshare-type-862855423", "access_rules_status": "active", "replication_type": null, "has_replicas": false, "user_id": "236325ef5b1f45cdaf63fff0743b5a71", "create_share_from_snapshot_support": false, "revert_to_snapshot_support": false, "share_group_id": null, "source_share_group_snapshot_member_id": null, "mount_snapshot_support": false, "progress": null, "is_soft_deleted": false, "scheduled_to_be_deleted_at": null, "source_backup_id": null, "encryption_key_ref": null}}'
2026-02-05 11:46:14,999 168296 INFO     [tempest.lib.common.rest_client] Request (ResourceLockDeleteTest:test_delete_locked_resource): 200 GET http://10.132.46.216/share/v2/d430d4445a264763847f4ef524b1c6bd/shares/47935ef3-c121-4a74-a65d-4b9950b77563 0.030s
2026-02-05 11:46:15,000 168296 DEBUG    [tempest.lib.common.rest_client] Request - Headers: {'Content-Type': 'application/json', 'Accept': 'application/json', 'x-openstack-manila-api-version': '2.90', 'X-Auth-Token': '<omitted>'}
        Body: None
    Response - Headers: {'date': 'Thu, 05 Feb 2026 11:46:14 GMT', 'server': 'Apache/2.4.58 (Ubuntu)', 'content-type': 'application/json', 'content-length': '1340', 'x-compute-request-id': 'req-99cf50a2-6cdb-490e-b445-d77a1eeabffc', 'x-openstack-manila-api-version': '2.90', 'vary': 'X-OpenStack-Manila-API-Version', 'x-openstack-request-id': 'req-99cf50a2-6cdb-490e-b445-d77a1eeabffc', 'connection': 'close', 'status': '200', 'content-location': 'http://10.132.46.216/share/v2/d430d4445a264763847f4ef524b1c6bd/shares/47935ef3-c121-4a74-a65d-4b9950b77563'}
        Body: b'{"share": {"id": "47935ef3-c121-4a74-a65d-4b9950b77563", "size": 1, "availability_zone": null, "created_at": "2026-02-05T11:46:14.860843", "status": "creating", "name": "tempest-tempest-created-share-1386299881", "description": "Tempest\'s share", "project_id": "d430d4445a264763847f4ef524b1c6bd", "snapshot_id": null, "share_network_id": null, "share_proto": "NFS", "metadata": {}, "share_type": "6c83d45b-b4df-4fcd-9680-6fa4a998a5b
    8", "volume_type": "tempest-typeshare-type-862855423", "links": [{"rel": "self", "href": "http://10.132.46.216/share/v2/d430d4445a264763847f4ef524b1c6bd/shares/47935ef3-c121-4a74-a65d-4b9950b77563"}, {"rel": "bookmark", "href": "http://10.132.46.216/share/d430d4445a264763847f4ef524b1c6bd/shares/47935ef3-c121-4a74-a65d-4b9950b77563"}], "is_public": false, "snapshot_support": false, "task_state": null, "share_type_name": "tempest-typeshare-type-862855423", "access_rules_status": "active", "replication_type": null, "has_replicas": false, "user_id": "236325ef5b1f45cdaf63fff0743b5a71", "create_share_from_snapshot_support": false, "revert_to_snapshot_support": false, "share_group_id": null, "source_share_group_snapshot_member_id": null, "mount_snapshot_support": false, "progress": null, "is_soft_deleted": false, "scheduled_to_be_deleted_at": null, "source_backup_id": null, "encryption_key_ref": null}}'
2026-02-05 11:46:18,037 168296 INFO     [tempest.lib.common.rest_client] Request (ResourceLockDeleteTest:test_delete_locked_resource): 200 GET http://10.132.46.216/share/v2/d430d4445a264763847f4ef524b1c6bd/shares/47935ef3-c121-4a74-a65d-4b9950b77563 0.037s
2026-02-05 11:46:18,038 168296 DEBUG    [tempest.lib.common.rest_client] Request - Headers: {'Content-Type': 'application/json', 'Accept': 'application/json', 'x-openstack-manila-api-version': '2.90', 'X-Auth-Token': '<omitted>'}
        Body: None
    Response - Headers: {'date': 'Thu, 05 Feb 2026 11:46:18 GMT', 'server': 'Apache/2.4.58 (Ubuntu)', 'content-type': 'application/json', 'content-length': '1337', 'x-compute-request-id': 'req-4d8af1ea-0e2d-4436-a8fa-c987f40785f0', 'x-openstack-manila-api-version': '2.90', 'vary': 'X-OpenStack-Manila-API-Version', 'x-openstack-request-id': 'req-4d8af1ea-0e2d-4436-a8fa-c987f40785f0', 'connection': 'close', 'status': '200', 'content-location': 'http://10.132.46.216/share/v2/d430d4445a264763847f4ef524b1c6bd/shares/47935ef3-c121-4a74-a65d-4b9950b77563'}
        Body: b'{"share": {"id": "47935ef3-c121-4a74-a65d-4b9950b77563", "size": 1, "availability_zone": null, "created_at": "2026-02-05T11:46:14.860843", "status": "error", "name": "tempest-tempest-created-share-1386299881", "description": "Tempest\'s share", "project_id": "d430d4445a264763847f4ef524b1c6bd", "snapshot_id": null, "share_network_id": null, "share_proto": "NFS", "metadata": {}, "share_type": "6c83d45b-b4df-4fcd-9680-6fa4a998a5b8", "volume_type": "tempest-typeshare-type-862855423", "links": [{"rel": "self", "href": "http://10.132.46.216/share/v2/d430d4445a264763847f4ef524b1c6bd/shares/47935ef3-c121-4a74-a65d-4b9950b77563"}, {"rel": "bookmark", "href": "http://10.132.46.216/share/d430d4445a264763847f4ef524b1c6bd/shares/47935ef3-c121-4a74-a65d-4b9950b77563"}], "is_public": false, "snapshot_support": false, "task_state": null, "share_type_name": "tempest-typeshare-type-862855423", "access_rules_status": "active", "replication_type": null, "has_replicas": false, "user_id": "236325ef5b1f45cdaf63fff0743b5a71", "create_share_from_snapshot_support": false, "revert_to_snapshot_support": false, "share_group_id": null, "source_share_group_snapshot_member_id": null, "mount_snapshot_support": false, "progress": null, "is_soft_deleted": false, "scheduled_to_be_deleted_at": null, "source_backup_id": null, "encryption_key_ref": null}}'

{2} manila_tempest_tests.tests.api.test_resource_locks_negative.ResourceLockNegativeTestAPIOnly.test_create_resource_lock_invalid_resource [0.156468s] ... ok
{2} manila_tempest_tests.tests.api.test_resource_locks_negative.ResourceLockNegativeTestAPIOnly.test_delete_resource_lock_invalid [0.019596s] ... ok
{2} setUpClass (manila_tempest_tests.tests.api.test_rules.ShareCephxRulesForCephFSTest) ... SKIPPED: Cephx rule tests for cephfs protocol are disabled.
{2} setUpClass (manila_tempest_tests.tests.api.test_rules.ShareUserRulesForCIFSTest) ... SKIPPED: USER rule tests for cifs protocol are disabled
{2} setUpClass (manila_tempest_tests.tests.api.test_rules.ShareUserRulesForNFSTest) ... SKIPPED: USER rule tests for nfs protocol are disabled
{2} setUpClass (manila_tempest_tests.tests.api.test_rules_negative.ShareCertRulesForGLUSTERFSNegativeTest) ... SKIPPED: CERT rule tests for glusterfs protocol are disabled
{2} setUpClass (manila_tempest_tests.tests.api.test_rules_negative.ShareUserRulesForCIFSNegativeTest) ... SKIPPED: USER rule tests for cifs protocol are disabled
{2} manila_tempest_tests.tests.api.test_security_services.SecurityServicesTest.test_create_delete_security_service [0.365549s] ... ok
{2} manila_tempest_tests.tests.api.test_security_services.SecurityServicesTest.test_get_security_service_1_1_0 ... SKIPPED: Skipped. Test requires microversion '1.0'.
{2} manila_tempest_tests.tests.api.test_security_services.SecurityServicesTest.test_get_security_service_2_2_43 [0.168374s] ... ok
{2} manila_tempest_tests.tests.api.test_security_services.SecurityServicesTest.test_get_security_service_3_2_44 [0.175546s] ... ok
{2} manila_tempest_tests.tests.api.test_security_services.SecurityServicesTest.test_get_security_service_4_2_90 [0.173616s] ... ok
{2} manila_tempest_tests.tests.api.test_security_services.SecurityServicesTest.test_list_security_services [0.138459s] ... ok
{2} manila_tempest_tests.tests.api.test_security_services.SecurityServicesTest.test_list_security_services_detailed_filter_by_ss_attributes [0.105853s] ... ok
{2} manila_tempest_tests.tests.api.test_security_services.SecurityServicesTest.test_list_security_services_filter_by_invalid_opt [0.124212s] ... ok
{2} manila_tempest_tests.tests.api.test_security_services.SecurityServicesTest.test_list_security_services_filter_by_share_network ... SKIPPED: Only for multitenancy.
{2} manila_tempest_tests.tests.api.test_security_services.SecurityServicesTest.test_list_security_services_with_detail_1_1_0 ... SKIPPED: Skipped. Test requires microversion '1.0'.
{2} manila_tempest_tests.tests.api.test_security_services.SecurityServicesTest.test_list_security_services_with_detail_2_2_42 [0.160074s] ... ok
{2} manila_tempest_tests.tests.api.test_security_services.SecurityServicesTest.test_list_security_services_with_detail_3_2_44 [0.148906s] ... ok
{2} manila_tempest_tests.tests.api.test_security_services.SecurityServicesTest.test_list_security_services_with_detail_4_2_90 [0.157492s] ... ok
{2} manila_tempest_tests.tests.api.test_security_services.SecurityServicesTest.test_try_list_security_services_all_tenants_ignored [0.345726s] ... ok
{2} manila_tempest_tests.tests.api.test_security_services.SecurityServicesTest.test_try_update_valid_keys_sh_server_exists ... SKIPPED: Only for multitenancy.
{2} manila_tempest_tests.tests.api.test_security_services.SecurityServicesTest.test_update_security_service [0.293903s] ... ok
{2} manila_tempest_tests.tests.api.test_security_services_negative.SecurityServicesNegativeTest.test_get_deleted_security_service [0.153688s] ... ok
{2} manila_tempest_tests.tests.api.test_security_services_negative.SecurityServicesNegativeTest.test_try_create_security_service_with_empty_type [0.009083s] ... ok
{2} manila_tempest_tests.tests.api.test_security_services_negative.SecurityServicesNegativeTest.test_try_create_security_service_with_wrong_type [0.009241s] ... ok
{2} manila_tempest_tests.tests.api.test_security_services_negative.SecurityServicesNegativeTest.test_try_delete_security_service_with_wrong_type [0.011666s] ... ok
{2} manila_tempest_tests.tests.api.test_security_services_negative.SecurityServicesNegativeTest.test_try_delete_security_service_without_id [0.005504s] ... ok
{2} manila_tempest_tests.tests.api.test_security_services_negative.SecurityServicesNegativeTest.test_try_get_security_service_with_wrong_id [0.009926s] ... ok
{2} manila_tempest_tests.tests.api.test_security_services_negative.SecurityServicesNegativeTest.test_try_get_security_service_without_id [0.005571s] ... ok
{2} manila_tempest_tests.tests.api.test_security_services_negative.SecurityServicesNegativeTest.test_try_update_invalid_keys_sh_server_exists ... SKIPPED: Only for multitenancy.
{2} manila_tempest_tests.tests.api.test_security_services_negative.SecurityServicesNegativeTest.test_try_update_nonexistant_security_service [0.010231s] ... ok
{2} manila_tempest_tests.tests.api.test_security_services_negative.SecurityServicesNegativeTest.test_try_update_security_service_with_empty_id [0.006106s] ... ok
{2} setUpClass (manila_tempest_tests.tests.api.test_share_encryption.ShareEncryptionNFSTest) ... SKIPPED: Encryption tests are disabled.
{2} manila_tempest_tests.tests.api.test_share_networks.ShareNetworksTest.test_create_delete_share_network [0.267939s] ... ok
{2} manila_tempest_tests.tests.api.test_share_networks.ShareNetworksTest.test_create_two_share_networks_with_same_net_and_subnet [0.463136s] ... ok
{2} manila_tempest_tests.tests.api.test_share_networks.ShareNetworksTest.test_gateway_mtu_neutron_net_id_with_neutron ... SKIPPED: Only for multitenancy.
{2} manila_tempest_tests.tests.api.test_share_networks.ShareNetworksTest.test_get_share_network [0.028690s] ... ok
{2} manila_tempest_tests.tests.api.test_share_networks.ShareNetworksTest.test_list_share_networks [0.039766s] ... ok
{2} manila_tempest_tests.tests.api.test_share_networks.ShareNetworksTest.test_list_share_networks_all_filter_opts [0.096584s] ... ok
{2} manila_tempest_tests.tests.api.test_share_networks.ShareNetworksTest.test_list_share_networks_filter_by_ss [0.114009s] ... ok
{2} manila_tempest_tests.tests.api.test_share_networks.ShareNetworksTest.test_list_share_networks_like_filter [0.041022s] ... ok
{2} manila_tempest_tests.tests.api.test_share_networks.ShareNetworksTest.test_list_share_networks_with_detail [0.039117s] ... ok
{2} manila_tempest_tests.tests.api.test_share_networks.ShareNetworksTest.test_recreate_share_network [0.420532s] ... ok
{2} manila_tempest_tests.tests.api.test_share_networks.ShareNetworksTest.test_try_list_share_networks_all_tenants [0.041924s] ... ok
{2} manila_tempest_tests.tests.api.test_share_networks.ShareNetworksTest.test_try_list_share_networks_project_id [0.040330s] ... ok
{2} manila_tempest_tests.tests.api.test_share_networks.ShareNetworksTest.test_update_share_network [0.098459s] ... ok
{2} manila_tempest_tests.tests.api.test_share_networks.ShareNetworksTest.test_update_valid_keys_sh_server_exists ... SKIPPED: Only for multitenancy.
{2} manila_tempest_tests.tests.api.test_share_networks_negative.ShareNetworksNegativeTest.test_check_add_share_network_subnet_az_not_found [0.393957s] ... ok
{2} manila_tempest_tests.tests.api.test_share_networks_negative.ShareNetworksNegativeTest.test_check_add_share_network_subnet_share_network_not_found [0.025950s] ... ok
{2} manila_tempest_tests.tests.api.test_share_networks_negative.ShareNetworksNegativeTest.test_create_share_network_inexistent_az [0.018029s] ... ok
{2} manila_tempest_tests.tests.api.test_share_networks_negative.ShareNetworksNegativeTest.test_delete_share_network_contains_more_than_one_subnet [0.573447s] ... ok
{2} manila_tempest_tests.tests.api.test_share_networks_negative.ShareNetworksNegativeTest.test_list_shares_with_like_filter_not_exist [0.028266s] ... ok
{2} manila_tempest_tests.tests.api.test_share_networks_negative.ShareNetworksNegativeTest.test_try_delete_share_network_with_existing_shares ... SKIPPED: Can run only with drivers that do handle share servers creation. Skipping.
{2} manila_tempest_tests.tests.api.test_share_networks_negative.ShareNetworksNegativeTest.test_try_delete_share_network_with_wrong_type [0.032082s] ... ok
{2} manila_tempest_tests.tests.api.test_share_networks_negative.ShareNetworksNegativeTest.test_try_delete_share_network_without_id [0.010038s] ... ok
{2} manila_tempest_tests.tests.api.test_share_networks_negative.ShareNetworksNegativeTest.test_try_get_deleted_share_network [0.298027s] ... ok
{2} manila_tempest_tests.tests.api.test_share_networks_negative.ShareNetworksNegativeTest.test_try_get_share_network_with_wrong_id [0.028257s] ... ok
{2} manila_tempest_tests.tests.api.test_share_networks_negative.ShareNetworksNegativeTest.test_try_get_share_network_without_id [0.008722s] ... ok
{2} manila_tempest_tests.tests.api.test_share_networks_negative.ShareNetworksNegativeTest.test_try_list_share_networks_wrong_created_before_value [0.010307s] ... ok
{2} manila_tempest_tests.tests.api.test_share_networks_negative.ShareNetworksNegativeTest.test_try_list_share_networks_wrong_created_since_value [0.012665s] ... ok
{2} manila_tempest_tests.tests.api.test_share_networks_negative.ShareNetworksNegativeTest.test_try_update_invalid_keys_sh_server_exists ... SKIPPED: Only for multitenancy.
{2} manila_tempest_tests.tests.api.test_share_networks_negative.ShareNetworksNegativeTest.test_try_update_nonexistant_share_network [0.022510s] ... ok
{2} manila_tempest_tests.tests.api.test_share_networks_negative.ShareNetworksNegativeTest.test_try_update_share_network_with_empty_id [0.013514s] ... ok
{2} setUpClass (manila_tempest_tests.tests.api.test_share_servers_multiple_subnet_negative.ShareServerMultipleSubNegativeTest) ... SKIPPED: Multitenancy tests are disabled.
{2} manila_tempest_tests.tests.api.test_share_transfers.ShareTransferTest.test_create_and_accept_share_transfer [3.370867s] ... FAILED

Captured traceback:
~~~~~~~~~~~~~~~~~~~
    Traceback (most recent call last):

      File "/opt/stack/tempest/manila-tempest-plugin/manila_tempest_tests/tests/api/test_share_transfers.py", line 83, in test_create_and_accept_share_transfer
    share = self.create_share(name=share_name,
            ^^^^^^^^^^^^^^^^^^^^^^^^^^^^^^^^^^

      File "/opt/stack/tempest/manila-tempest-plugin/manila_tempest_tests/tests/api/base.py", line 411, in create_share
    result = cls.create_shares([{"args": args, "kwargs": kwargs}])
             ^^^^^^^^^^^^^^^^^^^^^^^^^^^^^^^^^^^^^^^^^^^^^^^^^^^^^

      File "/opt/stack/tempest/manila-tempest-plugin/manila_tempest_tests/tests/api/base.py", line 469, in create_shares
    waiters.wait_for_resource_status(

      File "/opt/stack/tempest/manila-tempest-plugin/manila_tempest_tests/common/waiters.py", line 109, in wait_for_resource_status
    raise resource_exception(resource_id=resource_id)

    manila_tempest_tests.share_exceptions.ShareBuildErrorException: Share 6425c8ec-de22-4747-9916-71fa749ccd39 failed to build and is in ERROR status


Captured pythonlogging:
~~~~~~~~~~~~~~~~~~~~~~~
    2026-02-05 11:46:59,940 168296 INFO     [tempest.lib.common.rest_client] Request (ShareTransferTest:test_create_and_accept_share_transfer): 200 POST http://10.132.46.216/share/v2/cf9f86882a51485ca22d54ed318a5ffe/shares 0.291s
2026-02-05 11:46:59,941 168296 DEBUG    [tempest.lib.common.rest_client] Request - Headers: {'Content-Type': 'application/json', 'Accept': 'application/json', 'x-openstack-manila-api-version': '2.90', 'X-Auth-Token': '<omitted>'}
        Body: {"share": {"share_proto": "nfs", "description": "Tempest's share", "snapshot_id": null, "name": "tempest-tempest-share-name-1654907499", "size": 1, "metadata": {}, "is_public": false, "share_type": "6e5db0b1-30ce-447a-a5dc-536c46658d96"}}
    Response - Headers: {'date': 'Thu, 05 Feb 2026 11:46:59 GMT', 'server': 'Apache/2.4.58 (Ubuntu)', 'content-type': 'application/json', 'content-length': '1337', 'x-compute-request-id': 'req-afb6ce3f-323e-4598-9f56-643472c1b09b', 'x-openstack-manila-api-version': '2.90', 'vary': 'X-OpenStack-Manila-API-Version', 'x-openstack-request-id': 'req-afb6ce3f-323e-4598-9f56-643472c1b09b', 'connection': 'close', 'status': '200', 'content-location': 'http://10.132.46.216/share/v2/cf9f86882a51485ca22d54ed318a5ffe/shares'}
        Body: b'{"share": {"id": "6425c8ec-de22-4747-9916-71fa749ccd39", "size": 1, "availability_zone": null, "created_at": "2026-02-05T11:46:59.814059", "status": "creating", "name": "tempest-tempest-share-name-1654907499", "description": "Tempest\'s share", "project_id": "cf9f86882a51485ca22d54ed318a5ffe", "snapshot_id": null, "share_network_id": null, "share_proto": "NFS", "metadata": {}, "share_type": "6e5db0b1-30ce-447a-a5dc-536c46658d96", "volume_type": "tempest-typeshare-type-189893579", "links": [{"rel": "self", "href": "http://10.132.46.216/share/v2/cf9f86882a51485ca22d54ed318a5ffe/shares/6425c8ec-de22-4747-9916-71fa749ccd39"}, {"rel": "bookmark", "href": "http://10.132.46.216/share/cf9f86882a51485ca22d54ed318a5ffe/shares/6425c8ec-de22-4747-9916-71fa749ccd39"}], "is_public": false, "snapshot_support": false, "task_state": null, "share_type_name": "tempest-typeshare-type-189893579", "access_rules_status": "active", "replication_type": null, "has_replicas": false, "user_id": "c149e845b35d4c6c9dddef573b3519d2", "create_share_from_snapshot_support": false, "revert_to_snapshot_support": false, "share_group_id": null, "source_share_group_snapshot_member_id": null, "mount_snapshot_support": false, "progress": null, "is_soft_deleted": false, "scheduled_to_be_deleted_at": null, "source_backup_id": null, "encryption_key_ref": null}}'
2026-02-05 11:46:59,975 168296 INFO     [tempest.lib.common.rest_client] Request (ShareTransferTest:test_create_and_accept_share_transfer): 200 GET http://10.132.46.216/share/v2/cf9f86882a51485ca22d54ed318a5ffe/shares/6425c8ec-de22-4747-9916-71fa749ccd39 0.033s
2026-02-05 11:46:59,976 168296 DEBUG    [tempest.lib.common.rest_client] Request - Headers: {'Content-Type': 'application/json', 'Accept': 'application/json', 'x-openstack-manila-api-version': '2.90', 'X-Auth-Token': '<omitted>'}
        Body: None
    Response - Headers: {'date': 'Thu, 05 Feb 2026 11:46:59 GMT', 'server': 'Apache/2.4.58 (Ubuntu)', 'content-type': 'application/json', 'content-length': '1334', 'x-compute-request-id': 'req-af2833c0-54a6-445a-acf5-3584e990f7b4', 'x-openstack-manila-api-version': '2.90', 'vary': 'X-OpenStack-Manila-API-Version', 'x-openstack-request-id': 'req-af2833c0-54a6-445a-acf5-3584e990f7b4', 'connection': 'close', 'status': '200', 'content-location': 'http://10.132.46.216/share/v2/cf9f86882a51485ca22d54ed318a5ffe/shares/6425c8ec-de22-4747-9916-71fa749ccd39'}
        Body: b'{"share": {"id": "6425c8ec-de22-4747-9916-71fa749ccd39", "size": 1, "availability_zone": null, "created_at": "2026-02-05T11:46:59.814059", "status": "error", "name": "tempest-tempest-share-name-1654907499", "description": "Tempest\'s share", "project_id": "cf9f86882a51485ca22d54ed318a5ffe", "snapshot_id": null, "share_network_id": null, "share_proto": "NFS", "metadata": {}, "share_type": "6e5db0b1-30ce-447a-a5dc-536c46658d96"
    , "volume_type": "tempest-typeshare-type-189893579", "links": [{"rel": "self", "href": "http://10.132.46.216/share/v2/cf9f86882a51485ca22d54ed318a5ffe/shares/6425c8ec-de22-4747-9916-71fa749ccd39"}, {"rel": "bookmark", "href": "http://10.132.46.216/share/cf9f86882a51485ca22d54ed318a5ffe/shares/6425c8ec-de22-4747-9916-71fa749ccd39"}], "is_public": false, "snapshot_support": false, "task_state": null, "share_type_name": "tempest-typeshare-type-189893579", "access_rules_status": "active", "replication_type": null, "has_replicas": false, "user_id": "c149e845b35d4c6c9dddef573b3519d2", "create_share_from_snapshot_support": false, "revert_to_snapshot_support": false, "share_group_id": null, "source_share_group_snapshot_member_id": null, "mount_snapshot_support": false, "progress": null, "is_soft_deleted": false, "scheduled_to_be_deleted_at": null, "source_backup_id": null, "encryption_key_ref": null}}'
2026-02-05 11:47:03,017 168296 INFO     [tempest.lib.common.rest_client] Request (ShareTransferTest:test_create_and_accept_share_transfer): 200 GET http://10.132.46.216/share/v2/cf9f86882a51485ca22d54ed318a5ffe/shares/6425c8ec-de22-4747-9916-71fa749ccd39 0.040s
2026-02-05 11:47:03,017 168296 DEBUG    [tempest.lib.common.rest_client] Request - Headers: {'Content-Type': 'application/json', 'Accept': 'application/json', 'x-openstack-manila-api-version': '2.90', 'X-Auth-Token': '<omitted>'}
        Body: None
    Response - Headers: {'date': 'Thu, 05 Feb 2026 11:47:02 GMT', 'server': 'Apache/2.4.58 (Ubuntu)', 'content-type': 'application/json', 'content-length': '1334', 'x-compute-request-id': 'req-ede727e3-edd9-4231-b504-cfe2cb755656', 'x-openstack-manila-api-version': '2.90', 'vary': 'X-OpenStack-Manila-API-Version', 'x-openstack-request-id': 'req-ede727e3-edd9-4231-b504-cfe2cb755656', 'connection': 'close', 'status': '200', 'content-location': 'http://10.132.46.216/share/v2/cf9f86882a51485ca22d54ed318a5ffe/shares/6425c8ec-de22-4747-9916-71fa749ccd39'}
        Body: b'{"share": {"id": "6425c8ec-de22-4747-9916-71fa749ccd39", "size": 1, "availability_zone": null, "created_at": "2026-02-05T11:46:59.814059", "status": "error", "name": "tempest-tempest-share-name-1654907499", "description": "Tempest\'s share", "project_id": "cf9f86882a51485ca22d54ed318a5ffe", "snapshot_id": null, "share_network_id": null, "share_proto": "NFS", "metadata": {}, "share_type": "6e5db0b1-30ce-447a-a5dc-536c46658d96", "volume_type": "tempest-typeshare-type-189893579", "links": [{"rel": "self", "href": "http://10.132.46.216/share/v2/cf9f86882a51485ca22d54ed318a5ffe/shares/6425c8ec-de22-4747-9916-71fa749ccd39"}, {"rel": "bookmark", "href": "http://10.132.46.216/share/cf9f86882a51485ca22d54ed318a5ffe/shares/6425c8ec-de22-4747-9916-71fa749ccd39"}], "is_public": false, "snapshot_support": false, "task_state": null, "share_type_name": "tempest-typeshare-type-189893579", "access_rules_status": "active", "replication_type": null, "has_replicas": false, "user_id": "c149e845b35d4c6c9dddef573b3519d2", "create_share_from_snapshot_support": false, "revert_to_snapshot_support": false, "share_group_id": null, "source_share_group_snapshot_member_id": null, "mount_snapshot_support": false, "progress": null, "is_soft_deleted": false, "scheduled_to_be_deleted_at": null, "source_backup_id": null, "encryption_key_ref": null}}'

{2} manila_tempest_tests.tests.api.test_share_transfers.ShareTransferTest.test_create_and_delete_share_transfer [3.536927s] ... FAILED

Captured traceback:
~~~~~~~~~~~~~~~~~~~
    Traceback (most recent call last):

      File "/opt/stack/tempest/manila-tempest-plugin/manila_tempest_tests/tests/api/test_share_transfers.py", line 53, in test_create_and_delete_share_transfer
    share = self.create_share(name=share_name,
            ^^^^^^^^^^^^^^^^^^^^^^^^^^^^^^^^^^

      File "/opt/stack/tempest/manila-tempest-plugin/manila_tempest_tests/tests/api/base.py", line 411, in create_share
    result = cls.create_shares([{"args": args, "kwargs": kwargs}])
             ^^^^^^^^^^^^^^^^^^^^^^^^^^^^^^^^^^^^^^^^^^^^^^^^^^^^^

      File "/opt/stack/tempest/manila-tempest-plugin/manila_tempest_tests/tests/api/base.py", line 469, in create_shares
    waiters.wait_for_resource_status(

      File "/opt/stack/tempest/manila-tempest-plugin/manila_tempest_tests/common/waiters.py", line 109, in wait_for_resource_status
    raise resource_exception(resource_id=resource_id)

    manila_tempest_tests.share_exceptions.ShareBuildErrorException: Share c8704f3e-cdda-4945-9948-4f85f6d5f09b failed to build and is in ERROR status


Captured pythonlogging:
~~~~~~~~~~~~~~~~~~~~~~~
    2026-02-05 11:47:03,196 168296 INFO     [tempest.lib.common.rest_client] Request (ShareTransferTest:test_create_and_delete_share_transfer): 200 POST http://10.132.46.216/share/v2/cf9f86882a51485ca22d54ed318a5ffe/shares 0.175s
2026-02-05 11:47:03,197 168296 DEBUG    [tempest.lib.common.rest_client] Request - Headers: {'Content-Type': 'application/json', 'Accept': 'application/json', 'x-openstack-manila-api-version': '2.90', 'X-Auth-Token': '<omitted>'}
        Body: {"share": {"share_proto": "nfs", "description": "Tempest's share", "snapshot_id": null, "name": "tempest-tempest-share-name-1453204086", "size": 1, "metadata": {}, "is_public": false, "share_type": "6e5db0b1-30ce-447a-a5dc-536c46658d96"}}
    Response - Headers: {'date': 'Thu, 05 Feb 2026 11:47:03 GMT', 'server': 'Apache/2.4.58 (Ubuntu)', 'content-type': 'application/json', 'content-length': '1337', 'x-compute-request-id': 'req-fcc33ff8-7935-43d9-b683-9ea40fe6c1ec', 'x-openstack-manila-api-version': '2.90', 'vary': 'X-OpenStack-Manila-API-Version', 'x-openstack-request-id': 'req-fcc33ff8-7935-43d9-b683-9ea40fe6c1ec', 'connection': 'close', 'status': '200', 'content-location': 'http://10.132.46.216/share/v2/cf9f86882a51485ca22d54ed318a5ffe/shares'}
        Body: b'{"share": {"id": "c8704f3e-cdda-4945-9948-4f85f6d5f09b", "size": 1, "availability_zone": null, "created_at": "2026-02-05T11:47:03.080143", "status": "creating", "name": "tempest-tempest-share-name-1453204086", "description": "Tempest\'s share", "project_id": "cf9f86882a51485ca22d54ed318a5ffe", "snapshot_id": null, "share_network_id": null, "share_proto": "NFS", "metadata": {}, "share_type": "6e5db0b1-30ce-447a-a5dc-536c46658d96", "volume_type": "tempest-typeshare-type-189893579", "links": [{"rel": "self", "href": "http://10.132.46.216/share/v2/cf9f86882a51485ca22d54ed318a5ffe/shares/c8704f3e-cdda-4945-9948-4f85f6d5f09b"}, {"rel": "bookmark", "href": "http://10.132.46.216/share/cf9f86882a51485ca22d54ed318a5ffe/shares/c8704f3e-cdda-4945-9948-4f85f6d5f09b"}], "is_public": false, "snapshot_support": false, "task_state": null, "share_type_name": "tempest-typeshare-type-189893579", "access_rules_status": "active", "replication_type": null, "has_replicas": false, "user_id": "c149e845b35d4c6c9dddef573b3519d2", "create_share_from_snapshot_support": false, "revert_to_snapshot_support": false, "share_group_id": null, "source_share_group_snapshot_member_id": null, "mount_snapshot_support": false, "progress": null, "is_soft_deleted": false, "scheduled_to_be_deleted_at": null, "source_backup_id": null, "encryption_key_ref": null}}'
2026-02-05 11:47:03,228 168296 INFO     [tempest.lib.common.rest_client] Request (ShareTransferTest:test_create_and_delete_share_transfer): 200 GET http://10.132.46.216/share/v2/cf9f86882a51485ca22d54ed318a5ffe/shares/c8704f3e-cdda-4945-9948-4f85f6d5f09b 0.031s
2026-02-05 11:47:03,228 168296 DEBUG    [tempest.lib.common.rest_client] Request - Headers: {'Content-Type': 'application/json', 'Accept': 'application/json', 'x-openstack-manila-api-version': '2.90', 'X-Auth-Token': '<omitted>'}
        Body: None
    Response - Headers: {'date': 'Thu, 05 Feb 2026 11:47:03 GMT', 'server': 'Apache/2.4.58 (Ubuntu)', 'content-type': 'application/json', 'content-length': '1337', 'x-compute-request-id': 'req-d23202e0-bc4f-42dd-8571-6f10bcdf69c7', 'x-openstack-manila-api-version': '2.90', 'vary': 'X-OpenStack-Manila-API-Version', 'x-openstack-request-id': 'req-d23202e0-bc4f-42dd-8571-6f10bcdf69c7', 'connection': 'close', 'status': '200', 'content-location': 'http://10.132.46.216/share/v2/cf9f86882a51485ca22d54ed318a5ffe/shares/c8704f3e-cdda-4945-9948-4f85f6d5f09b'}
        Body: b'{"share": {"id": "c8704f3e-cdda-4945-9948-4f85f6d5f09b", "size": 1, "availability_zone": null, "created_at": "2026-02-05T11:47:03.080143", "status": "creating", "name": "tempest-tempest-share-name-1453204086", "description": "Tempest\'s share", "project_id": "cf9f86882a51485ca22d54ed318a5ffe", "snapshot_id": null, "share_network_id": null, "share_proto": "NFS", "metadata": {}, "share_type": "6e5db0b1-30ce-447a-a5dc-536c46658d
    96", "volume_type": "tempest-typeshare-type-189893579", "links": [{"rel": "self", "href": "http://10.132.46.216/share/v2/cf9f86882a51485ca22d54ed318a5ffe/shares/c8704f3e-cdda-4945-9948-4f85f6d5f09b"}, {"rel": "bookmark", "href": "http://10.132.46.216/share/cf9f86882a51485ca22d54ed318a5ffe/shares/c8704f3e-cdda-4945-9948-4f85f6d5f09b"}], "is_public": false, "snapshot_support": false, "task_state": null, "share_type_name": "tempest-typeshare-type-189893579", "access_rules_status": "active", "replication_type": null, "has_replicas": false, "user_id": "c149e845b35d4c6c9dddef573b3519d2", "create_share_from_snapshot_support": false, "revert_to_snapshot_support": false, "share_group_id": null, "source_share_group_snapshot_member_id": null, "mount_snapshot_support": false, "progress": null, "is_soft_deleted": false, "scheduled_to_be_deleted_at": null, "source_backup_id": null, "encryption_key_ref": null}}'
2026-02-05 11:47:06,270 168296 INFO     [tempest.lib.common.rest_client] Request (ShareTransferTest:test_create_and_delete_share_transfer): 200 GET http://10.132.46.216/share/v2/cf9f86882a51485ca22d54ed318a5ffe/shares/c8704f3e-cdda-4945-9948-4f85f6d5f09b 0.040s
2026-02-05 11:47:06,271 168296 DEBUG    [tempest.lib.common.rest_client] Request - Headers: {'Content-Type': 'application/json', 'Accept': 'application/json', 'x-openstack-manila-api-version': '2.90', 'X-Auth-Token': '<omitted>'}
        Body: None
    Response - Headers: {'date': 'Thu, 05 Feb 2026 11:47:06 GMT', 'server': 'Apache/2.4.58 (Ubuntu)', 'content-type': 'application/json', 'content-length': '1334', 'x-compute-request-id': 'req-64ae24b5-2aad-4f42-a653-23b03a6c0006', 'x-openstack-manila-api-version': '2.90', 'vary': 'X-OpenStack-Manila-API-Version', 'x-openstack-request-id': 'req-64ae24b5-2aad-4f42-a653-23b03a6c0006', 'connection': 'close', 'status': '200', 'content-location': 'http://10.132.46.216/share/v2/cf9f86882a51485ca22d54ed318a5ffe/shares/c8704f3e-cdda-4945-9948-4f85f6d5f09b'}
        Body: b'{"share": {"id": "c8704f3e-cdda-4945-9948-4f85f6d5f09b", "size": 1, "availability_zone": null, "created_at": "2026-02-05T11:47:03.080143", "status": "error", "name": "tempest-tempest-share-name-1453204086", "description": "Tempest\'s share", "project_id": "cf9f86882a51485ca22d54ed318a5ffe", "snapshot_id": null, "share_network_id": null, "share_proto": "NFS", "metadata": {}, "share_type": "6e5db0b1-30ce-447a-a5dc-536c46658d96", "volume_type": "tempest-typeshare-type-189893579", "links": [{"rel": "self", "href": "http://10.132.46.216/share/v2/cf9f86882a51485ca22d54ed318a5ffe/shares/c8704f3e-cdda-4945-9948-4f85f6d5f09b"}, {"rel": "bookmark", "href": "http://10.132.46.216/share/cf9f86882a51485ca22d54ed318a5ffe/shares/c8704f3e-cdda-4945-9948-4f85f6d5f09b"}], "is_public": false, "snapshot_support": false, "task_state": null, "share_type_name": "tempest-typeshare-type-189893579", "access_rules_status": "active", "replication_type": null, "has_replicas": false, "user_id": "c149e845b35d4c6c9dddef573b3519d2", "create_share_from_snapshot_support": false, "revert_to_snapshot_support": false, "share_group_id": null, "source_share_group_snapshot_member_id": null, "mount_snapshot_support": false, "progress": null, "is_soft_deleted": false, "scheduled_to_be_deleted_at": null, "source_backup_id": null, "encryption_key_ref": null}}'
2026-02-05 11:47:06,293 168296 INFO     [tempest.lib.common.rest_client] Request (ShareTransferTest:_run_cleanups): 200 GET http://10.132.46.216/share/v2/cf9f86882a51485ca22d54ed318a5ffe/share-replicas/detail?share_id=c8704f3e-cdda-4945-9948-4f85f6d5f09b 0.020s
2026-02-05 11:47:06,294 168296 DEBUG    [tempest.lib.common.rest_client] Request - Headers: {'Content-Type': 'application/json', 'Accept': 'application/json', 'x-openstack-manila-api-version': '2.90', 'X-Auth-Token': '<omitted>'}
        Body: None
    Response - Headers: {'date': 'Thu, 05 Feb 2026 11:47:06 GMT', 'server': 'Apache/2.4.58 (Ubuntu)', 'content-type': 'application/json', 'content-length': '22', 'x-compute-request-id': 'req-4e37b9a4-0bea-4788-b0f8-8a243f46c13d', 'x-openstack-manila-api-
    version': '2.90', 'vary': 'X-OpenStack-Manila-API-Version', 'x-openstack-request-id': 'req-4e37b9a4-0bea-4788-b0f8-8a243f46c13d', 'connection': 'close', 'status': '200', 'content-location': 'http://10.132.46.216/share/v2/cf9f86882a51485ca22d54ed318a5ffe/share-replicas/detail?share_id=c8704f3e-cdda-4945-9948-4f85f6d5f09b'}
        Body: b'{"share_replicas": []}'
2026-02-05 11:47:06,534 168296 INFO     [tempest.lib.common.rest_client] Request (ShareTransferTest:_run_cleanups): 202 DELETE http://10.132.46.216/share/v2/cf9f86882a51485ca22d54ed318a5ffe/shares/c8704f3e-cdda-4945-9948-4f85f6d5f09b 0.239s
2026-02-05 11:47:06,534 168296 DEBUG    [tempest.lib.common.rest_client] Request - Headers: {'Content-Type': 'application/json', 'Accept': 'application/json', 'x-openstack-manila-api-version': '2.90', 'X-Auth-Token': '<omitted>'}
        Body: None
    Response - Headers: {'date': 'Thu, 05 Feb 2026 11:47:06 GMT', 'server': 'Apache/2.4.58 (Ubuntu)', 'content-length': '0', 'content-type': 'text/html; charset=UTF-8', 'x-compute-request-id': 'req-da545367-5ed0-401f-b93c-1de51c87f68a', 'x-openstack-manila-api-version': '2.90', 'vary': 'X-OpenStack-Manila-API-Version', 'x-openstack-request-id': 'req-da545367-5ed0-401f-b93c-1de51c87f68a', 'connection': 'close', 'status': '202', 'content-location': 'http://10.132.46.216/share/v2/cf9f86882a51485ca22d54ed318a5ffe/shares/c8704f3e-cdda-4945-9948-4f85f6d5f09b'}
        Body: b''
2026-02-05 11:47:06,556 168296 INFO     [tempest.lib.common.rest_client] Request (ShareTransferTest:_run_cleanups): 404 GET http://10.132.46.216/share/v2/cf9f86882a51485ca22d54ed318a5ffe/shares/c8704f3e-cdda-4945-9948-4f85f6d5f09b 0.021s
2026-02-05 11:47:06,557 168296 DEBUG    [tempest.lib.common.rest_client] Request - Headers: {'Content-Type': 'application/json', 'Accept': 'application/json', 'x-openstack-manila-api-version': '2.90', 'X-Auth-Token': '<omitted>'}
        Body: None
    Response - Headers: {'date': 'Thu, 05 Feb 2026 11:47:06 GMT', 'server': 'Apache/2.4.58 (Ubuntu)', 'x-openstack-manila-api-version': '2.90', 'vary': 'X-OpenStack-Manila-API-Version', 'content-length': '78', 'content-type': 'application/json', 'x-compute-request-id': 'req-edb3efdf-e74b-4fd7-9507-9ea217403c17', 'x-openstack-request-id': 'req-edb3efdf-e74b-4fd7-9507-9ea217403c17', 'connection': 'close', 'status': '404', 'content-location': 'http://10.132.46.216/share/v2/cf9f86882a51485ca22d54ed318a5ffe/shares/c8704f3e-cdda-4945-9948-4f85f6d5f09b'}
        Body: b'{"itemNotFound": {"code": 404, "message": "The resource could not be found."}}'

{2} manila_tempest_tests.tests.api.test_share_transfers_negative.ShareTransferNegativeTest.test_accept_transfer_with_incorrect_auth_key [3.314825s] ... FAILED

Captured traceback:
~~~~~~~~~~~~~~~~~~~
    Traceback (most recent call last):

      File "/opt/stack/tempest/manila-tempest-plugin/manila_tempest_tests/tests/api/test_share_transfers_negative.py", line 128, in test_accept_transfer_with_incorrect_auth_key
    share = self.create_share(
            ^^^^^^^^^^^^^^^^^^

      File "/opt/stack/tempest/manila-tempest-plugin/manila_tempest_tests/tests/api/base.py", line 411, in create_share
    result = cls.create_shares([{"args": args, "kwargs": kwargs}])
             ^^^^^^^^^^^^^^^^^^^^^^^^^^^^^^^^^^^^^^^^^^^^^^^^^^^^^

      File "/opt/stack/tempest/manila-tempest-plugin/manila_tempest_tests/tests/api/base.py", line 469, in create_shares
    waiters.wait_for_resource_status(

      File "/opt/stack/tempest/manila-tempest-plugin/manila_tempest_tests/common/waiters.py", line 109, in wait_for_resource_status
    raise resource_exception(resource_id=resource_id)

    manila_tempest_tests.share_exceptions.ShareBuildErrorException: Share 533acef8-38b4-427f-a664-2c0acd56457f failed to build and is in ERROR status


Captured pythonlogging:
~~~~~~~~~~~~~~~~~~~~~~~
    2026-02-05 11:47:11,442 168296 INFO     [tempest.lib.common.rest_client] Request (ShareTransferNegativeTest:test_accept_transfer_with_incorrect_auth_key): 200 POST http://10.132.46.216/share/v2/96217bf292714c32b4284238f05b685a/shares 0.240s
2026-02-05 11:47:11,442 168296 DEBUG    [tempest.lib.common.rest_client] Request - Headers: {'Content-Type': 'application/json', 'Accept': 'application/json', 'x-openstack-manila-api-version': '2.90', 'X-Auth-Token': '<omitted>'}
        Body: {"share": {"share_proto": "nfs", "description": "Tempest's share", "snapshot_id": null, "name": "tempest-tempest-share-name-912419600", "size": 1, "metadata": {}, "is_public": false, "share_type": "309a2cef-3015-416b-9e3f-332effbc7f02"}}
    Response - Headers: {'date': 'Thu, 05 Feb 2026 11:47:11 GMT', 'server': 'Apache/2.4.58 (Ubuntu)', 'content-type': 'application/json', 'content-length': '1338', 'x-compute-request-id': 'req-2ce9463c-1198-49c2-97a6-820fb3100b7f', 'x-openstack-manila-api-version': '2.90', 'vary': 'X-OpenStack-Manila-API-Version', 'x-openstack-request-id': 'req-2ce9463c-1198-49c2-97a6-820fb3100b7f', 'connection': 'close', 'status': '200', 'content-location': 'http://10.132.46.216/share/v2/96217bf292714c32b4284238f05b685a/shares'}
        Body: b'{"share": {"id": "533acef8-38b4-427f-a664-2c0acd56457f", "size": 1, "availability_zone": null, "created_at": "2026-02-05T11:47:11.335876", "status": "creating", "name": "tempest-tempest-share-name-912419600", "description": "Tempest\'s share", "project_id": "96217bf292714c32b4284238f05b685a", "snapshot_id": null, "share_network_id": null, "share_proto": "NFS", "metadata": {}, "share_type": "309a2cef-3015-416b-9e3f-332effbc7f02", "volume_type": "tempest-typeshare-type-1102626535", "links": [{"rel": "self", "href": "http://10.132.46.216/share/v2/96217bf292714c32b4284238f05b685a/shares/533acef8-38b4-427f-a664-2c0acd56457f"}, {"rel": "bookmark", "href": "http://10.132.46.216/share/96217bf292714c32b4284238f05b685a/shares/533acef8-38b4-427f-a664-2c0acd56457f"}], "is_public": false, "snapshot_support": false, "task_state": null, "share_type_name": "tempest-typeshare-type-1102626535", "access_rules_status": "active", "replication_type": null, "has_replicas": false, "user_id": "af8fbb0e94074499ba55f9478885870d", "create_share_from_snapshot_support": false, "revert_to_snapshot_support": false, "share_group_id": null, "source_share_group_snapshot_member_id": null, "mount_snapshot_support": false, "progress": null, "is_soft_deleted": false, "scheduled_to_be_deleted_at": null, "source_backup_id": null, "encryption_key_ref": null}}'
2026-02-05 11:47:11,469 168296 INFO     [tempest.lib.common.rest_client] Request (ShareTransferNegativeTest:test_accept_transfer_with_incorrect_auth_key): 200 GET http://10.132.46.216/share/v2/96217bf292714c32b4284238f05b685a/shares/533acef8-38b4-427f-a664-2c0acd56457f 0.026s
2026-02-05 11:47:11,469 168296 DEBUG    [tempest.lib.common.rest_client] Request - Headers: {'Content-Type': 'application/json', 'Accept': 'application/json', 'x-openstack-manila-api-version': '2.90', 'X-Auth-Token': '<omitted>'}
        Body: None
    Response - Headers: {'date': 'Thu, 05 Feb 2026 11:47:11 GMT', 'server': 'Apache/2.4.58 (Ubuntu)', 'content-type': 'application/json', 'content-length': '1338', 'x-compute-request-id': 'req-fdab67fc-3173-454b-bcd3-72ca2d39ffa1', 'x-openstack-manila-api-version': '2.90', 'vary': 'X-OpenStack-Manila-API-Version', 'x-openstack-request-id': 'req-fdab67fc-3173-454b-bcd3-72ca2d39ffa1', 'connection': 'close', 'status': '200', 'content-location': 'http://10.132.46.216/share/v2/96217bf292714c32b4284238f05b685a/shares/533acef8-38b4-427f-a664-2c0acd56457f'}
        Body: b'{"share": {"id": "533acef8-38b4-427f-a664-2c0acd56457f", "size": 1, "availability_zone": null, "created_at": "2026-02-05T11:47:11.335876", "status": "creating", "name": "tempest-tempest-share-name-912419600", "description": "Tempest\'s share", "project_id": "96217bf292714c32b4284238f05b685a", "snapshot_id": null, "share_network_id": null, "share_proto": "NFS", "metadata": {}, "share_type": "309a2
    cef-3015-416b-9e3f-332effbc7f02", "volume_type": "tempest-typeshare-type-1102626535", "links": [{"rel": "self", "href": "http://10.132.46.216/share/v2/96217bf292714c32b4284238f05b685a/shares/533acef8-38b4-427f-a664-2c0acd56457f"}, {"rel": "bookmark", "href": "http://10.132.46.216/share/96217bf292714c32b4284238f05b685a/shares/533acef8-38b4-427f-a664-2c0acd56457f"}], "is_public": false, "snapshot_support": false, "task_state": null, "share_type_name": "tempest-typeshare-type-1102626535", "access_rules_status": "active", "replication_type": null, "has_replicas": false, "user_id": "af8fbb0e94074499ba55f9478885870d", "create_share_from_snapshot_support": false, "revert_to_snapshot_support": false, "share_group_id": null, "source_share_group_snapshot_member_id": null, "mount_snapshot_support": false, "progress": null, "is_soft_deleted": false, "scheduled_to_be_deleted_at": null, "source_backup_id": null, "encryption_key_ref": null}}'
2026-02-05 11:47:14,511 168296 INFO     [tempest.lib.common.rest_client] Request (ShareTransferNegativeTest:test_accept_transfer_with_incorrect_auth_key): 200 GET http://10.132.46.216/share/v2/96217bf292714c32b4284238f05b685a/shares/533acef8-38b4-427f-a664-2c0acd56457f 0.040s
2026-02-05 11:47:14,512 168296 DEBUG    [tempest.lib.common.rest_client] Request - Headers: {'Content-Type': 'application/json', 'Accept': 'application/json', 'x-openstack-manila-api-version': '2.90', 'X-Auth-Token': '<omitted>'}
        Body: None
    Response - Headers: {'date': 'Thu, 05 Feb 2026 11:47:14 GMT', 'server': 'Apache/2.4.58 (Ubuntu)', 'content-type': 'application/json', 'content-length': '1335', 'x-compute-request-id': 'req-f19b36f4-3d78-4764-99c4-4e11ff0a2776', 'x-openstack-manila-api-version': '2.90', 'vary': 'X-OpenStack-Manila-API-Version', 'x-openstack-request-id': 'req-f19b36f4-3d78-4764-99c4-4e11ff0a2776', 'connection': 'close', 'status': '200', 'content-location': 'http://10.132.46.216/share/v2/96217bf292714c32b4284238f05b685a/shares/533acef8-38b4-427f-a664-2c0acd56457f'}
        Body: b'{"share": {"id": "533acef8-38b4-427f-a664-2c0acd56457f", "size": 1, "availability_zone": null, "created_at": "2026-02-05T11:47:11.335876", "status": "error", "name": "tempest-tempest-share-name-912419600", "description": "Tempest\'s share", "project_id": "96217bf292714c32b4284238f05b685a", "snapshot_id": null, "share_network_id": null, "share_proto": "NFS", "metadata": {}, "share_type": "309a2cef-3015-416b-9e3f-332effbc7f02", "volume_type": "tempest-typeshare-type-1102626535", "links": [{"rel": "self", "href": "http://10.132.46.216/share/v2/96217bf292714c32b4284238f05b685a/shares/533acef8-38b4-427f-a664-2c0acd56457f"}, {"rel": "bookmark", "href": "http://10.132.46.216/share/96217bf292714c32b4284238f05b685a/shares/533acef8-38b4-427f-a664-2c0acd56457f"}], "is_public": false, "snapshot_support": false, "task_state": null, "share_type_name": "tempest-typeshare-type-1102626535", "access_rules_status": "active", "replication_type": null, "has_replicas": false, "user_id": "af8fbb0e94074499ba55f9478885870d", "create_share_from_snapshot_support": false, "revert_to_snapshot_support": false, "share_group_id": null, "source_share_group_snapshot_member_id": null, "mount_snapshot_support": false, "progress": null, "is_soft_deleted": false, "scheduled_to_be_deleted_at": null, "source_backup_id": null, "encryption_key_ref": null}}'

{2} manila_tempest_tests.tests.api.test_share_transfers_negative.ShareTransferNegativeTest.test_accept_transfer_without_auth_key [3.270096s] ... FAILED

Captured traceback:
~~~~~~~~~~~~~~~~~~~
    Traceback (most recent call last):

      File "/opt/stack/tempest/manila-tempest-plugin/manila_tempest_tests/tests/api/test_share_transfers_negative.py", line 112, in test_accept_transfer_without_auth_key
    share = self.create_share(
            ^^^^^^^^^^^^^^^^^^

      File "/opt/stack/tempest/manila-tempest-plugin/manila_tempest_tests/tests/api/base.py", line 411, in create_share
    result = cls.create_shares([{"args": args, "kwargs": kwargs}])
             ^^^^^^^^^^^^^^^^^^^^^^^^^^^^^^^^^^^^^^^^^^^^^^^^^^^^^

      File "/opt/stack/tempest/manila-tempest-plugin/manila_tempest_tests/tests/api/base.py", line 469, in create_shares
    waiters.wait_for_resource_status(

      File "/opt/stack/tempest/manila-tempest-plugin/manila_tempest_tests/common/waiters.py", line 109, in wait_for_resource_status
    raise resource_exception(resource_id=resource_id)

    manila_tempest_tests.share_exceptions.ShareBuildErrorException: Share 904eed0b-93dd-4d71-8209-2b7866886655 failed to build and is in ERROR status


Captured pythonlogging:
~~~~~~~~~~~~~~~~~~~~~~~
    2026-02-05 11:47:14,713 168296 INFO     [tempest.lib.common.rest_client] Request (ShareTransferNegativeTest:test_accept_transfer_without_auth_key): 200 POST http://10.132.46.216/share/v2/96217bf292714c32b4284238f05b685a/shares 0.193s
2026-02-05 11:47:14,714 168296 DEBUG    [tempest.lib.common.rest_client] Request - Headers: {'Content-Type': 'application/json', 'Accept': 'application/json', 'x-openstack-manila-api-version': '2.90', 'X-Auth-Token': '<omitted>'}
        Body: {"share": {"share_proto": "nfs", "description": "Tempest's share", "snapshot_id": null, "name": "tempest-tempest-share-name-1561754528", "size": 1, "metadata": {}, "is_public": false, "share_type": "309a2cef-3015-416b-9e3f-332effbc7f02"}}
    Response - Headers: {'date': 'Thu, 05 Feb 2026 11:47:14 GMT', 'server': 'Apache/2.4.58 (Ubuntu)', 'content-type': 'application/json', 'content-length': '1339', 'x-compute-request-id': 'req-1205cbe8-a700-4717-a60b-9010c2f84844', 'x-openstack-manila-api-version': '2.90', 'vary': 'X-OpenStack-Manila-API-Version', 'x-openstack-request-id': 'req-1205cbe8-a700-4717-a60b-9010c2f84844', 'connection': 'close', 'status': '200', 'content-location': 'http://10.132.46.216/share/v2/96217bf292714c32b4284238f05b685a/shares'}
        Body: b'{"share": {"id": "904eed0b-93dd-4d71-8209-2b7866886655", "size": 1, "availability_zone": null, "created_at": "2026-02-05T11:47:14.588042", "status": "creating", "name": "tempest-tempest-share-name-1561754528", "description": "Tempest\'s share", "project_id": "96217bf292714c32b4284238f05b685a", "snapshot_id": null, "share_network_id": null, "share_proto": "NFS", "metadata": {}, "share_type": "309a2cef-3015-416b-9e3f-332effbc7f02", "volume_type": "tempest-typeshare-type-1102626535", "links": [{"rel": "self", "href": "http://10.132.46.216/share/v2/96217bf292714c32b4284238f05b685a/shares/904eed0b-93dd-4d71-8209-2b7866886655"}, {"rel": "bookmark", "href": "http://10.132.46.216/share/96217bf292714c32b4284238f05b685a/shares/904eed0b-93dd-4d71-8209-2b7866886655"}], "is_public": false, "snapshot_support": false, "task_state": null, "share_type_name": "tempest-typeshare-type-1102626535", "access_rules_status": "active", "replication_type": null, "has_replicas": false, "user_id": "af8fbb0e94074499ba55f9478885870d", "create_share_from_snapshot_support": false, "revert_to_snapshot_support": false, "share_group_id": null, "source_share_group_snapshot_member_id": null, "mount_snapshot_support": false, "progress": null, "is_soft_deleted": false, "scheduled_to_be_deleted_at": null, "source_backup_id": null, "encryption_key_ref": null}}'
2026-02-05 11:47:14,749 168296 INFO     [tempest.lib.common.rest_client] Request (ShareTransferNegativeTest:test_accept_transfer_without_auth_key): 200 GET http://10.132.46.216/share/v2/96217bf292714c32b4284238f05b685a/shares/904eed0b-93dd-4d71-8209-2b7866886655 0.034s
2026-02-05 11:47:14,750 168296 DEBUG    [tempest.lib.common.rest_client] Request - Headers: {'Content-Type': 'application/json', 'Accept': 'application/json', 'x-openstack-manila-api-version': '2.90', 'X-Auth-Token': '<omitted>'}
        Body: None
    Response - Headers: {'date': 'Thu, 05 Feb 2026 11:47:14 GMT', 'server': 'Apache/2.4.58 (Ubuntu)', 'content-type': 'application/json', 'content-length': '1339', 'x-compute-request-id': 'req-56438bdb-dc36-47fc-8e9a-78ebb8e4ea3e', 'x-openstack-manila-api-version': '2.90', 'vary': 'X-OpenStack-Manila-API-Version', 'x-openstack-request-id': 'req-56438bdb-dc36-47fc-8e9a-78ebb8e4ea3e', 'connection': 'close', 'status': '200', 'content-location': 'http://10.132.46.216/share/v2/96217bf292714c32b4284238f05b685a/shares/904eed0b-93dd-4d71-8209-2b7866886655'}
        Body: b'{"share": {"id": "904eed0b-93dd-4d71-8209-2b7866886655", "size": 1, "availability_zone": null, "created_at": "2026-02-05T11:47:14.588042", "status": "creating", "name": "tempest-tempest-share-name-1561754528", "description": "Tempest\'s share", "project_id": "96217bf292714c32b4284238f05b685a", "snapshot_id": null, "share_network_id": null, "share_proto": "NFS", "metadata": {}, "share_type": "309a2cef-3015-41
    6b-9e3f-332effbc7f02", "volume_type": "tempest-typeshare-type-1102626535", "links": [{"rel": "self", "href": "http://10.132.46.216/share/v2/96217bf292714c32b4284238f05b685a/shares/904eed0b-93dd-4d71-8209-2b7866886655"}, {"rel": "bookmark", "href": "http://10.132.46.216/share/96217bf292714c32b4284238f05b685a/shares/904eed0b-93dd-4d71-8209-2b7866886655"}], "is_public": false, "snapshot_support": false, "task_state": null, "share_type_name": "tempest-typeshare-type-1102626535", "access_rules_status": "active", "replication_type": null, "has_replicas": false, "user_id": "af8fbb0e94074499ba55f9478885870d", "create_share_from_snapshot_support": false, "revert_to_snapshot_support": false, "share_group_id": null, "source_share_group_snapshot_member_id": null, "mount_snapshot_support": false, "progress": null, "is_soft_deleted": false, "scheduled_to_be_deleted_at": null, "source_backup_id": null, "encryption_key_ref": null}}'
2026-02-05 11:47:17,785 168296 INFO     [tempest.lib.common.rest_client] Request (ShareTransferNegativeTest:test_accept_transfer_without_auth_key): 200 GET http://10.132.46.216/share/v2/96217bf292714c32b4284238f05b685a/shares/904eed0b-93dd-4d71-8209-2b7866886655 0.034s
2026-02-05 11:47:17,786 168296 DEBUG    [tempest.lib.common.rest_client] Request - Headers: {'Content-Type': 'application/json', 'Accept': 'application/json', 'x-openstack-manila-api-version': '2.90', 'X-Auth-Token': '<omitted>'}
        Body: None
    Response - Headers: {'date': 'Thu, 05 Feb 2026 11:47:17 GMT', 'server': 'Apache/2.4.58 (Ubuntu)', 'content-type': 'application/json', 'content-length': '1336', 'x-compute-request-id': 'req-75a10907-1433-4ab9-be2d-dabf9de81bd4', 'x-openstack-manila-api-version': '2.90', 'vary': 'X-OpenStack-Manila-API-Version', 'x-openstack-request-id': 'req-75a10907-1433-4ab9-be2d-dabf9de81bd4', 'connection': 'close', 'status': '200', 'content-location': 'http://10.132.46.216/share/v2/96217bf292714c32b4284238f05b685a/shares/904eed0b-93dd-4d71-8209-2b7866886655'}
        Body: b'{"share": {"id": "904eed0b-93dd-4d71-8209-2b7866886655", "size": 1, "availability_zone": null, "created_at": "2026-02-05T11:47:14.588042", "status": "error", "name": "tempest-tempest-share-name-1561754528", "description": "Tempest\'s share", "project_id": "96217bf292714c32b4284238f05b685a", "snapshot_id": null, "share_network_id": null, "share_proto": "NFS", "metadata": {}, "share_type": "309a2cef-3015-416b-9e3f-332effbc7f02", "volume_type": "tempest-typeshare-type-1102626535", "links": [{"rel": "self", "href": "http://10.132.46.216/share/v2/96217bf292714c32b4284238f05b685a/shares/904eed0b-93dd-4d71-8209-2b7866886655"}, {"rel": "bookmark", "href": "http://10.132.46.216/share/96217bf292714c32b4284238f05b685a/shares/904eed0b-93dd-4d71-8209-2b7866886655"}], "is_public": false, "snapshot_support": false, "task_state": null, "share_type_name": "tempest-typeshare-type-1102626535", "access_rules_status": "active", "replication_type": null, "has_replicas": false, "user_id": "af8fbb0e94074499ba55f9478885870d", "create_share_from_snapshot_support": false, "revert_to_snapshot_support": false, "share_group_id": null, "source_share_group_snapshot_member_id": null, "mount_snapshot_support": false, "progress": null, "is_soft_deleted": false, "scheduled_to_be_deleted_at": null, "source_backup_id": null, "encryption_key_ref": null}}'

{2} manila_tempest_tests.tests.api.test_share_transfers_negative.ShareTransferNegativeTest.test_delete_nonexistent_transfer [0.096344s] ... ok
{2} manila_tempest_tests.tests.api.test_share_transfers_negative.ShareTransferNegativeTest.test_delete_transfer_of_other_tenants [3.262397s] ... FAILED

Captured traceback:
~~~~~~~~~~~~~~~~~~~
    Traceback (most recent call last):

      File "/opt/stack/tempest/manila-tempest-plugin/manila_tempest_tests/tests/api/test_share_transfers_negative.py", line 89, in test_delete_transfer_of_other_tenants
    share = self.create_share(
            ^^^^^^^^^^^^^^^^^^

      File "/opt/stack/tempest/manila-tempest-plugin/manila_tempest_tests/tests/api/base.py", line 411, in create_share
    result = cls.create_shares([{"args": args, "kwargs": kwargs}])
             ^^^^^^^^^^^^^^^^^^^^^^^^^^^^^^^^^^^^^^^^^^^^^^^^^^^^^

      File "/opt/stack/tempest/manila-tempest-plugin/manila_tempest_tests/tests/api/base.py", line 469, in create_shares
    waiters.wait_for_resource_status(

      File "/opt/stack/tempest/manila-tempest-plugin/manila_tempest_tests/common/waiters.py", line 109, in wait_for_resource_status
    raise resource_exception(resource_id=resource_id)

    manila_tempest_tests.share_exceptions.ShareBuildErrorException: Share 9c42bd3a-7344-45a4-a69c-1f68e930502f failed to build and is in ERROR status


Captured pythonlogging:
~~~~~~~~~~~~~~~~~~~~~~~
    2026-02-05 11:47:18,068 168296 INFO     [tempest.lib.common.rest_client] Request (ShareTransferNegativeTest:test_delete_transfer_of_other_tenants): 200 POST http://10.132.46.216/share/v2/96217bf292714c32b4284238f05b685a/shares 0.176s
2026-02-05 11:47:18,069 168296 DEBUG    [tempest.lib.common.rest_client] Request - Headers: {'Content-Type': 'application/json', 'Accept': 'application/json', 'x-openstack-manila-api-version': '2.90', 'X-Auth-Token': '<omitted>'}
        Body: {"share": {"share_proto": "nfs", "description": "Tempest's share", "snapshot_id": null, "name": "tempest-tempest-share-name-1277549452", "size": 1, "metadata": {}, "is_public": false, "share_type": "309a2cef-3015-416b-9e3f-332effbc7f02"}}
    Response - Headers: {'date': 'Thu, 05 Feb 2026 11:47:17 GMT', 'server': 'Apache/2.4.58 (Ubuntu)', 'content-type': 'application/json', 'content-length': '1339', 'x-compute-request-id': 'req-c70dc043-f1f1-4dd2-985e-514cc2c5c4f8', 'x-openstack-manila-api-version': '2.90', 'vary': 'X-OpenStack-Manila-API-Version', 'x-openstack-request-id': 'req-c70dc043-f1f1-4dd2-985e-514cc2c5c4f8', 'connection': 'close', 'status': '200', 'content-location': 'http://10.132.46.216/share/v2/96217bf292714c32b4284238f05b685a/shares'}
        Body: b'{"share": {"id": "9c42bd3a-7344-45a4-a69c-1f68e930502f", "size": 1, "availability_zone": null, "created_at": "2026-02-05T11:47:17.957056", "status": "creating", "name": "tempest-tempest-share-name-1277549452", "description": "Tempest\'s share", "project_id": "96217bf292714c32b4284238f05b685a", "snapshot_id": null, "share_network_id": null, "share_proto": "NFS", "metadata": {}, "share_type": "309a2cef-3015-416b-9e3f-332effbc7f02", "volume_type": "tempest-typeshare-type-1102626535", "links": [{"rel": "self", "href": "http://10.132.46.216/share/v2/96217bf292714c32b4284238f05b685a/shares/9c42bd3a-7344-45a4-a69c-1f68e930502f"}, {"rel": "bookmark", "href": "http://10.132.46.216/share/96217bf292714c32b4284238f05b685a/shares/9c42bd3a-7344-45a4-a69c-1f68e930502f"}], "is_public": false, "snapshot_support": false, "task_state": null, "share_type_name": "tempest-typeshare-type-1102626535", "access_rules_status": "active", "replication_type": null, "has_replicas": false, "user_id": "af8fbb0e94074499ba55f9478885870d", "create_share_from_snapshot_support": false, "revert_to_snapshot_support": false, "share_group_id": null, "source_share_group_snapshot_member_id": null, "mount_snapshot_support": false, "progress": null, "is_soft_deleted": false, "scheduled_to_be_deleted_at": null, "source_backup_id": null, "encryption_key_ref": null}}'
2026-02-05 11:47:18,096 168296 INFO     [tempest.lib.common.rest_client] Request (ShareTransferNegativeTest:test_delete_transfer_of_other_tenants): 200 GET http://10.132.46.216/share/v2/96217bf292714c32b4284238f05b685a/shares/9c42bd3a-7344-45a4-a69c-1f68e930502f 0.027s
2026-02-05 11:47:18,096 168296 DEBUG    [tempest.lib.common.rest_client] Request - Headers: {'Content-Type': 'application/json', 'Accept': 'application/json', 'x-openstack-manila-api-version': '2.90', 'X-Auth-Token': '<omitted>'}
        Body: None
    Response - Headers: {'date': 'Thu, 05 Feb 2026 11:47:18 GMT', 'server': 'Apache/2.4.58 (Ubuntu)', 'content-type': 'application/json', 'content-length': '1339', 'x-compute-request-id': 'req-e83de007-14ba-430f-a22c-d66115611f49', 'x-openstack-manila-api-version': '2.90', 'vary': 'X-OpenStack-Manila-API-Version', 'x-openstack-request-id': 'req-e83de007-14ba-430f-a22c-d66115611f49', 'connection': 'close', 'status': '200', 'content-location': 'http://10.132.46.216/share/v2/96217bf292714c32b4284238f05b685a/shares/9c42bd3a-7344-45a4-a69c-1f68e930502f'}
        Body: b'{"share": {"id": "9c42bd3a-7344-45a4-a69c-1f68e930502f", "size": 1, "availability_zone": null, "created_at": "2026-02-05T11:47:17.957056", "status": "creating", "name": "tempest-tempest-share-name-1277549452", "description": "Tempest\'s share", "project_id": "96217bf292714c32b4284238f05b685a", "snapshot_id": null, "share_network_id": null, "share_proto": "NFS", "metadata": {}, "share_type": "309a2cef-3015-41
    6b-9e3f-332effbc7f02", "volume_type": "tempest-typeshare-type-1102626535", "links": [{"rel": "self", "href": "http://10.132.46.216/share/v2/96217bf292714c32b4284238f05b685a/shares/9c42bd3a-7344-45a4-a69c-1f68e930502f"}, {"rel": "bookmark", "href": "http://10.132.46.216/share/96217bf292714c32b4284238f05b685a/shares/9c42bd3a-7344-45a4-a69c-1f68e930502f"}], "is_public": false, "snapshot_support": false, "task_state": null, "share_type_name": "tempest-typeshare-type-1102626535", "access_rules_status": "active", "replication_type": null, "has_replicas": false, "user_id": "af8fbb0e94074499ba55f9478885870d", "create_share_from_snapshot_support": false, "revert_to_snapshot_support": false, "share_group_id": null, "source_share_group_snapshot_member_id": null, "mount_snapshot_support": false, "progress": null, "is_soft_deleted": false, "scheduled_to_be_deleted_at": null, "source_backup_id": null, "encryption_key_ref": null}}'
2026-02-05 11:47:21,148 168296 INFO     [tempest.lib.common.rest_client] Request (ShareTransferNegativeTest:test_delete_transfer_of_other_tenants): 200 GET http://10.132.46.216/share/v2/96217bf292714c32b4284238f05b685a/shares/9c42bd3a-7344-45a4-a69c-1f68e930502f 0.049s
2026-02-05 11:47:21,149 168296 DEBUG    [tempest.lib.common.rest_client] Request - Headers: {'Content-Type': 'application/json', 'Accept': 'application/json', 'x-openstack-manila-api-version': '2.90', 'X-Auth-Token': '<omitted>'}
        Body: None
    Response - Headers: {'date': 'Thu, 05 Feb 2026 11:47:21 GMT', 'server': 'Apache/2.4.58 (Ubuntu)', 'content-type': 'application/json', 'content-length': '1336', 'x-compute-request-id': 'req-ebecb5a5-8fd6-45dd-96d0-ea6987c9ba14', 'x-openstack-manila-api-version': '2.90', 'vary': 'X-OpenStack-Manila-API-Version', 'x-openstack-request-id': 'req-ebecb5a5-8fd6-45dd-96d0-ea6987c9ba14', 'connection': 'close', 'status': '200', 'content-location': 'http://10.132.46.216/share/v2/96217bf292714c32b4284238f05b685a/shares/9c42bd3a-7344-45a4-a69c-1f68e930502f'}
        Body: b'{"share": {"id": "9c42bd3a-7344-45a4-a69c-1f68e930502f", "size": 1, "availability_zone": null, "created_at": "2026-02-05T11:47:17.957056", "status": "error", "name": "tempest-tempest-share-name-1277549452", "description": "Tempest\'s share", "project_id": "96217bf292714c32b4284238f05b685a", "snapshot_id": null, "share_network_id": null, "share_proto": "NFS", "metadata": {}, "share_type": "309a2cef-3015-416b-9e3f-332effbc7f02", "volume_type": "tempest-typeshare-type-1102626535", "links": [{"rel": "self", "href": "http://10.132.46.216/share/v2/96217bf292714c32b4284238f05b685a/shares/9c42bd3a-7344-45a4-a69c-1f68e930502f"}, {"rel": "bookmark", "href": "http://10.132.46.216/share/96217bf292714c32b4284238f05b685a/shares/9c42bd3a-7344-45a4-a69c-1f68e930502f"}], "is_public": false, "snapshot_support": false, "task_state": null, "share_type_name": "tempest-typeshare-type-1102626535", "access_rules_status": "active", "replication_type": null, "has_replicas": false, "user_id": "af8fbb0e94074499ba55f9478885870d", "create_share_from_snapshot_support": false, "revert_to_snapshot_support": false, "share_group_id": null, "source_share_group_snapshot_member_id": null, "mount_snapshot_support": false, "progress": null, "is_soft_deleted": false, "scheduled_to_be_deleted_at": null, "source_backup_id": null, "encryption_key_ref": null}}'

{2} manila_tempest_tests.tests.api.test_share_transfers_negative.ShareTransferNegativeTest.test_show_nonexistent_transfer [0.017446s] ... ok
{2} manila_tempest_tests.tests.api.test_share_transfers_negative.ShareTransferNegativeTest.test_show_transfer_of_other_tenants [3.269708s] ... FAILED

Captured traceback:
~~~~~~~~~~~~~~~~~~~
    Traceback (most recent call last):

      File "/opt/stack/tempest/manila-tempest-plugin/manila_tempest_tests/tests/api/test_share_transfers_negative.py", line 66, in test_show_transfer_of_other_tenants
    share = self.create_share(
            ^^^^^^^^^^^^^^^^^^

      File "/opt/stack/tempest/manila-tempest-plugin/manila_tempest_tests/tests/api/base.py", line 411, in create_share
    result = cls.create_shares([{"args": args, "kwargs": kwargs}])
             ^^^^^^^^^^^^^^^^^^^^^^^^^^^^^^^^^^^^^^^^^^^^^^^^^^^^^

      File "/opt/stack/tempest/manila-tempest-plugin/manila_tempest_tests/tests/api/base.py", line 469, in create_shares
    waiters.wait_for_resource_status(

      File "/opt/stack/tempest/manila-tempest-plugin/manila_tempest_tests/common/waiters.py", line 109, in wait_for_resource_status
    raise resource_exception(resource_id=resource_id)

    manila_tempest_tests.share_exceptions.ShareBuildErrorException: Share 1f95f5b9-5a4f-4e8d-ad2a-9a24e8e757a9 failed to build and is in ERROR status


Captured pythonlogging:
~~~~~~~~~~~~~~~~~~~~~~~
    2026-02-05 11:47:21,360 168296 INFO     [tempest.lib.common.rest_client] Request (ShareTransferNegativeTest:test_show_transfer_of_other_tenants): 200 POST http://10.132.46.216/share/v2/96217bf292714c32b4284238f05b685a/shares 0.185s
2026-02-05 11:47:21,360 168296 DEBUG    [tempest.lib.common.rest_client] Request - Headers: {'Content-Type': 'application/json', 'Accept': 'application/json', 'x-openstack-manila-api-version': '2.90', 'X-Auth-Token': '<omitted>'}
        Body: {"share": {"share_proto": "nfs", "description": "Tempest's share", "snapshot_id": null, "name": "tempest-tempest-share-name-425161122", "size": 1, "metadata": {}, "is_public": false, "share_type": "309a2cef-3015-416b-9e3f-332effbc7f02"}}
    Response - Headers: {'date': 'Thu, 05 Feb 2026 11:47:21 GMT', 'server': 'Apache/2.4.58 (Ubuntu)', 'content-type': 'application/json', 'content-length': '1338', 'x-compute-request-id': 'req-ec2023de-b161-4c49-ad3c-522113ca5fa1', 'x-openstack-manila-api-version': '2.90', 'vary': 'X-OpenStack-Manila-API-Version', 'x-openstack-request-id': 'req-ec2023de-b161-4c49-ad3c-522113ca5fa1', 'connection': 'close', 'status': '200', 'content-location': 'http://10.132.46.216/share/v2/96217bf292714c32b4284238f05b685a/shares'}
        Body: b'{"share": {"id": "1f95f5b9-5a4f-4e8d-ad2a-9a24e8e757a9", "size": 1, "availability_zone": null, "created_at": "2026-02-05T11:47:21.240270", "status": "creating", "name": "tempest-tempest-share-name-425161122", "description": "Tempest\'s share", "project_id": "96217bf292714c32b4284238f05b685a", "snapshot_id": null, "share_network_id": null, "share_proto": "NFS", "metadata": {}, "share_type": "309a2cef-3015-416b-9e3f-332effbc7f02", "volume_type": "tempest-typeshare-type-1102626535", "links": [{"rel": "self", "href": "http://10.132.46.216/share/v2/96217bf292714c32b4284238f05b685a/shares/1f95f5b9-5a4f-4e8d-ad2a-9a24e8e757a9"}, {"rel": "bookmark", "href": "http://10.132.46.216/share/96217bf292714c32b4284238f05b685a/shares/1f95f5b9-5a4f-4e8d-ad2a-9a24e8e757a9"}], "is_public": false, "snapshot_support": false, "task_state": null, "share_type_name": "tempest-typeshare-type-1102626535", "access_rules_status": "active", "replication_type": null, "has_replicas": false, "user_id": "af8fbb0e94074499ba55f9478885870d", "create_share_from_snapshot_support": false, "revert_to_snapshot_support": false, "share_group_id": null, "source_share_group_snapshot_member_id": null, "mount_snapshot_support": false, "progress": null, "is_soft_deleted": false, "scheduled_to_be_deleted_at": null, "source_backup_id": null, "encryption_key_ref": null}}'
2026-02-05 11:47:21,397 168296 INFO     [tempest.lib.common.rest_client] Request (ShareTransferNegativeTest:test_show_transfer_of_other_tenants): 200 GET http://10.132.46.216/share/v2/96217bf292714c32b4284238f05b685a/shares/1f95f5b9-5a4f-4e8d-ad2a-9a24e8e757a9 0.036s
2026-02-05 11:47:21,398 168296 DEBUG    [tempest.lib.common.rest_client] Request - Headers: {'Content-Type': 'application/json', 'Accept': 'application/json', 'x-openstack-manila-api-version': '2.90', 'X-Auth-Token': '<omitted>'}
        Body: None
    Response - Headers: {'date': 'Thu, 05 Feb 2026 11:47:21 GMT', 'server': 'Apache/2.4.58 (Ubuntu)', 'content-type': 'application/json', 'content-length': '1338', 'x-compute-request-id': 'req-3b2c0343-4539-4587-bae9-ec802a3ae1db', 'x-openstack-manila-api-version': '2.90', 'vary': 'X-OpenStack-Manila-API-Version', 'x-openstack-request-id': 'req-3b2c0343-4539-4587-bae9-ec802a3ae1db', 'connection': 'close', 'status': '200', 'content-location': 'http://10.132.46.216/share/v2/96217bf292714c32b4284238f05b685a/shares/1f95f5b9-5a4f-4e8d-ad2a-9a24e8e757a9'}
        Body: b'{"share": {"id": "1f95f5b9-5a4f-4e8d-ad2a-9a24e8e757a9", "size": 1, "availability_zone": null, "created_at": "2026-02-05T11:47:21.240270", "status": "creating", "name": "tempest-tempest-share-name-425161122", "description": "Tempest\'s share", "project_id": "96217bf292714c32b4284238f05b685a", "snapshot_id": null, "share_network_id": null, "share_proto": "NFS", "metadata": {}, "share_type": "309a2cef-3015-416b-9e3f
    -332effbc7f02", "volume_type": "tempest-typeshare-type-1102626535", "links": [{"rel": "self", "href": "http://10.132.46.216/share/v2/96217bf292714c32b4284238f05b685a/shares/1f95f5b9-5a4f-4e8d-ad2a-9a24e8e757a9"}, {"rel": "bookmark", "href": "http://10.132.46.216/share/96217bf292714c32b4284238f05b685a/shares/1f95f5b9-5a4f-4e8d-ad2a-9a24e8e757a9"}], "is_public": false, "snapshot_support": false, "task_state": null, "share_type_name": "tempest-typeshare-type-1102626535", "access_rules_status": "active", "replication_type": null, "has_replicas": false, "user_id": "af8fbb0e94074499ba55f9478885870d", "create_share_from_snapshot_support": false, "revert_to_snapshot_support": false, "share_group_id": null, "source_share_group_snapshot_member_id": null, "mount_snapshot_support": false, "progress": null, "is_soft_deleted": false, "scheduled_to_be_deleted_at": null, "source_backup_id": null, "encryption_key_ref": null}}'
2026-02-05 11:47:24,441 168296 INFO     [tempest.lib.common.rest_client] Request (ShareTransferNegativeTest:test_show_transfer_of_other_tenants): 200 GET http://10.132.46.216/share/v2/96217bf292714c32b4284238f05b685a/shares/1f95f5b9-5a4f-4e8d-ad2a-9a24e8e757a9 0.041s
2026-02-05 11:47:24,442 168296 DEBUG    [tempest.lib.common.rest_client] Request - Headers: {'Content-Type': 'application/json', 'Accept': 'application/json', 'x-openstack-manila-api-version': '2.90', 'X-Auth-Token': '<omitted>'}
        Body: None
    Response - Headers: {'date': 'Thu, 05 Feb 2026 11:47:24 GMT', 'server': 'Apache/2.4.58 (Ubuntu)', 'content-type': 'application/json', 'content-length': '1335', 'x-compute-request-id': 'req-20ac55e3-663c-4bdd-8297-793ba4eca5ac', 'x-openstack-manila-api-version': '2.90', 'vary': 'X-OpenStack-Manila-API-Version', 'x-openstack-request-id': 'req-20ac55e3-663c-4bdd-8297-793ba4eca5ac', 'connection': 'close', 'status': '200', 'content-location': 'http://10.132.46.216/share/v2/96217bf292714c32b4284238f05b685a/shares/1f95f5b9-5a4f-4e8d-ad2a-9a24e8e757a9'}
        Body: b'{"share": {"id": "1f95f5b9-5a4f-4e8d-ad2a-9a24e8e757a9", "size": 1, "availability_zone": null, "created_at": "2026-02-05T11:47:21.240270", "status": "error", "name": "tempest-tempest-share-name-425161122", "description": "Tempest\'s share", "project_id": "96217bf292714c32b4284238f05b685a", "snapshot_id": null, "share_network_id": null, "share_proto": "NFS", "metadata": {}, "share_type": "309a2cef-3015-416b-9e3f-332effbc7f02", "volume_type": "tempest-typeshare-type-1102626535", "links": [{"rel": "self", "href": "http://10.132.46.216/share/v2/96217bf292714c32b4284238f05b685a/shares/1f95f5b9-5a4f-4e8d-ad2a-9a24e8e757a9"}, {"rel": "bookmark", "href": "http://10.132.46.216/share/96217bf292714c32b4284238f05b685a/shares/1f95f5b9-5a4f-4e8d-ad2a-9a24e8e757a9"}], "is_public": false, "snapshot_support": false, "task_state": null, "share_type_name": "tempest-typeshare-type-1102626535", "access_rules_status": "active", "replication_type": null, "has_replicas": false, "user_id": "af8fbb0e94074499ba55f9478885870d", "create_share_from_snapshot_support": false, "revert_to_snapshot_support": false, "share_group_id": null, "source_share_group_snapshot_member_id": null, "mount_snapshot_support": false, "progress": null, "is_soft_deleted": false, "scheduled_to_be_deleted_at": null, "source_backup_id": null, "encryption_key_ref": null}}'

{2} manila_tempest_tests.tests.api.test_share_types_negative.ShareTypesNegativeTest.test_share_type_update_bad_request_1_2_50 [0.013620s] ... ok
{2} manila_tempest_tests.tests.api.test_share_types_negative.ShareTypesNegativeTest.test_share_type_update_bad_request_2_2_90 [0.008905s] ... ok
{2} manila_tempest_tests.tests.api.test_share_types_negative.ShareTypesNegativeTest.test_share_type_update_bad_request_3_2_50_bad_public [0.010675s] ... ok
{2} manila_tempest_tests.tests.api.test_share_types_negative.ShareTypesNegativeTest.test_share_type_update_bad_request_4_2_90_bad_public [0.010527s] ... ok
{2} manila_tempest_tests.tests.api.test_share_types_negative.ShareTypesNegativeTest.test_share_type_update_bad_request_5_2_50_description [0.010824s] ... ok
{2} manila_tempest_tests.tests.api.test_share_types_negative.ShareTypesNegativeTest.test_share_type_update_bad_request_6_2_90_description [0.008358s] ... ok
{2} manila_tempest_tests.tests.api.test_share_types_negative.ShareTypesNegativeTest.test_share_type_update_conflict_1_2_50 [0.013317s] ... ok
{2} manila_tempest_tests.tests.api.test_share_types_negative.ShareTypesNegativeTest.test_share_type_update_conflict_2_2_90 [0.015892s] ... ok
{2} manila_tempest_tests.tests.api.test_share_types_negative.ShareTypesNegativeTest.test_try_add_access_to_share_type_with_user [0.087073s] ... ok
{2} manila_tempest_tests.tests.api.test_share_types_negative.ShareTypesNegativeTest.test_try_create_share_type_with_user [0.016147s] ... ok
{2} manila_tempest_tests.tests.api.test_share_types_negative.ShareTypesNegativeTest.test_try_delete_share_type_with_user [0.010218s] ... ok
{2} manila_tempest_tests.tests.api.test_share_types_negative.ShareTypesNegativeTest.test_try_remove_access_from_share_type_with_user [0.012562s] ... ok
{2} setUpClass (manila_tempest_tests.tests.api.test_shares.SharesCephFSTest) ... SKIPPED: cephfs tests are disabled
{2} setUpClass (manila_tempest_tests.tests.api.test_snapshot_metadata_negative.ShareSnapshotMetadataNegativeTest) ... SKIPPED: Snapshot tests are disabled.

==============================
Failed 61 tests - output below:
==============================

manila_tempest_tests.tests.api.******.test_scheduler_stats.SchedulerStatsAdminTest.test_pool_list[api,id-dab6d654-7d1c-4bc0-8017-1c4c072b49a1,positive]
------------------------------------------------------------------------------------------------------------------------------------------------------

Captured traceback:
~~~~~~~~~~~~~~~~~~~
    Traceback (most recent call last):

      File "/opt/stack/tempest/manila-tempest-plugin/manila_tempest_tests/tests/api/******/test_scheduler_stats.py", line 58, in test_pool_list
    self.assertNotEmpty(pool_list)

      File "/opt/stack/tempest/tempest/test.py", line 949, in assertNotEmpty
    self.assertTrue(items, msg)

      File "/usr/lib/python3.12/unittest/case.py", line 727, in assertTrue
    raise self.failureException(msg)

    AssertionError: [] is not true : sequence or collection is empty.


Captured pythonlogging:
~~~~~~~~~~~~~~~~~~~~~~~
    2026-02-05 11:43:24,382 168292 INFO     [tempest.lib.common.rest_client] Request (SchedulerStatsAdminTest:test_pool_list): 200 GET http://10.132.46.216/share/v1/6b2a2df48a7648b58046aff97b086ff6/scheduler-stats/pools 0.908s
2026-02-05 11:43:24,382 168292 DEBUG    [tempest.lib.common.rest_client] Request - Headers: {'Content-Type': 'application/json', 'Accept': 'application/json', 'X-Auth-Token': '<omitted>'}
        Body: None
    Response - Headers: {'date': 'Thu, 05 Feb 2026 11:43:23 GMT', 'server': 'Apache/2.4.58 (Ubuntu)', 'content-type': 'application/json', 'content-length': '13', 'x-compute-request-id': 'req-dfd7004c-e74f-46f1-b01d-518974a0a41e', 'x-openstack-manila-api-version': '1.0', 'vary': 'X-OpenStack-Manila-API-Version', 'x-openstack-request-id': 'req-dfd7004c-e74f-46f1-b01d-518974a0a41e', 'connection': 'close', 'status': '200', 'content-location': 'http://10.132.46.216/share/v1/6b2a2df48a7648b58046aff97b086ff6/scheduler-stats/pools'}
        Body: b'{"pools": []}'


manila_tempest_tests.tests.api.******.test_scheduler_stats.SchedulerStatsAdminTest.test_pool_list_detail[api,id-b6fdd156-3923-495a-ab01-f94bfb5d7040,positive]
-------------------------------------------------------------------------------------------------------------------------------------------------------------

Captured traceback:
~~~~~~~~~~~~~~~~~~~
    Traceback (most recent call last):

      File "/opt/stack/tempest/manila-tempest-plugin/manila_tempest_tests/tests/api/******/test_scheduler_stats.py", line 119, in test_pool_list_detail
    self.assertNotEmpty(pool_list)

      File "/opt/stack/tempest/tempest/test.py", line 949, in assertNotEmpty
    self.assertTrue(items, msg)

      File "/usr/lib/python3.12/unittest/case.py", line 727, in assertTrue
    raise self.failureException(msg)

    AssertionError: [] is not true : sequence or collection is empty.


Captured pythonlogging:
~~~~~~~~~~~~~~~~~~~~~~~
    2026-02-05 11:43:25,362 168292 INFO     [tempest.lib.common.rest_client] Request (SchedulerStatsAdminTest:test_pool_list_detail): 200 GET http://10.132.46.216/share/v1/6b2a2df48a7648b58046aff97b086ff6/scheduler-stats/pools/detail 0.964s
2026-02-05 11:43:25,363 168292 DEBUG    [tempest.lib.common.rest_client] Request - Headers: {'Content-Type': 'application/json', 'Accept': 'application/json', 'X-Auth-Token': '<omitted>'}
        Body: None
    Response - Headers: {'date': 'Thu, 05 Feb 2026 11:43:24 GMT', 'server': 'Apache/2.4.58 (Ubuntu)', 'content-type': 'application/json', 'content-length': '13', 'x-compute-request-id': 'req-16aa28d5-e42e-4f97-a6c7-50a47cd8c0d1', 'x-openstack-manila-api-version': '1.0', 'vary': 'X-OpenStack-Manila-API-Version', 'x-openstack-request-id': 'req-16aa28d5-e42e-4f97-a6c7-50a47cd8c0d1', 'connection': 'close', 'status': '200', 'content-location': 'http://10.132.46.216/share/v1/6b2a2df48a7648b58046aff97b086ff6/scheduler-stats/pools/detail'}
        Body: b'{"pools": []}'


manila_tempest_tests.tests.api.******.test_scheduler_stats.SchedulerStatsAdminTest.test_pool_list_detail_with_filters[api,id-071a1e47-959e-47df-ad19-335064bb25ff,positive]
--------------------------------------------------------------------------------------------------------------------------------------------------------------------------

Captured traceback:
~~~~~~~~~~~~~~~~~~~
    Traceback (most recent call last):

      File "/opt/stack/tempest/manila-tempest-plugin/manila_tempest_tests/tests/api/******/test_scheduler_stats.py", line 135, in test_pool_list_detail_with_filters
    self.assertNotEmpty(pool_list)

      File "/opt/stack/tempest/tempest/test.py", line 949, in assertNotEmpty
    self.assertTrue(items, msg)

      File "/usr/lib/python3.12/unittest/case.py", line 727, in assertTrue
    raise self.failureException(msg)

    AssertionError: [] is not true : sequence or collection is empty.


Captured pythonlogging:
~~~~~~~~~~~~~~~~~~~~~~~
    2026-02-05 11:43:25,883 168292 INFO     [tempest.lib.common.rest_client] Request (SchedulerStatsAdminTest:test_pool_list_detail_with_filters): 200 GET http://10.132.46.216/share/v1/6b2a2df48a7648b58046aff97b086ff6/scheduler-stats/pools/detail 0.517s
2026-02-05 11:43:25,884 168292 DEBUG    [tempest.lib.common.rest_client] Request - Headers: {'Content-Type': 'application/json', 'Accept': 'application/json', 'X-Auth-Token': '<omitted>'}
        Body: None
    Response - Headers: {'date': 'Thu, 05 Feb 2026 11:43:25 GMT', 'server': 'Apache/2.4.58 (Ubuntu)', 'content-type': 'application/json', 'content-length': '13', 'x-compute-request-id': 'req-4ed8d261-558b-427f-b4c6-1cdac1da75bb', 'x-openstack-manila-api-version': '1.0', 'vary': 'X-OpenStack-Manila-API-Version', 'x-openstack-request-id': 'req-4ed8d261-558b-427f-b4c6-1cdac1da75bb', 'connection': 'close', 'status': '200', 'content-location': 'http://10.132.46.216/share/v1/6b2a2df48a7648b58046aff97b086ff6/scheduler-stats/pools/detail'}
        Body: b'{"pools": []}'


manila_tempest_tests.tests.api.******.test_scheduler_stats.SchedulerStatsAdminTest.test_pool_list_with_filters[api,id-8f4582c4-df82-4b64-be79-a8c6fdc58eac,positive]
-------------------------------------------------------------------------------------------------------------------------------------------------------------------

Captured traceback:
~~~~~~~~~~~~~~~~~~~
    Traceback (most recent call last):

      File "/opt/stack/tempest/manila-tempest-plugin/manila_tempest_tests/tests/api/******/test_scheduler_stats.py", line 74, in test_pool_list_with_filters
    self.assertNotEmpty(pool_list)

      File "/opt/stack/tempest/tempest/test.py", line 949, in assertNotEmpty
    self.assertTrue(items, msg)

      File "/usr/lib/python3.12/unittest/case.py", line 727, in assertTrue
    raise self.failureException(msg)

    AssertionError: [] is not true : sequence or collection is empty.


Captured pythonlogging:
~~~~~~~~~~~~~~~~~~~~~~~
    2026-02-05 11:43:26,915 168292 INFO     [tempest.lib.common.rest_client] Request (SchedulerStatsAdminTest:test_pool_list_with_filters): 200 GET http://10.132.46.216/share/v1/6b2a2df48a7648b58046aff97b086ff6/scheduler-stats/pools 0.512s
2026-02-05 11:43:26,915 168292 DEBUG    [tempest.lib.common.rest_client] Request - Headers: {'Content-Type': 'application/json', 'Accept': 'application/json', 'X-Auth-Token': '<omitted>'}
        Body: None
    Response - Headers: {'date': 'Thu, 05 Feb 2026 11:43:26 GMT', 'server': 'Apache/2.4.58 (Ubuntu)', 'content-type': 'application/json', 'content-length': '13', 'x-compute-request-id': 'req-a6fbebb3-167f-4bbf-8e0f-df1b422bf8c9', 'x-openstack-manila-api-version': '1.0', 'vary': 'X-OpenStack-Manila-API-Version', 'x-openstack-request-id': 'req-a6fbebb3-167f-4bbf-8e0f-df1b422bf8c9', 'connection': 'close', 'status': '200', 'content-location': 'http://10.132.46.216/share/v1/6b2a2df48a7648b58046aff97b086ff6/scheduler-stats/pools'}
        Body: b'{"pools": []}'


manila_tempest_tests.tests.api.******.test_scheduler_stats.SchedulerStatsAdminTest.test_pool_list_with_share_type_filter_with_detail_1__True___name__[api_with_backend,id-f027fb62-1ec3-4f52-a782-e9dd9db34fda,positive]
-----------------------------------------------------------------------------------------------------------------------------------------------------------------------------------------------------------------------

Captured traceback:
~~~~~~~~~~~~~~~~~~~
    Traceback (most recent call last):

      File "/usr/lib/python3/dist-packages/ddt.py", line 220, in wrapper
    return func(self, *args, **kwargs)
           ^^^^^^^^^^^^^^^^^^^^^^^^^^^

      File "/opt/stack/tempest/manila-tempest-plugin/manila_tempest_tests/tests/api/******/test_scheduler_stats.py", line 189, in test_pool_list_with_share_type_filter_with_detail
    self.assertNotEmpty(pools)

      File "/opt/stack/tempest/tempest/test.py", line 949, in assertNotEmpty
    self.assertTrue(items, msg)

      File "/usr/lib/python3.12/unittest/case.py", line 727, in assertTrue
    raise self.failureException(msg)

    AssertionError: [] is not true : sequence or collection is empty.


Captured pythonlogging:
~~~~~~~~~~~~~~~~~~~~~~~
    2026-02-05 11:43:27,454 168292 INFO     [tempest.lib.common.rest_client] Request (SchedulerStatsAdminTest:test_pool_list_with_share_type_filter_with_detail): 200 POST http://10.132.46.216/share/v2/6b2a2df48a7648b58046aff97b086ff6/types 0.020s
2026-02-05 11:43:27,454 168292 DEBUG    [tempest.lib.common.rest_client] Request - Headers: {'Content-Type': 'application/json', 'Accept': 'application/json', 'x-openstack-manila-api-version': '2.90', 'X-Auth-Token': '<omitted>'}
        Body: {"share_type": {"name": "tempest-typeshare-type-702389289", "extra_specs": {"driver_handles_share_servers": "False"}, "share_type_access:is_public": true}}
    Response - Headers: {'date': 'Thu, 05 Feb 2026 11:43:27 GMT', 'server': 'Apache/2.4.58 (Ubuntu)', 'content-type': 'application/json', 'content-length': '621', 'x-compute-request-id': 'req-a3f0cb06-256b-4b98-9fb1-2ff03e7172cb', 'x-openstack-manila-api-version': '2.90', 'vary': 'X-OpenStack-Manila-API-Version', 'x-openstack-request-id': 'req-a3f0cb06-256b-4b98-9fb1-2ff03e7172cb', 'connection': 'close', 'status': '200', 'content-location': 'http://10.132.46.216/share/v2/6b2a2df48a7648b58046aff97b086ff6/types'}
        Body: b'{"volume_type": {"id": "e969246c-82a2-4a52-b6e4-a65aeeba8606", "name": "tempest-typeshare-type-702389289", "extra_specs": {"driver_handles_share_servers": "False"}, "required_extra_specs": {"driver_handles_share_servers": "False"}, "share_type_access:is_public": true, "description": null, "is_default": false}, "share_type": {"id": "e969246c-82a2-4a52-b6e4-a65aeeba8606", "name": "tempest-typeshare-type-702389289", "extra_specs": {"driver_handles_share_servers": "False"}, "required_extra_specs": {"driver_handles_share_servers": "False"}, "share_type_access:is_public": true, "description": null, "is_default": false}}'
2026-02-05 11:43:28,108 168292 INFO     [tempest.lib.common.rest_client] Request (SchedulerStatsAdminTest:test_pool_list_with_share_type_filter_with_detail): 200 GET http://10.132.46.216/share/v2/6b2a2df48a7648b58046aff97b086ff6/scheduler-stats/pools/detail?share_type=tempest-typeshare-type-702389289 0.653s
2026-02-05 11:43:28,108 168292 DEBUG    [tempest.lib.common.rest_client] Request - Headers: {'Content-Type': 'application/json', 'Accept': 'application/json', 'x-openstack-manila-api-version': '2.90', 'X-Auth-Token': '<omitted>'}
        Body: None
    Response - Headers: {'date': 'Thu, 05 Feb 2026 11:43:27 GMT', 'server': 'Apache/2.4.58 (Ubuntu)', 'content-type': 'application/json', 'content-length': '13', 'x-compute-request-id': 'req-b3ab3930-355e-4627-a617-918c50e62f85', 'x-openstack-manila-api-version': '2.90', 'vary': 'X-OpenStack-Manila-API-Version', 'x-openstack-request-id': 'req-b3ab3930-355e-4627-a617-918c50e62f85', 'connection': 'close', 'status': '200', 'content-location': 'http://10.132.46.216/share/v2/6b2a2df48a7648b58046aff97b086ff6/scheduler-stats/pools/detail?share_type=tempest-typeshare-type-702389289'}
        Body: b'{"pools": []}'


manila_tempest_tests.tests.api.******.test_scheduler_stats.SchedulerStatsAdminTest.test_pool_list_with_share_type_filter_with_detail_2__True___id__[api_with_backend,id-f027fb62-1ec3-4f52-a782-e9dd9db34fda,positive]
---------------------------------------------------------------------------------------------------------------------------------------------------------------------------------------------------------------------

Captured traceback:
~~~~~~~~~~~~~~~~~~~
    Traceback (most recent call last):

      File "/usr/lib/python3/dist-packages/ddt.py", line 220, in wrapper
    return func(self, *args, **kwargs)
           ^^^^^^^^^^^^^^^^^^^^^^^^^^^

      File "/opt/stack/tempest/manila-tempest-plugin/manila_tempest_tests/tests/api/******/test_scheduler_stats.py", line 189, in test_pool_list_with_share_type_filter_with_detail
    self.assertNotEmpty(pools)

      File "/opt/stack/tempest/tempest/test.py", line 949, in assertNotEmpty
    self.assertTrue(items, msg)

      File "/usr/lib/python3.12/unittest/case.py", line 727, in assertTrue
    raise self.failureException(msg)

    AssertionError: [] is not true : sequence or collection is empty.


Captured pythonlogging:
~~~~~~~~~~~~~~~~~~~~~~~
    2026-02-05 11:43:28,147 168292 INFO     [tempest.lib.common.rest_client] Request (SchedulerStatsAdminTest:test_pool_list_with_share_type_filter_with_detail): 200 POST http://10.132.46.216/share/v2/6b2a2df48a7648b58046aff97b086ff6/types 0.025s
2026-02-05 11:43:28,147 168292 DEBUG    [tempest.lib.common.rest_client] Request - Headers: {'Content-Type': 'application/json', 'Accept': 'application/json', 'x-openstack-manila-api-version': '2.90', 'X-Auth-Token': '<omitted>'}
        Body: {"share_type": {"name": "tempest-typeshare-type-1301183791", "extra_specs": {"driver_handles_share_servers": "False"}, "share_type_access:is_public": true}}
    Response - Headers: {'date': 'Thu, 05 Feb 2026 11:43:28 GMT', 'server': 'Apache/2.4.58 (Ubuntu)', 'content-type': 'application/json', 'content-length': '623', 'x-compute-request-id': 'req-d5f1b3de-3758-4287-9584-8c0d19c55b4f', 'x-openstack-manila-api-version': '2.90', 'vary': 'X-OpenStack-Manila-API-Version', 'x-openstack-request-id': 'req-d5f1b3de-3758-4287-9584-8c0d19c55b4f', 'connection': 'close', 'status': '200', 'content-location': 'http://10.132.46.216/share/v2/6b2a2df48a7648b58046aff97b086ff6/types'}
        Body: b'{"volume_type": {"id": "936d5989-1cc0-4e6d-8bfc-b1e4334eb049", "name": "tempest-typeshare-type-1301183791", "extra_specs": {"driver_handles_share_servers": "False"}, "required_extra_specs": {"driver_handles_share_servers": "False"}, "share_type_access:is_public": true, "description": null, "is_default": false}, "share_type": {"id": "936d5989-1cc0-4e6d-8bfc-b1e4334eb049", "name": "tempest-typeshare-type-1301183791", "extra_specs": {"driver_handles_share_servers": "False"}, "required_extra_specs": {"driver_handles_share_servers": "False"}, "share_type_access:is_public": true, "description": null, "is_default": false}}'
2026-02-05 11:43:28,671 168292 INFO     [tempest.lib.common.rest_client] Request (SchedulerStatsAdminTest:test_pool_list_with_share_type_filter_with_detail): 200 GET http://10.132.46.216/share/v2/6b2a2df48a7648b58046aff97b086ff6/scheduler-stats/pools/detail?share_type=936d5989-1cc0-4e6d-8bfc-b1e4334eb049 0.524s
2026-02-05 11:43:28,672 168292 DEBUG    [tempest.lib.common.rest_client] Request - Headers: {'Content-Type': 'application/json', 'Accept': 'application/json', 'x-openstack-manila-api-version': '2.90', 'X-Auth-Token': '<omitted>'}
        Body: None
    Response - Headers: {'date': 'Thu, 05 Feb 2026 11:43:28 GMT', 'server': 'Apache/2.4.58 (Ubuntu)', 'content-type': 'application/json', 'content-length': '13', 'x-compute-request-id': 'req-fa5e7164-449b-40ab-865e-63cf90d3494b', 'x-openstack-manila-api-version': '2.90', 'vary': 'X-OpenStack-Manila-API-Version', 'x-openstack-request-id': 'req-fa5e7164-449b-40ab-865e-63cf90d3494b', 'connection': 'close', 'status': '200', 'content-location': 'http://10.132.46.216/share/v2/6b2a2df48a7648b58046aff97b086ff6/scheduler-stats/pools/detail?share_type=936d5989-1cc0-4e6d-8bfc-b1e4334eb049'}
        Body: b'{"pools": []}'


manila_tempest_tests.tests.api.******.test_scheduler_stats.SchedulerStatsAdminTest.test_pool_list_with_share_type_filter_with_detail_3__False___name__[api_with_backend,id-f027fb62-1ec3-4f52-a782-e9dd9db34fda,positive]
------------------------------------------------------------------------------------------------------------------------------------------------------------------------------------------------------------------------

Captured traceback:
~~~~~~~~~~~~~~~~~~~
    Traceback (most recent call last):

      File "/usr/lib/python3/dist-packages/ddt.py", line 220, in wrapper
    return func(self, *args, **kwargs)
           ^^^^^^^^^^^^^^^^^^^^^^^^^^^

      File "/opt/stack/tempest/manila-tempest-plugin/manila_tempest_tests/tests/api/******/test_scheduler_stats.py", line 189, in test_pool_list_with_share_type_filter_with_detail
    self.assertNotEmpty(pools)

      File "/opt/stack/tempest/tempest/test.py", line 949, in assertNotEmpty
    self.assertTrue(items, msg)

      File "/usr/lib/python3.12/unittest/case.py", line 727, in assertTrue
    raise self.failureException(msg)

    AssertionError: [] is not true : sequence or collection is empty.


Captured pythonlogging:
~~~~~~~~~~~~~~~~~~~~~~~
    2026-02-05 11:43:28,713 168292 INFO     [tempest.lib.common.rest_client] Request (SchedulerStatsAdminTest:test_pool_list_with_share_type_filter_with_detail): 200 POST http://10.132.46.216/share/v2/6b2a2df48a7648b58046aff97b086ff6/types 0.036s
2026-02-05 11:43:28,713 168292 DEBUG    [tempest.lib.common.rest_client] Request - Headers: {'Content-Type': 'application/json', 'Accept': 'application/json', 'x-openstack-manila-api-version': '2.90', 'X-Auth-Token': '<omitted>'}
        Body: {"share_type": {"name": "tempest-typeshare-type-25038377", "extra_specs": {"driver_handles_share_servers": "False"}, "share_type_access:is_public": true}}
    Response - Headers: {'date': 'Thu, 05 Feb 2026 11:43:28 GMT', 'server': 'Apache/2.4.58 (Ubuntu)', 'content-type': 'application/json', 'content-length': '619', 'x-compute-request-id': 'req-f3c4321c-1a35-4bc9-b811-dbb687168e07', 'x-openstack-manila-api-version': '2.90', 'vary': 'X-OpenStack-Manila-API-Version', 'x-openstack-request-id': 'req-f3c4321c-1a35-4bc9-b811-dbb687168e07', 'connection': 'close', 'status': '200', 'content-location': 'http://10.132.46.216/share/v2/6b2a2df48a7648b58046aff97b086ff6/types'}
        Body: b'{"volume_type": {"id": "d4900570-d53c-4bab-8469-de7b26680bd6", "name": "tempest-typeshare-type-25038377", "extra_specs": {"driver_handles_share_servers": "False"}, "required_extra_specs": {"driver_handles_share_servers": "False"}, "share_type_access:is_public": true, "description": null, "is_default": false}, "share_type": {"id": "d4900570-d53c-4bab-8469-de7b26680bd6", "name": "tempest-typeshare-type-25038377", "extra_specs": {"driver_handles_share_servers": "False"}, "required_extra_specs": {"driver_handles_share_servers": "False"}, "share_type_access:is_public": true, "description": null, "is_default": false}}'
2026-02-05 11:43:29,245 168292 INFO     [tempest.lib.common.rest_client] Request (SchedulerStatsAdminTest:test_pool_list_with_share_type_filter_with_detail): 200 GET http://10.132.46.216/share/v2/6b2a2df48a7648b58046aff97b086ff6/scheduler-stats/pools?share_type=tempest-typeshare-type-25038377 0.531s
2026-02-05 11:43:29,245 168292 DEBUG    [tempest.lib.common.rest_client] Request - Headers: {'Content-Type': 'application/json', 'Accept': 'application/json', 'x-openstack-manila-api-version': '2.90', 'X-Auth-Token': '<omitted>'}
        Body: None
    Response - Headers: {'date': 'Thu, 05 Feb 2026 11:43:28 GMT', 'server': 'Apache/2.4.58 (Ubuntu)', 'content-type': 'application/json', 'content-length': '13', 'x-compute-request-id': 'req-585ea0f3-54a1-461e-b009-b4ffb55fc40f', 'x-openstack-manila-api-version': '2.90', 'vary': 'X-OpenStack-Manila-API-Version', 'x-openstack-request-id': 'req-585ea0f3-54a1-461e-b009-b4ffb55fc40f', 'connection': 'close', 'status': '200', 'content-location': 'http://10.132.46.216/share/v2/6b2a2df48a7648b58046aff97b086ff6/scheduler-stats/pools?share_type=tempest-typeshare-type-25038377'}
        Body: b'{"pools": []}'


manila_tempest_tests.tests.api.******.test_scheduler_stats.SchedulerStatsAdminTest.test_pool_list_with_share_type_filter_with_detail_4__False___id__[api_with_backend,id-f027fb62-1ec3-4f52-a782-e9dd9db34fda,positive]
----------------------------------------------------------------------------------------------------------------------------------------------------------------------------------------------------------------------

Captured traceback:
~~~~~~~~~~~~~~~~~~~
    Traceback (most recent call last):

      File "/usr/lib/python3/dist-packages/ddt.py", line 220, in wrapper
    return func(self, *args, **kwargs)
           ^^^^^^^^^^^^^^^^^^^^^^^^^^^

      File "/opt/stack/tempest/manila-tempest-plugin/manila_tempest_tests/tests/api/******/test_scheduler_stats.py", line 189, in test_pool_list_with_share_type_filter_with_detail
    self.assertNotEmpty(pools)

      File "/opt/stack/tempest/tempest/test.py", line 949, in assertNotEmpty
    self.assertTrue(items, msg)

      File "/usr/lib/python3.12/unittest/case.py", line 727, in assertTrue
    raise self.failureException(msg)

    AssertionError: [] is not true : sequence or collection is empty.


Captured pythonlogging:
~~~~~~~~~~~~~~~~~~~~~~~
    2026-02-05 11:43:29,271 168292 INFO     [tempest.lib.common.rest_client] Request (SchedulerStatsAdminTest:test_pool_list_with_share_type_filter_with_detail): 200 POST http://10.132.46.216/share/v2/6b2a2df48a7648b58046aff97b086ff6/types 0.024s
2026-02-05 11:43:29,272 168292 DEBUG    [tempest.lib.common.rest_client] Request - Headers: {'Content-Type': 'application/json', 'Accept': 'application/json', 'x-openstack-manila-api-version': '2.90', 'X-Auth-Token': '<omitted>'}
        Body: {"share_type": {"name": "tempest-typeshare-type-1612303467", "extra_specs": {"driver_handles_share_servers": "False"}, "share_type_access:is_public": true}}
    Response - Headers: {'date': 'Thu, 05 Feb 2026 11:43:29 GMT', 'server': 'Apache/2.4.58 (Ubuntu)', 'content-type': 'application/json', 'content-length': '623', 'x-compute-request-id': 'req-2a52ffcd-cc5a-466b-bdec-e9db81768805', 'x-openstack-manila-api-version': '2.90', 'vary': 'X-OpenStack-Manila-API-Version', 'x-openstack-request-id': 'req-2a52ffcd-cc5a-466b-bdec-e9db81768805', 'connection': 'close', 'status': '200', 'content-location': 'http://10.132.46.216/share/v2/6b2a2df48a7648b58046aff97b086ff6/types'}
        Body: b'{"volume_type": {"id": "6dd3fffb-781a-4304-82b0-1665c0394422", "name": "tempest-typeshare-type-1612303467", "extra_specs": {"driver_handles_share_servers": "False"}, "required_extra_specs": {"driver_handles_share_servers": "False"}, "share_type_access:is_public": true, "description": null, "is_default": false}, "share_type": {"id": "6dd3fffb-781a-4304-82b0-1665c0394422", "name": "tempest-typeshare-type-1612303467", "extra_specs": {"driver_handles_share_servers": "False"}, "required_extra_specs": {"driver_handles_share_servers": "False"}, "share_type_access:is_public": true, "description": null, "is_default": false}}'
2026-02-05 11:43:29,787 168292 INFO     [tempest.lib.common.rest_client] Request (SchedulerStatsAdminTest:test_pool_list_with_share_type_filter_with_detail): 200 GET http://10.132.46.216/share/v2/6b2a2df48a7648b58046aff97b086ff6/scheduler-stats/pools?share_type=6dd3fffb-781a-4304-82b0-1665c0394422 0.514s
2026-02-05 11:43:29,787 168292 DEBUG    [tempest.lib.common.rest_client] Request - Headers: {'Content-Type': 'application/json', 'Accept': 'application/json', 'x-openstack-manila-api-version': '2.90', 'X-Auth-Token': '<omitted>'}
        Body: None
    Response - Headers: {'date': 'Thu, 05 Feb 2026 11:43:29 GMT', 'server': 'Apache/2.4.58 (Ubuntu)', 'content-type': 'application/json', 'content-length': '13', 'x-compute-request-id': 'req-9fe71c68-80d2-485b-9982-6e2be05fd662', 'x-openstack-manila-api-version': '2.90', 'vary': 'X-OpenStack-Manila-API-Version', 'x-openstack-request-id': 'req-9fe71c68-80d2-485b-9982-6e2be05fd662', 'connection': 'close', 'status': '200', 'content-location': 'http://10.132.46.216/share/v2/6b2a2df48a7648b58046aff97b086ff6/scheduler-stats/pools?share_type=6dd3fffb-781a-4304-82b0-1665c0394422'}
        Body: b'{"pools": []}'


setUpClass (manila_tempest_tests.tests.api.******.test_******_actions.AdminActionsTest)
-------------------------------------------------------------------------------------

Captured traceback:
~~~~~~~~~~~~~~~~~~~
    Traceback (most recent call last):

      File "/opt/stack/tempest/tempest/test.py", line 185, in setUpClass
    raise value.with_traceback(trace)

      File "/opt/stack/tempest/tempest/test.py", line 178, in setUpClass
    cls.resource_setup()

      File "/opt/stack/tempest/manila-tempest-plugin/manila_tempest_tests/tests/api/******/test_******_actions.py", line 46, in resource_setup
    cls.share = cls.create_share(share_type_id=cls.share_type_id)
                ^^^^^^^^^^^^^^^^^^^^^^^^^^^^^^^^^^^^^^^^^^^^^^^^^

      File "/opt/stack/tempest/manila-tempest-plugin/manila_tempest_tests/tests/api/base.py", line 411, in create_share
    result = cls.create_shares([{"args": args, "kwargs": kwargs}])
             ^^^^^^^^^^^^^^^^^^^^^^^^^^^^^^^^^^^^^^^^^^^^^^^^^^^^^

      File "/opt/stack/tempest/manila-tempest-plugin/manila_tempest_tests/tests/api/base.py", line 469, in create_shares
    waiters.wait_for_resource_status(

      File "/opt/stack/tempest/manila-tempest-plugin/manila_tempest_tests/common/waiters.py", line 109, in wait_for_resource_status
    raise resource_exception(resource_id=resource_id)

    manila_tempest_tests.share_exceptions.ShareBuildErrorException: Share f84df81a-6ae0-4720-8d2a-8fa8c47a5308 failed to build and is in ERROR status


setUpClass (manila_tempest_tests.tests.api.******.test_export_locations_negative.ExportLocationsNegativeTest)
------------------------------------------------------------------------------------------------------------

Captured traceback:
~~~~~~~~~~~~~~~~~~~
    Traceback (most recent call last):

      File "/opt/stack/tempest/tempest/test.py", line 185, in setUpClass
    raise value.with_traceback(trace)

      File "/opt/stack/tempest/tempest/test.py", line 178, in setUpClass
    cls.resource_setup()

      File "/opt/stack/tempest/manila-tempest-plugin/manila_tempest_tests/tests/api/******/test_export_locations_negative.py", line 47, in resource_setup
    cls.share = cls.create_share(client=cls.******_client,
                ^^^^^^^^^^^^^^^^^^^^^^^^^^^^^^^^^^^^^^^^^

      File "/opt/stack/tempest/manila-tempest-plugin/manila_tempest_tests/tests/api/base.py", line 411, in create_share
    result = cls.create_shares([{"args": args, "kwargs": kwargs}])
             ^^^^^^^^^^^^^^^^^^^^^^^^^^^^^^^^^^^^^^^^^^^^^^^^^^^^^

      File "/opt/stack/tempest/manila-tempest-plugin/manila_tempest_tests/tests/api/base.py", line 469, in create_shares
    waiters.wait_for_resource_status(

      File "/opt/stack/tempest/manila-tempest-plugin/manila_tempest_tests/common/waiters.py", line 109, in wait_for_resource_status
    raise resource_exception(resource_id=resource_id)

    manila_tempest_tests.share_exceptions.ShareBuildErrorException: Share 3107854c-78d7-4bc7-ae73-974aaae66d51 failed to build and is in ERROR status


setUpClass (manila_tempest_tests.tests.api.******.test_******_actions_negative.AdminActionsNegativeTest)
------------------------------------------------------------------------------------------------------

Captured traceback:
~~~~~~~~~~~~~~~~~~~
    Traceback (most recent call last):

      File "/opt/stack/tempest/tempest/test.py", line 185, in setUpClass
    raise value.with_traceback(trace)

      File "/opt/stack/tempest/tempest/test.py", line 178, in setUpClass
    cls.resource_setup()

      File "/opt/stack/tempest/manila-tempest-plugin/manila_tempest_tests/tests/api/******/test_******_actions_negative.py", line 43, in resource_setup
    cls.share = cls.create_share(share_type_id=cls.share_type_id,
                ^^^^^^^^^^^^^^^^^^^^^^^^^^^^^^^^^^^^^^^^^^^^^^^^^

      File "/opt/stack/tempest/manila-tempest-plugin/manila_tempest_tests/tests/api/base.py", line 411, in create_share
    result = cls.create_shares([{"args": args, "kwargs": kwargs}])
             ^^^^^^^^^^^^^^^^^^^^^^^^^^^^^^^^^^^^^^^^^^^^^^^^^^^^^

      File "/opt/stack/tempest/manila-tempest-plugin/manila_tempest_tests/tests/api/base.py", line 469, in create_shares
    waiters.wait_for_resource_status(

      File "/opt/stack/tempest/manila-tempest-plugin/manila_tempest_tests/common/waiters.py", line 109, in wait_for_resource_status
    raise resource_exception(resource_id=resource_id)

    manila_tempest_tests.share_exceptions.ShareBuildErrorException: Share 3ecc3104-01be-4148-80ed-415cd1f567d2 failed to build and is in ERROR status


manila_tempest_tests.tests.api.******.test_quotas_negative.SharesAdminQuotasNegativeTest.test_create_share_over_quota_limit[api_with_backend,id-6396daab-ba73-4140-8a0a-8eef0a01804d,negative]
---------------------------------------------------------------------------------------------------------------------------------------------------------------------------------------------

Captured traceback:
~~~~~~~~~~~~~~~~~~~
    Traceback (most recent call last):

      File "/opt/stack/tempest/manila-tempest-plugin/manila_tempest_tests/tests/api/******/test_quotas_negative.py", line 422, in test_create_share_over_quota_limit
    self.create_share(share_type_id=self.share_type_id)

      File "/opt/stack/tempest/manila-tempest-plugin/manila_tempest_tests/tests/api/base.py", line 411, in create_share
    result = cls.create_shares([{"args": args, "kwargs": kwargs}])
             ^^^^^^^^^^^^^^^^^^^^^^^^^^^^^^^^^^^^^^^^^^^^^^^^^^^^^

      File "/opt/stack/tempest/manila-tempest-plugin/manila_tempest_tests/tests/api/base.py", line 469, in create_shares
    waiters.wait_for_resource_status(

      File "/opt/stack/tempest/manila-tempest-plugin/manila_tempest_tests/common/waiters.py", line 109, in wait_for_resource_status
    raise resource_exception(resource_id=resource_id)

    manila_tempest_tests.share_exceptions.ShareBuildErrorException: Share d5bb3ba0-3e9f-42db-a496-314ca33670e9 failed to build and is in ERROR status


Captured pythonlogging:
~~~~~~~~~~~~~~~~~~~~~~~
    2026-02-05 11:43:42,139 168296 INFO     [tempest.lib.common.rest_client] Request (SharesAdminQuotasNegativeTest:test_create_share_over_quota_limit): 200 POST http://10.132.46.216/share/v2/8a2ec5b4b86f445fb4e15e1602e7d200/shares 0.224s
2026-02-05 11:43:42,140 168296 DEBUG    [tempest.lib.common.rest_client] Request - Headers: {'Content-Type': 'application/json', 'Accept': 'application/json', 'x-openstack-manila-api-version': '2.90', 'X-Auth-Token': '<omitted>'}
        Body: {"share": {"share_proto": "nfs", "description": "Tempest's share", "snapshot_id": null, "name": "tempest-tempest-created-share-979436221", "size": 1, "metadata": {}, "is_public": false, "share_type": "70eed0bf-5006-431c-8460-2598d3f5233c"}}
    Response - Headers: {'date': 'Thu, 05 Feb 2026 11:43:41 GMT', 'server': 'Apache/2.4.58 (Ubuntu)', 'content-type': 'application/json', 'content-length': '1376', 'x-compute-request-id': 'req-588a23be-ce71-4657-b389-38caef68ac70', 'x-openstack-manila-api-version': '2.90', 'vary': 'X-OpenStack-Manila-API-Version', 'x-openstack-request-id': 'req-588a23be-ce71-4657-b389-38caef68ac70', 'connection': 'close', 'status': '200', 'content-location': 'http://10.132.46.216/share/v2/8a2ec5b4b86f445fb4e15e1602e7d200/shares'}
        Body: b'{"share": {"id": "d5bb3ba0-3e9f-42db-a496-314ca33670e9", "size": 1, "availability_zone": null, "created_at": "2026-02-05T11:43:42.000653", "status": "creating", "name": "tempest-tempest-created-share-979436221", "description": "Tempest\'s share", "project_id": "8a2ec5b4b86f445fb4e15e1602e7d200", "snapshot_id": null, "share_network_id": null, "share_proto": "NFS", "metadata": {}, "share_type": "70eed0bf-5006-431c-8460-2598d3f5233c", "volume_type": "tempest-typeshare-type-370770502", "links": [{"rel": "self", "href": "http://10.132.46.216/share/v2/8a2ec5b4b86f445fb4e15e1602e7d200/shares/d5bb3ba0-3e9f-42db-a496-314ca33670e9"}, {"rel": "bookmark", "href": "http://10.132.46.216/share/8a2ec5b4b86f445fb4e15e1602e7d200/shares/d5bb3ba0-3e9f-42db-a496-314ca33670e9"}], "is_public": false, "snapshot_support": false, "task_state": null, "share_type_name": "tempest-typeshare-type-370770502", "access_rules_status": "active", "replication_type": null, "has_replicas": false, "user_id": "0ce0d763e6274ef2beec5b1f866bad39", "create_share_from_snapshot_support": false, "revert_to_snapshot_support": false, "share_group_id": null, "source_share_group_snapshot_member_id": null, "mount_snapshot_support": false, "progress": null, "is_soft_deleted": false, "scheduled_to_be_deleted_at": null, "source_backup_id": null, "encryption_key_ref": null, "share_server_id": null, "host": ""}}'
2026-02-05 11:43:42,171 168296 INFO     [tempest.lib.common.rest_client] Request (SharesAdminQuotasNegativeTest:test_create_share_over_quota_limit): 200 GET http://10.132.46.216/share/v2/8a2ec5b4b86f445fb4e15e1602e7d200/shares/d5bb3ba0-3e9f-42db-a496-314ca33670e9 0.031s
2026-02-05 11:43:42,172 168296 DEBUG    [tempest.lib.common.rest_client] Request - Headers: {'Content-Type': 'application/json', 'Accept': 'application/json', 'x-openstack-manila-api-version': '2.90', 'X-Auth-Token': '<omitted>'}
        Body: None
    Response - Headers: {'date': 'Thu, 05 Feb 2026 11:43:42 GMT', 'server': 'Apache/2.4.58 (Ubuntu)', 'content-type': 'application/json', 'content-length': '1376', 'x-compute-request-id': 'req-477cabc5-bc8b-4822-b033-ba969f042774', 'x-openstack-manila-api-version': '2.90', 'vary': 'X-OpenStack-Manila-API-Version', 'x-openstack-request-id': 'req-477cabc5-bc8b-4822-b033-ba969f042774', 'connection': 'close', 'status': '200', 'content-location': 'http://10.132.46.216/share/v2/8a2ec5b4b86f445fb4e15e1602e7d200/shares/d5bb3ba0-3e9f-42db-a496-314ca33670e9'}
        Body: b'{"share": {"id": "d5bb3ba0-3e9f-42db-a496-314ca33670e9", "size": 1, "availability_zone": null, "created_at": "2026-02-05T11:43:42.000653", "status": "creating", "name": "tempest-tempest-created-share-979436221", "description": "Tempest\'s share", "project_id": "8a2ec5b4b86f445fb4e15e1602e7d200", "snapshot_id": null, "share_network_id": null, "share_proto": "NFS", "met
    adata": {}, "share_type": "70eed0bf-5006-431c-8460-2598d3f5233c", "volume_type": "tempest-typeshare-type-370770502", "links": [{"rel": "self", "href": "http://10.132.46.216/share/v2/8a2ec5b4b86f445fb4e15e1602e7d200/shares/d5bb3ba0-3e9f-42db-a496-314ca33670e9"}, {"rel": "bookmark", "href": "http://10.132.46.216/share/8a2ec5b4b86f445fb4e15e1602e7d200/shares/d5bb3ba0-3e9f-42db-a496-314ca33670e9"}], "is_public": false, "snapshot_support": false, "task_state": null, "share_type_name": "tempest-typeshare-type-370770502", "access_rules_status": "active", "replication_type": null, "has_replicas": false, "user_id": "0ce0d763e6274ef2beec5b1f866bad39", "create_share_from_snapshot_support": false, "revert_to_snapshot_support": false, "share_group_id": null, "source_share_group_snapshot_member_id": null, "mount_snapshot_support": false, "progress": null, "is_soft_deleted": false, "scheduled_to_be_deleted_at": null, "source_backup_id": null, "encryption_key_ref": null, "share_server_id": null, "host": ""}}'
2026-02-05 11:43:45,204 168296 INFO     [tempest.lib.common.rest_client] Request (SharesAdminQuotasNegativeTest:test_create_share_over_quota_limit): 200 GET http://10.132.46.216/share/v2/8a2ec5b4b86f445fb4e15e1602e7d200/shares/d5bb3ba0-3e9f-42db-a496-314ca33670e9 0.030s
2026-02-05 11:43:45,204 168296 DEBUG    [tempest.lib.common.rest_client] Request - Headers: {'Content-Type': 'application/json', 'Accept': 'application/json', 'x-openstack-manila-api-version': '2.90', 'X-Auth-Token': '<omitted>'}
        Body: None
    Response - Headers: {'date': 'Thu, 05 Feb 2026 11:43:45 GMT', 'server': 'Apache/2.4.58 (Ubuntu)', 'content-type': 'application/json', 'content-length': '1373', 'x-compute-request-id': 'req-371c48cc-663a-418a-aceb-c0332c793c2d', 'x-openstack-manila-api-version': '2.90', 'vary': 'X-OpenStack-Manila-API-Version', 'x-openstack-request-id': 'req-371c48cc-663a-418a-aceb-c0332c793c2d', 'connection': 'close', 'status': '200', 'content-location': 'http://10.132.46.216/share/v2/8a2ec5b4b86f445fb4e15e1602e7d200/shares/d5bb3ba0-3e9f-42db-a496-314ca33670e9'}
        Body: b'{"share": {"id": "d5bb3ba0-3e9f-42db-a496-314ca33670e9", "size": 1, "availability_zone": null, "created_at": "2026-02-05T11:43:42.000653", "status": "error", "name": "tempest-tempest-created-share-979436221", "description": "Tempest\'s share", "project_id": "8a2ec5b4b86f445fb4e15e1602e7d200", "snapshot_id": null, "share_network_id": null, "share_proto": "NFS", "metadata": {}, "share_type": "70eed0bf-5006-431c-8460-2598d3f5233c", "volume_type": "tempest-typeshare-type-370770502", "links": [{"rel": "self", "href": "http://10.132.46.216/share/v2/8a2ec5b4b86f445fb4e15e1602e7d200/shares/d5bb3ba0-3e9f-42db-a496-314ca33670e9"}, {"rel": "bookmark", "href": "http://10.132.46.216/share/8a2ec5b4b86f445fb4e15e1602e7d200/shares/d5bb3ba0-3e9f-42db-a496-314ca33670e9"}], "is_public": false, "snapshot_support": false, "task_state": null, "share_type_name": "tempest-typeshare-type-370770502", "access_rules_status": "active", "replication_type": null, "has_replicas": false, "user_id": "0ce0d763e6274ef2beec5b1f866bad39", "create_share_from_snapshot_support": false, "revert_to_snapshot_support": false, "share_group_id": null, "source_share_group_snapshot_member_id": null, "mount_snapshot_support": false, "progress": null, "is_soft_deleted": false, "scheduled_to_be_deleted_at": null, "source_backup_id": null, "encryption_key_ref": null, "share_server_id": null, "host": ""}}'


setUpClass (manila_tempest_tests.tests.api.******.test_export_locations.ExportLocationsTest)
-------------------------------------------------------------------------------------------

Captured traceback:
~~~~~~~~~~~~~~~~~~~
    Traceback (most recent call last):

      File "/opt/stack/tempest/tempest/test.py", line 185, in setUpClass
    raise value.with_traceback(trace)

      File "/opt/stack/tempest/tempest/test.py", line 178, in setUpClass
    cls.resource_setup()

      File "/opt/stack/tempest/manila-tempest-plugin/manila_tempest_tests/tests/api/******/test_export_locations.py", line 47, in resource_setup
    cls.share = cls.create_share(share_type_id=cls.share_type_id,
                ^^^^^^^^^^^^^^^^^^^^^^^^^^^^^^^^^^^^^^^^^^^^^^^^^

      File "/opt/stack/tempest/manila-tempest-plugin/manila_tempest_tests/tests/api/base.py", line 411, in create_share
    result = cls.create_shares([{"args": args, "kwargs": kwargs}])
             ^^^^^^^^^^^^^^^^^^^^^^^^^^^^^^^^^^^^^^^^^^^^^^^^^^^^^

      File "/opt/stack/tempest/manila-tempest-plugin/manila_tempest_tests/tests/api/base.py", line 469, in create_shares
    waiters.wait_for_resource_status(

      File "/opt/stack/tempest/manila-tempest-plugin/manila_tempest_tests/common/waiters.py", line 109, in wait_for_resource_status
    raise resource_exception(resource_id=resource_id)

    manila_tempest_tests.share_exceptions.ShareBuildErrorException: Share 8e50de16-3762-42a2-b76e-66852ba61c1b failed to build and is in ERROR status


setUpClass (manila_tempest_tests.tests.api.test_access_rules_metadata.AccessRulesMetadataTest)
----------------------------------------------------------------------------------------------

Captured traceback:
~~~~~~~~~~~~~~~~~~~
    Traceback (most recent call last):

      File "/opt/stack/tempest/tempest/test.py", line 185, in setUpClass
    raise value.with_traceback(trace)

      File "/opt/stack/tempest/tempest/test.py", line 178, in setUpClass
    cls.resource_setup()

      File "/opt/stack/tempest/manila-tempest-plugin/manila_tempest_tests/tests/api/test_access_rules_metadata.py", line 75, in resource_setup
    cls.share = cls.create_share(share_type_id=cls.share_type_id)
                ^^^^^^^^^^^^^^^^^^^^^^^^^^^^^^^^^^^^^^^^^^^^^^^^^

      File "/opt/stack/tempest/manila-tempest-plugin/manila_tempest_tests/tests/api/base.py", line 411, in create_share
    result = cls.create_shares([{"args": args, "kwargs": kwargs}])
             ^^^^^^^^^^^^^^^^^^^^^^^^^^^^^^^^^^^^^^^^^^^^^^^^^^^^^

      File "/opt/stack/tempest/manila-tempest-plugin/manila_tempest_tests/tests/api/base.py", line 469, in create_shares
    waiters.wait_for_resource_status(

      File "/opt/stack/tempest/manila-tempest-plugin/manila_tempest_tests/common/waiters.py", line 109, in wait_for_resource_status
    raise resource_exception(resource_id=resource_id)

    manila_tempest_tests.share_exceptions.ShareBuildErrorException: Share b13d9173-6487-4f0d-93d1-159e0bcc3328 failed to build and is in ERROR status


setUpClass (manila_tempest_tests.tests.api.******.test_share_instances_negative.ShareInstancesNegativeTest)
----------------------------------------------------------------------------------------------------------

Captured traceback:
~~~~~~~~~~~~~~~~~~~
    Traceback (most recent call last):

      File "/opt/stack/tempest/tempest/test.py", line 185, in setUpClass
    raise value.with_traceback(trace)

      File "/opt/stack/tempest/tempest/test.py", line 178, in setUpClass
    cls.resource_setup()

      File "/opt/stack/tempest/manila-tempest-plugin/manila_tempest_tests/tests/api/******/test_share_instances_negative.py", line 31, in resource_setup
    cls.share = cls.create_share(share_type_id=cls.share_type_id)
                ^^^^^^^^^^^^^^^^^^^^^^^^^^^^^^^^^^^^^^^^^^^^^^^^^

      File "/opt/stack/tempest/manila-tempest-plugin/manila_tempest_tests/tests/api/base.py", line 411, in create_share
    result = cls.create_shares([{"args": args, "kwargs": kwargs}])
             ^^^^^^^^^^^^^^^^^^^^^^^^^^^^^^^^^^^^^^^^^^^^^^^^^^^^^

      File "/opt/stack/tempest/manila-tempest-plugin/manila_tempest_tests/tests/api/base.py", line 469, in create_shares
    waiters.wait_for_resource_status(

      File "/opt/stack/tempest/manila-tempest-plugin/manila_tempest_tests/common/waiters.py", line 109, in wait_for_resource_status
    raise resource_exception(resource_id=resource_id)

    manila_tempest_tests.share_exceptions.ShareBuildErrorException: Share f63a58f1-8973-4fc1-ad8e-84d4c07d8769 failed to build and is in ERROR status


setUpClass (manila_tempest_tests.tests.api.******.test_share_instances.ShareInstancesTest)
-----------------------------------------------------------------------------------------

Captured traceback:
~~~~~~~~~~~~~~~~~~~
    Traceback (most recent call last):

      File "/opt/stack/tempest/tempest/test.py", line 185, in setUpClass
    raise value.with_traceback(trace)

      File "/opt/stack/tempest/tempest/test.py", line 178, in setUpClass
    cls.resource_setup()

      File "/opt/stack/tempest/manila-tempest-plugin/manila_tempest_tests/tests/api/******/test_share_instances.py", line 34, in resource_setup
    cls.share = cls.create_share(share_type_id=cls.share_type_id)
                ^^^^^^^^^^^^^^^^^^^^^^^^^^^^^^^^^^^^^^^^^^^^^^^^^

      File "/opt/stack/tempest/manila-tempest-plugin/manila_tempest_tests/tests/api/base.py", line 411, in create_share
    result = cls.create_shares([{"args": args, "kwargs": kwargs}])
             ^^^^^^^^^^^^^^^^^^^^^^^^^^^^^^^^^^^^^^^^^^^^^^^^^^^^^

      File "/opt/stack/tempest/manila-tempest-plugin/manila_tempest_tests/tests/api/base.py", line 469, in create_shares
    waiters.wait_for_resource_status(

      File "/opt/stack/tempest/manila-tempest-plugin/manila_tempest_tests/common/waiters.py", line 109, in wait_for_resource_status
    raise resource_exception(resource_id=resource_id)

    manila_tempest_tests.share_exceptions.ShareBuildErrorException: Share 1753e812-400c-44ab-8f00-455833731d5c failed to build and is in ERROR status


manila_tempest_tests.tests.api.******.test_quotas.SharesAdminQuotasUpdateTest.test_quotas_usages[api_with_backend,id-4687eb25-17b3-4995-ace2-62f8bda29c57,positive]
------------------------------------------------------------------------------------------------------------------------------------------------------------------

Captured traceback:
~~~~~~~~~~~~~~~~~~~
    Traceback (most recent call last):

      File "/opt/stack/tempest/manila-tempest-plugin/manila_tempest_tests/tests/api/******/test_quotas.py", line 880, in test_quotas_usages
    share_1 = self.create_share(
              ^^^^^^^^^^^^^^^^^^

      File "/opt/stack/tempest/manila-tempest-plugin/manila_tempest_tests/tests/api/base.py", line 411, in create_share
    result = cls.create_shares([{"args": args, "kwargs": kwargs}])
             ^^^^^^^^^^^^^^^^^^^^^^^^^^^^^^^^^^^^^^^^^^^^^^^^^^^^^

      File "/opt/stack/tempest/manila-tempest-plugin/manila_tempest_tests/tests/api/base.py", line 469, in create_shares
    waiters.wait_for_resource_status(

      File "/opt/stack/tempest/manila-tempest-plugin/manila_tempest_tests/common/waiters.py", line 109, in wait_for_resource_status
    raise resource_exception(resource_id=resource_id)

    manila_tempest_tests.share_exceptions.ShareBuildErrorException: Share 99d014ad-e76b-43f2-8597-3364ab873264 failed to build and is in ERROR status


Captured pythonlogging:
~~~~~~~~~~~~~~~~~~~~~~~
    2026-02-05 11:43:52,933 168294 INFO     [tempest.lib.common.rest_client] Request (SharesAdminQuotasUpdateTest:test_quotas_usages): 200 POST http://10.132.46.216/share/v2/ec7cce84685d470cb21beb45c5dc49a3/types 0.023s
2026-02-05 11:43:52,933 168294 DEBUG    [tempest.lib.common.rest_client] Request - Headers: {'Content-Type': 'application/json', 'Accept': 'application/json', 'x-openstack-manila-api-version': '2.90', 'X-Auth-Token': '<omitted>'}
        Body: {"share_type": {"name": "tempest-typeshare-type-2016332380", "extra_specs": {"driver_handles_share_servers": "False"}, "share_type_access:is_public": true}}
    Response - Headers: {'date': 'Thu, 05 Feb 2026 11:43:52 GMT', 'server': 'Apache/2.4.58 (Ubuntu)', 'content-type': 'application/json', 'content-length': '623', 'x-compute-request-id': 'req-1f1a26b9-d4d3-41dc-91b3-a4a6dbec8510', 'x-openstack-manila-api-version': '2.90', 'vary': 'X-OpenStack-Manila-API-Version', 'x-openstack-request-id': 'req-1f1a26b9-d4d3-41dc-91b3-a4a6dbec8510', 'connection': 'close', 'status': '200', 'content-location': 'http://10.132.46.216/share/v2/ec7cce84685d470cb21beb45c5dc49a3/types'}
        Body: b'{"volume_type": {"id": "7a4c2f62-56b7-4b63-baab-717455152a6c", "name": "tempest-typeshare-type-2016332380", "extra_specs": {"driver_handles_share_servers": "False"}, "required_extra_specs": {"driver_handles_share_servers": "False"}, "share_type_access:is_public": true, "description": null, "is_default": false}, "share_type": {"id": "7a4c2f62-56b7-4b63-baab-717455152a6c", "name": "tempest-typeshare-type-2016332380", "extra_specs": {"driver_handles_share_servers": "False"}, "required_extra_specs": {"driver_handles_share_servers": "False"}, "share_type_access:is_public": true, "description": null, "is_default": false}}'
2026-02-05 11:43:52,952 168294 INFO     [tempest.lib.common.rest_client] Request (SharesAdminQuotasUpdateTest:test_quotas_usages): 200 POST http://10.132.46.216/share/v2/ec7cce84685d470cb21beb45c5dc49a3/types 0.018s
2026-02-05 11:43:52,952 168294 DEBUG    [tempest.lib.common.rest_client] Request - Headers: {'Content-Type': 'application/json', 'Accept': 'application/json', 'x-openstack-manila-api-version': '2.90', 'X-Auth-Token': '<omitted>'}
        Body: {"share_type": {"name": "tempest-typeshare-type-1282071423", "extra_specs": {"driver_handles_share_servers": "False"}, "share_type_access:is_public": true}}
    Response - Headers: {'date': 'Thu, 05 Feb 2026 11:43:52 GMT', 'server': 'Apache/2.4.58 (Ubuntu)', 'content-type': 'application/json', 'content-length': '623', 'x-compute-request-id': 'req-29b843c4-f6b5-4c28-bc05-8e6764d578f7', 'x-openstack-manila-api-version': '2.90', 'vary': 'X-OpenStack-Manila-API-Version', 'x-openstack-request-id': 'req-29b843c4-f6b5-4c28-bc05-8e6764d578f7', 'connection': 'close', 'status': '200', 'content-location': 'http://10.132.46.216/share/v2/ec7cce84685d470cb21beb45c5dc49a3/types'}
        Body: b'{"volume_type": {"id": "3601a451-5815-4fec-9456-e61a0b885a0d", "name": "tempest-typeshare-type-1282071423", "extra_specs": {"driver_handles_share_servers": "False"}, "required_extra_specs": {"driver_handles_share_servers": "False"}, "share_type_access:is_public": true, "description": null, "is_default": false}, "share_type": {"id": "3601a451-5815-4fec-9456-e61a0b885a0d", "name": "tempest-typeshare-type-1282071423", "extra_specs": {"driver_handles_share_servers": "False"}, "required_extra_specs": {"driver_handles_share_servers": "False"}, "share_type_access:is_public": true, "description": null, "is_default": false}}'
2026-02-05 11:43:53,003 168294 INFO     [tempest.lib.common.rest_client] Request (SharesAdminQuotasUpdateTest:test_quotas_usages): 200 PUT http://10.132.46.216/share/v2/ec7cce84685d470cb21beb45c5dc49a3/quota-sets/ec7cce84685d470cb21beb45c5dc49a3 0.051s
2026-02-05 11:43:53,004 168294 DEBUG    [tempest.lib.common.rest_client] Request - Headers: {'Content-Type': 'application/json', 'Accept': 'application/json', 'x-openstack-manila-api-version': '2.90', 'X-Auth-Token': '<omitted>'}
        Body: {"quota_set": {"tenant_id": "ec7cce84685d470cb21b
    eb45c5dc49a3", "force": "true", "shares": 3, "gigabytes": 10}}
    Response - Headers: {'date': 'Thu, 05 Feb 2026 11:43:52 GMT', 'server': 'Apache/2.4.58 (Ubuntu)', 'content-type': 'application/json', 'content-length': '303', 'x-compute-request-id': 'req-d125f6bb-bcc2-401a-b62b-3512d30c82a4', 'x-openstack-manila-api-version': '2.90', 'vary': 'X-OpenStack-Manila-API-Version', 'x-openstack-request-id': 'req-d125f6bb-bcc2-401a-b62b-3512d30c82a4', 'connection': 'close', 'status': '200', 'content-location': 'http://10.132.46.216/share/v2/ec7cce84685d470cb21beb45c5dc49a3/quota-sets/ec7cce84685d470cb21beb45c5dc49a3'}
        Body: b'{"quota_set": {"shares": 3, "gigabytes": 10, "snapshots": 50, "snapshot_gigabytes": 1000, "share_networks": 10, "share_groups": 50, "share_group_snapshots": 50, "share_replicas": 100, "replica_gigabytes": 1000, "per_share_gigabytes": -1, "backups": 10, "backup_gigabytes": 1000, "encryption_keys": 100}}'
2026-02-05 11:43:53,071 168294 INFO     [tempest.lib.common.rest_client] Request (SharesAdminQuotasUpdateTest:test_quotas_usages): 200 PUT http://10.132.46.216/share/v2/ec7cce84685d470cb21beb45c5dc49a3/quota-sets/ec7cce84685d470cb21beb45c5dc49a3?user_id=595d51477bd64be4bb43cc875ffea32d 0.067s
2026-02-05 11:43:53,071 168294 DEBUG    [tempest.lib.common.rest_client] Request - Headers: {'Content-Type': 'application/json', 'Accept': 'application/json', 'x-openstack-manila-api-version': '2.90', 'X-Auth-Token': '<omitted>'}
        Body: {"quota_set": {"tenant_id": "ec7cce84685d470cb21beb45c5dc49a3", "force": "true", "shares": 2, "gigabytes": 7}}
    Response - Headers: {'date': 'Thu, 05 Feb 2026 11:43:53 GMT', 'server': 'Apache/2.4.58 (Ubuntu)', 'content-type': 'application/json', 'content-length': '302', 'x-compute-request-id': 'req-fcb80807-076d-491e-8ad6-3e9c1fbc6d0d', 'x-openstack-manila-api-version': '2.90', 'vary': 'X-OpenStack-Manila-API-Version', 'x-openstack-request-id': 'req-fcb80807-076d-491e-8ad6-3e9c1fbc6d0d', 'connection': 'close', 'status': '200', 'content-location': 'http://10.132.46.216/share/v2/ec7cce84685d470cb21beb45c5dc49a3/quota-sets/ec7cce84685d470cb21beb45c5dc49a3?user_id=595d51477bd64be4bb43cc875ffea32d'}
        Body: b'{"quota_set": {"shares": 2, "gigabytes": 7, "snapshots": 50, "snapshot_gigabytes": 1000, "share_networks": 10, "share_groups": 50, "share_group_snapshots": 50, "share_replicas": 100, "replica_gigabytes": 1000, "per_share_gigabytes": -1, "backups": 10, "backup_gigabytes": 1000, "encryption_keys": 100}}'
2026-02-05 11:43:53,140 168294 INFO     [tempest.lib.common.rest_client] Request (SharesAdminQuotasUpdateTest:test_quotas_usages): 200 PUT http://10.132.46.216/share/v2/ec7cce84685d470cb21beb45c5dc49a3/quota-sets/ec7cce84685d470cb21beb45c5dc49a3?share_type=7a4c2f62-56b7-4b63-baab-717455152a6c 0.068s
2026-02-05 11:43:53,140 168294 DEBUG    [tempest.lib.common.rest_client] Request - Headers: {'Content-Type': 'application/json', 'Accept': 'application/json', 'x-openstack-manila-api-version': '2.90', 'X-Auth-Token': '<omitted>'}
        Body: {"quota_set": {"tenant_id": "ec7cce84685d470cb21beb45c5dc49a3", "force": "true", "shares": 2, "gigabytes": 4}}
    Response - Headers: {'date': 'Thu, 05 Feb 2026 11:43:53 GMT', 'server': 'Apache/2.4.58 (Ubuntu)', 'content-type': 'application/json', 'content-length': '231', 'x-compute-request-id': 'req-21dfe608-4fdd-456b-94fe-5d106871b083', 'x-openstack-manila-api-version': '2.90', 'vary': 'X-OpenStack-Manila-API-Version', 'x-openstack-request-id': 'req-21dfe608-4fdd-456b-94fe-5d106871b083', 'connection': 'close', 'status': '200', 'content-location': 'http://10.132.46.216/share/v2/ec7cce84685d470cb21beb45c5dc49a3/quota-sets/ec7cce84685d470cb21beb45c5dc49a3?share_type=7a4c2f62-56b7-4b63-baab-717455152a6c'}
        Body: b'{"quota_set": {"shares": 2, "gigabytes": 4, "snapshots": 50, "snapshot_gigabytes": 1000, "share_replicas": 100, "replica_gigabytes": 1000, "per_share_gigabytes": -1, "backups": 10, "backup_gigabytes": 1000, "encryption_keys": 100}}'
2026-02-05 11:43:53,215 168294 INFO     [tempest.lib.common.rest_client] Request (Sh
    aresAdminQuotasUpdateTest:test_quotas_usages): 200 PUT http://10.132.46.216/share/v2/ec7cce84685d470cb21beb45c5dc49a3/quota-sets/ec7cce84685d470cb21beb45c5dc49a3?share_type=tempest-typeshare-type-1282071423 0.074s
2026-02-05 11:43:53,215 168294 DEBUG    [tempest.lib.common.rest_client] Request - Headers: {'Content-Type': 'application/json', 'Accept': 'application/json', 'x-openstack-manila-api-version': '2.90', 'X-Auth-Token': '<omitted>'}
        Body: {"quota_set": {"tenant_id": "ec7cce84685d470cb21beb45c5dc49a3", "force": "true", "shares": 2, "gigabytes": 4}}
    Response - Headers: {'date': 'Thu, 05 Feb 2026 11:43:53 GMT', 'server': 'Apache/2.4.58 (Ubuntu)', 'content-type': 'application/json', 'content-length': '231', 'x-compute-request-id': 'req-c13c2434-fcde-4aaf-98e3-96b269567ac2', 'x-openstack-manila-api-version': '2.90', 'vary': 'X-OpenStack-Manila-API-Version', 'x-openstack-request-id': 'req-c13c2434-fcde-4aaf-98e3-96b269567ac2', 'connection': 'close', 'status': '200', 'content-location': 'http://10.132.46.216/share/v2/ec7cce84685d470cb21beb45c5dc49a3/quota-sets/ec7cce84685d470cb21beb45c5dc49a3?share_type=tempest-typeshare-type-1282071423'}
        Body: b'{"quota_set": {"shares": 2, "gigabytes": 4, "snapshots": 50, "snapshot_gigabytes": 1000, "share_replicas": 100, "replica_gigabytes": 1000, "per_share_gigabytes": -1, "backups": 10, "backup_gigabytes": 1000, "encryption_keys": 100}}'
2026-02-05 11:43:53,406 168294 INFO     [tempest.lib.common.rest_client] Request (SharesAdminQuotasUpdateTest:test_quotas_usages): 200 POST http://10.132.46.216/share/v2/ec7cce84685d470cb21beb45c5dc49a3/shares 0.191s
2026-02-05 11:43:53,407 168294 DEBUG    [tempest.lib.common.rest_client] Request - Headers: {'Content-Type': 'application/json', 'Accept': 'application/json', 'x-openstack-manila-api-version': '2.90', 'X-Auth-Token': '<omitted>'}
        Body: {"share": {"share_proto": "nfs", "description": "Tempest's share", "snapshot_id": null, "name": "tempest-tempest-created-share-1034088577", "size": 4, "metadata": {}, "is_public": false, "share_type": "7a4c2f62-56b7-4b63-baab-717455152a6c"}}
    Response - Headers: {'date': 'Thu, 05 Feb 2026 11:43:53 GMT', 'server': 'Apache/2.4.58 (Ubuntu)', 'content-type': 'application/json', 'content-length': '1379', 'x-compute-request-id': 'req-05c1dc0f-c721-4e21-8c43-aa6a5911ab51', 'x-openstack-manila-api-version': '2.90', 'vary': 'X-OpenStack-Manila-API-Version', 'x-openstack-request-id': 'req-05c1dc0f-c721-4e21-8c43-aa6a5911ab51', 'connection': 'close', 'status': '200', 'content-location': 'http://10.132.46.216/share/v2/ec7cce84685d470cb21beb45c5dc49a3/shares'}
        Body: b'{"share": {"id": "99d014ad-e76b-43f2-8597-3364ab873264", "size": 4, "availability_zone": null, "created_at": "2026-02-05T11:43:53.294849", "status": "creating", "name": "tempest-tempest-created-share-1034088577", "description": "Tempest\'s share", "project_id": "ec7cce84685d470cb21beb45c5dc49a3", "snapshot_id": null, "share_network_id": null, "share_proto": "NFS", "metadata": {}, "share_type": "7a4c2f62-56b7-4b63-baab-717455152a6c", "volume_type": "tempest-typeshare-type-2016332380", "links": [{"rel": "self", "href": "http://10.132.46.216/share/v2/ec7cce84685d470cb21beb45c5dc49a3/shares/99d014ad-e76b-43f2-8597-3364ab873264"}, {"rel": "bookmark", "href": "http://10.132.46.216/share/ec7cce84685d470cb21beb45c5dc49a3/shares/99d014ad-e76b-43f2-8597-3364ab873264"}], "is_public": false, "snapshot_support": false, "task_state": null, "share_type_name": "tempest-typeshare-type-2016332380", "access_rules_status": "active", "replication_type": null, "has_replicas": false, "user_id": "595d51477bd64be4bb43cc875ffea32d", "create_share_from_snapshot_support": false, "revert_to_snapshot_support": false, "share_group_id": null, "source_share_group_snapshot_member_id": null, "mount_snapshot_support": false, "progress": null, "is_soft_deleted": false, "scheduled_to_be_deleted_at": null, "source_backup_id": null, "encryption_key_ref": null, "share_server_id": null, "host": ""}}'
2026-02-05 11:43:53,437 168294 INFO     [tempest.lib.commo
    n.rest_client] Request (SharesAdminQuotasUpdateTest:test_quotas_usages): 200 GET http://10.132.46.216/share/v2/ec7cce84685d470cb21beb45c5dc49a3/shares/99d014ad-e76b-43f2-8597-3364ab873264 0.029s
2026-02-05 11:43:53,437 168294 DEBUG    [tempest.lib.common.rest_client] Request - Headers: {'Content-Type': 'application/json', 'Accept': 'application/json', 'x-openstack-manila-api-version': '2.90', 'X-Auth-Token': '<omitted>'}
        Body: None
    Response - Headers: {'date': 'Thu, 05 Feb 2026 11:43:53 GMT', 'server': 'Apache/2.4.58 (Ubuntu)', 'content-type': 'application/json', 'content-length': '1379', 'x-compute-request-id': 'req-33d9bb24-eb9b-4d86-9685-e148b5f9df2e', 'x-openstack-manila-api-version': '2.90', 'vary': 'X-OpenStack-Manila-API-Version', 'x-openstack-request-id': 'req-33d9bb24-eb9b-4d86-9685-e148b5f9df2e', 'connection': 'close', 'status': '200', 'content-location': 'http://10.132.46.216/share/v2/ec7cce84685d470cb21beb45c5dc49a3/shares/99d014ad-e76b-43f2-8597-3364ab873264'}
        Body: b'{"share": {"id": "99d014ad-e76b-43f2-8597-3364ab873264", "size": 4, "availability_zone": null, "created_at": "2026-02-05T11:43:53.294849", "status": "creating", "name": "tempest-tempest-created-share-1034088577", "description": "Tempest\'s share", "project_id": "ec7cce84685d470cb21beb45c5dc49a3", "snapshot_id": null, "share_network_id": null, "share_proto": "NFS", "metadata": {}, "share_type": "7a4c2f62-56b7-4b63-baab-717455152a6c", "volume_type": "tempest-typeshare-type-2016332380", "links": [{"rel": "self", "href": "http://10.132.46.216/share/v2/ec7cce84685d470cb21beb45c5dc49a3/shares/99d014ad-e76b-43f2-8597-3364ab873264"}, {"rel": "bookmark", "href": "http://10.132.46.216/share/ec7cce84685d470cb21beb45c5dc49a3/shares/99d014ad-e76b-43f2-8597-3364ab873264"}], "is_public": false, "snapshot_support": false, "task_state": null, "share_type_name": "tempest-typeshare-type-2016332380", "access_rules_status": "active", "replication_type": null, "has_replicas": false, "user_id": "595d51477bd64be4bb43cc875ffea32d", "create_share_from_snapshot_support": false, "revert_to_snapshot_support": false, "share_group_id": null, "source_share_group_snapshot_member_id": null, "mount_snapshot_support": false, "progress": null, "is_soft_deleted": false, "scheduled_to_be_deleted_at": null, "source_backup_id": null, "encryption_key_ref": null, "share_server_id": null, "host": ""}}'
2026-02-05 11:43:56,495 168294 INFO     [tempest.lib.common.rest_client] Request (SharesAdminQuotasUpdateTest:test_quotas_usages): 200 GET http://10.132.46.216/share/v2/ec7cce84685d470cb21beb45c5dc49a3/shares/99d014ad-e76b-43f2-8597-3364ab873264 0.056s
2026-02-05 11:43:56,495 168294 DEBUG    [tempest.lib.common.rest_client] Request - Headers: {'Content-Type': 'application/json', 'Accept': 'application/json', 'x-openstack-manila-api-version': '2.90', 'X-Auth-Token': '<omitted>'}
        Body: None
    Response - Headers: {'date': 'Thu, 05 Feb 2026 11:43:56 GMT', 'server': 'Apache/2.4.58 (Ubuntu)', 'content-type': 'application/json', 'content-length': '1376', 'x-compute-request-id': 'req-f9ab4fbc-fb62-463f-8fb6-04be2368d7b8', 'x-openstack-manila-api-version': '2.90', 'vary': 'X-OpenStack-Manila-API-Version', 'x-openstack-request-id': 'req-f9ab4fbc-fb62-463f-8fb6-04be2368d7b8', 'connection': 'close', 'status': '200', 'content-location': 'http://10.132.46.216/share/v2/ec7cce84685d470cb21beb45c5dc49a3/shares/99d014ad-e76b-43f2-8597-3364ab873264'}
        Body: b'{"share": {"id": "99d014ad-e76b-43f2-8597-3364ab873264", "size": 4, "availability_zone": null, "created_at": "2026-02-05T11:43:53.294849", "status": "error", "name": "tempest-tempest-created-share-1034088577", "description": "Tempest\'s share", "project_id": "ec7cce84685d470cb21beb45c5dc49a3", "snapshot_id": null, "share_network_id": null, "share_proto": "NFS", "metadata": {}, "share_type": "7a4c2f62-56b7-4b63-baab-717455152a6c", "volume_type": "tempest-typeshare-type-2016332380", "links": [{"rel": "self", "href": "http://10.132.46.216/share/v2/ec7cce84685d470cb21beb45c5dc49a3/shares/99d014ad-e76b-43f2-8597-3364ab873
    264"}, {"rel": "bookmark", "href": "http://10.132.46.216/share/ec7cce84685d470cb21beb45c5dc49a3/shares/99d014ad-e76b-43f2-8597-3364ab873264"}], "is_public": false, "snapshot_support": false, "task_state": null, "share_type_name": "tempest-typeshare-type-2016332380", "access_rules_status": "active", "replication_type": null, "has_replicas": false, "user_id": "595d51477bd64be4bb43cc875ffea32d", "create_share_from_snapshot_support": false, "revert_to_snapshot_support": false, "share_group_id": null, "source_share_group_snapshot_member_id": null, "mount_snapshot_support": false, "progress": null, "is_soft_deleted": false, "scheduled_to_be_deleted_at": null, "source_backup_id": null, "encryption_key_ref": null, "share_server_id": null, "host": ""}}'
2026-02-05 11:43:56,536 168294 INFO     [tempest.lib.common.rest_client] Request (SharesAdminQuotasUpdateTest:_run_cleanups): 200 GET http://10.132.46.216/share/v2/ec7cce84685d470cb21beb45c5dc49a3/share-replicas/detail?share_id=99d014ad-e76b-43f2-8597-3364ab873264 0.038s
2026-02-05 11:43:56,537 168294 DEBUG    [tempest.lib.common.rest_client] Request - Headers: {'Content-Type': 'application/json', 'Accept': 'application/json', 'x-openstack-manila-api-version': '2.90', 'X-Auth-Token': '<omitted>'}
        Body: None
    Response - Headers: {'date': 'Thu, 05 Feb 2026 11:43:56 GMT', 'server': 'Apache/2.4.58 (Ubuntu)', 'content-type': 'application/json', 'content-length': '22', 'x-compute-request-id': 'req-e603ad19-b42a-48ab-852b-da7a66feba27', 'x-openstack-manila-api-version': '2.90', 'vary': 'X-OpenStack-Manila-API-Version', 'x-openstack-request-id': 'req-e603ad19-b42a-48ab-852b-da7a66feba27', 'connection': 'close', 'status': '200', 'content-location': 'http://10.132.46.216/share/v2/ec7cce84685d470cb21beb45c5dc49a3/share-replicas/detail?share_id=99d014ad-e76b-43f2-8597-3364ab873264'}
        Body: b'{"share_replicas": []}'
2026-02-05 11:43:56,845 168294 INFO     [tempest.lib.common.rest_client] Request (SharesAdminQuotasUpdateTest:_run_cleanups): 202 DELETE http://10.132.46.216/share/v2/ec7cce84685d470cb21beb45c5dc49a3/shares/99d014ad-e76b-43f2-8597-3364ab873264 0.308s
2026-02-05 11:43:56,846 168294 DEBUG    [tempest.lib.common.rest_client] Request - Headers: {'Content-Type': 'application/json', 'Accept': 'application/json', 'x-openstack-manila-api-version': '2.90', 'X-Auth-Token': '<omitted>'}
        Body: None
    Response - Headers: {'date': 'Thu, 05 Feb 2026 11:43:56 GMT', 'server': 'Apache/2.4.58 (Ubuntu)', 'content-length': '0', 'content-type': 'text/html; charset=UTF-8', 'x-compute-request-id': 'req-3f5443e7-c6f9-4a16-97b4-61e5dc546458', 'x-openstack-manila-api-version': '2.90', 'vary': 'X-OpenStack-Manila-API-Version', 'x-openstack-request-id': 'req-3f5443e7-c6f9-4a16-97b4-61e5dc546458', 'connection': 'close', 'status': '202', 'content-location': 'http://10.132.46.216/share/v2/ec7cce84685d470cb21beb45c5dc49a3/shares/99d014ad-e76b-43f2-8597-3364ab873264'}
        Body: b''
2026-02-05 11:43:56,870 168294 INFO     [tempest.lib.common.rest_client] Request (SharesAdminQuotasUpdateTest:_run_cleanups): 404 GET http://10.132.46.216/share/v2/ec7cce84685d470cb21beb45c5dc49a3/shares/99d014ad-e76b-43f2-8597-3364ab873264 0.024s
2026-02-05 11:43:56,871 168294 DEBUG    [tempest.lib.common.rest_client] Request - Headers: {'Content-Type': 'application/json', 'Accept': 'application/json', 'x-openstack-manila-api-version': '2.90', 'X-Auth-Token': '<omitted>'}
        Body: None
    Response - Headers: {'date': 'Thu, 05 Feb 2026 11:43:56 GMT', 'server': 'Apache/2.4.58 (Ubuntu)', 'x-openstack-manila-api-version': '2.90', 'vary': 'X-OpenStack-Manila-API-Version', 'content-length': '78', 'content-type': 'application/json', 'x-compute-request-id': 'req-45f4003d-afe2-4f3f-bf12-b106dae464a7', 'x-openstack-request-id': 'req-45f4003d-afe2-4f3f-bf12-b106dae464a7', 'connection': 'close', 'status': '404', 'content-location': 'http://10.132.46.216/share/v2/ec7cce84685d470cb21beb45c5dc49a3/shares/99d014ad-e76b-43f2-8597-3364ab873264'}
        Body: b'{"itemNotFound": {"code": 404, "message": "The resource 
    could not be found."}}'
2026-02-05 11:43:56,905 168294 INFO     [tempest.lib.common.rest_client] Request (SharesAdminQuotasUpdateTest:_run_cleanups): 202 DELETE http://10.132.46.216/share/v2/ec7cce84685d470cb21beb45c5dc49a3/quota-sets/ec7cce84685d470cb21beb45c5dc49a3?user_id=595d51477bd64be4bb43cc875ffea32d 0.034s
2026-02-05 11:43:56,906 168294 DEBUG    [tempest.lib.common.rest_client] Request - Headers: {'Content-Type': 'application/json', 'Accept': 'application/json', 'x-openstack-manila-api-version': '2.90', 'X-Auth-Token': '<omitted>'}
        Body: None
    Response - Headers: {'date': 'Thu, 05 Feb 2026 11:43:56 GMT', 'server': 'Apache/2.4.58 (Ubuntu)', 'content-length': '0', 'content-type': 'text/html; charset=UTF-8', 'x-compute-request-id': 'req-8430c022-9103-45bd-9849-25a6da24c67c', 'x-openstack-manila-api-version': '2.90', 'vary': 'X-OpenStack-Manila-API-Version', 'x-openstack-request-id': 'req-8430c022-9103-45bd-9849-25a6da24c67c', 'connection': 'close', 'status': '202', 'content-location': 'http://10.132.46.216/share/v2/ec7cce84685d470cb21beb45c5dc49a3/quota-sets/ec7cce84685d470cb21beb45c5dc49a3?user_id=595d51477bd64be4bb43cc875ffea32d'}
        Body: b''
2026-02-05 11:43:56,932 168294 INFO     [tempest.lib.common.rest_client] Request (SharesAdminQuotasUpdateTest:_run_cleanups): 202 DELETE http://10.132.46.216/share/v2/ec7cce84685d470cb21beb45c5dc49a3/quota-sets/ec7cce84685d470cb21beb45c5dc49a3 0.025s
2026-02-05 11:43:56,932 168294 DEBUG    [tempest.lib.common.rest_client] Request - Headers: {'Content-Type': 'application/json', 'Accept': 'application/json', 'x-openstack-manila-api-version': '2.90', 'X-Auth-Token': '<omitted>'}
        Body: None
    Response - Headers: {'date': 'Thu, 05 Feb 2026 11:43:56 GMT', 'server': 'Apache/2.4.58 (Ubuntu)', 'content-length': '0', 'content-type': 'text/html; charset=UTF-8', 'x-compute-request-id': 'req-44fc5625-3b75-4756-8d0a-0d8e11007d7f', 'x-openstack-manila-api-version': '2.90', 'vary': 'X-OpenStack-Manila-API-Version', 'x-openstack-request-id': 'req-44fc5625-3b75-4756-8d0a-0d8e11007d7f', 'connection': 'close', 'status': '202', 'content-location': 'http://10.132.46.216/share/v2/ec7cce84685d470cb21beb45c5dc49a3/quota-sets/ec7cce84685d470cb21beb45c5dc49a3'}
        Body: b''


setUpClass (manila_tempest_tests.tests.api.test_access_rules_metadata_negative.AccessesMetadataNegativeTest)
------------------------------------------------------------------------------------------------------------

Captured traceback:
~~~~~~~~~~~~~~~~~~~
    Traceback (most recent call last):

      File "/opt/stack/tempest/tempest/test.py", line 185, in setUpClass
    raise value.with_traceback(trace)

      File "/opt/stack/tempest/tempest/test.py", line 178, in setUpClass
    cls.resource_setup()

      File "/opt/stack/tempest/manila-tempest-plugin/manila_tempest_tests/tests/api/test_access_rules_metadata_negative.py", line 67, in resource_setup
    cls.share = cls.create_share(share_type_id=cls.share_type_id)
                ^^^^^^^^^^^^^^^^^^^^^^^^^^^^^^^^^^^^^^^^^^^^^^^^^

      File "/opt/stack/tempest/manila-tempest-plugin/manila_tempest_tests/tests/api/base.py", line 411, in create_share
    result = cls.create_shares([{"args": args, "kwargs": kwargs}])
             ^^^^^^^^^^^^^^^^^^^^^^^^^^^^^^^^^^^^^^^^^^^^^^^^^^^^^

      File "/opt/stack/tempest/manila-tempest-plugin/manila_tempest_tests/tests/api/base.py", line 469, in create_shares
    waiters.wait_for_resource_status(

      File "/opt/stack/tempest/manila-tempest-plugin/manila_tempest_tests/common/waiters.py", line 109, in wait_for_resource_status
    raise resource_exception(resource_id=resource_id)

    manila_tempest_tests.share_exceptions.ShareBuildErrorException: Share 38eee4a1-f48a-40a9-96d9-a8a7dc86ffb6 failed to build and is in ERROR status


manila_tempest_tests.tests.api.******.test_share_manage.ManageNFSShareTest.test_manage[backend,id-24ec7840-0174-484f-8b3a-8c6f162bf576,positive]
-----------------------------------------------------------------------------------------------------------------------------------------------

Captured traceback:
~~~~~~~~~~~~~~~~~~~
    Traceback (most recent call last):

      File "/opt/stack/tempest/manila-tempest-plugin/manila_tempest_tests/tests/api/******/test_share_manage.py", line 172, in test_manage
    self._test_manage(check_manage=True)

      File "/opt/stack/tempest/manila-tempest-plugin/manila_tempest_tests/tests/api/******/test_share_manage.py", line 70, in _test_manage
    share = self._create_share_for_manage()
            ^^^^^^^^^^^^^^^^^^^^^^^^^^^^^^^

      File "/opt/stack/tempest/manila-tempest-plugin/manila_tempest_tests/tests/api/base.py", line 1174, in _create_share_for_manage
    share = self.create_share(**creation_data)
            ^^^^^^^^^^^^^^^^^^^^^^^^^^^^^^^^^^

      File "/opt/stack/tempest/manila-tempest-plugin/manila_tempest_tests/tests/api/base.py", line 411, in create_share
    result = cls.create_shares([{"args": args, "kwargs": kwargs}])
             ^^^^^^^^^^^^^^^^^^^^^^^^^^^^^^^^^^^^^^^^^^^^^^^^^^^^^

      File "/opt/stack/tempest/manila-tempest-plugin/manila_tempest_tests/tests/api/base.py", line 469, in create_shares
    waiters.wait_for_resource_status(

      File "/opt/stack/tempest/manila-tempest-plugin/manila_tempest_tests/common/waiters.py", line 109, in wait_for_resource_status
    raise resource_exception(resource_id=resource_id)

    manila_tempest_tests.share_exceptions.ShareBuildErrorException: Share 629724b0-790c-468a-84c1-162cefca4493 failed to build and is in ERROR status


Captured pythonlogging:
~~~~~~~~~~~~~~~~~~~~~~~
    2026-02-05 11:43:56,635 168296 INFO     [tempest.lib.common.rest_client] Request (ManageNFSShareTest:test_manage): 200 POST http://10.132.46.216/share/v2/8f6f451e82ab4f3b9c8f72025bd10175/shares 0.228s
2026-02-05 11:43:56,635 168296 DEBUG    [tempest.lib.common.rest_client] Request - Headers: {'Content-Type': 'application/json', 'Accept': 'application/json', 'x-openstack-manila-api-version': '2.90', 'X-Auth-Token': '<omitted>'}
        Body: {"share": {"share_proto": "nfs", "description": "Tempest's share", "snapshot_id": null, "name": "tempest-tempest-created-share-1409655552", "size": 1, "metadata": {}, "is_public": false, "share_type": "8f49091f-2d4f-4363-bee2-3c96a3126ab0"}}
    Response - Headers: {'date': 'Thu, 05 Feb 2026 11:43:56 GMT', 'server': 'Apache/2.4.58 (Ubuntu)', 'content-type': 'application/json', 'content-length': '1377', 'x-compute-request-id': 'req-79bac740-8a78-4896-9e7f-175f7a5509c9', 'x-openstack-manila-api-version': '2.90', 'vary': 'X-OpenStack-Manila-API-Version', 'x-openstack-request-id': 'req-79bac740-8a78-4896-9e7f-175f7a5509c9', 'connection': 'close', 'status': '200', 'content-location': 'http://10.132.46.216/share/v2/8f6f451e82ab4f3b9c8f72025bd10175/shares'}
        Body: b'{"share": {"id": "629724b0-790c-468a-84c1-162cefca4493", "size": 1, "availability_zone": null, "created_at": "2026-02-05T11:43:56.509209", "status": "creating", "name": "tempest-tempest-created-share-1409655552", "description": "Tempest\'s share", "project_id": "8f6f451e82ab4f3b9c8f72025bd10175", "snapshot_id": null, "share_network_id": null, "share_proto": "NFS", "metadata": {}, "share_type": "8f49091f-2d4f-4363-bee2-3c96a3126ab0", "volume_type": "tempest-manage-st-name-772566789", "links": [{"rel": "self", "href": "http://10.132.46.216/share/v2/8f6f451e82ab4f3b9c8f72025bd10175/shares/629724b0-790c-468a-84c1-162cefca4493"}, {"rel": "bookmark", "href": "http://10.132.46.216/share/8f6f451e82ab4f3b9c8f72025bd10175/shares/629724b0-790c-468a-84c1-162cefca4493"}], "is_public": false, "snapshot_support": false, "task_state": null, "share_type_name": "tempest-manage-st-name-772566789", "access_rules_status": "active", "replication_type": null, "has_replicas": false, "user_id": "9a475fa55eeb40b3a705ca3c8ed294ae", "create_share_from_snapshot_support": false, "revert_to_snapshot_support": false, "share_group_id": null, "source_share_group_snapshot_member_id": null, "mount_snapshot_support": false, "progress": null, "is_soft_deleted": false, "scheduled_to_be_deleted_at": null, "source_backup_id": null, "encryption_key_ref": null, "share_server_id": null, "host": ""}}'
2026-02-05 11:43:56,680 168296 INFO     [tempest.lib.common.rest_client] Request (ManageNFSShareTest:test_manage): 200 GET http://10.132.46.216/share/v2/8f6f451e82ab4f3b9c8f72025bd10175/shares/629724b0-790c-468a-84c1-162cefca4493 0.042s
2026-02-05 11:43:56,680 168296 DEBUG    [tempest.lib.common.rest_client] Request - Headers: {'Content-Type': 'application/json', 'Accept': 'application/json', 'x-openstack-manila-api-version': '2.90', 'X-Auth-Token': '<omitted>'}
        Body: None
    Response - Headers: {'date': 'Thu, 05 Feb 2026 11:43:56 GMT', 'server': 'Apache/2.4.58 (Ubuntu)', 'content-type': 'application/json', 'content-length': '1377', 'x-compute-request-id': 'req-ebb4380a-0b63-4b37-a709-8c7e4d30376d', 'x-openstack-manila-api-version': '2.90', 'vary': 'X-OpenStack-Manila-API-Version', 'x-openstack-request-id': 'req-ebb4380a-0b63-4b37-a709-8c7e4d30376d', 'connection': 'close', 'status': '200', 'content-location': 'http://10.132.46.216/share/v2/8f6f451e82ab4f3b9c8f72025bd10175/shares/629724b0-790c-468a-84c1-162cefca4493'}
        Body: b'{"share": {"id": "629724b0-790c-468a-84c1-162cefca4493", "size": 1, "availability_zone": null, "created_at": "2026-02-05T11:43:56.509209", "status": "creating", "name": "tempest-tempest-created-share-1409655552", "description": "Tempest\'s share", "project_id": "8f6f451e82ab4f3b9c8f72025bd10175", "snapshot_id": null, "share_network_id": null, "share_proto": "NFS", "metadata": {}, "share_type": "8f49091f-2d4f-4363-bee2-3c96a3126ab0",
     "volume_type": "tempest-manage-st-name-772566789", "links": [{"rel": "self", "href": "http://10.132.46.216/share/v2/8f6f451e82ab4f3b9c8f72025bd10175/shares/629724b0-790c-468a-84c1-162cefca4493"}, {"rel": "bookmark", "href": "http://10.132.46.216/share/8f6f451e82ab4f3b9c8f72025bd10175/shares/629724b0-790c-468a-84c1-162cefca4493"}], "is_public": false, "snapshot_support": false, "task_state": null, "share_type_name": "tempest-manage-st-name-772566789", "access_rules_status": "active", "replication_type": null, "has_replicas": false, "user_id": "9a475fa55eeb40b3a705ca3c8ed294ae", "create_share_from_snapshot_support": false, "revert_to_snapshot_support": false, "share_group_id": null, "source_share_group_snapshot_member_id": null, "mount_snapshot_support": false, "progress": null, "is_soft_deleted": false, "scheduled_to_be_deleted_at": null, "source_backup_id": null, "encryption_key_ref": null, "share_server_id": null, "host": ""}}'
2026-02-05 11:43:59,731 168296 INFO     [tempest.lib.common.rest_client] Request (ManageNFSShareTest:test_manage): 200 GET http://10.132.46.216/share/v2/8f6f451e82ab4f3b9c8f72025bd10175/shares/629724b0-790c-468a-84c1-162cefca4493 0.050s
2026-02-05 11:43:59,731 168296 DEBUG    [tempest.lib.common.rest_client] Request - Headers: {'Content-Type': 'application/json', 'Accept': 'application/json', 'x-openstack-manila-api-version': '2.90', 'X-Auth-Token': '<omitted>'}
        Body: None
    Response - Headers: {'date': 'Thu, 05 Feb 2026 11:43:59 GMT', 'server': 'Apache/2.4.58 (Ubuntu)', 'content-type': 'application/json', 'content-length': '1374', 'x-compute-request-id': 'req-d4048a3d-d5e3-4b11-a336-4bc3150de011', 'x-openstack-manila-api-version': '2.90', 'vary': 'X-OpenStack-Manila-API-Version', 'x-openstack-request-id': 'req-d4048a3d-d5e3-4b11-a336-4bc3150de011', 'connection': 'close', 'status': '200', 'content-location': 'http://10.132.46.216/share/v2/8f6f451e82ab4f3b9c8f72025bd10175/shares/629724b0-790c-468a-84c1-162cefca4493'}
        Body: b'{"share": {"id": "629724b0-790c-468a-84c1-162cefca4493", "size": 1, "availability_zone": null, "created_at": "2026-02-05T11:43:56.509209", "status": "error", "name": "tempest-tempest-created-share-1409655552", "description": "Tempest\'s share", "project_id": "8f6f451e82ab4f3b9c8f72025bd10175", "snapshot_id": null, "share_network_id": null, "share_proto": "NFS", "metadata": {}, "share_type": "8f49091f-2d4f-4363-bee2-3c96a3126ab0", "volume_type": "tempest-manage-st-name-772566789", "links": [{"rel": "self", "href": "http://10.132.46.216/share/v2/8f6f451e82ab4f3b9c8f72025bd10175/shares/629724b0-790c-468a-84c1-162cefca4493"}, {"rel": "bookmark", "href": "http://10.132.46.216/share/8f6f451e82ab4f3b9c8f72025bd10175/shares/629724b0-790c-468a-84c1-162cefca4493"}], "is_public": false, "snapshot_support": false, "task_state": null, "share_type_name": "tempest-manage-st-name-772566789", "access_rules_status": "active", "replication_type": null, "has_replicas": false, "user_id": "9a475fa55eeb40b3a705ca3c8ed294ae", "create_share_from_snapshot_support": false, "revert_to_snapshot_support": false, "share_group_id": null, "source_share_group_snapshot_member_id": null, "mount_snapshot_support": false, "progress": null, "is_soft_deleted": false, "scheduled_to_be_deleted_at": null, "source_backup_id": null, "encryption_key_ref": null, "share_server_id": null, "host": ""}}'


manila_tempest_tests.tests.api.******.test_share_manage.ManageNFSShareTest.test_manage_show_user_id[api_with_backend,id-da7b7a4f-6693-4460-bdb7-1f8d42032bc6,positive]
---------------------------------------------------------------------------------------------------------------------------------------------------------------------

Captured traceback:
~~~~~~~~~~~~~~~~~~~
    Traceback (most recent call last):

      File "/opt/stack/tempest/manila-tempest-plugin/manila_tempest_tests/tests/api/******/test_share_manage.py", line 167, in test_manage_show_user_id
    self._test_manage(version="2.16")

      File "/opt/stack/tempest/manila-tempest-plugin/manila_tempest_tests/tests/api/******/test_share_manage.py", line 70, in _test_manage
    share = self._create_share_for_manage()
            ^^^^^^^^^^^^^^^^^^^^^^^^^^^^^^^

      File "/opt/stack/tempest/manila-tempest-plugin/manila_tempest_tests/tests/api/base.py", line 1174, in _create_share_for_manage
    share = self.create_share(**creation_data)
            ^^^^^^^^^^^^^^^^^^^^^^^^^^^^^^^^^^

      File "/opt/stack/tempest/manila-tempest-plugin/manila_tempest_tests/tests/api/base.py", line 411, in create_share
    result = cls.create_shares([{"args": args, "kwargs": kwargs}])
             ^^^^^^^^^^^^^^^^^^^^^^^^^^^^^^^^^^^^^^^^^^^^^^^^^^^^^

      File "/opt/stack/tempest/manila-tempest-plugin/manila_tempest_tests/tests/api/base.py", line 469, in create_shares
    waiters.wait_for_resource_status(

      File "/opt/stack/tempest/manila-tempest-plugin/manila_tempest_tests/common/waiters.py", line 109, in wait_for_resource_status
    raise resource_exception(resource_id=resource_id)

    manila_tempest_tests.share_exceptions.ShareBuildErrorException: Share 297e85b4-71bc-49d1-969c-d4c4ed9e3725 failed to build and is in ERROR status


Captured pythonlogging:
~~~~~~~~~~~~~~~~~~~~~~~
    2026-02-05 11:44:00,154 168296 INFO     [tempest.lib.common.rest_client] Request (ManageNFSShareTest:test_manage_show_user_id): 200 POST http://10.132.46.216/share/v2/8f6f451e82ab4f3b9c8f72025bd10175/shares 0.419s
2026-02-05 11:44:00,155 168296 DEBUG    [tempest.lib.common.rest_client] Request - Headers: {'Content-Type': 'application/json', 'Accept': 'application/json', 'x-openstack-manila-api-version': '2.90', 'X-Auth-Token': '<omitted>'}
        Body: {"share": {"share_proto": "nfs", "description": "Tempest's share", "snapshot_id": null, "name": "tempest-tempest-created-share-1525959623", "size": 1, "metadata": {}, "is_public": false, "share_type": "8f49091f-2d4f-4363-bee2-3c96a3126ab0"}}
    Response - Headers: {'date': 'Thu, 05 Feb 2026 11:43:59 GMT', 'server': 'Apache/2.4.58 (Ubuntu)', 'content-type': 'application/json', 'content-length': '1377', 'x-compute-request-id': 'req-901d0eb0-129a-41e0-aeac-81acebe768e0', 'x-openstack-manila-api-version': '2.90', 'vary': 'X-OpenStack-Manila-API-Version', 'x-openstack-request-id': 'req-901d0eb0-129a-41e0-aeac-81acebe768e0', 'connection': 'close', 'status': '200', 'content-location': 'http://10.132.46.216/share/v2/8f6f451e82ab4f3b9c8f72025bd10175/shares'}
        Body: b'{"share": {"id": "297e85b4-71bc-49d1-969c-d4c4ed9e3725", "size": 1, "availability_zone": null, "created_at": "2026-02-05T11:43:59.808486", "status": "creating", "name": "tempest-tempest-created-share-1525959623", "description": "Tempest\'s share", "project_id": "8f6f451e82ab4f3b9c8f72025bd10175", "snapshot_id": null, "share_network_id": null, "share_proto": "NFS", "metadata": {}, "share_type": "8f49091f-2d4f-4363-bee2-3c96a3126ab0", "volume_type": "tempest-manage-st-name-772566789", "links": [{"rel": "self", "href": "http://10.132.46.216/share/v2/8f6f451e82ab4f3b9c8f72025bd10175/shares/297e85b4-71bc-49d1-969c-d4c4ed9e3725"}, {"rel": "bookmark", "href": "http://10.132.46.216/share/8f6f451e82ab4f3b9c8f72025bd10175/shares/297e85b4-71bc-49d1-969c-d4c4ed9e3725"}], "is_public": false, "snapshot_support": false, "task_state": null, "share_type_name": "tempest-manage-st-name-772566789", "access_rules_status": "active", "replication_type": null, "has_replicas": false, "user_id": "9a475fa55eeb40b3a705ca3c8ed294ae", "create_share_from_snapshot_support": false, "revert_to_snapshot_support": false, "share_group_id": null, "source_share_group_snapshot_member_id": null, "mount_snapshot_support": false, "progress": null, "is_soft_deleted": false, "scheduled_to_be_deleted_at": null, "source_backup_id": null, "encryption_key_ref": null, "share_server_id": null, "host": ""}}'
2026-02-05 11:44:00,196 168296 INFO     [tempest.lib.common.rest_client] Request (ManageNFSShareTest:test_manage_show_user_id): 200 GET http://10.132.46.216/share/v2/8f6f451e82ab4f3b9c8f72025bd10175/shares/297e85b4-71bc-49d1-969c-d4c4ed9e3725 0.040s
2026-02-05 11:44:00,196 168296 DEBUG    [tempest.lib.common.rest_client] Request - Headers: {'Content-Type': 'application/json', 'Accept': 'application/json', 'x-openstack-manila-api-version': '2.90', 'X-Auth-Token': '<omitted>'}
        Body: None
    Response - Headers: {'date': 'Thu, 05 Feb 2026 11:44:00 GMT', 'server': 'Apache/2.4.58 (Ubuntu)', 'content-type': 'application/json', 'content-length': '1377', 'x-compute-request-id': 'req-1709ea40-d6d3-47dd-9a04-4792fbf702fa', 'x-openstack-manila-api-version': '2.90', 'vary': 'X-OpenStack-Manila-API-Version', 'x-openstack-request-id': 'req-1709ea40-d6d3-47dd-9a04-4792fbf702fa', 'connection': 'close', 'status': '200', 'content-location': 'http://10.132.46.216/share/v2/8f6f451e82ab4f3b9c8f72025bd10175/shares/297e85b4-71bc-49d1-969c-d4c4ed9e3725'}
        Body: b'{"share": {"id": "297e85b4-71bc-49d1-969c-d4c4ed9e3725", "size": 1, "availability_zone": null, "created_at": "2026-02-05T11:43:59.808486", "status": "creating", "name": "tempest-tempest-created-share-1525959623", "description": "Tempest\'s share", "project_id": "8f6f451e82ab4f3b9c8f72025bd10175", "snapshot_id": null, "share_network_id": null, "share_proto": "NFS", "metadata": {}, "share_type": "8f49091f-2d4
    f-4363-bee2-3c96a3126ab0", "volume_type": "tempest-manage-st-name-772566789", "links": [{"rel": "self", "href": "http://10.132.46.216/share/v2/8f6f451e82ab4f3b9c8f72025bd10175/shares/297e85b4-71bc-49d1-969c-d4c4ed9e3725"}, {"rel": "bookmark", "href": "http://10.132.46.216/share/8f6f451e82ab4f3b9c8f72025bd10175/shares/297e85b4-71bc-49d1-969c-d4c4ed9e3725"}], "is_public": false, "snapshot_support": false, "task_state": null, "share_type_name": "tempest-manage-st-name-772566789", "access_rules_status": "active", "replication_type": null, "has_replicas": false, "user_id": "9a475fa55eeb40b3a705ca3c8ed294ae", "create_share_from_snapshot_support": false, "revert_to_snapshot_support": false, "share_group_id": null, "source_share_group_snapshot_member_id": null, "mount_snapshot_support": false, "progress": null, "is_soft_deleted": false, "scheduled_to_be_deleted_at": null, "source_backup_id": null, "encryption_key_ref": null, "share_server_id": null, "host": ""}}'
2026-02-05 11:44:03,243 168296 INFO     [tempest.lib.common.rest_client] Request (ManageNFSShareTest:test_manage_show_user_id): 200 GET http://10.132.46.216/share/v2/8f6f451e82ab4f3b9c8f72025bd10175/shares/297e85b4-71bc-49d1-969c-d4c4ed9e3725 0.046s
2026-02-05 11:44:03,244 168296 DEBUG    [tempest.lib.common.rest_client] Request - Headers: {'Content-Type': 'application/json', 'Accept': 'application/json', 'x-openstack-manila-api-version': '2.90', 'X-Auth-Token': '<omitted>'}
        Body: None
    Response - Headers: {'date': 'Thu, 05 Feb 2026 11:44:03 GMT', 'server': 'Apache/2.4.58 (Ubuntu)', 'content-type': 'application/json', 'content-length': '1374', 'x-compute-request-id': 'req-371b59ae-fcd4-44b6-9871-2a307a64e927', 'x-openstack-manila-api-version': '2.90', 'vary': 'X-OpenStack-Manila-API-Version', 'x-openstack-request-id': 'req-371b59ae-fcd4-44b6-9871-2a307a64e927', 'connection': 'close', 'status': '200', 'content-location': 'http://10.132.46.216/share/v2/8f6f451e82ab4f3b9c8f72025bd10175/shares/297e85b4-71bc-49d1-969c-d4c4ed9e3725'}
        Body: b'{"share": {"id": "297e85b4-71bc-49d1-969c-d4c4ed9e3725", "size": 1, "availability_zone": null, "created_at": "2026-02-05T11:43:59.808486", "status": "error", "name": "tempest-tempest-created-share-1525959623", "description": "Tempest\'s share", "project_id": "8f6f451e82ab4f3b9c8f72025bd10175", "snapshot_id": null, "share_network_id": null, "share_proto": "NFS", "metadata": {}, "share_type": "8f49091f-2d4f-4363-bee2-3c96a3126ab0", "volume_type": "tempest-manage-st-name-772566789", "links": [{"rel": "self", "href": "http://10.132.46.216/share/v2/8f6f451e82ab4f3b9c8f72025bd10175/shares/297e85b4-71bc-49d1-969c-d4c4ed9e3725"}, {"rel": "bookmark", "href": "http://10.132.46.216/share/8f6f451e82ab4f3b9c8f72025bd10175/shares/297e85b4-71bc-49d1-969c-d4c4ed9e3725"}], "is_public": false, "snapshot_support": false, "task_state": null, "share_type_name": "tempest-manage-st-name-772566789", "access_rules_status": "active", "replication_type": null, "has_replicas": false, "user_id": "9a475fa55eeb40b3a705ca3c8ed294ae", "create_share_from_snapshot_support": false, "revert_to_snapshot_support": false, "share_group_id": null, "source_share_group_snapshot_member_id": null, "mount_snapshot_support": false, "progress": null, "is_soft_deleted": false, "scheduled_to_be_deleted_at": null, "source_backup_id": null, "encryption_key_ref": null, "share_server_id": null, "host": ""}}'


manila_tempest_tests.tests.api.******.test_share_manage.ManageNFSShareTest.test_manage_with_is_public_True[api_with_backend,id-8c0beefb-19da-441e-b73f-d90eb8000ff3,positive]
----------------------------------------------------------------------------------------------------------------------------------------------------------------------------

Captured traceback:
~~~~~~~~~~~~~~~~~~~
    Traceback (most recent call last):

      File "/opt/stack/tempest/manila-tempest-plugin/manila_tempest_tests/tests/api/******/test_share_manage.py", line 161, in test_manage_with_is_public_True
    self._test_manage(is_public=True, version="2.8")

      File "/opt/stack/tempest/manila-tempest-plugin/manila_tempest_tests/tests/api/******/test_share_manage.py", line 70, in _test_manage
    share = self._create_share_for_manage()
            ^^^^^^^^^^^^^^^^^^^^^^^^^^^^^^^

      File "/opt/stack/tempest/manila-tempest-plugin/manila_tempest_tests/tests/api/base.py", line 1174, in _create_share_for_manage
    share = self.create_share(**creation_data)
            ^^^^^^^^^^^^^^^^^^^^^^^^^^^^^^^^^^

      File "/opt/stack/tempest/manila-tempest-plugin/manila_tempest_tests/tests/api/base.py", line 411, in create_share
    result = cls.create_shares([{"args": args, "kwargs": kwargs}])
             ^^^^^^^^^^^^^^^^^^^^^^^^^^^^^^^^^^^^^^^^^^^^^^^^^^^^^

      File "/opt/stack/tempest/manila-tempest-plugin/manila_tempest_tests/tests/api/base.py", line 469, in create_shares
    waiters.wait_for_resource_status(

      File "/opt/stack/tempest/manila-tempest-plugin/manila_tempest_tests/common/waiters.py", line 109, in wait_for_resource_status
    raise resource_exception(resource_id=resource_id)

    manila_tempest_tests.share_exceptions.ShareBuildErrorException: Share e92c0a68-dd66-47a8-ae53-6a20c7a97963 failed to build and is in ERROR status


Captured pythonlogging:
~~~~~~~~~~~~~~~~~~~~~~~
    2026-02-05 11:44:03,624 168296 INFO     [tempest.lib.common.rest_client] Request (ManageNFSShareTest:test_manage_with_is_public_True): 200 POST http://10.132.46.216/share/v2/8f6f451e82ab4f3b9c8f72025bd10175/shares 0.375s
2026-02-05 11:44:03,624 168296 DEBUG    [tempest.lib.common.rest_client] Request - Headers: {'Content-Type': 'application/json', 'Accept': 'application/json', 'x-openstack-manila-api-version': '2.90', 'X-Auth-Token': '<omitted>'}
        Body: {"share": {"share_proto": "nfs", "description": "Tempest's share", "snapshot_id": null, "name": "tempest-tempest-created-share-576311397", "size": 1, "metadata": {}, "is_public": false, "share_type": "8f49091f-2d4f-4363-bee2-3c96a3126ab0"}}
    Response - Headers: {'date': 'Thu, 05 Feb 2026 11:44:03 GMT', 'server': 'Apache/2.4.58 (Ubuntu)', 'content-type': 'application/json', 'content-length': '1376', 'x-compute-request-id': 'req-d28a6154-35a1-4090-89d0-09d66bb9d0e7', 'x-openstack-manila-api-version': '2.90', 'vary': 'X-OpenStack-Manila-API-Version', 'x-openstack-request-id': 'req-d28a6154-35a1-4090-89d0-09d66bb9d0e7', 'connection': 'close', 'status': '200', 'content-location': 'http://10.132.46.216/share/v2/8f6f451e82ab4f3b9c8f72025bd10175/shares'}
        Body: b'{"share": {"id": "e92c0a68-dd66-47a8-ae53-6a20c7a97963", "size": 1, "availability_zone": null, "created_at": "2026-02-05T11:44:03.439212", "status": "creating", "name": "tempest-tempest-created-share-576311397", "description": "Tempest\'s share", "project_id": "8f6f451e82ab4f3b9c8f72025bd10175", "snapshot_id": null, "share_network_id": null, "share_proto": "NFS", "metadata": {}, "share_type": "8f49091f-2d4f-4363-bee2-3c96a3126ab0", "volume_type": "tempest-manage-st-name-772566789", "links": [{"rel": "self", "href": "http://10.132.46.216/share/v2/8f6f451e82ab4f3b9c8f72025bd10175/shares/e92c0a68-dd66-47a8-ae53-6a20c7a97963"}, {"rel": "bookmark", "href": "http://10.132.46.216/share/8f6f451e82ab4f3b9c8f72025bd10175/shares/e92c0a68-dd66-47a8-ae53-6a20c7a97963"}], "is_public": false, "snapshot_support": false, "task_state": null, "share_type_name": "tempest-manage-st-name-772566789", "access_rules_status": "active", "replication_type": null, "has_replicas": false, "user_id": "9a475fa55eeb40b3a705ca3c8ed294ae", "create_share_from_snapshot_support": false, "revert_to_snapshot_support": false, "share_group_id": null, "source_share_group_snapshot_member_id": null, "mount_snapshot_support": false, "progress": null, "is_soft_deleted": false, "scheduled_to_be_deleted_at": null, "source_backup_id": null, "encryption_key_ref": null, "share_server_id": null, "host": ""}}'
2026-02-05 11:44:03,677 168296 INFO     [tempest.lib.common.rest_client] Request (ManageNFSShareTest:test_manage_with_is_public_True): 200 GET http://10.132.46.216/share/v2/8f6f451e82ab4f3b9c8f72025bd10175/shares/e92c0a68-dd66-47a8-ae53-6a20c7a97963 0.052s
2026-02-05 11:44:03,678 168296 DEBUG    [tempest.lib.common.rest_client] Request - Headers: {'Content-Type': 'application/json', 'Accept': 'application/json', 'x-openstack-manila-api-version': '2.90', 'X-Auth-Token': '<omitted>'}
        Body: None
    Response - Headers: {'date': 'Thu, 05 Feb 2026 11:44:03 GMT', 'server': 'Apache/2.4.58 (Ubuntu)', 'content-type': 'application/json', 'content-length': '1373', 'x-compute-request-id': 'req-5be786ee-124f-448b-9db8-1f17320c6bad', 'x-openstack-manila-api-version': '2.90', 'vary': 'X-OpenStack-Manila-API-Version', 'x-openstack-request-id': 'req-5be786ee-124f-448b-9db8-1f17320c6bad', 'connection': 'close', 'status': '200', 'content-location': 'http://10.132.46.216/share/v2/8f6f451e82ab4f3b9c8f72025bd10175/shares/e92c0a68-dd66-47a8-ae53-6a20c7a97963'}
        Body: b'{"share": {"id": "e92c0a68-dd66-47a8-ae53-6a20c7a97963", "size": 1, "availability_zone": null, "created_at": "2026-02-05T11:44:03.439212", "status": "error", "name": "tempest-tempest-created-share-576311397", "description": "Tempest\'s share", "project_id": "8f6f451e82ab4f3b9c8f72025bd10175", "snapshot_id": null, "share_network_id": null, "share_proto": "NFS", "metadata": {}, "share_type": "8f49
    091f-2d4f-4363-bee2-3c96a3126ab0", "volume_type": "tempest-manage-st-name-772566789", "links": [{"rel": "self", "href": "http://10.132.46.216/share/v2/8f6f451e82ab4f3b9c8f72025bd10175/shares/e92c0a68-dd66-47a8-ae53-6a20c7a97963"}, {"rel": "bookmark", "href": "http://10.132.46.216/share/8f6f451e82ab4f3b9c8f72025bd10175/shares/e92c0a68-dd66-47a8-ae53-6a20c7a97963"}], "is_public": false, "snapshot_support": false, "task_state": null, "share_type_name": "tempest-manage-st-name-772566789", "access_rules_status": "active", "replication_type": null, "has_replicas": false, "user_id": "9a475fa55eeb40b3a705ca3c8ed294ae", "create_share_from_snapshot_support": false, "revert_to_snapshot_support": false, "share_group_id": null, "source_share_group_snapshot_member_id": null, "mount_snapshot_support": false, "progress": null, "is_soft_deleted": false, "scheduled_to_be_deleted_at": null, "source_backup_id": null, "encryption_key_ref": null, "share_server_id": null, "host": ""}}'
2026-02-05 11:44:06,713 168296 INFO     [tempest.lib.common.rest_client] Request (ManageNFSShareTest:test_manage_with_is_public_True): 200 GET http://10.132.46.216/share/v2/8f6f451e82ab4f3b9c8f72025bd10175/shares/e92c0a68-dd66-47a8-ae53-6a20c7a97963 0.035s
2026-02-05 11:44:06,713 168296 DEBUG    [tempest.lib.common.rest_client] Request - Headers: {'Content-Type': 'application/json', 'Accept': 'application/json', 'x-openstack-manila-api-version': '2.90', 'X-Auth-Token': '<omitted>'}
        Body: None
    Response - Headers: {'date': 'Thu, 05 Feb 2026 11:44:06 GMT', 'server': 'Apache/2.4.58 (Ubuntu)', 'content-type': 'application/json', 'content-length': '1373', 'x-compute-request-id': 'req-ada81ae2-d2c9-48c9-88a2-5cf366470b89', 'x-openstack-manila-api-version': '2.90', 'vary': 'X-OpenStack-Manila-API-Version', 'x-openstack-request-id': 'req-ada81ae2-d2c9-48c9-88a2-5cf366470b89', 'connection': 'close', 'status': '200', 'content-location': 'http://10.132.46.216/share/v2/8f6f451e82ab4f3b9c8f72025bd10175/shares/e92c0a68-dd66-47a8-ae53-6a20c7a97963'}
        Body: b'{"share": {"id": "e92c0a68-dd66-47a8-ae53-6a20c7a97963", "size": 1, "availability_zone": null, "created_at": "2026-02-05T11:44:03.439212", "status": "error", "name": "tempest-tempest-created-share-576311397", "description": "Tempest\'s share", "project_id": "8f6f451e82ab4f3b9c8f72025bd10175", "snapshot_id": null, "share_network_id": null, "share_proto": "NFS", "metadata": {}, "share_type": "8f49091f-2d4f-4363-bee2-3c96a3126ab0", "volume_type": "tempest-manage-st-name-772566789", "links": [{"rel": "self", "href": "http://10.132.46.216/share/v2/8f6f451e82ab4f3b9c8f72025bd10175/shares/e92c0a68-dd66-47a8-ae53-6a20c7a97963"}, {"rel": "bookmark", "href": "http://10.132.46.216/share/8f6f451e82ab4f3b9c8f72025bd10175/shares/e92c0a68-dd66-47a8-ae53-6a20c7a97963"}], "is_public": false, "snapshot_support": false, "task_state": null, "share_type_name": "tempest-manage-st-name-772566789", "access_rules_status": "active", "replication_type": null, "has_replicas": false, "user_id": "9a475fa55eeb40b3a705ca3c8ed294ae", "create_share_from_snapshot_support": false, "revert_to_snapshot_support": false, "share_group_id": null, "source_share_group_snapshot_member_id": null, "mount_snapshot_support": false, "progress": null, "is_soft_deleted": false, "scheduled_to_be_deleted_at": null, "source_backup_id": null, "encryption_key_ref": null, "share_server_id": null, "host": ""}}'


setUpClass (manila_tempest_tests.tests.api.test_metadata.SharesMetadataTest)
----------------------------------------------------------------------------

Captured traceback:
~~~~~~~~~~~~~~~~~~~
    Traceback (most recent call last):

      File "/opt/stack/tempest/tempest/test.py", line 185, in setUpClass
    raise value.with_traceback(trace)

      File "/opt/stack/tempest/tempest/test.py", line 178, in setUpClass
    cls.resource_setup()

      File "/opt/stack/tempest/manila-tempest-plugin/manila_tempest_tests/tests/api/test_metadata.py", line 35, in resource_setup
    cls.share = cls.create_share(share_type_id=cls.share_type_id)
                ^^^^^^^^^^^^^^^^^^^^^^^^^^^^^^^^^^^^^^^^^^^^^^^^^

      File "/opt/stack/tempest/manila-tempest-plugin/manila_tempest_tests/tests/api/base.py", line 411, in create_share
    result = cls.create_shares([{"args": args, "kwargs": kwargs}])
             ^^^^^^^^^^^^^^^^^^^^^^^^^^^^^^^^^^^^^^^^^^^^^^^^^^^^^

      File "/opt/stack/tempest/manila-tempest-plugin/manila_tempest_tests/tests/api/base.py", line 469, in create_shares
    waiters.wait_for_resource_status(

      File "/opt/stack/tempest/manila-tempest-plugin/manila_tempest_tests/common/waiters.py", line 109, in wait_for_resource_status
    raise resource_exception(resource_id=resource_id)

    manila_tempest_tests.share_exceptions.ShareBuildErrorException: Share a278aa43-a9ab-4b5c-b3d5-1d4ff105c9e6 failed to build and is in ERROR status


manila_tempest_tests.tests.api.******.test_share_manage.ManageNFSShareTest.test_manage_with_os_share_manage_url[api_with_backend,id-15b654d0-34ed-4154-9f5f-b96d2e4e9d1c,positive]
---------------------------------------------------------------------------------------------------------------------------------------------------------------------------------

Captured traceback:
~~~~~~~~~~~~~~~~~~~
    Traceback (most recent call last):

      File "/opt/stack/tempest/manila-tempest-plugin/manila_tempest_tests/tests/api/******/test_share_manage.py", line 155, in test_manage_with_os_share_manage_url
    self._test_manage(version="2.5")

      File "/opt/stack/tempest/manila-tempest-plugin/manila_tempest_tests/tests/api/******/test_share_manage.py", line 70, in _test_manage
    share = self._create_share_for_manage()
            ^^^^^^^^^^^^^^^^^^^^^^^^^^^^^^^

      File "/opt/stack/tempest/manila-tempest-plugin/manila_tempest_tests/tests/api/base.py", line 1174, in _create_share_for_manage
    share = self.create_share(**creation_data)
            ^^^^^^^^^^^^^^^^^^^^^^^^^^^^^^^^^^

      File "/opt/stack/tempest/manila-tempest-plugin/manila_tempest_tests/tests/api/base.py", line 411, in create_share
    result = cls.create_shares([{"args": args, "kwargs": kwargs}])
             ^^^^^^^^^^^^^^^^^^^^^^^^^^^^^^^^^^^^^^^^^^^^^^^^^^^^^

      File "/opt/stack/tempest/manila-tempest-plugin/manila_tempest_tests/tests/api/base.py", line 469, in create_shares
    waiters.wait_for_resource_status(

      File "/opt/stack/tempest/manila-tempest-plugin/manila_tempest_tests/common/waiters.py", line 109, in wait_for_resource_status
    raise resource_exception(resource_id=resource_id)

    manila_tempest_tests.share_exceptions.ShareBuildErrorException: Share 5f59cdfe-746d-4531-a465-3c6535dc8e0c failed to build and is in ERROR status


Captured pythonlogging:
~~~~~~~~~~~~~~~~~~~~~~~
    2026-02-05 11:44:07,081 168296 INFO     [tempest.lib.common.rest_client] Request (ManageNFSShareTest:test_manage_with_os_share_manage_url): 200 POST http://10.132.46.216/share/v2/8f6f451e82ab4f3b9c8f72025bd10175/shares 0.363s
2026-02-05 11:44:07,081 168296 DEBUG    [tempest.lib.common.rest_client] Request - Headers: {'Content-Type': 'application/json', 'Accept': 'application/json', 'x-openstack-manila-api-version': '2.90', 'X-Auth-Token': '<omitted>'}
        Body: {"share": {"share_proto": "nfs", "description": "Tempest's share", "snapshot_id": null, "name": "tempest-tempest-created-share-300999739", "size": 1, "metadata": {}, "is_public": false, "share_type": "8f49091f-2d4f-4363-bee2-3c96a3126ab0"}}
    Response - Headers: {'date': 'Thu, 05 Feb 2026 11:44:06 GMT', 'server': 'Apache/2.4.58 (Ubuntu)', 'content-type': 'application/json', 'content-length': '1376', 'x-compute-request-id': 'req-5197a6ec-9714-491b-bdc1-811a85f05302', 'x-openstack-manila-api-version': '2.90', 'vary': 'X-OpenStack-Manila-API-Version', 'x-openstack-request-id': 'req-5197a6ec-9714-491b-bdc1-811a85f05302', 'connection': 'close', 'status': '200', 'content-location': 'http://10.132.46.216/share/v2/8f6f451e82ab4f3b9c8f72025bd10175/shares'}
        Body: b'{"share": {"id": "5f59cdfe-746d-4531-a465-3c6535dc8e0c", "size": 1, "availability_zone": null, "created_at": "2026-02-05T11:44:06.782390", "status": "creating", "name": "tempest-tempest-created-share-300999739", "description": "Tempest\'s share", "project_id": "8f6f451e82ab4f3b9c8f72025bd10175", "snapshot_id": null, "share_network_id": null, "share_proto": "NFS", "metadata": {}, "share_type": "8f49091f-2d4f-4363-bee2-3c96a3126ab0", "volume_type": "tempest-manage-st-name-772566789", "links": [{"rel": "self", "href": "http://10.132.46.216/share/v2/8f6f451e82ab4f3b9c8f72025bd10175/shares/5f59cdfe-746d-4531-a465-3c6535dc8e0c"}, {"rel": "bookmark", "href": "http://10.132.46.216/share/8f6f451e82ab4f3b9c8f72025bd10175/shares/5f59cdfe-746d-4531-a465-3c6535dc8e0c"}], "is_public": false, "snapshot_support": false, "task_state": null, "share_type_name": "tempest-manage-st-name-772566789", "access_rules_status": "active", "replication_type": null, "has_replicas": false, "user_id": "9a475fa55eeb40b3a705ca3c8ed294ae", "create_share_from_snapshot_support": false, "revert_to_snapshot_support": false, "share_group_id": null, "source_share_group_snapshot_member_id": null, "mount_snapshot_support": false, "progress": null, "is_soft_deleted": false, "scheduled_to_be_deleted_at": null, "source_backup_id": null, "encryption_key_ref": null, "share_server_id": null, "host": ""}}'
2026-02-05 11:44:07,139 168296 INFO     [tempest.lib.common.rest_client] Request (ManageNFSShareTest:test_manage_with_os_share_manage_url): 200 GET http://10.132.46.216/share/v2/8f6f451e82ab4f3b9c8f72025bd10175/shares/5f59cdfe-746d-4531-a465-3c6535dc8e0c 0.055s
2026-02-05 11:44:07,139 168296 DEBUG    [tempest.lib.common.rest_client] Request - Headers: {'Content-Type': 'application/json', 'Accept': 'application/json', 'x-openstack-manila-api-version': '2.90', 'X-Auth-Token': '<omitted>'}
        Body: None
    Response - Headers: {'date': 'Thu, 05 Feb 2026 11:44:07 GMT', 'server': 'Apache/2.4.58 (Ubuntu)', 'content-type': 'application/json', 'content-length': '1373', 'x-compute-request-id': 'req-d5b7c46c-d282-4800-9674-c07041ba5f1c', 'x-openstack-manila-api-version': '2.90', 'vary': 'X-OpenStack-Manila-API-Version', 'x-openstack-request-id': 'req-d5b7c46c-d282-4800-9674-c07041ba5f1c', 'connection': 'close', 'status': '200', 'content-location': 'http://10.132.46.216/share/v2/8f6f451e82ab4f3b9c8f72025bd10175/shares/5f59cdfe-746d-4531-a465-3c6535dc8e0c'}
        Body: b'{"share": {"id": "5f59cdfe-746d-4531-a465-3c6535dc8e0c", "size": 1, "availability_zone": null, "created_at": "2026-02-05T11:44:06.782390", "status": "error", "name": "tempest-tempest-created-share-300999739", "description": "Tempest\'s share", "project_id": "8f6f451e82ab4f3b9c8f72025bd10175", "snapshot_id": null, "share_network_id": null, "share_proto": "NFS", "metadata": {}, "share_ty
    pe": "8f49091f-2d4f-4363-bee2-3c96a3126ab0", "volume_type": "tempest-manage-st-name-772566789", "links": [{"rel": "self", "href": "http://10.132.46.216/share/v2/8f6f451e82ab4f3b9c8f72025bd10175/shares/5f59cdfe-746d-4531-a465-3c6535dc8e0c"}, {"rel": "bookmark", "href": "http://10.132.46.216/share/8f6f451e82ab4f3b9c8f72025bd10175/shares/5f59cdfe-746d-4531-a465-3c6535dc8e0c"}], "is_public": false, "snapshot_support": false, "task_state": null, "share_type_name": "tempest-manage-st-name-772566789", "access_rules_status": "active", "replication_type": null, "has_replicas": false, "user_id": "9a475fa55eeb40b3a705ca3c8ed294ae", "create_share_from_snapshot_support": false, "revert_to_snapshot_support": false, "share_group_id": null, "source_share_group_snapshot_member_id": null, "mount_snapshot_support": false, "progress": null, "is_soft_deleted": false, "scheduled_to_be_deleted_at": null, "source_backup_id": null, "encryption_key_ref": null, "share_server_id": null, "host": ""}}'
2026-02-05 11:44:10,167 168296 INFO     [tempest.lib.common.rest_client] Request (ManageNFSShareTest:test_manage_with_os_share_manage_url): 200 GET http://10.132.46.216/share/v2/8f6f451e82ab4f3b9c8f72025bd10175/shares/5f59cdfe-746d-4531-a465-3c6535dc8e0c 0.027s
2026-02-05 11:44:10,168 168296 DEBUG    [tempest.lib.common.rest_client] Request - Headers: {'Content-Type': 'application/json', 'Accept': 'application/json', 'x-openstack-manila-api-version': '2.90', 'X-Auth-Token': '<omitted>'}
        Body: None
    Response - Headers: {'date': 'Thu, 05 Feb 2026 11:44:10 GMT', 'server': 'Apache/2.4.58 (Ubuntu)', 'content-type': 'application/json', 'content-length': '1373', 'x-compute-request-id': 'req-b923c8f7-46ec-4335-9f34-645d723f2dbe', 'x-openstack-manila-api-version': '2.90', 'vary': 'X-OpenStack-Manila-API-Version', 'x-openstack-request-id': 'req-b923c8f7-46ec-4335-9f34-645d723f2dbe', 'connection': 'close', 'status': '200', 'content-location': 'http://10.132.46.216/share/v2/8f6f451e82ab4f3b9c8f72025bd10175/shares/5f59cdfe-746d-4531-a465-3c6535dc8e0c'}
        Body: b'{"share": {"id": "5f59cdfe-746d-4531-a465-3c6535dc8e0c", "size": 1, "availability_zone": null, "created_at": "2026-02-05T11:44:06.782390", "status": "error", "name": "tempest-tempest-created-share-300999739", "description": "Tempest\'s share", "project_id": "8f6f451e82ab4f3b9c8f72025bd10175", "snapshot_id": null, "share_network_id": null, "share_proto": "NFS", "metadata": {}, "share_type": "8f49091f-2d4f-4363-bee2-3c96a3126ab0", "volume_type": "tempest-manage-st-name-772566789", "links": [{"rel": "self", "href": "http://10.132.46.216/share/v2/8f6f451e82ab4f3b9c8f72025bd10175/shares/5f59cdfe-746d-4531-a465-3c6535dc8e0c"}, {"rel": "bookmark", "href": "http://10.132.46.216/share/8f6f451e82ab4f3b9c8f72025bd10175/shares/5f59cdfe-746d-4531-a465-3c6535dc8e0c"}], "is_public": false, "snapshot_support": false, "task_state": null, "share_type_name": "tempest-manage-st-name-772566789", "access_rules_status": "active", "replication_type": null, "has_replicas": false, "user_id": "9a475fa55eeb40b3a705ca3c8ed294ae", "create_share_from_snapshot_support": false, "revert_to_snapshot_support": false, "share_group_id": null, "source_share_group_snapshot_member_id": null, "mount_snapshot_support": false, "progress": null, "is_soft_deleted": false, "scheduled_to_be_deleted_at": null, "source_backup_id": null, "encryption_key_ref": null, "share_server_id": null, "host": ""}}'


manila_tempest_tests.tests.api.test_public_shares.PublicSharesTest.test_list_shares_public_with_detail[api_with_backend,id-557a0474-9e30-47b4-a766-19e2afb13e66,positive]
-------------------------------------------------------------------------------------------------------------------------------------------------------------------------

Captured traceback:
~~~~~~~~~~~~~~~~~~~
    Traceback (most recent call last):

      File "/opt/stack/tempest/manila-tempest-plugin/manila_tempest_tests/tests/api/test_public_shares.py", line 38, in test_list_shares_public_with_detail
    public_share = self.create_share(
                   ^^^^^^^^^^^^^^^^^^

      File "/opt/stack/tempest/manila-tempest-plugin/manila_tempest_tests/tests/api/base.py", line 411, in create_share
    result = cls.create_shares([{"args": args, "kwargs": kwargs}])
             ^^^^^^^^^^^^^^^^^^^^^^^^^^^^^^^^^^^^^^^^^^^^^^^^^^^^^

      File "/opt/stack/tempest/manila-tempest-plugin/manila_tempest_tests/tests/api/base.py", line 469, in create_shares
    waiters.wait_for_resource_status(

      File "/opt/stack/tempest/manila-tempest-plugin/manila_tempest_tests/common/waiters.py", line 109, in wait_for_resource_status
    raise resource_exception(resource_id=resource_id)

    manila_tempest_tests.share_exceptions.ShareBuildErrorException: Share 200ab650-bc96-4834-af37-6446e81b4197 failed to build and is in ERROR status


Captured pythonlogging:
~~~~~~~~~~~~~~~~~~~~~~~
    2026-02-05 11:44:07,284 168298 INFO     [tempest.lib.common.rest_client] Request (PublicSharesTest:test_list_shares_public_with_detail): 200 POST http://10.132.46.216/share/v2/900fe86973a4416a87c846b815fec555/shares 0.208s
2026-02-05 11:44:07,284 168298 DEBUG    [tempest.lib.common.rest_client] Request - Headers: {'Content-Type': 'application/json', 'Accept': 'application/json', 'x-openstack-manila-api-version': '2.90', 'X-Auth-Token': '<omitted>'}
        Body: {"share": {"share_proto": "nfs", "description": "public_share_desc", "snapshot_id": null, "name": "public_share - must be visible to all projects in the cloud", "size": 1, "metadata": {}, "is_public": true, "share_type": "df1d1933-b637-442f-9b19-e95ca5b542cd"}}
    Response - Headers: {'date': 'Thu, 05 Feb 2026 11:44:07 GMT', 'server': 'Apache/2.4.58 (Ubuntu)', 'content-type': 'application/json', 'content-length': '1397', 'x-compute-request-id': 'req-45166dfe-f63a-4583-bd6a-3f612ba3e29b', 'x-openstack-manila-api-version': '2.90', 'vary': 'X-OpenStack-Manila-API-Version', 'x-openstack-request-id': 'req-45166dfe-f63a-4583-bd6a-3f612ba3e29b', 'connection': 'close', 'status': '200', 'content-location': 'http://10.132.46.216/share/v2/900fe86973a4416a87c846b815fec555/shares'}
        Body: b'{"share": {"id": "200ab650-bc96-4834-af37-6446e81b4197", "size": 1, "availability_zone": null, "created_at": "2026-02-05T11:44:07.157942", "status": "creating", "name": "public_share - must be visible to all projects in the cloud", "description": "public_share_desc", "project_id": "900fe86973a4416a87c846b815fec555", "snapshot_id": null, "share_network_id": null, "share_proto": "NFS", "metadata": {}, "share_type": "df1d1933-b637-442f-9b19-e95ca5b542cd", "volume_type": "tempest-typeshare-type-707881132", "links": [{"rel": "self", "href": "http://10.132.46.216/share/v2/900fe86973a4416a87c846b815fec555/shares/200ab650-bc96-4834-af37-6446e81b4197"}, {"rel": "bookmark", "href": "http://10.132.46.216/share/900fe86973a4416a87c846b815fec555/shares/200ab650-bc96-4834-af37-6446e81b4197"}], "is_public": true, "snapshot_support": false, "task_state": null, "share_type_name": "tempest-typeshare-type-707881132", "access_rules_status": "active", "replication_type": null, "has_replicas": false, "user_id": "eea2511ec5bc468abcd5dbdffdd67a00", "create_share_from_snapshot_support": false, "revert_to_snapshot_support": false, "share_group_id": null, "source_share_group_snapshot_member_id": null, "mount_snapshot_support": false, "progress": null, "is_soft_deleted": false, "scheduled_to_be_deleted_at": null, "source_backup_id": null, "encryption_key_ref": null, "share_server_id": null, "host": ""}}'
2026-02-05 11:44:07,317 168298 INFO     [tempest.lib.common.rest_client] Request (PublicSharesTest:test_list_shares_public_with_detail): 200 GET http://10.132.46.216/share/v2/900fe86973a4416a87c846b815fec555/shares/200ab650-bc96-4834-af37-6446e81b4197 0.032s
2026-02-05 11:44:07,318 168298 DEBUG    [tempest.lib.common.rest_client] Request - Headers: {'Content-Type': 'application/json', 'Accept': 'application/json', 'x-openstack-manila-api-version': '2.90', 'X-Auth-Token': '<omitted>'}
        Body: None
    Response - Headers: {'date': 'Thu, 05 Feb 2026 11:44:07 GMT', 'server': 'Apache/2.4.58 (Ubuntu)', 'content-type': 'application/json', 'content-length': '1394', 'x-compute-request-id': 'req-ab584ac0-f6f7-428a-aea6-949bbb14511d', 'x-openstack-manila-api-version': '2.90', 'vary': 'X-OpenStack-Manila-API-Version', 'x-openstack-request-id': 'req-ab584ac0-f6f7-428a-aea6-949bbb14511d', 'connection': 'close', 'status': '200', 'content-location': 'http://10.132.46.216/share/v2/900fe86973a4416a87c846b815fec555/shares/200ab650-bc96-4834-af37-6446e81b4197'}
        Body: b'{"share": {"id": "200ab650-bc96-4834-af37-6446e81b4197", "size": 1, "availability_zone": null, "created_at": "2026-02-05T11:44:07.157942", "status": "error", "name": "public_share - must be visible to all projects in the cloud", "description": "public_share_desc", "project_id": "900fe86973a4416a87c846b815fec555", "snapshot_id": null, "share_network_id
    ": null, "share_proto": "NFS", "metadata": {}, "share_type": "df1d1933-b637-442f-9b19-e95ca5b542cd", "volume_type": "tempest-typeshare-type-707881132", "links": [{"rel": "self", "href": "http://10.132.46.216/share/v2/900fe86973a4416a87c846b815fec555/shares/200ab650-bc96-4834-af37-6446e81b4197"}, {"rel": "bookmark", "href": "http://10.132.46.216/share/900fe86973a4416a87c846b815fec555/shares/200ab650-bc96-4834-af37-6446e81b4197"}], "is_public": true, "snapshot_support": false, "task_state": null, "share_type_name": "tempest-typeshare-type-707881132", "access_rules_status": "active", "replication_type": null, "has_replicas": false, "user_id": "eea2511ec5bc468abcd5dbdffdd67a00", "create_share_from_snapshot_support": false, "revert_to_snapshot_support": false, "share_group_id": null, "source_share_group_snapshot_member_id": null, "mount_snapshot_support": false, "progress": null, "is_soft_deleted": false, "scheduled_to_be_deleted_at": null, "source_backup_id": null, "encryption_key_ref": null, "share_server_id": null, "host": ""}}'
2026-02-05 11:44:10,351 168298 INFO     [tempest.lib.common.rest_client] Request (PublicSharesTest:test_list_shares_public_with_detail): 200 GET http://10.132.46.216/share/v2/900fe86973a4416a87c846b815fec555/shares/200ab650-bc96-4834-af37-6446e81b4197 0.032s
2026-02-05 11:44:10,352 168298 DEBUG    [tempest.lib.common.rest_client] Request - Headers: {'Content-Type': 'application/json', 'Accept': 'application/json', 'x-openstack-manila-api-version': '2.90', 'X-Auth-Token': '<omitted>'}
        Body: None
    Response - Headers: {'date': 'Thu, 05 Feb 2026 11:44:10 GMT', 'server': 'Apache/2.4.58 (Ubuntu)', 'content-type': 'application/json', 'content-length': '1394', 'x-compute-request-id': 'req-20a7babb-6b27-4d6b-9f9a-2668d13e4a07', 'x-openstack-manila-api-version': '2.90', 'vary': 'X-OpenStack-Manila-API-Version', 'x-openstack-request-id': 'req-20a7babb-6b27-4d6b-9f9a-2668d13e4a07', 'connection': 'close', 'status': '200', 'content-location': 'http://10.132.46.216/share/v2/900fe86973a4416a87c846b815fec555/shares/200ab650-bc96-4834-af37-6446e81b4197'}
        Body: b'{"share": {"id": "200ab650-bc96-4834-af37-6446e81b4197", "size": 1, "availability_zone": null, "created_at": "2026-02-05T11:44:07.157942", "status": "error", "name": "public_share - must be visible to all projects in the cloud", "description": "public_share_desc", "project_id": "900fe86973a4416a87c846b815fec555", "snapshot_id": null, "share_network_id": null, "share_proto": "NFS", "metadata": {}, "share_type": "df1d1933-b637-442f-9b19-e95ca5b542cd", "volume_type": "tempest-typeshare-type-707881132", "links": [{"rel": "self", "href": "http://10.132.46.216/share/v2/900fe86973a4416a87c846b815fec555/shares/200ab650-bc96-4834-af37-6446e81b4197"}, {"rel": "bookmark", "href": "http://10.132.46.216/share/900fe86973a4416a87c846b815fec555/shares/200ab650-bc96-4834-af37-6446e81b4197"}], "is_public": true, "snapshot_support": false, "task_state": null, "share_type_name": "tempest-typeshare-type-707881132", "access_rules_status": "active", "replication_type": null, "has_replicas": false, "user_id": "eea2511ec5bc468abcd5dbdffdd67a00", "create_share_from_snapshot_support": false, "revert_to_snapshot_support": false, "share_group_id": null, "source_share_group_snapshot_member_id": null, "mount_snapshot_support": false, "progress": null, "is_soft_deleted": false, "scheduled_to_be_deleted_at": null, "source_backup_id": null, "encryption_key_ref": null, "share_server_id": null, "host": ""}}'
2026-02-05 11:44:10,486 168298 INFO     [tempest.lib.common.rest_client] Request (PublicSharesTest:_run_cleanups): 200 GET http://10.132.46.216/share/v2/af20d9b8552e46179a5532e982fc6cea/share-replicas/detail?share_id=200ab650-bc96-4834-af37-6446e81b4197 0.132s
2026-02-05 11:44:10,489 168298 DEBUG    [tempest.lib.common.rest_client] Request - Headers: {'Content-Type': 'application/json', 'Accept': 'application/json', 'x-openstack-manila-api-version': '2.90', 'X-Auth-Token': '<omitted>'}
        Body: None
    Response - Headers: {'date': 'Thu, 05 Feb 2026 11:44:10 GMT', '
    server': 'Apache/2.4.58 (Ubuntu)', 'content-type': 'application/json', 'content-length': '22', 'x-compute-request-id': 'req-36bfb152-7c26-4ff4-a2ef-7f16381ce264', 'x-openstack-manila-api-version': '2.90', 'vary': 'X-OpenStack-Manila-API-Version', 'x-openstack-request-id': 'req-36bfb152-7c26-4ff4-a2ef-7f16381ce264', 'connection': 'close', 'status': '200', 'content-location': 'http://10.132.46.216/share/v2/af20d9b8552e46179a5532e982fc6cea/share-replicas/detail?share_id=200ab650-bc96-4834-af37-6446e81b4197'}
        Body: b'{"share_replicas": []}'
2026-02-05 11:44:10,727 168298 INFO     [tempest.lib.common.rest_client] Request (PublicSharesTest:_run_cleanups): 202 DELETE http://10.132.46.216/share/v2/900fe86973a4416a87c846b815fec555/shares/200ab650-bc96-4834-af37-6446e81b4197 0.237s
2026-02-05 11:44:10,727 168298 DEBUG    [tempest.lib.common.rest_client] Request - Headers: {'Content-Type': 'application/json', 'Accept': 'application/json', 'x-openstack-manila-api-version': '2.90', 'X-Auth-Token': '<omitted>'}
        Body: None
    Response - Headers: {'date': 'Thu, 05 Feb 2026 11:44:10 GMT', 'server': 'Apache/2.4.58 (Ubuntu)', 'content-length': '0', 'content-type': 'text/html; charset=UTF-8', 'x-compute-request-id': 'req-09a6fe40-c306-474e-b523-125a705e0921', 'x-openstack-manila-api-version': '2.90', 'vary': 'X-OpenStack-Manila-API-Version', 'x-openstack-request-id': 'req-09a6fe40-c306-474e-b523-125a705e0921', 'connection': 'close', 'status': '202', 'content-location': 'http://10.132.46.216/share/v2/900fe86973a4416a87c846b815fec555/shares/200ab650-bc96-4834-af37-6446e81b4197'}
        Body: b''
2026-02-05 11:44:10,749 168298 INFO     [tempest.lib.common.rest_client] Request (PublicSharesTest:_run_cleanups): 404 GET http://10.132.46.216/share/v2/900fe86973a4416a87c846b815fec555/shares/200ab650-bc96-4834-af37-6446e81b4197 0.021s
2026-02-05 11:44:10,749 168298 DEBUG    [tempest.lib.common.rest_client] Request - Headers: {'Content-Type': 'application/json', 'Accept': 'application/json', 'x-openstack-manila-api-version': '2.90', 'X-Auth-Token': '<omitted>'}
        Body: None
    Response - Headers: {'date': 'Thu, 05 Feb 2026 11:44:10 GMT', 'server': 'Apache/2.4.58 (Ubuntu)', 'x-openstack-manila-api-version': '2.90', 'vary': 'X-OpenStack-Manila-API-Version', 'content-length': '78', 'content-type': 'application/json', 'x-compute-request-id': 'req-6d901c14-f667-46e5-be12-c0819b79fd5d', 'x-openstack-request-id': 'req-6d901c14-f667-46e5-be12-c0819b79fd5d', 'connection': 'close', 'status': '404', 'content-location': 'http://10.132.46.216/share/v2/900fe86973a4416a87c846b815fec555/shares/200ab650-bc96-4834-af37-6446e81b4197'}
        Body: b'{"itemNotFound": {"code": 404, "message": "The resource could not be found."}}'


manila_tempest_tests.tests.api.******.test_share_types.ShareTypesAdminTest.test_get_share_with_share_type[api_with_backend,id-4e2ad320-9f3d-4797-a3ad-bf800bcd1831,positive]
---------------------------------------------------------------------------------------------------------------------------------------------------------------------------

Captured traceback:
~~~~~~~~~~~~~~~~~~~
    Traceback (most recent call last):

      File "/opt/stack/tempest/manila-tempest-plugin/manila_tempest_tests/tests/api/******/test_share_types.py", line 246, in test_get_share_with_share_type
    share = self.create_share(
            ^^^^^^^^^^^^^^^^^^

      File "/opt/stack/tempest/manila-tempest-plugin/manila_tempest_tests/tests/api/base.py", line 411, in create_share
    result = cls.create_shares([{"args": args, "kwargs": kwargs}])
             ^^^^^^^^^^^^^^^^^^^^^^^^^^^^^^^^^^^^^^^^^^^^^^^^^^^^^

      File "/opt/stack/tempest/manila-tempest-plugin/manila_tempest_tests/tests/api/base.py", line 469, in create_shares
    waiters.wait_for_resource_status(

      File "/opt/stack/tempest/manila-tempest-plugin/manila_tempest_tests/common/waiters.py", line 109, in wait_for_resource_status
    raise resource_exception(resource_id=resource_id)

    manila_tempest_tests.share_exceptions.ShareBuildErrorException: Share 45c9a7fd-f5e5-4837-b573-237a066f694f failed to build and is in ERROR status


Captured pythonlogging:
~~~~~~~~~~~~~~~~~~~~~~~
    2026-02-05 11:44:09,705 168294 INFO     [tempest.lib.common.rest_client] Request (ShareTypesAdminTest:test_get_share_with_share_type): 200 POST http://10.132.46.216/share/v2/631469f9953046bf8daa036595376014/types 0.092s
2026-02-05 11:44:09,705 168294 DEBUG    [tempest.lib.common.rest_client] Request - Headers: {'Content-Type': 'application/json', 'Accept': 'application/json', 'x-openstack-manila-api-version': '2.90', 'X-Auth-Token': '<omitted>'}
        Body: {"share_type": {"name": "tempest-share-type-377258629", "extra_specs": {"driver_handles_share_servers": "False", "storage_protocol": "NFS"}, "share_type_access:is_public": true}}
    Response - Headers: {'date': 'Thu, 05 Feb 2026 11:44:09 GMT', 'server': 'Apache/2.4.58 (Ubuntu)', 'content-type': 'application/json', 'content-length': '667', 'x-compute-request-id': 'req-02fbf2f3-875f-4741-b3d9-a0972f9c7b63', 'x-openstack-manila-api-version': '2.90', 'vary': 'X-OpenStack-Manila-API-Version', 'x-openstack-request-id': 'req-02fbf2f3-875f-4741-b3d9-a0972f9c7b63', 'connection': 'close', 'status': '200', 'content-location': 'http://10.132.46.216/share/v2/631469f9953046bf8daa036595376014/types'}
        Body: b'{"volume_type": {"id": "1efe9488-ec6d-4a77-9094-44ff4fb697c1", "name": "tempest-share-type-377258629", "extra_specs": {"driver_handles_share_servers": "False", "storage_protocol": "NFS"}, "required_extra_specs": {"driver_handles_share_servers": "False"}, "share_type_access:is_public": true, "description": null, "is_default": false}, "share_type": {"id": "1efe9488-ec6d-4a77-9094-44ff4fb697c1", "name": "tempest-share-type-377258629", "extra_specs": {"driver_handles_share_servers": "False", "storage_protocol": "NFS"}, "required_extra_specs": {"driver_handles_share_servers": "False"}, "share_type_access:is_public": true, "description": null, "is_default": false}}'
2026-02-05 11:44:09,900 168294 INFO     [tempest.lib.common.rest_client] Request (ShareTypesAdminTest:test_get_share_with_share_type): 200 POST http://10.132.46.216/share/v2/631469f9953046bf8daa036595376014/shares 0.194s
2026-02-05 11:44:09,900 168294 DEBUG    [tempest.lib.common.rest_client] Request - Headers: {'Content-Type': 'application/json', 'Accept': 'application/json', 'x-openstack-manila-api-version': '2.90', 'X-Auth-Token': '<omitted>'}
        Body: {"share": {"share_proto": "nfs", "description": "Tempest's share", "snapshot_id": null, "name": "tempest-share-494265565", "size": 1, "metadata": {}, "is_public": false, "share_type": "1efe9488-ec6d-4a77-9094-44ff4fb697c1"}}
    Response - Headers: {'date': 'Thu, 05 Feb 2026 11:44:09 GMT', 'server': 'Apache/2.4.58 (Ubuntu)', 'content-type': 'application/json', 'content-length': '1352', 'x-compute-request-id': 'req-fc6fa31a-f932-45f8-81ba-bff3205f3a3a', 'x-openstack-manila-api-version': '2.90', 'vary': 'X-OpenStack-Manila-API-Version', 'x-openstack-request-id': 'req-fc6fa31a-f932-45f8-81ba-bff3205f3a3a', 'connection': 'close', 'status': '200', 'content-location': 'http://10.132.46.216/share/v2/631469f9953046bf8daa036595376014/shares'}
        Body: b'{"share": {"id": "45c9a7fd-f5e5-4837-b573-237a066f694f", "size": 1, "availability_zone": null, "created_at": "2026-02-05T11:44:09.792596", "status": "creating", "name": "tempest-share-494265565", "description": "Tempest\'s share", "project_id": "631469f9953046bf8daa036595376014", "snapshot_id": null, "share_network_id": null, "share_proto": "NFS", "metadata": {}, "share_type": "1efe9488-ec6d-4a77-9094-44ff4fb697c1", "volume_type": "tempest-share-type-377258629", "links": [{"rel": "self", "href": "http://10.132.46.216/share/v2/631469f9953046bf8daa036595376014/shares/45c9a7fd-f5e5-4837-b573-237a066f694f"}, {"rel": "bookmark", "href": "http://10.132.46.216/share/631469f9953046bf8daa036595376014/shares/45c9a7fd-f5e5-4837-b573-237a066f694f"}], "is_public": false, "snapshot_support": false, "task_state": null, "share_type_name": "tempest-share-type-377258629", "access_rules_status": "active", "replication_type": null, "has_replicas": false, "user_id": "be7a523f5b744188be148c83ec6d447d", "create_share_from_snapshot_su
    pport": false, "revert_to_snapshot_support": false, "share_group_id": null, "source_share_group_snapshot_member_id": null, "mount_snapshot_support": false, "progress": null, "is_soft_deleted": false, "scheduled_to_be_deleted_at": null, "source_backup_id": null, "encryption_key_ref": null, "share_server_id": null, "host": ""}}'
2026-02-05 11:44:09,934 168294 INFO     [tempest.lib.common.rest_client] Request (ShareTypesAdminTest:test_get_share_with_share_type): 200 GET http://10.132.46.216/share/v2/631469f9953046bf8daa036595376014/shares/45c9a7fd-f5e5-4837-b573-237a066f694f 0.033s
2026-02-05 11:44:09,935 168294 DEBUG    [tempest.lib.common.rest_client] Request - Headers: {'Content-Type': 'application/json', 'Accept': 'application/json', 'x-openstack-manila-api-version': '2.90', 'X-Auth-Token': '<omitted>'}
        Body: None
    Response - Headers: {'date': 'Thu, 05 Feb 2026 11:44:09 GMT', 'server': 'Apache/2.4.58 (Ubuntu)', 'content-type': 'application/json', 'content-length': '1352', 'x-compute-request-id': 'req-a59dc374-df5b-401b-8919-de923d3a1b4c', 'x-openstack-manila-api-version': '2.90', 'vary': 'X-OpenStack-Manila-API-Version', 'x-openstack-request-id': 'req-a59dc374-df5b-401b-8919-de923d3a1b4c', 'connection': 'close', 'status': '200', 'content-location': 'http://10.132.46.216/share/v2/631469f9953046bf8daa036595376014/shares/45c9a7fd-f5e5-4837-b573-237a066f694f'}
        Body: b'{"share": {"id": "45c9a7fd-f5e5-4837-b573-237a066f694f", "size": 1, "availability_zone": null, "created_at": "2026-02-05T11:44:09.792596", "status": "creating", "name": "tempest-share-494265565", "description": "Tempest\'s share", "project_id": "631469f9953046bf8daa036595376014", "snapshot_id": null, "share_network_id": null, "share_proto": "NFS", "metadata": {}, "share_type": "1efe9488-ec6d-4a77-9094-44ff4fb697c1", "volume_type": "tempest-share-type-377258629", "links": [{"rel": "self", "href": "http://10.132.46.216/share/v2/631469f9953046bf8daa036595376014/shares/45c9a7fd-f5e5-4837-b573-237a066f694f"}, {"rel": "bookmark", "href": "http://10.132.46.216/share/631469f9953046bf8daa036595376014/shares/45c9a7fd-f5e5-4837-b573-237a066f694f"}], "is_public": false, "snapshot_support": false, "task_state": null, "share_type_name": "tempest-share-type-377258629", "access_rules_status": "active", "replication_type": null, "has_replicas": false, "user_id": "be7a523f5b744188be148c83ec6d447d", "create_share_from_snapshot_support": false, "revert_to_snapshot_support": false, "share_group_id": null, "source_share_group_snapshot_member_id": null, "mount_snapshot_support": false, "progress": null, "is_soft_deleted": false, "scheduled_to_be_deleted_at": null, "source_backup_id": null, "encryption_key_ref": null, "share_server_id": null, "host": ""}}'
2026-02-05 11:44:12,968 168294 INFO     [tempest.lib.common.rest_client] Request (ShareTypesAdminTest:test_get_share_with_share_type): 200 GET http://10.132.46.216/share/v2/631469f9953046bf8daa036595376014/shares/45c9a7fd-f5e5-4837-b573-237a066f694f 0.032s
2026-02-05 11:44:12,968 168294 DEBUG    [tempest.lib.common.rest_client] Request - Headers: {'Content-Type': 'application/json', 'Accept': 'application/json', 'x-openstack-manila-api-version': '2.90', 'X-Auth-Token': '<omitted>'}
        Body: None
    Response - Headers: {'date': 'Thu, 05 Feb 2026 11:44:12 GMT', 'server': 'Apache/2.4.58 (Ubuntu)', 'content-type': 'application/json', 'content-length': '1349', 'x-compute-request-id': 'req-5f199702-b826-42ec-8d30-7da24219b6d4', 'x-openstack-manila-api-version': '2.90', 'vary': 'X-OpenStack-Manila-API-Version', 'x-openstack-request-id': 'req-5f199702-b826-42ec-8d30-7da24219b6d4', 'connection': 'close', 'status': '200', 'content-location': 'http://10.132.46.216/share/v2/631469f9953046bf8daa036595376014/shares/45c9a7fd-f5e5-4837-b573-237a066f694f'}
        Body: b'{"share": {"id": "45c9a7fd-f5e5-4837-b573-237a066f694f", "size": 1, "availability_zone": null, "created_at": "2026-02-05T11:44:09.792596", "status": "error", "name": "tempest-share-494265565", "description": "Tempest\'s share", "project_id": "631469f995304
    6bf8daa036595376014", "snapshot_id": null, "share_network_id": null, "share_proto": "NFS", "metadata": {}, "share_type": "1efe9488-ec6d-4a77-9094-44ff4fb697c1", "volume_type": "tempest-share-type-377258629", "links": [{"rel": "self", "href": "http://10.132.46.216/share/v2/631469f9953046bf8daa036595376014/shares/45c9a7fd-f5e5-4837-b573-237a066f694f"}, {"rel": "bookmark", "href": "http://10.132.46.216/share/631469f9953046bf8daa036595376014/shares/45c9a7fd-f5e5-4837-b573-237a066f694f"}], "is_public": false, "snapshot_support": false, "task_state": null, "share_type_name": "tempest-share-type-377258629", "access_rules_status": "active", "replication_type": null, "has_replicas": false, "user_id": "be7a523f5b744188be148c83ec6d447d", "create_share_from_snapshot_support": false, "revert_to_snapshot_support": false, "share_group_id": null, "source_share_group_snapshot_member_id": null, "mount_snapshot_support": false, "progress": null, "is_soft_deleted": false, "scheduled_to_be_deleted_at": null, "source_backup_id": null, "encryption_key_ref": null, "share_server_id": null, "host": ""}}'


manila_tempest_tests.tests.api.test_public_shares.PublicSharesTest.test_update_share_set_is_public[api_with_backend,id-e073182e-459d-4e08-9300-5bc964ca806b,positive]
---------------------------------------------------------------------------------------------------------------------------------------------------------------------

Captured traceback:
~~~~~~~~~~~~~~~~~~~
    Traceback (most recent call last):

      File "/opt/stack/tempest/manila-tempest-plugin/manila_tempest_tests/tests/api/test_public_shares.py", line 81, in test_update_share_set_is_public
    share = self.create_share(name=share_name,
            ^^^^^^^^^^^^^^^^^^^^^^^^^^^^^^^^^^

      File "/opt/stack/tempest/manila-tempest-plugin/manila_tempest_tests/tests/api/base.py", line 411, in create_share
    result = cls.create_shares([{"args": args, "kwargs": kwargs}])
             ^^^^^^^^^^^^^^^^^^^^^^^^^^^^^^^^^^^^^^^^^^^^^^^^^^^^^

      File "/opt/stack/tempest/manila-tempest-plugin/manila_tempest_tests/tests/api/base.py", line 469, in create_shares
    waiters.wait_for_resource_status(

      File "/opt/stack/tempest/manila-tempest-plugin/manila_tempest_tests/common/waiters.py", line 109, in wait_for_resource_status
    raise resource_exception(resource_id=resource_id)

    manila_tempest_tests.share_exceptions.ShareBuildErrorException: Share 8c89e57c-1936-4dbc-b9ba-109080e83212 failed to build and is in ERROR status


Captured pythonlogging:
~~~~~~~~~~~~~~~~~~~~~~~
    2026-02-05 11:44:10,950 168298 INFO     [tempest.lib.common.rest_client] Request (PublicSharesTest:test_update_share_set_is_public): 200 POST http://10.132.46.216/share/v2/af20d9b8552e46179a5532e982fc6cea/shares 0.198s
2026-02-05 11:44:10,950 168298 DEBUG    [tempest.lib.common.rest_client] Request - Headers: {'Content-Type': 'application/json', 'Accept': 'application/json', 'x-openstack-manila-api-version': '2.90', 'X-Auth-Token': '<omitted>'}
        Body: {"share": {"share_proto": "nfs", "description": "a share we will update", "snapshot_id": null, "name": "tempest-tempest-share-name-1631907024", "size": 1, "metadata": {}, "is_public": false, "share_type": "df1d1933-b637-442f-9b19-e95ca5b542cd"}}
    Response - Headers: {'date': 'Thu, 05 Feb 2026 11:44:10 GMT', 'server': 'Apache/2.4.58 (Ubuntu)', 'content-type': 'application/json', 'content-length': '1344', 'x-compute-request-id': 'req-8e53e9c9-8d7a-4fed-ba31-c1ade6b35bb3', 'x-openstack-manila-api-version': '2.90', 'vary': 'X-OpenStack-Manila-API-Version', 'x-openstack-request-id': 'req-8e53e9c9-8d7a-4fed-ba31-c1ade6b35bb3', 'connection': 'close', 'status': '200', 'content-location': 'http://10.132.46.216/share/v2/af20d9b8552e46179a5532e982fc6cea/shares'}
        Body: b'{"share": {"id": "8c89e57c-1936-4dbc-b9ba-109080e83212", "size": 1, "availability_zone": null, "created_at": "2026-02-05T11:44:10.828490", "status": "creating", "name": "tempest-tempest-share-name-1631907024", "description": "a share we will update", "project_id": "af20d9b8552e46179a5532e982fc6cea", "snapshot_id": null, "share_network_id": null, "share_proto": "NFS", "metadata": {}, "share_type": "df1d1933-b637-442f-9b19-e95ca5b542cd", "volume_type": "tempest-typeshare-type-707881132", "links": [{"rel": "self", "href": "http://10.132.46.216/share/v2/af20d9b8552e46179a5532e982fc6cea/shares/8c89e57c-1936-4dbc-b9ba-109080e83212"}, {"rel": "bookmark", "href": "http://10.132.46.216/share/af20d9b8552e46179a5532e982fc6cea/shares/8c89e57c-1936-4dbc-b9ba-109080e83212"}], "is_public": false, "snapshot_support": false, "task_state": null, "share_type_name": "tempest-typeshare-type-707881132", "access_rules_status": "active", "replication_type": null, "has_replicas": false, "user_id": "8bdf8d6abe9346e3b5f134dd3eaeb15f", "create_share_from_snapshot_support": false, "revert_to_snapshot_support": false, "share_group_id": null, "source_share_group_snapshot_member_id": null, "mount_snapshot_support": false, "progress": null, "is_soft_deleted": false, "scheduled_to_be_deleted_at": null, "source_backup_id": null, "encryption_key_ref": null}}'
2026-02-05 11:44:10,979 168298 INFO     [tempest.lib.common.rest_client] Request (PublicSharesTest:test_update_share_set_is_public): 200 GET http://10.132.46.216/share/v2/af20d9b8552e46179a5532e982fc6cea/shares/8c89e57c-1936-4dbc-b9ba-109080e83212 0.028s
2026-02-05 11:44:10,979 168298 DEBUG    [tempest.lib.common.rest_client] Request - Headers: {'Content-Type': 'application/json', 'Accept': 'application/json', 'x-openstack-manila-api-version': '2.90', 'X-Auth-Token': '<omitted>'}
        Body: None
    Response - Headers: {'date': 'Thu, 05 Feb 2026 11:44:10 GMT', 'server': 'Apache/2.4.58 (Ubuntu)', 'content-type': 'application/json', 'content-length': '1344', 'x-compute-request-id': 'req-4ca6ec71-23b9-48fd-ba65-756582bb34e4', 'x-openstack-manila-api-version': '2.90', 'vary': 'X-OpenStack-Manila-API-Version', 'x-openstack-request-id': 'req-4ca6ec71-23b9-48fd-ba65-756582bb34e4', 'connection': 'close', 'status': '200', 'content-location': 'http://10.132.46.216/share/v2/af20d9b8552e46179a5532e982fc6cea/shares/8c89e57c-1936-4dbc-b9ba-109080e83212'}
        Body: b'{"share": {"id": "8c89e57c-1936-4dbc-b9ba-109080e83212", "size": 1, "availability_zone": null, "created_at": "2026-02-05T11:44:10.828490", "status": "creating", "name": "tempest-tempest-share-name-1631907024", "description": "a share we will update", "project_id": "af20d9b8552e46179a5532e982fc6cea", "snapshot_id": null, "share_network_id": null, "share_proto": "NFS", "metadata": {}, "share_type": "df1d1933-b637-442f-9b19-e95ca
    5b542cd", "volume_type": "tempest-typeshare-type-707881132", "links": [{"rel": "self", "href": "http://10.132.46.216/share/v2/af20d9b8552e46179a5532e982fc6cea/shares/8c89e57c-1936-4dbc-b9ba-109080e83212"}, {"rel": "bookmark", "href": "http://10.132.46.216/share/af20d9b8552e46179a5532e982fc6cea/shares/8c89e57c-1936-4dbc-b9ba-109080e83212"}], "is_public": false, "snapshot_support": false, "task_state": null, "share_type_name": "tempest-typeshare-type-707881132", "access_rules_status": "active", "replication_type": null, "has_replicas": false, "user_id": "8bdf8d6abe9346e3b5f134dd3eaeb15f", "create_share_from_snapshot_support": false, "revert_to_snapshot_support": false, "share_group_id": null, "source_share_group_snapshot_member_id": null, "mount_snapshot_support": false, "progress": null, "is_soft_deleted": false, "scheduled_to_be_deleted_at": null, "source_backup_id": null, "encryption_key_ref": null}}'
2026-02-05 11:44:14,009 168298 INFO     [tempest.lib.common.rest_client] Request (PublicSharesTest:test_update_share_set_is_public): 200 GET http://10.132.46.216/share/v2/af20d9b8552e46179a5532e982fc6cea/shares/8c89e57c-1936-4dbc-b9ba-109080e83212 0.030s
2026-02-05 11:44:14,009 168298 DEBUG    [tempest.lib.common.rest_client] Request - Headers: {'Content-Type': 'application/json', 'Accept': 'application/json', 'x-openstack-manila-api-version': '2.90', 'X-Auth-Token': '<omitted>'}
        Body: None
    Response - Headers: {'date': 'Thu, 05 Feb 2026 11:44:13 GMT', 'server': 'Apache/2.4.58 (Ubuntu)', 'content-type': 'application/json', 'content-length': '1341', 'x-compute-request-id': 'req-be29b964-ef91-4b49-ac8e-3f72b932e673', 'x-openstack-manila-api-version': '2.90', 'vary': 'X-OpenStack-Manila-API-Version', 'x-openstack-request-id': 'req-be29b964-ef91-4b49-ac8e-3f72b932e673', 'connection': 'close', 'status': '200', 'content-location': 'http://10.132.46.216/share/v2/af20d9b8552e46179a5532e982fc6cea/shares/8c89e57c-1936-4dbc-b9ba-109080e83212'}
        Body: b'{"share": {"id": "8c89e57c-1936-4dbc-b9ba-109080e83212", "size": 1, "availability_zone": null, "created_at": "2026-02-05T11:44:10.828490", "status": "error", "name": "tempest-tempest-share-name-1631907024", "description": "a share we will update", "project_id": "af20d9b8552e46179a5532e982fc6cea", "snapshot_id": null, "share_network_id": null, "share_proto": "NFS", "metadata": {}, "share_type": "df1d1933-b637-442f-9b19-e95ca5b542cd", "volume_type": "tempest-typeshare-type-707881132", "links": [{"rel": "self", "href": "http://10.132.46.216/share/v2/af20d9b8552e46179a5532e982fc6cea/shares/8c89e57c-1936-4dbc-b9ba-109080e83212"}, {"rel": "bookmark", "href": "http://10.132.46.216/share/af20d9b8552e46179a5532e982fc6cea/shares/8c89e57c-1936-4dbc-b9ba-109080e83212"}], "is_public": false, "snapshot_support": false, "task_state": null, "share_type_name": "tempest-typeshare-type-707881132", "access_rules_status": "active", "replication_type": null, "has_replicas": false, "user_id": "8bdf8d6abe9346e3b5f134dd3eaeb15f", "create_share_from_snapshot_support": false, "revert_to_snapshot_support": false, "share_group_id": null, "source_share_group_snapshot_member_id": null, "mount_snapshot_support": false, "progress": null, "is_soft_deleted": false, "scheduled_to_be_deleted_at": null, "source_backup_id": null, "encryption_key_ref": null}}'
2026-02-05 11:44:14,027 168298 INFO     [tempest.lib.common.rest_client] Request (PublicSharesTest:_run_cleanups): 200 GET http://10.132.46.216/share/v2/af20d9b8552e46179a5532e982fc6cea/share-replicas/detail?share_id=8c89e57c-1936-4dbc-b9ba-109080e83212 0.016s
2026-02-05 11:44:14,027 168298 DEBUG    [tempest.lib.common.rest_client] Request - Headers: {'Content-Type': 'application/json', 'Accept': 'application/json', 'x-openstack-manila-api-version': '2.90', 'X-Auth-Token': '<omitted>'}
        Body: None
    Response - Headers: {'date': 'Thu, 05 Feb 2026 11:44:14 GMT', 'server': 'Apache/2.4.58 (Ubuntu)', 'content-type': 'application/json', 'content-length': '22', 'x-compute-request-id': 'req-7523c8a3-47b2-43da-b0a9-0a7adafde60c', 'x-openstack-manila-a
    pi-version': '2.90', 'vary': 'X-OpenStack-Manila-API-Version', 'x-openstack-request-id': 'req-7523c8a3-47b2-43da-b0a9-0a7adafde60c', 'connection': 'close', 'status': '200', 'content-location': 'http://10.132.46.216/share/v2/af20d9b8552e46179a5532e982fc6cea/share-replicas/detail?share_id=8c89e57c-1936-4dbc-b9ba-109080e83212'}
        Body: b'{"share_replicas": []}'
2026-02-05 11:44:14,272 168298 INFO     [tempest.lib.common.rest_client] Request (PublicSharesTest:_run_cleanups): 202 DELETE http://10.132.46.216/share/v2/af20d9b8552e46179a5532e982fc6cea/shares/8c89e57c-1936-4dbc-b9ba-109080e83212 0.244s
2026-02-05 11:44:14,272 168298 DEBUG    [tempest.lib.common.rest_client] Request - Headers: {'Content-Type': 'application/json', 'Accept': 'application/json', 'x-openstack-manila-api-version': '2.90', 'X-Auth-Token': '<omitted>'}
        Body: None
    Response - Headers: {'date': 'Thu, 05 Feb 2026 11:44:14 GMT', 'server': 'Apache/2.4.58 (Ubuntu)', 'content-length': '0', 'content-type': 'text/html; charset=UTF-8', 'x-compute-request-id': 'req-b390902a-9aa5-4ba8-b1c9-4d0c28024b1e', 'x-openstack-manila-api-version': '2.90', 'vary': 'X-OpenStack-Manila-API-Version', 'x-openstack-request-id': 'req-b390902a-9aa5-4ba8-b1c9-4d0c28024b1e', 'connection': 'close', 'status': '202', 'content-location': 'http://10.132.46.216/share/v2/af20d9b8552e46179a5532e982fc6cea/shares/8c89e57c-1936-4dbc-b9ba-109080e83212'}
        Body: b''
2026-02-05 11:44:14,289 168298 INFO     [tempest.lib.common.rest_client] Request (PublicSharesTest:_run_cleanups): 404 GET http://10.132.46.216/share/v2/af20d9b8552e46179a5532e982fc6cea/shares/8c89e57c-1936-4dbc-b9ba-109080e83212 0.016s
2026-02-05 11:44:14,289 168298 DEBUG    [tempest.lib.common.rest_client] Request - Headers: {'Content-Type': 'application/json', 'Accept': 'application/json', 'x-openstack-manila-api-version': '2.90', 'X-Auth-Token': '<omitted>'}
        Body: None
    Response - Headers: {'date': 'Thu, 05 Feb 2026 11:44:14 GMT', 'server': 'Apache/2.4.58 (Ubuntu)', 'x-openstack-manila-api-version': '2.90', 'vary': 'X-OpenStack-Manila-API-Version', 'content-length': '78', 'content-type': 'application/json', 'x-compute-request-id': 'req-60c3f513-7d73-4ef4-b90a-2efc60774e10', 'x-openstack-request-id': 'req-60c3f513-7d73-4ef4-b90a-2efc60774e10', 'connection': 'close', 'status': '404', 'content-location': 'http://10.132.46.216/share/v2/af20d9b8552e46179a5532e982fc6cea/shares/8c89e57c-1936-4dbc-b9ba-109080e83212'}
        Body: b'{"itemNotFound": {"code": 404, "message": "The resource could not be found."}}'


manila_tempest_tests.tests.api.******.test_share_manage_negative.ManageNFSShareNegativeTest.test_delete_share_in_manage_error[api_with_backend,id-162b6b96-e801-40f4-b111-7e533cf8b943,negative]
-----------------------------------------------------------------------------------------------------------------------------------------------------------------------------------------------

Captured traceback:
~~~~~~~~~~~~~~~~~~~
    Traceback (most recent call last):

      File "/opt/stack/tempest/manila-tempest-plugin/manila_tempest_tests/tests/api/******/test_share_manage_negative.py", line 258, in test_delete_share_in_manage_error
    share = self._create_share_for_manage()
            ^^^^^^^^^^^^^^^^^^^^^^^^^^^^^^^

      File "/opt/stack/tempest/manila-tempest-plugin/manila_tempest_tests/tests/api/base.py", line 1174, in _create_share_for_manage
    share = self.create_share(**creation_data)
            ^^^^^^^^^^^^^^^^^^^^^^^^^^^^^^^^^^

      File "/opt/stack/tempest/manila-tempest-plugin/manila_tempest_tests/tests/api/base.py", line 411, in create_share
    result = cls.create_shares([{"args": args, "kwargs": kwargs}])
             ^^^^^^^^^^^^^^^^^^^^^^^^^^^^^^^^^^^^^^^^^^^^^^^^^^^^^

      File "/opt/stack/tempest/manila-tempest-plugin/manila_tempest_tests/tests/api/base.py", line 469, in create_shares
    waiters.wait_for_resource_status(

      File "/opt/stack/tempest/manila-tempest-plugin/manila_tempest_tests/common/waiters.py", line 109, in wait_for_resource_status
    raise resource_exception(resource_id=resource_id)

    manila_tempest_tests.share_exceptions.ShareBuildErrorException: Share 7f66c491-6327-4e5b-a0ef-f586b2060d21 failed to build and is in ERROR status


Captured pythonlogging:
~~~~~~~~~~~~~~~~~~~~~~~
    2026-02-05 11:44:13,094 168296 INFO     [tempest.lib.common.rest_client] Request (ManageNFSShareNegativeTest:test_delete_share_in_manage_error): 200 POST http://10.132.46.216/share/v2/c4ee124c7e5a492194e4e2833b5db66d/shares 0.200s
2026-02-05 11:44:13,095 168296 DEBUG    [tempest.lib.common.rest_client] Request - Headers: {'Content-Type': 'application/json', 'Accept': 'application/json', 'x-openstack-manila-api-version': '2.90', 'X-Auth-Token': '<omitted>'}
        Body: {"share": {"share_proto": "nfs", "description": "Tempest's share", "snapshot_id": null, "name": "tempest-tempest-created-share-1155896504", "size": 1, "metadata": {}, "is_public": false, "share_type": "cd77a318-f56f-4901-bf0f-36d8e1a501f2"}}
    Response - Headers: {'date': 'Thu, 05 Feb 2026 11:44:12 GMT', 'server': 'Apache/2.4.58 (Ubuntu)', 'content-type': 'application/json', 'content-length': '1379', 'x-compute-request-id': 'req-d281549a-8f62-4b7b-8b6c-809775b1141b', 'x-openstack-manila-api-version': '2.90', 'vary': 'X-OpenStack-Manila-API-Version', 'x-openstack-request-id': 'req-d281549a-8f62-4b7b-8b6c-809775b1141b', 'connection': 'close', 'status': '200', 'content-location': 'http://10.132.46.216/share/v2/c4ee124c7e5a492194e4e2833b5db66d/shares'}
        Body: b'{"share": {"id": "7f66c491-6327-4e5b-a0ef-f586b2060d21", "size": 1, "availability_zone": null, "created_at": "2026-02-05T11:44:12.966703", "status": "creating", "name": "tempest-tempest-created-share-1155896504", "description": "Tempest\'s share", "project_id": "c4ee124c7e5a492194e4e2833b5db66d", "snapshot_id": null, "share_network_id": null, "share_proto": "NFS", "metadata": {}, "share_type": "cd77a318-f56f-4901-bf0f-36d8e1a501f2", "volume_type": "tempest-manage-st-name-1064897780", "links": [{"rel": "self", "href": "http://10.132.46.216/share/v2/c4ee124c7e5a492194e4e2833b5db66d/shares/7f66c491-6327-4e5b-a0ef-f586b2060d21"}, {"rel": "bookmark", "href": "http://10.132.46.216/share/c4ee124c7e5a492194e4e2833b5db66d/shares/7f66c491-6327-4e5b-a0ef-f586b2060d21"}], "is_public": false, "snapshot_support": false, "task_state": null, "share_type_name": "tempest-manage-st-name-1064897780", "access_rules_status": "active", "replication_type": null, "has_replicas": false, "user_id": "c8844167ea60456d90c2703933c7341d", "create_share_from_snapshot_support": false, "revert_to_snapshot_support": false, "share_group_id": null, "source_share_group_snapshot_member_id": null, "mount_snapshot_support": false, "progress": null, "is_soft_deleted": false, "scheduled_to_be_deleted_at": null, "source_backup_id": null, "encryption_key_ref": null, "share_server_id": null, "host": ""}}'
2026-02-05 11:44:13,132 168296 INFO     [tempest.lib.common.rest_client] Request (ManageNFSShareNegativeTest:test_delete_share_in_manage_error): 200 GET http://10.132.46.216/share/v2/c4ee124c7e5a492194e4e2833b5db66d/shares/7f66c491-6327-4e5b-a0ef-f586b2060d21 0.036s
2026-02-05 11:44:13,132 168296 DEBUG    [tempest.lib.common.rest_client] Request - Headers: {'Content-Type': 'application/json', 'Accept': 'application/json', 'x-openstack-manila-api-version': '2.90', 'X-Auth-Token': '<omitted>'}
        Body: None
    Response - Headers: {'date': 'Thu, 05 Feb 2026 11:44:13 GMT', 'server': 'Apache/2.4.58 (Ubuntu)', 'content-type': 'application/json', 'content-length': '1379', 'x-compute-request-id': 'req-8e3d0b30-91d6-4da8-a137-d97426de0531', 'x-openstack-manila-api-version': '2.90', 'vary': 'X-OpenStack-Manila-API-Version', 'x-openstack-request-id': 'req-8e3d0b30-91d6-4da8-a137-d97426de0531', 'connection': 'close', 'status': '200', 'content-location': 'http://10.132.46.216/share/v2/c4ee124c7e5a492194e4e2833b5db66d/shares/7f66c491-6327-4e5b-a0ef-f586b2060d21'}
        Body: b'{"share": {"id": "7f66c491-6327-4e5b-a0ef-f586b2060d21", "size": 1, "availability_zone": null, "created_at": "2026-02-05T11:44:12.966703", "status": "creating", "name": "tempest-tempest-created-share-1155896504", "description": "Tempest\'s share", "project_id": "c4ee124c7e5a492194e4e2833b5db66d", "snapshot_id": null, "share_network_id": null, "share_proto": "NFS", "metada
    ta": {}, "share_type": "cd77a318-f56f-4901-bf0f-36d8e1a501f2", "volume_type": "tempest-manage-st-name-1064897780", "links": [{"rel": "self", "href": "http://10.132.46.216/share/v2/c4ee124c7e5a492194e4e2833b5db66d/shares/7f66c491-6327-4e5b-a0ef-f586b2060d21"}, {"rel": "bookmark", "href": "http://10.132.46.216/share/c4ee124c7e5a492194e4e2833b5db66d/shares/7f66c491-6327-4e5b-a0ef-f586b2060d21"}], "is_public": false, "snapshot_support": false, "task_state": null, "share_type_name": "tempest-manage-st-name-1064897780", "access_rules_status": "active", "replication_type": null, "has_replicas": false, "user_id": "c8844167ea60456d90c2703933c7341d", "create_share_from_snapshot_support": false, "revert_to_snapshot_support": false, "share_group_id": null, "source_share_group_snapshot_member_id": null, "mount_snapshot_support": false, "progress": null, "is_soft_deleted": false, "scheduled_to_be_deleted_at": null, "source_backup_id": null, "encryption_key_ref": null, "share_server_id": null, "host": ""}}'
2026-02-05 11:44:16,166 168296 INFO     [tempest.lib.common.rest_client] Request (ManageNFSShareNegativeTest:test_delete_share_in_manage_error): 200 GET http://10.132.46.216/share/v2/c4ee124c7e5a492194e4e2833b5db66d/shares/7f66c491-6327-4e5b-a0ef-f586b2060d21 0.033s
2026-02-05 11:44:16,166 168296 DEBUG    [tempest.lib.common.rest_client] Request - Headers: {'Content-Type': 'application/json', 'Accept': 'application/json', 'x-openstack-manila-api-version': '2.90', 'X-Auth-Token': '<omitted>'}
        Body: None
    Response - Headers: {'date': 'Thu, 05 Feb 2026 11:44:16 GMT', 'server': 'Apache/2.4.58 (Ubuntu)', 'content-type': 'application/json', 'content-length': '1376', 'x-compute-request-id': 'req-5dc8dd40-7238-4874-be1d-74ed623e57ec', 'x-openstack-manila-api-version': '2.90', 'vary': 'X-OpenStack-Manila-API-Version', 'x-openstack-request-id': 'req-5dc8dd40-7238-4874-be1d-74ed623e57ec', 'connection': 'close', 'status': '200', 'content-location': 'http://10.132.46.216/share/v2/c4ee124c7e5a492194e4e2833b5db66d/shares/7f66c491-6327-4e5b-a0ef-f586b2060d21'}
        Body: b'{"share": {"id": "7f66c491-6327-4e5b-a0ef-f586b2060d21", "size": 1, "availability_zone": null, "created_at": "2026-02-05T11:44:12.966703", "status": "error", "name": "tempest-tempest-created-share-1155896504", "description": "Tempest\'s share", "project_id": "c4ee124c7e5a492194e4e2833b5db66d", "snapshot_id": null, "share_network_id": null, "share_proto": "NFS", "metadata": {}, "share_type": "cd77a318-f56f-4901-bf0f-36d8e1a501f2", "volume_type": "tempest-manage-st-name-1064897780", "links": [{"rel": "self", "href": "http://10.132.46.216/share/v2/c4ee124c7e5a492194e4e2833b5db66d/shares/7f66c491-6327-4e5b-a0ef-f586b2060d21"}, {"rel": "bookmark", "href": "http://10.132.46.216/share/c4ee124c7e5a492194e4e2833b5db66d/shares/7f66c491-6327-4e5b-a0ef-f586b2060d21"}], "is_public": false, "snapshot_support": false, "task_state": null, "share_type_name": "tempest-manage-st-name-1064897780", "access_rules_status": "active", "replication_type": null, "has_replicas": false, "user_id": "c8844167ea60456d90c2703933c7341d", "create_share_from_snapshot_support": false, "revert_to_snapshot_support": false, "share_group_id": null, "source_share_group_snapshot_member_id": null, "mount_snapshot_support": false, "progress": null, "is_soft_deleted": false, "scheduled_to_be_deleted_at": null, "source_backup_id": null, "encryption_key_ref": null, "share_server_id": null, "host": ""}}'


manila_tempest_tests.tests.api.******.test_share_manage_negative.ManageNFSShareNegativeTest.test_manage_invalid_param_manage_error[api_with_backend,id-01b36343-c503-4c14-bb74-71f131ae96b6,negative]
----------------------------------------------------------------------------------------------------------------------------------------------------------------------------------------------------

Captured traceback:
~~~~~~~~~~~~~~~~~~~
    Traceback (most recent call last):

      File "/opt/stack/tempest/manila-tempest-plugin/manila_tempest_tests/tests/api/******/test_share_manage_negative.py", line 153, in test_manage_invalid_param_manage_error
    share = self._create_share_for_manage()
            ^^^^^^^^^^^^^^^^^^^^^^^^^^^^^^^

      File "/opt/stack/tempest/manila-tempest-plugin/manila_tempest_tests/tests/api/base.py", line 1174, in _create_share_for_manage
    share = self.create_share(**creation_data)
            ^^^^^^^^^^^^^^^^^^^^^^^^^^^^^^^^^^

      File "/opt/stack/tempest/manila-tempest-plugin/manila_tempest_tests/tests/api/base.py", line 411, in create_share
    result = cls.create_shares([{"args": args, "kwargs": kwargs}])
             ^^^^^^^^^^^^^^^^^^^^^^^^^^^^^^^^^^^^^^^^^^^^^^^^^^^^^

      File "/opt/stack/tempest/manila-tempest-plugin/manila_tempest_tests/tests/api/base.py", line 469, in create_shares
    waiters.wait_for_resource_status(

      File "/opt/stack/tempest/manila-tempest-plugin/manila_tempest_tests/common/waiters.py", line 109, in wait_for_resource_status
    raise resource_exception(resource_id=resource_id)

    manila_tempest_tests.share_exceptions.ShareBuildErrorException: Share dd5745d6-3d0e-420a-b5fe-0c488d2adc93 failed to build and is in ERROR status


Captured pythonlogging:
~~~~~~~~~~~~~~~~~~~~~~~
    2026-02-05 11:44:16,340 168296 INFO     [tempest.lib.common.rest_client] Request (ManageNFSShareNegativeTest:test_manage_invalid_param_manage_error): 200 POST http://10.132.46.216/share/v2/c4ee124c7e5a492194e4e2833b5db66d/shares 0.171s
2026-02-05 11:44:16,341 168296 DEBUG    [tempest.lib.common.rest_client] Request - Headers: {'Content-Type': 'application/json', 'Accept': 'application/json', 'x-openstack-manila-api-version': '2.90', 'X-Auth-Token': '<omitted>'}
        Body: {"share": {"share_proto": "nfs", "description": "Tempest's share", "snapshot_id": null, "name": "tempest-tempest-created-share-454298204", "size": 1, "metadata": {}, "is_public": false, "share_type": "cd77a318-f56f-4901-bf0f-36d8e1a501f2"}}
    Response - Headers: {'date': 'Thu, 05 Feb 2026 11:44:16 GMT', 'server': 'Apache/2.4.58 (Ubuntu)', 'content-type': 'application/json', 'content-length': '1378', 'x-compute-request-id': 'req-715e14e2-f152-4ac8-aceb-36f752d459d1', 'x-openstack-manila-api-version': '2.90', 'vary': 'X-OpenStack-Manila-API-Version', 'x-openstack-request-id': 'req-715e14e2-f152-4ac8-aceb-36f752d459d1', 'connection': 'close', 'status': '200', 'content-location': 'http://10.132.46.216/share/v2/c4ee124c7e5a492194e4e2833b5db66d/shares'}
        Body: b'{"share": {"id": "dd5745d6-3d0e-420a-b5fe-0c488d2adc93", "size": 1, "availability_zone": null, "created_at": "2026-02-05T11:44:16.230399", "status": "creating", "name": "tempest-tempest-created-share-454298204", "description": "Tempest\'s share", "project_id": "c4ee124c7e5a492194e4e2833b5db66d", "snapshot_id": null, "share_network_id": null, "share_proto": "NFS", "metadata": {}, "share_type": "cd77a318-f56f-4901-bf0f-36d8e1a501f2", "volume_type": "tempest-manage-st-name-1064897780", "links": [{"rel": "self", "href": "http://10.132.46.216/share/v2/c4ee124c7e5a492194e4e2833b5db66d/shares/dd5745d6-3d0e-420a-b5fe-0c488d2adc93"}, {"rel": "bookmark", "href": "http://10.132.46.216/share/c4ee124c7e5a492194e4e2833b5db66d/shares/dd5745d6-3d0e-420a-b5fe-0c488d2adc93"}], "is_public": false, "snapshot_support": false, "task_state": null, "share_type_name": "tempest-manage-st-name-1064897780", "access_rules_status": "active", "replication_type": null, "has_replicas": false, "user_id": "c8844167ea60456d90c2703933c7341d", "create_share_from_snapshot_support": false, "revert_to_snapshot_support": false, "share_group_id": null, "source_share_group_snapshot_member_id": null, "mount_snapshot_support": false, "progress": null, "is_soft_deleted": false, "scheduled_to_be_deleted_at": null, "source_backup_id": null, "encryption_key_ref": null, "share_server_id": null, "host": ""}}'
2026-02-05 11:44:16,370 168296 INFO     [tempest.lib.common.rest_client] Request (ManageNFSShareNegativeTest:test_manage_invalid_param_manage_error): 200 GET http://10.132.46.216/share/v2/c4ee124c7e5a492194e4e2833b5db66d/shares/dd5745d6-3d0e-420a-b5fe-0c488d2adc93 0.029s
2026-02-05 11:44:16,370 168296 DEBUG    [tempest.lib.common.rest_client] Request - Headers: {'Content-Type': 'application/json', 'Accept': 'application/json', 'x-openstack-manila-api-version': '2.90', 'X-Auth-Token': '<omitted>'}
        Body: None
    Response - Headers: {'date': 'Thu, 05 Feb 2026 11:44:16 GMT', 'server': 'Apache/2.4.58 (Ubuntu)', 'content-type': 'application/json', 'content-length': '1378', 'x-compute-request-id': 'req-02595802-9e12-4ab5-9174-840a4fb392e1', 'x-openstack-manila-api-version': '2.90', 'vary': 'X-OpenStack-Manila-API-Version', 'x-openstack-request-id': 'req-02595802-9e12-4ab5-9174-840a4fb392e1', 'connection': 'close', 'status': '200', 'content-location': 'http://10.132.46.216/share/v2/c4ee124c7e5a492194e4e2833b5db66d/shares/dd5745d6-3d0e-420a-b5fe-0c488d2adc93'}
        Body: b'{"share": {"id": "dd5745d6-3d0e-420a-b5fe-0c488d2adc93", "size": 1, "availability_zone": null, "created_at": "2026-02-05T11:44:16.230399", "status": "creating", "name": "tempest-tempest-created-share-454298204", "description": "Tempest\'s share", "project_id": "c4ee124c7e5a492194e4e2833b5db66d", "snapshot_id": null, "share_network_id": null, "share_proto": "NFS", 
    "metadata": {}, "share_type": "cd77a318-f56f-4901-bf0f-36d8e1a501f2", "volume_type": "tempest-manage-st-name-1064897780", "links": [{"rel": "self", "href": "http://10.132.46.216/share/v2/c4ee124c7e5a492194e4e2833b5db66d/shares/dd5745d6-3d0e-420a-b5fe-0c488d2adc93"}, {"rel": "bookmark", "href": "http://10.132.46.216/share/c4ee124c7e5a492194e4e2833b5db66d/shares/dd5745d6-3d0e-420a-b5fe-0c488d2adc93"}], "is_public": false, "snapshot_support": false, "task_state": null, "share_type_name": "tempest-manage-st-name-1064897780", "access_rules_status": "active", "replication_type": null, "has_replicas": false, "user_id": "c8844167ea60456d90c2703933c7341d", "create_share_from_snapshot_support": false, "revert_to_snapshot_support": false, "share_group_id": null, "source_share_group_snapshot_member_id": null, "mount_snapshot_support": false, "progress": null, "is_soft_deleted": false, "scheduled_to_be_deleted_at": null, "source_backup_id": null, "encryption_key_ref": null, "share_server_id": null, "host": ""}}'
2026-02-05 11:44:19,411 168296 INFO     [tempest.lib.common.rest_client] Request (ManageNFSShareNegativeTest:test_manage_invalid_param_manage_error): 200 GET http://10.132.46.216/share/v2/c4ee124c7e5a492194e4e2833b5db66d/shares/dd5745d6-3d0e-420a-b5fe-0c488d2adc93 0.039s
2026-02-05 11:44:19,411 168296 DEBUG    [tempest.lib.common.rest_client] Request - Headers: {'Content-Type': 'application/json', 'Accept': 'application/json', 'x-openstack-manila-api-version': '2.90', 'X-Auth-Token': '<omitted>'}
        Body: None
    Response - Headers: {'date': 'Thu, 05 Feb 2026 11:44:19 GMT', 'server': 'Apache/2.4.58 (Ubuntu)', 'content-type': 'application/json', 'content-length': '1375', 'x-compute-request-id': 'req-0e191402-8e39-4856-8bb5-45060ca32af3', 'x-openstack-manila-api-version': '2.90', 'vary': 'X-OpenStack-Manila-API-Version', 'x-openstack-request-id': 'req-0e191402-8e39-4856-8bb5-45060ca32af3', 'connection': 'close', 'status': '200', 'content-location': 'http://10.132.46.216/share/v2/c4ee124c7e5a492194e4e2833b5db66d/shares/dd5745d6-3d0e-420a-b5fe-0c488d2adc93'}
        Body: b'{"share": {"id": "dd5745d6-3d0e-420a-b5fe-0c488d2adc93", "size": 1, "availability_zone": null, "created_at": "2026-02-05T11:44:16.230399", "status": "error", "name": "tempest-tempest-created-share-454298204", "description": "Tempest\'s share", "project_id": "c4ee124c7e5a492194e4e2833b5db66d", "snapshot_id": null, "share_network_id": null, "share_proto": "NFS", "metadata": {}, "share_type": "cd77a318-f56f-4901-bf0f-36d8e1a501f2", "volume_type": "tempest-manage-st-name-1064897780", "links": [{"rel": "self", "href": "http://10.132.46.216/share/v2/c4ee124c7e5a492194e4e2833b5db66d/shares/dd5745d6-3d0e-420a-b5fe-0c488d2adc93"}, {"rel": "bookmark", "href": "http://10.132.46.216/share/c4ee124c7e5a492194e4e2833b5db66d/shares/dd5745d6-3d0e-420a-b5fe-0c488d2adc93"}], "is_public": false, "snapshot_support": false, "task_state": null, "share_type_name": "tempest-manage-st-name-1064897780", "access_rules_status": "active", "replication_type": null, "has_replicas": false, "user_id": "c8844167ea60456d90c2703933c7341d", "create_share_from_snapshot_support": false, "revert_to_snapshot_support": false, "share_group_id": null, "source_share_group_snapshot_member_id": null, "mount_snapshot_support": false, "progress": null, "is_soft_deleted": false, "scheduled_to_be_deleted_at": null, "source_backup_id": null, "encryption_key_ref": null, "share_server_id": null, "host": ""}}'


setUpClass (manila_tempest_tests.tests.api.test_resource_locks.ResourceLockCRUTest)
-----------------------------------------------------------------------------------

Captured traceback:
~~~~~~~~~~~~~~~~~~~
    Traceback (most recent call last):

      File "/opt/stack/tempest/tempest/test.py", line 185, in setUpClass
    raise value.with_traceback(trace)

      File "/opt/stack/tempest/tempest/test.py", line 178, in setUpClass
    cls.resource_setup()

      File "/opt/stack/tempest/manila-tempest-plugin/manila_tempest_tests/tests/api/test_resource_locks.py", line 58, in resource_setup
    cls.share = cls.create_share(share_type_id=cls.share_type_id)
                ^^^^^^^^^^^^^^^^^^^^^^^^^^^^^^^^^^^^^^^^^^^^^^^^^

      File "/opt/stack/tempest/manila-tempest-plugin/manila_tempest_tests/tests/api/base.py", line 411, in create_share
    result = cls.create_shares([{"args": args, "kwargs": kwargs}])
             ^^^^^^^^^^^^^^^^^^^^^^^^^^^^^^^^^^^^^^^^^^^^^^^^^^^^^

      File "/opt/stack/tempest/manila-tempest-plugin/manila_tempest_tests/tests/api/base.py", line 469, in create_shares
    waiters.wait_for_resource_status(

      File "/opt/stack/tempest/manila-tempest-plugin/manila_tempest_tests/common/waiters.py", line 109, in wait_for_resource_status
    raise resource_exception(resource_id=resource_id)

    manila_tempest_tests.share_exceptions.ShareBuildErrorException: Share 57f59caa-6d75-425f-9740-d5dddbb6c822 failed to build and is in ERROR status


manila_tempest_tests.tests.api.******.test_share_manage_negative.ManageNFSShareNegativeTest.test_manage_invalid_param_raises_exception[api_with_backend,id-8267161e-4f55-44eb-9af5-30d1a3fb2606,negative]
--------------------------------------------------------------------------------------------------------------------------------------------------------------------------------------------------------

Captured traceback:
~~~~~~~~~~~~~~~~~~~
    Traceback (most recent call last):

      File "/opt/stack/tempest/manila-tempest-plugin/manila_tempest_tests/tests/api/******/test_share_manage_negative.py", line 104, in test_manage_invalid_param_raises_exception
    share = self._create_share_for_manage()
            ^^^^^^^^^^^^^^^^^^^^^^^^^^^^^^^

      File "/opt/stack/tempest/manila-tempest-plugin/manila_tempest_tests/tests/api/base.py", line 1174, in _create_share_for_manage
    share = self.create_share(**creation_data)
            ^^^^^^^^^^^^^^^^^^^^^^^^^^^^^^^^^^

      File "/opt/stack/tempest/manila-tempest-plugin/manila_tempest_tests/tests/api/base.py", line 411, in create_share
    result = cls.create_shares([{"args": args, "kwargs": kwargs}])
             ^^^^^^^^^^^^^^^^^^^^^^^^^^^^^^^^^^^^^^^^^^^^^^^^^^^^^

      File "/opt/stack/tempest/manila-tempest-plugin/manila_tempest_tests/tests/api/base.py", line 469, in create_shares
    waiters.wait_for_resource_status(

      File "/opt/stack/tempest/manila-tempest-plugin/manila_tempest_tests/common/waiters.py", line 109, in wait_for_resource_status
    raise resource_exception(resource_id=resource_id)

    manila_tempest_tests.share_exceptions.ShareBuildErrorException: Share b59ec907-b3c3-444e-9965-f852a7e62bc0 failed to build and is in ERROR status


Captured pythonlogging:
~~~~~~~~~~~~~~~~~~~~~~~
    2026-02-05 11:44:19,625 168296 INFO     [tempest.lib.common.rest_client] Request (ManageNFSShareNegativeTest:test_manage_invalid_param_raises_exception): 200 POST http://10.132.46.216/share/v2/c4ee124c7e5a492194e4e2833b5db66d/shares 0.210s
2026-02-05 11:44:19,626 168296 DEBUG    [tempest.lib.common.rest_client] Request - Headers: {'Content-Type': 'application/json', 'Accept': 'application/json', 'x-openstack-manila-api-version': '2.90', 'X-Auth-Token': '<omitted>'}
        Body: {"share": {"share_proto": "nfs", "description": "Tempest's share", "snapshot_id": null, "name": "tempest-tempest-created-share-380881287", "size": 1, "metadata": {}, "is_public": false, "share_type": "cd77a318-f56f-4901-bf0f-36d8e1a501f2"}}
    Response - Headers: {'date': 'Thu, 05 Feb 2026 11:44:19 GMT', 'server': 'Apache/2.4.58 (Ubuntu)', 'content-type': 'application/json', 'content-length': '1378', 'x-compute-request-id': 'req-07e8c0b0-20e0-4c13-b1b1-f2292819e0f7', 'x-openstack-manila-api-version': '2.90', 'vary': 'X-OpenStack-Manila-API-Version', 'x-openstack-request-id': 'req-07e8c0b0-20e0-4c13-b1b1-f2292819e0f7', 'connection': 'close', 'status': '200', 'content-location': 'http://10.132.46.216/share/v2/c4ee124c7e5a492194e4e2833b5db66d/shares'}
        Body: b'{"share": {"id": "b59ec907-b3c3-444e-9965-f852a7e62bc0", "size": 1, "availability_zone": null, "created_at": "2026-02-05T11:44:19.497263", "status": "creating", "name": "tempest-tempest-created-share-380881287", "description": "Tempest\'s share", "project_id": "c4ee124c7e5a492194e4e2833b5db66d", "snapshot_id": null, "share_network_id": null, "share_proto": "NFS", "metadata": {}, "share_type": "cd77a318-f56f-4901-bf0f-36d8e1a501f2", "volume_type": "tempest-manage-st-name-1064897780", "links": [{"rel": "self", "href": "http://10.132.46.216/share/v2/c4ee124c7e5a492194e4e2833b5db66d/shares/b59ec907-b3c3-444e-9965-f852a7e62bc0"}, {"rel": "bookmark", "href": "http://10.132.46.216/share/c4ee124c7e5a492194e4e2833b5db66d/shares/b59ec907-b3c3-444e-9965-f852a7e62bc0"}], "is_public": false, "snapshot_support": false, "task_state": null, "share_type_name": "tempest-manage-st-name-1064897780", "access_rules_status": "active", "replication_type": null, "has_replicas": false, "user_id": "c8844167ea60456d90c2703933c7341d", "create_share_from_snapshot_support": false, "revert_to_snapshot_support": false, "share_group_id": null, "source_share_group_snapshot_member_id": null, "mount_snapshot_support": false, "progress": null, "is_soft_deleted": false, "scheduled_to_be_deleted_at": null, "source_backup_id": null, "encryption_key_ref": null, "share_server_id": null, "host": ""}}'
2026-02-05 11:44:19,667 168296 INFO     [tempest.lib.common.rest_client] Request (ManageNFSShareNegativeTest:test_manage_invalid_param_raises_exception): 200 GET http://10.132.46.216/share/v2/c4ee124c7e5a492194e4e2833b5db66d/shares/b59ec907-b3c3-444e-9965-f852a7e62bc0 0.041s
2026-02-05 11:44:19,668 168296 DEBUG    [tempest.lib.common.rest_client] Request - Headers: {'Content-Type': 'application/json', 'Accept': 'application/json', 'x-openstack-manila-api-version': '2.90', 'X-Auth-Token': '<omitted>'}
        Body: None
    Response - Headers: {'date': 'Thu, 05 Feb 2026 11:44:19 GMT', 'server': 'Apache/2.4.58 (Ubuntu)', 'content-type': 'application/json', 'content-length': '1378', 'x-compute-request-id': 'req-c0c59d38-7e99-448b-97ac-34a3eb12ca7f', 'x-openstack-manila-api-version': '2.90', 'vary': 'X-OpenStack-Manila-API-Version', 'x-openstack-request-id': 'req-c0c59d38-7e99-448b-97ac-34a3eb12ca7f', 'connection': 'close', 'status': '200', 'content-location': 'http://10.132.46.216/share/v2/c4ee124c7e5a492194e4e2833b5db66d/shares/b59ec907-b3c3-444e-9965-f852a7e62bc0'}
        Body: b'{"share": {"id": "b59ec907-b3c3-444e-9965-f852a7e62bc0", "size": 1, "availability_zone": null, "created_at": "2026-02-05T11:44:19.497263", "status": "creating", "name": "tempest-tempest-created-share-380881287", "description": "Tempest\'s share", "project_id": "c4ee124c7e5a492194e4e2833b5db66d", "snapshot_id": null, "share_network_id": null, "share_proto":
     "NFS", "metadata": {}, "share_type": "cd77a318-f56f-4901-bf0f-36d8e1a501f2", "volume_type": "tempest-manage-st-name-1064897780", "links": [{"rel": "self", "href": "http://10.132.46.216/share/v2/c4ee124c7e5a492194e4e2833b5db66d/shares/b59ec907-b3c3-444e-9965-f852a7e62bc0"}, {"rel": "bookmark", "href": "http://10.132.46.216/share/c4ee124c7e5a492194e4e2833b5db66d/shares/b59ec907-b3c3-444e-9965-f852a7e62bc0"}], "is_public": false, "snapshot_support": false, "task_state": null, "share_type_name": "tempest-manage-st-name-1064897780", "access_rules_status": "active", "replication_type": null, "has_replicas": false, "user_id": "c8844167ea60456d90c2703933c7341d", "create_share_from_snapshot_support": false, "revert_to_snapshot_support": false, "share_group_id": null, "source_share_group_snapshot_member_id": null, "mount_snapshot_support": false, "progress": null, "is_soft_deleted": false, "scheduled_to_be_deleted_at": null, "source_backup_id": null, "encryption_key_ref": null, "share_server_id": null, "host": ""}}'
2026-02-05 11:44:22,701 168296 INFO     [tempest.lib.common.rest_client] Request (ManageNFSShareNegativeTest:test_manage_invalid_param_raises_exception): 200 GET http://10.132.46.216/share/v2/c4ee124c7e5a492194e4e2833b5db66d/shares/b59ec907-b3c3-444e-9965-f852a7e62bc0 0.032s
2026-02-05 11:44:22,701 168296 DEBUG    [tempest.lib.common.rest_client] Request - Headers: {'Content-Type': 'application/json', 'Accept': 'application/json', 'x-openstack-manila-api-version': '2.90', 'X-Auth-Token': '<omitted>'}
        Body: None
    Response - Headers: {'date': 'Thu, 05 Feb 2026 11:44:22 GMT', 'server': 'Apache/2.4.58 (Ubuntu)', 'content-type': 'application/json', 'content-length': '1375', 'x-compute-request-id': 'req-41b872f5-1d59-4446-9c8f-b512895858f7', 'x-openstack-manila-api-version': '2.90', 'vary': 'X-OpenStack-Manila-API-Version', 'x-openstack-request-id': 'req-41b872f5-1d59-4446-9c8f-b512895858f7', 'connection': 'close', 'status': '200', 'content-location': 'http://10.132.46.216/share/v2/c4ee124c7e5a492194e4e2833b5db66d/shares/b59ec907-b3c3-444e-9965-f852a7e62bc0'}
        Body: b'{"share": {"id": "b59ec907-b3c3-444e-9965-f852a7e62bc0", "size": 1, "availability_zone": null, "created_at": "2026-02-05T11:44:19.497263", "status": "error", "name": "tempest-tempest-created-share-380881287", "description": "Tempest\'s share", "project_id": "c4ee124c7e5a492194e4e2833b5db66d", "snapshot_id": null, "share_network_id": null, "share_proto": "NFS", "metadata": {}, "share_type": "cd77a318-f56f-4901-bf0f-36d8e1a501f2", "volume_type": "tempest-manage-st-name-1064897780", "links": [{"rel": "self", "href": "http://10.132.46.216/share/v2/c4ee124c7e5a492194e4e2833b5db66d/shares/b59ec907-b3c3-444e-9965-f852a7e62bc0"}, {"rel": "bookmark", "href": "http://10.132.46.216/share/c4ee124c7e5a492194e4e2833b5db66d/shares/b59ec907-b3c3-444e-9965-f852a7e62bc0"}], "is_public": false, "snapshot_support": false, "task_state": null, "share_type_name": "tempest-manage-st-name-1064897780", "access_rules_status": "active", "replication_type": null, "has_replicas": false, "user_id": "c8844167ea60456d90c2703933c7341d", "create_share_from_snapshot_support": false, "revert_to_snapshot_support": false, "share_group_id": null, "source_share_group_snapshot_member_id": null, "mount_snapshot_support": false, "progress": null, "is_soft_deleted": false, "scheduled_to_be_deleted_at": null, "source_backup_id": null, "encryption_key_ref": null, "share_server_id": null, "host": ""}}'


manila_tempest_tests.tests.api.******.test_share_manage_negative.ManageNFSShareNegativeTest.test_manage_share_duplicate[api_with_backend,id-832b1c4d-e6f2-4a75-9ea5-d99f780db743,negative]
-----------------------------------------------------------------------------------------------------------------------------------------------------------------------------------------

Captured traceback:
~~~~~~~~~~~~~~~~~~~
    Traceback (most recent call last):

      File "/opt/stack/tempest/manila-tempest-plugin/manila_tempest_tests/tests/api/******/test_share_manage_negative.py", line 195, in test_manage_share_duplicate
    share = self._create_share_for_manage()
            ^^^^^^^^^^^^^^^^^^^^^^^^^^^^^^^

      File "/opt/stack/tempest/manila-tempest-plugin/manila_tempest_tests/tests/api/base.py", line 1174, in _create_share_for_manage
    share = self.create_share(**creation_data)
            ^^^^^^^^^^^^^^^^^^^^^^^^^^^^^^^^^^

      File "/opt/stack/tempest/manila-tempest-plugin/manila_tempest_tests/tests/api/base.py", line 411, in create_share
    result = cls.create_shares([{"args": args, "kwargs": kwargs}])
             ^^^^^^^^^^^^^^^^^^^^^^^^^^^^^^^^^^^^^^^^^^^^^^^^^^^^^

      File "/opt/stack/tempest/manila-tempest-plugin/manila_tempest_tests/tests/api/base.py", line 469, in create_shares
    waiters.wait_for_resource_status(

      File "/opt/stack/tempest/manila-tempest-plugin/manila_tempest_tests/common/waiters.py", line 109, in wait_for_resource_status
    raise resource_exception(resource_id=resource_id)

    manila_tempest_tests.share_exceptions.ShareBuildErrorException: Share 3993121d-3af7-46c4-95f5-2cdf636da3a9 failed to build and is in ERROR status


Captured pythonlogging:
~~~~~~~~~~~~~~~~~~~~~~~
    2026-02-05 11:44:22,888 168296 INFO     [tempest.lib.common.rest_client] Request (ManageNFSShareNegativeTest:test_manage_share_duplicate): 200 POST http://10.132.46.216/share/v2/c4ee124c7e5a492194e4e2833b5db66d/shares 0.184s
2026-02-05 11:44:22,889 168296 DEBUG    [tempest.lib.common.rest_client] Request - Headers: {'Content-Type': 'application/json', 'Accept': 'application/json', 'x-openstack-manila-api-version': '2.90', 'X-Auth-Token': '<omitted>'}
        Body: {"share": {"share_proto": "nfs", "description": "Tempest's share", "snapshot_id": null, "name": "tempest-tempest-created-share-1839056084", "size": 1, "metadata": {}, "is_public": false, "share_type": "cd77a318-f56f-4901-bf0f-36d8e1a501f2"}}
    Response - Headers: {'date': 'Thu, 05 Feb 2026 11:44:22 GMT', 'server': 'Apache/2.4.58 (Ubuntu)', 'content-type': 'application/json', 'content-length': '1379', 'x-compute-request-id': 'req-4a978377-1ad4-4b9c-9226-cb64507a6f35', 'x-openstack-manila-api-version': '2.90', 'vary': 'X-OpenStack-Manila-API-Version', 'x-openstack-request-id': 'req-4a978377-1ad4-4b9c-9226-cb64507a6f35', 'connection': 'close', 'status': '200', 'content-location': 'http://10.132.46.216/share/v2/c4ee124c7e5a492194e4e2833b5db66d/shares'}
        Body: b'{"share": {"id": "3993121d-3af7-46c4-95f5-2cdf636da3a9", "size": 1, "availability_zone": null, "created_at": "2026-02-05T11:44:22.762415", "status": "creating", "name": "tempest-tempest-created-share-1839056084", "description": "Tempest\'s share", "project_id": "c4ee124c7e5a492194e4e2833b5db66d", "snapshot_id": null, "share_network_id": null, "share_proto": "NFS", "metadata": {}, "share_type": "cd77a318-f56f-4901-bf0f-36d8e1a501f2", "volume_type": "tempest-manage-st-name-1064897780", "links": [{"rel": "self", "href": "http://10.132.46.216/share/v2/c4ee124c7e5a492194e4e2833b5db66d/shares/3993121d-3af7-46c4-95f5-2cdf636da3a9"}, {"rel": "bookmark", "href": "http://10.132.46.216/share/c4ee124c7e5a492194e4e2833b5db66d/shares/3993121d-3af7-46c4-95f5-2cdf636da3a9"}], "is_public": false, "snapshot_support": false, "task_state": null, "share_type_name": "tempest-manage-st-name-1064897780", "access_rules_status": "active", "replication_type": null, "has_replicas": false, "user_id": "c8844167ea60456d90c2703933c7341d", "create_share_from_snapshot_support": false, "revert_to_snapshot_support": false, "share_group_id": null, "source_share_group_snapshot_member_id": null, "mount_snapshot_support": false, "progress": null, "is_soft_deleted": false, "scheduled_to_be_deleted_at": null, "source_backup_id": null, "encryption_key_ref": null, "share_server_id": null, "host": ""}}'
2026-02-05 11:44:22,940 168296 INFO     [tempest.lib.common.rest_client] Request (ManageNFSShareNegativeTest:test_manage_share_duplicate): 200 GET http://10.132.46.216/share/v2/c4ee124c7e5a492194e4e2833b5db66d/shares/3993121d-3af7-46c4-95f5-2cdf636da3a9 0.051s
2026-02-05 11:44:22,941 168296 DEBUG    [tempest.lib.common.rest_client] Request - Headers: {'Content-Type': 'application/json', 'Accept': 'application/json', 'x-openstack-manila-api-version': '2.90', 'X-Auth-Token': '<omitted>'}
        Body: None
    Response - Headers: {'date': 'Thu, 05 Feb 2026 11:44:22 GMT', 'server': 'Apache/2.4.58 (Ubuntu)', 'content-type': 'application/json', 'content-length': '1379', 'x-compute-request-id': 'req-8fe25734-7345-4fb7-8186-fac99512255b', 'x-openstack-manila-api-version': '2.90', 'vary': 'X-OpenStack-Manila-API-Version', 'x-openstack-request-id': 'req-8fe25734-7345-4fb7-8186-fac99512255b', 'connection': 'close', 'status': '200', 'content-location': 'http://10.132.46.216/share/v2/c4ee124c7e5a492194e4e2833b5db66d/shares/3993121d-3af7-46c4-95f5-2cdf636da3a9'}
        Body: b'{"share": {"id": "3993121d-3af7-46c4-95f5-2cdf636da3a9", "size": 1, "availability_zone": null, "created_at": "2026-02-05T11:44:22.762415", "status": "creating", "name": "tempest-tempest-created-share-1839056084", "description": "Tempest\'s share", "project_id": "c4ee124c7e5a492194e4e2833b5db66d", "snapshot_id": null, "share_network_id": null, "share_proto": "NFS", "metadata": {}, "sh
    are_type": "cd77a318-f56f-4901-bf0f-36d8e1a501f2", "volume_type": "tempest-manage-st-name-1064897780", "links": [{"rel": "self", "href": "http://10.132.46.216/share/v2/c4ee124c7e5a492194e4e2833b5db66d/shares/3993121d-3af7-46c4-95f5-2cdf636da3a9"}, {"rel": "bookmark", "href": "http://10.132.46.216/share/c4ee124c7e5a492194e4e2833b5db66d/shares/3993121d-3af7-46c4-95f5-2cdf636da3a9"}], "is_public": false, "snapshot_support": false, "task_state": null, "share_type_name": "tempest-manage-st-name-1064897780", "access_rules_status": "active", "replication_type": null, "has_replicas": false, "user_id": "c8844167ea60456d90c2703933c7341d", "create_share_from_snapshot_support": false, "revert_to_snapshot_support": false, "share_group_id": null, "source_share_group_snapshot_member_id": null, "mount_snapshot_support": false, "progress": null, "is_soft_deleted": false, "scheduled_to_be_deleted_at": null, "source_backup_id": null, "encryption_key_ref": null, "share_server_id": null, "host": ""}}'
2026-02-05 11:44:25,977 168296 INFO     [tempest.lib.common.rest_client] Request (ManageNFSShareNegativeTest:test_manage_share_duplicate): 200 GET http://10.132.46.216/share/v2/c4ee124c7e5a492194e4e2833b5db66d/shares/3993121d-3af7-46c4-95f5-2cdf636da3a9 0.035s
2026-02-05 11:44:25,977 168296 DEBUG    [tempest.lib.common.rest_client] Request - Headers: {'Content-Type': 'application/json', 'Accept': 'application/json', 'x-openstack-manila-api-version': '2.90', 'X-Auth-Token': '<omitted>'}
        Body: None
    Response - Headers: {'date': 'Thu, 05 Feb 2026 11:44:25 GMT', 'server': 'Apache/2.4.58 (Ubuntu)', 'content-type': 'application/json', 'content-length': '1376', 'x-compute-request-id': 'req-813e8248-92fa-43d2-9ffc-09d9fe232734', 'x-openstack-manila-api-version': '2.90', 'vary': 'X-OpenStack-Manila-API-Version', 'x-openstack-request-id': 'req-813e8248-92fa-43d2-9ffc-09d9fe232734', 'connection': 'close', 'status': '200', 'content-location': 'http://10.132.46.216/share/v2/c4ee124c7e5a492194e4e2833b5db66d/shares/3993121d-3af7-46c4-95f5-2cdf636da3a9'}
        Body: b'{"share": {"id": "3993121d-3af7-46c4-95f5-2cdf636da3a9", "size": 1, "availability_zone": null, "created_at": "2026-02-05T11:44:22.762415", "status": "error", "name": "tempest-tempest-created-share-1839056084", "description": "Tempest\'s share", "project_id": "c4ee124c7e5a492194e4e2833b5db66d", "snapshot_id": null, "share_network_id": null, "share_proto": "NFS", "metadata": {}, "share_type": "cd77a318-f56f-4901-bf0f-36d8e1a501f2", "volume_type": "tempest-manage-st-name-1064897780", "links": [{"rel": "self", "href": "http://10.132.46.216/share/v2/c4ee124c7e5a492194e4e2833b5db66d/shares/3993121d-3af7-46c4-95f5-2cdf636da3a9"}, {"rel": "bookmark", "href": "http://10.132.46.216/share/c4ee124c7e5a492194e4e2833b5db66d/shares/3993121d-3af7-46c4-95f5-2cdf636da3a9"}], "is_public": false, "snapshot_support": false, "task_state": null, "share_type_name": "tempest-manage-st-name-1064897780", "access_rules_status": "active", "replication_type": null, "has_replicas": false, "user_id": "c8844167ea60456d90c2703933c7341d", "create_share_from_snapshot_support": false, "revert_to_snapshot_support": false, "share_group_id": null, "source_share_group_snapshot_member_id": null, "mount_snapshot_support": false, "progress": null, "is_soft_deleted": false, "scheduled_to_be_deleted_at": null, "source_backup_id": null, "encryption_key_ref": null, "share_server_id": null, "host": ""}}'


setUpClass (manila_tempest_tests.tests.api.test_resource_locks_negative.ResourceLockNegativeTestWithShares)
-----------------------------------------------------------------------------------------------------------

Captured traceback:
~~~~~~~~~~~~~~~~~~~
    Traceback (most recent call last):

      File "/opt/stack/tempest/tempest/test.py", line 185, in setUpClass
    raise value.with_traceback(trace)

      File "/opt/stack/tempest/tempest/test.py", line 178, in setUpClass
    cls.resource_setup()

      File "/opt/stack/tempest/manila-tempest-plugin/manila_tempest_tests/tests/api/test_resource_locks_negative.py", line 62, in resource_setup
    cls.share = cls.create_share(share_type_id=share_type['id'])
                ^^^^^^^^^^^^^^^^^^^^^^^^^^^^^^^^^^^^^^^^^^^^^^^^

      File "/opt/stack/tempest/manila-tempest-plugin/manila_tempest_tests/tests/api/base.py", line 411, in create_share
    result = cls.create_shares([{"args": args, "kwargs": kwargs}])
             ^^^^^^^^^^^^^^^^^^^^^^^^^^^^^^^^^^^^^^^^^^^^^^^^^^^^^

      File "/opt/stack/tempest/manila-tempest-plugin/manila_tempest_tests/tests/api/base.py", line 469, in create_shares
    waiters.wait_for_resource_status(

      File "/opt/stack/tempest/manila-tempest-plugin/manila_tempest_tests/common/waiters.py", line 109, in wait_for_resource_status
    raise resource_exception(resource_id=resource_id)

    manila_tempest_tests.share_exceptions.ShareBuildErrorException: Share d0ee7291-b8d5-41ba-9968-6d5252c5deaa failed to build and is in ERROR status


manila_tempest_tests.tests.api.******.test_share_manage_negative.ManageNFSShareNegativeTest.test_unmanage_share_transitional_state[api_with_backend,id-f71bcb3c-836e-4e9e-972a-50debeb8c285,negative]
----------------------------------------------------------------------------------------------------------------------------------------------------------------------------------------------------

Captured traceback:
~~~~~~~~~~~~~~~~~~~
    Traceback (most recent call last):

      File "/opt/stack/tempest/manila-tempest-plugin/manila_tempest_tests/tests/api/******/test_share_manage_negative.py", line 321, in test_unmanage_share_transitional_state
    share = self._create_share_for_manage()
            ^^^^^^^^^^^^^^^^^^^^^^^^^^^^^^^

      File "/opt/stack/tempest/manila-tempest-plugin/manila_tempest_tests/tests/api/base.py", line 1174, in _create_share_for_manage
    share = self.create_share(**creation_data)
            ^^^^^^^^^^^^^^^^^^^^^^^^^^^^^^^^^^

      File "/opt/stack/tempest/manila-tempest-plugin/manila_tempest_tests/tests/api/base.py", line 411, in create_share
    result = cls.create_shares([{"args": args, "kwargs": kwargs}])
             ^^^^^^^^^^^^^^^^^^^^^^^^^^^^^^^^^^^^^^^^^^^^^^^^^^^^^

      File "/opt/stack/tempest/manila-tempest-plugin/manila_tempest_tests/tests/api/base.py", line 469, in create_shares
    waiters.wait_for_resource_status(

      File "/opt/stack/tempest/manila-tempest-plugin/manila_tempest_tests/common/waiters.py", line 109, in wait_for_resource_status
    raise resource_exception(resource_id=resource_id)

    manila_tempest_tests.share_exceptions.ShareBuildErrorException: Share bf938689-2095-4fb2-9be6-e4d18b01a3c6 failed to build and is in ERROR status


Captured pythonlogging:
~~~~~~~~~~~~~~~~~~~~~~~
    2026-02-05 11:44:26,188 168296 INFO     [tempest.lib.common.rest_client] Request (ManageNFSShareNegativeTest:test_unmanage_share_transitional_state): 200 POST http://10.132.46.216/share/v2/c4ee124c7e5a492194e4e2833b5db66d/shares 0.207s
2026-02-05 11:44:26,188 168296 DEBUG    [tempest.lib.common.rest_client] Request - Headers: {'Content-Type': 'application/json', 'Accept': 'application/json', 'x-openstack-manila-api-version': '2.90', 'X-Auth-Token': '<omitted>'}
        Body: {"share": {"share_proto": "nfs", "description": "Tempest's share", "snapshot_id": null, "name": "tempest-tempest-created-share-1018715591", "size": 1, "metadata": {}, "is_public": false, "share_type": "cd77a318-f56f-4901-bf0f-36d8e1a501f2"}}
    Response - Headers: {'date': 'Thu, 05 Feb 2026 11:44:25 GMT', 'server': 'Apache/2.4.58 (Ubuntu)', 'content-type': 'application/json', 'content-length': '1379', 'x-compute-request-id': 'req-bb774b79-966e-4b02-bac1-e3f278583577', 'x-openstack-manila-api-version': '2.90', 'vary': 'X-OpenStack-Manila-API-Version', 'x-openstack-request-id': 'req-bb774b79-966e-4b02-bac1-e3f278583577', 'connection': 'close', 'status': '200', 'content-location': 'http://10.132.46.216/share/v2/c4ee124c7e5a492194e4e2833b5db66d/shares'}
        Body: b'{"share": {"id": "bf938689-2095-4fb2-9be6-e4d18b01a3c6", "size": 1, "availability_zone": null, "created_at": "2026-02-05T11:44:26.069263", "status": "creating", "name": "tempest-tempest-created-share-1018715591", "description": "Tempest\'s share", "project_id": "c4ee124c7e5a492194e4e2833b5db66d", "snapshot_id": null, "share_network_id": null, "share_proto": "NFS", "metadata": {}, "share_type": "cd77a318-f56f-4901-bf0f-36d8e1a501f2", "volume_type": "tempest-manage-st-name-1064897780", "links": [{"rel": "self", "href": "http://10.132.46.216/share/v2/c4ee124c7e5a492194e4e2833b5db66d/shares/bf938689-2095-4fb2-9be6-e4d18b01a3c6"}, {"rel": "bookmark", "href": "http://10.132.46.216/share/c4ee124c7e5a492194e4e2833b5db66d/shares/bf938689-2095-4fb2-9be6-e4d18b01a3c6"}], "is_public": false, "snapshot_support": false, "task_state": null, "share_type_name": "tempest-manage-st-name-1064897780", "access_rules_status": "active", "replication_type": null, "has_replicas": false, "user_id": "c8844167ea60456d90c2703933c7341d", "create_share_from_snapshot_support": false, "revert_to_snapshot_support": false, "share_group_id": null, "source_share_group_snapshot_member_id": null, "mount_snapshot_support": false, "progress": null, "is_soft_deleted": false, "scheduled_to_be_deleted_at": null, "source_backup_id": null, "encryption_key_ref": null, "share_server_id": null, "host": ""}}'
2026-02-05 11:44:26,219 168296 INFO     [tempest.lib.common.rest_client] Request (ManageNFSShareNegativeTest:test_unmanage_share_transitional_state): 200 GET http://10.132.46.216/share/v2/c4ee124c7e5a492194e4e2833b5db66d/shares/bf938689-2095-4fb2-9be6-e4d18b01a3c6 0.030s
2026-02-05 11:44:26,219 168296 DEBUG    [tempest.lib.common.rest_client] Request - Headers: {'Content-Type': 'application/json', 'Accept': 'application/json', 'x-openstack-manila-api-version': '2.90', 'X-Auth-Token': '<omitted>'}
        Body: None
    Response - Headers: {'date': 'Thu, 05 Feb 2026 11:44:26 GMT', 'server': 'Apache/2.4.58 (Ubuntu)', 'content-type': 'application/json', 'content-length': '1379', 'x-compute-request-id': 'req-0d21d778-0a37-4694-9908-590fece94c61', 'x-openstack-manila-api-version': '2.90', 'vary': 'X-OpenStack-Manila-API-Version', 'x-openstack-request-id': 'req-0d21d778-0a37-4694-9908-590fece94c61', 'connection': 'close', 'status': '200', 'content-location': 'http://10.132.46.216/share/v2/c4ee124c7e5a492194e4e2833b5db66d/shares/bf938689-2095-4fb2-9be6-e4d18b01a3c6'}
        Body: b'{"share": {"id": "bf938689-2095-4fb2-9be6-e4d18b01a3c6", "size": 1, "availability_zone": null, "created_at": "2026-02-05T11:44:26.069263", "status": "creating", "name": "tempest-tempest-created-share-1018715591", "description": "Tempest\'s share", "project_id": "c4ee124c7e5a492194e4e2833b5db66d", "snapshot_id": null, "share_network_id": null, "share_proto": "NFS
    ", "metadata": {}, "share_type": "cd77a318-f56f-4901-bf0f-36d8e1a501f2", "volume_type": "tempest-manage-st-name-1064897780", "links": [{"rel": "self", "href": "http://10.132.46.216/share/v2/c4ee124c7e5a492194e4e2833b5db66d/shares/bf938689-2095-4fb2-9be6-e4d18b01a3c6"}, {"rel": "bookmark", "href": "http://10.132.46.216/share/c4ee124c7e5a492194e4e2833b5db66d/shares/bf938689-2095-4fb2-9be6-e4d18b01a3c6"}], "is_public": false, "snapshot_support": false, "task_state": null, "share_type_name": "tempest-manage-st-name-1064897780", "access_rules_status": "active", "replication_type": null, "has_replicas": false, "user_id": "c8844167ea60456d90c2703933c7341d", "create_share_from_snapshot_support": false, "revert_to_snapshot_support": false, "share_group_id": null, "source_share_group_snapshot_member_id": null, "mount_snapshot_support": false, "progress": null, "is_soft_deleted": false, "scheduled_to_be_deleted_at": null, "source_backup_id": null, "encryption_key_ref": null, "share_server_id": null, "host": ""}}'
2026-02-05 11:44:29,261 168296 INFO     [tempest.lib.common.rest_client] Request (ManageNFSShareNegativeTest:test_unmanage_share_transitional_state): 200 GET http://10.132.46.216/share/v2/c4ee124c7e5a492194e4e2833b5db66d/shares/bf938689-2095-4fb2-9be6-e4d18b01a3c6 0.041s
2026-02-05 11:44:29,261 168296 DEBUG    [tempest.lib.common.rest_client] Request - Headers: {'Content-Type': 'application/json', 'Accept': 'application/json', 'x-openstack-manila-api-version': '2.90', 'X-Auth-Token': '<omitted>'}
        Body: None
    Response - Headers: {'date': 'Thu, 05 Feb 2026 11:44:29 GMT', 'server': 'Apache/2.4.58 (Ubuntu)', 'content-type': 'application/json', 'content-length': '1376', 'x-compute-request-id': 'req-50fe971a-8040-4031-b0ca-09703f21ddc0', 'x-openstack-manila-api-version': '2.90', 'vary': 'X-OpenStack-Manila-API-Version', 'x-openstack-request-id': 'req-50fe971a-8040-4031-b0ca-09703f21ddc0', 'connection': 'close', 'status': '200', 'content-location': 'http://10.132.46.216/share/v2/c4ee124c7e5a492194e4e2833b5db66d/shares/bf938689-2095-4fb2-9be6-e4d18b01a3c6'}
        Body: b'{"share": {"id": "bf938689-2095-4fb2-9be6-e4d18b01a3c6", "size": 1, "availability_zone": null, "created_at": "2026-02-05T11:44:26.069263", "status": "error", "name": "tempest-tempest-created-share-1018715591", "description": "Tempest\'s share", "project_id": "c4ee124c7e5a492194e4e2833b5db66d", "snapshot_id": null, "share_network_id": null, "share_proto": "NFS", "metadata": {}, "share_type": "cd77a318-f56f-4901-bf0f-36d8e1a501f2", "volume_type": "tempest-manage-st-name-1064897780", "links": [{"rel": "self", "href": "http://10.132.46.216/share/v2/c4ee124c7e5a492194e4e2833b5db66d/shares/bf938689-2095-4fb2-9be6-e4d18b01a3c6"}, {"rel": "bookmark", "href": "http://10.132.46.216/share/c4ee124c7e5a492194e4e2833b5db66d/shares/bf938689-2095-4fb2-9be6-e4d18b01a3c6"}], "is_public": false, "snapshot_support": false, "task_state": null, "share_type_name": "tempest-manage-st-name-1064897780", "access_rules_status": "active", "replication_type": null, "has_replicas": false, "user_id": "c8844167ea60456d90c2703933c7341d", "create_share_from_snapshot_support": false, "revert_to_snapshot_support": false, "share_group_id": null, "source_share_group_snapshot_member_id": null, "mount_snapshot_support": false, "progress": null, "is_soft_deleted": false, "scheduled_to_be_deleted_at": null, "source_backup_id": null, "encryption_key_ref": null, "share_server_id": null, "host": ""}}'


setUpClass (manila_tempest_tests.tests.api.test_rules.ShareIpRulesForNFSTest)
-----------------------------------------------------------------------------

Captured traceback:
~~~~~~~~~~~~~~~~~~~
    Traceback (most recent call last):

      File "/opt/stack/tempest/tempest/test.py", line 185, in setUpClass
    raise value.with_traceback(trace)

      File "/opt/stack/tempest/tempest/test.py", line 178, in setUpClass
    cls.resource_setup()

      File "/opt/stack/tempest/manila-tempest-plugin/manila_tempest_tests/tests/api/test_rules.py", line 89, in resource_setup
    cls.share = cls.create_share(cls.protocol,
                ^^^^^^^^^^^^^^^^^^^^^^^^^^^^^^

      File "/opt/stack/tempest/manila-tempest-plugin/manila_tempest_tests/tests/api/base.py", line 411, in create_share
    result = cls.create_shares([{"args": args, "kwargs": kwargs}])
             ^^^^^^^^^^^^^^^^^^^^^^^^^^^^^^^^^^^^^^^^^^^^^^^^^^^^^

      File "/opt/stack/tempest/manila-tempest-plugin/manila_tempest_tests/tests/api/base.py", line 469, in create_shares
    waiters.wait_for_resource_status(

      File "/opt/stack/tempest/manila-tempest-plugin/manila_tempest_tests/common/waiters.py", line 109, in wait_for_resource_status
    raise resource_exception(resource_id=resource_id)

    manila_tempest_tests.share_exceptions.ShareBuildErrorException: Share ec3edacf-e3b7-4043-b1e7-e4a5cb241a06 failed to build and is in ERROR status


manila_tempest_tests.tests.api.test_shares.SharesNFSTest.test_create_get_delete_share[backend,id-21ad41fb-04cf-493c-bc2f-66c80220898b,positive]
-----------------------------------------------------------------------------------------------------------------------------------------------

Captured traceback:
~~~~~~~~~~~~~~~~~~~
    Traceback (most recent call last):

      File "/opt/stack/tempest/manila-tempest-plugin/manila_tempest_tests/tests/api/test_shares.py", line 50, in test_create_get_delete_share
    share = self.create_share(self.protocol,
            ^^^^^^^^^^^^^^^^^^^^^^^^^^^^^^^^

      File "/opt/stack/tempest/manila-tempest-plugin/manila_tempest_tests/tests/api/base.py", line 411, in create_share
    result = cls.create_shares([{"args": args, "kwargs": kwargs}])
             ^^^^^^^^^^^^^^^^^^^^^^^^^^^^^^^^^^^^^^^^^^^^^^^^^^^^^

      File "/opt/stack/tempest/manila-tempest-plugin/manila_tempest_tests/tests/api/base.py", line 469, in create_shares
    waiters.wait_for_resource_status(

      File "/opt/stack/tempest/manila-tempest-plugin/manila_tempest_tests/common/waiters.py", line 109, in wait_for_resource_status
    raise resource_exception(resource_id=resource_id)

    manila_tempest_tests.share_exceptions.ShareBuildErrorException: Share 0c6aa64c-08a2-446e-a595-b5bcfb7ed1ef failed to build and is in ERROR status


Captured pythonlogging:
~~~~~~~~~~~~~~~~~~~~~~~
    2026-02-05 11:44:32,688 168292 INFO     [tempest.lib.common.rest_client] Request (SharesNFSTest:test_create_get_delete_share): 200 POST http://10.132.46.216/share/v2/19cab8604a04444c8cc861ec394b78ba/shares 0.348s
2026-02-05 11:44:32,688 168292 DEBUG    [tempest.lib.common.rest_client] Request - Headers: {'Content-Type': 'application/json', 'Accept': 'application/json', 'x-openstack-manila-api-version': '2.90', 'X-Auth-Token': '<omitted>'}
        Body: {"share": {"share_proto": "nfs", "description": "Tempest's share", "snapshot_id": null, "name": "tempest-tempest-created-share-744270660", "size": 1, "metadata": {}, "is_public": false, "share_type": "e173c8a7-6741-4dd6-bdbf-351ac010e0bd"}}
    Response - Headers: {'date': 'Thu, 05 Feb 2026 11:44:32 GMT', 'server': 'Apache/2.4.58 (Ubuntu)', 'content-type': 'application/json', 'content-length': '1339', 'x-compute-request-id': 'req-8035cdae-f9d2-417d-a743-0407b230a972', 'x-openstack-manila-api-version': '2.90', 'vary': 'X-OpenStack-Manila-API-Version', 'x-openstack-request-id': 'req-8035cdae-f9d2-417d-a743-0407b230a972', 'connection': 'close', 'status': '200', 'content-location': 'http://10.132.46.216/share/v2/19cab8604a04444c8cc861ec394b78ba/shares'}
        Body: b'{"share": {"id": "0c6aa64c-08a2-446e-a595-b5bcfb7ed1ef", "size": 1, "availability_zone": null, "created_at": "2026-02-05T11:44:32.557201", "status": "creating", "name": "tempest-tempest-created-share-744270660", "description": "Tempest\'s share", "project_id": "19cab8604a04444c8cc861ec394b78ba", "snapshot_id": null, "share_network_id": null, "share_proto": "NFS", "metadata": {}, "share_type": "e173c8a7-6741-4dd6-bdbf-351ac010e0bd", "volume_type": "tempest-typeshare-type-735537490", "links": [{"rel": "self", "href": "http://10.132.46.216/share/v2/19cab8604a04444c8cc861ec394b78ba/shares/0c6aa64c-08a2-446e-a595-b5bcfb7ed1ef"}, {"rel": "bookmark", "href": "http://10.132.46.216/share/19cab8604a04444c8cc861ec394b78ba/shares/0c6aa64c-08a2-446e-a595-b5bcfb7ed1ef"}], "is_public": false, "snapshot_support": false, "task_state": null, "share_type_name": "tempest-typeshare-type-735537490", "access_rules_status": "active", "replication_type": null, "has_replicas": false, "user_id": "81536357e21f40048319bea3ef503a75", "create_share_from_snapshot_support": false, "revert_to_snapshot_support": false, "share_group_id": null, "source_share_group_snapshot_member_id": null, "mount_snapshot_support": false, "progress": null, "is_soft_deleted": false, "scheduled_to_be_deleted_at": null, "source_backup_id": null, "encryption_key_ref": null}}'
2026-02-05 11:44:32,740 168292 INFO     [tempest.lib.common.rest_client] Request (SharesNFSTest:test_create_get_delete_share): 200 GET http://10.132.46.216/share/v2/19cab8604a04444c8cc861ec394b78ba/shares/0c6aa64c-08a2-446e-a595-b5bcfb7ed1ef 0.051s
2026-02-05 11:44:32,740 168292 DEBUG    [tempest.lib.common.rest_client] Request - Headers: {'Content-Type': 'application/json', 'Accept': 'application/json', 'x-openstack-manila-api-version': '2.90', 'X-Auth-Token': '<omitted>'}
        Body: None
    Response - Headers: {'date': 'Thu, 05 Feb 2026 11:44:32 GMT', 'server': 'Apache/2.4.58 (Ubuntu)', 'content-type': 'application/json', 'content-length': '1339', 'x-compute-request-id': 'req-25ee9e34-292b-4b20-9a15-d7a164c10176', 'x-openstack-manila-api-version': '2.90', 'vary': 'X-OpenStack-Manila-API-Version', 'x-openstack-request-id': 'req-25ee9e34-292b-4b20-9a15-d7a164c10176', 'connection': 'close', 'status': '200', 'content-location': 'http://10.132.46.216/share/v2/19cab8604a04444c8cc861ec394b78ba/shares/0c6aa64c-08a2-446e-a595-b5bcfb7ed1ef'}
        Body: b'{"share": {"id": "0c6aa64c-08a2-446e-a595-b5bcfb7ed1ef", "size": 1, "availability_zone": null, "created_at": "2026-02-05T11:44:32.557201", "status": "creating", "name": "tempest-tempest-created-share-744270660", "description": "Tempest\'s share", "project_id": "19cab8604a04444c8cc861ec394b78ba", "snapshot_id": null, "share_network_id": null, "share_proto": "NFS", "metadata": {}, "share_type": "e173c8a7-6741-4dd6-bdbf-351ac010e0bd", "volume_type": 
    "tempest-typeshare-type-735537490", "links": [{"rel": "self", "href": "http://10.132.46.216/share/v2/19cab8604a04444c8cc861ec394b78ba/shares/0c6aa64c-08a2-446e-a595-b5bcfb7ed1ef"}, {"rel": "bookmark", "href": "http://10.132.46.216/share/19cab8604a04444c8cc861ec394b78ba/shares/0c6aa64c-08a2-446e-a595-b5bcfb7ed1ef"}], "is_public": false, "snapshot_support": false, "task_state": null, "share_type_name": "tempest-typeshare-type-735537490", "access_rules_status": "active", "replication_type": null, "has_replicas": false, "user_id": "81536357e21f40048319bea3ef503a75", "create_share_from_snapshot_support": false, "revert_to_snapshot_support": false, "share_group_id": null, "source_share_group_snapshot_member_id": null, "mount_snapshot_support": false, "progress": null, "is_soft_deleted": false, "scheduled_to_be_deleted_at": null, "source_backup_id": null, "encryption_key_ref": null}}'
2026-02-05 11:44:35,771 168292 INFO     [tempest.lib.common.rest_client] Request (SharesNFSTest:test_create_get_delete_share): 200 GET http://10.132.46.216/share/v2/19cab8604a04444c8cc861ec394b78ba/shares/0c6aa64c-08a2-446e-a595-b5bcfb7ed1ef 0.030s
2026-02-05 11:44:35,772 168292 DEBUG    [tempest.lib.common.rest_client] Request - Headers: {'Content-Type': 'application/json', 'Accept': 'application/json', 'x-openstack-manila-api-version': '2.90', 'X-Auth-Token': '<omitted>'}
        Body: None
    Response - Headers: {'date': 'Thu, 05 Feb 2026 11:44:35 GMT', 'server': 'Apache/2.4.58 (Ubuntu)', 'content-type': 'application/json', 'content-length': '1336', 'x-compute-request-id': 'req-8bcbcac6-6547-45a2-87ad-1c627461426e', 'x-openstack-manila-api-version': '2.90', 'vary': 'X-OpenStack-Manila-API-Version', 'x-openstack-request-id': 'req-8bcbcac6-6547-45a2-87ad-1c627461426e', 'connection': 'close', 'status': '200', 'content-location': 'http://10.132.46.216/share/v2/19cab8604a04444c8cc861ec394b78ba/shares/0c6aa64c-08a2-446e-a595-b5bcfb7ed1ef'}
        Body: b'{"share": {"id": "0c6aa64c-08a2-446e-a595-b5bcfb7ed1ef", "size": 1, "availability_zone": null, "created_at": "2026-02-05T11:44:32.557201", "status": "error", "name": "tempest-tempest-created-share-744270660", "description": "Tempest\'s share", "project_id": "19cab8604a04444c8cc861ec394b78ba", "snapshot_id": null, "share_network_id": null, "share_proto": "NFS", "metadata": {}, "share_type": "e173c8a7-6741-4dd6-bdbf-351ac010e0bd", "volume_type": "tempest-typeshare-type-735537490", "links": [{"rel": "self", "href": "http://10.132.46.216/share/v2/19cab8604a04444c8cc861ec394b78ba/shares/0c6aa64c-08a2-446e-a595-b5bcfb7ed1ef"}, {"rel": "bookmark", "href": "http://10.132.46.216/share/19cab8604a04444c8cc861ec394b78ba/shares/0c6aa64c-08a2-446e-a595-b5bcfb7ed1ef"}], "is_public": false, "snapshot_support": false, "task_state": null, "share_type_name": "tempest-typeshare-type-735537490", "access_rules_status": "active", "replication_type": null, "has_replicas": false, "user_id": "81536357e21f40048319bea3ef503a75", "create_share_from_snapshot_support": false, "revert_to_snapshot_support": false, "share_group_id": null, "source_share_group_snapshot_member_id": null, "mount_snapshot_support": false, "progress": null, "is_soft_deleted": false, "scheduled_to_be_deleted_at": null, "source_backup_id": null, "encryption_key_ref": null}}'


setUpClass (manila_tempest_tests.tests.api.******.test_shares_actions.SharesActionsAdminTest)
--------------------------------------------------------------------------------------------

Captured traceback:
~~~~~~~~~~~~~~~~~~~
    Traceback (most recent call last):

      File "/opt/stack/tempest/tempest/test.py", line 185, in setUpClass
    raise value.with_traceback(trace)

      File "/opt/stack/tempest/tempest/test.py", line 178, in setUpClass
    cls.resource_setup()

      File "/opt/stack/tempest/manila-tempest-plugin/manila_tempest_tests/tests/api/******/test_shares_actions.py", line 55, in resource_setup
    cls.shares.append(cls.create_share(
                      ^^^^^^^^^^^^^^^^^

      File "/opt/stack/tempest/manila-tempest-plugin/manila_tempest_tests/tests/api/base.py", line 411, in create_share
    result = cls.create_shares([{"args": args, "kwargs": kwargs}])
             ^^^^^^^^^^^^^^^^^^^^^^^^^^^^^^^^^^^^^^^^^^^^^^^^^^^^^

      File "/opt/stack/tempest/manila-tempest-plugin/manila_tempest_tests/tests/api/base.py", line 469, in create_shares
    waiters.wait_for_resource_status(

      File "/opt/stack/tempest/manila-tempest-plugin/manila_tempest_tests/common/waiters.py", line 109, in wait_for_resource_status
    raise resource_exception(resource_id=resource_id)

    manila_tempest_tests.share_exceptions.ShareBuildErrorException: Share dd8a698b-1972-4671-9b05-9cd5a63287bb failed to build and is in ERROR status


setUpClass (manila_tempest_tests.tests.api.test_shares_actions.SharesActionsTest)
---------------------------------------------------------------------------------

Captured traceback:
~~~~~~~~~~~~~~~~~~~
    Traceback (most recent call last):

      File "/opt/stack/tempest/tempest/test.py", line 185, in setUpClass
    raise value.with_traceback(trace)

      File "/opt/stack/tempest/tempest/test.py", line 178, in setUpClass
    cls.resource_setup()

      File "/opt/stack/tempest/manila-tempest-plugin/manila_tempest_tests/tests/api/test_shares_actions.py", line 58, in resource_setup
    cls.shares.append(cls.create_share(
                      ^^^^^^^^^^^^^^^^^

      File "/opt/stack/tempest/manila-tempest-plugin/manila_tempest_tests/tests/api/base.py", line 411, in create_share
    result = cls.create_shares([{"args": args, "kwargs": kwargs}])
             ^^^^^^^^^^^^^^^^^^^^^^^^^^^^^^^^^^^^^^^^^^^^^^^^^^^^^

      File "/opt/stack/tempest/manila-tempest-plugin/manila_tempest_tests/tests/api/base.py", line 469, in create_shares
    waiters.wait_for_resource_status(

      File "/opt/stack/tempest/manila-tempest-plugin/manila_tempest_tests/common/waiters.py", line 109, in wait_for_resource_status
    raise resource_exception(resource_id=resource_id)

    manila_tempest_tests.share_exceptions.ShareBuildErrorException: Share 09c37e50-0cf8-44f2-9f13-d2a7bcc257bb failed to build and is in ERROR status


manila_tempest_tests.tests.api.test_share_type_availability_zones.ShareTypeAvailabilityZonesTest.test_share_type_azs_old_version_api_ignores_spec[api_with_backend,id-00a3e4ab-00a5-4683-a773-166353a69f28,positive]
--------------------------------------------------------------------------------------------------------------------------------------------------------------------------------------------------------------------

Captured traceback:
~~~~~~~~~~~~~~~~~~~
    Traceback (most recent call last):

      File "/opt/stack/tempest/manila-tempest-plugin/manila_tempest_tests/tests/api/test_share_type_availability_zones.py", line 101, in test_share_type_azs_old_version_api_ignores_spec
    self.******_shares_v2_client.update_share_type_extra_spec(

      File "/opt/stack/tempest/manila-tempest-plugin/manila_tempest_tests/services/share/v2/json/shares_client.py", line 729, in update_share_type_extra_spec
    resp, body = self.put(uri, post_body, version=version)
                 ^^^^^^^^^^^^^^^^^^^^^^^^^^^^^^^^^^^^^^^^^

      File "/opt/stack/tempest/manila-tempest-plugin/manila_tempest_tests/services/share/v2/json/shares_client.py", line 100, in put
    resp, body = super(SharesV2Client, self).put(url, body,
                 ^^^^^^^^^^^^^^^^^^^^^^^^^^^^^^^^^^^^^^^^^^

      File "/opt/stack/tempest/tempest/lib/common/rest_client.py", line 392, in put
    return self.request('PUT', url, extra_headers, headers, body, chunked)
           ^^^^^^^^^^^^^^^^^^^^^^^^^^^^^^^^^^^^^^^^^^^^^^^^^^^^^^^^^^^^^^^

      File "/opt/stack/tempest/tempest/lib/common/rest_client.py", line 762, in request
    self._error_checker(resp, resp_body)

      File "/opt/stack/tempest/tempest/lib/common/rest_client.py", line 877, in _error_checker
    raise exceptions.BadRequest(resp_body, resp=resp)

    tempest.lib.exceptions.BadRequest: Bad request
Details: {'code': 400, 'message': 'Invalid extra_spec: availability_zones: '}


Captured pythonlogging:
~~~~~~~~~~~~~~~~~~~~~~~
    2026-02-05 11:44:52,818 168298 INFO     [tempest.lib.common.rest_client] Request (ShareTypeAvailabilityZonesTest:test_share_type_azs_old_version_api_ignores_spec): 400 PUT http://10.132.46.216/share/v2/a3af5ffdfe9349e787bdf6e64c0cd797/types/c12270e8-0fc0-4bdc-ad5a-a03352729b51/extra_specs/availability_zones 0.013s
2026-02-05 11:44:52,819 168298 DEBUG    [tempest.lib.common.rest_client] Request - Headers: {'Content-Type': 'application/json', 'Accept': 'application/json', 'x-openstack-manila-api-version': '2.90', 'X-Auth-Token': '<omitted>'}
        Body: {"availability_zones": ""}
    Response - Headers: {'date': 'Thu, 05 Feb 2026 11:44:52 GMT', 'server': 'Apache/2.4.58 (Ubuntu)', 'x-openstack-manila-api-version': '2.90', 'vary': 'X-OpenStack-Manila-API-Version', 'content-length': '84', 'content-type': 'application/json', 'x-compute-request-id': 'req-308251ad-5e10-41d8-94b5-1df97fa6da5d', 'x-openstack-request-id': 'req-308251ad-5e10-41d8-94b5-1df97fa6da5d', 'connection': 'close', 'status': '400', 'content-location': 'http://10.132.46.216/share/v2/a3af5ffdfe9349e787bdf6e64c0cd797/types/c12270e8-0fc0-4bdc-ad5a-a03352729b51/extra_specs/availability_zones'}
        Body: b'{"badRequest": {"code": 400, "message": "Invalid extra_spec: availability_zones: "}}'


manila_tempest_tests.tests.api.test_share_type_availability_zones.ShareTypeAvailabilityZonesTest.test_share_type_azs_share_groups_az_in_create_req_1_True[api_with_backend,id-fa5618ad-c452-41bd-8dc3-cc85abd6cee5,positive]
----------------------------------------------------------------------------------------------------------------------------------------------------------------------------------------------------------------------------

Captured traceback:
~~~~~~~~~~~~~~~~~~~
    Traceback (most recent call last):

      File "/usr/lib/python3/dist-packages/ddt.py", line 220, in wrapper
    return func(self, *args, **kwargs)
           ^^^^^^^^^^^^^^^^^^^^^^^^^^^

      File "/opt/stack/tempest/manila-tempest-plugin/manila_tempest_tests/tests/api/test_share_type_availability_zones.py", line 139, in test_share_type_azs_share_groups_az_in_create_req
    self.******_shares_v2_client.update_share_type_extra_spec(

      File "/opt/stack/tempest/manila-tempest-plugin/manila_tempest_tests/services/share/v2/json/shares_client.py", line 729, in update_share_type_extra_spec
    resp, body = self.put(uri, post_body, version=version)
                 ^^^^^^^^^^^^^^^^^^^^^^^^^^^^^^^^^^^^^^^^^

      File "/opt/stack/tempest/manila-tempest-plugin/manila_tempest_tests/services/share/v2/json/shares_client.py", line 100, in put
    resp, body = super(SharesV2Client, self).put(url, body,
                 ^^^^^^^^^^^^^^^^^^^^^^^^^^^^^^^^^^^^^^^^^^

      File "/opt/stack/tempest/tempest/lib/common/rest_client.py", line 392, in put
    return self.request('PUT', url, extra_headers, headers, body, chunked)
           ^^^^^^^^^^^^^^^^^^^^^^^^^^^^^^^^^^^^^^^^^^^^^^^^^^^^^^^^^^^^^^^

      File "/opt/stack/tempest/tempest/lib/common/rest_client.py", line 762, in request
    self._error_checker(resp, resp_body)

      File "/opt/stack/tempest/tempest/lib/common/rest_client.py", line 877, in _error_checker
    raise exceptions.BadRequest(resp_body, resp=resp)

    tempest.lib.exceptions.BadRequest: Bad request
Details: {'code': 400, 'message': 'Invalid extra_spec: availability_zones: '}


Captured pythonlogging:
~~~~~~~~~~~~~~~~~~~~~~~
    2026-02-05 11:44:52,840 168298 INFO     [tempest.lib.common.rest_client] Request (ShareTypeAvailabilityZonesTest:test_share_type_azs_share_groups_az_in_create_req): 400 PUT http://10.132.46.216/share/v2/a3af5ffdfe9349e787bdf6e64c0cd797/types/c12270e8-0fc0-4bdc-ad5a-a03352729b51/extra_specs/availability_zones 0.017s
2026-02-05 11:44:52,841 168298 DEBUG    [tempest.lib.common.rest_client] Request - Headers: {'Content-Type': 'application/json', 'Accept': 'application/json', 'x-openstack-manila-api-version': '2.90', 'X-Auth-Token': '<omitted>'}
        Body: {"availability_zones": ""}
    Response - Headers: {'date': 'Thu, 05 Feb 2026 11:44:52 GMT', 'server': 'Apache/2.4.58 (Ubuntu)', 'x-openstack-manila-api-version': '2.90', 'vary': 'X-OpenStack-Manila-API-Version', 'content-length': '84', 'content-type': 'application/json', 'x-compute-request-id': 'req-8da31572-edbe-4322-9da4-8e9d30bc90e8', 'x-openstack-request-id': 'req-8da31572-edbe-4322-9da4-8e9d30bc90e8', 'connection': 'close', 'status': '400', 'content-location': 'http://10.132.46.216/share/v2/a3af5ffdfe9349e787bdf6e64c0cd797/types/c12270e8-0fc0-4bdc-ad5a-a03352729b51/extra_specs/availability_zones'}
        Body: b'{"badRequest": {"code": 400, "message": "Invalid extra_spec: availability_zones: "}}'


manila_tempest_tests.tests.api.test_share_type_availability_zones.ShareTypeAvailabilityZonesTest.test_share_type_azs_share_groups_az_in_create_req_2_False[api_with_backend,id-fa5618ad-c452-41bd-8dc3-cc85abd6cee5,positive]
-----------------------------------------------------------------------------------------------------------------------------------------------------------------------------------------------------------------------------

Captured traceback:
~~~~~~~~~~~~~~~~~~~
    Traceback (most recent call last):

      File "/usr/lib/python3/dist-packages/ddt.py", line 220, in wrapper
    return func(self, *args, **kwargs)
           ^^^^^^^^^^^^^^^^^^^^^^^^^^^

      File "/opt/stack/tempest/manila-tempest-plugin/manila_tempest_tests/tests/api/test_share_type_availability_zones.py", line 139, in test_share_type_azs_share_groups_az_in_create_req
    self.******_shares_v2_client.update_share_type_extra_spec(

      File "/opt/stack/tempest/manila-tempest-plugin/manila_tempest_tests/services/share/v2/json/shares_client.py", line 729, in update_share_type_extra_spec
    resp, body = self.put(uri, post_body, version=version)
                 ^^^^^^^^^^^^^^^^^^^^^^^^^^^^^^^^^^^^^^^^^

      File "/opt/stack/tempest/manila-tempest-plugin/manila_tempest_tests/services/share/v2/json/shares_client.py", line 100, in put
    resp, body = super(SharesV2Client, self).put(url, body,
                 ^^^^^^^^^^^^^^^^^^^^^^^^^^^^^^^^^^^^^^^^^^

      File "/opt/stack/tempest/tempest/lib/common/rest_client.py", line 392, in put
    return self.request('PUT', url, extra_headers, headers, body, chunked)
           ^^^^^^^^^^^^^^^^^^^^^^^^^^^^^^^^^^^^^^^^^^^^^^^^^^^^^^^^^^^^^^^

      File "/opt/stack/tempest/tempest/lib/common/rest_client.py", line 762, in request
    self._error_checker(resp, resp_body)

      File "/opt/stack/tempest/tempest/lib/common/rest_client.py", line 877, in _error_checker
    raise exceptions.BadRequest(resp_body, resp=resp)

    tempest.lib.exceptions.BadRequest: Bad request
Details: {'code': 400, 'message': 'Invalid extra_spec: availability_zones: '}


Captured pythonlogging:
~~~~~~~~~~~~~~~~~~~~~~~
    2026-02-05 11:44:52,873 168298 INFO     [tempest.lib.common.rest_client] Request (ShareTypeAvailabilityZonesTest:test_share_type_azs_share_groups_az_in_create_req): 400 PUT http://10.132.46.216/share/v2/a3af5ffdfe9349e787bdf6e64c0cd797/types/c12270e8-0fc0-4bdc-ad5a-a03352729b51/extra_specs/availability_zones 0.017s
2026-02-05 11:44:52,873 168298 DEBUG    [tempest.lib.common.rest_client] Request - Headers: {'Content-Type': 'application/json', 'Accept': 'application/json', 'x-openstack-manila-api-version': '2.90', 'X-Auth-Token': '<omitted>'}
        Body: {"availability_zones": ""}
    Response - Headers: {'date': 'Thu, 05 Feb 2026 11:44:52 GMT', 'server': 'Apache/2.4.58 (Ubuntu)', 'x-openstack-manila-api-version': '2.90', 'vary': 'X-OpenStack-Manila-API-Version', 'content-length': '84', 'content-type': 'application/json', 'x-compute-request-id': 'req-38bf3fec-8a66-4044-9fb7-b09be1236b6a', 'x-openstack-request-id': 'req-38bf3fec-8a66-4044-9fb7-b09be1236b6a', 'connection': 'close', 'status': '400', 'content-location': 'http://10.132.46.216/share/v2/a3af5ffdfe9349e787bdf6e64c0cd797/types/c12270e8-0fc0-4bdc-ad5a-a03352729b51/extra_specs/availability_zones'}
        Body: b'{"badRequest": {"code": 400, "message": "Invalid extra_spec: availability_zones: "}}'


manila_tempest_tests.tests.api.test_share_type_availability_zones.ShareTypeAvailabilityZonesTest.test_share_type_azs_shares_az_in_create_req_1_True[api_with_backend,id-3399c706-5dcb-41b2-9701-4550bf4f81cb,positive]
----------------------------------------------------------------------------------------------------------------------------------------------------------------------------------------------------------------------

Captured traceback:
~~~~~~~~~~~~~~~~~~~
    Traceback (most recent call last):

      File "/usr/lib/python3/dist-packages/ddt.py", line 220, in wrapper
    return func(self, *args, **kwargs)
           ^^^^^^^^^^^^^^^^^^^^^^^^^^^

      File "/opt/stack/tempest/manila-tempest-plugin/manila_tempest_tests/tests/api/test_share_type_availability_zones.py", line 121, in test_share_type_azs_shares_az_in_create_req
    self.******_shares_v2_client.update_share_type_extra_spec(

      File "/opt/stack/tempest/manila-tempest-plugin/manila_tempest_tests/services/share/v2/json/shares_client.py", line 729, in update_share_type_extra_spec
    resp, body = self.put(uri, post_body, version=version)
                 ^^^^^^^^^^^^^^^^^^^^^^^^^^^^^^^^^^^^^^^^^

      File "/opt/stack/tempest/manila-tempest-plugin/manila_tempest_tests/services/share/v2/json/shares_client.py", line 100, in put
    resp, body = super(SharesV2Client, self).put(url, body,
                 ^^^^^^^^^^^^^^^^^^^^^^^^^^^^^^^^^^^^^^^^^^

      File "/opt/stack/tempest/tempest/lib/common/rest_client.py", line 392, in put
    return self.request('PUT', url, extra_headers, headers, body, chunked)
           ^^^^^^^^^^^^^^^^^^^^^^^^^^^^^^^^^^^^^^^^^^^^^^^^^^^^^^^^^^^^^^^

      File "/opt/stack/tempest/tempest/lib/common/rest_client.py", line 762, in request
    self._error_checker(resp, resp_body)

      File "/opt/stack/tempest/tempest/lib/common/rest_client.py", line 877, in _error_checker
    raise exceptions.BadRequest(resp_body, resp=resp)

    tempest.lib.exceptions.BadRequest: Bad request
Details: {'code': 400, 'message': 'Invalid extra_spec: availability_zones: '}


Captured pythonlogging:
~~~~~~~~~~~~~~~~~~~~~~~
    2026-02-05 11:44:52,889 168298 INFO     [tempest.lib.common.rest_client] Request (ShareTypeAvailabilityZonesTest:test_share_type_azs_shares_az_in_create_req): 400 PUT http://10.132.46.216/share/v2/a3af5ffdfe9349e787bdf6e64c0cd797/types/c12270e8-0fc0-4bdc-ad5a-a03352729b51/extra_specs/availability_zones 0.013s
2026-02-05 11:44:52,889 168298 DEBUG    [tempest.lib.common.rest_client] Request - Headers: {'Content-Type': 'application/json', 'Accept': 'application/json', 'x-openstack-manila-api-version': '2.90', 'X-Auth-Token': '<omitted>'}
        Body: {"availability_zones": ""}
    Response - Headers: {'date': 'Thu, 05 Feb 2026 11:44:52 GMT', 'server': 'Apache/2.4.58 (Ubuntu)', 'x-openstack-manila-api-version': '2.90', 'vary': 'X-OpenStack-Manila-API-Version', 'content-length': '84', 'content-type': 'application/json', 'x-compute-request-id': 'req-11640ee3-fa32-406a-b23b-607cfca82255', 'x-openstack-request-id': 'req-11640ee3-fa32-406a-b23b-607cfca82255', 'connection': 'close', 'status': '400', 'content-location': 'http://10.132.46.216/share/v2/a3af5ffdfe9349e787bdf6e64c0cd797/types/c12270e8-0fc0-4bdc-ad5a-a03352729b51/extra_specs/availability_zones'}
        Body: b'{"badRequest": {"code": 400, "message": "Invalid extra_spec: availability_zones: "}}'


manila_tempest_tests.tests.api.test_share_type_availability_zones.ShareTypeAvailabilityZonesTest.test_share_type_azs_shares_az_in_create_req_2_False[api_with_backend,id-3399c706-5dcb-41b2-9701-4550bf4f81cb,positive]
-----------------------------------------------------------------------------------------------------------------------------------------------------------------------------------------------------------------------

Captured traceback:
~~~~~~~~~~~~~~~~~~~
    Traceback (most recent call last):

      File "/usr/lib/python3/dist-packages/ddt.py", line 220, in wrapper
    return func(self, *args, **kwargs)
           ^^^^^^^^^^^^^^^^^^^^^^^^^^^

      File "/opt/stack/tempest/manila-tempest-plugin/manila_tempest_tests/tests/api/test_share_type_availability_zones.py", line 121, in test_share_type_azs_shares_az_in_create_req
    self.******_shares_v2_client.update_share_type_extra_spec(

      File "/opt/stack/tempest/manila-tempest-plugin/manila_tempest_tests/services/share/v2/json/shares_client.py", line 729, in update_share_type_extra_spec
    resp, body = self.put(uri, post_body, version=version)
                 ^^^^^^^^^^^^^^^^^^^^^^^^^^^^^^^^^^^^^^^^^

      File "/opt/stack/tempest/manila-tempest-plugin/manila_tempest_tests/services/share/v2/json/shares_client.py", line 100, in put
    resp, body = super(SharesV2Client, self).put(url, body,
                 ^^^^^^^^^^^^^^^^^^^^^^^^^^^^^^^^^^^^^^^^^^

      File "/opt/stack/tempest/tempest/lib/common/rest_client.py", line 392, in put
    return self.request('PUT', url, extra_headers, headers, body, chunked)
           ^^^^^^^^^^^^^^^^^^^^^^^^^^^^^^^^^^^^^^^^^^^^^^^^^^^^^^^^^^^^^^^

      File "/opt/stack/tempest/tempest/lib/common/rest_client.py", line 762, in request
    self._error_checker(resp, resp_body)

      File "/opt/stack/tempest/tempest/lib/common/rest_client.py", line 877, in _error_checker
    raise exceptions.BadRequest(resp_body, resp=resp)

    tempest.lib.exceptions.BadRequest: Bad request
Details: {'code': 400, 'message': 'Invalid extra_spec: availability_zones: '}


Captured pythonlogging:
~~~~~~~~~~~~~~~~~~~~~~~
    2026-02-05 11:44:52,907 168298 INFO     [tempest.lib.common.rest_client] Request (ShareTypeAvailabilityZonesTest:test_share_type_azs_shares_az_in_create_req): 400 PUT http://10.132.46.216/share/v2/a3af5ffdfe9349e787bdf6e64c0cd797/types/c12270e8-0fc0-4bdc-ad5a-a03352729b51/extra_specs/availability_zones 0.014s
2026-02-05 11:44:52,908 168298 DEBUG    [tempest.lib.common.rest_client] Request - Headers: {'Content-Type': 'application/json', 'Accept': 'application/json', 'x-openstack-manila-api-version': '2.90', 'X-Auth-Token': '<omitted>'}
        Body: {"availability_zones": ""}
    Response - Headers: {'date': 'Thu, 05 Feb 2026 11:44:52 GMT', 'server': 'Apache/2.4.58 (Ubuntu)', 'x-openstack-manila-api-version': '2.90', 'vary': 'X-OpenStack-Manila-API-Version', 'content-length': '84', 'content-type': 'application/json', 'x-compute-request-id': 'req-09830448-ea1e-4545-96b8-7b74acecb59d', 'x-openstack-request-id': 'req-09830448-ea1e-4545-96b8-7b74acecb59d', 'connection': 'close', 'status': '400', 'content-location': 'http://10.132.46.216/share/v2/a3af5ffdfe9349e787bdf6e64c0cd797/types/c12270e8-0fc0-4bdc-ad5a-a03352729b51/extra_specs/availability_zones'}
        Body: b'{"badRequest": {"code": 400, "message": "Invalid extra_spec: availability_zones: "}}'


setUpClass (manila_tempest_tests.tests.api.test_shares_actions.SharesRenameTest)
--------------------------------------------------------------------------------

Captured traceback:
~~~~~~~~~~~~~~~~~~~
    Traceback (most recent call last):

      File "/opt/stack/tempest/tempest/test.py", line 185, in setUpClass
    raise value.with_traceback(trace)

      File "/opt/stack/tempest/tempest/test.py", line 178, in setUpClass
    cls.resource_setup()

      File "/opt/stack/tempest/manila-tempest-plugin/manila_tempest_tests/tests/api/test_shares_actions.py", line 759, in resource_setup
    cls.share = cls.create_share(
                ^^^^^^^^^^^^^^^^^

      File "/opt/stack/tempest/manila-tempest-plugin/manila_tempest_tests/tests/api/base.py", line 411, in create_share
    result = cls.create_shares([{"args": args, "kwargs": kwargs}])
             ^^^^^^^^^^^^^^^^^^^^^^^^^^^^^^^^^^^^^^^^^^^^^^^^^^^^^

      File "/opt/stack/tempest/manila-tempest-plugin/manila_tempest_tests/tests/api/base.py", line 469, in create_shares
    waiters.wait_for_resource_status(

      File "/opt/stack/tempest/manila-tempest-plugin/manila_tempest_tests/common/waiters.py", line 109, in wait_for_resource_status
    raise resource_exception(resource_id=resource_id)

    manila_tempest_tests.share_exceptions.ShareBuildErrorException: Share 7d84d5df-8799-4284-9bd0-de7ecd24b19d failed to build and is in ERROR status


manila_tempest_tests.tests.api.test_share_type_availability_zones_negative.ShareTypeAvailabilityZonesNegativeTest.test_share_type_azs_filter_by_invalid_azs_extra_spec[api,id-78f1afba-6087-415c-aaa1-a880ae341bfc,negative]
----------------------------------------------------------------------------------------------------------------------------------------------------------------------------------------------------------------------------

Captured traceback:
~~~~~~~~~~~~~~~~~~~
    Traceback (most recent call last):

      File "/opt/stack/tempest/manila-tempest-plugin/manila_tempest_tests/tests/api/test_share_type_availability_zones_negative.py", line 64, in test_share_type_azs_filter_by_invalid_azs_extra_spec
    self.******_shares_v2_client.update_share_type_extra_spec(

      File "/opt/stack/tempest/manila-tempest-plugin/manila_tempest_tests/services/share/v2/json/shares_client.py", line 729, in update_share_type_extra_spec
    resp, body = self.put(uri, post_body, version=version)
                 ^^^^^^^^^^^^^^^^^^^^^^^^^^^^^^^^^^^^^^^^^

      File "/opt/stack/tempest/manila-tempest-plugin/manila_tempest_tests/services/share/v2/json/shares_client.py", line 100, in put
    resp, body = super(SharesV2Client, self).put(url, body,
                 ^^^^^^^^^^^^^^^^^^^^^^^^^^^^^^^^^^^^^^^^^^

      File "/opt/stack/tempest/tempest/lib/common/rest_client.py", line 392, in put
    return self.request('PUT', url, extra_headers, headers, body, chunked)
           ^^^^^^^^^^^^^^^^^^^^^^^^^^^^^^^^^^^^^^^^^^^^^^^^^^^^^^^^^^^^^^^

      File "/opt/stack/tempest/tempest/lib/common/rest_client.py", line 762, in request
    self._error_checker(resp, resp_body)

      File "/opt/stack/tempest/tempest/lib/common/rest_client.py", line 877, in _error_checker
    raise exceptions.BadRequest(resp_body, resp=resp)

    tempest.lib.exceptions.BadRequest: Bad request
Details: {'code': 400, 'message': 'Invalid extra_spec: availability_zones: '}


Captured pythonlogging:
~~~~~~~~~~~~~~~~~~~~~~~
    2026-02-05 11:44:57,787 168298 INFO     [tempest.lib.common.rest_client] Request (ShareTypeAvailabilityZonesNegativeTest:test_share_type_azs_filter_by_invalid_azs_extra_spec): 400 PUT http://10.132.46.216/share/v2/7efc5fd760844f66b1be72ff283392f8/types/99755497-034a-4a42-82da-b25aa2c33d70/extra_specs/availability_zones 0.014s
2026-02-05 11:44:57,788 168298 DEBUG    [tempest.lib.common.rest_client] Request - Headers: {'Content-Type': 'application/json', 'Accept': 'application/json', 'x-openstack-manila-api-version': '2.90', 'X-Auth-Token': '<omitted>'}
        Body: {"availability_zones": ""}
    Response - Headers: {'date': 'Thu, 05 Feb 2026 11:44:57 GMT', 'server': 'Apache/2.4.58 (Ubuntu)', 'x-openstack-manila-api-version': '2.90', 'vary': 'X-OpenStack-Manila-API-Version', 'content-length': '84', 'content-type': 'application/json', 'x-compute-request-id': 'req-b134c198-cf0a-4e98-b43a-a775cfc1b2c7', 'x-openstack-request-id': 'req-b134c198-cf0a-4e98-b43a-a775cfc1b2c7', 'connection': 'close', 'status': '400', 'content-location': 'http://10.132.46.216/share/v2/7efc5fd760844f66b1be72ff283392f8/types/99755497-034a-4a42-82da-b25aa2c33d70/extra_specs/availability_zones'}
        Body: b'{"badRequest": {"code": 400, "message": "Invalid extra_spec: availability_zones: "}}'


manila_tempest_tests.tests.api.test_share_type_availability_zones_negative.ShareTypeAvailabilityZonesNegativeTest.test_share_type_azs_share_groups_unsupported[api,id-5712abae-52a5-46ec-8850-46e732b18b06,negative]
--------------------------------------------------------------------------------------------------------------------------------------------------------------------------------------------------------------------

Captured traceback:
~~~~~~~~~~~~~~~~~~~
    Traceback (most recent call last):

      File "/opt/stack/tempest/manila-tempest-plugin/manila_tempest_tests/tests/api/test_share_type_availability_zones_negative.py", line 100, in test_share_type_azs_share_groups_unsupported
    availability_zone=self.valid_azs[0],
                      ~~~~~~~~~~~~~~^^^

    IndexError: list index out of range


Captured pythonlogging:
~~~~~~~~~~~~~~~~~~~~~~~
    2026-02-05 11:44:57,814 168298 INFO     [tempest.lib.common.rest_client] Request (ShareTypeAvailabilityZonesNegativeTest:test_share_type_azs_share_groups_unsupported): 200 PUT http://10.132.46.216/share/v2/7efc5fd760844f66b1be72ff283392f8/types/99755497-034a-4a42-82da-b25aa2c33d70/extra_specs/availability_zones 0.022s
2026-02-05 11:44:57,814 168298 DEBUG    [tempest.lib.common.rest_client] Request - Headers: {'Content-Type': 'application/json', 'Accept': 'application/json', 'x-openstack-manila-api-version': '2.90', 'X-Auth-Token': '<omitted>'}
        Body: {"availability_zones": "az_that_doesnt_exist"}
    Response - Headers: {'date': 'Thu, 05 Feb 2026 11:44:57 GMT', 'server': 'Apache/2.4.58 (Ubuntu)', 'content-type': 'application/json', 'content-length': '46', 'x-compute-request-id': 'req-85732352-d397-43f4-a6dc-0a401b95f0cc', 'x-openstack-manila-api-version': '2.90', 'vary': 'X-OpenStack-Manila-API-Version', 'x-openstack-request-id': 'req-85732352-d397-43f4-a6dc-0a401b95f0cc', 'connection': 'close', 'status': '200', 'content-location': 'http://10.132.46.216/share/v2/7efc5fd760844f66b1be72ff283392f8/types/99755497-034a-4a42-82da-b25aa2c33d70/extra_specs/availability_zones'}
        Body: b'{"availability_zones": "az_that_doesnt_exist"}'


manila_tempest_tests.tests.api.test_share_type_availability_zones_negative.ShareTypeAvailabilityZonesNegativeTest.test_share_type_azs_shares_unsupported_az[api,id-9285d7d5-cb40-462d-998c-891f0f934fdd,negative]
-----------------------------------------------------------------------------------------------------------------------------------------------------------------------------------------------------------------

Captured traceback:
~~~~~~~~~~~~~~~~~~~
    Traceback (most recent call last):

      File "/opt/stack/tempest/manila-tempest-plugin/manila_tempest_tests/tests/api/test_share_type_availability_zones_negative.py", line 88, in test_share_type_azs_shares_unsupported_az
    availability_zone=self.valid_azs[0],
                      ~~~~~~~~~~~~~~^^^

    IndexError: list index out of range


Captured pythonlogging:
~~~~~~~~~~~~~~~~~~~~~~~
    2026-02-05 11:44:57,835 168298 INFO     [tempest.lib.common.rest_client] Request (ShareTypeAvailabilityZonesNegativeTest:test_share_type_azs_shares_unsupported_az): 200 PUT http://10.132.46.216/share/v2/7efc5fd760844f66b1be72ff283392f8/types/99755497-034a-4a42-82da-b25aa2c33d70/extra_specs/availability_zones 0.017s
2026-02-05 11:44:57,835 168298 DEBUG    [tempest.lib.common.rest_client] Request - Headers: {'Content-Type': 'application/json', 'Accept': 'application/json', 'x-openstack-manila-api-version': '2.90', 'X-Auth-Token': '<omitted>'}
        Body: {"availability_zones": "az_that_doesnt_exist"}
    Response - Headers: {'date': 'Thu, 05 Feb 2026 11:44:57 GMT', 'server': 'Apache/2.4.58 (Ubuntu)', 'content-type': 'application/json', 'content-length': '46', 'x-compute-request-id': 'req-70bfa260-3c06-4b68-8f9c-7969c04ea23e', 'x-openstack-manila-api-version': '2.90', 'vary': 'X-OpenStack-Manila-API-Version', 'x-openstack-request-id': 'req-70bfa260-3c06-4b68-8f9c-7969c04ea23e', 'connection': 'close', 'status': '200', 'content-location': 'http://10.132.46.216/share/v2/7efc5fd760844f66b1be72ff283392f8/types/99755497-034a-4a42-82da-b25aa2c33d70/extra_specs/availability_zones'}
        Body: b'{"availability_zones": "az_that_doesnt_exist"}'


setUpClass (manila_tempest_tests.tests.api.test_shares_actions_negative.SharesActionsNegativeTest)
--------------------------------------------------------------------------------------------------

Captured traceback:
~~~~~~~~~~~~~~~~~~~
    Traceback (most recent call last):

      File "/opt/stack/tempest/tempest/test.py", line 185, in setUpClass
    raise value.with_traceback(trace)

      File "/opt/stack/tempest/tempest/test.py", line 178, in setUpClass
    cls.resource_setup()

      File "/opt/stack/tempest/manila-tempest-plugin/manila_tempest_tests/tests/api/test_shares_actions_negative.py", line 47, in resource_setup
    cls.share = cls.create_share(
                ^^^^^^^^^^^^^^^^^

      File "/opt/stack/tempest/manila-tempest-plugin/manila_tempest_tests/tests/api/base.py", line 411, in create_share
    result = cls.create_shares([{"args": args, "kwargs": kwargs}])
             ^^^^^^^^^^^^^^^^^^^^^^^^^^^^^^^^^^^^^^^^^^^^^^^^^^^^^

      File "/opt/stack/tempest/manila-tempest-plugin/manila_tempest_tests/tests/api/base.py", line 469, in create_shares
    waiters.wait_for_resource_status(

      File "/opt/stack/tempest/manila-tempest-plugin/manila_tempest_tests/common/waiters.py", line 109, in wait_for_resource_status
    raise resource_exception(resource_id=resource_id)

    manila_tempest_tests.share_exceptions.ShareBuildErrorException: Share 9e69d03c-7627-49e3-94e0-a51cc356fb61 failed to build and is in ERROR status


setUpClass (manila_tempest_tests.tests.api.test_rules.ShareRulesTest)
---------------------------------------------------------------------

Captured traceback:
~~~~~~~~~~~~~~~~~~~
    Traceback (most recent call last):

      File "/opt/stack/tempest/tempest/test.py", line 185, in setUpClass
    raise value.with_traceback(trace)

      File "/opt/stack/tempest/tempest/test.py", line 178, in setUpClass
    cls.resource_setup()

      File "/opt/stack/tempest/manila-tempest-plugin/manila_tempest_tests/tests/api/test_rules.py", line 476, in resource_setup
    cls.share = cls.create_share(share_type_id=cls.share_type_id)
                ^^^^^^^^^^^^^^^^^^^^^^^^^^^^^^^^^^^^^^^^^^^^^^^^^

      File "/opt/stack/tempest/manila-tempest-plugin/manila_tempest_tests/tests/api/base.py", line 411, in create_share
    result = cls.create_shares([{"args": args, "kwargs": kwargs}])
             ^^^^^^^^^^^^^^^^^^^^^^^^^^^^^^^^^^^^^^^^^^^^^^^^^^^^^

      File "/opt/stack/tempest/manila-tempest-plugin/manila_tempest_tests/tests/api/base.py", line 469, in create_shares
    waiters.wait_for_resource_status(

      File "/opt/stack/tempest/manila-tempest-plugin/manila_tempest_tests/common/waiters.py", line 109, in wait_for_resource_status
    raise resource_exception(resource_id=resource_id)

    manila_tempest_tests.share_exceptions.ShareBuildErrorException: Share 45aa9387-78b3-4520-9862-7400c9c37882 failed to build and is in ERROR status


setUpClass (manila_tempest_tests.tests.api.test_rules_negative.ShareIpRulesForNFSNegativeTest)
----------------------------------------------------------------------------------------------

Captured traceback:
~~~~~~~~~~~~~~~~~~~
    Traceback (most recent call last):

      File "/opt/stack/tempest/tempest/test.py", line 185, in setUpClass
    raise value.with_traceback(trace)

      File "/opt/stack/tempest/tempest/test.py", line 178, in setUpClass
    cls.resource_setup()

      File "/opt/stack/tempest/manila-tempest-plugin/manila_tempest_tests/tests/api/test_rules_negative.py", line 58, in resource_setup
    cls.share = cls.create_share(cls.protocol,
                ^^^^^^^^^^^^^^^^^^^^^^^^^^^^^^

      File "/opt/stack/tempest/manila-tempest-plugin/manila_tempest_tests/tests/api/base.py", line 411, in create_share
    result = cls.create_shares([{"args": args, "kwargs": kwargs}])
             ^^^^^^^^^^^^^^^^^^^^^^^^^^^^^^^^^^^^^^^^^^^^^^^^^^^^^

      File "/opt/stack/tempest/manila-tempest-plugin/manila_tempest_tests/tests/api/base.py", line 469, in create_shares
    waiters.wait_for_resource_status(

      File "/opt/stack/tempest/manila-tempest-plugin/manila_tempest_tests/common/waiters.py", line 109, in wait_for_resource_status
    raise resource_exception(resource_id=resource_id)

    manila_tempest_tests.share_exceptions.ShareBuildErrorException: Share c25ecf49-da68-4038-9ab6-6366933e019a failed to build and is in ERROR status


setUpClass (manila_tempest_tests.tests.api.test_rules_negative.ShareRulesNegativeTest)
--------------------------------------------------------------------------------------

Captured traceback:
~~~~~~~~~~~~~~~~~~~
    Traceback (most recent call last):

      File "/opt/stack/tempest/tempest/test.py", line 185, in setUpClass
    raise value.with_traceback(trace)

      File "/opt/stack/tempest/tempest/test.py", line 178, in setUpClass
    cls.resource_setup()

      File "/opt/stack/tempest/manila-tempest-plugin/manila_tempest_tests/tests/api/test_rules_negative.py", line 612, in resource_setup
    cls.share = cls.create_share(share_type_id=cls.share_type_id)
                ^^^^^^^^^^^^^^^^^^^^^^^^^^^^^^^^^^^^^^^^^^^^^^^^^

      File "/opt/stack/tempest/manila-tempest-plugin/manila_tempest_tests/tests/api/base.py", line 411, in create_share
    result = cls.create_shares([{"args": args, "kwargs": kwargs}])
             ^^^^^^^^^^^^^^^^^^^^^^^^^^^^^^^^^^^^^^^^^^^^^^^^^^^^^

      File "/opt/stack/tempest/manila-tempest-plugin/manila_tempest_tests/tests/api/base.py", line 469, in create_shares
    waiters.wait_for_resource_status(

      File "/opt/stack/tempest/manila-tempest-plugin/manila_tempest_tests/common/waiters.py", line 109, in wait_for_resource_status
    raise resource_exception(resource_id=resource_id)

    manila_tempest_tests.share_exceptions.ShareBuildErrorException: Share 429bfea0-6f60-4ab9-a75a-991a7f317816 failed to build and is in ERROR status


manila_tempest_tests.tests.api.******.test_user_messages.UserMessageTest.test_show_message[api,id-a92971c5-a72a-4de2-8e9b-dc612b798a7a,positive]
-----------------------------------------------------------------------------------------------------------------------------------------------

Captured traceback:
~~~~~~~~~~~~~~~~~~~
    Traceback (most recent call last):

      File "/opt/stack/tempest/manila-tempest-plugin/manila_tempest_tests/tests/api/******/test_user_messages.py", line 102, in test_show_message
    self.assertEqual('001', message['action_id'])

      File "/usr/lib/python3/dist-packages/testtools/testcase.py", line 395, in assertEqual
    self.assertThat(observed, matcher, message)

      File "/usr/lib/python3/dist-packages/testtools/testcase.py", line 482, in assertThat
    raise mismatch_error

    testtools.matchers._impl.MismatchError: '001' != '002'


Captured pythonlogging:
~~~~~~~~~~~~~~~~~~~~~~~
    2026-02-05 11:45:44,819 168296 INFO     [tempest.lib.common.rest_client] Request (UserMessageTest:setUp): 200 POST http://10.132.46.216/share/v2/bef00f246a6b40c18353764bf15a42f5/types 0.022s
2026-02-05 11:45:44,820 168296 DEBUG    [tempest.lib.common.rest_client] Request - Headers: {'Content-Type': 'application/json', 'Accept': 'application/json', 'x-openstack-manila-api-version': '2.90', 'X-Auth-Token': '<omitted>'}
        Body: {"share_type": {"name": "tempest-share-type-1736857653", "extra_specs": {"driver_handles_share_servers": false, "vendor_name": "foobar"}, "share_type_access:is_public": true}}
    Response - Headers: {'date': 'Thu, 05 Feb 2026 11:45:44 GMT', 'server': 'Apache/2.4.58 (Ubuntu)', 'content-type': 'application/json', 'content-length': '661', 'x-compute-request-id': 'req-bef21949-6793-4c9f-894c-88c67344124c', 'x-openstack-manila-api-version': '2.90', 'vary': 'X-OpenStack-Manila-API-Version', 'x-openstack-request-id': 'req-bef21949-6793-4c9f-894c-88c67344124c', 'connection': 'close', 'status': '200', 'content-location': 'http://10.132.46.216/share/v2/bef00f246a6b40c18353764bf15a42f5/types'}
        Body: b'{"volume_type": {"id": "0a7b0789-f9b1-431c-8b96-ea06d15db600", "name": "tempest-share-type-1736857653", "extra_specs": {"driver_handles_share_servers": "False", "vendor_name": "foobar"}, "required_extra_specs": {"driver_handles_share_servers": false}, "share_type_access:is_public": true, "description": null, "is_default": false}, "share_type": {"id": "0a7b0789-f9b1-431c-8b96-ea06d15db600", "name": "tempest-share-type-1736857653", "extra_specs": {"driver_handles_share_servers": "False", "vendor_name": "foobar"}, "required_extra_specs": {"driver_handles_share_servers": false}, "share_type_access:is_public": true, "description": null, "is_default": false}}'
2026-02-05 11:45:44,989 168296 INFO     [tempest.lib.common.rest_client] Request (UserMessageTest:setUp): 200 POST http://10.132.46.216/share/v2/bef00f246a6b40c18353764bf15a42f5/shares 0.168s
2026-02-05 11:45:44,989 168296 DEBUG    [tempest.lib.common.rest_client] Request - Headers: {'Content-Type': 'application/json', 'Accept': 'application/json', 'x-openstack-manila-api-version': '2.90', 'X-Auth-Token': '<omitted>'}
        Body: {"share": {"share_proto": "nfs", "description": "tempest-tempest-created-share-desc-1558578916", "snapshot_id": null, "name": "tempest-tempest-created-share-1021857289", "size": 1, "metadata": {}, "is_public": false, "share_type": "0a7b0789-f9b1-431c-8b96-ea06d15db600"}}
    Response - Headers: {'date': 'Thu, 05 Feb 2026 11:45:44 GMT', 'server': 'Apache/2.4.58 (Ubuntu)', 'content-type': 'application/json', 'content-length': '1401', 'x-compute-request-id': 'req-d860977b-18be-4c9c-bfd6-f9fde7323b29', 'x-openstack-manila-api-version': '2.90', 'vary': 'X-OpenStack-Manila-API-Version', 'x-openstack-request-id': 'req-d860977b-18be-4c9c-bfd6-f9fde7323b29', 'connection': 'close', 'status': '200', 'content-location': 'http://10.132.46.216/share/v2/bef00f246a6b40c18353764bf15a42f5/shares'}
        Body: b'{"share": {"id": "ea95163f-a676-40c1-927c-aa14a5aedde1", "size": 1, "availability_zone": null, "created_at": "2026-02-05T11:45:44.883792", "status": "creating", "name": "tempest-tempest-created-share-1021857289", "description": "tempest-tempest-created-share-desc-1558578916", "project_id": "bef00f246a6b40c18353764bf15a42f5", "snapshot_id": null, "share_network_id": null, "share_proto": "NFS", "metadata": {}, "share_type": "0a7b0789-f9b1-431c-8b96-ea06d15db600", "volume_type": "tempest-share-type-1736857653", "links": [{"rel": "self", "href": "http://10.132.46.216/share/v2/bef00f246a6b40c18353764bf15a42f5/shares/ea95163f-a676-40c1-927c-aa14a5aedde1"}, {"rel": "bookmark", "href": "http://10.132.46.216/share/bef00f246a6b40c18353764bf15a42f5/shares/ea95163f-a676-40c1-927c-aa14a5aedde1"}], "is_public": false, "snapshot_support": false, "task_state": null, "share_type_name": "tempest-share-type-1736857653", "access_rules_status": "active", "replication_type": null, "has_replicas": false, "user_id": "ab58629c92b64f7b844c06bfce660cb3", "c
    reate_share_from_snapshot_support": false, "revert_to_snapshot_support": false, "share_group_id": null, "source_share_group_snapshot_member_id": null, "mount_snapshot_support": false, "progress": null, "is_soft_deleted": false, "scheduled_to_be_deleted_at": null, "source_backup_id": null, "encryption_key_ref": null, "share_server_id": null, "host": ""}}'
2026-02-05 11:45:45,029 168296 INFO     [tempest.lib.common.rest_client] Request (UserMessageTest:setUp): 200 GET http://10.132.46.216/share/v2/bef00f246a6b40c18353764bf15a42f5/shares/ea95163f-a676-40c1-927c-aa14a5aedde1 0.039s
2026-02-05 11:45:45,029 168296 DEBUG    [tempest.lib.common.rest_client] Request - Headers: {'Content-Type': 'application/json', 'Accept': 'application/json', 'x-openstack-manila-api-version': '2.90', 'X-Auth-Token': '<omitted>'}
        Body: None
    Response - Headers: {'date': 'Thu, 05 Feb 2026 11:45:44 GMT', 'server': 'Apache/2.4.58 (Ubuntu)', 'content-type': 'application/json', 'content-length': '1401', 'x-compute-request-id': 'req-72a17607-fe99-41f3-a9f9-f47990f3687d', 'x-openstack-manila-api-version': '2.90', 'vary': 'X-OpenStack-Manila-API-Version', 'x-openstack-request-id': 'req-72a17607-fe99-41f3-a9f9-f47990f3687d', 'connection': 'close', 'status': '200', 'content-location': 'http://10.132.46.216/share/v2/bef00f246a6b40c18353764bf15a42f5/shares/ea95163f-a676-40c1-927c-aa14a5aedde1'}
        Body: b'{"share": {"id": "ea95163f-a676-40c1-927c-aa14a5aedde1", "size": 1, "availability_zone": null, "created_at": "2026-02-05T11:45:44.883792", "status": "creating", "name": "tempest-tempest-created-share-1021857289", "description": "tempest-tempest-created-share-desc-1558578916", "project_id": "bef00f246a6b40c18353764bf15a42f5", "snapshot_id": null, "share_network_id": null, "share_proto": "NFS", "metadata": {}, "share_type": "0a7b0789-f9b1-431c-8b96-ea06d15db600", "volume_type": "tempest-share-type-1736857653", "links": [{"rel": "self", "href": "http://10.132.46.216/share/v2/bef00f246a6b40c18353764bf15a42f5/shares/ea95163f-a676-40c1-927c-aa14a5aedde1"}, {"rel": "bookmark", "href": "http://10.132.46.216/share/bef00f246a6b40c18353764bf15a42f5/shares/ea95163f-a676-40c1-927c-aa14a5aedde1"}], "is_public": false, "snapshot_support": false, "task_state": null, "share_type_name": "tempest-share-type-1736857653", "access_rules_status": "active", "replication_type": null, "has_replicas": false, "user_id": "ab58629c92b64f7b844c06bfce660cb3", "create_share_from_snapshot_support": false, "revert_to_snapshot_support": false, "share_group_id": null, "source_share_group_snapshot_member_id": null, "mount_snapshot_support": false, "progress": null, "is_soft_deleted": false, "scheduled_to_be_deleted_at": null, "source_backup_id": null, "encryption_key_ref": null, "share_server_id": null, "host": ""}}'
2026-02-05 11:45:48,066 168296 INFO     [tempest.lib.common.rest_client] Request (UserMessageTest:setUp): 200 GET http://10.132.46.216/share/v2/bef00f246a6b40c18353764bf15a42f5/shares/ea95163f-a676-40c1-927c-aa14a5aedde1 0.036s
2026-02-05 11:45:48,067 168296 DEBUG    [tempest.lib.common.rest_client] Request - Headers: {'Content-Type': 'application/json', 'Accept': 'application/json', 'x-openstack-manila-api-version': '2.90', 'X-Auth-Token': '<omitted>'}
        Body: None
    Response - Headers: {'date': 'Thu, 05 Feb 2026 11:45:48 GMT', 'server': 'Apache/2.4.58 (Ubuntu)', 'content-type': 'application/json', 'content-length': '1398', 'x-compute-request-id': 'req-b945eec1-c36b-4cf4-a467-6445e173fad8', 'x-openstack-manila-api-version': '2.90', 'vary': 'X-OpenStack-Manila-API-Version', 'x-openstack-request-id': 'req-b945eec1-c36b-4cf4-a467-6445e173fad8', 'connection': 'close', 'status': '200', 'content-location': 'http://10.132.46.216/share/v2/bef00f246a6b40c18353764bf15a42f5/shares/ea95163f-a676-40c1-927c-aa14a5aedde1'}
        Body: b'{"share": {"id": "ea95163f-a676-40c1-927c-aa14a5aedde1", "size": 1, "availability_zone": null, "created_at": "2026-02-05T11:45:44.883792", "status": "error", "name": "tempest-tempest-created-share-1021857289", "description": "tempest-temp
    est-created-share-desc-1558578916", "project_id": "bef00f246a6b40c18353764bf15a42f5", "snapshot_id": null, "share_network_id": null, "share_proto": "NFS", "metadata": {}, "share_type": "0a7b0789-f9b1-431c-8b96-ea06d15db600", "volume_type": "tempest-share-type-1736857653", "links": [{"rel": "self", "href": "http://10.132.46.216/share/v2/bef00f246a6b40c18353764bf15a42f5/shares/ea95163f-a676-40c1-927c-aa14a5aedde1"}, {"rel": "bookmark", "href": "http://10.132.46.216/share/bef00f246a6b40c18353764bf15a42f5/shares/ea95163f-a676-40c1-927c-aa14a5aedde1"}], "is_public": false, "snapshot_support": false, "task_state": null, "share_type_name": "tempest-share-type-1736857653", "access_rules_status": "active", "replication_type": null, "has_replicas": false, "user_id": "ab58629c92b64f7b844c06bfce660cb3", "create_share_from_snapshot_support": false, "revert_to_snapshot_support": false, "share_group_id": null, "source_share_group_snapshot_member_id": null, "mount_snapshot_support": false, "progress": null, "is_soft_deleted": false, "scheduled_to_be_deleted_at": null, "source_backup_id": null, "encryption_key_ref": null, "share_server_id": null, "host": ""}}'
2026-02-05 11:45:51,105 168296 INFO     [tempest.lib.common.rest_client] Request (UserMessageTest:setUp): 200 GET http://10.132.46.216/share/v2/bef00f246a6b40c18353764bf15a42f5/messages 0.037s
2026-02-05 11:45:51,105 168296 DEBUG    [tempest.lib.common.rest_client] Request - Headers: {'Content-Type': 'application/json', 'Accept': 'application/json', 'x-openstack-manila-api-version': '2.90', 'X-Auth-Token': '<omitted>'}
        Body: None
    Response - Headers: {'date': 'Thu, 05 Feb 2026 11:45:51 GMT', 'server': 'Apache/2.4.58 (Ubuntu)', 'content-type': 'application/json', 'content-length': '41294', 'x-compute-request-id': 'req-c130c654-e749-4be4-8626-48ef40a97055', 'x-openstack-manila-api-version': '2.90', 'vary': 'X-OpenStack-Manila-API-Version', 'x-openstack-request-id': 'req-c130c654-e749-4be4-8626-48ef40a97055', 'connection': 'close', 'status': '200', 'content-location': 'http://10.132.46.216/share/v2/bef00f246a6b40c18353764bf15a42f5/messages'}
        Body: b'{"messages": [{"id": "de4365bb-2c47-4cc8-a162-75ad8ac1fffb", "project_id": "bef00f246a6b40c18353764bf15a42f5", "action_id": "002", "detail_id": "028", "message_level": "ERROR", "created_at": "2026-02-05T11:45:44.984683", "expires_at": "2026-03-07T11:45:45.000000", "request_id": "req-d860977b-18be-4c9c-bfd6-f9fde7323b29", "links": [{"rel": "self", "href": "http://10.132.46.216/share/v2/bef00f246a6b40c18353764bf15a42f5/messages/de4365bb-2c47-4cc8-a162-75ad8ac1fffb"}, {"rel": "bookmark", "href": "http://10.132.46.216/share/bef00f246a6b40c18353764bf15a42f5/messages/de4365bb-2c47-4cc8-a162-75ad8ac1fffb"}], "resource_type": "SHARE", "resource_id": "ea95163f-a676-40c1-927c-aa14a5aedde1", "user_message": "create: No storage could be allocated for this share request. Share back end services are not ready yet. Contact your ******istrator in case retrying does not help."}, {"id": "df0cc2e1-d63f-4d47-9308-91a5c5bb1f04", "project_id": "bef00f246a6b40c18353764bf15a42f5", "action_id": "002", "detail_id": "028", "message_level": "ERROR", "created_at": "2026-02-05T11:45:38.146744", "expires_at": "2026-03-07T11:45:38.000000", "request_id": "req-046e9554-c592-4b7a-8dee-85d6414a9633", "links": [{"rel": "self", "href": "http://10.132.46.216/share/v2/bef00f246a6b40c18353764bf15a42f5/messages/df0cc2e1-d63f-4d47-9308-91a5c5bb1f04"}, {"rel": "bookmark", "href": "http://10.132.46.216/share/bef00f246a6b40c18353764bf15a42f5/messages/df0cc2e1-d63f-4d47-9308-91a5c5bb1f04"}], "resource_type": "SHARE", "resource_id": "3afc62e2-6e41-43a6-99a7-1a6fc6f93ccb", "user_message": "create: No storage could be allocated for this share request. Share back end services are not ready yet. Contact your ******istrator in case retrying does not help."}, {"id": "50bcfddf-404d-4bf1-81f3-7ad582fd2bbd", "project_id": "bef00f246a6b40c18353764bf15a42f5", "action_id": "002", "detail_id": "028", "message_level": "ERROR", "created_at": "2026-02-05T11:45:31.821016", "expires_at":
     "2026-03-07T11:45:32.000000", "request_id": "req-9f558ca0-84a2-4244-8123-a7def368e96f", "links": [{"rel": "self", "href": "http://10.132.46.216/share/v2/bef00f246a6b40c18353764bf15a42f5/messages/50bcfddf-404d-4bf1-81f3-7ad582fd2bbd"}, {"rel": "bookmark", "href": "http://10.132.46.216/share/bef00f246a6b40c18353764bf15a42f5/messages/50bcfddf-404d-4bf1-81f3-7ad582fd2bbd"}], "resource_type": "SHARE", "resource_id": "c3fb7ce4-2a9a-414a-bc8c-a0e994aa4025", "user_message": "create: No storage could be allocated for this share request. Share back end services are not ready yet. Contact your ******istrator in case retrying does not help."}, {"id": "866a8327-c870-483e-96cd-932ba09a93e8", "project_id": "6973054e033a479caf574da508b33bf6", "action_id": "002", "detail_id": "028", "message_level": "ERROR", "created_at": "2026-02-05T11:45:26.661744", "expires_at": "2026-03-07T11:45:27.000000", "request_id": "req-4d53889f-16e4-4250-bd3c-bf071169ef84", "links": [{"rel": "self", "href": "http://10.132.46.216/share/v2/bef00f246a6b40c18353764bf15a42f5/messages/866a8327-c870-483e-96cd-932ba09a93e8"}, {"rel": "bookmark", "href": "http://10.132.46.216/share/bef00f246a6b40c18353764bf15a42f5/messages/866a8327-c870-483e-96cd-932ba09a93e8"}], "resource_type": "SHARE", "resource_id": "429bfea0-6f60-4ab9-a75a-991a7f317816", "user_message": "create: No storage could be allocated for this share request. Share back end services are not ready yet. Contact your ******istrator in case retrying does not help."}, {"id": "469802a1-f6d3-48f2-a1e3-e5d8e552d18d", "project_id": "bef00f246a6b40c18353764bf15a42f5", "action_id": "002", "detail_id": "028", "message_level": "ERROR", "created_at": "2026-02-05T11:45:24.822208", "expires_at": "2026-03-07T11:45:25.000000", "request_id": "req-ac880f55-019e-4506-9f34-bf67252f02ac", "links": [{"rel": "self", "href": "http://10.132.46.216/share/v2/bef00f246a6b40c18353764bf15a42f5/messages/469802a1-f6d3-48f2-a1e3-e5d8e552d18d"}, {"rel": "bookmark", "href": "http://10.132.46.216/share/bef00f246a6b40c18353764bf15a42f5/messages/469802a1-f6d3-48f2-a1e3-e5d8e552d18d"}], "resource_type": "SHARE", "resource_id": "8d5
2026-02-05 11:45:51,121 168296 INFO     [tempest.lib.common.rest_client] Request (UserMessageTest:test_show_message): 200 GET http://10.132.46.216/share/v2/bef00f246a6b40c18353764bf15a42f5/messages/de4365bb-2c47-4cc8-a162-75ad8ac1fffb 0.014s
2026-02-05 11:45:51,121 168296 DEBUG    [tempest.lib.common.rest_client] Request - Headers: {'Content-Type': 'application/json', 'Accept': 'application/json', 'x-openstack-manila-api-version': '2.90', 'X-Auth-Token': '<omitted>'}
        Body: None
    Response - Headers: {'date': 'Thu, 05 Feb 2026 11:45:51 GMT', 'server': 'Apache/2.4.58 (Ubuntu)', 'content-type': 'application/json', 'content-length': '871', 'x-compute-request-id': 'req-fd6a1a9a-7aa6-4231-96a8-7f6eaf0121ae', 'x-openstack-manila-api-version': '2.90', 'vary': 'X-OpenStack-Manila-API-Version', 'x-openstack-request-id': 'req-fd6a1a9a-7aa6-4231-96a8-7f6eaf0121ae', 'connection': 'close', 'status': '200', 'content-location': 'http://10.132.46.216/share/v2/bef00f246a6b40c18353764bf15a42f5/messages/de4365bb-2c47-4cc8-a162-75ad8ac1fffb'}
        Body: b'{"message": {"id": "de4365bb-2c47-4cc8-a162-75ad8ac1fffb", "project_id": "bef00f246a6b40c18353764bf15a42f5", "action_id": "002", "detail_id": "028", "message_level": "ERROR", "created_at": "2026-02-05T11:45:44.984683", "expires_at": "2026-03-07T11:45:45.000000", "request_id": "req-d860977b-18be-4c9c-bfd6-f9fde7323b29", "links": [{"rel": "self", "href": "http://10.132.46.216/share/v2/bef00f246a6b40c18353764bf15a42f5/messages/de4365bb-2c47-4cc8-a162-75ad8ac1fffb"}, {"rel": "bookmark", "href": "http://10.132.46.216/share/bef00f246a6b40c18353764bf15a42f5/messages/de4365bb-2c47-4cc8-a162-75ad8ac1fffb"}], "resource_type": "SHARE", "resource_id": "ea95163f-a676-40c1-927c-aa14a5aedde1", "user_message": "create: No storage could be allocated for this share request. Share back end services are not ready yet. Contact your ******istrator in case retrying does not help."}}'
2026-02-05 11:45:5
    1,159 168296 INFO     [tempest.lib.common.rest_client] Request (UserMessageTest:_run_cleanups): 204 DELETE http://10.132.46.216/share/v2/bef00f246a6b40c18353764bf15a42f5/messages/de4365bb-2c47-4cc8-a162-75ad8ac1fffb 0.020s
2026-02-05 11:45:51,160 168296 DEBUG    [tempest.lib.common.rest_client] Request - Headers: {'Content-Type': 'application/json', 'Accept': 'application/json', 'x-openstack-manila-api-version': '2.90', 'X-Auth-Token': '<omitted>'}
        Body: None
    Response - Headers: {'date': 'Thu, 05 Feb 2026 11:45:51 GMT', 'server': 'Apache/2.4.58 (Ubuntu)', 'content-type': 'text/html; charset=UTF-8', 'x-compute-request-id': 'req-7ccf2994-697a-46ab-8731-8049e9d8449e', 'x-openstack-manila-api-version': '2.90', 'vary': 'X-OpenStack-Manila-API-Version', 'x-openstack-request-id': 'req-7ccf2994-697a-46ab-8731-8049e9d8449e', 'connection': 'close', 'status': '204', 'content-location': 'http://10.132.46.216/share/v2/bef00f246a6b40c18353764bf15a42f5/messages/de4365bb-2c47-4cc8-a162-75ad8ac1fffb'}
        Body: b''
2026-02-05 11:45:51,397 168296 INFO     [tempest.lib.common.rest_client] Request (UserMessageTest:_run_cleanups): 202 DELETE http://10.132.46.216/share/v2/bef00f246a6b40c18353764bf15a42f5/shares/ea95163f-a676-40c1-927c-aa14a5aedde1 0.236s
2026-02-05 11:45:51,397 168296 DEBUG    [tempest.lib.common.rest_client] Request - Headers: {'Content-Type': 'application/json', 'Accept': 'application/json', 'x-openstack-manila-api-version': '2.90', 'X-Auth-Token': '<omitted>'}
        Body: None
    Response - Headers: {'date': 'Thu, 05 Feb 2026 11:45:51 GMT', 'server': 'Apache/2.4.58 (Ubuntu)', 'content-length': '0', 'content-type': 'text/html; charset=UTF-8', 'x-compute-request-id': 'req-c942de4a-a1a8-45e4-9212-4ddadbb39035', 'x-openstack-manila-api-version': '2.90', 'vary': 'X-OpenStack-Manila-API-Version', 'x-openstack-request-id': 'req-c942de4a-a1a8-45e4-9212-4ddadbb39035', 'connection': 'close', 'status': '202', 'content-location': 'http://10.132.46.216/share/v2/bef00f246a6b40c18353764bf15a42f5/shares/ea95163f-a676-40c1-927c-aa14a5aedde1'}
        Body: b''


setUpClass (manila_tempest_tests.tests.api.test_metadata_negative.SharesMetadataNegativeTest)
---------------------------------------------------------------------------------------------

Captured traceback:
~~~~~~~~~~~~~~~~~~~
    Traceback (most recent call last):

      File "/opt/stack/tempest/tempest/test.py", line 185, in setUpClass
    raise value.with_traceback(trace)

      File "/opt/stack/tempest/tempest/test.py", line 178, in setUpClass
    cls.resource_setup()

      File "/opt/stack/tempest/manila-tempest-plugin/manila_tempest_tests/tests/api/test_metadata_negative.py", line 58, in resource_setup
    cls.share = cls.create_share(share_type_id=cls.share_type_id)
                ^^^^^^^^^^^^^^^^^^^^^^^^^^^^^^^^^^^^^^^^^^^^^^^^^

      File "/opt/stack/tempest/manila-tempest-plugin/manila_tempest_tests/tests/api/base.py", line 411, in create_share
    result = cls.create_shares([{"args": args, "kwargs": kwargs}])
             ^^^^^^^^^^^^^^^^^^^^^^^^^^^^^^^^^^^^^^^^^^^^^^^^^^^^^

      File "/opt/stack/tempest/manila-tempest-plugin/manila_tempest_tests/tests/api/base.py", line 469, in create_shares
    waiters.wait_for_resource_status(

      File "/opt/stack/tempest/manila-tempest-plugin/manila_tempest_tests/common/waiters.py", line 109, in wait_for_resource_status
    raise resource_exception(resource_id=resource_id)

    manila_tempest_tests.share_exceptions.ShareBuildErrorException: Share 6446f165-da09-4064-ad56-7c202b7d7a51 failed to build and is in ERROR status


setUpClass (manila_tempest_tests.tests.api.test_public_shares_negative.PublicSharesNegativeTest)
------------------------------------------------------------------------------------------------

Captured traceback:
~~~~~~~~~~~~~~~~~~~
    Traceback (most recent call last):

      File "/opt/stack/tempest/tempest/test.py", line 185, in setUpClass
    raise value.with_traceback(trace)

      File "/opt/stack/tempest/tempest/test.py", line 178, in setUpClass
    cls.resource_setup()

      File "/opt/stack/tempest/manila-tempest-plugin/manila_tempest_tests/tests/api/test_public_shares_negative.py", line 30, in resource_setup
    cls.share = cls.create_share(
                ^^^^^^^^^^^^^^^^^

      File "/opt/stack/tempest/manila-tempest-plugin/manila_tempest_tests/tests/api/base.py", line 411, in create_share
    result = cls.create_shares([{"args": args, "kwargs": kwargs}])
             ^^^^^^^^^^^^^^^^^^^^^^^^^^^^^^^^^^^^^^^^^^^^^^^^^^^^^

      File "/opt/stack/tempest/manila-tempest-plugin/manila_tempest_tests/tests/api/base.py", line 469, in create_shares
    waiters.wait_for_resource_status(

      File "/opt/stack/tempest/manila-tempest-plugin/manila_tempest_tests/common/waiters.py", line 109, in wait_for_resource_status
    raise resource_exception(resource_id=resource_id)

    manila_tempest_tests.share_exceptions.ShareBuildErrorException: Share 14c5a023-e945-4648-892f-ca840ce65429 failed to build and is in ERROR status


manila_tempest_tests.tests.api.test_resource_locks.ResourceLockDeleteTest.test_delete_lock[api_with_backend,id-835fd617-4600-40a0-9ba1-40e5e0097b01,positive]
-------------------------------------------------------------------------------------------------------------------------------------------------------------

Captured traceback:
~~~~~~~~~~~~~~~~~~~
    Traceback (most recent call last):

      File "/opt/stack/tempest/manila-tempest-plugin/manila_tempest_tests/tests/api/test_resource_locks.py", line 242, in test_delete_lock
    share = self.create_share(share_type_id=self.share_type_id)
            ^^^^^^^^^^^^^^^^^^^^^^^^^^^^^^^^^^^^^^^^^^^^^^^^^^^

      File "/opt/stack/tempest/manila-tempest-plugin/manila_tempest_tests/tests/api/base.py", line 411, in create_share
    result = cls.create_shares([{"args": args, "kwargs": kwargs}])
             ^^^^^^^^^^^^^^^^^^^^^^^^^^^^^^^^^^^^^^^^^^^^^^^^^^^^^

      File "/opt/stack/tempest/manila-tempest-plugin/manila_tempest_tests/tests/api/base.py", line 469, in create_shares
    waiters.wait_for_resource_status(

      File "/opt/stack/tempest/manila-tempest-plugin/manila_tempest_tests/common/waiters.py", line 109, in wait_for_resource_status
    raise resource_exception(resource_id=resource_id)

    manila_tempest_tests.share_exceptions.ShareBuildErrorException: Share 6b759912-ab75-4327-8880-de97b52f016e failed to build and is in ERROR status


Captured pythonlogging:
~~~~~~~~~~~~~~~~~~~~~~~
    2026-02-05 11:46:11,718 168296 INFO     [tempest.lib.common.rest_client] Request (ResourceLockDeleteTest:test_delete_lock): 200 POST http://10.132.46.216/share/v2/d430d4445a264763847f4ef524b1c6bd/shares 0.275s
2026-02-05 11:46:11,718 168296 DEBUG    [tempest.lib.common.rest_client] Request - Headers: {'Content-Type': 'application/json', 'Accept': 'application/json', 'x-openstack-manila-api-version': '2.90', 'X-Auth-Token': '<omitted>'}
        Body: {"share": {"share_proto": "nfs", "description": "Tempest's share", "snapshot_id": null, "name": "tempest-tempest-created-share-1377346290", "size": 1, "metadata": {}, "is_public": false, "share_type": "6c83d45b-b4df-4fcd-9680-6fa4a998a5b8"}}
    Response - Headers: {'date': 'Thu, 05 Feb 2026 11:46:11 GMT', 'server': 'Apache/2.4.58 (Ubuntu)', 'content-type': 'application/json', 'content-length': '1340', 'x-compute-request-id': 'req-31652c9f-0f7c-499b-be91-6a7a19ae165e', 'x-openstack-manila-api-version': '2.90', 'vary': 'X-OpenStack-Manila-API-Version', 'x-openstack-request-id': 'req-31652c9f-0f7c-499b-be91-6a7a19ae165e', 'connection': 'close', 'status': '200', 'content-location': 'http://10.132.46.216/share/v2/d430d4445a264763847f4ef524b1c6bd/shares'}
        Body: b'{"share": {"id": "6b759912-ab75-4327-8880-de97b52f016e", "size": 1, "availability_zone": null, "created_at": "2026-02-05T11:46:11.593236", "status": "creating", "name": "tempest-tempest-created-share-1377346290", "description": "Tempest\'s share", "project_id": "d430d4445a264763847f4ef524b1c6bd", "snapshot_id": null, "share_network_id": null, "share_proto": "NFS", "metadata": {}, "share_type": "6c83d45b-b4df-4fcd-9680-6fa4a998a5b8", "volume_type": "tempest-typeshare-type-862855423", "links": [{"rel": "self", "href": "http://10.132.46.216/share/v2/d430d4445a264763847f4ef524b1c6bd/shares/6b759912-ab75-4327-8880-de97b52f016e"}, {"rel": "bookmark", "href": "http://10.132.46.216/share/d430d4445a264763847f4ef524b1c6bd/shares/6b759912-ab75-4327-8880-de97b52f016e"}], "is_public": false, "snapshot_support": false, "task_state": null, "share_type_name": "tempest-typeshare-type-862855423", "access_rules_status": "active", "replication_type": null, "has_replicas": false, "user_id": "236325ef5b1f45cdaf63fff0743b5a71", "create_share_from_snapshot_support": false, "revert_to_snapshot_support": false, "share_group_id": null, "source_share_group_snapshot_member_id": null, "mount_snapshot_support": false, "progress": null, "is_soft_deleted": false, "scheduled_to_be_deleted_at": null, "source_backup_id": null, "encryption_key_ref": null}}'
2026-02-05 11:46:11,750 168296 INFO     [tempest.lib.common.rest_client] Request (ResourceLockDeleteTest:test_delete_lock): 200 GET http://10.132.46.216/share/v2/d430d4445a264763847f4ef524b1c6bd/shares/6b759912-ab75-4327-8880-de97b52f016e 0.031s
2026-02-05 11:46:11,751 168296 DEBUG    [tempest.lib.common.rest_client] Request - Headers: {'Content-Type': 'application/json', 'Accept': 'application/json', 'x-openstack-manila-api-version': '2.90', 'X-Auth-Token': '<omitted>'}
        Body: None
    Response - Headers: {'date': 'Thu, 05 Feb 2026 11:46:11 GMT', 'server': 'Apache/2.4.58 (Ubuntu)', 'content-type': 'application/json', 'content-length': '1340', 'x-compute-request-id': 'req-3b9ae17a-ead5-48fc-8c1d-c99a6c55f55a', 'x-openstack-manila-api-version': '2.90', 'vary': 'X-OpenStack-Manila-API-Version', 'x-openstack-request-id': 'req-3b9ae17a-ead5-48fc-8c1d-c99a6c55f55a', 'connection': 'close', 'status': '200', 'content-location': 'http://10.132.46.216/share/v2/d430d4445a264763847f4ef524b1c6bd/shares/6b759912-ab75-4327-8880-de97b52f016e'}
        Body: b'{"share": {"id": "6b759912-ab75-4327-8880-de97b52f016e", "size": 1, "availability_zone": null, "created_at": "2026-02-05T11:46:11.593236", "status": "creating", "name": "tempest-tempest-created-share-1377346290", "description": "Tempest\'s share", "project_id": "d430d4445a264763847f4ef524b1c6bd", "snapshot_id": null, "share_network_id": null, "share_proto": "NFS", "metadata": {}, "share_type": "6c83d45b-b4df-4fcd-9680-6fa4a998a5b8", "volume_type": "te
    mpest-typeshare-type-862855423", "links": [{"rel": "self", "href": "http://10.132.46.216/share/v2/d430d4445a264763847f4ef524b1c6bd/shares/6b759912-ab75-4327-8880-de97b52f016e"}, {"rel": "bookmark", "href": "http://10.132.46.216/share/d430d4445a264763847f4ef524b1c6bd/shares/6b759912-ab75-4327-8880-de97b52f016e"}], "is_public": false, "snapshot_support": false, "task_state": null, "share_type_name": "tempest-typeshare-type-862855423", "access_rules_status": "active", "replication_type": null, "has_replicas": false, "user_id": "236325ef5b1f45cdaf63fff0743b5a71", "create_share_from_snapshot_support": false, "revert_to_snapshot_support": false, "share_group_id": null, "source_share_group_snapshot_member_id": null, "mount_snapshot_support": false, "progress": null, "is_soft_deleted": false, "scheduled_to_be_deleted_at": null, "source_backup_id": null, "encryption_key_ref": null}}'
2026-02-05 11:46:14,788 168296 INFO     [tempest.lib.common.rest_client] Request (ResourceLockDeleteTest:test_delete_lock): 200 GET http://10.132.46.216/share/v2/d430d4445a264763847f4ef524b1c6bd/shares/6b759912-ab75-4327-8880-de97b52f016e 0.036s
2026-02-05 11:46:14,788 168296 DEBUG    [tempest.lib.common.rest_client] Request - Headers: {'Content-Type': 'application/json', 'Accept': 'application/json', 'x-openstack-manila-api-version': '2.90', 'X-Auth-Token': '<omitted>'}
        Body: None
    Response - Headers: {'date': 'Thu, 05 Feb 2026 11:46:14 GMT', 'server': 'Apache/2.4.58 (Ubuntu)', 'content-type': 'application/json', 'content-length': '1337', 'x-compute-request-id': 'req-73731645-f049-4394-8545-bcb296e45f92', 'x-openstack-manila-api-version': '2.90', 'vary': 'X-OpenStack-Manila-API-Version', 'x-openstack-request-id': 'req-73731645-f049-4394-8545-bcb296e45f92', 'connection': 'close', 'status': '200', 'content-location': 'http://10.132.46.216/share/v2/d430d4445a264763847f4ef524b1c6bd/shares/6b759912-ab75-4327-8880-de97b52f016e'}
        Body: b'{"share": {"id": "6b759912-ab75-4327-8880-de97b52f016e", "size": 1, "availability_zone": null, "created_at": "2026-02-05T11:46:11.593236", "status": "error", "name": "tempest-tempest-created-share-1377346290", "description": "Tempest\'s share", "project_id": "d430d4445a264763847f4ef524b1c6bd", "snapshot_id": null, "share_network_id": null, "share_proto": "NFS", "metadata": {}, "share_type": "6c83d45b-b4df-4fcd-9680-6fa4a998a5b8", "volume_type": "tempest-typeshare-type-862855423", "links": [{"rel": "self", "href": "http://10.132.46.216/share/v2/d430d4445a264763847f4ef524b1c6bd/shares/6b759912-ab75-4327-8880-de97b52f016e"}, {"rel": "bookmark", "href": "http://10.132.46.216/share/d430d4445a264763847f4ef524b1c6bd/shares/6b759912-ab75-4327-8880-de97b52f016e"}], "is_public": false, "snapshot_support": false, "task_state": null, "share_type_name": "tempest-typeshare-type-862855423", "access_rules_status": "active", "replication_type": null, "has_replicas": false, "user_id": "236325ef5b1f45cdaf63fff0743b5a71", "create_share_from_snapshot_support": false, "revert_to_snapshot_support": false, "share_group_id": null, "source_share_group_snapshot_member_id": null, "mount_snapshot_support": false, "progress": null, "is_soft_deleted": false, "scheduled_to_be_deleted_at": null, "source_backup_id": null, "encryption_key_ref": null}}'


manila_tempest_tests.tests.api.test_resource_locks.ResourceLockDeleteTest.test_delete_locked_resource[api_with_backend,id-a96e70c7-0afe-4335-9abc-4b45ef778bd7,positive]
------------------------------------------------------------------------------------------------------------------------------------------------------------------------

Captured traceback:
~~~~~~~~~~~~~~~~~~~
    Traceback (most recent call last):

      File "/opt/stack/tempest/manila-tempest-plugin/manila_tempest_tests/tests/api/test_resource_locks.py", line 260, in test_delete_locked_resource
    share = self.create_share(share_type_id=self.share_type_id)
            ^^^^^^^^^^^^^^^^^^^^^^^^^^^^^^^^^^^^^^^^^^^^^^^^^^^

      File "/opt/stack/tempest/manila-tempest-plugin/manila_tempest_tests/tests/api/base.py", line 411, in create_share
    result = cls.create_shares([{"args": args, "kwargs": kwargs}])
             ^^^^^^^^^^^^^^^^^^^^^^^^^^^^^^^^^^^^^^^^^^^^^^^^^^^^^

      File "/opt/stack/tempest/manila-tempest-plugin/manila_tempest_tests/tests/api/base.py", line 469, in create_shares
    waiters.wait_for_resource_status(

      File "/opt/stack/tempest/manila-tempest-plugin/manila_tempest_tests/common/waiters.py", line 109, in wait_for_resource_status
    raise resource_exception(resource_id=resource_id)

    manila_tempest_tests.share_exceptions.ShareBuildErrorException: Share 47935ef3-c121-4a74-a65d-4b9950b77563 failed to build and is in ERROR status


Captured pythonlogging:
~~~~~~~~~~~~~~~~~~~~~~~
    2026-02-05 11:46:14,969 168296 INFO     [tempest.lib.common.rest_client] Request (ResourceLockDeleteTest:test_delete_locked_resource): 200 POST http://10.132.46.216/share/v2/d430d4445a264763847f4ef524b1c6bd/shares 0.178s
2026-02-05 11:46:14,969 168296 DEBUG    [tempest.lib.common.rest_client] Request - Headers: {'Content-Type': 'application/json', 'Accept': 'application/json', 'x-openstack-manila-api-version': '2.90', 'X-Auth-Token': '<omitted>'}
        Body: {"share": {"share_proto": "nfs", "description": "Tempest's share", "snapshot_id": null, "name": "tempest-tempest-created-share-1386299881", "size": 1, "metadata": {}, "is_public": false, "share_type": "6c83d45b-b4df-4fcd-9680-6fa4a998a5b8"}}
    Response - Headers: {'date': 'Thu, 05 Feb 2026 11:46:14 GMT', 'server': 'Apache/2.4.58 (Ubuntu)', 'content-type': 'application/json', 'content-length': '1340', 'x-compute-request-id': 'req-4d2e9fa6-03a0-45f4-8b40-388bec87aa0d', 'x-openstack-manila-api-version': '2.90', 'vary': 'X-OpenStack-Manila-API-Version', 'x-openstack-request-id': 'req-4d2e9fa6-03a0-45f4-8b40-388bec87aa0d', 'connection': 'close', 'status': '200', 'content-location': 'http://10.132.46.216/share/v2/d430d4445a264763847f4ef524b1c6bd/shares'}
        Body: b'{"share": {"id": "47935ef3-c121-4a74-a65d-4b9950b77563", "size": 1, "availability_zone": null, "created_at": "2026-02-05T11:46:14.860843", "status": "creating", "name": "tempest-tempest-created-share-1386299881", "description": "Tempest\'s share", "project_id": "d430d4445a264763847f4ef524b1c6bd", "snapshot_id": null, "share_network_id": null, "share_proto": "NFS", "metadata": {}, "share_type": "6c83d45b-b4df-4fcd-9680-6fa4a998a5b8", "volume_type": "tempest-typeshare-type-862855423", "links": [{"rel": "self", "href": "http://10.132.46.216/share/v2/d430d4445a264763847f4ef524b1c6bd/shares/47935ef3-c121-4a74-a65d-4b9950b77563"}, {"rel": "bookmark", "href": "http://10.132.46.216/share/d430d4445a264763847f4ef524b1c6bd/shares/47935ef3-c121-4a74-a65d-4b9950b77563"}], "is_public": false, "snapshot_support": false, "task_state": null, "share_type_name": "tempest-typeshare-type-862855423", "access_rules_status": "active", "replication_type": null, "has_replicas": false, "user_id": "236325ef5b1f45cdaf63fff0743b5a71", "create_share_from_snapshot_support": false, "revert_to_snapshot_support": false, "share_group_id": null, "source_share_group_snapshot_member_id": null, "mount_snapshot_support": false, "progress": null, "is_soft_deleted": false, "scheduled_to_be_deleted_at": null, "source_backup_id": null, "encryption_key_ref": null}}'
2026-02-05 11:46:14,999 168296 INFO     [tempest.lib.common.rest_client] Request (ResourceLockDeleteTest:test_delete_locked_resource): 200 GET http://10.132.46.216/share/v2/d430d4445a264763847f4ef524b1c6bd/shares/47935ef3-c121-4a74-a65d-4b9950b77563 0.030s
2026-02-05 11:46:15,000 168296 DEBUG    [tempest.lib.common.rest_client] Request - Headers: {'Content-Type': 'application/json', 'Accept': 'application/json', 'x-openstack-manila-api-version': '2.90', 'X-Auth-Token': '<omitted>'}
        Body: None
    Response - Headers: {'date': 'Thu, 05 Feb 2026 11:46:14 GMT', 'server': 'Apache/2.4.58 (Ubuntu)', 'content-type': 'application/json', 'content-length': '1340', 'x-compute-request-id': 'req-99cf50a2-6cdb-490e-b445-d77a1eeabffc', 'x-openstack-manila-api-version': '2.90', 'vary': 'X-OpenStack-Manila-API-Version', 'x-openstack-request-id': 'req-99cf50a2-6cdb-490e-b445-d77a1eeabffc', 'connection': 'close', 'status': '200', 'content-location': 'http://10.132.46.216/share/v2/d430d4445a264763847f4ef524b1c6bd/shares/47935ef3-c121-4a74-a65d-4b9950b77563'}
        Body: b'{"share": {"id": "47935ef3-c121-4a74-a65d-4b9950b77563", "size": 1, "availability_zone": null, "created_at": "2026-02-05T11:46:14.860843", "status": "creating", "name": "tempest-tempest-created-share-1386299881", "description": "Tempest\'s share", "project_id": "d430d4445a264763847f4ef524b1c6bd", "snapshot_id": null, "share_network_id": null, "share_proto": "NFS", "metadata": {}, "share_type": "6c83d45b-b4df-4fcd-9680-6fa4a998a5b
    8", "volume_type": "tempest-typeshare-type-862855423", "links": [{"rel": "self", "href": "http://10.132.46.216/share/v2/d430d4445a264763847f4ef524b1c6bd/shares/47935ef3-c121-4a74-a65d-4b9950b77563"}, {"rel": "bookmark", "href": "http://10.132.46.216/share/d430d4445a264763847f4ef524b1c6bd/shares/47935ef3-c121-4a74-a65d-4b9950b77563"}], "is_public": false, "snapshot_support": false, "task_state": null, "share_type_name": "tempest-typeshare-type-862855423", "access_rules_status": "active", "replication_type": null, "has_replicas": false, "user_id": "236325ef5b1f45cdaf63fff0743b5a71", "create_share_from_snapshot_support": false, "revert_to_snapshot_support": false, "share_group_id": null, "source_share_group_snapshot_member_id": null, "mount_snapshot_support": false, "progress": null, "is_soft_deleted": false, "scheduled_to_be_deleted_at": null, "source_backup_id": null, "encryption_key_ref": null}}'
2026-02-05 11:46:18,037 168296 INFO     [tempest.lib.common.rest_client] Request (ResourceLockDeleteTest:test_delete_locked_resource): 200 GET http://10.132.46.216/share/v2/d430d4445a264763847f4ef524b1c6bd/shares/47935ef3-c121-4a74-a65d-4b9950b77563 0.037s
2026-02-05 11:46:18,038 168296 DEBUG    [tempest.lib.common.rest_client] Request - Headers: {'Content-Type': 'application/json', 'Accept': 'application/json', 'x-openstack-manila-api-version': '2.90', 'X-Auth-Token': '<omitted>'}
        Body: None
    Response - Headers: {'date': 'Thu, 05 Feb 2026 11:46:18 GMT', 'server': 'Apache/2.4.58 (Ubuntu)', 'content-type': 'application/json', 'content-length': '1337', 'x-compute-request-id': 'req-4d8af1ea-0e2d-4436-a8fa-c987f40785f0', 'x-openstack-manila-api-version': '2.90', 'vary': 'X-OpenStack-Manila-API-Version', 'x-openstack-request-id': 'req-4d8af1ea-0e2d-4436-a8fa-c987f40785f0', 'connection': 'close', 'status': '200', 'content-location': 'http://10.132.46.216/share/v2/d430d4445a264763847f4ef524b1c6bd/shares/47935ef3-c121-4a74-a65d-4b9950b77563'}
        Body: b'{"share": {"id": "47935ef3-c121-4a74-a65d-4b9950b77563", "size": 1, "availability_zone": null, "created_at": "2026-02-05T11:46:14.860843", "status": "error", "name": "tempest-tempest-created-share-1386299881", "description": "Tempest\'s share", "project_id": "d430d4445a264763847f4ef524b1c6bd", "snapshot_id": null, "share_network_id": null, "share_proto": "NFS", "metadata": {}, "share_type": "6c83d45b-b4df-4fcd-9680-6fa4a998a5b8", "volume_type": "tempest-typeshare-type-862855423", "links": [{"rel": "self", "href": "http://10.132.46.216/share/v2/d430d4445a264763847f4ef524b1c6bd/shares/47935ef3-c121-4a74-a65d-4b9950b77563"}, {"rel": "bookmark", "href": "http://10.132.46.216/share/d430d4445a264763847f4ef524b1c6bd/shares/47935ef3-c121-4a74-a65d-4b9950b77563"}], "is_public": false, "snapshot_support": false, "task_state": null, "share_type_name": "tempest-typeshare-type-862855423", "access_rules_status": "active", "replication_type": null, "has_replicas": false, "user_id": "236325ef5b1f45cdaf63fff0743b5a71", "create_share_from_snapshot_support": false, "revert_to_snapshot_support": false, "share_group_id": null, "source_share_group_snapshot_member_id": null, "mount_snapshot_support": false, "progress": null, "is_soft_deleted": false, "scheduled_to_be_deleted_at": null, "source_backup_id": null, "encryption_key_ref": null}}'


manila_tempest_tests.tests.api.test_share_transfers.ShareTransferTest.test_create_and_accept_share_transfer[api_with_backend,id-3c2622ab-3368-4693-afb6-e60bd27e61ef,positive]
------------------------------------------------------------------------------------------------------------------------------------------------------------------------------

Captured traceback:
~~~~~~~~~~~~~~~~~~~
    Traceback (most recent call last):

      File "/opt/stack/tempest/manila-tempest-plugin/manila_tempest_tests/tests/api/test_share_transfers.py", line 83, in test_create_and_accept_share_transfer
    share = self.create_share(name=share_name,
            ^^^^^^^^^^^^^^^^^^^^^^^^^^^^^^^^^^

      File "/opt/stack/tempest/manila-tempest-plugin/manila_tempest_tests/tests/api/base.py", line 411, in create_share
    result = cls.create_shares([{"args": args, "kwargs": kwargs}])
             ^^^^^^^^^^^^^^^^^^^^^^^^^^^^^^^^^^^^^^^^^^^^^^^^^^^^^

      File "/opt/stack/tempest/manila-tempest-plugin/manila_tempest_tests/tests/api/base.py", line 469, in create_shares
    waiters.wait_for_resource_status(

      File "/opt/stack/tempest/manila-tempest-plugin/manila_tempest_tests/common/waiters.py", line 109, in wait_for_resource_status
    raise resource_exception(resource_id=resource_id)

    manila_tempest_tests.share_exceptions.ShareBuildErrorException: Share 6425c8ec-de22-4747-9916-71fa749ccd39 failed to build and is in ERROR status


Captured pythonlogging:
~~~~~~~~~~~~~~~~~~~~~~~
    2026-02-05 11:46:59,940 168296 INFO     [tempest.lib.common.rest_client] Request (ShareTransferTest:test_create_and_accept_share_transfer): 200 POST http://10.132.46.216/share/v2/cf9f86882a51485ca22d54ed318a5ffe/shares 0.291s
2026-02-05 11:46:59,941 168296 DEBUG    [tempest.lib.common.rest_client] Request - Headers: {'Content-Type': 'application/json', 'Accept': 'application/json', 'x-openstack-manila-api-version': '2.90', 'X-Auth-Token': '<omitted>'}
        Body: {"share": {"share_proto": "nfs", "description": "Tempest's share", "snapshot_id": null, "name": "tempest-tempest-share-name-1654907499", "size": 1, "metadata": {}, "is_public": false, "share_type": "6e5db0b1-30ce-447a-a5dc-536c46658d96"}}
    Response - Headers: {'date': 'Thu, 05 Feb 2026 11:46:59 GMT', 'server': 'Apache/2.4.58 (Ubuntu)', 'content-type': 'application/json', 'content-length': '1337', 'x-compute-request-id': 'req-afb6ce3f-323e-4598-9f56-643472c1b09b', 'x-openstack-manila-api-version': '2.90', 'vary': 'X-OpenStack-Manila-API-Version', 'x-openstack-request-id': 'req-afb6ce3f-323e-4598-9f56-643472c1b09b', 'connection': 'close', 'status': '200', 'content-location': 'http://10.132.46.216/share/v2/cf9f86882a51485ca22d54ed318a5ffe/shares'}
        Body: b'{"share": {"id": "6425c8ec-de22-4747-9916-71fa749ccd39", "size": 1, "availability_zone": null, "created_at": "2026-02-05T11:46:59.814059", "status": "creating", "name": "tempest-tempest-share-name-1654907499", "description": "Tempest\'s share", "project_id": "cf9f86882a51485ca22d54ed318a5ffe", "snapshot_id": null, "share_network_id": null, "share_proto": "NFS", "metadata": {}, "share_type": "6e5db0b1-30ce-447a-a5dc-536c46658d96", "volume_type": "tempest-typeshare-type-189893579", "links": [{"rel": "self", "href": "http://10.132.46.216/share/v2/cf9f86882a51485ca22d54ed318a5ffe/shares/6425c8ec-de22-4747-9916-71fa749ccd39"}, {"rel": "bookmark", "href": "http://10.132.46.216/share/cf9f86882a51485ca22d54ed318a5ffe/shares/6425c8ec-de22-4747-9916-71fa749ccd39"}], "is_public": false, "snapshot_support": false, "task_state": null, "share_type_name": "tempest-typeshare-type-189893579", "access_rules_status": "active", "replication_type": null, "has_replicas": false, "user_id": "c149e845b35d4c6c9dddef573b3519d2", "create_share_from_snapshot_support": false, "revert_to_snapshot_support": false, "share_group_id": null, "source_share_group_snapshot_member_id": null, "mount_snapshot_support": false, "progress": null, "is_soft_deleted": false, "scheduled_to_be_deleted_at": null, "source_backup_id": null, "encryption_key_ref": null}}'
2026-02-05 11:46:59,975 168296 INFO     [tempest.lib.common.rest_client] Request (ShareTransferTest:test_create_and_accept_share_transfer): 200 GET http://10.132.46.216/share/v2/cf9f86882a51485ca22d54ed318a5ffe/shares/6425c8ec-de22-4747-9916-71fa749ccd39 0.033s
2026-02-05 11:46:59,976 168296 DEBUG    [tempest.lib.common.rest_client] Request - Headers: {'Content-Type': 'application/json', 'Accept': 'application/json', 'x-openstack-manila-api-version': '2.90', 'X-Auth-Token': '<omitted>'}
        Body: None
    Response - Headers: {'date': 'Thu, 05 Feb 2026 11:46:59 GMT', 'server': 'Apache/2.4.58 (Ubuntu)', 'content-type': 'application/json', 'content-length': '1334', 'x-compute-request-id': 'req-af2833c0-54a6-445a-acf5-3584e990f7b4', 'x-openstack-manila-api-version': '2.90', 'vary': 'X-OpenStack-Manila-API-Version', 'x-openstack-request-id': 'req-af2833c0-54a6-445a-acf5-3584e990f7b4', 'connection': 'close', 'status': '200', 'content-location': 'http://10.132.46.216/share/v2/cf9f86882a51485ca22d54ed318a5ffe/shares/6425c8ec-de22-4747-9916-71fa749ccd39'}
        Body: b'{"share": {"id": "6425c8ec-de22-4747-9916-71fa749ccd39", "size": 1, "availability_zone": null, "created_at": "2026-02-05T11:46:59.814059", "status": "error", "name": "tempest-tempest-share-name-1654907499", "description": "Tempest\'s share", "project_id": "cf9f86882a51485ca22d54ed318a5ffe", "snapshot_id": null, "share_network_id": null, "share_proto": "NFS", "metadata": {}, "share_type": "6e5db0b1-30ce-447a-a5dc-536c46658d96"
    , "volume_type": "tempest-typeshare-type-189893579", "links": [{"rel": "self", "href": "http://10.132.46.216/share/v2/cf9f86882a51485ca22d54ed318a5ffe/shares/6425c8ec-de22-4747-9916-71fa749ccd39"}, {"rel": "bookmark", "href": "http://10.132.46.216/share/cf9f86882a51485ca22d54ed318a5ffe/shares/6425c8ec-de22-4747-9916-71fa749ccd39"}], "is_public": false, "snapshot_support": false, "task_state": null, "share_type_name": "tempest-typeshare-type-189893579", "access_rules_status": "active", "replication_type": null, "has_replicas": false, "user_id": "c149e845b35d4c6c9dddef573b3519d2", "create_share_from_snapshot_support": false, "revert_to_snapshot_support": false, "share_group_id": null, "source_share_group_snapshot_member_id": null, "mount_snapshot_support": false, "progress": null, "is_soft_deleted": false, "scheduled_to_be_deleted_at": null, "source_backup_id": null, "encryption_key_ref": null}}'
2026-02-05 11:47:03,017 168296 INFO     [tempest.lib.common.rest_client] Request (ShareTransferTest:test_create_and_accept_share_transfer): 200 GET http://10.132.46.216/share/v2/cf9f86882a51485ca22d54ed318a5ffe/shares/6425c8ec-de22-4747-9916-71fa749ccd39 0.040s
2026-02-05 11:47:03,017 168296 DEBUG    [tempest.lib.common.rest_client] Request - Headers: {'Content-Type': 'application/json', 'Accept': 'application/json', 'x-openstack-manila-api-version': '2.90', 'X-Auth-Token': '<omitted>'}
        Body: None
    Response - Headers: {'date': 'Thu, 05 Feb 2026 11:47:02 GMT', 'server': 'Apache/2.4.58 (Ubuntu)', 'content-type': 'application/json', 'content-length': '1334', 'x-compute-request-id': 'req-ede727e3-edd9-4231-b504-cfe2cb755656', 'x-openstack-manila-api-version': '2.90', 'vary': 'X-OpenStack-Manila-API-Version', 'x-openstack-request-id': 'req-ede727e3-edd9-4231-b504-cfe2cb755656', 'connection': 'close', 'status': '200', 'content-location': 'http://10.132.46.216/share/v2/cf9f86882a51485ca22d54ed318a5ffe/shares/6425c8ec-de22-4747-9916-71fa749ccd39'}
        Body: b'{"share": {"id": "6425c8ec-de22-4747-9916-71fa749ccd39", "size": 1, "availability_zone": null, "created_at": "2026-02-05T11:46:59.814059", "status": "error", "name": "tempest-tempest-share-name-1654907499", "description": "Tempest\'s share", "project_id": "cf9f86882a51485ca22d54ed318a5ffe", "snapshot_id": null, "share_network_id": null, "share_proto": "NFS", "metadata": {}, "share_type": "6e5db0b1-30ce-447a-a5dc-536c46658d96", "volume_type": "tempest-typeshare-type-189893579", "links": [{"rel": "self", "href": "http://10.132.46.216/share/v2/cf9f86882a51485ca22d54ed318a5ffe/shares/6425c8ec-de22-4747-9916-71fa749ccd39"}, {"rel": "bookmark", "href": "http://10.132.46.216/share/cf9f86882a51485ca22d54ed318a5ffe/shares/6425c8ec-de22-4747-9916-71fa749ccd39"}], "is_public": false, "snapshot_support": false, "task_state": null, "share_type_name": "tempest-typeshare-type-189893579", "access_rules_status": "active", "replication_type": null, "has_replicas": false, "user_id": "c149e845b35d4c6c9dddef573b3519d2", "create_share_from_snapshot_support": false, "revert_to_snapshot_support": false, "share_group_id": null, "source_share_group_snapshot_member_id": null, "mount_snapshot_support": false, "progress": null, "is_soft_deleted": false, "scheduled_to_be_deleted_at": null, "source_backup_id": null, "encryption_key_ref": null}}'


manila_tempest_tests.tests.api.test_share_transfers.ShareTransferTest.test_create_and_delete_share_transfer[api_with_backend,id-716e71a0-8265-4410-9170-08714095d9e8,positive]
------------------------------------------------------------------------------------------------------------------------------------------------------------------------------

Captured traceback:
~~~~~~~~~~~~~~~~~~~
    Traceback (most recent call last):

      File "/opt/stack/tempest/manila-tempest-plugin/manila_tempest_tests/tests/api/test_share_transfers.py", line 53, in test_create_and_delete_share_transfer
    share = self.create_share(name=share_name,
            ^^^^^^^^^^^^^^^^^^^^^^^^^^^^^^^^^^

      File "/opt/stack/tempest/manila-tempest-plugin/manila_tempest_tests/tests/api/base.py", line 411, in create_share
    result = cls.create_shares([{"args": args, "kwargs": kwargs}])
             ^^^^^^^^^^^^^^^^^^^^^^^^^^^^^^^^^^^^^^^^^^^^^^^^^^^^^

      File "/opt/stack/tempest/manila-tempest-plugin/manila_tempest_tests/tests/api/base.py", line 469, in create_shares
    waiters.wait_for_resource_status(

      File "/opt/stack/tempest/manila-tempest-plugin/manila_tempest_tests/common/waiters.py", line 109, in wait_for_resource_status
    raise resource_exception(resource_id=resource_id)

    manila_tempest_tests.share_exceptions.ShareBuildErrorException: Share c8704f3e-cdda-4945-9948-4f85f6d5f09b failed to build and is in ERROR status


Captured pythonlogging:
~~~~~~~~~~~~~~~~~~~~~~~
    2026-02-05 11:47:03,196 168296 INFO     [tempest.lib.common.rest_client] Request (ShareTransferTest:test_create_and_delete_share_transfer): 200 POST http://10.132.46.216/share/v2/cf9f86882a51485ca22d54ed318a5ffe/shares 0.175s
2026-02-05 11:47:03,197 168296 DEBUG    [tempest.lib.common.rest_client] Request - Headers: {'Content-Type': 'application/json', 'Accept': 'application/json', 'x-openstack-manila-api-version': '2.90', 'X-Auth-Token': '<omitted>'}
        Body: {"share": {"share_proto": "nfs", "description": "Tempest's share", "snapshot_id": null, "name": "tempest-tempest-share-name-1453204086", "size": 1, "metadata": {}, "is_public": false, "share_type": "6e5db0b1-30ce-447a-a5dc-536c46658d96"}}
    Response - Headers: {'date': 'Thu, 05 Feb 2026 11:47:03 GMT', 'server': 'Apache/2.4.58 (Ubuntu)', 'content-type': 'application/json', 'content-length': '1337', 'x-compute-request-id': 'req-fcc33ff8-7935-43d9-b683-9ea40fe6c1ec', 'x-openstack-manila-api-version': '2.90', 'vary': 'X-OpenStack-Manila-API-Version', 'x-openstack-request-id': 'req-fcc33ff8-7935-43d9-b683-9ea40fe6c1ec', 'connection': 'close', 'status': '200', 'content-location': 'http://10.132.46.216/share/v2/cf9f86882a51485ca22d54ed318a5ffe/shares'}
        Body: b'{"share": {"id": "c8704f3e-cdda-4945-9948-4f85f6d5f09b", "size": 1, "availability_zone": null, "created_at": "2026-02-05T11:47:03.080143", "status": "creating", "name": "tempest-tempest-share-name-1453204086", "description": "Tempest\'s share", "project_id": "cf9f86882a51485ca22d54ed318a5ffe", "snapshot_id": null, "share_network_id": null, "share_proto": "NFS", "metadata": {}, "share_type": "6e5db0b1-30ce-447a-a5dc-536c46658d96", "volume_type": "tempest-typeshare-type-189893579", "links": [{"rel": "self", "href": "http://10.132.46.216/share/v2/cf9f86882a51485ca22d54ed318a5ffe/shares/c8704f3e-cdda-4945-9948-4f85f6d5f09b"}, {"rel": "bookmark", "href": "http://10.132.46.216/share/cf9f86882a51485ca22d54ed318a5ffe/shares/c8704f3e-cdda-4945-9948-4f85f6d5f09b"}], "is_public": false, "snapshot_support": false, "task_state": null, "share_type_name": "tempest-typeshare-type-189893579", "access_rules_status": "active", "replication_type": null, "has_replicas": false, "user_id": "c149e845b35d4c6c9dddef573b3519d2", "create_share_from_snapshot_support": false, "revert_to_snapshot_support": false, "share_group_id": null, "source_share_group_snapshot_member_id": null, "mount_snapshot_support": false, "progress": null, "is_soft_deleted": false, "scheduled_to_be_deleted_at": null, "source_backup_id": null, "encryption_key_ref": null}}'
2026-02-05 11:47:03,228 168296 INFO     [tempest.lib.common.rest_client] Request (ShareTransferTest:test_create_and_delete_share_transfer): 200 GET http://10.132.46.216/share/v2/cf9f86882a51485ca22d54ed318a5ffe/shares/c8704f3e-cdda-4945-9948-4f85f6d5f09b 0.031s
2026-02-05 11:47:03,228 168296 DEBUG    [tempest.lib.common.rest_client] Request - Headers: {'Content-Type': 'application/json', 'Accept': 'application/json', 'x-openstack-manila-api-version': '2.90', 'X-Auth-Token': '<omitted>'}
        Body: None
    Response - Headers: {'date': 'Thu, 05 Feb 2026 11:47:03 GMT', 'server': 'Apache/2.4.58 (Ubuntu)', 'content-type': 'application/json', 'content-length': '1337', 'x-compute-request-id': 'req-d23202e0-bc4f-42dd-8571-6f10bcdf69c7', 'x-openstack-manila-api-version': '2.90', 'vary': 'X-OpenStack-Manila-API-Version', 'x-openstack-request-id': 'req-d23202e0-bc4f-42dd-8571-6f10bcdf69c7', 'connection': 'close', 'status': '200', 'content-location': 'http://10.132.46.216/share/v2/cf9f86882a51485ca22d54ed318a5ffe/shares/c8704f3e-cdda-4945-9948-4f85f6d5f09b'}
        Body: b'{"share": {"id": "c8704f3e-cdda-4945-9948-4f85f6d5f09b", "size": 1, "availability_zone": null, "created_at": "2026-02-05T11:47:03.080143", "status": "creating", "name": "tempest-tempest-share-name-1453204086", "description": "Tempest\'s share", "project_id": "cf9f86882a51485ca22d54ed318a5ffe", "snapshot_id": null, "share_network_id": null, "share_proto": "NFS", "metadata": {}, "share_type": "6e5db0b1-30ce-447a-a5dc-536c46658d
    96", "volume_type": "tempest-typeshare-type-189893579", "links": [{"rel": "self", "href": "http://10.132.46.216/share/v2/cf9f86882a51485ca22d54ed318a5ffe/shares/c8704f3e-cdda-4945-9948-4f85f6d5f09b"}, {"rel": "bookmark", "href": "http://10.132.46.216/share/cf9f86882a51485ca22d54ed318a5ffe/shares/c8704f3e-cdda-4945-9948-4f85f6d5f09b"}], "is_public": false, "snapshot_support": false, "task_state": null, "share_type_name": "tempest-typeshare-type-189893579", "access_rules_status": "active", "replication_type": null, "has_replicas": false, "user_id": "c149e845b35d4c6c9dddef573b3519d2", "create_share_from_snapshot_support": false, "revert_to_snapshot_support": false, "share_group_id": null, "source_share_group_snapshot_member_id": null, "mount_snapshot_support": false, "progress": null, "is_soft_deleted": false, "scheduled_to_be_deleted_at": null, "source_backup_id": null, "encryption_key_ref": null}}'
2026-02-05 11:47:06,270 168296 INFO     [tempest.lib.common.rest_client] Request (ShareTransferTest:test_create_and_delete_share_transfer): 200 GET http://10.132.46.216/share/v2/cf9f86882a51485ca22d54ed318a5ffe/shares/c8704f3e-cdda-4945-9948-4f85f6d5f09b 0.040s
2026-02-05 11:47:06,271 168296 DEBUG    [tempest.lib.common.rest_client] Request - Headers: {'Content-Type': 'application/json', 'Accept': 'application/json', 'x-openstack-manila-api-version': '2.90', 'X-Auth-Token': '<omitted>'}
        Body: None
    Response - Headers: {'date': 'Thu, 05 Feb 2026 11:47:06 GMT', 'server': 'Apache/2.4.58 (Ubuntu)', 'content-type': 'application/json', 'content-length': '1334', 'x-compute-request-id': 'req-64ae24b5-2aad-4f42-a653-23b03a6c0006', 'x-openstack-manila-api-version': '2.90', 'vary': 'X-OpenStack-Manila-API-Version', 'x-openstack-request-id': 'req-64ae24b5-2aad-4f42-a653-23b03a6c0006', 'connection': 'close', 'status': '200', 'content-location': 'http://10.132.46.216/share/v2/cf9f86882a51485ca22d54ed318a5ffe/shares/c8704f3e-cdda-4945-9948-4f85f6d5f09b'}
        Body: b'{"share": {"id": "c8704f3e-cdda-4945-9948-4f85f6d5f09b", "size": 1, "availability_zone": null, "created_at": "2026-02-05T11:47:03.080143", "status": "error", "name": "tempest-tempest-share-name-1453204086", "description": "Tempest\'s share", "project_id": "cf9f86882a51485ca22d54ed318a5ffe", "snapshot_id": null, "share_network_id": null, "share_proto": "NFS", "metadata": {}, "share_type": "6e5db0b1-30ce-447a-a5dc-536c46658d96", "volume_type": "tempest-typeshare-type-189893579", "links": [{"rel": "self", "href": "http://10.132.46.216/share/v2/cf9f86882a51485ca22d54ed318a5ffe/shares/c8704f3e-cdda-4945-9948-4f85f6d5f09b"}, {"rel": "bookmark", "href": "http://10.132.46.216/share/cf9f86882a51485ca22d54ed318a5ffe/shares/c8704f3e-cdda-4945-9948-4f85f6d5f09b"}], "is_public": false, "snapshot_support": false, "task_state": null, "share_type_name": "tempest-typeshare-type-189893579", "access_rules_status": "active", "replication_type": null, "has_replicas": false, "user_id": "c149e845b35d4c6c9dddef573b3519d2", "create_share_from_snapshot_support": false, "revert_to_snapshot_support": false, "share_group_id": null, "source_share_group_snapshot_member_id": null, "mount_snapshot_support": false, "progress": null, "is_soft_deleted": false, "scheduled_to_be_deleted_at": null, "source_backup_id": null, "encryption_key_ref": null}}'
2026-02-05 11:47:06,293 168296 INFO     [tempest.lib.common.rest_client] Request (ShareTransferTest:_run_cleanups): 200 GET http://10.132.46.216/share/v2/cf9f86882a51485ca22d54ed318a5ffe/share-replicas/detail?share_id=c8704f3e-cdda-4945-9948-4f85f6d5f09b 0.020s
2026-02-05 11:47:06,294 168296 DEBUG    [tempest.lib.common.rest_client] Request - Headers: {'Content-Type': 'application/json', 'Accept': 'application/json', 'x-openstack-manila-api-version': '2.90', 'X-Auth-Token': '<omitted>'}
        Body: None
    Response - Headers: {'date': 'Thu, 05 Feb 2026 11:47:06 GMT', 'server': 'Apache/2.4.58 (Ubuntu)', 'content-type': 'application/json', 'content-length': '22', 'x-compute-request-id': 'req-4e37b9a4-0bea-4788-b0f8-8a243f46c13d', 'x-openstack-manila-api-
    version': '2.90', 'vary': 'X-OpenStack-Manila-API-Version', 'x-openstack-request-id': 'req-4e37b9a4-0bea-4788-b0f8-8a243f46c13d', 'connection': 'close', 'status': '200', 'content-location': 'http://10.132.46.216/share/v2/cf9f86882a51485ca22d54ed318a5ffe/share-replicas/detail?share_id=c8704f3e-cdda-4945-9948-4f85f6d5f09b'}
        Body: b'{"share_replicas": []}'
2026-02-05 11:47:06,534 168296 INFO     [tempest.lib.common.rest_client] Request (ShareTransferTest:_run_cleanups): 202 DELETE http://10.132.46.216/share/v2/cf9f86882a51485ca22d54ed318a5ffe/shares/c8704f3e-cdda-4945-9948-4f85f6d5f09b 0.239s
2026-02-05 11:47:06,534 168296 DEBUG    [tempest.lib.common.rest_client] Request - Headers: {'Content-Type': 'application/json', 'Accept': 'application/json', 'x-openstack-manila-api-version': '2.90', 'X-Auth-Token': '<omitted>'}
        Body: None
    Response - Headers: {'date': 'Thu, 05 Feb 2026 11:47:06 GMT', 'server': 'Apache/2.4.58 (Ubuntu)', 'content-length': '0', 'content-type': 'text/html; charset=UTF-8', 'x-compute-request-id': 'req-da545367-5ed0-401f-b93c-1de51c87f68a', 'x-openstack-manila-api-version': '2.90', 'vary': 'X-OpenStack-Manila-API-Version', 'x-openstack-request-id': 'req-da545367-5ed0-401f-b93c-1de51c87f68a', 'connection': 'close', 'status': '202', 'content-location': 'http://10.132.46.216/share/v2/cf9f86882a51485ca22d54ed318a5ffe/shares/c8704f3e-cdda-4945-9948-4f85f6d5f09b'}
        Body: b''
2026-02-05 11:47:06,556 168296 INFO     [tempest.lib.common.rest_client] Request (ShareTransferTest:_run_cleanups): 404 GET http://10.132.46.216/share/v2/cf9f86882a51485ca22d54ed318a5ffe/shares/c8704f3e-cdda-4945-9948-4f85f6d5f09b 0.021s
2026-02-05 11:47:06,557 168296 DEBUG    [tempest.lib.common.rest_client] Request - Headers: {'Content-Type': 'application/json', 'Accept': 'application/json', 'x-openstack-manila-api-version': '2.90', 'X-Auth-Token': '<omitted>'}
        Body: None
    Response - Headers: {'date': 'Thu, 05 Feb 2026 11:47:06 GMT', 'server': 'Apache/2.4.58 (Ubuntu)', 'x-openstack-manila-api-version': '2.90', 'vary': 'X-OpenStack-Manila-API-Version', 'content-length': '78', 'content-type': 'application/json', 'x-compute-request-id': 'req-edb3efdf-e74b-4fd7-9507-9ea217403c17', 'x-openstack-request-id': 'req-edb3efdf-e74b-4fd7-9507-9ea217403c17', 'connection': 'close', 'status': '404', 'content-location': 'http://10.132.46.216/share/v2/cf9f86882a51485ca22d54ed318a5ffe/shares/c8704f3e-cdda-4945-9948-4f85f6d5f09b'}
        Body: b'{"itemNotFound": {"code": 404, "message": "The resource could not be found."}}'


manila_tempest_tests.tests.api.test_share_transfers_negative.ShareTransferNegativeTest.test_accept_transfer_with_incorrect_auth_key[api,id-05a6a345-7609-421f-be21-d79041970674,negative]
-----------------------------------------------------------------------------------------------------------------------------------------------------------------------------------------

Captured traceback:
~~~~~~~~~~~~~~~~~~~
    Traceback (most recent call last):

      File "/opt/stack/tempest/manila-tempest-plugin/manila_tempest_tests/tests/api/test_share_transfers_negative.py", line 128, in test_accept_transfer_with_incorrect_auth_key
    share = self.create_share(
            ^^^^^^^^^^^^^^^^^^

      File "/opt/stack/tempest/manila-tempest-plugin/manila_tempest_tests/tests/api/base.py", line 411, in create_share
    result = cls.create_shares([{"args": args, "kwargs": kwargs}])
             ^^^^^^^^^^^^^^^^^^^^^^^^^^^^^^^^^^^^^^^^^^^^^^^^^^^^^

      File "/opt/stack/tempest/manila-tempest-plugin/manila_tempest_tests/tests/api/base.py", line 469, in create_shares
    waiters.wait_for_resource_status(

      File "/opt/stack/tempest/manila-tempest-plugin/manila_tempest_tests/common/waiters.py", line 109, in wait_for_resource_status
    raise resource_exception(resource_id=resource_id)

    manila_tempest_tests.share_exceptions.ShareBuildErrorException: Share 533acef8-38b4-427f-a664-2c0acd56457f failed to build and is in ERROR status


Captured pythonlogging:
~~~~~~~~~~~~~~~~~~~~~~~
    2026-02-05 11:47:11,442 168296 INFO     [tempest.lib.common.rest_client] Request (ShareTransferNegativeTest:test_accept_transfer_with_incorrect_auth_key): 200 POST http://10.132.46.216/share/v2/96217bf292714c32b4284238f05b685a/shares 0.240s
2026-02-05 11:47:11,442 168296 DEBUG    [tempest.lib.common.rest_client] Request - Headers: {'Content-Type': 'application/json', 'Accept': 'application/json', 'x-openstack-manila-api-version': '2.90', 'X-Auth-Token': '<omitted>'}
        Body: {"share": {"share_proto": "nfs", "description": "Tempest's share", "snapshot_id": null, "name": "tempest-tempest-share-name-912419600", "size": 1, "metadata": {}, "is_public": false, "share_type": "309a2cef-3015-416b-9e3f-332effbc7f02"}}
    Response - Headers: {'date': 'Thu, 05 Feb 2026 11:47:11 GMT', 'server': 'Apache/2.4.58 (Ubuntu)', 'content-type': 'application/json', 'content-length': '1338', 'x-compute-request-id': 'req-2ce9463c-1198-49c2-97a6-820fb3100b7f', 'x-openstack-manila-api-version': '2.90', 'vary': 'X-OpenStack-Manila-API-Version', 'x-openstack-request-id': 'req-2ce9463c-1198-49c2-97a6-820fb3100b7f', 'connection': 'close', 'status': '200', 'content-location': 'http://10.132.46.216/share/v2/96217bf292714c32b4284238f05b685a/shares'}
        Body: b'{"share": {"id": "533acef8-38b4-427f-a664-2c0acd56457f", "size": 1, "availability_zone": null, "created_at": "2026-02-05T11:47:11.335876", "status": "creating", "name": "tempest-tempest-share-name-912419600", "description": "Tempest\'s share", "project_id": "96217bf292714c32b4284238f05b685a", "snapshot_id": null, "share_network_id": null, "share_proto": "NFS", "metadata": {}, "share_type": "309a2cef-3015-416b-9e3f-332effbc7f02", "volume_type": "tempest-typeshare-type-1102626535", "links": [{"rel": "self", "href": "http://10.132.46.216/share/v2/96217bf292714c32b4284238f05b685a/shares/533acef8-38b4-427f-a664-2c0acd56457f"}, {"rel": "bookmark", "href": "http://10.132.46.216/share/96217bf292714c32b4284238f05b685a/shares/533acef8-38b4-427f-a664-2c0acd56457f"}], "is_public": false, "snapshot_support": false, "task_state": null, "share_type_name": "tempest-typeshare-type-1102626535", "access_rules_status": "active", "replication_type": null, "has_replicas": false, "user_id": "af8fbb0e94074499ba55f9478885870d", "create_share_from_snapshot_support": false, "revert_to_snapshot_support": false, "share_group_id": null, "source_share_group_snapshot_member_id": null, "mount_snapshot_support": false, "progress": null, "is_soft_deleted": false, "scheduled_to_be_deleted_at": null, "source_backup_id": null, "encryption_key_ref": null}}'
2026-02-05 11:47:11,469 168296 INFO     [tempest.lib.common.rest_client] Request (ShareTransferNegativeTest:test_accept_transfer_with_incorrect_auth_key): 200 GET http://10.132.46.216/share/v2/96217bf292714c32b4284238f05b685a/shares/533acef8-38b4-427f-a664-2c0acd56457f 0.026s
2026-02-05 11:47:11,469 168296 DEBUG    [tempest.lib.common.rest_client] Request - Headers: {'Content-Type': 'application/json', 'Accept': 'application/json', 'x-openstack-manila-api-version': '2.90', 'X-Auth-Token': '<omitted>'}
        Body: None
    Response - Headers: {'date': 'Thu, 05 Feb 2026 11:47:11 GMT', 'server': 'Apache/2.4.58 (Ubuntu)', 'content-type': 'application/json', 'content-length': '1338', 'x-compute-request-id': 'req-fdab67fc-3173-454b-bcd3-72ca2d39ffa1', 'x-openstack-manila-api-version': '2.90', 'vary': 'X-OpenStack-Manila-API-Version', 'x-openstack-request-id': 'req-fdab67fc-3173-454b-bcd3-72ca2d39ffa1', 'connection': 'close', 'status': '200', 'content-location': 'http://10.132.46.216/share/v2/96217bf292714c32b4284238f05b685a/shares/533acef8-38b4-427f-a664-2c0acd56457f'}
        Body: b'{"share": {"id": "533acef8-38b4-427f-a664-2c0acd56457f", "size": 1, "availability_zone": null, "created_at": "2026-02-05T11:47:11.335876", "status": "creating", "name": "tempest-tempest-share-name-912419600", "description": "Tempest\'s share", "project_id": "96217bf292714c32b4284238f05b685a", "snapshot_id": null, "share_network_id": null, "share_proto": "NFS", "metadata": {}, "share_type": "309a2
    cef-3015-416b-9e3f-332effbc7f02", "volume_type": "tempest-typeshare-type-1102626535", "links": [{"rel": "self", "href": "http://10.132.46.216/share/v2/96217bf292714c32b4284238f05b685a/shares/533acef8-38b4-427f-a664-2c0acd56457f"}, {"rel": "bookmark", "href": "http://10.132.46.216/share/96217bf292714c32b4284238f05b685a/shares/533acef8-38b4-427f-a664-2c0acd56457f"}], "is_public": false, "snapshot_support": false, "task_state": null, "share_type_name": "tempest-typeshare-type-1102626535", "access_rules_status": "active", "replication_type": null, "has_replicas": false, "user_id": "af8fbb0e94074499ba55f9478885870d", "create_share_from_snapshot_support": false, "revert_to_snapshot_support": false, "share_group_id": null, "source_share_group_snapshot_member_id": null, "mount_snapshot_support": false, "progress": null, "is_soft_deleted": false, "scheduled_to_be_deleted_at": null, "source_backup_id": null, "encryption_key_ref": null}}'
2026-02-05 11:47:14,511 168296 INFO     [tempest.lib.common.rest_client] Request (ShareTransferNegativeTest:test_accept_transfer_with_incorrect_auth_key): 200 GET http://10.132.46.216/share/v2/96217bf292714c32b4284238f05b685a/shares/533acef8-38b4-427f-a664-2c0acd56457f 0.040s
2026-02-05 11:47:14,512 168296 DEBUG    [tempest.lib.common.rest_client] Request - Headers: {'Content-Type': 'application/json', 'Accept': 'application/json', 'x-openstack-manila-api-version': '2.90', 'X-Auth-Token': '<omitted>'}
        Body: None
    Response - Headers: {'date': 'Thu, 05 Feb 2026 11:47:14 GMT', 'server': 'Apache/2.4.58 (Ubuntu)', 'content-type': 'application/json', 'content-length': '1335', 'x-compute-request-id': 'req-f19b36f4-3d78-4764-99c4-4e11ff0a2776', 'x-openstack-manila-api-version': '2.90', 'vary': 'X-OpenStack-Manila-API-Version', 'x-openstack-request-id': 'req-f19b36f4-3d78-4764-99c4-4e11ff0a2776', 'connection': 'close', 'status': '200', 'content-location': 'http://10.132.46.216/share/v2/96217bf292714c32b4284238f05b685a/shares/533acef8-38b4-427f-a664-2c0acd56457f'}
        Body: b'{"share": {"id": "533acef8-38b4-427f-a664-2c0acd56457f", "size": 1, "availability_zone": null, "created_at": "2026-02-05T11:47:11.335876", "status": "error", "name": "tempest-tempest-share-name-912419600", "description": "Tempest\'s share", "project_id": "96217bf292714c32b4284238f05b685a", "snapshot_id": null, "share_network_id": null, "share_proto": "NFS", "metadata": {}, "share_type": "309a2cef-3015-416b-9e3f-332effbc7f02", "volume_type": "tempest-typeshare-type-1102626535", "links": [{"rel": "self", "href": "http://10.132.46.216/share/v2/96217bf292714c32b4284238f05b685a/shares/533acef8-38b4-427f-a664-2c0acd56457f"}, {"rel": "bookmark", "href": "http://10.132.46.216/share/96217bf292714c32b4284238f05b685a/shares/533acef8-38b4-427f-a664-2c0acd56457f"}], "is_public": false, "snapshot_support": false, "task_state": null, "share_type_name": "tempest-typeshare-type-1102626535", "access_rules_status": "active", "replication_type": null, "has_replicas": false, "user_id": "af8fbb0e94074499ba55f9478885870d", "create_share_from_snapshot_support": false, "revert_to_snapshot_support": false, "share_group_id": null, "source_share_group_snapshot_member_id": null, "mount_snapshot_support": false, "progress": null, "is_soft_deleted": false, "scheduled_to_be_deleted_at": null, "source_backup_id": null, "encryption_key_ref": null}}'


manila_tempest_tests.tests.api.test_share_transfers_negative.ShareTransferNegativeTest.test_accept_transfer_without_auth_key[api_with_backend,id-cc7af032-0504-417e-8ab9-73b37bed7f85,negative]
-----------------------------------------------------------------------------------------------------------------------------------------------------------------------------------------------

Captured traceback:
~~~~~~~~~~~~~~~~~~~
    Traceback (most recent call last):

      File "/opt/stack/tempest/manila-tempest-plugin/manila_tempest_tests/tests/api/test_share_transfers_negative.py", line 112, in test_accept_transfer_without_auth_key
    share = self.create_share(
            ^^^^^^^^^^^^^^^^^^

      File "/opt/stack/tempest/manila-tempest-plugin/manila_tempest_tests/tests/api/base.py", line 411, in create_share
    result = cls.create_shares([{"args": args, "kwargs": kwargs}])
             ^^^^^^^^^^^^^^^^^^^^^^^^^^^^^^^^^^^^^^^^^^^^^^^^^^^^^

      File "/opt/stack/tempest/manila-tempest-plugin/manila_tempest_tests/tests/api/base.py", line 469, in create_shares
    waiters.wait_for_resource_status(

      File "/opt/stack/tempest/manila-tempest-plugin/manila_tempest_tests/common/waiters.py", line 109, in wait_for_resource_status
    raise resource_exception(resource_id=resource_id)

    manila_tempest_tests.share_exceptions.ShareBuildErrorException: Share 904eed0b-93dd-4d71-8209-2b7866886655 failed to build and is in ERROR status


Captured pythonlogging:
~~~~~~~~~~~~~~~~~~~~~~~
    2026-02-05 11:47:14,713 168296 INFO     [tempest.lib.common.rest_client] Request (ShareTransferNegativeTest:test_accept_transfer_without_auth_key): 200 POST http://10.132.46.216/share/v2/96217bf292714c32b4284238f05b685a/shares 0.193s
2026-02-05 11:47:14,714 168296 DEBUG    [tempest.lib.common.rest_client] Request - Headers: {'Content-Type': 'application/json', 'Accept': 'application/json', 'x-openstack-manila-api-version': '2.90', 'X-Auth-Token': '<omitted>'}
        Body: {"share": {"share_proto": "nfs", "description": "Tempest's share", "snapshot_id": null, "name": "tempest-tempest-share-name-1561754528", "size": 1, "metadata": {}, "is_public": false, "share_type": "309a2cef-3015-416b-9e3f-332effbc7f02"}}
    Response - Headers: {'date': 'Thu, 05 Feb 2026 11:47:14 GMT', 'server': 'Apache/2.4.58 (Ubuntu)', 'content-type': 'application/json', 'content-length': '1339', 'x-compute-request-id': 'req-1205cbe8-a700-4717-a60b-9010c2f84844', 'x-openstack-manila-api-version': '2.90', 'vary': 'X-OpenStack-Manila-API-Version', 'x-openstack-request-id': 'req-1205cbe8-a700-4717-a60b-9010c2f84844', 'connection': 'close', 'status': '200', 'content-location': 'http://10.132.46.216/share/v2/96217bf292714c32b4284238f05b685a/shares'}
        Body: b'{"share": {"id": "904eed0b-93dd-4d71-8209-2b7866886655", "size": 1, "availability_zone": null, "created_at": "2026-02-05T11:47:14.588042", "status": "creating", "name": "tempest-tempest-share-name-1561754528", "description": "Tempest\'s share", "project_id": "96217bf292714c32b4284238f05b685a", "snapshot_id": null, "share_network_id": null, "share_proto": "NFS", "metadata": {}, "share_type": "309a2cef-3015-416b-9e3f-332effbc7f02", "volume_type": "tempest-typeshare-type-1102626535", "links": [{"rel": "self", "href": "http://10.132.46.216/share/v2/96217bf292714c32b4284238f05b685a/shares/904eed0b-93dd-4d71-8209-2b7866886655"}, {"rel": "bookmark", "href": "http://10.132.46.216/share/96217bf292714c32b4284238f05b685a/shares/904eed0b-93dd-4d71-8209-2b7866886655"}], "is_public": false, "snapshot_support": false, "task_state": null, "share_type_name": "tempest-typeshare-type-1102626535", "access_rules_status": "active", "replication_type": null, "has_replicas": false, "user_id": "af8fbb0e94074499ba55f9478885870d", "create_share_from_snapshot_support": false, "revert_to_snapshot_support": false, "share_group_id": null, "source_share_group_snapshot_member_id": null, "mount_snapshot_support": false, "progress": null, "is_soft_deleted": false, "scheduled_to_be_deleted_at": null, "source_backup_id": null, "encryption_key_ref": null}}'
2026-02-05 11:47:14,749 168296 INFO     [tempest.lib.common.rest_client] Request (ShareTransferNegativeTest:test_accept_transfer_without_auth_key): 200 GET http://10.132.46.216/share/v2/96217bf292714c32b4284238f05b685a/shares/904eed0b-93dd-4d71-8209-2b7866886655 0.034s
2026-02-05 11:47:14,750 168296 DEBUG    [tempest.lib.common.rest_client] Request - Headers: {'Content-Type': 'application/json', 'Accept': 'application/json', 'x-openstack-manila-api-version': '2.90', 'X-Auth-Token': '<omitted>'}
        Body: None
    Response - Headers: {'date': 'Thu, 05 Feb 2026 11:47:14 GMT', 'server': 'Apache/2.4.58 (Ubuntu)', 'content-type': 'application/json', 'content-length': '1339', 'x-compute-request-id': 'req-56438bdb-dc36-47fc-8e9a-78ebb8e4ea3e', 'x-openstack-manila-api-version': '2.90', 'vary': 'X-OpenStack-Manila-API-Version', 'x-openstack-request-id': 'req-56438bdb-dc36-47fc-8e9a-78ebb8e4ea3e', 'connection': 'close', 'status': '200', 'content-location': 'http://10.132.46.216/share/v2/96217bf292714c32b4284238f05b685a/shares/904eed0b-93dd-4d71-8209-2b7866886655'}
        Body: b'{"share": {"id": "904eed0b-93dd-4d71-8209-2b7866886655", "size": 1, "availability_zone": null, "created_at": "2026-02-05T11:47:14.588042", "status": "creating", "name": "tempest-tempest-share-name-1561754528", "description": "Tempest\'s share", "project_id": "96217bf292714c32b4284238f05b685a", "snapshot_id": null, "share_network_id": null, "share_proto": "NFS", "metadata": {}, "share_type": "309a2cef-3015-41
    6b-9e3f-332effbc7f02", "volume_type": "tempest-typeshare-type-1102626535", "links": [{"rel": "self", "href": "http://10.132.46.216/share/v2/96217bf292714c32b4284238f05b685a/shares/904eed0b-93dd-4d71-8209-2b7866886655"}, {"rel": "bookmark", "href": "http://10.132.46.216/share/96217bf292714c32b4284238f05b685a/shares/904eed0b-93dd-4d71-8209-2b7866886655"}], "is_public": false, "snapshot_support": false, "task_state": null, "share_type_name": "tempest-typeshare-type-1102626535", "access_rules_status": "active", "replication_type": null, "has_replicas": false, "user_id": "af8fbb0e94074499ba55f9478885870d", "create_share_from_snapshot_support": false, "revert_to_snapshot_support": false, "share_group_id": null, "source_share_group_snapshot_member_id": null, "mount_snapshot_support": false, "progress": null, "is_soft_deleted": false, "scheduled_to_be_deleted_at": null, "source_backup_id": null, "encryption_key_ref": null}}'
2026-02-05 11:47:17,785 168296 INFO     [tempest.lib.common.rest_client] Request (ShareTransferNegativeTest:test_accept_transfer_without_auth_key): 200 GET http://10.132.46.216/share/v2/96217bf292714c32b4284238f05b685a/shares/904eed0b-93dd-4d71-8209-2b7866886655 0.034s
2026-02-05 11:47:17,786 168296 DEBUG    [tempest.lib.common.rest_client] Request - Headers: {'Content-Type': 'application/json', 'Accept': 'application/json', 'x-openstack-manila-api-version': '2.90', 'X-Auth-Token': '<omitted>'}
        Body: None
    Response - Headers: {'date': 'Thu, 05 Feb 2026 11:47:17 GMT', 'server': 'Apache/2.4.58 (Ubuntu)', 'content-type': 'application/json', 'content-length': '1336', 'x-compute-request-id': 'req-75a10907-1433-4ab9-be2d-dabf9de81bd4', 'x-openstack-manila-api-version': '2.90', 'vary': 'X-OpenStack-Manila-API-Version', 'x-openstack-request-id': 'req-75a10907-1433-4ab9-be2d-dabf9de81bd4', 'connection': 'close', 'status': '200', 'content-location': 'http://10.132.46.216/share/v2/96217bf292714c32b4284238f05b685a/shares/904eed0b-93dd-4d71-8209-2b7866886655'}
        Body: b'{"share": {"id": "904eed0b-93dd-4d71-8209-2b7866886655", "size": 1, "availability_zone": null, "created_at": "2026-02-05T11:47:14.588042", "status": "error", "name": "tempest-tempest-share-name-1561754528", "description": "Tempest\'s share", "project_id": "96217bf292714c32b4284238f05b685a", "snapshot_id": null, "share_network_id": null, "share_proto": "NFS", "metadata": {}, "share_type": "309a2cef-3015-416b-9e3f-332effbc7f02", "volume_type": "tempest-typeshare-type-1102626535", "links": [{"rel": "self", "href": "http://10.132.46.216/share/v2/96217bf292714c32b4284238f05b685a/shares/904eed0b-93dd-4d71-8209-2b7866886655"}, {"rel": "bookmark", "href": "http://10.132.46.216/share/96217bf292714c32b4284238f05b685a/shares/904eed0b-93dd-4d71-8209-2b7866886655"}], "is_public": false, "snapshot_support": false, "task_state": null, "share_type_name": "tempest-typeshare-type-1102626535", "access_rules_status": "active", "replication_type": null, "has_replicas": false, "user_id": "af8fbb0e94074499ba55f9478885870d", "create_share_from_snapshot_support": false, "revert_to_snapshot_support": false, "share_group_id": null, "source_share_group_snapshot_member_id": null, "mount_snapshot_support": false, "progress": null, "is_soft_deleted": false, "scheduled_to_be_deleted_at": null, "source_backup_id": null, "encryption_key_ref": null}}'


manila_tempest_tests.tests.api.test_share_transfers_negative.ShareTransferNegativeTest.test_delete_transfer_of_other_tenants[api_with_backend,id-b3e26356-5eb0-4f73-b5a7-d3594cc2f30e,negative]
-----------------------------------------------------------------------------------------------------------------------------------------------------------------------------------------------

Captured traceback:
~~~~~~~~~~~~~~~~~~~
    Traceback (most recent call last):

      File "/opt/stack/tempest/manila-tempest-plugin/manila_tempest_tests/tests/api/test_share_transfers_negative.py", line 89, in test_delete_transfer_of_other_tenants
    share = self.create_share(
            ^^^^^^^^^^^^^^^^^^

      File "/opt/stack/tempest/manila-tempest-plugin/manila_tempest_tests/tests/api/base.py", line 411, in create_share
    result = cls.create_shares([{"args": args, "kwargs": kwargs}])
             ^^^^^^^^^^^^^^^^^^^^^^^^^^^^^^^^^^^^^^^^^^^^^^^^^^^^^

      File "/opt/stack/tempest/manila-tempest-plugin/manila_tempest_tests/tests/api/base.py", line 469, in create_shares
    waiters.wait_for_resource_status(

      File "/opt/stack/tempest/manila-tempest-plugin/manila_tempest_tests/common/waiters.py", line 109, in wait_for_resource_status
    raise resource_exception(resource_id=resource_id)

    manila_tempest_tests.share_exceptions.ShareBuildErrorException: Share 9c42bd3a-7344-45a4-a69c-1f68e930502f failed to build and is in ERROR status


Captured pythonlogging:
~~~~~~~~~~~~~~~~~~~~~~~
    2026-02-05 11:47:18,068 168296 INFO     [tempest.lib.common.rest_client] Request (ShareTransferNegativeTest:test_delete_transfer_of_other_tenants): 200 POST http://10.132.46.216/share/v2/96217bf292714c32b4284238f05b685a/shares 0.176s
2026-02-05 11:47:18,069 168296 DEBUG    [tempest.lib.common.rest_client] Request - Headers: {'Content-Type': 'application/json', 'Accept': 'application/json', 'x-openstack-manila-api-version': '2.90', 'X-Auth-Token': '<omitted>'}
        Body: {"share": {"share_proto": "nfs", "description": "Tempest's share", "snapshot_id": null, "name": "tempest-tempest-share-name-1277549452", "size": 1, "metadata": {}, "is_public": false, "share_type": "309a2cef-3015-416b-9e3f-332effbc7f02"}}
    Response - Headers: {'date': 'Thu, 05 Feb 2026 11:47:17 GMT', 'server': 'Apache/2.4.58 (Ubuntu)', 'content-type': 'application/json', 'content-length': '1339', 'x-compute-request-id': 'req-c70dc043-f1f1-4dd2-985e-514cc2c5c4f8', 'x-openstack-manila-api-version': '2.90', 'vary': 'X-OpenStack-Manila-API-Version', 'x-openstack-request-id': 'req-c70dc043-f1f1-4dd2-985e-514cc2c5c4f8', 'connection': 'close', 'status': '200', 'content-location': 'http://10.132.46.216/share/v2/96217bf292714c32b4284238f05b685a/shares'}
        Body: b'{"share": {"id": "9c42bd3a-7344-45a4-a69c-1f68e930502f", "size": 1, "availability_zone": null, "created_at": "2026-02-05T11:47:17.957056", "status": "creating", "name": "tempest-tempest-share-name-1277549452", "description": "Tempest\'s share", "project_id": "96217bf292714c32b4284238f05b685a", "snapshot_id": null, "share_network_id": null, "share_proto": "NFS", "metadata": {}, "share_type": "309a2cef-3015-416b-9e3f-332effbc7f02", "volume_type": "tempest-typeshare-type-1102626535", "links": [{"rel": "self", "href": "http://10.132.46.216/share/v2/96217bf292714c32b4284238f05b685a/shares/9c42bd3a-7344-45a4-a69c-1f68e930502f"}, {"rel": "bookmark", "href": "http://10.132.46.216/share/96217bf292714c32b4284238f05b685a/shares/9c42bd3a-7344-45a4-a69c-1f68e930502f"}], "is_public": false, "snapshot_support": false, "task_state": null, "share_type_name": "tempest-typeshare-type-1102626535", "access_rules_status": "active", "replication_type": null, "has_replicas": false, "user_id": "af8fbb0e94074499ba55f9478885870d", "create_share_from_snapshot_support": false, "revert_to_snapshot_support": false, "share_group_id": null, "source_share_group_snapshot_member_id": null, "mount_snapshot_support": false, "progress": null, "is_soft_deleted": false, "scheduled_to_be_deleted_at": null, "source_backup_id": null, "encryption_key_ref": null}}'
2026-02-05 11:47:18,096 168296 INFO     [tempest.lib.common.rest_client] Request (ShareTransferNegativeTest:test_delete_transfer_of_other_tenants): 200 GET http://10.132.46.216/share/v2/96217bf292714c32b4284238f05b685a/shares/9c42bd3a-7344-45a4-a69c-1f68e930502f 0.027s
2026-02-05 11:47:18,096 168296 DEBUG    [tempest.lib.common.rest_client] Request - Headers: {'Content-Type': 'application/json', 'Accept': 'application/json', 'x-openstack-manila-api-version': '2.90', 'X-Auth-Token': '<omitted>'}
        Body: None
    Response - Headers: {'date': 'Thu, 05 Feb 2026 11:47:18 GMT', 'server': 'Apache/2.4.58 (Ubuntu)', 'content-type': 'application/json', 'content-length': '1339', 'x-compute-request-id': 'req-e83de007-14ba-430f-a22c-d66115611f49', 'x-openstack-manila-api-version': '2.90', 'vary': 'X-OpenStack-Manila-API-Version', 'x-openstack-request-id': 'req-e83de007-14ba-430f-a22c-d66115611f49', 'connection': 'close', 'status': '200', 'content-location': 'http://10.132.46.216/share/v2/96217bf292714c32b4284238f05b685a/shares/9c42bd3a-7344-45a4-a69c-1f68e930502f'}
        Body: b'{"share": {"id": "9c42bd3a-7344-45a4-a69c-1f68e930502f", "size": 1, "availability_zone": null, "created_at": "2026-02-05T11:47:17.957056", "status": "creating", "name": "tempest-tempest-share-name-1277549452", "description": "Tempest\'s share", "project_id": "96217bf292714c32b4284238f05b685a", "snapshot_id": null, "share_network_id": null, "share_proto": "NFS", "metadata": {}, "share_type": "309a2cef-3015-41
    6b-9e3f-332effbc7f02", "volume_type": "tempest-typeshare-type-1102626535", "links": [{"rel": "self", "href": "http://10.132.46.216/share/v2/96217bf292714c32b4284238f05b685a/shares/9c42bd3a-7344-45a4-a69c-1f68e930502f"}, {"rel": "bookmark", "href": "http://10.132.46.216/share/96217bf292714c32b4284238f05b685a/shares/9c42bd3a-7344-45a4-a69c-1f68e930502f"}], "is_public": false, "snapshot_support": false, "task_state": null, "share_type_name": "tempest-typeshare-type-1102626535", "access_rules_status": "active", "replication_type": null, "has_replicas": false, "user_id": "af8fbb0e94074499ba55f9478885870d", "create_share_from_snapshot_support": false, "revert_to_snapshot_support": false, "share_group_id": null, "source_share_group_snapshot_member_id": null, "mount_snapshot_support": false, "progress": null, "is_soft_deleted": false, "scheduled_to_be_deleted_at": null, "source_backup_id": null, "encryption_key_ref": null}}'
2026-02-05 11:47:21,148 168296 INFO     [tempest.lib.common.rest_client] Request (ShareTransferNegativeTest:test_delete_transfer_of_other_tenants): 200 GET http://10.132.46.216/share/v2/96217bf292714c32b4284238f05b685a/shares/9c42bd3a-7344-45a4-a69c-1f68e930502f 0.049s
2026-02-05 11:47:21,149 168296 DEBUG    [tempest.lib.common.rest_client] Request - Headers: {'Content-Type': 'application/json', 'Accept': 'application/json', 'x-openstack-manila-api-version': '2.90', 'X-Auth-Token': '<omitted>'}
        Body: None
    Response - Headers: {'date': 'Thu, 05 Feb 2026 11:47:21 GMT', 'server': 'Apache/2.4.58 (Ubuntu)', 'content-type': 'application/json', 'content-length': '1336', 'x-compute-request-id': 'req-ebecb5a5-8fd6-45dd-96d0-ea6987c9ba14', 'x-openstack-manila-api-version': '2.90', 'vary': 'X-OpenStack-Manila-API-Version', 'x-openstack-request-id': 'req-ebecb5a5-8fd6-45dd-96d0-ea6987c9ba14', 'connection': 'close', 'status': '200', 'content-location': 'http://10.132.46.216/share/v2/96217bf292714c32b4284238f05b685a/shares/9c42bd3a-7344-45a4-a69c-1f68e930502f'}
        Body: b'{"share": {"id": "9c42bd3a-7344-45a4-a69c-1f68e930502f", "size": 1, "availability_zone": null, "created_at": "2026-02-05T11:47:17.957056", "status": "error", "name": "tempest-tempest-share-name-1277549452", "description": "Tempest\'s share", "project_id": "96217bf292714c32b4284238f05b685a", "snapshot_id": null, "share_network_id": null, "share_proto": "NFS", "metadata": {}, "share_type": "309a2cef-3015-416b-9e3f-332effbc7f02", "volume_type": "tempest-typeshare-type-1102626535", "links": [{"rel": "self", "href": "http://10.132.46.216/share/v2/96217bf292714c32b4284238f05b685a/shares/9c42bd3a-7344-45a4-a69c-1f68e930502f"}, {"rel": "bookmark", "href": "http://10.132.46.216/share/96217bf292714c32b4284238f05b685a/shares/9c42bd3a-7344-45a4-a69c-1f68e930502f"}], "is_public": false, "snapshot_support": false, "task_state": null, "share_type_name": "tempest-typeshare-type-1102626535", "access_rules_status": "active", "replication_type": null, "has_replicas": false, "user_id": "af8fbb0e94074499ba55f9478885870d", "create_share_from_snapshot_support": false, "revert_to_snapshot_support": false, "share_group_id": null, "source_share_group_snapshot_member_id": null, "mount_snapshot_support": false, "progress": null, "is_soft_deleted": false, "scheduled_to_be_deleted_at": null, "source_backup_id": null, "encryption_key_ref": null}}'


manila_tempest_tests.tests.api.test_share_transfers_negative.ShareTransferNegativeTest.test_show_transfer_of_other_tenants[api_with_backend,id-baf66f62-253e-40dd-a6a9-109bc7613e52,negative]
---------------------------------------------------------------------------------------------------------------------------------------------------------------------------------------------

Captured traceback:
~~~~~~~~~~~~~~~~~~~
    Traceback (most recent call last):

      File "/opt/stack/tempest/manila-tempest-plugin/manila_tempest_tests/tests/api/test_share_transfers_negative.py", line 66, in test_show_transfer_of_other_tenants
    share = self.create_share(
            ^^^^^^^^^^^^^^^^^^

      File "/opt/stack/tempest/manila-tempest-plugin/manila_tempest_tests/tests/api/base.py", line 411, in create_share
    result = cls.create_shares([{"args": args, "kwargs": kwargs}])
             ^^^^^^^^^^^^^^^^^^^^^^^^^^^^^^^^^^^^^^^^^^^^^^^^^^^^^

      File "/opt/stack/tempest/manila-tempest-plugin/manila_tempest_tests/tests/api/base.py", line 469, in create_shares
    waiters.wait_for_resource_status(

      File "/opt/stack/tempest/manila-tempest-plugin/manila_tempest_tests/common/waiters.py", line 109, in wait_for_resource_status
    raise resource_exception(resource_id=resource_id)

    manila_tempest_tests.share_exceptions.ShareBuildErrorException: Share 1f95f5b9-5a4f-4e8d-ad2a-9a24e8e757a9 failed to build and is in ERROR status


Captured pythonlogging:
~~~~~~~~~~~~~~~~~~~~~~~
    2026-02-05 11:47:21,360 168296 INFO     [tempest.lib.common.rest_client] Request (ShareTransferNegativeTest:test_show_transfer_of_other_tenants): 200 POST http://10.132.46.216/share/v2/96217bf292714c32b4284238f05b685a/shares 0.185s
2026-02-05 11:47:21,360 168296 DEBUG    [tempest.lib.common.rest_client] Request - Headers: {'Content-Type': 'application/json', 'Accept': 'application/json', 'x-openstack-manila-api-version': '2.90', 'X-Auth-Token': '<omitted>'}
        Body: {"share": {"share_proto": "nfs", "description": "Tempest's share", "snapshot_id": null, "name": "tempest-tempest-share-name-425161122", "size": 1, "metadata": {}, "is_public": false, "share_type": "309a2cef-3015-416b-9e3f-332effbc7f02"}}
    Response - Headers: {'date': 'Thu, 05 Feb 2026 11:47:21 GMT', 'server': 'Apache/2.4.58 (Ubuntu)', 'content-type': 'application/json', 'content-length': '1338', 'x-compute-request-id': 'req-ec2023de-b161-4c49-ad3c-522113ca5fa1', 'x-openstack-manila-api-version': '2.90', 'vary': 'X-OpenStack-Manila-API-Version', 'x-openstack-request-id': 'req-ec2023de-b161-4c49-ad3c-522113ca5fa1', 'connection': 'close', 'status': '200', 'content-location': 'http://10.132.46.216/share/v2/96217bf292714c32b4284238f05b685a/shares'}
        Body: b'{"share": {"id": "1f95f5b9-5a4f-4e8d-ad2a-9a24e8e757a9", "size": 1, "availability_zone": null, "created_at": "2026-02-05T11:47:21.240270", "status": "creating", "name": "tempest-tempest-share-name-425161122", "description": "Tempest\'s share", "project_id": "96217bf292714c32b4284238f05b685a", "snapshot_id": null, "share_network_id": null, "share_proto": "NFS", "metadata": {}, "share_type": "309a2cef-3015-416b-9e3f-332effbc7f02", "volume_type": "tempest-typeshare-type-1102626535", "links": [{"rel": "self", "href": "http://10.132.46.216/share/v2/96217bf292714c32b4284238f05b685a/shares/1f95f5b9-5a4f-4e8d-ad2a-9a24e8e757a9"}, {"rel": "bookmark", "href": "http://10.132.46.216/share/96217bf292714c32b4284238f05b685a/shares/1f95f5b9-5a4f-4e8d-ad2a-9a24e8e757a9"}], "is_public": false, "snapshot_support": false, "task_state": null, "share_type_name": "tempest-typeshare-type-1102626535", "access_rules_status": "active", "replication_type": null, "has_replicas": false, "user_id": "af8fbb0e94074499ba55f9478885870d", "create_share_from_snapshot_support": false, "revert_to_snapshot_support": false, "share_group_id": null, "source_share_group_snapshot_member_id": null, "mount_snapshot_support": false, "progress": null, "is_soft_deleted": false, "scheduled_to_be_deleted_at": null, "source_backup_id": null, "encryption_key_ref": null}}'
2026-02-05 11:47:21,397 168296 INFO     [tempest.lib.common.rest_client] Request (ShareTransferNegativeTest:test_show_transfer_of_other_tenants): 200 GET http://10.132.46.216/share/v2/96217bf292714c32b4284238f05b685a/shares/1f95f5b9-5a4f-4e8d-ad2a-9a24e8e757a9 0.036s
2026-02-05 11:47:21,398 168296 DEBUG    [tempest.lib.common.rest_client] Request - Headers: {'Content-Type': 'application/json', 'Accept': 'application/json', 'x-openstack-manila-api-version': '2.90', 'X-Auth-Token': '<omitted>'}
        Body: None
    Response - Headers: {'date': 'Thu, 05 Feb 2026 11:47:21 GMT', 'server': 'Apache/2.4.58 (Ubuntu)', 'content-type': 'application/json', 'content-length': '1338', 'x-compute-request-id': 'req-3b2c0343-4539-4587-bae9-ec802a3ae1db', 'x-openstack-manila-api-version': '2.90', 'vary': 'X-OpenStack-Manila-API-Version', 'x-openstack-request-id': 'req-3b2c0343-4539-4587-bae9-ec802a3ae1db', 'connection': 'close', 'status': '200', 'content-location': 'http://10.132.46.216/share/v2/96217bf292714c32b4284238f05b685a/shares/1f95f5b9-5a4f-4e8d-ad2a-9a24e8e757a9'}
        Body: b'{"share": {"id": "1f95f5b9-5a4f-4e8d-ad2a-9a24e8e757a9", "size": 1, "availability_zone": null, "created_at": "2026-02-05T11:47:21.240270", "status": "creating", "name": "tempest-tempest-share-name-425161122", "description": "Tempest\'s share", "project_id": "96217bf292714c32b4284238f05b685a", "snapshot_id": null, "share_network_id": null, "share_proto": "NFS", "metadata": {}, "share_type": "309a2cef-3015-416b-9e3f
    -332effbc7f02", "volume_type": "tempest-typeshare-type-1102626535", "links": [{"rel": "self", "href": "http://10.132.46.216/share/v2/96217bf292714c32b4284238f05b685a/shares/1f95f5b9-5a4f-4e8d-ad2a-9a24e8e757a9"}, {"rel": "bookmark", "href": "http://10.132.46.216/share/96217bf292714c32b4284238f05b685a/shares/1f95f5b9-5a4f-4e8d-ad2a-9a24e8e757a9"}], "is_public": false, "snapshot_support": false, "task_state": null, "share_type_name": "tempest-typeshare-type-1102626535", "access_rules_status": "active", "replication_type": null, "has_replicas": false, "user_id": "af8fbb0e94074499ba55f9478885870d", "create_share_from_snapshot_support": false, "revert_to_snapshot_support": false, "share_group_id": null, "source_share_group_snapshot_member_id": null, "mount_snapshot_support": false, "progress": null, "is_soft_deleted": false, "scheduled_to_be_deleted_at": null, "source_backup_id": null, "encryption_key_ref": null}}'
2026-02-05 11:47:24,441 168296 INFO     [tempest.lib.common.rest_client] Request (ShareTransferNegativeTest:test_show_transfer_of_other_tenants): 200 GET http://10.132.46.216/share/v2/96217bf292714c32b4284238f05b685a/shares/1f95f5b9-5a4f-4e8d-ad2a-9a24e8e757a9 0.041s
2026-02-05 11:47:24,442 168296 DEBUG    [tempest.lib.common.rest_client] Request - Headers: {'Content-Type': 'application/json', 'Accept': 'application/json', 'x-openstack-manila-api-version': '2.90', 'X-Auth-Token': '<omitted>'}
        Body: None
    Response - Headers: {'date': 'Thu, 05 Feb 2026 11:47:24 GMT', 'server': 'Apache/2.4.58 (Ubuntu)', 'content-type': 'application/json', 'content-length': '1335', 'x-compute-request-id': 'req-20ac55e3-663c-4bdd-8297-793ba4eca5ac', 'x-openstack-manila-api-version': '2.90', 'vary': 'X-OpenStack-Manila-API-Version', 'x-openstack-request-id': 'req-20ac55e3-663c-4bdd-8297-793ba4eca5ac', 'connection': 'close', 'status': '200', 'content-location': 'http://10.132.46.216/share/v2/96217bf292714c32b4284238f05b685a/shares/1f95f5b9-5a4f-4e8d-ad2a-9a24e8e757a9'}
        Body: b'{"share": {"id": "1f95f5b9-5a4f-4e8d-ad2a-9a24e8e757a9", "size": 1, "availability_zone": null, "created_at": "2026-02-05T11:47:21.240270", "status": "error", "name": "tempest-tempest-share-name-425161122", "description": "Tempest\'s share", "project_id": "96217bf292714c32b4284238f05b685a", "snapshot_id": null, "share_network_id": null, "share_proto": "NFS", "metadata": {}, "share_type": "309a2cef-3015-416b-9e3f-332effbc7f02", "volume_type": "tempest-typeshare-type-1102626535", "links": [{"rel": "self", "href": "http://10.132.46.216/share/v2/96217bf292714c32b4284238f05b685a/shares/1f95f5b9-5a4f-4e8d-ad2a-9a24e8e757a9"}, {"rel": "bookmark", "href": "http://10.132.46.216/share/96217bf292714c32b4284238f05b685a/shares/1f95f5b9-5a4f-4e8d-ad2a-9a24e8e757a9"}], "is_public": false, "snapshot_support": false, "task_state": null, "share_type_name": "tempest-typeshare-type-1102626535", "access_rules_status": "active", "replication_type": null, "has_replicas": false, "user_id": "af8fbb0e94074499ba55f9478885870d", "create_share_from_snapshot_support": false, "revert_to_snapshot_support": false, "share_group_id": null, "source_share_group_snapshot_member_id": null, "mount_snapshot_support": false, "progress": null, "is_soft_deleted": false, "scheduled_to_be_deleted_at": null, "source_backup_id": null, "encryption_key_ref": null}}'



======
Totals
======
Ran: 646 tests in 250.6168 sec.
 - Passed: 441
 - Skipped: 144
 - Expected Fail: 0
 - Unexpected Success: 0
 - Failed: 61
Sum of execute time for each test: 226.3945 sec.

==============
Worker Balance
==============
 - Worker 0 (114 tests) => 0:01:37.842182
 - Worker 1 (181 tests) => 0:02:28.370536
 - Worker 2 (203 tests) => 0:04:01.796842
 - Worker 3 (148 tests) => 0:01:39.201813
