{3} setUpClass (manila_tempest_tests.tests.api.******.test_migration.MigrationOfShareWithSnapshotNFSTest) ... SKIPPED: Share migration tests are disabled.
{1} manila_tempest_tests.tests.api.******.test_******_actions_negative.AdminActionsAPIOnlyNegativeTest.test_force_delete_nonexistent_share [1.530642s] ... ok
{3} setUpClass (manila_tempest_tests.tests.api.******.test_migration.MigrationWithShareShrinkingNFSTest) ... SKIPPED: Share migration tests are disabled.
{1} manila_tempest_tests.tests.api.******.test_******_actions_negative.AdminActionsAPIOnlyNegativeTest.test_force_delete_nonexistent_share_instance [0.716175s] ... ok
{1} manila_tempest_tests.tests.api.******.test_******_actions_negative.AdminActionsAPIOnlyNegativeTest.test_force_delete_nonexistent_snapshot ... SKIPPED: Snapshot tests are disabled.
{1} manila_tempest_tests.tests.api.******.test_******_actions_negative.AdminActionsAPIOnlyNegativeTest.test_migration_API_invalid_microversion_1_migrate_share [0.214719s] ... ok
{1} manila_tempest_tests.tests.api.******.test_******_actions_negative.AdminActionsAPIOnlyNegativeTest.test_migration_API_invalid_microversion_2_migration_complete [0.008011s] ... ok
{1} manila_tempest_tests.tests.api.******.test_******_actions_negative.AdminActionsAPIOnlyNegativeTest.test_migration_API_invalid_microversion_3_reset_task_state [0.007147s] ... ok
{1} manila_tempest_tests.tests.api.******.test_******_actions_negative.AdminActionsAPIOnlyNegativeTest.test_migration_API_invalid_microversion_4_migration_get_progress [0.007301s] ... ok
{1} manila_tempest_tests.tests.api.******.test_******_actions_negative.AdminActionsAPIOnlyNegativeTest.test_migration_API_invalid_microversion_5_migration_cancel [0.007768s] ... ok
{1} manila_tempest_tests.tests.api.******.test_******_actions_negative.AdminActionsAPIOnlyNegativeTest.test_reset_nonexistent_share_instance_state [0.017861s] ... ok
{1} manila_tempest_tests.tests.api.******.test_******_actions_negative.AdminActionsAPIOnlyNegativeTest.test_reset_nonexistent_share_state [0.016385s] ... ok
{1} manila_tempest_tests.tests.api.******.test_******_actions_negative.AdminActionsAPIOnlyNegativeTest.test_reset_nonexistent_snapshot_state ... SKIPPED: Snapshot tests are disabled.
{1} manila_tempest_tests.tests.api.******.test_******_actions_negative.AdminActionsAPIOnlyNegativeTest.test_reset_task_state_share_not_found [0.307309s] ... ok
{1} manila_tempest_tests.tests.api.******.test_******_actions_negative.AdminActionsAPIOnlyNegativeTest.test_try_list_share_instance_with_member [0.009359s] ... ok
{3} setUpClass (manila_tempest_tests.tests.api.******.test_multi_backend.ShareMultiBackendTest) ... SKIPPED: Manila multi-backend tests are disabled.
{0} manila_tempest_tests.tests.api.******.test_export_locations.ExportLocationsTest.test_get_share_export_location [0.561348s] ... ok
{0} manila_tempest_tests.tests.api.******.test_export_locations.ExportLocationsTest.test_get_share_export_location_by_member [0.415470s] ... ok
{0} manila_tempest_tests.tests.api.******.test_export_locations.ExportLocationsTest.test_get_share_instance_export_location [0.266627s] ... ok
{0} manila_tempest_tests.tests.api.******.test_export_locations.ExportLocationsTest.test_list_share_export_locations [0.173099s] ... ok
{0} manila_tempest_tests.tests.api.******.test_export_locations.ExportLocationsTest.test_list_share_export_locations_by_member [0.161099s] ... ok
{0} manila_tempest_tests.tests.api.******.test_export_locations.ExportLocationsTest.test_list_share_export_locations_with_preferred_flag [0.124556s] ... ok
{0} manila_tempest_tests.tests.api.******.test_export_locations.ExportLocationsTest.test_list_share_instance_export_locations [0.092158s] ... ok
{0} manila_tempest_tests.tests.api.******.test_export_locations.ExportLocationsTest.test_list_share_instance_export_locations_with_preferred_flag [0.093252s] ... ok
{0} manila_tempest_tests.tests.api.******.test_export_locations.ExportLocationsTest.test_share_contains_all_export_locations_of_all_share_instances [0.262710s] ... ok
{1} manila_tempest_tests.tests.api.******.test_******_actions_negative.AdminActionsNegativeTest.test_reset_share_instance_state_to_unacceptable_state [0.019067s] ... ok
{1} manila_tempest_tests.tests.api.******.test_******_actions_negative.AdminActionsNegativeTest.test_reset_share_state_to_unacceptable_state [0.014765s] ... ok
{1} manila_tempest_tests.tests.api.******.test_******_actions_negative.AdminActionsNegativeTest.test_reset_snapshot_state_to_unacceptable_state ... SKIPPED: Snapshot tests are disabled.
{1} manila_tempest_tests.tests.api.******.test_******_actions_negative.AdminActionsNegativeTest.test_reset_task_state_invalid_state [0.013594s] ... ok
{1} manila_tempest_tests.tests.api.******.test_******_actions_negative.AdminActionsNegativeTest.test_try_force_delete_share_instance_with_member [0.101239s] ... ok
{1} manila_tempest_tests.tests.api.******.test_******_actions_negative.AdminActionsNegativeTest.test_try_force_delete_share_with_member [0.013019s] ... ok
{1} manila_tempest_tests.tests.api.******.test_******_actions_negative.AdminActionsNegativeTest.test_try_force_delete_snapshot_with_member ... SKIPPED: Snapshot tests are disabled.
{1} manila_tempest_tests.tests.api.******.test_******_actions_negative.AdminActionsNegativeTest.test_try_get_instances_of_share_with_member [0.015461s] ... ok
{1} manila_tempest_tests.tests.api.******.test_******_actions_negative.AdminActionsNegativeTest.test_try_get_share_instance_with_member [0.010268s] ... ok
{1} manila_tempest_tests.tests.api.******.test_******_actions_negative.AdminActionsNegativeTest.test_try_reset_share_instance_state_with_member [0.010663s] ... ok
{1} manila_tempest_tests.tests.api.******.test_******_actions_negative.AdminActionsNegativeTest.test_try_reset_share_state_with_member [0.008637s] ... ok
{1} manila_tempest_tests.tests.api.******.test_******_actions_negative.AdminActionsNegativeTest.test_try_reset_snapshot_state_with_member ... SKIPPED: Snapshot tests are disabled.
{2} manila_tempest_tests.tests.api.******.test_******_actions.AdminActionsTest.test_ensure_share_server_creation_when_dhss_enabled [0.034344s] ... ok
{1} manila_tempest_tests.tests.api.******.test_export_locations_negative.ExportLocationsNegativeTest.test_get_inexistent_share_export_location [0.062094s] ... ok
{1} manila_tempest_tests.tests.api.******.test_export_locations_negative.ExportLocationsNegativeTest.test_get_inexistent_share_instance_export_location [0.096915s] ... ok
{1} manila_tempest_tests.tests.api.******.test_export_locations_negative.ExportLocationsNegativeTest.test_get_share_export_location_by_different_project_user [0.245173s] ... ok
{1} manila_tempest_tests.tests.api.******.test_export_locations_negative.ExportLocationsNegativeTest.test_get_share_instance_export_locations_as_member [0.225477s] ... ok
{1} manila_tempest_tests.tests.api.******.test_export_locations_negative.ExportLocationsNegativeTest.test_list_share_export_locations_by_different_project_user [0.045478s] ... ok
{1} manila_tempest_tests.tests.api.******.test_export_locations_negative.ExportLocationsNegativeTest.test_list_share_instance_export_locations_as_member [0.013087s] ... ok
{0} setUpClass (manila_tempest_tests.tests.api.******.test_migration_negative.MigrationNegativeTest) ... SKIPPED: Share migration tests are disabled.
{0} setUpClass (manila_tempest_tests.tests.api.******.test_replication.ReplicationAdminTest) ... SKIPPED: Replication tests are disabled.
{0} setUpClass (manila_tempest_tests.tests.api.******.test_replication_actions.ReplicationActionsAdminTest) ... SKIPPED: Replication tests are disabled.
{0} manila_tempest_tests.tests.api.******.test_scheduler_stats.SchedulerStatsAdminTest.test_pool_list [0.610935s] ... ok
{0} manila_tempest_tests.tests.api.******.test_scheduler_stats.SchedulerStatsAdminTest.test_pool_list_detail [0.530611s] ... ok
{0} manila_tempest_tests.tests.api.******.test_scheduler_stats.SchedulerStatsAdminTest.test_pool_list_detail_with_filters [1.047033s] ... ok
{0} manila_tempest_tests.tests.api.******.test_scheduler_stats.SchedulerStatsAdminTest.test_pool_list_detail_with_filters_negative [0.518432s] ... ok
{0} manila_tempest_tests.tests.api.******.test_scheduler_stats.SchedulerStatsAdminTest.test_pool_list_with_filters [1.033189s] ... ok
{0} manila_tempest_tests.tests.api.******.test_scheduler_stats.SchedulerStatsAdminTest.test_pool_list_with_filters_negative [0.511529s] ... ok
{0} manila_tempest_tests.tests.api.******.test_scheduler_stats.SchedulerStatsAdminTest.test_pool_list_with_share_type_filter_with_detail_1__True___name__ [0.537918s] ... ok
{2} manila_tempest_tests.tests.api.******.test_******_actions.AdminActionsTest.test_extend_share_force_1_True [13.194433s] ... ok
{0} manila_tempest_tests.tests.api.******.test_scheduler_stats.SchedulerStatsAdminTest.test_pool_list_with_share_type_filter_with_detail_2__True___id__ [0.581447s] ... ok
{0} manila_tempest_tests.tests.api.******.test_scheduler_stats.SchedulerStatsAdminTest.test_pool_list_with_share_type_filter_with_detail_3__False___name__ [0.535778s] ... ok
{0} manila_tempest_tests.tests.api.******.test_scheduler_stats.SchedulerStatsAdminTest.test_pool_list_with_share_type_filter_with_detail_4__False___id__ [0.534619s] ... ok
{0} manila_tempest_tests.tests.api.******.test_scheduler_stats.SchedulerStatsAdminTest.test_pool_list_with_share_type_filter_with_detail_negative_1__True___name__ [0.542448s] ... ok
{1} setUpClass (manila_tempest_tests.tests.api.******.test_migration.MigrationCancelNFSTest) ... SKIPPED: Share migration tests are disabled.
{1} setUpClass (manila_tempest_tests.tests.api.******.test_scheduler_hints.SharesSchedulerHintsAdminTest) ... SKIPPED: Manila multi-backend tests are disabled.
{1} setUpClass (manila_tempest_tests.tests.api.******.test_share_groups_negative.ShareGroupsNegativeTest) ... SKIPPED: Share Group tests disabled.
{1} setUpClass (manila_tempest_tests.tests.api.******.test_share_manage.ManageHDFSShareTest) ... SKIPPED: hdfs tests are disabled
{1} setUpClass (manila_tempest_tests.tests.api.******.test_share_manage_negative.ManageCIFSShareNegativeTest) ... SKIPPED: cifs tests are disabled
{1} setUpClass (manila_tempest_tests.tests.api.******.test_share_manage_negative.ManageHDFSShareNegativeTest) ... SKIPPED: hdfs tests are disabled
{1} setUpClass (manila_tempest_tests.tests.api.******.test_share_snapshot_instances_negative.SnapshotInstancesNegativeTest) ... SKIPPED: Snapshot tests are disabled.
{1} setUpClass (manila_tempest_tests.tests.api.******.test_snapshot_export_locations_negative.SnapshotExportLocationsAPIOnlyNegativeTest) ... SKIPPED: Snapshot tests are disabled.
{1} setUpClass (manila_tempest_tests.tests.api.******.test_snapshot_export_locations_negative.SnapshotExportLocationsNegativeTest) ... SKIPPED: Snapshot tests are disabled.
{1} setUpClass (manila_tempest_tests.tests.api.******.test_snapshot_manage.ManageHDFSSnapshotTest) ... SKIPPED: Manage/unmanage snapshot tests are disabled.
{0} manila_tempest_tests.tests.api.******.test_scheduler_stats.SchedulerStatsAdminTest.test_pool_list_with_share_type_filter_with_detail_negative_2__True___id__ [0.543538s] ... ok
{0} manila_tempest_tests.tests.api.******.test_scheduler_stats.SchedulerStatsAdminTest.test_pool_list_with_share_type_filter_with_detail_negative_3__False___name__ [0.544321s] ... ok
{0} manila_tempest_tests.tests.api.******.test_scheduler_stats.SchedulerStatsAdminTest.test_pool_list_with_share_type_filter_with_detail_negative_4__False___id__ [0.598335s] ... ok
{0} manila_tempest_tests.tests.api.******.test_security_services.SecurityServiceAdminTest.test_list_security_services [0.345693s] ... ok
{3} manila_tempest_tests.tests.api.******.test_quotas.SharesAdminQuotasUpdateTest.test_quotas_usages [63.021084s] ... ok
{0} manila_tempest_tests.tests.api.******.test_security_services.SecurityServiceAdminTest.test_list_security_services_all_tenants [0.262050s] ... ok
{1} manila_tempest_tests.tests.api.******.test_user_messages.UserMessageTest.test_delete_message [3.967877s] ... ok
{3} manila_tempest_tests.tests.api.******.test_quotas.SharesAdminQuotasUpdateTest.test_reset_share_type_quotas_1___id___True_ [0.522787s] ... ok
{0} manila_tempest_tests.tests.api.******.test_security_services.SecurityServiceAdminTest.test_list_security_services_detailed_filter_by_ss_attributes [0.460311s] ... ok
{0} manila_tempest_tests.tests.api.******.test_security_services.SecurityServiceAdminTest.test_list_security_services_filter_by_share_network ... SKIPPED: Only for multitenancy.
{0} manila_tempest_tests.tests.api.******.test_security_services.SecurityServiceAdminTest.test_list_security_services_invalid_filters [0.158327s] ... ok
{3} manila_tempest_tests.tests.api.******.test_quotas.SharesAdminQuotasUpdateTest.test_reset_share_type_quotas_2___name___False_ [0.390717s] ... ok
{0} manila_tempest_tests.tests.api.******.test_security_services.SecurityServiceAdminTest.test_list_security_services_with_detail_1_2_42 [0.138772s] ... ok
{3} manila_tempest_tests.tests.api.******.test_quotas.SharesAdminQuotasUpdateTest.test_reset_tenant_quotas [0.149311s] ... ok
{0} manila_tempest_tests.tests.api.******.test_security_services.SecurityServiceAdminTest.test_list_security_services_with_detail_2_2_44 [0.105561s] ... ok
{0} manila_tempest_tests.tests.api.******.test_security_services.SecurityServiceAdminTest.test_list_security_services_with_detail_3_2_90 [0.116130s] ... ok
{3} manila_tempest_tests.tests.api.******.test_quotas.SharesAdminQuotasUpdateTest.test_set_share_type_quota_bigger_than_users_quota [0.257295s] ... ok
{3} manila_tempest_tests.tests.api.******.test_quotas.SharesAdminQuotasUpdateTest.test_share_group_quotas_usages ... SKIPPED: Share Group tests disabled.
{3} manila_tempest_tests.tests.api.******.test_quotas.SharesAdminQuotasUpdateTest.test_unlimited_quota_for_gigabytes [0.090717s] ... ok
{3} manila_tempest_tests.tests.api.******.test_quotas.SharesAdminQuotasUpdateTest.test_unlimited_quota_for_replica_quotas_1_share_replicas [0.089930s] ... ok
{3} manila_tempest_tests.tests.api.******.test_quotas.SharesAdminQuotasUpdateTest.test_unlimited_quota_for_replica_quotas_2_replica_gigabytes [0.080051s] ... ok
{3} manila_tempest_tests.tests.api.******.test_quotas.SharesAdminQuotasUpdateTest.test_unlimited_quota_for_share_groups ... SKIPPED: Share Group tests disabled.
{3} manila_tempest_tests.tests.api.******.test_quotas.SharesAdminQuotasUpdateTest.test_unlimited_quota_for_share_networks [0.088103s] ... ok
{3} manila_tempest_tests.tests.api.******.test_quotas.SharesAdminQuotasUpdateTest.test_unlimited_quota_for_shares [0.084545s] ... ok
{3} manila_tempest_tests.tests.api.******.test_quotas.SharesAdminQuotasUpdateTest.test_unlimited_quota_for_snapshot_gigabytes [0.076291s] ... ok
{3} manila_tempest_tests.tests.api.******.test_quotas.SharesAdminQuotasUpdateTest.test_unlimited_quota_for_snapshots [0.078039s] ... ok
{3} manila_tempest_tests.tests.api.******.test_quotas.SharesAdminQuotasUpdateTest.test_unlimited_user_quota_for_gigabytes [0.096368s] ... ok
{3} manila_tempest_tests.tests.api.******.test_quotas.SharesAdminQuotasUpdateTest.test_unlimited_user_quota_for_replica_quotas_1_share_replicas [0.116325s] ... ok
{3} manila_tempest_tests.tests.api.******.test_quotas.SharesAdminQuotasUpdateTest.test_unlimited_user_quota_for_replica_quotas_2_replica_gigabytes [0.099241s] ... ok
{3} manila_tempest_tests.tests.api.******.test_quotas.SharesAdminQuotasUpdateTest.test_unlimited_user_quota_for_share_group_snapshots ... SKIPPED: Share Group tests disabled.
{3} manila_tempest_tests.tests.api.******.test_quotas.SharesAdminQuotasUpdateTest.test_unlimited_user_quota_for_share_networks [0.102604s] ... ok
{3} manila_tempest_tests.tests.api.******.test_quotas.SharesAdminQuotasUpdateTest.test_unlimited_user_quota_for_shares [0.107824s] ... ok
{3} manila_tempest_tests.tests.api.******.test_quotas.SharesAdminQuotasUpdateTest.test_unlimited_user_quota_for_snapshot_gigabytes [0.095627s] ... ok
{3} manila_tempest_tests.tests.api.******.test_quotas.SharesAdminQuotasUpdateTest.test_unlimited_user_quota_for_snapshots [0.098841s] ... ok
{3} manila_tempest_tests.tests.api.******.test_quotas.SharesAdminQuotasUpdateTest.test_update_share_type_quota_1___id___True_ [0.433357s] ... ok
{3} manila_tempest_tests.tests.api.******.test_quotas.SharesAdminQuotasUpdateTest.test_update_share_type_quota_2___name___False_ [0.454332s] ... ok
{3} manila_tempest_tests.tests.api.******.test_quotas.SharesAdminQuotasUpdateTest.test_update_share_type_quotas_bigger_than_project_quota_1_11 [0.147622s] ... ok
{0} manila_tempest_tests.tests.api.******.test_services_negative.ServicesAdminNegativeTest.test_get_service_by_invalid_binary [0.185726s] ... ok
{0} manila_tempest_tests.tests.api.******.test_services_negative.ServicesAdminNegativeTest.test_get_service_by_invalid_host [0.020288s] ... ok
{3} manila_tempest_tests.tests.api.******.test_quotas.SharesAdminQuotasUpdateTest.test_update_share_type_quotas_bigger_than_project_quota_2__1 [0.201160s] ... ok
{0} manila_tempest_tests.tests.api.******.test_services_negative.ServicesAdminNegativeTest.test_get_service_by_invalid_params [0.048412s] ... ok
{0} manila_tempest_tests.tests.api.******.test_services_negative.ServicesAdminNegativeTest.test_get_service_by_invalid_state [0.015827s] ... ok
{0} manila_tempest_tests.tests.api.******.test_services_negative.ServicesAdminNegativeTest.test_get_service_by_invalid_status [0.011145s] ... ok
{3} manila_tempest_tests.tests.api.******.test_quotas.SharesAdminQuotasUpdateTest.test_update_tenant_quota_encryption_keys [0.079742s] ... ok
{0} manila_tempest_tests.tests.api.******.test_services_negative.ServicesAdminNegativeTest.test_get_service_by_invalid_zone [0.023371s] ... ok
{3} manila_tempest_tests.tests.api.******.test_quotas.SharesAdminQuotasUpdateTest.test_update_tenant_quota_gigabytes [0.096682s] ... ok
{3} manila_tempest_tests.tests.api.******.test_quotas.SharesAdminQuotasUpdateTest.test_update_tenant_quota_share_groups_1_share_groups ... SKIPPED: Share Group tests disabled.
{3} manila_tempest_tests.tests.api.******.test_quotas.SharesAdminQuotasUpdateTest.test_update_tenant_quota_share_groups_2_share_group_snapshots ... SKIPPED: Share Group tests disabled.
{0} manila_tempest_tests.tests.api.******.test_services_negative.ServicesAdminNegativeTest.test_list_services_with_non_******_user [0.097926s] ... ok
{0} manila_tempest_tests.tests.api.******.test_services_negative.ServicesAdminNegativeTest.test_list_services_with_wrong_versions_1___os_services____2_7__ [0.011922s] ... ok
{0} manila_tempest_tests.tests.api.******.test_services_negative.ServicesAdminNegativeTest.test_list_services_with_wrong_versions_2___services____2_6__ [0.010033s] ... ok
{0} manila_tempest_tests.tests.api.******.test_services_negative.ServicesAdminNegativeTest.test_list_services_with_wrong_versions_3___services____2_0__ [0.009211s] ... ok
{3} manila_tempest_tests.tests.api.******.test_quotas.SharesAdminQuotasUpdateTest.test_update_tenant_quota_share_networks [0.090349s] ... ok
{3} manila_tempest_tests.tests.api.******.test_quotas.SharesAdminQuotasUpdateTest.test_update_tenant_quota_shares [0.090557s] ... ok
{3} manila_tempest_tests.tests.api.******.test_quotas.SharesAdminQuotasUpdateTest.test_update_tenant_quota_snapshot_gigabytes [0.099263s] ... ok
{3} manila_tempest_tests.tests.api.******.test_quotas.SharesAdminQuotasUpdateTest.test_update_tenant_quota_snapshots [0.080562s] ... ok
{3} manila_tempest_tests.tests.api.******.test_quotas.SharesAdminQuotasUpdateTest.test_update_user_quota_gigabytes [0.092215s] ... ok
{3} manila_tempest_tests.tests.api.******.test_quotas.SharesAdminQuotasUpdateTest.test_update_user_quota_replica_related_1___share_replicas___False_ [0.089162s] ... ok
{3} manila_tempest_tests.tests.api.******.test_quotas.SharesAdminQuotasUpdateTest.test_update_user_quota_replica_related_2___share_replicas___True_ [0.088407s] ... ok
{3} manila_tempest_tests.tests.api.******.test_quotas.SharesAdminQuotasUpdateTest.test_update_user_quota_replica_related_3___replica_gigabytes___False_ [0.072828s] ... ok
{3} manila_tempest_tests.tests.api.******.test_quotas.SharesAdminQuotasUpdateTest.test_update_user_quota_replica_related_4___replica_gigabytes___True_ [0.082984s] ... ok
{3} manila_tempest_tests.tests.api.******.test_quotas.SharesAdminQuotasUpdateTest.test_update_user_quota_share_groups_1_share_groups ... SKIPPED: Share Group tests disabled.
{3} manila_tempest_tests.tests.api.******.test_quotas.SharesAdminQuotasUpdateTest.test_update_user_quota_share_groups_2_share_group_snapshots ... SKIPPED: Share Group tests disabled.
{3} manila_tempest_tests.tests.api.******.test_quotas.SharesAdminQuotasUpdateTest.test_update_user_quota_share_networks [0.080356s] ... ok
{3} manila_tempest_tests.tests.api.******.test_quotas.SharesAdminQuotasUpdateTest.test_update_user_quota_shares [0.105072s] ... ok
{3} manila_tempest_tests.tests.api.******.test_quotas.SharesAdminQuotasUpdateTest.test_update_user_quota_snapshot_gigabytes [0.083795s] ... ok
{3} manila_tempest_tests.tests.api.******.test_quotas.SharesAdminQuotasUpdateTest.test_update_user_quota_snapshots [0.090852s] ... ok
{3} manila_tempest_tests.tests.api.******.test_quotas.SharesAdminQuotasUpdateTest.test_update_user_quotas_bigger_than_project_quota_1_11 [0.129923s] ... ok
{3} manila_tempest_tests.tests.api.******.test_quotas.SharesAdminQuotasUpdateTest.test_update_user_quotas_bigger_than_project_quota_2__1 [0.138296s] ... ok
{2} manila_tempest_tests.tests.api.******.test_******_actions.AdminActionsTest.test_extend_share_force_2_False [13.095596s] ... ok
{0} setUpClass (manila_tempest_tests.tests.api.******.test_share_manage.ManageCephFSShareTest) ... SKIPPED: cephfs tests are disabled
{0} setUpClass (manila_tempest_tests.tests.api.******.test_share_manage_negative.ManageCephFSShareNegativeTest) ... SKIPPED: cephfs tests are disabled
{0} setUpClass (manila_tempest_tests.tests.api.******.test_share_manage_negative.ManageMapRFSShareNegativeTest) ... SKIPPED: maprfs tests are disabled
{1} manila_tempest_tests.tests.api.******.test_user_messages.UserMessageTest.test_list_messages [6.687585s] ... ok
{3} setUpClass (manila_tempest_tests.tests.api.******.test_quotas_negative.ReplicaQuotasNegativeTest) ... SKIPPED: Replication tests are disabled.
{3} manila_tempest_tests.tests.api.******.test_quotas_negative.SharesAdminQuotasNegativeTest.test_create_share_group_with_exceeding_quota_limit ... SKIPPED: Share Group tests disabled.
{1} manila_tempest_tests.tests.api.******.test_user_messages.UserMessageTest.test_list_messages_filtered [13.239125s] ... ok
{2} manila_tempest_tests.tests.api.******.test_******_actions.AdminActionsTest.test_force_delete_share [18.956467s] ... ok
{3} manila_tempest_tests.tests.api.******.test_quotas_negative.SharesAdminQuotasNegativeTest.test_create_share_over_quota_limit [18.595355s] ... ok
{3} manila_tempest_tests.tests.api.******.test_quotas_negative.SharesAdminQuotasNegativeTest.test_create_share_with_size_bigger_than_quota [0.086962s] ... ok
{3} manila_tempest_tests.tests.api.******.test_quotas_negative.SharesAdminQuotasNegativeTest.test_create_snapshot_over_quota_limit ... SKIPPED: Snapshot tests are disabled.
{3} manila_tempest_tests.tests.api.******.test_quotas_negative.SharesAdminQuotasNegativeTest.test_get_quotas_with_empty_tenant_id [0.006972s] ... ok
{3} manila_tempest_tests.tests.api.******.test_quotas_negative.SharesAdminQuotasNegativeTest.test_quotas_providing_share_type_and_user_id_1_show [0.031010s] ... ok
{3} manila_tempest_tests.tests.api.******.test_quotas_negative.SharesAdminQuotasNegativeTest.test_quotas_providing_share_type_and_user_id_2_reset [0.026242s] ... ok
{3} manila_tempest_tests.tests.api.******.test_quotas_negative.SharesAdminQuotasNegativeTest.test_quotas_providing_share_type_and_user_id_3_update [0.039218s] ... ok
{3} manila_tempest_tests.tests.api.******.test_quotas_negative.SharesAdminQuotasNegativeTest.test_reset_quotas_with_empty_tenant_id [0.007202s] ... ok
{3} manila_tempest_tests.tests.api.******.test_quotas_negative.SharesAdminQuotasNegativeTest.test_share_group_quotas_using_too_old_microversion_1_share_groups [0.019145s] ... ok
{3} manila_tempest_tests.tests.api.******.test_quotas_negative.SharesAdminQuotasNegativeTest.test_share_group_quotas_using_too_old_microversion_2_share_group_snapshots [0.019824s] ... ok
{3} manila_tempest_tests.tests.api.******.test_quotas_negative.SharesAdminQuotasNegativeTest.test_share_replica_quotas_using_too_old_microversion_1_share_replicas [0.019237s] ... ok
{3} manila_tempest_tests.tests.api.******.test_quotas_negative.SharesAdminQuotasNegativeTest.test_share_replica_quotas_using_too_old_microversion_2_replica_gigabytes [0.023517s] ... ok
{3} manila_tempest_tests.tests.api.******.test_quotas_negative.SharesAdminQuotasNegativeTest.test_share_type_quotas_using_nonexistent_share_type_1_show [0.015172s] ... ok
{3} manila_tempest_tests.tests.api.******.test_quotas_negative.SharesAdminQuotasNegativeTest.test_share_type_quotas_using_nonexistent_share_type_2_reset [0.013552s] ... ok
{3} manila_tempest_tests.tests.api.******.test_quotas_negative.SharesAdminQuotasNegativeTest.test_share_type_quotas_using_nonexistent_share_type_3_update [0.031780s] ... ok
{3} manila_tempest_tests.tests.api.******.test_quotas_negative.SharesAdminQuotasNegativeTest.test_share_type_quotas_using_too_old_microversion_1_show [0.028474s] ... ok
{3} manila_tempest_tests.tests.api.******.test_quotas_negative.SharesAdminQuotasNegativeTest.test_share_type_quotas_using_too_old_microversion_2_reset [0.041119s] ... ok
{3} manila_tempest_tests.tests.api.******.test_quotas_negative.SharesAdminQuotasNegativeTest.test_share_type_quotas_using_too_old_microversion_3_update [0.048169s] ... ok
{3} manila_tempest_tests.tests.api.******.test_quotas_negative.SharesAdminQuotasNegativeTest.test_show_quota_detail_with_wrong_versions [0.006928s] ... ok
{3} manila_tempest_tests.tests.api.******.test_quotas_negative.SharesAdminQuotasNegativeTest.test_show_quotas_with_wrong_versions_01___quota_sets____2_0____show_quotas__ [0.007116s] ... ok
{3} manila_tempest_tests.tests.api.******.test_quotas_negative.SharesAdminQuotasNegativeTest.test_show_quotas_with_wrong_versions_02___quota_sets____2_0____default_quotas__ [0.007194s] ... ok
{3} manila_tempest_tests.tests.api.******.test_quotas_negative.SharesAdminQuotasNegativeTest.test_show_quotas_with_wrong_versions_03___quota_sets____2_0____reset_quotas__ [0.006475s] ... ok
{3} manila_tempest_tests.tests.api.******.test_quotas_negative.SharesAdminQuotasNegativeTest.test_show_quotas_with_wrong_versions_04___quota_sets____2_0____update_quotas__ [0.005862s] ... ok
{3} manila_tempest_tests.tests.api.******.test_quotas_negative.SharesAdminQuotasNegativeTest.test_show_quotas_with_wrong_versions_05___quota_sets____2_6____show_quotas__ [0.005940s] ... ok
{3} manila_tempest_tests.tests.api.******.test_quotas_negative.SharesAdminQuotasNegativeTest.test_show_quotas_with_wrong_versions_06___quota_sets____2_6____default_quotas__ [0.005821s] ... ok
{3} manila_tempest_tests.tests.api.******.test_quotas_negative.SharesAdminQuotasNegativeTest.test_show_quotas_with_wrong_versions_07___quota_sets____2_6____reset_quotas__ [0.010447s] ... ok
{3} manila_tempest_tests.tests.api.******.test_quotas_negative.SharesAdminQuotasNegativeTest.test_show_quotas_with_wrong_versions_08___quota_sets____2_6____update_quotas__ [0.005889s] ... ok
{3} manila_tempest_tests.tests.api.******.test_quotas_negative.SharesAdminQuotasNegativeTest.test_show_quotas_with_wrong_versions_09___os_quota_sets____2_7____show_quotas__ [0.006366s] ... ok
{3} manila_tempest_tests.tests.api.******.test_quotas_negative.SharesAdminQuotasNegativeTest.test_show_quotas_with_wrong_versions_10___os_quota_sets____2_7____default_quotas__ [0.006433s] ... ok
{3} manila_tempest_tests.tests.api.******.test_quotas_negative.SharesAdminQuotasNegativeTest.test_show_quotas_with_wrong_versions_11___os_quota_sets____2_7____reset_quotas__ [0.007248s] ... ok
{3} manila_tempest_tests.tests.api.******.test_quotas_negative.SharesAdminQuotasNegativeTest.test_show_quotas_with_wrong_versions_12___os_quota_sets____2_7____update_quotas__ [0.011360s] ... ok
{3} manila_tempest_tests.tests.api.******.test_quotas_negative.SharesAdminQuotasNegativeTest.test_try_set_user_quota_gigabytes_bigger_than_tenant_quota [0.052098s] ... ok
{3} manila_tempest_tests.tests.api.******.test_quotas_negative.SharesAdminQuotasNegativeTest.test_try_set_user_quota_replicas_bigger_than_tenant_quota_1_share_replicas [0.051444s] ... ok
{3} manila_tempest_tests.tests.api.******.test_quotas_negative.SharesAdminQuotasNegativeTest.test_try_set_user_quota_replicas_bigger_than_tenant_quota_2_replica_gigabytes [0.058532s] ... ok
{3} manila_tempest_tests.tests.api.******.test_quotas_negative.SharesAdminQuotasNegativeTest.test_try_set_user_quota_share_networks_bigger_than_tenant_quota [0.058816s] ... ok
{3} manila_tempest_tests.tests.api.******.test_quotas_negative.SharesAdminQuotasNegativeTest.test_try_set_user_quota_shares_bigger_than_tenant_quota [0.056105s] ... ok
{3} manila_tempest_tests.tests.api.******.test_quotas_negative.SharesAdminQuotasNegativeTest.test_try_set_user_quota_snap_gigabytes_bigger_than_tenant_quota [0.057932s] ... ok
{3} manila_tempest_tests.tests.api.******.test_quotas_negative.SharesAdminQuotasNegativeTest.test_try_set_user_quota_snaps_bigger_than_tenant_quota [0.070712s] ... ok
{3} manila_tempest_tests.tests.api.******.test_quotas_negative.SharesAdminQuotasNegativeTest.test_try_update_share_type_quota_for_share_groups_1_share_groups [0.055494s] ... ok
{3} manila_tempest_tests.tests.api.******.test_quotas_negative.SharesAdminQuotasNegativeTest.test_try_update_share_type_quota_for_share_groups_2_share_group_snapshots [0.051186s] ... ok
{3} manila_tempest_tests.tests.api.******.test_quotas_negative.SharesAdminQuotasNegativeTest.test_try_update_share_type_quota_for_share_networks_1_id [0.071195s] ... ok
{3} manila_tempest_tests.tests.api.******.test_quotas_negative.SharesAdminQuotasNegativeTest.test_try_update_share_type_quota_for_share_networks_2_name [0.072856s] ... ok
{3} manila_tempest_tests.tests.api.******.test_quotas_negative.SharesAdminQuotasNegativeTest.test_update_quota_with_wrong_data_1 [0.035089s] ... ok
{3} manila_tempest_tests.tests.api.******.test_quotas_negative.SharesAdminQuotasNegativeTest.test_update_quota_with_wrong_data_2 [0.027159s] ... ok
{3} manila_tempest_tests.tests.api.******.test_quotas_negative.SharesAdminQuotasNegativeTest.test_update_quota_with_wrong_data_3 [0.030488s] ... ok
{3} manila_tempest_tests.tests.api.******.test_quotas_negative.SharesAdminQuotasNegativeTest.test_update_quota_with_wrong_data_4 [0.028026s] ... ok
{3} manila_tempest_tests.tests.api.******.test_quotas_negative.SharesAdminQuotasNegativeTest.test_update_quota_with_wrong_data_5 [0.029759s] ... ok
{3} manila_tempest_tests.tests.api.******.test_quotas_negative.SharesAdminQuotasNegativeTest.test_update_quota_with_wrong_data_6 [0.027826s] ... ok
{3} manila_tempest_tests.tests.api.******.test_quotas_negative.SharesAdminQuotasNegativeTest.test_update_replica_quotas_wrong_data_1 [0.028545s] ... ok
{3} manila_tempest_tests.tests.api.******.test_quotas_negative.SharesAdminQuotasNegativeTest.test_update_replica_quotas_wrong_data_2 [0.030400s] ... ok
{3} manila_tempest_tests.tests.api.******.test_quotas_negative.SharesAdminQuotasNegativeTest.test_update_sg_quota_with_wrong_data_1 ... SKIPPED: Share Group tests disabled.
{3} manila_tempest_tests.tests.api.******.test_quotas_negative.SharesAdminQuotasNegativeTest.test_update_sg_quota_with_wrong_data_2 ... SKIPPED: Share Group tests disabled.
{3} manila_tempest_tests.tests.api.******.test_quotas_negative.SharesAdminQuotasNegativeTest.test_update_share_type_quotas_bigger_than_project_quota_1_11 [0.140658s] ... ok
{3} manila_tempest_tests.tests.api.******.test_quotas_negative.SharesAdminQuotasNegativeTest.test_update_share_type_quotas_bigger_than_project_quota_2__1 [0.112597s] ... ok
{1} manila_tempest_tests.tests.api.******.test_user_messages.UserMessageTest.test_list_messages_sorted_and_paginated [19.990743s] ... ok
{0} manila_tempest_tests.tests.api.******.test_share_manage_negative.ManageNFSShareNegativeTest.test_delete_share_in_manage_error [38.127063s] ... ok
{3} setUpClass (manila_tempest_tests.tests.api.******.test_share_group_types_negative.ShareGroupTypesAdminNegativeTest) ... SKIPPED: Share Group tests disabled.
{3} setUpClass (manila_tempest_tests.tests.api.******.test_share_manage.ManageGLUSTERFSShareTest) ... SKIPPED: glusterfs tests are disabled
{3} setUpClass (manila_tempest_tests.tests.api.******.test_share_manage.ManageMapRFSShareTest) ... SKIPPED: maprfs tests are disabled
{1} manila_tempest_tests.tests.api.******.test_user_messages.UserMessageTest.test_list_messages_with_since_and_before_filters [13.247370s] ... ok
{1} manila_tempest_tests.tests.api.******.test_user_messages.UserMessageTest.test_show_message [6.701292s] ... ok
{2} manila_tempest_tests.tests.api.******.test_******_actions.AdminActionsTest.test_force_delete_share_instance [39.950595s] ... ok
{2} manila_tempest_tests.tests.api.******.test_******_actions.AdminActionsTest.test_force_delete_snapshot ... SKIPPED: Snapshot tests are disabled.
{2} manila_tempest_tests.tests.api.******.test_******_actions.AdminActionsTest.test_reset_share_instance_state_1_error [0.195343s] ... ok
{2} manila_tempest_tests.tests.api.******.test_******_actions.AdminActionsTest.test_reset_share_instance_state_2_available [0.174528s] ... ok
{2} manila_tempest_tests.tests.api.******.test_******_actions.AdminActionsTest.test_reset_share_instance_state_3_error_deleting [0.210025s] ... ok
{2} manila_tempest_tests.tests.api.******.test_******_actions.AdminActionsTest.test_reset_share_instance_state_4_deleting [0.185957s] ... ok
{2} manila_tempest_tests.tests.api.******.test_******_actions.AdminActionsTest.test_reset_share_instance_state_5_creating [0.197393s] ... ok
{2} manila_tempest_tests.tests.api.******.test_******_actions.AdminActionsTest.test_reset_share_state_1_error [0.291681s] ... ok
{2} manila_tempest_tests.tests.api.******.test_******_actions.AdminActionsTest.test_reset_share_state_2_available [0.290434s] ... ok
{2} manila_tempest_tests.tests.api.******.test_******_actions.AdminActionsTest.test_reset_share_state_3_error_deleting [0.276001s] ... ok
{2} manila_tempest_tests.tests.api.******.test_******_actions.AdminActionsTest.test_reset_share_state_4_deleting [0.256993s] ... ok
{2} manila_tempest_tests.tests.api.******.test_******_actions.AdminActionsTest.test_reset_share_state_5_creating [0.250052s] ... ok
{2} manila_tempest_tests.tests.api.******.test_******_actions.AdminActionsTest.test_reset_share_task_state [0.556959s] ... ok
{2} manila_tempest_tests.tests.api.******.test_******_actions.AdminActionsTest.test_reset_snapshot_state_1_error ... SKIPPED: Snapshot tests are disabled.
{2} manila_tempest_tests.tests.api.******.test_******_actions.AdminActionsTest.test_reset_snapshot_state_2_available ... SKIPPED: Snapshot tests are disabled.
{2} manila_tempest_tests.tests.api.******.test_******_actions.AdminActionsTest.test_reset_snapshot_state_3_error_deleting ... SKIPPED: Snapshot tests are disabled.
{2} manila_tempest_tests.tests.api.******.test_******_actions.AdminActionsTest.test_reset_snapshot_state_4_deleting ... SKIPPED: Snapshot tests are disabled.
{2} manila_tempest_tests.tests.api.******.test_******_actions.AdminActionsTest.test_reset_snapshot_state_5_creating ... SKIPPED: Snapshot tests are disabled.
{1} manila_tempest_tests.tests.api.******.test_user_messages_negative.UserMessageNegativeTest.test_delete_message_of_other_tenants [7.069855s] ... ok
{1} manila_tempest_tests.tests.api.******.test_user_messages_negative.UserMessageNegativeTest.test_delete_nonexistent_message [6.621088s] ... ok
{1} manila_tempest_tests.tests.api.******.test_user_messages_negative.UserMessageNegativeTest.test_list_messages_with_invalid_time_format [6.654779s] ... ok
{3} manila_tempest_tests.tests.api.******.test_share_manage.ManageNFSShareTest.test_manage [37.648822s] ... ok
{2} manila_tempest_tests.tests.api.******.test_export_locations_negative.ExportLocationsAPIOnlyNegativeTest.test_get_export_locations_by_nonexistent_share [0.102051s] ... ok
{2} manila_tempest_tests.tests.api.******.test_export_locations_negative.ExportLocationsAPIOnlyNegativeTest.test_get_export_locations_by_nonexistent_share_instance [0.019900s] ... ok
{1} manila_tempest_tests.tests.api.******.test_user_messages_negative.UserMessageNegativeTest.test_show_message_of_other_tenants [6.640972s] ... ok
{2} setUpClass (manila_tempest_tests.tests.api.******.test_migration.MigrationOppositeDriverModesNFSTest) ... SKIPPED: Share migration tests are disabled.
{2} setUpClass (manila_tempest_tests.tests.api.******.test_migration.MigrationTwoPhaseNFSTest) ... SKIPPED: Share migration tests are disabled.
{2} setUpClass (manila_tempest_tests.tests.api.******.test_migration.MigrationWithDifferentSnapshotSupportNFSTest) ... SKIPPED: Share migration tests are disabled.
{2} setUpClass (manila_tempest_tests.tests.api.******.test_migration.MigrationWithShareExtendingNFSTest) ... SKIPPED: Share migration tests are disabled.
{2} manila_tempest_tests.tests.api.******.test_quotas.SharesAdminQuotasTest.test_default_quotas [0.014376s] ... ok
{2} manila_tempest_tests.tests.api.******.test_quotas.SharesAdminQuotasTest.test_show_quotas [0.014042s] ... ok
{2} manila_tempest_tests.tests.api.******.test_quotas.SharesAdminQuotasTest.test_show_quotas_for_user [0.015679s] ... ok
{2} manila_tempest_tests.tests.api.******.test_quotas.SharesAdminQuotasTest.test_show_replica_quotas_for_user_using_too_old_microversion [0.016194s] ... ok
{2} manila_tempest_tests.tests.api.******.test_quotas.SharesAdminQuotasTest.test_show_sg_quotas_for_user_using_too_old_microversion [0.017088s] ... ok
{2} manila_tempest_tests.tests.api.******.test_quotas.SharesAdminQuotasTest.test_show_sg_quotas_using_too_old_microversion [0.016388s] ... ok
{2} manila_tempest_tests.tests.api.******.test_quotas.SharesAdminQuotasTest.test_show_share_type_quotas_1___id___True_ [0.124183s] ... ok
{2} manila_tempest_tests.tests.api.******.test_quotas.SharesAdminQuotasTest.test_show_share_type_quotas_2___name___False_ [0.153908s] ... ok
{1} manila_tempest_tests.tests.api.******.test_user_messages_negative.UserMessageNegativeTest.test_show_nonexistent_message [6.612059s] ... ok
{2} manila_tempest_tests.tests.api.******.test_services.ServicesAdminTest.test_get_services_by_all_filters [0.210847s] ... ok
{2} manila_tempest_tests.tests.api.******.test_services.ServicesAdminTest.test_get_services_by_availability_zone [0.034663s] ... ok
{2} manila_tempest_tests.tests.api.******.test_services.ServicesAdminTest.test_get_services_by_binary_name [0.035162s] ... ok
{2} manila_tempest_tests.tests.api.******.test_services.ServicesAdminTest.test_get_services_by_host_name [0.031409s] ... ok
{2} manila_tempest_tests.tests.api.******.test_services.ServicesAdminTest.test_get_services_by_state [0.038391s] ... ok
{2} manila_tempest_tests.tests.api.******.test_services.ServicesAdminTest.test_get_services_by_status [0.038005s] ... ok
{2} manila_tempest_tests.tests.api.******.test_services.ServicesAdminTest.test_list_services [0.033374s] ... ok
{2} setUpClass (manila_tempest_tests.tests.api.******.test_share_group_types.ShareGroupTypesTest) ... SKIPPED: Share Group tests disabled.
{2} setUpClass (manila_tempest_tests.tests.api.******.test_share_groups.ShareGroupsTest) ... SKIPPED: Share Group tests disabled.
{1} setUpClass (manila_tempest_tests.tests.api.test_backup.ShareBackupTest) ... SKIPPED: Share backup tests are disabled.
{1} setUpClass (manila_tempest_tests.tests.api.test_metadata.SharesMetadataCEPHFSTest) ... SKIPPED: CEPHFS filesystem metadata tests are disabled for the cephfs protocol.
{1} manila_tempest_tests.tests.api.test_metadata_negative.SharesMetadataNegativeTest.test_try_delete_unexisting_metadata [0.099488s] ... ok
{1} manila_tempest_tests.tests.api.test_metadata_negative.SharesMetadataNegativeTest.test_try_set_metadata_with_empty_key [0.036929s] ... ok
{1} manila_tempest_tests.tests.api.test_metadata_negative.SharesMetadataNegativeTest.test_try_set_metadata_with_too_big_key [0.033810s] ... ok
{1} manila_tempest_tests.tests.api.test_metadata_negative.SharesMetadataNegativeTest.test_try_set_metadata_with_too_big_value [0.037383s] ... ok
{1} manila_tempest_tests.tests.api.test_metadata_negative.SharesMetadataNegativeTest.test_try_update_metadata_with_empty_key [0.047384s] ... ok
{1} manila_tempest_tests.tests.api.test_metadata_negative.SharesMetadataNegativeTest.test_try_update_metadata_with_too_big_key [0.039433s] ... ok
{1} manila_tempest_tests.tests.api.test_metadata_negative.SharesMetadataNegativeTest.test_try_update_metadata_with_too_big_value [0.045365s] ... ok
{0} manila_tempest_tests.tests.api.******.test_share_manage_negative.ManageNFSShareNegativeTest.test_manage_invalid_param_manage_error [60.080682s] ... ok
{2} manila_tempest_tests.tests.api.******.test_share_instances.ShareInstancesTest.test_get_instances_of_share_v2_3 [0.028240s] ... ok
{2} manila_tempest_tests.tests.api.******.test_share_instances.ShareInstancesTest.test_get_share_instance_1_2_3 [0.081894s] ... ok
{2} manila_tempest_tests.tests.api.******.test_share_instances.ShareInstancesTest.test_get_share_instance_2_2_9 [0.080824s] ... ok
{2} manila_tempest_tests.tests.api.******.test_share_instances.ShareInstancesTest.test_get_share_instance_3_2_10 [0.067633s] ... ok
{2} manila_tempest_tests.tests.api.******.test_share_instances.ShareInstancesTest.test_get_share_instance_4_2_30 [0.072070s] ... ok
{2} manila_tempest_tests.tests.api.******.test_share_instances.ShareInstancesTest.test_get_share_instance_5_2_54 [0.061310s] ... ok
{2} manila_tempest_tests.tests.api.******.test_share_instances.ShareInstancesTest.test_list_share_instances_v2_3 [0.023243s] ... ok
{2} manila_tempest_tests.tests.api.******.test_share_instances.ShareInstancesTest.test_list_share_instances_with_export_location_path_and_id_1_path [0.152543s] ... ok
{2} manila_tempest_tests.tests.api.******.test_share_instances.ShareInstancesTest.test_list_share_instances_with_export_location_path_and_id_2_id [0.170228s] ... ok
{3} manila_tempest_tests.tests.api.******.test_share_manage.ManageNFSShareTest.test_manage_show_user_id [40.666141s] ... ok
{1} setUpClass (manila_tempest_tests.tests.api.test_replication.ReplicationTest) ... SKIPPED: Replication tests are disabled.
{1} setUpClass (manila_tempest_tests.tests.api.test_replication_negative.ReplicationNegativeTest) ... SKIPPED: Replication tests are disabled.
{1} setUpClass (manila_tempest_tests.tests.api.test_replication_snapshots.ReplicationSnapshotTest) ... SKIPPED: Replication tests are disabled.
{1} manila_tempest_tests.tests.api.test_resource_locks_negative.ResourceLockNegativeTestAPIOnly.test_create_resource_lock_invalid_resource [0.165149s] ... ok
{1} manila_tempest_tests.tests.api.test_resource_locks_negative.ResourceLockNegativeTestAPIOnly.test_delete_resource_lock_invalid [0.022604s] ... ok
{1} setUpClass (manila_tempest_tests.tests.api.test_revert_to_snapshot.RevertToSnapshotTest) ... SKIPPED: Revert to snapshot tests are disabled.
{1} setUpClass (manila_tempest_tests.tests.api.test_revert_to_snapshot_negative.RevertToSnapshotNegativeTest) ... SKIPPED: Revert to snapshot tests are disabled.
{1} setUpClass (manila_tempest_tests.tests.api.test_rules.ShareCephxRulesForCephFSTest) ... SKIPPED: Cephx rule tests for cephfs protocol are disabled.
{2} manila_tempest_tests.tests.api.******.test_share_instances_negative.ShareInstancesNegativeTest.test_list_share_instances_with_export_location_and_invalid_version_1_path [0.058296s] ... ok
{2} manila_tempest_tests.tests.api.******.test_share_instances_negative.ShareInstancesNegativeTest.test_list_share_instances_with_export_location_and_invalid_version_2_id [0.043759s] ... ok
{2} manila_tempest_tests.tests.api.******.test_share_instances_negative.ShareInstancesNegativeTest.test_list_share_instances_with_export_location_not_exist_1_path [0.023289s] ... ok
{2} manila_tempest_tests.tests.api.******.test_share_instances_negative.ShareInstancesNegativeTest.test_list_share_instances_with_export_location_not_exist_2_id [0.017500s] ... ok
{0} manila_tempest_tests.tests.api.******.test_share_manage_negative.ManageNFSShareNegativeTest.test_manage_invalid_param_raises_exception [40.853449s] ... ok
{3} manila_tempest_tests.tests.api.******.test_share_manage.ManageNFSShareTest.test_manage_with_is_public_True [40.680113s] ... ok
{2} setUpClass (manila_tempest_tests.tests.api.******.test_share_manage.ManageCIFSShareTest) ... SKIPPED: cifs tests are disabled
{2} setUpClass (manila_tempest_tests.tests.api.******.test_share_manage_negative.ManageGLUSTERFSShareNegativeTest) ... SKIPPED: glusterfs tests are disabled
{2} setUpClass (manila_tempest_tests.tests.api.******.test_share_servers_manage_negative.ManageShareServersNegativeTest) ... SKIPPED: Multitenancy tests are disabled.
{2} setUpClass (manila_tempest_tests.tests.api.******.test_share_servers_migration_negative.ShareServerMigrationStartNegativesCIFS) ... SKIPPED: cifs tests are disabled.
{2} setUpClass (manila_tempest_tests.tests.api.******.test_share_snapshot_instances_negative.SnapshotInstancesNegativeNoResourceTest) ... SKIPPED: Snapshot tests are disabled.
{2} manila_tempest_tests.tests.api.******.test_share_types.ShareTypesAdminTest.test_get_share_with_share_type [15.938755s] ... ok
{0} manila_tempest_tests.tests.api.******.test_share_manage_negative.ManageNFSShareNegativeTest.test_manage_share_duplicate [38.019029s] ... ok
{0} manila_tempest_tests.tests.api.******.test_share_manage_negative.ManageNFSShareNegativeTest.test_manage_share_without_share_server_id ... SKIPPED: Multitenancy tests are disabled.
{2} manila_tempest_tests.tests.api.******.test_share_types.ShareTypesAdminTest.test_private_share_type_access [0.394255s] ... ok
{2} manila_tempest_tests.tests.api.******.test_share_types.ShareTypesAdminTest.test_share_type_create_delete [0.084715s] ... ok
{2} manila_tempest_tests.tests.api.******.test_share_types.ShareTypesAdminTest.test_share_type_create_get_1_2_0 [0.040781s] ... ok
{2} manila_tempest_tests.tests.api.******.test_share_types.ShareTypesAdminTest.test_share_type_create_get_2_2_6 [0.037204s] ... ok
{2} manila_tempest_tests.tests.api.******.test_share_types.ShareTypesAdminTest.test_share_type_create_get_3_2_7 [0.040806s] ... ok
{2} manila_tempest_tests.tests.api.******.test_share_types.ShareTypesAdminTest.test_share_type_create_get_4_2_40 [0.039295s] ... ok
{2} manila_tempest_tests.tests.api.******.test_share_types.ShareTypesAdminTest.test_share_type_create_get_5_2_41 [0.046012s] ... ok
{2} manila_tempest_tests.tests.api.******.test_share_types.ShareTypesAdminTest.test_share_type_create_list_1_2_0 [0.047263s] ... ok
{2} manila_tempest_tests.tests.api.******.test_share_types.ShareTypesAdminTest.test_share_type_create_list_2_2_6 [0.037004s] ... ok
{2} manila_tempest_tests.tests.api.******.test_share_types.ShareTypesAdminTest.test_share_type_create_list_3_2_7 [0.039067s] ... ok
{2} manila_tempest_tests.tests.api.******.test_share_types.ShareTypesAdminTest.test_share_type_create_list_4_2_40 [0.044949s] ... ok
{2} manila_tempest_tests.tests.api.******.test_share_types.ShareTypesAdminTest.test_share_type_create_list_5_2_41 [0.043284s] ... ok
{2} manila_tempest_tests.tests.api.******.test_share_types.ShareTypesAdminTest.test_share_type_create_show_list_with_is_default_key_1_2_45 [0.061117s] ... ok
{2} manila_tempest_tests.tests.api.******.test_share_types.ShareTypesAdminTest.test_share_type_create_show_list_with_is_default_key_2_2_46 [0.055382s] ... ok
{1} manila_tempest_tests.tests.api.test_rules.ShareIpRulesForNFSTest.test_create_delete_access_rule_with_cidr_1___2_9___4_ [41.238557s] ... ok
{2} manila_tempest_tests.tests.api.******.test_share_types.ShareTypesAdminTest.test_share_type_create_show_list_with_is_default_key_3_2_90 [0.061892s] ... ok
{2} manila_tempest_tests.tests.api.******.test_share_types.ShareTypesAdminTest.test_share_type_create_update_01_2_50_name_description_public [0.046490s] ... ok
{2} manila_tempest_tests.tests.api.******.test_share_types.ShareTypesAdminTest.test_share_type_create_update_02_2_50_name [0.048161s] ... ok
{2} manila_tempest_tests.tests.api.******.test_share_types.ShareTypesAdminTest.test_share_type_create_update_03_2_50_description_public [0.049121s] ... ok
{2} manila_tempest_tests.tests.api.******.test_share_types.ShareTypesAdminTest.test_share_type_create_update_04_2_50_public [0.053605s] ... ok
{2} manila_tempest_tests.tests.api.******.test_share_types.ShareTypesAdminTest.test_share_type_create_update_05_2_50 [0.046477s] ... ok
{2} manila_tempest_tests.tests.api.******.test_share_types.ShareTypesAdminTest.test_share_type_create_update_06_2_90_name_description_public [0.038755s] ... ok
{2} manila_tempest_tests.tests.api.******.test_share_types.ShareTypesAdminTest.test_share_type_create_update_07_2_90_name [0.042986s] ... ok
{2} manila_tempest_tests.tests.api.******.test_share_types.ShareTypesAdminTest.test_share_type_create_update_08_2_90_description [0.060331s] ... ok
{2} manila_tempest_tests.tests.api.******.test_share_types.ShareTypesAdminTest.test_share_type_create_update_09_2_90_public [0.047295s] ... ok
{2} manila_tempest_tests.tests.api.******.test_share_types.ShareTypesAdminTest.test_share_type_create_update_10_2_90 [0.050300s] ... ok
{2} manila_tempest_tests.tests.api.******.test_share_types.ShareTypesAdminTest.test_share_type_unset_description_1___2_50___None______None_ [0.046585s] ... ok
{2} manila_tempest_tests.tests.api.******.test_share_types.ShareTypesAdminTest.test_share_type_unset_description_2___2_90___None______None_ [0.042498s] ... ok
{3} manila_tempest_tests.tests.api.******.test_share_manage.ManageNFSShareTest.test_manage_with_os_share_manage_url [40.763001s] ... ok
{2} setUpClass (manila_tempest_tests.tests.api.******.test_snapshot_manage.ManageCIFSSnapshotTest) ... SKIPPED: Manage/unmanage snapshot tests are disabled.
{2} setUpClass (manila_tempest_tests.tests.api.******.test_snapshot_manage.ManageNFSSnapshotTest) ... SKIPPED: Manage/unmanage snapshot tests are disabled.
{3} setUpClass (manila_tempest_tests.tests.api.******.test_share_servers.ShareServersAdminTest) ... SKIPPED: Share servers can be tested only with multitenant drivers.
{3} setUpClass (manila_tempest_tests.tests.api.******.test_share_servers_migration_negative.ShareServerErrorStatusOperationCIFS) ... SKIPPED: cifs tests are disabled.
{3} setUpClass (manila_tempest_tests.tests.api.******.test_share_servers_migration_negative.ShareServerErrorStatusOperationNFS) ... SKIPPED: Multitenancy tests are disabled.
{3} setUpClass (manila_tempest_tests.tests.api.******.test_share_servers_migration_negative.ShareServerMigrationInvalidParametersCIFS) ... SKIPPED: cifs tests are disabled.
{3} setUpClass (manila_tempest_tests.tests.api.******.test_share_servers_migration_negative.ShareServerMigrationInvalidStatesCIFS) ... SKIPPED: cifs tests are disabled.
{3} manila_tempest_tests.tests.api.******.test_share_types_extra_specs.ExtraSpecsReadAdminTest.test_get_all_share_type_extra_specs [0.024525s] ... ok
{3} manila_tempest_tests.tests.api.******.test_share_types_extra_specs.ExtraSpecsReadAdminTest.test_get_one_share_type_extra_spec [0.023500s] ... ok
{2} setUpClass (manila_tempest_tests.tests.api.******.test_snapshot_manage_negative.ManageGLUSTERFSSnapshotNegativeTest) ... SKIPPED: Manage/unmanage snapshot tests are disabled.
{2} setUpClass (manila_tempest_tests.tests.api.******.test_snapshot_manage_negative.ManageHDFSSnapshotNegativeTest) ... SKIPPED: Manage/unmanage snapshot tests are disabled.
{3} manila_tempest_tests.tests.api.******.test_share_types_extra_specs_negative.ExtraSpecsAdminNegativeTest.test_try_create_es_with_empty_shr_type_id [0.133774s] ... ok
{3} manila_tempest_tests.tests.api.******.test_share_types_extra_specs_negative.ExtraSpecsAdminNegativeTest.test_try_create_es_with_empty_specs [0.028006s] ... ok
{3} manila_tempest_tests.tests.api.******.test_share_types_extra_specs_negative.ExtraSpecsAdminNegativeTest.test_try_create_es_with_invalid_shr_type_id [0.012157s] ... ok
{3} manila_tempest_tests.tests.api.******.test_share_types_extra_specs_negative.ExtraSpecsAdminNegativeTest.test_try_create_es_with_invalid_specs [0.038867s] ... ok
{3} manila_tempest_tests.tests.api.******.test_share_types_extra_specs_negative.ExtraSpecsAdminNegativeTest.test_try_create_extra_specs_with_user [0.139615s] ... ok
{3} manila_tempest_tests.tests.api.******.test_share_types_extra_specs_negative.ExtraSpecsAdminNegativeTest.test_try_delete_es_key_with_empty_shr_type_id [0.006797s] ... ok
{3} manila_tempest_tests.tests.api.******.test_share_types_extra_specs_negative.ExtraSpecsAdminNegativeTest.test_try_delete_es_key_with_invalid_shr_type_id [0.011989s] ... ok
{3} manila_tempest_tests.tests.api.******.test_share_types_extra_specs_negative.ExtraSpecsAdminNegativeTest.test_try_delete_extra_specs_with_user [0.033487s] ... ok
{3} manila_tempest_tests.tests.api.******.test_share_types_extra_specs_negative.ExtraSpecsAdminNegativeTest.test_try_delete_required_spec_snapshot_support_version_1_2_0 [0.039365s] ... ok
{3} manila_tempest_tests.tests.api.******.test_share_types_extra_specs_negative.ExtraSpecsAdminNegativeTest.test_try_delete_required_spec_snapshot_support_version_2_2_23 [0.039905s] ... ok
{3} manila_tempest_tests.tests.api.******.test_share_types_extra_specs_negative.ExtraSpecsAdminNegativeTest.test_try_delete_spec_driver_handles_share_servers [0.031950s] ... ok
{3} manila_tempest_tests.tests.api.******.test_share_types_extra_specs_negative.ExtraSpecsAdminNegativeTest.test_try_delete_with_invalid_key [0.038310s] ... ok
{3} manila_tempest_tests.tests.api.******.test_share_types_extra_specs_negative.ExtraSpecsAdminNegativeTest.test_try_get_extra_spec_with_empty_key [0.024903s] ... ok
{3} manila_tempest_tests.tests.api.******.test_share_types_extra_specs_negative.ExtraSpecsAdminNegativeTest.test_try_get_extra_spec_with_invalid_key [0.032169s] ... ok
{3} manila_tempest_tests.tests.api.******.test_share_types_extra_specs_negative.ExtraSpecsAdminNegativeTest.test_try_get_extra_spec_with_user [0.025497s] ... ok
{3} manila_tempest_tests.tests.api.******.test_share_types_extra_specs_negative.ExtraSpecsAdminNegativeTest.test_try_get_extra_specs_with_empty_shr_type_id [0.013521s] ... ok
{3} manila_tempest_tests.tests.api.******.test_share_types_extra_specs_negative.ExtraSpecsAdminNegativeTest.test_try_get_extra_specs_with_invalid_shr_type_id [0.015266s] ... ok
{3} manila_tempest_tests.tests.api.******.test_share_types_extra_specs_negative.ExtraSpecsAdminNegativeTest.test_try_get_extra_specs_with_user [0.030085s] ... ok
{3} manila_tempest_tests.tests.api.******.test_share_types_extra_specs_negative.ExtraSpecsAdminNegativeTest.test_try_list_es_with_empty_shr_type_id [0.010876s] ... ok
{3} manila_tempest_tests.tests.api.******.test_share_types_extra_specs_negative.ExtraSpecsAdminNegativeTest.test_try_list_es_with_invalid_shr_type_id [0.011701s] ... ok
{3} manila_tempest_tests.tests.api.******.test_share_types_extra_specs_negative.ExtraSpecsAdminNegativeTest.test_try_list_extra_specs_with_user [0.028024s] ... ok
{3} manila_tempest_tests.tests.api.******.test_share_types_extra_specs_negative.ExtraSpecsAdminNegativeTest.test_try_read_extra_specs_on_share_type_with_user [0.032838s] ... ok
{3} manila_tempest_tests.tests.api.******.test_share_types_extra_specs_negative.ExtraSpecsAdminNegativeTest.test_try_set_too_long_key [0.029991s] ... ok
{3} manila_tempest_tests.tests.api.******.test_share_types_extra_specs_negative.ExtraSpecsAdminNegativeTest.test_try_set_too_long_value_with_creation [0.031355s] ... ok
{3} manila_tempest_tests.tests.api.******.test_share_types_extra_specs_negative.ExtraSpecsAdminNegativeTest.test_try_set_too_long_value_with_update [0.052622s] ... ok
{3} manila_tempest_tests.tests.api.******.test_share_types_extra_specs_negative.ExtraSpecsAdminNegativeTest.test_try_set_too_long_value_with_update_of_one_key [0.067174s] ... ok
{3} manila_tempest_tests.tests.api.******.test_share_types_extra_specs_negative.ExtraSpecsAdminNegativeTest.test_try_update_extra_spec_with_user [0.029549s] ... ok
{3} manila_tempest_tests.tests.api.******.test_share_types_extra_specs_negative.ExtraSpecsAdminNegativeTest.test_try_update_extra_specs_with_user [0.026522s] ... ok
{3} manila_tempest_tests.tests.api.******.test_share_types_extra_specs_negative.ExtraSpecsAdminNegativeTest.test_try_update_spec_with_empty_key [0.028787s] ... ok
{3} manila_tempest_tests.tests.api.******.test_share_types_extra_specs_negative.ExtraSpecsAdminNegativeTest.test_try_update_spec_with_empty_shr_type_id [0.006370s] ... ok
{3} manila_tempest_tests.tests.api.******.test_share_types_extra_specs_negative.ExtraSpecsAdminNegativeTest.test_try_update_spec_with_invalid_shr_type_id [0.011589s] ... ok
{3} manila_tempest_tests.tests.api.******.test_share_types_extra_specs_negative.ExtraSpecsAdminNegativeTest.test_try_update_with_invalid_shr_type_id [0.013315s] ... ok
{3} manila_tempest_tests.tests.api.******.test_share_types_extra_specs_negative.ExtraSpecsAdminNegativeTest.test_try_update_with_invalid_specs [0.031550s] ... ok
{3} setUpClass (manila_tempest_tests.tests.api.******.test_snapshot_export_locations.SnapshotExportLocationsTest) ... SKIPPED: Snapshot tests are disabled.
{3} setUpClass (manila_tempest_tests.tests.api.******.test_snapshot_manage.ManageGLUSTERFSSnapshotTest) ... SKIPPED: Manage/unmanage snapshot tests are disabled.
{3} setUpClass (manila_tempest_tests.tests.api.******.test_snapshot_manage.ManageMapRFSSnapshotTest) ... SKIPPED: Manage/unmanage snapshot tests are disabled.
{3} setUpClass (manila_tempest_tests.tests.api.******.test_snapshot_manage_negative.ManageCIFSSnapshotNegativeTest) ... SKIPPED: Manage/unmanage snapshot tests are disabled.
{3} setUpClass (manila_tempest_tests.tests.api.******.test_snapshot_manage_negative.ManageNFSSnapshotNegativeTest) ... SKIPPED: Manage/unmanage snapshot tests are disabled.
{3} manila_tempest_tests.tests.api.test_availability_zones.AvailabilityZonesTest.test_list_availability_zones [0.167344s] ... ok
{3} manila_tempest_tests.tests.api.test_availability_zones.AvailabilityZonesTest.test_list_availability_zones_legacy_url_api [0.020371s] ... ok
{3} manila_tempest_tests.tests.api.test_extensions.ExtensionsTest.test_extensions [0.107856s] ... ok
{3} manila_tempest_tests.tests.api.test_microversions.MicroversionsTest.test_microversions_root_version [0.011978s] ... ok
{3} manila_tempest_tests.tests.api.test_microversions.MicroversionsTest.test_microversions_v2_invalid_version [0.082410s] ... ok
{3} manila_tempest_tests.tests.api.test_microversions.MicroversionsTest.test_microversions_v2_max_version [0.012579s] ... ok
{3} manila_tempest_tests.tests.api.test_microversions.MicroversionsTest.test_microversions_v2_min_version [0.012364s] ... ok
{3} manila_tempest_tests.tests.api.test_microversions.MicroversionsTest.test_microversions_v2_no_version [0.008720s] ... ok
{3} manila_tempest_tests.tests.api.test_microversions.MicroversionsTest.test_microversions_v2_unacceptable_version [0.016818s] ... ok
{0} manila_tempest_tests.tests.api.******.test_share_manage_negative.ManageNFSShareNegativeTest.test_unmanage_share_transitional_state [41.094658s] ... ok
{0} manila_tempest_tests.tests.api.******.test_share_manage_negative.ManageNFSShareNegativeTest.test_unmanage_share_with_server_unsupported ... SKIPPED: Multitenancy tests are disabled.
{0} manila_tempest_tests.tests.api.******.test_share_manage_negative.ManageNFSShareNegativeTest.test_unmanage_share_with_snapshot ... SKIPPED: Snapshot tests are disabled.
{1} manila_tempest_tests.tests.api.test_rules.ShareIpRulesForNFSTest.test_create_delete_access_rule_with_cidr_2___2_37___4_ [40.518059s] ... ok
{0} manila_tempest_tests.tests.api.******.test_share_networks.ShareNetworkAdminTest.test_list_share_networks [0.086102s] ... ok
{0} manila_tempest_tests.tests.api.******.test_share_networks.ShareNetworkAdminTest.test_list_share_networks_all_filter_opts [0.088870s] ... ok
{0} manila_tempest_tests.tests.api.******.test_share_networks.ShareNetworkAdminTest.test_list_share_networks_all_tenants [0.155627s] ... ok
{0} manila_tempest_tests.tests.api.******.test_share_networks.ShareNetworkAdminTest.test_list_share_networks_filter_by_project_id [0.042521s] ... ok
{0} manila_tempest_tests.tests.api.******.test_share_networks.ShareNetworkAdminTest.test_list_share_networks_filter_by_ss [0.104262s] ... ok
{0} manila_tempest_tests.tests.api.******.test_share_networks.ShareNetworkAdminTest.test_list_share_networks_like_filter [0.066412s] ... ok
{0} manila_tempest_tests.tests.api.******.test_share_networks.ShareNetworkAdminTest.test_list_share_networks_with_detail [0.031782s] ... ok
{0} manila_tempest_tests.tests.api.******.test_share_networks.ShareNetworkAdminTest.test_try_list_share_networks_all_tenants [0.032336s] ... ok
{0} manila_tempest_tests.tests.api.******.test_share_networks.ShareNetworkAdminTest.test_try_list_share_networks_project_id [0.034384s] ... ok
{0} setUpClass (manila_tempest_tests.tests.api.******.test_share_servers_manage.ManageShareServersTest) ... SKIPPED: Multitenancy tests are disabled.
{0} setUpClass (manila_tempest_tests.tests.api.******.test_share_servers_migration.ShareServerMigrationBasicCIFS) ... SKIPPED: cifs tests are disabled.
{0} setUpClass (manila_tempest_tests.tests.api.******.test_share_servers_migration.ShareServerMigrationBasicNFS) ... SKIPPED: Multitenancy tests are disabled.
{0} setUpClass (manila_tempest_tests.tests.api.******.test_share_servers_migration_negative.ShareServerMigrationInvalidParametersNFS) ... SKIPPED: Multitenancy tests are disabled.
{0} setUpClass (manila_tempest_tests.tests.api.******.test_share_servers_migration_negative.ShareServerMigrationStartInvalidStatesNFS) ... SKIPPED: Multitenancy tests are disabled.
{0} setUpClass (manila_tempest_tests.tests.api.******.test_share_servers_migration_negative.ShareServerMigrationStartNegativesNFS) ... SKIPPED: Multitenancy tests are disabled.
{0} manila_tempest_tests.tests.api.******.test_share_servers_negative.ShareServersNegativeAdminTest.test_delete_share_server_with_member [0.169822s] ... ok
{0} manila_tempest_tests.tests.api.******.test_share_servers_negative.ShareServersNegativeAdminTest.test_delete_share_server_with_nonexistent_id [0.155264s] ... ok
{2} manila_tempest_tests.tests.api.test_access_rules_metadata.AccessRulesMetadataTest.test_list_access_filter_by_metadata [7.067026s] ... ok
{0} manila_tempest_tests.tests.api.******.test_share_servers_negative.ShareServersNegativeAdminTest.test_list_share_servers_with_fake_host [0.055970s] ... ok
{0} manila_tempest_tests.tests.api.******.test_share_servers_negative.ShareServersNegativeAdminTest.test_list_share_servers_with_fake_project [0.025513s] ... ok
{0} manila_tempest_tests.tests.api.******.test_share_servers_negative.ShareServersNegativeAdminTest.test_list_share_servers_with_fake_share_network [0.024419s] ... ok
{0} manila_tempest_tests.tests.api.******.test_share_servers_negative.ShareServersNegativeAdminTest.test_list_share_servers_with_fake_status [0.027550s] ... ok
{0} manila_tempest_tests.tests.api.******.test_share_servers_negative.ShareServersNegativeAdminTest.test_list_share_servers_with_wrong_filter_key [0.026371s] ... ok
{0} manila_tempest_tests.tests.api.******.test_share_servers_negative.ShareServersNegativeAdminTest.test_list_share_servers_with_wrong_filter_value [0.029326s] ... ok
{0} manila_tempest_tests.tests.api.******.test_share_servers_negative.ShareServersNegativeAdminTest.test_show_share_server_details_with_inexistent_id [0.034112s] ... ok
{0} manila_tempest_tests.tests.api.******.test_share_servers_negative.ShareServersNegativeAdminTest.test_show_share_server_with_inexistent_id [0.034482s] ... ok
{0} manila_tempest_tests.tests.api.******.test_share_servers_negative.ShareServersNegativeAdminTest.test_try_list_share_servers_with_member [0.012031s] ... ok
{0} manila_tempest_tests.tests.api.******.test_share_servers_negative.ShareServersNegativeAdminTest.test_try_show_share_server_details_with_member [0.010042s] ... ok
{0} manila_tempest_tests.tests.api.******.test_share_servers_negative.ShareServersNegativeAdminTest.test_try_show_share_server_with_member [0.014994s] ... ok
{0} setUpClass (manila_tempest_tests.tests.api.******.test_share_snapshot_instances.ShareSnapshotInstancesTest) ... SKIPPED: Snapshot tests are disabled.
{0} manila_tempest_tests.tests.api.******.test_share_types_extra_specs.ExtraSpecsWriteAdminTest.test_delete_one_share_type_extra_spec [0.156051s] ... ok
{0} manila_tempest_tests.tests.api.******.test_share_types_extra_specs.ExtraSpecsWriteAdminTest.test_delete_snapshot_support_extra_spec_1_2_24 [0.140864s] ... ok
{0} manila_tempest_tests.tests.api.******.test_share_types_extra_specs.ExtraSpecsWriteAdminTest.test_delete_snapshot_support_extra_spec_2_2_90 [0.123764s] ... ok
{0} manila_tempest_tests.tests.api.******.test_share_types_extra_specs.ExtraSpecsWriteAdminTest.test_update_all_share_type_extra_specs [0.086935s] ... ok
{0} manila_tempest_tests.tests.api.******.test_share_types_extra_specs.ExtraSpecsWriteAdminTest.test_update_one_share_type_extra_spec [0.090020s] ... ok
{0} manila_tempest_tests.tests.api.******.test_share_types_negative.ShareTypesAdminNegativeTest.test_add_share_type_allowed_for_public [0.198407s] ... ok
{0} manila_tempest_tests.tests.api.******.test_share_types_negative.ShareTypesAdminNegativeTest.test_add_share_type_by_nonexistent_id [0.012599s] ... ok
{0} manila_tempest_tests.tests.api.******.test_share_types_negative.ShareTypesAdminNegativeTest.test_create_share_type_with_description_in_wrong_version_1_2_0 [0.008835s] ... ok
{0} manila_tempest_tests.tests.api.******.test_share_types_negative.ShareTypesAdminNegativeTest.test_create_share_type_with_description_in_wrong_version_2_2_6 [0.007944s] ... ok
{0} manila_tempest_tests.tests.api.******.test_share_types_negative.ShareTypesAdminNegativeTest.test_create_share_type_with_description_in_wrong_version_3_2_40 [0.008059s] ... ok
{0} manila_tempest_tests.tests.api.******.test_share_types_negative.ShareTypesAdminNegativeTest.test_create_share_type_with_empty_name [0.008770s] ... ok
{0} manila_tempest_tests.tests.api.******.test_share_types_negative.ShareTypesAdminNegativeTest.test_create_share_type_with_too_big_name [0.013884s] ... ok
{0} manila_tempest_tests.tests.api.******.test_share_types_negative.ShareTypesAdminNegativeTest.test_create_share_with_non_allowed_share_type [0.172307s] ... ok
{0} manila_tempest_tests.tests.api.******.test_share_types_negative.ShareTypesAdminNegativeTest.test_create_share_with_nonexistent_share_type [0.013120s] ... ok
{0} manila_tempest_tests.tests.api.******.test_share_types_negative.ShareTypesAdminNegativeTest.test_get_share_type_by_nonexistent_id [0.013602s] ... ok
{0} manila_tempest_tests.tests.api.******.test_share_types_negative.ShareTypesAdminNegativeTest.test_remove_share_type_allowed_for_public [0.041575s] ... ok
{0} manila_tempest_tests.tests.api.******.test_share_types_negative.ShareTypesAdminNegativeTest.test_remove_share_type_by_nonexistent_id [0.015240s] ... ok
{0} manila_tempest_tests.tests.api.******.test_share_types_negative.ShareTypesAdminNegativeTest.test_try_create_duplicate_of_share_type [0.046992s] ... ok
{0} manila_tempest_tests.tests.api.******.test_share_types_negative.ShareTypesAdminNegativeTest.test_try_delete_share_type_by_nonexistent_id [0.014222s] ... ok
{2} manila_tempest_tests.tests.api.test_access_rules_metadata.AccessRulesMetadataTest.test_set_get_delete_access_metadata [7.358651s] ... ok
{2} manila_tempest_tests.tests.api.test_access_rules_metadata.AccessRulesMetadataTest.test_update_metadata_by_key [0.156450s] ... ok
{3} manila_tempest_tests.tests.api.test_public_shares_negative.PublicSharesNegativeTest.test_delete_metadata_of_other_tenants_public_share [0.131660s] ... ok
{3} manila_tempest_tests.tests.api.test_public_shares_negative.PublicSharesNegativeTest.test_delete_other_tenants_public_share [0.033854s] ... ok
{3} manila_tempest_tests.tests.api.test_public_shares_negative.PublicSharesNegativeTest.test_set_metadata_of_other_tenants_public_share [0.116365s] ... ok
{3} manila_tempest_tests.tests.api.test_public_shares_negative.PublicSharesNegativeTest.test_update_metadata_of_other_tenants_public_share [0.133279s] ... ok
{3} manila_tempest_tests.tests.api.test_public_shares_negative.PublicSharesNegativeTest.test_update_other_tenants_public_share [0.034478s] ... ok
{3} manila_tempest_tests.tests.api.test_public_shares_negative.PublicSharesNegativeTest.test_update_share_with_wrong_public_value [0.041508s] ... ok
{2} manila_tempest_tests.tests.api.test_metadata_negative.SharesMetadataAPIOnlyNegativeTest.test_try_set_metadata_to_unexisting_share [0.088967s] ... ok
{2} manila_tempest_tests.tests.api.test_metadata_negative.SharesMetadataAPIOnlyNegativeTest.test_try_update_all_metadata_for_unexisting_share [0.023031s] ... ok
{1} manila_tempest_tests.tests.api.test_rules.ShareIpRulesForNFSTest.test_create_delete_access_rule_with_cidr_3___2_90___4_ [40.508013s] ... ok
{0} manila_tempest_tests.tests.api.******.test_shares_actions.SharesActionsAdminTest.test_get_share [0.042276s] ... ok
{0} manila_tempest_tests.tests.api.******.test_shares_actions.SharesActionsAdminTest.test_get_snapshot ... SKIPPED: Snapshot tests are disabled.
{0} manila_tempest_tests.tests.api.******.test_shares_actions.SharesActionsAdminTest.test_list_shares [0.070792s] ... ok
{0} manila_tempest_tests.tests.api.******.test_shares_actions.SharesActionsAdminTest.test_list_shares_or_with_detail_filter_by_export_location_1___path___True_ [0.192819s] ... ok
{0} manila_tempest_tests.tests.api.******.test_shares_actions.SharesActionsAdminTest.test_list_shares_or_with_detail_filter_by_export_location_2___id___True_ [0.210246s] ... ok
{0} manila_tempest_tests.tests.api.******.test_shares_actions.SharesActionsAdminTest.test_list_shares_or_with_detail_filter_by_export_location_3___path___False_ [0.162945s] ... ok
{0} manila_tempest_tests.tests.api.******.test_shares_actions.SharesActionsAdminTest.test_list_shares_or_with_detail_filter_by_export_location_4___id___False_ [0.155825s] ... ok
{0} manila_tempest_tests.tests.api.******.test_shares_actions.SharesActionsAdminTest.test_list_shares_with_detail [0.070619s] ... ok
{0} manila_tempest_tests.tests.api.******.test_shares_actions.SharesActionsAdminTest.test_list_shares_with_detail_filter_by_active_status [0.075239s] ... ok
{0} manila_tempest_tests.tests.api.******.test_shares_actions.SharesActionsAdminTest.test_list_shares_with_detail_filter_by_existed_name [0.077583s] ... ok
{0} manila_tempest_tests.tests.api.******.test_shares_actions.SharesActionsAdminTest.test_list_shares_with_detail_filter_by_extra_specs [0.099993s] ... ok
{0} manila_tempest_tests.tests.api.******.test_shares_actions.SharesActionsAdminTest.test_list_shares_with_detail_filter_by_fake_name [0.014825s] ... ok
{0} manila_tempest_tests.tests.api.******.test_shares_actions.SharesActionsAdminTest.test_list_shares_with_detail_filter_by_fake_status [0.015596s] ... ok
{0} manila_tempest_tests.tests.api.******.test_shares_actions.SharesActionsAdminTest.test_list_shares_with_detail_filter_by_host [0.104600s] ... ok
{3} manila_tempest_tests.tests.api.test_quotas_negative.SharesQuotasNegativeTest.test_get_quotas_detail_with_wrong_version_1_2_6 [0.075727s] ... ok
{3} manila_tempest_tests.tests.api.test_quotas_negative.SharesQuotasNegativeTest.test_get_quotas_detail_with_wrong_version_2_2_7 [0.011188s] ... ok
{3} manila_tempest_tests.tests.api.test_quotas_negative.SharesQuotasNegativeTest.test_get_quotas_detail_with_wrong_version_3_2_24 [0.010822s] ... ok
{0} manila_tempest_tests.tests.api.******.test_shares_actions.SharesActionsAdminTest.test_list_shares_with_detail_filter_by_metadata [0.101428s] ... ok
{0} manila_tempest_tests.tests.api.******.test_shares_actions.SharesActionsAdminTest.test_list_shares_with_detail_filter_by_share_network_id ... SKIPPED: Only for multitenancy.
{3} manila_tempest_tests.tests.api.test_quotas_negative.SharesQuotasNegativeTest.test_get_quotas_with_empty_tenant_id [0.010403s] ... ok
{3} manila_tempest_tests.tests.api.test_quotas_negative.SharesQuotasNegativeTest.test_try_reset_quotas_with_user [0.012458s] ... ok
{3} manila_tempest_tests.tests.api.test_quotas_negative.SharesQuotasNegativeTest.test_try_update_quotas_with_user [0.008842s] ... ok
{0} manila_tempest_tests.tests.api.******.test_shares_actions.SharesActionsAdminTest.test_list_shares_with_detail_filter_by_share_type_id [0.089810s] ... ok
{0} manila_tempest_tests.tests.api.******.test_shares_actions.SharesActionsAdminTest.test_list_shares_with_detail_filter_by_snapshot_id ... SKIPPED: Create share from snapshot tests are disabled.
{0} manila_tempest_tests.tests.api.******.test_shares_actions.SharesActionsAdminTest.test_list_shares_with_detail_with_asc_sorting [0.041709s] ... ok
{0} manila_tempest_tests.tests.api.******.test_shares_actions.SharesActionsAdminTest.test_list_snapshots ... SKIPPED: Snapshot tests are disabled.
{0} manila_tempest_tests.tests.api.******.test_shares_actions.SharesActionsAdminTest.test_list_snapshots_with_detail ... SKIPPED: Snapshot tests are disabled.
{3} setUpClass (manila_tempest_tests.tests.api.test_rules.ShareCertRulesForGLUSTERFSTest) ... SKIPPED: Cert rule tests for glusterfs protocol are disabled
{3} setUpClass (manila_tempest_tests.tests.api.test_rules.ShareIpRulesForCIFSTest) ... SKIPPED: IP rule tests for cifs protocol are disabled
{3} setUpClass (manila_tempest_tests.tests.api.test_rules.ShareUserRulesForNFSTest) ... SKIPPED: USER rule tests for nfs protocol are disabled
{3} setUpClass (manila_tempest_tests.tests.api.test_rules_negative.ShareCephxRulesForCephFSNegativeTest) ... SKIPPED: CEPHX rule tests for cephfs protocol are disabled
{3} setUpClass (manila_tempest_tests.tests.api.test_rules_negative.ShareIpRulesForCIFSNegativeTest) ... SKIPPED: IP rule tests for cifs protocol are disabled
{1} manila_tempest_tests.tests.api.test_rules.ShareIpRulesForNFSTest.test_create_delete_access_rule_with_cidr_4___2_38___6_ [6.638067s] ... ok
{1} manila_tempest_tests.tests.api.test_rules.ShareIpRulesForNFSTest.test_create_delete_access_rule_with_cidr_5___2_90___6_ [6.911934s] ... ok
{0} setUpClass (manila_tempest_tests.tests.api.******.test_snapshot_manage_negative.ManageMapRFSSnapshotNegativeTest) ... SKIPPED: Manage/unmanage snapshot tests are disabled.
{3} manila_tempest_tests.tests.api.test_rules_negative.ShareIpRulesForNFSNegativeTest.test_add_access_rule_on_share_with_no_host [3.794738s] ... ok
{1} manila_tempest_tests.tests.api.test_rules.ShareIpRulesForNFSTest.test_create_delete_access_rules_with_one_ip_1___2_9___4_ [25.267300s] ... ok
{0} manila_tempest_tests.tests.api.test_access_rules_metadata_negative.AccessesMetadataNegativeTest.test_try_delete_unexisting_access_metadata [0.066516s] ... ok
{0} manila_tempest_tests.tests.api.test_access_rules_metadata_negative.AccessesMetadataNegativeTest.test_try_upd_access_metadata_error_1 [0.075300s] ... ok
{0} manila_tempest_tests.tests.api.test_access_rules_metadata_negative.AccessesMetadataNegativeTest.test_try_upd_access_metadata_error_2 [0.060117s] ... ok
{0} manila_tempest_tests.tests.api.test_access_rules_metadata_negative.AccessesMetadataNegativeTest.test_try_upd_access_metadata_error_3 [0.068240s] ... ok
{2} manila_tempest_tests.tests.api.test_public_shares.PublicSharesTest.test_list_shares_public_with_detail [71.591502s] ... ok
{3} manila_tempest_tests.tests.api.test_rules_negative.ShareIpRulesForNFSNegativeTest.test_allow_access_multiple_visibility_locks_not_allowed [34.605320s] ... ok
{3} manila_tempest_tests.tests.api.test_rules_negative.ShareIpRulesForNFSNegativeTest.test_create_access_rule_ip_with_wrong_target_01_1_2_3_256 [0.060335s] ... ok
{3} manila_tempest_tests.tests.api.test_rules_negative.ShareIpRulesForNFSNegativeTest.test_create_access_rule_ip_with_wrong_target_02_1_1_1__ [0.041251s] ... ok
{3} manila_tempest_tests.tests.api.test_rules_negative.ShareIpRulesForNFSNegativeTest.test_create_access_rule_ip_with_wrong_target_03_1_2_3_4_33 [0.033472s] ... ok
{3} manila_tempest_tests.tests.api.test_rules_negative.ShareIpRulesForNFSNegativeTest.test_create_access_rule_ip_with_wrong_target_04_1_2_3__ [0.040495s] ... ok
{3} manila_tempest_tests.tests.api.test_rules_negative.ShareIpRulesForNFSNegativeTest.test_create_access_rule_ip_with_wrong_target_05_1_2_3___23 [0.041642s] ... ok
{3} manila_tempest_tests.tests.api.test_rules_negative.ShareIpRulesForNFSNegativeTest.test_create_access_rule_ip_with_wrong_target_06_1_2_3_1_23 [0.047019s] ... ok
{3} manila_tempest_tests.tests.api.test_rules_negative.ShareIpRulesForNFSNegativeTest.test_create_access_rule_ip_with_wrong_target_07_1_2_3_1__1 [0.040717s] ... ok
{3} manila_tempest_tests.tests.api.test_rules_negative.ShareIpRulesForNFSNegativeTest.test_create_access_rule_ip_with_wrong_target_08_1_2_3_1_ [0.047533s] ... ok
{3} manila_tempest_tests.tests.api.test_rules_negative.ShareIpRulesForNFSNegativeTest.test_create_access_rule_ip_with_wrong_target_09_ad80__abaa_0_c2_2__3 [0.036442s] ... ok
{3} manila_tempest_tests.tests.api.test_rules_negative.ShareIpRulesForNFSNegativeTest.test_create_access_rule_ip_with_wrong_target_10_AD80_ABAA___26 [0.036298s] ... ok
{3} manila_tempest_tests.tests.api.test_rules_negative.ShareIpRulesForNFSNegativeTest.test_create_access_rule_ip_with_wrong_target_11_2001_DB8_2de_0_0_0_0_e13_200a [0.040782s] ... ok
{3} manila_tempest_tests.tests.api.test_rules_negative.ShareIpRulesForNFSNegativeTest.test_create_access_rule_with_wrong_level [0.034857s] ... ok
{1} manila_tempest_tests.tests.api.test_rules.ShareIpRulesForNFSTest.test_create_delete_access_rules_with_one_ip_2___2_37___4_ [40.458642s] ... ok
{2} manila_tempest_tests.tests.api.test_public_shares.PublicSharesTest.test_update_share_set_is_public [40.193210s] ... ok
{3} manila_tempest_tests.tests.api.test_rules_negative.ShareIpRulesForNFSNegativeTest.test_create_duplicate_of_ip_rule_1_2_9 [40.783114s] ... ok
{0} manila_tempest_tests.tests.api.test_availability_zones_negative.AvailabilityZonesNegativeTest.test_list_availability_zones_api_not_found [0.082603s] ... ok
{0} manila_tempest_tests.tests.api.test_availability_zones_negative.AvailabilityZonesNegativeTest.test_list_availability_zones_api_not_found_with_legacy_url [0.011166s] ... ok
{2} manila_tempest_tests.tests.api.test_quotas.SharesQuotasTest.test_default_quotas [0.093396s] ... ok
{2} manila_tempest_tests.tests.api.test_quotas.SharesQuotasTest.test_quota_detail_2_52_no_share_replica_quotas [0.019839s] ... ok
{2} manila_tempest_tests.tests.api.test_quotas.SharesQuotasTest.test_show_quotas [0.018184s] ... ok
{2} manila_tempest_tests.tests.api.test_quotas.SharesQuotasTest.test_show_quotas_detail_1___2_25___True_ [0.019721s] ... ok
{2} manila_tempest_tests.tests.api.test_quotas.SharesQuotasTest.test_show_quotas_detail_2___2_25___False_ [0.022027s] ... ok
{2} manila_tempest_tests.tests.api.test_quotas.SharesQuotasTest.test_show_quotas_detail_3___2_53___True_ [0.021772s] ... ok
{2} manila_tempest_tests.tests.api.test_quotas.SharesQuotasTest.test_show_quotas_detail_4___2_53___False_ [0.018401s] ... ok
{2} manila_tempest_tests.tests.api.test_quotas.SharesQuotasTest.test_show_quotas_detail_5___2_90___True_ [0.021789s] ... ok
{2} manila_tempest_tests.tests.api.test_quotas.SharesQuotasTest.test_show_quotas_detail_6___2_90___False_ [0.017308s] ... ok
{2} manila_tempest_tests.tests.api.test_quotas.SharesQuotasTest.test_show_quotas_for_user [0.016610s] ... ok
{0} setUpClass (manila_tempest_tests.tests.api.test_backup_negative.ShareBackupNegativeTest) ... SKIPPED: Share backup tests are disabled.
{0} manila_tempest_tests.tests.api.test_limits.ShareLimitsTest.test_limits_keys [0.102454s] ... ok
{0} manila_tempest_tests.tests.api.test_limits.ShareLimitsTest.test_limits_values [0.016543s] ... ok
{2} setUpClass (manila_tempest_tests.tests.api.test_replication_export_locations.ReplicationExportLocationsTest) ... SKIPPED: Replication tests are disabled.
{2} setUpClass (manila_tempest_tests.tests.api.test_replication_export_locations_negative.ReplicationExportLocationsNegativeTest) ... SKIPPED: Replication tests are disabled.
{2} setUpClass (manila_tempest_tests.tests.api.test_replication_negative.ReplicationAPIOnlyNegativeTest) ... SKIPPED: Replication tests are disabled.
{2} manila_tempest_tests.tests.api.test_resource_locks.ResourceLockCRUTest.test_create_resource_lock [0.532380s] ... ok
{2} manila_tempest_tests.tests.api.test_resource_locks.ResourceLockCRUTest.test_get_resource_lock [0.017129s] ... ok
{2} manila_tempest_tests.tests.api.test_resource_locks.ResourceLockCRUTest.test_list_resource_locks [0.018397s] ... ok
{1} manila_tempest_tests.tests.api.test_rules.ShareIpRulesForNFSTest.test_create_delete_access_rules_with_one_ip_3___2_90___4_ [40.559755s] ... ok
{1} manila_tempest_tests.tests.api.test_rules.ShareIpRulesForNFSTest.test_create_delete_access_rules_with_one_ip_4___2_38___6_ [6.676166s] ... ok
{1} manila_tempest_tests.tests.api.test_rules.ShareIpRulesForNFSTest.test_create_delete_access_rules_with_one_ip_5___2_90___6_ [6.663453s] ... ok
{3} manila_tempest_tests.tests.api.test_rules_negative.ShareIpRulesForNFSNegativeTest.test_create_duplicate_of_ip_rule_2_2_90 [37.521932s] ... ok
{2} manila_tempest_tests.tests.api.test_resource_locks.ResourceLockCRUTest.test_list_resource_locks_filtered [21.820879s] ... ok
{2} manila_tempest_tests.tests.api.test_resource_locks.ResourceLockCRUTest.test_list_resource_locks_sorted_and_paginated [0.157017s] ... ok
{2} manila_tempest_tests.tests.api.test_resource_locks.ResourceLockCRUTest.test_update_resource_lock [0.061092s] ... ok
{1} manila_tempest_tests.tests.api.test_rules.ShareIpRulesForNFSTest.test_create_delete_ro_access_rule_1_2_9 [25.199645s] ... ok
{0} manila_tempest_tests.tests.api.test_metadata.SharesMetadataTest.test_set_and_update_metadata_by_key [40.616582s] ... ok
{3} manila_tempest_tests.tests.api.test_rules_negative.ShareIpRulesForNFSNegativeTest.test_create_duplicate_single_host_rules_1_10_20_30_40 [40.902634s] ... ok
{3} manila_tempest_tests.tests.api.test_rules_negative.ShareIpRulesForNFSNegativeTest.test_create_duplicate_single_host_rules_2_fd8c_b029_bba6_ac54__1 [6.804935s] ... ok
{3} manila_tempest_tests.tests.api.test_rules_negative.ShareIpRulesForNFSNegativeTest.test_create_duplicate_single_host_rules_3_fd2c_b029_bba6_df54__1_128 [6.786448s] ... ok
{1} manila_tempest_tests.tests.api.test_rules.ShareIpRulesForNFSTest.test_create_delete_ro_access_rule_2_2_27 [40.790072s] ... ok
{0} manila_tempest_tests.tests.api.test_metadata.SharesMetadataTest.test_set_get_delete_metadata [40.921466s] ... ok
{2} manila_tempest_tests.tests.api.test_resource_locks.ResourceLockDeleteTest.test_delete_lock [18.891446s] ... ok
{3} manila_tempest_tests.tests.api.test_rules_negative.ShareIpRulesForNFSNegativeTest.test_create_duplicate_single_host_rules_4_10_10_30_40_32 [28.320278s] ... ok
{2} manila_tempest_tests.tests.api.test_resource_locks.ResourceLockDeleteTest.test_delete_locked_resource [37.428033s] ... ok
{1} manila_tempest_tests.tests.api.test_rules.ShareIpRulesForNFSTest.test_create_delete_ro_access_rule_3_2_28 [40.754706s] ... ok
{0} manila_tempest_tests.tests.api.test_metadata.SharesMetadataTest.test_set_metadata_in_share_creation [40.260182s] ... ok
{3} manila_tempest_tests.tests.api.test_rules_negative.ShareIpRulesForNFSNegativeTest.test_deny_access_unrestrict_other_user_rule [37.612933s] ... ok
{2} setUpClass (manila_tempest_tests.tests.api.test_rules_negative.ShareCertRulesForGLUSTERFSNegativeTest) ... SKIPPED: CERT rule tests for glusterfs protocol are disabled
{2} setUpClass (manila_tempest_tests.tests.api.test_share_groups.ShareGroupsTest) ... SKIPPED: Share Group tests disabled.
{2} manila_tempest_tests.tests.api.test_share_network_subnets.ShareNetworkSubnetsTest.test_create_delete_subnet [0.635029s] ... ok
{2} manila_tempest_tests.tests.api.test_share_network_subnets.ShareNetworkSubnetsTest.test_create_share_on_share_network_with_multiple_subnets_1_True ... SKIPPED: Only for multitenancy.
{2} manila_tempest_tests.tests.api.test_share_network_subnets.ShareNetworkSubnetsTest.test_create_share_on_share_network_with_multiple_subnets_2_False ... SKIPPED: Only for multitenancy.
{2} manila_tempest_tests.tests.api.test_share_network_subnets.ShareNetworkSubnetsTest.test_create_share_on_subnet_with_availability_zone ... SKIPPED: Only for multitenancy.
{2} manila_tempest_tests.tests.api.test_share_network_subnets.ShareNetworkSubnetsTest.test_show_share_network_subnet [0.518180s] ... ok
{2} manila_tempest_tests.tests.api.test_share_network_subnets_negative.ShareNetworkSubnetsNegativeTest.test_add_share_network_subnet_az_not_found [0.078906s] ... ok
{2} manila_tempest_tests.tests.api.test_share_network_subnets_negative.ShareNetworkSubnetsNegativeTest.test_add_share_network_subnet_in_same_az_exists_1_True ... SKIPPED: Skipped. Test requires microversion < than '2.70'.
{2} manila_tempest_tests.tests.api.test_share_network_subnets_negative.ShareNetworkSubnetsNegativeTest.test_add_share_network_subnet_in_same_az_exists_2_False ... SKIPPED: Skipped. Test requires microversion < than '2.70'.
{2} manila_tempest_tests.tests.api.test_share_network_subnets_negative.ShareNetworkSubnetsNegativeTest.test_add_share_network_subnet_missing_parameters [0.010297s] ... ok
{2} manila_tempest_tests.tests.api.test_share_network_subnets_negative.ShareNetworkSubnetsNegativeTest.test_add_share_network_subnet_share_network_not_found [0.021995s] ... ok
{2} manila_tempest_tests.tests.api.test_share_network_subnets_negative.ShareNetworkSubnetsNegativeTest.test_delete_contains_shares ... SKIPPED: Can run only with drivers that do handle share servers creation. Skipping.
{2} manila_tempest_tests.tests.api.test_share_network_subnets_negative.ShareNetworkSubnetsNegativeTest.test_delete_contains_unmanaged_share_servers ... SKIPPED: Can run only with drivers that do handle share servers creation. Skipping.
{2} manila_tempest_tests.tests.api.test_share_network_subnets_negative.ShareNetworkSubnetsNegativeTest.test_delete_subnet_not_found [0.042580s] ... ok
{2} manila_tempest_tests.tests.api.test_share_network_subnets_negative.ShareNetworkSubnetsNegativeTest.test_delete_subnet_share_network_not_found [0.030856s] ... ok
{2} manila_tempest_tests.tests.api.test_share_network_subnets_negative.ShareNetworkSubnetsNegativeTest.test_get_deleted_subnet [0.292608s] ... ok
{2} manila_tempest_tests.tests.api.test_share_network_subnets_negative.ShareNetworkSubnetsNegativeTest.test_show_subnet_not_found [0.038330s] ... ok
{2} manila_tempest_tests.tests.api.test_share_network_subnets_negative.ShareNetworkSubnetsNegativeTest.test_show_subnet_share_network_not_found [0.027360s] ... ok
{2} manila_tempest_tests.tests.api.test_share_networks_negative.ShareNetworksNegativeTest.test_check_add_share_network_subnet_az_not_found [0.419727s] ... ok
{2} manila_tempest_tests.tests.api.test_share_networks_negative.ShareNetworksNegativeTest.test_check_add_share_network_subnet_share_network_not_found [0.022932s] ... ok
{2} manila_tempest_tests.tests.api.test_share_networks_negative.ShareNetworksNegativeTest.test_create_share_network_inexistent_az [0.016084s] ... ok
{2} manila_tempest_tests.tests.api.test_share_networks_negative.ShareNetworksNegativeTest.test_delete_share_network_contains_more_than_one_subnet [0.573588s] ... ok
{2} manila_tempest_tests.tests.api.test_share_networks_negative.ShareNetworksNegativeTest.test_list_shares_with_like_filter_not_exist [0.025667s] ... ok
{2} manila_tempest_tests.tests.api.test_share_networks_negative.ShareNetworksNegativeTest.test_try_delete_share_network_with_existing_shares ... SKIPPED: Can run only with drivers that do handle share servers creation. Skipping.
{2} manila_tempest_tests.tests.api.test_share_networks_negative.ShareNetworksNegativeTest.test_try_delete_share_network_with_wrong_type [0.026666s] ... ok
{2} manila_tempest_tests.tests.api.test_share_networks_negative.ShareNetworksNegativeTest.test_try_delete_share_network_without_id [0.008371s] ... ok
{2} manila_tempest_tests.tests.api.test_share_networks_negative.ShareNetworksNegativeTest.test_try_get_deleted_share_network [0.281243s] ... ok
{2} manila_tempest_tests.tests.api.test_share_networks_negative.ShareNetworksNegativeTest.test_try_get_share_network_with_wrong_id [0.033400s] ... ok
{2} manila_tempest_tests.tests.api.test_share_networks_negative.ShareNetworksNegativeTest.test_try_get_share_network_without_id [0.007858s] ... ok
{2} manila_tempest_tests.tests.api.test_share_networks_negative.ShareNetworksNegativeTest.test_try_list_share_networks_wrong_created_before_value [0.046967s] ... ok
{2} manila_tempest_tests.tests.api.test_share_networks_negative.ShareNetworksNegativeTest.test_try_list_share_networks_wrong_created_since_value [0.013527s] ... ok
{2} manila_tempest_tests.tests.api.test_share_networks_negative.ShareNetworksNegativeTest.test_try_update_invalid_keys_sh_server_exists ... SKIPPED: Only for multitenancy.
{2} manila_tempest_tests.tests.api.test_share_networks_negative.ShareNetworksNegativeTest.test_try_update_nonexistant_share_network [0.035614s] ... ok
{2} manila_tempest_tests.tests.api.test_share_networks_negative.ShareNetworksNegativeTest.test_try_update_share_network_with_empty_id [0.007281s] ... ok
{1} manila_tempest_tests.tests.api.test_rules.ShareIpRulesForNFSTest.test_create_delete_ro_access_rule_4_2_90 [37.811459s] ... ok
{0} manila_tempest_tests.tests.api.test_metadata.SharesMetadataTest.test_set_metadata_key_already_exist [38.105638s] ... ok
{0} manila_tempest_tests.tests.api.test_metadata.SharesMetadataTest.test_set_metadata_max_size_key [0.188056s] ... ok
{0} manila_tempest_tests.tests.api.test_metadata.SharesMetadataTest.test_set_metadata_max_size_value [0.238279s] ... ok
{0} manila_tempest_tests.tests.api.test_metadata.SharesMetadataTest.test_set_metadata_min_size_key [0.268788s] ... ok
{0} manila_tempest_tests.tests.api.test_metadata.SharesMetadataTest.test_set_metadata_min_size_value [0.288738s] ... ok
{2} setUpClass (manila_tempest_tests.tests.api.test_share_servers_multiple_subnet.ShareServerMultipleSubnetTest) ... SKIPPED: Multitenancy tests are disabled.
{2} setUpClass (manila_tempest_tests.tests.api.test_share_servers_multiple_subnet_negative.ShareServerMultipleSubNegativeTest) ... SKIPPED: Multitenancy tests are disabled.
{2} manila_tempest_tests.tests.api.test_share_transfers_negative.ShareTransferNegativeTest.test_accept_transfer_with_incorrect_auth_key [15.926215s] ... ok
{3} manila_tempest_tests.tests.api.test_rules_negative.ShareIpRulesForNFSNegativeTest.test_deny_access_without_unrestrict_as_owner_user_1_True [40.651090s] ... ok
{1} manila_tempest_tests.tests.api.test_rules.ShareIpRulesForNFSTest.test_update_access_rule [41.192570s] ... ok
{2} manila_tempest_tests.tests.api.test_share_transfers_negative.ShareTransferNegativeTest.test_accept_transfer_without_auth_key [21.849882s] ... ok
{2} manila_tempest_tests.tests.api.test_share_transfers_negative.ShareTransferNegativeTest.test_delete_nonexistent_transfer [0.117434s] ... ok
{0} manila_tempest_tests.tests.api.test_metadata.SharesMetadataTest.test_set_metadata_not_delete_pre_metadata [41.446218s] ... ok
{0} manila_tempest_tests.tests.api.test_metadata.SharesMetadataTest.test_upd_metadata_max_size_key [0.433800s] ... ok
{0} manila_tempest_tests.tests.api.test_metadata.SharesMetadataTest.test_upd_metadata_max_size_value [0.350942s] ... ok
{0} manila_tempest_tests.tests.api.test_metadata.SharesMetadataTest.test_upd_metadata_min_size_key [0.333065s] ... ok
{0} manila_tempest_tests.tests.api.test_metadata.SharesMetadataTest.test_upd_metadata_min_size_value [0.341349s] ... ok
{2} manila_tempest_tests.tests.api.test_share_transfers_negative.ShareTransferNegativeTest.test_delete_transfer_of_other_tenants [18.828057s] ... ok
{2} manila_tempest_tests.tests.api.test_share_transfers_negative.ShareTransferNegativeTest.test_show_nonexistent_transfer [0.021524s] ... ok
{3} manila_tempest_tests.tests.api.test_rules_negative.ShareIpRulesForNFSNegativeTest.test_deny_access_without_unrestrict_as_owner_user_2_False [40.960580s] ... ok
{0} setUpClass (manila_tempest_tests.tests.api.test_replication.ReplicationActionsTest) ... SKIPPED: Replication tests are disabled.
{1} setUpClass (manila_tempest_tests.tests.api.test_rules.ShareUserRulesForCIFSTest) ... SKIPPED: USER rule tests for cifs protocol are disabled
{1} setUpClass (manila_tempest_tests.tests.api.test_rules_negative.ShareUserRulesForCIFSNegativeTest) ... SKIPPED: USER rule tests for cifs protocol are disabled
{1} setUpClass (manila_tempest_tests.tests.api.test_rules_negative.ShareUserRulesForNFSNegativeTest) ... SKIPPED: USER rule tests for nfs protocol are disabled
{1} setUpClass (manila_tempest_tests.tests.api.test_scheduler_hints.SharesSchedulerHintsTest) ... SKIPPED: Manila multi-backend is disabled.
{1} setUpClass (manila_tempest_tests.tests.api.test_share_encryption.ShareEncryptionCIFSTest) ... SKIPPED: Encryption tests are disabled.
{1} setUpClass (manila_tempest_tests.tests.api.test_share_encryption_negative.SharesEncryptionNegativeTest) ... SKIPPED: Encryption tests are disabled.
{1} setUpClass (manila_tempest_tests.tests.api.test_share_group_actions.ShareGroupActionsTest) ... SKIPPED: Share Group tests disabled.
{1} setUpClass (manila_tempest_tests.tests.api.test_share_group_actions.ShareGroupRenameTest) ... SKIPPED: Share Group tests disabled.
{1} manila_tempest_tests.tests.api.test_share_network_subnet_metadata.ShareNetworkSubnetMetadataTest.test_set_and_update_metadata_by_key [0.698701s] ... ok
{1} manila_tempest_tests.tests.api.test_share_network_subnet_metadata.ShareNetworkSubnetMetadataTest.test_set_get_delete_metadata [0.587025s] ... ok
{1} manila_tempest_tests.tests.api.test_share_network_subnet_metadata.ShareNetworkSubnetMetadataTest.test_set_metadata_in_subnet_creation [0.583334s] ... ok
{1} manila_tempest_tests.tests.api.test_share_network_subnet_metadata.ShareNetworkSubnetMetadataTest.test_set_metadata_key_already_exist [0.692631s] ... ok
{1} manila_tempest_tests.tests.api.test_share_network_subnet_metadata.ShareNetworkSubnetMetadataTest.test_set_metadata_max_size_key [0.084141s] ... ok
{1} manila_tempest_tests.tests.api.test_share_network_subnet_metadata.ShareNetworkSubnetMetadataTest.test_set_metadata_max_size_value [0.082078s] ... ok
{1} manila_tempest_tests.tests.api.test_share_network_subnet_metadata.ShareNetworkSubnetMetadataTest.test_set_metadata_min_size_key [0.086371s] ... ok
{1} manila_tempest_tests.tests.api.test_share_network_subnet_metadata.ShareNetworkSubnetMetadataTest.test_set_metadata_min_size_value [0.086159s] ... ok
{1} manila_tempest_tests.tests.api.test_share_network_subnet_metadata.ShareNetworkSubnetMetadataTest.test_set_metadata_not_delete_pre_metadata [0.778303s] ... ok
{1} manila_tempest_tests.tests.api.test_share_network_subnet_metadata.ShareNetworkSubnetMetadataTest.test_upd_metadata_max_size_key [0.174427s] ... ok
{1} manila_tempest_tests.tests.api.test_share_network_subnet_metadata.ShareNetworkSubnetMetadataTest.test_upd_metadata_max_size_value [0.129052s] ... ok
{1} manila_tempest_tests.tests.api.test_share_network_subnet_metadata.ShareNetworkSubnetMetadataTest.test_upd_metadata_min_size_key [0.120965s] ... ok
{1} manila_tempest_tests.tests.api.test_share_network_subnet_metadata.ShareNetworkSubnetMetadataTest.test_upd_metadata_min_size_value [0.108326s] ... ok
{0} manila_tempest_tests.tests.api.test_resource_locks_negative.ResourceLockNegativeTestWithShares.test_create_resource_lock_invalid_lock_reason_too_long [0.014332s] ... ok
{0} manila_tempest_tests.tests.api.test_resource_locks_negative.ResourceLockNegativeTestWithShares.test_create_resource_lock_invalid_resource_action [0.012158s] ... ok
{0} manila_tempest_tests.tests.api.test_resource_locks_negative.ResourceLockNegativeTestWithShares.test_delete_resource_lock_created_by_different_user [0.442726s] ... ok
{0} manila_tempest_tests.tests.api.test_resource_locks_negative.ResourceLockNegativeTestWithShares.test_update_resource_lock_created_by_different_user [0.501324s] ... ok
{0} manila_tempest_tests.tests.api.test_resource_locks_negative.ResourceLockNegativeTestWithShares.test_update_resource_lock_invalid_param [0.082444s] ... ok
{2} manila_tempest_tests.tests.api.test_share_transfers_negative.ShareTransferNegativeTest.test_show_transfer_of_other_tenants [21.889357s] ... ok
{1} manila_tempest_tests.tests.api.test_share_networks.ShareNetworksTest.test_create_delete_share_network [0.637393s] ... ok
{1} manila_tempest_tests.tests.api.test_share_networks.ShareNetworksTest.test_create_two_share_networks_with_same_net_and_subnet [0.536580s] ... ok
{1} manila_tempest_tests.tests.api.test_share_networks.ShareNetworksTest.test_gateway_mtu_neutron_net_id_with_neutron ... SKIPPED: Only for multitenancy.
{1} manila_tempest_tests.tests.api.test_share_networks.ShareNetworksTest.test_get_share_network [0.032412s] ... ok
{1} manila_tempest_tests.tests.api.test_share_networks.ShareNetworksTest.test_list_share_networks [0.037020s] ... ok
{1} manila_tempest_tests.tests.api.test_share_networks.ShareNetworksTest.test_list_share_networks_all_filter_opts [0.055749s] ... ok
{1} manila_tempest_tests.tests.api.test_share_networks.ShareNetworksTest.test_list_share_networks_filter_by_ss [0.094965s] ... ok
{1} manila_tempest_tests.tests.api.test_share_networks.ShareNetworksTest.test_list_share_networks_like_filter [0.042540s] ... ok
{1} manila_tempest_tests.tests.api.test_share_networks.ShareNetworksTest.test_list_share_networks_with_detail [0.042140s] ... ok
{3} manila_tempest_tests.tests.api.test_rules_negative.ShareRulesAPIOnlyNegativeTest.test_create_access_rule_ip_with_wrong_share_id [0.095328s] ... ok
{1} manila_tempest_tests.tests.api.test_share_networks.ShareNetworksTest.test_recreate_share_network [0.468134s] ... ok
{1} manila_tempest_tests.tests.api.test_share_networks.ShareNetworksTest.test_try_list_share_networks_all_tenants [0.051225s] ... ok
{1} manila_tempest_tests.tests.api.test_share_networks.ShareNetworksTest.test_try_list_share_networks_project_id [0.041081s] ... ok
{1} manila_tempest_tests.tests.api.test_share_networks.ShareNetworksTest.test_update_share_network [0.111446s] ... ok
{1} manila_tempest_tests.tests.api.test_share_networks.ShareNetworksTest.test_update_valid_keys_sh_server_exists ... SKIPPED: Only for multitenancy.
{3} setUpClass (manila_tempest_tests.tests.api.test_scheduler_hints_negative.SharesSchedulerHintsNegativeTest) ... SKIPPED: Manila multi-backend is disabled.
{3} manila_tempest_tests.tests.api.test_security_services_mapping.SecurityServicesMappingTest.test_map_ss_to_sn_and_delete [0.540292s] ... ok
{3} manila_tempest_tests.tests.api.test_security_services_mapping.SecurityServicesMappingTest.test_map_ss_to_sn_and_list [0.435587s] ... ok
{3} manila_tempest_tests.tests.api.test_security_services_mapping.SecurityServicesMappingTest.test_remap_ss_to_sn [0.546234s] ... ok
{3} manila_tempest_tests.tests.api.test_security_services_negative.SecurityServicesNegativeTest.test_get_deleted_security_service [0.162431s] ... ok
{3} manila_tempest_tests.tests.api.test_security_services_negative.SecurityServicesNegativeTest.test_try_create_security_service_with_empty_type [0.014922s] ... ok
{3} manila_tempest_tests.tests.api.test_security_services_negative.SecurityServicesNegativeTest.test_try_create_security_service_with_wrong_type [0.009407s] ... ok
{3} manila_tempest_tests.tests.api.test_security_services_negative.SecurityServicesNegativeTest.test_try_delete_security_service_with_wrong_type [0.012827s] ... ok
{3} manila_tempest_tests.tests.api.test_security_services_negative.SecurityServicesNegativeTest.test_try_delete_security_service_without_id [0.006729s] ... ok
{3} manila_tempest_tests.tests.api.test_security_services_negative.SecurityServicesNegativeTest.test_try_get_security_service_with_wrong_id [0.015279s] ... ok
{3} manila_tempest_tests.tests.api.test_security_services_negative.SecurityServicesNegativeTest.test_try_get_security_service_without_id [0.007416s] ... ok
{3} manila_tempest_tests.tests.api.test_security_services_negative.SecurityServicesNegativeTest.test_try_update_invalid_keys_sh_server_exists ... SKIPPED: Only for multitenancy.
{3} manila_tempest_tests.tests.api.test_security_services_negative.SecurityServicesNegativeTest.test_try_update_nonexistant_security_service [0.013930s] ... ok
{3} manila_tempest_tests.tests.api.test_security_services_negative.SecurityServicesNegativeTest.test_try_update_security_service_with_empty_id [0.012281s] ... ok
{3} setUpClass (manila_tempest_tests.tests.api.test_share_encryption.ShareEncryptionNFSTest) ... SKIPPED: Encryption tests are disabled.
{3} manila_tempest_tests.tests.api.test_share_types_negative.ShareTypesNegativeTest.test_share_type_update_bad_request_1_2_50 [0.008551s] ... ok
{3} manila_tempest_tests.tests.api.test_share_types_negative.ShareTypesNegativeTest.test_share_type_update_bad_request_2_2_90 [0.007878s] ... ok
{3} manila_tempest_tests.tests.api.test_share_types_negative.ShareTypesNegativeTest.test_share_type_update_bad_request_3_2_50_bad_public [0.007582s] ... ok
{3} manila_tempest_tests.tests.api.test_share_types_negative.ShareTypesNegativeTest.test_share_type_update_bad_request_4_2_90_bad_public [0.008990s] ... ok
{3} manila_tempest_tests.tests.api.test_share_types_negative.ShareTypesNegativeTest.test_share_type_update_bad_request_5_2_50_description [0.008213s] ... ok
{3} manila_tempest_tests.tests.api.test_share_types_negative.ShareTypesNegativeTest.test_share_type_update_bad_request_6_2_90_description [0.009629s] ... ok
{3} manila_tempest_tests.tests.api.test_share_types_negative.ShareTypesNegativeTest.test_share_type_update_conflict_1_2_50 [0.014531s] ... ok
{3} manila_tempest_tests.tests.api.test_share_types_negative.ShareTypesNegativeTest.test_share_type_update_conflict_2_2_90 [0.015524s] ... ok
{3} manila_tempest_tests.tests.api.test_share_types_negative.ShareTypesNegativeTest.test_try_add_access_to_share_type_with_user [0.082148s] ... ok
{3} manila_tempest_tests.tests.api.test_share_types_negative.ShareTypesNegativeTest.test_try_create_share_type_with_user [0.015307s] ... ok
{3} manila_tempest_tests.tests.api.test_share_types_negative.ShareTypesNegativeTest.test_try_delete_share_type_with_user [0.012449s] ... ok
{3} manila_tempest_tests.tests.api.test_share_types_negative.ShareTypesNegativeTest.test_try_remove_access_from_share_type_with_user [0.009319s] ... ok
{3} setUpClass (manila_tempest_tests.tests.api.test_shares.SharesMapRFSTest) ... SKIPPED: maprfs tests are disabled
{3} manila_tempest_tests.tests.api.test_shares_actions_negative.SharesActionsNegativeTest.test_get_share_from_other_project [0.124053s] ... ok
{3} manila_tempest_tests.tests.api.test_shares_actions_negative.SharesActionsNegativeTest.test_list_shares_with_description_not_exist [0.031993s] ... ok
{3} manila_tempest_tests.tests.api.test_shares_actions_negative.SharesActionsNegativeTest.test_list_shares_with_export_location_and_invalid_version_1_path [0.084767s] ... ok
{3} manila_tempest_tests.tests.api.test_shares_actions_negative.SharesActionsNegativeTest.test_list_shares_with_export_location_and_invalid_version_2_id [0.037897s] ... ok
{3} manila_tempest_tests.tests.api.test_shares_actions_negative.SharesActionsNegativeTest.test_list_shares_with_export_location_not_exist_1_path [0.033930s] ... ok
{3} manila_tempest_tests.tests.api.test_shares_actions_negative.SharesActionsNegativeTest.test_list_shares_with_export_location_not_exist_2_id [0.021209s] ... ok
{3} manila_tempest_tests.tests.api.test_shares_actions_negative.SharesActionsNegativeTest.test_list_shares_with_like_filter_and_invalid_version [0.050302s] ... ok
{0} manila_tempest_tests.tests.api.test_rules.ShareRulesTest.test_access_rules_deleted_if_share_deleted_1_2_9 ... SKIPPED: API version 2.9 does not support cephx access type, need version >= 2.13.
{3} manila_tempest_tests.tests.api.test_shares_actions_negative.SharesActionsNegativeTest.test_list_shares_with_like_filter_not_exist [0.431330s] ... ok
{3} manila_tempest_tests.tests.api.test_shares_actions_negative.SharesActionsNegativeTest.test_list_shares_with_name_not_exist [0.022848s] ... ok
{3} manila_tempest_tests.tests.api.test_shares_actions_negative.SharesActionsNegativeTest.test_list_snapshots_with_description_not_exist [0.039325s] ... ok
{3} manila_tempest_tests.tests.api.test_shares_actions_negative.SharesActionsNegativeTest.test_list_snapshots_with_name_not_exist [0.031725s] ... ok
{3} manila_tempest_tests.tests.api.test_shares_actions_negative.SharesActionsNegativeTest.test_restore_share_with_wrong_id [0.020599s] ... ok
{3} manila_tempest_tests.tests.api.test_shares_actions_negative.SharesActionsNegativeTest.test_share_extend_over_quota [0.102223s] ... ok
{1} manila_tempest_tests.tests.api.test_share_transfers.ShareTransferTest.test_create_and_accept_share_transfer [32.204885s] ... ok
{3} manila_tempest_tests.tests.api.test_shares_actions_negative.SharesActionsNegativeTest.test_share_extend_with_invalid_share_state [40.227400s] ... ok
{3} manila_tempest_tests.tests.api.test_shares_actions_negative.SharesActionsNegativeTest.test_share_extend_with_less_size [0.049936s] ... ok
{3} manila_tempest_tests.tests.api.test_shares_actions_negative.SharesActionsNegativeTest.test_share_extend_with_same_size [0.059506s] ... ok
{3} manila_tempest_tests.tests.api.test_shares_actions_negative.SharesActionsNegativeTest.test_share_force_extend_non_******_user [0.049471s] ... ok
{3} manila_tempest_tests.tests.api.test_shares_actions_negative.SharesActionsNegativeTest.test_share_shrink_with_greater_size ... SKIPPED: Share shrink tests are disabled.
{3} manila_tempest_tests.tests.api.test_shares_actions_negative.SharesActionsNegativeTest.test_share_shrink_with_invalid_share_state ... SKIPPED: Share shrink tests are disabled.
{3} manila_tempest_tests.tests.api.test_shares_actions_negative.SharesActionsNegativeTest.test_share_shrink_with_same_size ... SKIPPED: Share shrink tests are disabled.
{1} manila_tempest_tests.tests.api.test_share_transfers.ShareTransferTest.test_create_and_delete_share_transfer [40.296567s] ... ok
{2} manila_tempest_tests.tests.api.test_share_type_availability_zones_negative.ShareTypeAvailabilityZonesNegativeTest.test_share_type_azs_create_with_invalid_az_spec_1_az1______az2__az_3___ [0.011407s] ... ok
{2} manila_tempest_tests.tests.api.test_share_type_availability_zones_negative.ShareTypeAvailabilityZonesNegativeTest.test_share_type_azs_create_with_invalid_az_spec_2_az1__az_3 [0.009475s] ... ok
{2} manila_tempest_tests.tests.api.test_share_type_availability_zones_negative.ShareTypeAvailabilityZonesNegativeTest.test_share_type_azs_create_with_invalid_az_spec_3__az2___az_3 [0.008745s] ... ok
{2} manila_tempest_tests.tests.api.test_share_type_availability_zones_negative.ShareTypeAvailabilityZonesNegativeTest.test_share_type_azs_filter_by_invalid_azs_extra_spec [0.125866s] ... ok
{2} manila_tempest_tests.tests.api.test_share_type_availability_zones_negative.ShareTypeAvailabilityZonesNegativeTest.test_share_type_azs_share_groups_unsupported [0.288175s] ... ok
{2} manila_tempest_tests.tests.api.test_share_type_availability_zones_negative.ShareTypeAvailabilityZonesNegativeTest.test_share_type_azs_shares_unsupported_az [0.038451s] ... ok
{1} manila_tempest_tests.tests.api.test_share_type_availability_zones.ShareTypeAvailabilityZonesTest.test_share_type_azs_create_and_get_share_type_1_az1______az2__az_3__ [0.120024s] ... ok
{1} manila_tempest_tests.tests.api.test_share_type_availability_zones.ShareTypeAvailabilityZonesTest.test_share_type_azs_create_and_get_share_type_2_az1_az2_az_3 [0.120190s] ... ok
{1} manila_tempest_tests.tests.api.test_share_type_availability_zones.ShareTypeAvailabilityZonesTest.test_share_type_azs_create_and_get_share_type_3_az1____az2____az_3 [0.117340s] ... ok
{1} manila_tempest_tests.tests.api.test_share_type_availability_zones.ShareTypeAvailabilityZonesTest.test_share_type_azs_filter_by_availability_zones_1_az1 [0.204493s] ... ok
{1} manila_tempest_tests.tests.api.test_share_type_availability_zones.ShareTypeAvailabilityZonesTest.test_share_type_azs_filter_by_availability_zones_2_az2 [0.232645s] ... ok
{1} manila_tempest_tests.tests.api.test_share_type_availability_zones.ShareTypeAvailabilityZonesTest.test_share_type_azs_filter_by_availability_zones_3_az_3 [0.204023s] ... ok
{1} manila_tempest_tests.tests.api.test_share_type_availability_zones.ShareTypeAvailabilityZonesTest.test_share_type_azs_filter_by_availability_zones_4_az1___az_3 [0.190709s] ... ok
{1} manila_tempest_tests.tests.api.test_share_type_availability_zones.ShareTypeAvailabilityZonesTest.test_share_type_azs_filter_by_availability_zones_5_az_3__az1 [0.199820s] ... ok
{1} manila_tempest_tests.tests.api.test_share_type_availability_zones.ShareTypeAvailabilityZonesTest.test_share_type_azs_filter_by_availability_zones_6_az2__az_3__az1 [0.180038s] ... ok
{2} setUpClass (manila_tempest_tests.tests.api.test_shares.SharesHDFSTest) ... SKIPPED: hdfs tests are disabled
{0} manila_tempest_tests.tests.api.test_rules.ShareRulesTest.test_access_rules_deleted_if_share_deleted_2_2_27 [80.243552s] ... ok
{3} manila_tempest_tests.tests.api.test_shares_actions_negative.SharesActionsNegativeTest.test_soft_delete_share_from_other_project [40.156206s] ... ok
{2} manila_tempest_tests.tests.api.test_shares_actions.SharesActionsTest.test_extend_share [40.353603s] ... ok
{2} manila_tempest_tests.tests.api.test_shares_actions.SharesActionsTest.test_get_share_export_locations_removed [0.033714s] ... ok
{2} manila_tempest_tests.tests.api.test_shares_actions.SharesActionsTest.test_get_share_v2_1 [0.030286s] ... ok
{2} manila_tempest_tests.tests.api.test_shares_actions.SharesActionsTest.test_get_share_with_access_rules_status [0.030179s] ... ok
{2} manila_tempest_tests.tests.api.test_shares_actions.SharesActionsTest.test_get_share_with_create_share_from_snapshot_support [0.046092s] ... ok
{2} manila_tempest_tests.tests.api.test_shares_actions.SharesActionsTest.test_get_share_with_replication_type_key [0.029435s] ... ok
{2} manila_tempest_tests.tests.api.test_shares_actions.SharesActionsTest.test_get_share_with_revert_to_snapshot_support [0.038312s] ... ok
{2} manila_tempest_tests.tests.api.test_shares_actions.SharesActionsTest.test_get_share_with_share_type_name_key [0.041108s] ... ok
{2} manila_tempest_tests.tests.api.test_shares_actions.SharesActionsTest.test_get_share_with_snapshot_support_key [0.035602s] ... ok
{2} manila_tempest_tests.tests.api.test_shares_actions.SharesActionsTest.test_get_share_with_user_id [0.037607s] ... ok
{2} manila_tempest_tests.tests.api.test_shares_actions.SharesActionsTest.test_get_snapshot_1_2_0 ... SKIPPED: Snapshot tests are disabled.
{2} manila_tempest_tests.tests.api.test_shares_actions.SharesActionsTest.test_get_snapshot_2_2_16 ... SKIPPED: Snapshot tests are disabled.
{2} manila_tempest_tests.tests.api.test_shares_actions.SharesActionsTest.test_get_snapshot_3_2_90 ... SKIPPED: Snapshot tests are disabled.
{2} manila_tempest_tests.tests.api.test_shares_actions.SharesActionsTest.test_list_shares [0.042041s] ... ok
{2} manila_tempest_tests.tests.api.test_shares_actions.SharesActionsTest.test_list_shares_with_detail_and_create_share_from_snapshot_support [0.047183s] ... ok
{2} manila_tempest_tests.tests.api.test_shares_actions.SharesActionsTest.test_list_shares_with_detail_and_snapshot_support_key [0.037618s] ... ok
{2} manila_tempest_tests.tests.api.test_shares_actions.SharesActionsTest.test_list_shares_with_detail_export_locations_removed [0.046291s] ... ok
{2} manila_tempest_tests.tests.api.test_shares_actions.SharesActionsTest.test_list_shares_with_detail_filter_by_active_status [0.075809s] ... ok
{2} manila_tempest_tests.tests.api.test_shares_actions.SharesActionsTest.test_list_shares_with_detail_filter_by_all_tenants [0.085363s] ... ok
{2} manila_tempest_tests.tests.api.test_shares_actions.SharesActionsTest.test_list_shares_with_detail_filter_by_existed_description [0.084254s] ... ok
{2} manila_tempest_tests.tests.api.test_shares_actions.SharesActionsTest.test_list_shares_with_detail_filter_by_existed_name [0.076020s] ... ok
{2} manila_tempest_tests.tests.api.test_shares_actions.SharesActionsTest.test_list_shares_with_detail_filter_by_fake_name [0.026536s] ... ok
{2} manila_tempest_tests.tests.api.test_shares_actions.SharesActionsTest.test_list_shares_with_detail_filter_by_fake_status [0.017211s] ... ok
{2} manila_tempest_tests.tests.api.test_shares_actions.SharesActionsTest.test_list_shares_with_detail_filter_by_inexact_name [0.078852s] ... ok
{2} manila_tempest_tests.tests.api.test_shares_actions.SharesActionsTest.test_list_shares_with_detail_filter_by_metadata [0.100601s] ... ok
{2} manila_tempest_tests.tests.api.test_shares_actions.SharesActionsTest.test_list_shares_with_detail_filter_by_share_network_id ... SKIPPED: Only for multitenancy.
{2} manila_tempest_tests.tests.api.test_shares_actions.SharesActionsTest.test_list_shares_with_detail_filter_by_snapshot_id ... SKIPPED: Snapshot tests are disabled.
{2} manila_tempest_tests.tests.api.test_shares_actions.SharesActionsTest.test_list_shares_with_detail_replication_type_key [0.040396s] ... ok
{2} manila_tempest_tests.tests.api.test_shares_actions.SharesActionsTest.test_list_shares_with_detail_share_type_name_key [0.345945s] ... ok
{2} manila_tempest_tests.tests.api.test_shares_actions.SharesActionsTest.test_list_shares_with_detail_v2_1 [0.038569s] ... ok
{2} manila_tempest_tests.tests.api.test_shares_actions.SharesActionsTest.test_list_shares_with_detail_with_access_rules_status [0.038919s] ... ok
{2} manila_tempest_tests.tests.api.test_shares_actions.SharesActionsTest.test_list_shares_with_detail_with_asc_sorting [0.044108s] ... ok
{2} manila_tempest_tests.tests.api.test_shares_actions.SharesActionsTest.test_list_shares_with_detail_with_count [0.079219s] ... ok
{2} manila_tempest_tests.tests.api.test_shares_actions.SharesActionsTest.test_list_shares_with_detail_with_revert_to_snapshot_support [0.039720s] ... ok
{2} manila_tempest_tests.tests.api.test_shares_actions.SharesActionsTest.test_list_shares_with_user_id [0.059397s] ... ok
{2} manila_tempest_tests.tests.api.test_shares_actions.SharesActionsTest.test_list_snapshots ... SKIPPED: Snapshot tests are disabled.
{2} manila_tempest_tests.tests.api.test_shares_actions.SharesActionsTest.test_list_snapshots_with_detail_1_2_0 ... SKIPPED: Snapshot tests are disabled.
{2} manila_tempest_tests.tests.api.test_shares_actions.SharesActionsTest.test_list_snapshots_with_detail_2_2_16 ... SKIPPED: Snapshot tests are disabled.
{2} manila_tempest_tests.tests.api.test_shares_actions.SharesActionsTest.test_list_snapshots_with_detail_3_2_36 ... SKIPPED: Snapshot tests are disabled.
{2} manila_tempest_tests.tests.api.test_shares_actions.SharesActionsTest.test_list_snapshots_with_detail_4_2_90 ... SKIPPED: Snapshot tests are disabled.
{2} manila_tempest_tests.tests.api.test_shares_actions.SharesActionsTest.test_list_snapshots_with_detail_and_asc_sorting ... SKIPPED: Snapshot tests are disabled.
{2} manila_tempest_tests.tests.api.test_shares_actions.SharesActionsTest.test_list_snapshots_with_detail_filter_by_description ... SKIPPED: Snapshot tests are disabled.
{2} manila_tempest_tests.tests.api.test_shares_actions.SharesActionsTest.test_list_snapshots_with_detail_filter_by_status_and_name ... SKIPPED: Snapshot tests are disabled.
{2} manila_tempest_tests.tests.api.test_shares_actions.SharesActionsTest.test_list_snapshots_with_detail_use_limit ... SKIPPED: Snapshot tests are disabled.
{2} manila_tempest_tests.tests.api.test_shares_actions.SharesActionsTest.test_shrink_share ... SKIPPED: Share shrink tests are disabled.
{1} manila_tempest_tests.tests.api.test_share_type_availability_zones.ShareTypeAvailabilityZonesTest.test_share_type_azs_old_version_api_ignores_spec [71.504840s] ... ok
{2} manila_tempest_tests.tests.api.test_shares_actions.SharesActionsTest.test_soft_delete_and_restore_share [18.977470s] ... ok
{3} manila_tempest_tests.tests.api.test_shares_actions_negative.SharesActionsNegativeTest.test_soft_delete_share_has_been_soft_deleted [40.314624s] ... ok
{1} manila_tempest_tests.tests.api.test_share_type_availability_zones.ShareTypeAvailabilityZonesTest.test_share_type_azs_share_groups_az_in_create_req_1_True [6.485837s] ... ok
{1} manila_tempest_tests.tests.api.test_share_type_availability_zones.ShareTypeAvailabilityZonesTest.test_share_type_azs_share_groups_az_in_create_req_2_False [3.274992s] ... ok
{0} manila_tempest_tests.tests.api.test_rules.ShareRulesTest.test_access_rules_deleted_if_share_deleted_3_2_28 [79.931216s] ... ok
{1} manila_tempest_tests.tests.api.test_share_type_availability_zones.ShareTypeAvailabilityZonesTest.test_share_type_azs_shares_az_in_create_req_1_True [30.935938s] ... ok
{3} manila_tempest_tests.tests.api.test_shares_actions_negative.SharesActionsNegativeTest.test_soft_delete_share_with_invalid_share_state [40.361205s] ... ok
{3} manila_tempest_tests.tests.api.test_shares_actions_negative.SharesActionsNegativeTest.test_soft_delete_share_with_wrong_id [0.024637s] ... ok
{2} manila_tempest_tests.tests.api.test_shares_negative.SharesNegativeTest.test_create_share_from_snap_with_different_share_network ... SKIPPED: Only for multitenancy.
{2} manila_tempest_tests.tests.api.test_shares_negative.SharesNegativeTest.test_create_share_from_snap_with_less_size ... SKIPPED: Snapshot tests are disabled.
{2} manila_tempest_tests.tests.api.test_shares_negative.SharesNegativeTest.test_create_share_with_nonexistant_share_network ... SKIPPED: Only for multitenancy.
{2} manila_tempest_tests.tests.api.test_shares_negative.SharesNegativeTest.test_try_delete_share_with_existing_snapshot ... SKIPPED: Snapshot tests are disabled.
{3} setUpClass (manila_tempest_tests.tests.api.test_shares_from_snapshot_across_pools.SharesFromSnapshotAcrossPools) ... SKIPPED: Create share from snapshot tests are disabled.
{3} setUpClass (manila_tempest_tests.tests.api.test_snapshot_metadata_negative.ShareSnapshotMetadataNegativeTest) ... SKIPPED: Snapshot tests are disabled.
{1} manila_tempest_tests.tests.api.test_share_type_availability_zones.ShareTypeAvailabilityZonesTest.test_share_type_azs_shares_az_in_create_req_2_False [40.104626s] ... ok
{1} setUpClass (manila_tempest_tests.tests.api.test_shares.SharesGLUSTERFSTest) ... SKIPPED: glusterfs tests are disabled
{1} manila_tempest_tests.tests.api.test_shares.SharesNFSTest.test_create_delete_snapshot ... SKIPPED: Snapshot tests are disabled.
{1} manila_tempest_tests.tests.api.test_shares.SharesNFSTest.test_create_get_delete_share [34.249601s] ... ok
{1} manila_tempest_tests.tests.api.test_shares.SharesNFSTest.test_create_share_from_snapshot ... SKIPPED: Snapshot tests are disabled.
{1} manila_tempest_tests.tests.api.test_shares.SharesNFSTest.test_create_share_from_snapshot_share_network_not_provided ... SKIPPED: Only for multitenancy.
{0} manila_tempest_tests.tests.api.test_rules.ShareRulesTest.test_access_rules_deleted_if_share_deleted_4_2_90 [80.437517s] ... ok
{1} manila_tempest_tests.tests.api.test_shares_actions.SharesRenameTest.test_rename_snapshot ... SKIPPED: Snapshot tests are disabled.
{1} manila_tempest_tests.tests.api.test_shares_actions.SharesRenameTest.test_update_share [0.146511s] ... ok
{0} manila_tempest_tests.tests.api.test_rules.ShareRulesTest.test_******_delete_restricted_rules [40.622497s] ... ok
{1} setUpClass (manila_tempest_tests.tests.api.test_snapshot_metadata.ShareSnapshotMetadataTest) ... SKIPPED: Snapshot tests are disabled.
{1} setUpClass (manila_tempest_tests.tests.api.test_snapshot_rules.ShareSnapshotUserRulesForCIFSTest) ... SKIPPED: Mountable snapshots tests are disabled.
{0} manila_tempest_tests.tests.api.test_rules.ShareRulesTest.test_******_listing_restricted_rules [40.936963s] ... ok
{0} manila_tempest_tests.tests.api.test_rules.ShareRulesTest.test_list_access_rules_1_2_9 ... SKIPPED: API version 2.9 does not support cephx access type, need version >= 2.13.
{0} manila_tempest_tests.tests.api.test_rules.ShareRulesTest.test_list_access_rules_2_2_27 [37.748935s] ... ok
{0} manila_tempest_tests.tests.api.test_rules.ShareRulesTest.test_list_access_rules_3_2_28 [40.876786s] ... ok
{0} manila_tempest_tests.tests.api.test_rules.ShareRulesTest.test_list_access_rules_4_2_45 [40.780242s] ... ok
{0} manila_tempest_tests.tests.api.test_rules.ShareRulesTest.test_list_access_rules_5_2_90 [40.719603s] ... ok
{0} manila_tempest_tests.tests.api.test_rules.ShareRulesTest.test_list_restricted_rules_from_other_user_1___2_81___True_ [37.940404s] ... ok
{0} manila_tempest_tests.tests.api.test_rules.ShareRulesTest.test_list_restricted_rules_from_other_user_2___2_81___False_ [40.872351s] ... ok
{0} manila_tempest_tests.tests.api.test_rules.ShareRulesTest.test_list_restricted_rules_from_other_user_3___2_90___True_ [40.986617s] ... ok
{0} manila_tempest_tests.tests.api.test_rules.ShareRulesTest.test_list_restricted_rules_from_other_user_4___2_90___False_ [37.823478s] ... ok
{0} manila_tempest_tests.tests.api.test_rules_negative.ShareRulesNegativeTest.test_create_access_rule_ip_to_snapshot ... SKIPPED: Snapshot tests are disabled.
{0} manila_tempest_tests.tests.api.test_rules_negative.ShareRulesNegativeTest.test_create_access_rule_ip_with_wrong_type [0.048708s] ... ok
{0} manila_tempest_tests.tests.api.test_rules_negative.ShareRulesNegativeTest.test_delete_access_rule_with_wrong_id [0.069926s] ... ok
{0} manila_tempest_tests.tests.api.test_scheduler_stats_negative.SchedulerStatsNegativeTest.test_try_list_pools_detailed_with_user [0.106209s] ... ok
{0} manila_tempest_tests.tests.api.test_scheduler_stats_negative.SchedulerStatsNegativeTest.test_try_list_pools_with_user [0.011582s] ... ok
{0} manila_tempest_tests.tests.api.test_security_services.SecurityServicesTest.test_create_delete_security_service [0.382110s] ... ok
{0} manila_tempest_tests.tests.api.test_security_services.SecurityServicesTest.test_get_security_service_1_2_43 [0.183647s] ... ok
{0} manila_tempest_tests.tests.api.test_security_services.SecurityServicesTest.test_get_security_service_2_2_44 [0.172468s] ... ok
{0} manila_tempest_tests.tests.api.test_security_services.SecurityServicesTest.test_get_security_service_3_2_90 [0.176231s] ... ok
{0} manila_tempest_tests.tests.api.test_security_services.SecurityServicesTest.test_list_security_services [0.110369s] ... ok
{0} manila_tempest_tests.tests.api.test_security_services.SecurityServicesTest.test_list_security_services_detailed_filter_by_ss_attributes [0.118308s] ... ok
{0} manila_tempest_tests.tests.api.test_security_services.SecurityServicesTest.test_list_security_services_filter_by_invalid_opt [0.129687s] ... ok
{0} manila_tempest_tests.tests.api.test_security_services.SecurityServicesTest.test_list_security_services_filter_by_share_network ... SKIPPED: Only for multitenancy.
{0} manila_tempest_tests.tests.api.test_security_services.SecurityServicesTest.test_list_security_services_with_detail_1_2_42 [0.112385s] ... ok
{0} manila_tempest_tests.tests.api.test_security_services.SecurityServicesTest.test_list_security_services_with_detail_2_2_44 [0.132469s] ... ok
{0} manila_tempest_tests.tests.api.test_security_services.SecurityServicesTest.test_list_security_services_with_detail_3_2_90 [0.144273s] ... ok
{0} manila_tempest_tests.tests.api.test_security_services.SecurityServicesTest.test_try_list_security_services_all_tenants_ignored [0.242214s] ... ok
{0} manila_tempest_tests.tests.api.test_security_services.SecurityServicesTest.test_try_update_valid_keys_sh_server_exists ... SKIPPED: Only for multitenancy.
{0} manila_tempest_tests.tests.api.test_security_services.SecurityServicesTest.test_update_security_service [0.229485s] ... ok
{0} manila_tempest_tests.tests.api.test_security_services_mapping_negative.SecServicesMappingNegativeTest.test_add_empty_sec_service_id_to_share_network [0.064923s] ... ok
{0} manila_tempest_tests.tests.api.test_security_services_mapping_negative.SecServicesMappingNegativeTest.test_add_nonexistant_sec_service_to_share_network [0.053332s] ... ok
{0} manila_tempest_tests.tests.api.test_security_services_mapping_negative.SecServicesMappingNegativeTest.test_add_sec_service_to_nonexistant_share_network [0.029911s] ... ok
{0} manila_tempest_tests.tests.api.test_security_services_mapping_negative.SecServicesMappingNegativeTest.test_add_sec_service_to_share_network_with_empty_id [0.008992s] ... ok
{0} manila_tempest_tests.tests.api.test_security_services_mapping_negative.SecServicesMappingNegativeTest.test_add_sec_service_twice_to_share_network [0.122674s] ... ok
{0} manila_tempest_tests.tests.api.test_security_services_mapping_negative.SecServicesMappingNegativeTest.test_delete_nonexistant_sec_service_from_share_network [0.070508s] ... ok
{0} manila_tempest_tests.tests.api.test_security_services_mapping_negative.SecServicesMappingNegativeTest.test_delete_nonexistant_ss_from_nonexistant_sn [0.032617s] ... ok
{0} manila_tempest_tests.tests.api.test_security_services_mapping_negative.SecServicesMappingNegativeTest.test_delete_sec_service_from_nonexistant_share_network [0.031147s] ... ok
{0} manila_tempest_tests.tests.api.test_security_services_mapping_negative.SecServicesMappingNegativeTest.test_delete_ss_from_sn_used_by_share_server ... SKIPPED: Only for multitenancy.
{0} manila_tempest_tests.tests.api.test_security_services_mapping_negative.SecServicesMappingNegativeTest.test_list_sec_services_for_nonexistant_share_network [0.046322s] ... ok
{0} manila_tempest_tests.tests.api.test_security_services_mapping_negative.SecServicesMappingNegativeTest.test_try_delete_ss_that_assigned_to_sn [0.855276s] ... ok
{0} manila_tempest_tests.tests.api.test_security_services_mapping_negative.SecServicesMappingNegativeTest.test_try_map_two_ss_with_same_type_to_sn [0.541670s] ... ok
{0} setUpClass (manila_tempest_tests.tests.api.test_share_groups_negative.ShareGroupsNegativeTest) ... SKIPPED: Share Group tests disabled.
{0} manila_tempest_tests.tests.api.test_share_network_subnet_metadata_negative.ShareNetworkSubnetMetadataNegativeTest.test_try_delete_unexisting_metadata [0.390222s] ... ok
{0} manila_tempest_tests.tests.api.test_share_network_subnet_metadata_negative.ShareNetworkSubnetMetadataNegativeTest.test_try_set_metadata_to_unexisting_subnet [0.295241s] ... ok
{0} manila_tempest_tests.tests.api.test_share_network_subnet_metadata_negative.ShareNetworkSubnetMetadataNegativeTest.test_try_set_metadata_with_empty_key [0.011903s] ... ok
{0} manila_tempest_tests.tests.api.test_share_network_subnet_metadata_negative.ShareNetworkSubnetMetadataNegativeTest.test_try_set_metadata_with_too_big_key [0.008124s] ... ok
{0} manila_tempest_tests.tests.api.test_share_network_subnet_metadata_negative.ShareNetworkSubnetMetadataNegativeTest.test_try_set_metadata_with_too_big_value [0.008064s] ... ok
{0} manila_tempest_tests.tests.api.test_share_network_subnet_metadata_negative.ShareNetworkSubnetMetadataNegativeTest.test_try_upd_metadata_with_empty_key [0.008377s] ... ok
{0} manila_tempest_tests.tests.api.test_share_network_subnet_metadata_negative.ShareNetworkSubnetMetadataNegativeTest.test_try_upd_metadata_with_too_big_key [0.008483s] ... ok
{0} manila_tempest_tests.tests.api.test_share_network_subnet_metadata_negative.ShareNetworkSubnetMetadataNegativeTest.test_try_upd_metadata_with_too_big_value [0.007601s] ... ok
{0} manila_tempest_tests.tests.api.test_share_network_subnet_metadata_negative.ShareNetworkSubnetMetadataNegativeTest.test_try_update_all_metadata_to_unexisting_subnet [0.293526s] ... ok
{0} setUpClass (manila_tempest_tests.tests.api.test_shares.SharesCIFSTest) ... SKIPPED: cifs tests are disabled
{0} setUpClass (manila_tempest_tests.tests.api.test_shares.SharesCephFSTest) ... SKIPPED: cephfs tests are disabled
{0} manila_tempest_tests.tests.api.test_shares_negative.SharesAPIOnlyNegativeTest.test_create_share_non_existent_az [0.080780s] ... ok
{0} manila_tempest_tests.tests.api.test_shares_negative.SharesAPIOnlyNegativeTest.test_create_share_size_greater_than_specified_in_share_type [0.017859s] ... ok
{0} manila_tempest_tests.tests.api.test_shares_negative.SharesAPIOnlyNegativeTest.test_create_share_size_less_than_specified_in_share_type [0.017897s] ... ok
{0} manila_tempest_tests.tests.api.test_shares_negative.SharesAPIOnlyNegativeTest.test_create_share_with_invalid_protocol [0.022760s] ... ok
{0} manila_tempest_tests.tests.api.test_shares_negative.SharesAPIOnlyNegativeTest.test_create_share_with_invalid_size [0.018291s] ... ok
{0} manila_tempest_tests.tests.api.test_shares_negative.SharesAPIOnlyNegativeTest.test_create_share_with_out_passing_size [0.019711s] ... ok
{0} manila_tempest_tests.tests.api.test_shares_negative.SharesAPIOnlyNegativeTest.test_create_share_with_wrong_public_value [0.010691s] ... ok
{0} manila_tempest_tests.tests.api.test_shares_negative.SharesAPIOnlyNegativeTest.test_create_share_with_zero_size [0.022379s] ... ok
{0} manila_tempest_tests.tests.api.test_shares_negative.SharesAPIOnlyNegativeTest.test_create_snapshot_with_wrong_id ... SKIPPED: Snapshot tests are disabled.
{0} manila_tempest_tests.tests.api.test_shares_negative.SharesAPIOnlyNegativeTest.test_delete_share_with_wrong_id [0.021457s] ... ok
{0} manila_tempest_tests.tests.api.test_shares_negative.SharesAPIOnlyNegativeTest.test_delete_share_without_passing_share_id [0.008460s] ... ok
{0} manila_tempest_tests.tests.api.test_shares_negative.SharesAPIOnlyNegativeTest.test_delete_snapshot_with_wrong_id ... SKIPPED: Snapshot tests are disabled.
{0} manila_tempest_tests.tests.api.test_shares_negative.SharesAPIOnlyNegativeTest.test_get_share_with_wrong_id [0.016380s] ... ok
{0} manila_tempest_tests.tests.api.test_shares_negative.SharesAPIOnlyNegativeTest.test_get_share_without_passing_share_id [0.006618s] ... ok
{0} manila_tempest_tests.tests.api.test_shares_negative.SharesAPIOnlyNegativeTest.test_list_by_share_server_by_user [0.011972s] ... ok
{0} manila_tempest_tests.tests.api.test_shares_negative.SharesAPIOnlyNegativeTest.test_list_by_user_with_host_filter [0.011475s] ... ok
{0} manila_tempest_tests.tests.api.test_shares_negative.SharesAPIOnlyNegativeTest.test_list_shares_non******_with_nonexistent_share_server_filter [0.013293s] ... ok
{0} manila_tempest_tests.tests.api.test_shares_negative.SharesAPIOnlyNegativeTest.test_manage_share_by_user [0.010711s] ... ok
{0} manila_tempest_tests.tests.api.test_shares_negative.SharesAPIOnlyNegativeTest.test_unmanage_share_by_user [0.011429s] ... ok
{0} setUpClass (manila_tempest_tests.tests.api.test_snapshot_rules.ShareSnapshotIpRulesForNFSTest) ... SKIPPED: Snapshot tests are disabled.
{0} setUpClass (manila_tempest_tests.tests.api.test_snapshot_rules_negative.SnapshotIpRulesForNFSNegativeTest) ... SKIPPED: Snapshot tests are disabled.

======
Totals
======
Ran: 861 tests in 1462.3257 sec.
 - Passed: 684
 - Skipped: 177
 - Expected Fail: 0
 - Unexpected Success: 0
 - Failed: 0
Sum of execute time for each test: 3086.7316 sec.

==============
Worker Balance
==============
 - Worker 0 (232 tests) => 0:24:16.108055
 - Worker 1 (144 tests) => 0:16:56.627795
 - Worker 2 (223 tests) => 0:14:10.962240
 - Worker 3 (262 tests) => 0:15:15.800346
