"pcp-dstat 6.2.0 CSV Output"
"Author:","PCP team <pcp@groups.io> and Dag Wieers <dag@wieers.com>",,,,"URL:","https://pcp.io/ and http://dag.wieers.com/home-made/dstat/"
"Host:","ubuntu",,,,"User:","ubuntu"
"Cmdline:","dstat -tcmndrylpg --tcp --output /tmp/devstack_logs/dstat-csv.log",,,,"Date:","26 Mar 2026 21:18:09 UTC"
"system","total usage",,,,,"memory usage",,,,"net/total",,"dsk/total",,"io/total",,"system",,"load avg",,,"procs",,,"paging",,"tcp sockets",,,,
"time","total usage:usr","total usage:sys","total usage:idl","total usage:wai","total usage:stl","used","free","buf","cach","net/total:recv","net/total:send","dsk/total:read","dsk/total:writ","read","writ","int","csw","1m","5m","15m","run","blk","new","in","out","lis","act","syn","tim","clo"
26-03 21:18:09,,981268,664540,217592,5852724,,,,,,,0.940,0.860,0.670,1,0,,,,19,2,0,7,0
26-03 21:18:10,8.972,18.692,70.283,0,0,984352,661428,217592,5852752,16942.588,1615.004,0,247.235,0,9.969,5492,3699,0.940,0.860,0.670,1,0,318.016,0,0,19,2,0,7,0
26-03 21:18:11,8.511,20.276,69.591,0,0,975380,670244,217592,5852908,15832.660,1459.905,0,12.016,0,3.004,5243,3333,0.950,0.860,0.670,1,0,301.393,0,0,19,2,0,7,0
26-03 21:18:12,14.216,17.458,66.341,0,0,965008,680572,217592,5853380,14689.816,1496.416,0,19.952,0,4.988,5419,4562,0.950,0.860,0.670,1,0,237.431,0,0,19,2,0,7,0
26-03 21:18:13,16.514,17.765,65.055,0,0.250,971336,674232,217592,5853392,11004.357,1621.379,0,16.014,0,4.003,5548,5371,0.950,0.860,0.670,1,0,234.199,0,0,19,2,0,7,0
26-03 21:18:14,15.245,9.997,73.725,0,0,1082112,563248,217592,5977980,8868.954,1457.500,0,1271.563,0,159.945,4464,5332,0.950,0.860,0.670,0,0,77.973,0,0,20,2,0,7,0
26-03 21:18:15,6.004,6.004,86.558,0.250,0,1089576,555760,217592,5978008,18901.576,1458.971,0,100.067,0,3.002,2219,1774,0.950,0.860,0.670,1,0,76.051,0,0,20,4,0,7,0
26-03 21:18:16,20.529,6.008,72.351,0,0,1091260,554068,217592,5978016,19696.416,1622.258,0,36.050,0,9.013,2646,1662,1.030,0.880,0.680,1,0,40.056,0,0,20,4,0,7,0
26-03 21:18:17,15.726,10.484,72.139,0.250,0,1101276,544036,217596,5978028,17719.694,1455.757,0,223.655,0,14.977,3986,2946,1.030,0.880,0.680,1,0,169.738,0,0,20,4,0,9,0
26-03 21:18:18,23.747,2.750,72.740,0,0,1137036,507524,217596,5978760,12978.216,1457.800,0,747.897,0,18.997,1924,1427,1.030,0.880,0.680,1,0,0,0,0,20,4,0,9,0
26-03 21:18:19,23.495,2.749,73.483,0,0,1166748,477076,217608,5979292,17413.067,1457.671,0,35.992,0,2.999,1843,1111,1.030,0.880,0.680,1,0,0,0,0,20,4,0,9,0
26-03 21:18:20,15.553,4.265,69.236,8.780,0,1186336,450240,218032,5986008,19003.726,1625.537,0,25683.477,0,2349.001,10767,19740,1.030,0.880,0.680,1,0,46.157,0,0,20,6,0,9,0
26-03 21:18:21,19.939,4.237,64.800,7.228,0,1133084,499736,218632,5989016,9924.396,1453.518,0,43617.495,0,3292.846,11912,22595,1.030,0.880,0.680,1,0,35.889,0,0,20,4,0,9,0
26-03 21:18:22,16.995,8.748,72.730,0,0,1138816,493996,218632,5989024,10244.169,1499.586,0,683.811,0,41.988,2896,2051,1.030,0.880,0.680,1,0,74.979,0,0,20,4,0,9,0
26-03 21:18:23,23.065,2.758,73.456,0.501,0,1182656,450148,218640,5989024,87595.990,1624.562,0,669.881,0,30.084,2113,1371,1.030,0.880,0.680,1,0,1.003,0,0,20,4,0,9,0
26-03 21:18:24,24.679,1.994,71.793,0.499,0,1187892,444856,218688,5989028,18621.405,1615.351,0,7434.602,0,410.818,2445,2763,1.030,0.880,0.680,2,0,0,0,0,20,4,0,9,0
26-03 21:18:25,22.205,3.243,72.851,0,0,1207016,425724,218688,5989036,18016.263,1616.703,0,251.487,0,14.969,2075,1427,1.030,0.880,0.680,1,0,9.980,0,0,20,4,0,9,0
26-03 21:18:26,23.312,3.008,73.696,0,0,1234080,398660,218688,5989036,19636.126,1516.024,0,0,0,0,1888,1231,1.030,0.880,0.680,2,0,0,0,0,20,4,0,9,0
26-03 21:18:27,20.520,5.255,72.572,0,0,1193392,439332,218688,5989052,17713.552,1567.553,0,4.004,0,1.001,2634,1637,1.030,0.880,0.680,4,0,69.068,0,0,20,4,0,9,0
26-03 21:18:28,9.512,19.774,70.086,0,0,1189636,443044,218688,5989088,17240.248,1459.799,0,12.015,0,3.004,5478,3789,1.030,0.880,0.680,1,0,318.392,0,0,20,4,0,9,0
26-03 21:18:29,9.501,21.002,68.006,0,0,1173544,458820,218688,5989368,9749.926,1620.154,0,32.003,0,8.001,5457,3744,1.030,0.880,0.680,1,0,311.030,0,0,20,4,0,9,0
26-03 21:18:30,22.190,12.716,64.077,0,0,1146340,485968,218692,5989728,17344.255,1454.081,0,1675.484,0,221.403,5767,6913,1.030,0.880,0.680,1,0,148.600,0,0,20,4,0,9,0
26-03 21:18:31,42.996,12.999,43.496,0.250,0,1176692,455564,218696,5989860,14071.797,1619.862,0,215.982,0,10.999,4309,2930,1.100,0.900,0.690,3,0,130.989,0,0,20,5,0,9,0
26-03 21:18:32,46.748,4.000,47.998,0,0.250,1231120,401132,218712,5989848,10557.544,1457.937,0,463.980,0,32.999,2840,1251,1.100,0.900,0.690,3,0,0,0,0,20,5,0,9,0
26-03 21:18:33,47.002,4.250,48.502,0,0,1265192,366356,218724,5990432,18129.919,1458.074,0,324.016,0,17.001,2845,1185,1.100,0.900,0.690,3,0,1.000,0,0,20,5,0,9,0
26-03 21:18:34,44.175,7.987,46.422,0,0,1289400,340456,218788,5992040,11109.245,1617.270,0,4336.679,0,373.370,3645,3422,1.100,0.900,0.690,3,0,0,0,0,20,5,0,9,0
26-03 21:18:35,14.774,9.015,75.124,0,0,1294948,333872,218816,5992752,19048.352,1460.404,0,220.363,0,23.038,3451,2987,1.100,0.900,0.690,1,0,118.195,0,0,20,4,0,10,0
26-03 21:18:36,22.060,7.521,69.941,0,0,1360700,268112,218824,5992752,15182.506,1461.997,0,377.031,0,3.008,3291,11394,1.020,0.890,0.680,1,0,59.162,0,0,20,4,0,10,0
26-03 21:18:37,22.184,3.739,72.535,0,0,1412336,216452,218824,5992752,10383.187,1615.207,0,3182.556,0,15.953,1856,1308,1.020,0.890,0.680,1,0,0,0,0,20,4,0,10,0
26-03 21:18:38,24.510,1.501,73.781,0,0,1421628,207160,218824,5992752,17566.328,1500.626,0,0,0,0,1762,1083,1.020,0.890,0.680,3,0,0,0,0,20,4,0,10,0
26-03 21:18:39,22.988,2.749,71.462,1.249,0,1445556,183420,218896,5993032,17395.633,1457.215,0,1495.195,0,200.892,3799,4744,1.020,0.890,0.680,1,0,0.999,0,0,20,10,0,10,0
26-03 21:18:40,21.059,6.017,71.952,0.501,0,1354536,274392,218944,5993032,10571.703,1624.565,0,2575.236,0,148.417,2745,2389,1.020,0.890,0.680,1,0,42.118,0,0,20,4,0,12,0
26-03 21:18:41,21.689,2.244,73.046,2.244,0,1378484,249972,219208,5993192,17051.334,1453.936,386.918,0,11.967,0,1784,1033,1.010,0.890,0.690,1,0,0,0,0,20,4,0,12,0
26-03 21:18:42,23.756,2.751,71.768,0.250,0,1396784,231404,219208,5993420,16305.991,1458.357,0,1676.410,0,26.006,2681,2424,1.010,0.890,0.690,1,0,1.000,0,0,20,16,0,12,0
26-03 21:18:43,16.530,1.503,72.883,8.015,0,1400044,227552,219248,5993780,19636.895,1622.967,264.483,685.253,65.119,15.027,1964,1632,1.010,0.890,0.690,1,0,3.005,0,0,20,29,0,12,0
26-03 21:18:44,20.524,5.757,72.837,0,0,1407336,220244,219248,5993796,13283.782,1459.734,0,0,0,0,2485,1777,1.010,0.890,0.690,1,0,44.052,0,0,20,30,0,12,0
26-03 21:18:45,22.918,3.238,73.737,0.249,0,1407780,219796,219248,5993800,10770.593,1546.485,0,3140.800,0,132.527,1895,1337,1.010,0.890,0.690,1,0,0,0,0,20,30,0,12,0
26-03 21:18:46,21.763,10.256,66.040,0,0,1367292,260264,219248,5993816,17765.790,1512.919,0,12.007,0,3.002,3614,2537,1.010,0.890,0.690,3,0,156.095,0,0,20,30,0,12,0
26-03 21:18:47,43.737,6.498,48.736,0,0,1451448,176096,219248,5993828,14890.670,1565.545,0,0,0,0,2824,1301,1.010,0.890,0.690,3,0,0,0,0,20,30,0,12,0
26-03 21:18:48,46.669,5.269,48.174,0,0,1477024,150456,219248,5993888,17682.849,1463.284,0,136.493,0,6.022,4430,4618,1.010,0.890,0.690,3,0,0,0,0,20,32,0,14,0
26-03 21:18:49,45.920,20.714,32.693,0,0,1377684,249640,219252,5994040,12776.811,1509.379,0,1525.351,0,39.931,6465,6552,1.010,0.890,0.690,4,0,342.405,0,0,20,30,0,15,0
26-03 21:18:50,75.865,23.035,0.250,0,0,1545892,221916,214488,5859692,16920.542,1568.368,0,16.024,0,4.006,5349,3561,1.010,0.890,0.690,6,0,235.355,0,0,20,30,0,15,0
26-03 21:18:51,89.520,10.502,0.250,0,0,1701928,155364,210880,5775560,18949.176,1458.321,12.003,4.001,3.001,1.000,5199,2972,1.410,0.970,0.720,6,0,0,0,0,20,30,0,15,0
26-03 21:18:52,86.931,9.492,3.247,0,0,1786652,137332,209488,5711652,9594.370,1510.799,19.984,423.663,3.997,25.979,6816,7869,1.410,0.970,0.720,6,0,0,0,0,20,33,0,17,0
26-03 21:18:53,81.050,12.469,4.988,0.499,0,1676164,247524,209512,5711924,77570.669,1562.147,51.872,359.114,3.990,37.907,7459,9227,1.410,0.970,0.720,3,0,150.628,0,0,20,31,0,17,0
26-03 21:18:54,23.263,10.506,59.534,5.753,0,1551944,371476,209568,5712136,17239.744,1458.824,252.143,364.206,36.020,21.012,3803,3011,1.410,0.970,0.720,1,0,160.090,0,0,20,30,0,17,0
26-03 21:18:55,20.232,2.748,72.686,2.997,0,1540756,381820,209576,5712972,21431.016,1510.662,839.257,171.848,31.972,7.993,1944,1332,1.410,0.970,0.720,1,0,0,0,0,20,30,0,17,0
26-03 21:18:56,24.547,2.755,72.640,0.250,0,1522212,400340,209584,5712988,17350.518,1569.031,4.008,176.341,1.002,15.029,3055,3000,1.380,0.980,0.720,2,0,0,0,0,20,31,0,17,0
26-03 21:18:57,19.962,6.488,72.363,0,0,1473488,449052,209588,5712996,18590.739,1455.240,0,606.849,0,38.926,2955,2184,1.380,0.980,0.720,1,0,67.871,0,0,20,30,0,14,0
26-03 21:18:58,23.233,2.748,72.947,0,0,1485512,437024,209588,5713000,17057.567,1510.899,0,0,0,0,2233,1617,1.380,0.980,0.720,1,0,0,0,0,20,30,0,14,0
26-03 21:18:59,19.045,8.269,71.167,0.251,0,1439352,483144,209592,5713036,21442.250,1569.679,16.038,264.620,1.002,31.073,4108,3642,1.380,0.980,0.720,1,0,123.289,0,0,20,30,0,14,0
26-03 21:19:00,9.268,23.045,66.630,0,0,1407184,515312,209592,5713036,10210.925,1460.851,16.031,216.422,1.002,11.022,5841,4019,1.380,0.980,0.720,3,0,459.897,0,0,20,30,0,14,0
26-03 21:19:01,62.000,29.500,8.250,0.250,0,1488108,434332,209592,5713092,9797.979,1511.997,0,243.999,0,19.000,5477,3920,1.510,1.010,0.730,5,0,455.999,0,0,20,30,0,14,0
26-03 21:19:02,90.997,9.250,0.250,0,0,1658380,264044,209600,5713100,17799.439,1457.954,0,671.979,0,41.999,5291,2709,1.510,1.010,0.730,6,0,0,0,0,20,30,0,14,0
26-03 21:19:03,89.478,8.498,1.250,0,0,1710444,211944,209600,5713136,15313.268,1565.618,0,79.981,0,6.998,5997,5996,1.510,1.010,0.730,5,0,1.000,0,0,20,32,0,14,0
26-03 21:19:04,80.011,11.001,8.751,0.250,0,1586404,335640,209628,5713452,17661.353,1512.201,4.001,424.056,1.000,56.007,8755,12305,1.510,1.010,0.730,5,0,56.007,0,0,20,31,0,16,0
26-03 21:19:05,78.007,21.252,0.250,0,0,1522772,399228,209632,5713508,13486.139,1458.123,0,344.029,0,23.002,5847,4595,1.510,1.010,0.730,6,0,260.022,0,0,20,30,0,13,0
26-03 21:19:06,90.239,9.749,0,0,0,1668728,253268,209636,5713508,17666.907,1565.814,4.000,3019.642,1.000,99.988,5156,2961,1.870,1.090,0.760,7,0,0,0,0,20,30,0,13,0
26-03 21:19:07,89.766,9.252,0.500,0,0,1775208,146740,209636,5713556,19084.452,1512.274,0,220.040,0,7.001,6307,6055,1.870,1.090,0.760,7,0,0,0,0,20,31,0,13,0
26-03 21:19:08,82.095,10.480,6.987,0,0,1726568,194888,209636,5714048,10246.680,1455.256,427.195,183.654,5.989,9.981,7681,8858,1.870,1.090,0.760,3,0,49.906,0,0,20,34,0,13,0
26-03 21:19:09,67.838,12.266,19.025,0,0,1455640,465336,209680,5714484,19403.136,1459.891,64.083,3376.374,3.004,200.259,8533,11081,1.870,1.090,0.760,4,0,184.239,0,0,20,30,0,13,0
26-03 21:19:10,44.478,9.245,45.228,0.250,0,1500592,420360,209680,5714508,14850.691,1619.203,0,3666.196,0,443.782,3506,1802,1.870,1.090,0.760,3,0,63.969,0,0,20,30,0,13,0
26-03 21:19:11,46.532,4.003,48.783,0,0,1534704,386308,209680,5714516,10067.818,1458.988,0,172.117,0,7.005,3274,2395,1.880,1.110,0.770,2,0,0,0,0,20,32,0,13,0
26-03 21:19:12,45.518,21.008,33.263,0,0,1468148,452816,209680,5714564,18180.158,1500.591,0,640.252,0,42.017,6616,7152,1.880,1.110,0.770,4,0,378.149,0,0,20,30,0,13,0
26-03 21:19:13,66.695,8.993,23.980,0,0,1607056,313896,209684,5714572,13474.909,1564.712,0,175.855,0,7.993,3704,1436,1.880,1.110,0.770,3,0,0.999,0,0,20,30,0,13,0
26-03 21:19:14,65.543,6.504,27.518,0,0,1626008,294760,209688,5714752,19284.626,1512.991,0,232.152,0,20.013,6469,7058,1.880,1.110,0.770,2,0,0,0,0,20,33,0,14,0
26-03 21:19:15,65.009,20.253,14.002,0.250,0,1566184,354528,209696,5714800,13727.871,1458.199,0,1176.160,0,82.011,6661,6855,1.880,1.110,0.770,4,0,258.035,0,0,20,30,0,15,0
26-03 21:19:16,91.254,8.976,0,0,0,1644956,275752,209696,5714804,10950.522,1561.796,0,155.581,0,7.979,4808,1561,2.050,1.160,0.780,5,0,0,0,0,20,31,0,15,0
26-03 21:19:17,77.319,7.256,13.762,0,0,1664200,256316,209696,5714996,17460.567,1513.349,0,108.096,0,6.005,6566,8278,2.050,1.160,0.780,2,0,0,0,0,20,34,0,13,0
26-03 21:19:18,68.875,21.289,10.269,0,0,1520492,399968,209696,5715052,14084.483,1460.643,0,324.587,0,39.071,6033,7408,2.050,1.160,0.780,3,0,324.587,0,0,20,30,0,14,0
26-03 21:19:19,67.498,7.250,24.499,0.250,0,1592896,327560,209696,5715056,11301.728,1457.965,0,155.996,0,6.000,3801,1381,2.050,1.160,0.780,3,0,0,0,0,20,30,0,14,0
26-03 21:19:20,65.724,6.497,27.489,0,0,1607736,312672,209696,5715104,19422.438,1565.391,0,231.910,0,22.991,6349,7329,2.050,1.160,0.780,4,0,0,0,0,20,32,0,15,0
26-03 21:19:21,62.136,18.965,17.468,0,0,1508064,412164,209704,5715276,13479.284,1509.233,0,858.426,0,64.881,6321,6081,2.130,1.190,0.800,3,0,298.453,0,0,20,30,0,15,0
26-03 21:19:22,67.903,7.016,25.057,0,0.251,1569752,350464,209704,5715288,18190.018,1503.390,0,0,0,0,4012,1799,2.130,1.190,0.800,3,0,0,0,0,20,32,0,15,0
26-03 21:19:23,64.219,6.997,27.987,0,0,1545088,374944,209712,5715464,67281.636,1565.247,0,187.910,0,14.993,7255,8807,2.130,1.190,0.800,3,0,14.993,0,0,20,30,0,15,0
26-03 21:19:24,61.745,19.748,18.499,0,0,1508840,411160,209716,5715492,23454.114,1457.883,0,271.978,0,24.998,4654,3043,2.130,1.190,0.800,4,0,272.978,0,0,20,30,0,15,0
26-03 21:19:25,67.427,7.492,24.473,0,0,1606352,313568,209720,5715568,17654.848,1510.362,0,139.848,0,10.988,4316,2728,2.130,1.190,0.800,3,0,0,0,0,20,30,0,16,0
26-03 21:19:26,61.346,8.513,29.546,0.250,0,1570420,349188,209720,5715880,14305.296,1460.276,0,388.606,0,36.056,6517,8048,2.200,1.220,0.810,3,0,94.147,0,0,20,30,0,16,0
26-03 21:19:27,63.456,11.242,24.233,0,0,1551616,367972,209720,5715900,21250.368,1456.997,0,199.862,0,8.994,3881,1626,2.200,1.220,0.810,3,0,17.988,0,0,20,30,0,16,0
26-03 21:19:28,68.739,5.749,24.996,0,0,1595472,324100,209720,5715916,17278.128,1457.758,0,139.977,0,7.999,4746,3503,2.200,1.220,0.810,3,0,0,0,0,20,33,0,16,0
26-03 21:19:29,63.281,21.260,14.757,0,0,1473560,445924,209740,5715984,18336.000,1979.972,0,1168.574,0,93.046,7049,8379,2.200,1.220,0.810,5,0,391.192,0,0,20,30,0,16,0
26-03 21:19:30,80.784,19.258,0,0,0,1606416,312992,209740,5716028,14059.862,1458.608,0,180.075,0,14.006,5416,3791,2.200,1.220,0.810,7,0,290.121,0,0,20,30,0,16,0
26-03 21:19:31,82.754,17.251,0,0,0,1718000,201388,209740,5716048,10073.449,1458.065,0,164.007,0,8.000,5522,4176,2.580,1.310,0.840,7,0,288.013,0,0,20,30,0,16,0
26-03 21:19:32,84.735,15.452,0,0,0,1727432,191900,209744,5716100,11749.301,1453.460,0,673.895,0,46.854,6280,5919,2.580,1.310,0.840,8,0,276.137,0,0,20,32,0,16,0
26-03 21:19:33,78.998,19.562,1.505,0,0,1703376,215764,209744,5716292,18243.370,1570.940,0,252.795,0,23.073,7765,9399,2.580,1.310,0.840,6,0,331.041,0,0,20,31,0,17,0
26-03 21:19:34,81.003,18.751,0,0,0,1485860,433056,209752,5716508,11425.455,1458.058,0,248.010,0,29.001,6324,5733,2.580,1.310,0.840,5,0,279.011,0,0,20,30,0,17,0
26-03 21:19:35,87.968,11.746,0.250,0,0,1652436,266472,209752,5716516,20467.537,1457.469,0,163.940,0,8.997,5434,2956,2.580,1.310,0.840,5,0,0,0,0,20,31,0,17,0
26-03 21:19:36,87.902,8.217,3.984,0,0,1658676,260192,209752,5716900,17722.778,1452.246,15.937,0,0.996,0,6970,7682,2.850,1.390,0.870,6,0,14.941,0,0,20,31,0,18,0
26-03 21:19:37,69.025,16.817,13.303,0.251,0,1584916,333728,209752,5716780,21177.247,1518.039,4.016,3875.417,1.004,99.395,9222,17164,2.850,1.390,0.870,4,0,269.070,0,0,20,32,0,19,0
26-03 21:19:38,28.738,20.991,49.728,0,0,1376624,541964,209752,5716820,20683.024,1499.349,0,11.995,0,2.999,5947,4370,2.850,1.390,0.870,1,0,441.808,0,0,20,30,0,17,0
26-03 21:19:39,38.268,35.516,25.262,0,0,1429852,488704,209764,5716840,9901.554,1458.671,12.006,260.120,3.001,22.010,6273,5387,2.850,1.390,0.870,5,0,714.329,0,0,20,30,0,17,0
26-03 21:19:40,76.019,23.506,0,0,0,1587920,330588,209764,5716888,10866.773,1458.372,0,416.106,0,15.004,5547,4297,2.850,1.390,0.870,7,0,437.112,0,0,20,30,0,17,0
26-03 21:19:41,85.251,14.750,0.250,0,0.500,1690132,228352,209768,5716908,17701.266,1458.022,0,184.003,0,8.000,6239,4871,3.350,1.520,0.910,10,0,205.003,0,0,20,31,0,17,0
26-03 21:19:42,90.294,8.730,0.998,0.499,0,1669716,248660,209784,5717000,12947.509,1454.687,27.936,790.200,3.991,59.864,7056,7864,3.350,1.520,0.910,9,0,33.923,0,0,20,34,0,16,0
26-03 21:19:43,84.406,15.028,0.751,0,0,1573844,344288,209796,5717232,20810.424,1460.697,0,536.991,0,44.081,8265,9627,3.350,1.520,0.910,8,1,197.364,0,0,20,33,0,16,0
26-03 21:19:44,84.531,15.005,0.250,0,0,1626724,289924,209816,5718696,23058.423,4398.607,312.114,420.153,12.004,23.008,5392,3488,3.350,1.520,0.910,6,0,139.051,0,0,20,33,0,16,0
26-03 21:19:45,90.313,9.231,0,0.249,0,1709520,202352,209840,5722600,18272.219,1722.439,0,1744.393,0,102.787,5161,2845,3.350,1.520,0.910,6,0,1.996,0,0,20,33,0,16,0
26-03 21:19:46,88.684,10.772,0.501,0,0,1787540,199156,209508,5649900,12643.247,1461.033,0,1126.338,0,54.112,7696,8099,3.560,1.590,0.940,5,1,3.006,0,0,20,36,0,17,0
26-03 21:19:47,81.880,10.485,5.742,0.250,0,1806044,180156,209536,5650392,9360.288,1455.867,91.865,850.754,6.990,14.978,14085,30662,3.560,1.590,0.940,5,0,11.982,0,0,20,38,0,21,0
26-03 21:19:48,86.440,11.459,1.744,0.249,0,1688060,295908,209592,5652472,16751.978,1452.795,1454.788,1402.973,31.886,32.882,7152,12906,3.560,1.590,0.940,7,0,101.636,0,0,20,36,0,21,0
26-03 21:19:49,84.935,14.575,0.251,0,0,1637588,346172,209612,5652660,15733.654,1465.513,36.185,534.741,6.031,37.191,8257,24354,3.560,1.590,0.940,6,0,68.350,0,0,20,34,0,21,0
26-03 21:19:50,87.741,12.499,0,0,0,1713964,269416,209656,5652964,10092.978,1457.852,23.998,551.944,2.000,9.999,5015,2719,3.560,1.590,0.940,6,0,36.996,0,0,20,34,0,18,0
26-03 21:19:51,87.974,10.997,1.000,0,0,1781172,202432,209668,5652728,17114.947,1457.570,3.999,275.919,1.000,11.996,5740,4377,3.840,1.680,0.970,6,0,0,0,0,20,36,0,19,0
26-03 21:19:52,81.479,11.997,5.249,0.250,0,1780792,246004,209684,5616276,13597.546,1457.630,15.996,2035.483,3.999,54.986,7737,10804,3.840,1.680,0.970,4,0,0,0,0,20,38,0,22,0
26-03 21:19:53,77.100,12.476,7.735,1.497,0,1706756,325440,209800,5611844,84240.986,1455.167,175.658,2435.259,16.967,108.788,8245,13445,3.840,1.680,0.970,5,0,132.742,0,0,20,38,0,24,0
26-03 21:19:54,85.729,12.534,1.504,0,0,1719872,311928,209808,5612240,14177.899,1461.908,0,1997.339,0,14.038,7265,11954,3.840,1.680,0.970,7,0,79.212,0,0,20,35,0,23,0
26-03 21:19:55,82.248,17.250,0.250,0.250,0,1562064,458396,209808,5623548,9009.790,1457.966,71.998,239.994,1.000,4.000,6575,7413,3.840,1.680,0.970,14,0,294.993,0,0,20,34,0,24,0
26-03 21:19:56,84.051,15.962,0,0,0,1615528,403768,209808,5624616,18904.309,1454.561,3.991,1284.962,0.998,8.979,6235,5386,4.010,1.750,1,6,0,172.592,0,0,20,34,0,24,0
26-03 21:19:57,86.696,13.531,0,0,0,1716032,303188,209808,5624692,13463.476,1623.675,16.036,284.644,2.005,6.014,5698,3987,4.010,1.750,1,5,1,226.513,0,0,20,34,0,24,0
26-03 21:19:58,83.499,13.210,1.745,1.246,0,1736544,282396,209820,5624960,16762.540,1453.624,203.388,239.280,22.931,9.970,8026,9744,4.010,1.750,1,5,0,156.529,0,0,20,37,0,24,0
26-03 21:19:59,68.095,10.227,20.204,0.249,0,1611908,406800,209824,5625188,11304.312,1496.599,0,287.347,0,23.946,8705,14281,4.010,1.750,1,8,0,97.778,0,0,20,36,0,27,0
26-03 21:20:00,85.092,13.805,1.255,0,0,1563856,454648,209828,5625388,12601.586,1463.876,0,232.935,0,24.097,7077,8340,4.010,1.750,1,5,0,75.302,0,0,20,34,0,27,0
26-03 21:20:01,87.062,12.509,0.250,0,0,1634432,384060,209828,5625400,17036.035,1459.031,0,136.096,0,8.006,5322,2890,4.090,1.810,1.020,5,0,71.050,0,0,20,34,0,27,0
26-03 21:20:02,88.795,10.725,0.748,0,0,1678184,340220,209836,5625480,12820.367,1454.638,47.889,371.142,6.984,37.912,5814,5060,4.090,1.810,1.020,6,0,49.885,0,0,20,34,0,27,0
26-03 21:20:03,84.875,12.981,1.997,0,0,1705992,312356,209840,5625532,10125.117,1455.860,0,195.712,0,15.977,6668,8568,4.090,1.810,1.020,5,0,72.893,0,0,20,36,0,27,0
26-03 21:20:04,88.077,9.759,1.501,0,0,1723740,294360,209840,5625780,17807.554,2003.750,0,120.105,0,8.007,7275,10888,4.090,1.810,1.020,5,0,6.005,0,0,20,36,0,28,0
26-03 21:20:05,82.238,14.498,2.750,0,0,1619160,398732,209840,5625988,16303.537,1457.780,0,219.967,0,21.997,7316,8230,4.090,1.810,1.020,5,0,152.977,0,0,20,35,0,29,0
26-03 21:20:06,85.484,13.537,1.253,0,0,1563284,454560,209844,5626032,17002.620,1462.009,0,108.297,0,8.022,7300,7442,4.160,1.860,1.040,5,0,73.201,0,0,20,34,0,27,0
26-03 21:20:07,88.116,10.983,0.499,0,0,1635936,381884,209844,5626056,13632.258,1455.785,0,123.812,0,7.988,5382,3225,4.160,1.860,1.040,5,0,42.935,0,0,20,34,0,27,0
26-03 21:20:08,88.206,10.525,1.253,0,0,1682276,335520,209844,5626080,19717.979,1461.408,0,1287.001,0,10.023,6926,6369,4.160,1.860,1.040,5,0,27.063,0,0,20,35,0,27,0
26-03 21:20:09,85.748,12.750,1.750,0,0.250,1661592,355784,209856,5626488,14313.707,1499.969,359.993,371.992,3.000,38.999,6838,8969,4.160,1.860,1.040,6,0,73.998,0,0,20,35,0,27,0
26-03 21:20:10,85.898,12.735,1.498,0,0,1655172,361904,209872,5626772,10477.564,1456.272,0,2357.202,0,144.828,7595,9456,4.160,1.860,1.040,5,0,71.915,0,0,20,34,0,29,0
26-03 21:20:11,84.354,14.268,0.501,0,0,1561352,455572,209872,5626924,10147.558,1622.007,0,436.540,0,23.028,5580,3754,4.230,1.910,1.070,4,0,143.177,0,0,20,34,0,29,0
26-03 21:20:12,83.722,10.746,5.248,0,0.250,1654168,362664,209872,5627016,18234.795,1499.490,0,207.929,0,10.996,6097,7973,4.230,1.910,1.070,3,0,33.988,0,0,20,37,0,29,0
26-03 21:20:13,80.018,14.503,4.751,0,0,1581016,435644,209872,5627188,13648.994,1458.320,0,228.050,0,25.005,6632,7286,4.230,1.910,1.070,5,0,127.028,0,0,20,34,0,29,0
26-03 21:20:14,85.752,12.750,1.750,0,0,1579240,437392,209872,5627216,17094.332,1500.029,0,156.003,0,8.000,5857,4692,4.230,1.910,1.070,5,0,77.001,0,0,20,34,0,29,0
26-03 21:20:15,85.023,10.223,3.989,0,0,1649468,367096,209872,5627284,15899.607,1454.123,0,211.436,0,14.960,5921,6100,4.230,1.910,1.070,6,0,0,0,0,20,36,0,28,0
26-03 21:20:16,75.399,11.734,12.234,0,0,1605528,410836,209872,5627484,17362.814,1456.056,0,3982.682,0,290.612,6601,9124,4.210,1.950,1.080,3,0,145.805,0,0,20,34,0,30,0
26-03 21:20:17,61.503,13.556,24.852,0,0,1544756,471624,209892,5627512,18789.176,1464.013,0,293.204,0,21.087,5770,5267,4.210,1.950,1.080,3,0,138.569,0,0,20,34,0,30,0
26-03 21:20:18,66.758,8.501,24.503,0,0,1579740,436624,209892,5627528,10555.249,1620.192,0,4180.495,0,240.028,4784,3403,4.210,1.950,1.080,4,0,0,0,0,20,35,0,31,0
26-03 21:20:19,65.868,8.483,23.952,0,0,1524824,491352,209900,5627708,10048.928,1616.771,0,243.514,0,19.960,5907,7145,4.210,1.950,1.080,3,0,42.914,0,0,20,35,0,31,0
26-03 21:20:20,65.870,10.018,24.044,0,0,1484920,531204,209900,5627760,17595.958,1460.653,0,244.444,0,20.036,6494,7145,4.210,1.950,1.080,4,0,64.116,0,0,20,34,0,33,0
26-03 21:20:21,67.330,7.730,24.688,0,0,1572556,443548,209900,5627780,14266.987,1562.057,0,159.597,0,10.972,4403,3611,4.110,1.970,1.090,3,0,0,0,0,20,35,0,33,0
26-03 21:20:22,66.120,9.016,24.044,0.250,0,1535072,480868,209908,5627936,17648.082,1514.754,0,352.641,0,35.064,5534,5365,4.110,1.970,1.090,4,0,59.107,0,0,20,35,0,33,0
26-03 21:20:23,64.255,11.001,23.752,0,0,1577112,438776,209908,5627988,65116.588,1458.103,0,136.010,0,8.001,6520,7261,4.110,1.970,1.090,3,0,61.004,0,0,20,35,0,32,0
26-03 21:20:24,65.035,9.255,25.263,0,0,1608108,407748,209908,5628020,32455.337,1458.779,0,116.062,0,7.004,5859,5328,4.110,1.970,1.090,3,0,51.027,0,0,20,35,0,32,0
26-03 21:20:25,66.496,10.499,22.749,0.250,0,1643556,371884,209908,5628436,13216.210,1619.903,0,115.993,0,7.000,5610,4884,4.110,1.970,1.090,3,0,42.997,0,0,20,34,0,32,0
26-03 21:20:26,65.281,9.219,23.920,0,0,1610452,404828,209912,5628592,13238.510,1453.117,3.987,12270.762,0.997,79.732,5109,3894,4.020,1.980,1.100,3,0,42.856,0,0,20,35,0,32,0
26-03 21:20:27,65.738,9.498,24.496,0,0,1556996,458252,209912,5628624,19385.489,1619.707,0,399.928,0,21.996,5299,5012,4.020,1.980,1.100,5,0,33.994,0,0,20,34,0,32,0
26-03 21:20:28,65.990,9.786,24.589,0.251,0,1599640,415444,209920,5628780,14962.380,1463.318,4.015,212.773,1.004,21.077,5280,5419,4.020,1.980,1.100,4,0,73.266,0,0,20,34,0,33,0
26-03 21:20:29,59.443,15.985,23.477,0.250,0,1595280,419772,209928,5628804,9785.564,1456.595,0,327.684,0,33.967,5413,4074,4.020,1.980,1.100,3,0,195.811,0,0,20,34,0,33,0
26-03 21:20:30,66.796,8.756,24.267,0,0,1540820,474208,209928,5628828,17667.110,1621.111,0,232.159,0,23.016,4886,3679,4.020,1.980,1.100,3,0,48.033,0,0,20,34,0,33,0
26-03 21:20:31,65.119,8.699,24.854,0,0,1590444,424540,209928,5628872,14742.668,1449.512,0,159.069,0,11.930,6179,6299,3.940,2,1.110,3,0,46.726,0,0,20,36,0,33,0
26-03 21:20:32,64.784,10.546,24.357,0.251,0,1518936,495868,209928,5629052,18290.234,1627.138,0,249.093,0,20.088,6745,7640,3.940,2,1.110,3,0,73.322,0,0,20,34,0,33,0
26-03 21:20:33,64.116,11.771,23.793,0,0,1496016,518768,209932,5629068,14810.827,1460.646,0,296.537,0,28.051,4814,3449,3.940,2,1.110,3,0,95.172,0,0,20,34,0,33,0
26-03 21:20:34,66.152,7.489,25.462,0,0,1556848,457784,209932,5629220,10657.252,1659.548,0,175.740,0,9.985,4533,3835,3.940,2,1.110,3,0,0,0,0,20,36,0,33,0
26-03 21:20:35,63.826,10.012,25.280,0,0,1577860,436684,209932,5629308,17891.397,1459.746,0,280.335,0,21.025,8087,11185,3.940,2,1.110,4,0,68.081,0,0,20,35,0,32,0
26-03 21:20:36,54.243,14.998,29.996,0.250,0,1574656,439800,209932,5629396,14376.107,1457.808,0,271.964,0,22.997,5521,4763,3.870,2.020,1.120,2,0,228.970,0,0,20,34,0,32,0
26-03 21:20:37,52.496,7.499,39.497,0,0,1547456,466884,209932,5629512,11337.100,1619.871,0,263.979,0,17.999,4479,17722,3.870,2.020,1.120,2,0,35.997,0,0,20,35,0,33,0
26-03 21:20:38,42.474,9.494,47.221,0,0,1547672,466640,209932,5629540,18564.633,1499.082,0,163.900,0,9.994,4791,4477,3.870,2.020,1.120,2,0,101.938,0,0,20,35,0,33,0
26-03 21:20:39,43.074,8.465,48.303,0,0,1539900,474272,209932,5629680,14312.491,1452.064,0,4178.917,0,172.296,3749,2674,3.870,2.020,1.120,2,0,63.739,0,0,20,35,0,31,0
26-03 21:20:40,45.842,4.259,48.848,0.501,0,1578520,435496,209940,5629828,18458.021,1623.256,0,292.587,0,21.042,3539,3826,3.870,2.020,1.120,3,0,0,0,0,20,34,0,31,0
26-03 21:20:41,45.225,6.247,47.973,0,0,1532704,481284,209944,5629852,13506.465,1457.187,3.998,287.839,0.999,23.987,3469,3384,3.720,2.020,1.130,2,0,4.997,0,0,20,34,0,31,0
26-03 21:20:42,41.507,9.752,47.757,0,0,1486276,527660,209944,5629904,9672.516,1458.229,0,276.043,0,14.002,3699,2352,3.720,2.020,1.130,2,0,94.015,0,0,20,34,0,31,0
26-03 21:20:43,45.731,5.997,47.730,0.250,0,1523548,490200,209944,5630092,18731.185,1457.392,0,395.835,0,33.986,3743,4275,3.720,2.020,1.130,2,0,5.997,0,0,20,34,0,30,0
26-03 21:20:44,45.141,6.520,47.398,0.251,0,1500048,513684,209944,5630108,14056.822,1462.559,0,284.888,0,25.078,4189,4200,3.720,2.020,1.130,2,0,25.078,0,0,20,34,0,30,0
26-03 21:20:45,44.278,6.004,48.781,0,0,1563028,450560,209944,5630252,17089.873,1715.091,0,188.120,0,13.008,3484,3002,3.720,2.020,1.130,2,0,5.003,0,0,20,35,0,30,0
26-03 21:20:46,45.150,5.987,47.894,0.249,0,1564540,449016,209952,5630276,17814.643,1454.786,0,351.224,0,30.932,3831,3030,3.660,2.030,1.140,2,0,4.989,0,0,20,34,0,30,0
26-03 21:20:47,43.793,7.507,48.298,0,0,1553388,460008,209952,5630436,17382.111,1459.437,0,560.552,0,61.060,4559,4325,3.660,2.030,1.140,2,0,56.055,0,0,20,35,0,25,0
26-03 21:20:48,46.020,5.002,48.271,0,0,1548872,464092,209952,5630880,15516.719,1458.632,0,276.120,0,20.009,4011,4087,3.660,2.030,1.140,2,0,0,0,0,20,34,0,25,0
26-03 21:20:49,36.922,15.966,45.654,0.249,0,1521836,490976,209956,5631028,9949.044,1616.595,0,279.411,0,24.947,5214,4633,3.660,2.030,1.140,2,0,283.403,0,0,20,34,0,25,0
26-03 21:20:50,41.733,10.246,47.730,0,0,1440552,572256,209956,5631032,9299.107,1457.390,0,119.950,0,10.995,3736,2219,3.660,2.030,1.140,2,0,98.959,0,0,20,34,0,25,0
26-03 21:20:51,46.219,4.747,48.218,0.250,0,1492688,520104,209956,5631048,16794.915,1457.038,0,147.902,0,9.993,3289,2656,3.690,2.070,1.150,3,0,0,0,0,20,35,0,24,0
26-03 21:20:52,43.719,7.245,47.716,0,0,1486468,526168,209956,5631204,16464.243,1456.960,0,1518.915,0,100.928,4639,4845,3.690,2.070,1.150,2,0,45.967,0,0,20,34,0,25,0
26-03 21:20:53,42.043,9.760,47.549,0,0,1510180,502448,209956,5631212,82679.722,1621.662,0,140.144,0,10.010,3726,1925,3.690,2.070,1.150,2,0,95.097,0,0,20,34,0,25,0
26-03 21:20:54,45.885,5.265,48.392,0,0,1524832,487760,209956,5631248,15487.427,1462.289,0,156.459,0,7.021,4825,4992,3.690,2.070,1.150,2,0,0,0,0,20,35,0,25,0
26-03 21:20:55,39.454,13.484,45.448,0.250,0,1442936,569492,209960,5631408,17945.280,1456.318,0,363.580,0,30.964,6087,7030,3.690,2.070,1.150,2,0,233.730,0,0,20,34,0,25,0
26-03 21:20:56,22.981,9.492,66.694,0,0,1429464,582924,209964,5631444,18051.836,1456.776,0,171.856,0,8.992,2982,2028,3.470,2.050,1.150,1,0,143.879,0,0,20,34,0,18,0
26-03 21:20:57,23.479,2.498,73.184,0,0,1444888,567492,209964,5631452,15077.320,1618.531,0,147.866,0,8.992,2110,1491,3.470,2.050,1.150,1,0,0,0,0,20,34,0,18,0
26-03 21:20:58,21.253,6.501,71.759,0,0,1433020,579208,209964,5631604,10787.426,1458.193,0,456.060,0,30.004,4396,4653,3.470,2.050,1.150,1,0,56.007,0,0,20,34,0,18,0
26-03 21:20:59,22.247,3.250,72.990,0,0,1459000,553220,209968,5631608,19984.224,1457.797,0,67.991,0,6.999,1984,1294,3.470,2.050,1.150,1,0,0,0,0,20,34,0,18,0
26-03 21:21:00,23.740,2.749,72.468,0.250,0,1467136,545064,209972,5631624,19883.209,1457.356,0,95.958,0,11.995,2471,2248,3.470,2.050,1.150,2,0,0,0,0,20,34,0,15,0
26-03 21:21:01,19.318,7.777,72.757,0,0.502,1439112,573084,209976,5631624,18214.341,1463.169,0,248.879,0,16.057,2859,1853,3.350,2.050,1.160,1,0,91.323,0,0,20,34,0,15,0
26-03 21:21:02,22.934,2.742,72.790,0.249,0,1455200,556996,209980,5631620,13172.088,1615.351,0,131.621,0,12.963,2221,1803,3.350,2.050,1.160,1,0,0,0,0,20,34,0,15,0
26-03 21:21:03,22.310,5.013,71.441,0.251,0,1419676,592492,209980,5631648,17775.614,1461.916,0,1724.620,0,103.277,3378,3330,3.350,2.050,1.160,2,0,41.110,0,0,20,34,0,15,0
26-03 21:21:04,19.505,6.752,73.268,0,0,1464128,548040,209980,5631648,14258.460,1458.354,0,172.042,0,8.002,2415,1544,3.350,2.050,1.160,1,0,59.014,0,0,20,34,0,15,0
26-03 21:21:05,23.268,3.253,71.805,0,0,1482184,529964,209980,5631668,11081.538,1663.282,16.012,2141.650,1.001,168.130,2238,1560,3.350,2.050,1.160,1,0,6.005,0,0,20,34,0,15,0
26-03 21:21:06,19.220,7.488,72.386,0,0,1450064,562000,209980,5631752,18278.310,1455.715,63.900,207.674,2.995,17.972,3783,3282,3.160,2.030,1.160,2,0,93.853,0,0,20,34,0,15,0
26-03 21:21:07,21.998,4.000,73.243,0,0,1447708,564356,209980,5631752,14821.492,1499.847,0,115.988,0,7.999,1869,1139,3.160,2.030,1.160,1,0,0,0,0,20,34,0,15,0
26-03 21:21:08,24.194,1.497,73.080,0.249,0,1462088,549972,209980,5631756,11322.660,1454.616,0,107.749,0,6.984,2076,1498,3.160,2.030,1.160,2,0,0.998,0,0,20,34,0,14,0
26-03 21:21:09,23.582,4.265,71.499,0.251,0,1432356,579680,209980,5631780,17111.597,1505.243,0,834.908,0,37.129,4424,4998,3.160,2.030,1.160,1,0,30.105,0,0,20,34,0,14,0
26-03 21:21:10,22.187,2.991,73.540,0,0,1453004,559032,209980,5631780,14633.288,1615.395,0,0,0,0,1814,1131,3.160,2.030,1.160,1,0,0,0,0,20,34,0,14,0
26-03 21:21:11,23.014,2.752,72.795,0,0,1465376,546652,209980,5631788,18016.229,1458.909,0,0,0,0,2882,2627,2.990,2.010,1.160,2,0,0,0,0,20,35,0,14,0
26-03 21:21:12,20.305,9.275,69.688,0.501,0,1379940,631920,209980,5631956,15514.756,1461.935,0,497.339,0,27.073,4842,4515,2.990,2.010,1.160,2,0,156.421,0,0,20,34,0,12,0
26-03 21:21:13,19.196,18.698,54.847,5.734,0,1382952,627532,210164,5633116,11147.920,1453.946,1152.786,394.899,65.817,25.928,5223,4016,2.990,2.010,1.160,1,1,330.080,0,0,20,34,0,14,0
26-03 21:21:14,37.226,4.497,48.719,8.994,0,1441608,566348,210920,5634568,16934.158,1564.998,1946.754,239.846,117.924,8.994,2700,1362,2.990,2.010,1.160,3,0,1.999,0,0,20,34,0,14,0
26-03 21:21:15,42.338,6.764,45.094,4.760,0,1461472,543192,211164,5637448,17333.037,1515.150,164.342,11215.317,6.013,1220.538,7412,11388,2.990,2.010,1.160,2,0,63.131,0,0,20,38,0,14,0
26-03 21:21:16,25.284,7.760,41.806,22.029,0,1472984,526140,211632,5642196,11405.189,1459.944,1149.531,50707.532,221.295,4359.806,16323,31681,3.310,2.100,1.190,1,1,88.117,0,0,20,38,0,12,0
26-03 21:21:17,20.219,4.493,48.674,23.214,0,1416400,580168,211948,5644116,16799.911,1455.739,1701.358,17436.922,309.519,1775.243,9372,16326,3.310,2.100,1.190,1,1,25.960,0,0,20,34,0,12,0
26-03 21:21:18,35.037,5.506,46.549,12.263,0,1458932,535312,211996,5646408,10131.618,1567.643,2298.409,14050.726,191.200,931.977,4533,5264,3.310,2.100,1.190,2,0,1.001,0,0,20,34,0,12,0
26-03 21:21:19,41.743,6.249,46.243,3.499,0,1484308,509592,212152,5646596,20464.740,1511.759,0,5491.125,0,874.861,6775,9843,3.310,2.100,1.190,2,0,6.999,0,0,20,36,0,12,0
26-03 21:21:20,24.495,24.495,42.741,5.749,0,1479488,513656,212488,5646984,13440.184,1457.695,0,18664.089,0,2144.551,14321,23110,3.310,2.100,1.190,2,0,464.903,0,0,20,36,0,7,0
26-03 21:21:21,15.718,24.949,56.883,0.998,0,1394504,598408,212532,5647172,10444.531,1455.009,15.967,12159.007,0.998,732.494,7000,7127,3.290,2.110,1.200,2,0,494.983,0,0,20,34,0,7,0
26-03 21:21:22,8.257,21.518,68.056,0.250,0,1383984,608896,212536,5647200,20960.325,1567.295,0,756.625,0,40.033,5849,4268,3.290,2.110,1.200,1,0,349.289,0,0,20,34,0,7,0
26-03 21:21:23,16.478,10.985,70.904,0.499,0,1379460,613400,212548,5647208,76615.449,1509.959,0,3734.952,0,191.741,3978,3179,3.290,2.110,1.200,1,0,162.780,0,0,20,34,0,7,0
26-03 21:21:24,21.996,4.249,73.236,0,0,1397820,595032,212548,5647216,20134.111,1457.718,0,31.994,0,3.999,1957,1192,3.290,2.110,1.200,1,0,2.999,0,0,20,34,0,7,0
26-03 21:21:25,22.824,2.759,73.489,0,0,1425036,567816,212548,5647216,17265.132,1462.756,0,16.052,0,2.007,1940,1165,3.290,2.110,1.200,1,0,3.010,0,0,20,34,0,7,0
26-03 21:21:26,16.991,10.494,71.462,0,0,1409568,583264,212548,5647236,17523.801,1565.178,0,55.971,0,6.996,3500,2368,3.100,2.090,1.200,1,0,165.913,0,0,20,34,0,7,0
26-03 21:21:27,13.211,15.455,69.547,0,0,1421460,571356,212548,5647252,14614.408,1507.606,0,55.837,0,7.977,4671,3427,3.100,2.090,1.200,1,0,301.122,0,0,20,34,0,7,0
26-03 21:21:28,23.018,2.252,73.557,0,0,1479364,513424,212548,5647280,13060.140,1459.133,0,812.631,0,4.003,1800,1094,3.100,2.090,1.200,1,0,0,0,0,20,34,0,5,0
26-03 21:21:29,24.741,1.499,73.724,0,0,1499140,493012,212548,5647884,10282.414,1499.477,0,0,0,0,1691,895,3.100,2.090,1.200,1,0,0,0,0,20,34,0,5,0
26-03 21:21:30,22.246,3.999,72.238,0.250,0,1474744,517204,212552,5648020,17808.164,1565.751,0,599.904,0,8.999,2170,1602,3.100,2.090,1.200,1,0,8.999,0,0,20,34,0,5,0
26-03 21:21:31,23.251,3.250,73.253,0.250,0,1495404,496540,212556,5648020,17460.682,1512.059,0,884.035,0,130.005,1831,1042,2.930,2.070,1.190,1,0,0,0,0,20,34,0,5,0
26-03 21:21:32,13.792,16.300,68.207,1.003,0,1464808,527000,212556,5648156,18214.382,1462.447,40.122,16.049,2.006,2.006,4645,3304,2.930,2.070,1.190,2,0,315.961,0,0,20,34,0,5,0
26-03 21:21:33,8.496,21.490,68.719,0,0,1453184,538604,212556,5648176,17810.977,1565.295,0,43.980,0,5.997,5971,4273,2.930,2.070,1.190,1,0,414.813,0,0,20,34,0,5,0
26-03 21:21:34,8.746,21.239,68.466,0,0.250,1447620,544140,212556,5648204,17826.149,1499.256,0,35.982,0,3.998,6078,4317,2.930,2.070,1.190,2,0,432.785,0,0,20,34,0,5,0
26-03 21:21:35,8.502,22.506,68.017,0,0,1441296,550436,212556,5648232,17580.505,1512.388,0,72.018,0,6.002,5943,4228,2.930,2.070,1.190,2,0,417.107,0,0,20,34,0,5,0
26-03 21:21:36,8.492,22.228,67.932,0,0,1429848,561860,212560,5648252,10050.949,1456.543,0,299.700,0,12.987,5827,4103,2.780,2.060,1.190,1,0,414.585,0,0,20,34,0,5,0
26-03 21:21:37,15.025,24.040,59.599,0,0,1415148,576540,212560,5648272,10595.574,1460.422,0,132.219,0,11.018,6367,14171,2.780,2.060,1.190,1,0,445.739,0,0,20,34,0,6,0
26-03 21:21:38,8.237,21.466,69.640,0,0,1387268,604400,212560,5648292,18001.547,1563.529,0,75.880,0,6.989,5666,3838,2.780,2.060,1.190,1,0,356.437,0,0,20,34,0,6,0
26-03 21:21:39,8.516,21.039,69.127,0,0,1378788,612852,212560,5648320,14594.768,1514.778,0,44.081,0,6.011,5518,3736,2.780,2.060,1.190,1,0,339.623,0,0,20,34,0,6,0
26-03 21:21:40,8.752,20.504,68.765,0,0,1375008,616608,212564,5648340,16330.449,1458.308,0,232.049,0,17.004,5859,4304,2.780,2.060,1.190,1,0,360.076,0,0,20,34,0,6,0
26-03 21:21:41,8.735,22.460,67.630,0,0,1368816,622736,212568,5648400,16871.162,1455.426,0,507.103,0,35.936,5990,4240,2.720,2.050,1.200,2,0,427.244,0,0,20,34,0,5,0
26-03 21:21:42,9.004,16.007,70.029,3.251,0,1344332,645240,212576,5650048,20387.435,1566.648,1980.820,396.164,21.009,82.034,4943,3454,2.720,2.050,1.200,2,0,266.110,0,0,20,34,0,5,0
26-03 21:21:43,27.773,26.272,45.038,0.250,0,1404068,585488,212576,5650444,13153.018,1513.268,0,424.355,0,23.019,6395,5022,2.720,2.050,1.200,2,0,554.464,0,0,20,34,0,7,0
26-03 21:21:44,58.981,32.740,7.997,0.500,0,1485472,503992,212584,5650528,9485.000,1457.539,51.984,887.719,2.999,51.984,5963,5109,2.720,2.050,1.200,4,0,636.799,0,0,20,34,0,11,0
26-03 21:21:45,73.247,22.999,0.750,2.250,0,1635940,347760,213656,5655156,17725.226,1551.932,855.963,691.970,71.997,17.999,17229,2902,2.720,2.050,1.200,4,0,105.995,0,0,20,34,0,11,0
26-03 21:21:46,79.317,11.224,2.993,5.487,0,1710340,265216,213948,5662532,14379.813,1454.643,1580.353,14925.553,12.970,1174.290,8552,11586,2.820,2.090,1.210,3,1,62.855,0,0,20,36,0,11,0
26-03 21:21:47,66.441,14.792,9.778,7.020,0,1657420,310708,214196,5669408,10412.857,1624.658,0,55483.087,0,4133.853,15535,29011,2.820,2.090,1.210,4,0,149.428,0,0,20,38,0,12,0
26-03 21:21:48,64.026,15.006,10.754,8.503,0,1725936,233752,214376,5677640,20157.206,1458.594,0,87979.819,0,6113.489,18701,37725,2.820,2.090,1.210,3,1,83.034,0,0,20,38,0,12,0
26-03 21:21:49,67.160,11.734,10.486,8.239,0,1722396,228740,214660,5685844,14205.923,1456.045,0,63438.809,0,4640.768,16754,32683,2.820,2.090,1.210,5,0,48.934,0,0,20,38,0,12,0
26-03 21:21:50,74.037,11.006,6.503,6.503,0,1727252,217440,214948,5691920,17538.826,1620.816,0,51826.079,0,3883.954,14314,29060,2.820,2.090,1.210,4,1,65.033,0,0,20,38,0,12,0
26-03 21:21:51,40.501,23.001,26.001,8.750,0,1622784,316708,215040,5696996,16589.477,1458.042,0,51377.476,0,3429.099,15541,26568,2.910,2.120,1.230,2,2,319.009,0,0,20,36,0,12,0
26-03 21:21:52,45.991,14.997,22.746,14.247,0,1656272,277004,215124,5703488,9343.237,1457.725,447.915,31290.097,16.997,2725.486,14840,25628,2.910,2.120,1.230,3,0,135.974,0,0,20,37,0,12,0
26-03 21:21:53,54.295,18.515,16.764,8.257,0,1659800,271948,215196,5704448,85656.541,1459.202,708.584,41006.771,18.015,3306.723,15903,30969,2.910,2.120,1.230,7,1,165.136,0,0,20,37,0,11,0
26-03 21:21:54,45.998,15.999,28.999,8.000,0,1632404,296316,215344,5707328,13986.306,1457.928,923.954,47593.638,13.999,3731.815,16445,30893,2.910,2.120,1.230,2,1,168.992,0,0,20,36,0,12,0
26-03 21:21:55,35.963,9.921,41.171,9.177,0,1606144,323680,215500,5706092,14998.213,1607.164,0,36147.301,0,3244.090,14555,25983,2.910,2.120,1.230,2,1,44.643,0,0,20,36,0,12,0
26-03 21:21:56,41.081,7.561,38.057,10.333,0,1631772,296232,215572,5707840,18260.100,1469.841,0,62664.815,0,4714.983,15725,31188,3,2.150,1.240,2,1,33.268,0,0,20,36,0,12,0
26-03 21:21:57,38.489,8.997,40.238,9.747,0,1628948,298428,215616,5708424,14365.887,1457.583,0,47378.434,0,4129.817,17736,33572,3,2.150,1.240,3,1,29.991,0,0,20,39,0,12,0
26-03 21:21:58,41.518,8.754,40.267,7.753,0.250,1548472,377464,215652,5709828,19072.074,1458.618,0,28756.174,0,2864.213,13767,24485,3,2.150,1.240,3,0,104.044,0,0,20,38,0,14,0
26-03 21:21:59,40.141,8.726,38.147,9.724,0,1594160,329380,215728,5712148,14000.058,1454.059,0,48380.883,0,4195.629,16587,31106,3,2.150,1.240,3,0,53.854,0,0,20,38,0,14,0
26-03 21:22:00,37.586,8.269,41.595,10.023,0,1612024,308600,215808,5714984,9596.968,1623.717,0,47232.116,0,3873.867,14976,28785,3,2.150,1.240,3,1,45.103,0,0,20,38,0,14,0
26-03 21:22:01,36.978,8.745,41.725,9.245,0,1612684,304172,215848,5718708,18060.341,1457.140,0,54991.545,0,4313.454,18849,35442,2.920,2.150,1.250,3,0,47.972,0,0,20,39,0,15,0
26-03 21:22:02,38.709,10.489,38.459,9.740,0,1583772,330412,215876,5721352,12731.375,1456.441,0,52371.951,0,4431.258,17736,33442,2.920,2.150,1.250,6,1,122.869,0,0,20,38,0,15,0
26-03 21:22:03,41.322,7.513,39.569,8.765,0,1611916,300424,215900,5723172,17578.618,1460.544,0,38314.735,0,3496.089,15761,27684,2.920,2.150,1.250,7,0,37.065,0,0,20,38,0,15,0
26-03 21:22:04,39.013,8.753,40.763,8.503,0,1612788,305144,215948,5717544,13305.356,1620.531,0,41449.571,0,3799.244,17182,32267,2.920,2.150,1.250,2,2,6.002,0,0,20,39,0,15,0
26-03 21:22:05,41.212,8.242,39.963,8.492,0,1612336,304640,215960,5718488,17118.077,1640.474,0,44218.867,0,3657.598,16377,30512,2.920,2.150,1.250,3,0,44.958,0,0,20,36,0,17,0
26-03 21:22:06,39.514,13.005,44.766,1.250,0,1471108,446008,215960,5718348,15123.483,1458.529,0,12536.546,0,727.264,5162,5406,2.770,2.130,1.250,2,0,164.059,0,0,20,34,0,17,0
26-03 21:22:07,25.435,8.478,65.333,0,0,1493644,423444,215960,5718392,10789.495,1496.186,0,913.671,0,55.858,3324,2636,2.770,2.130,1.250,2,0,102.738,0,0,20,35,0,18,0
26-03 21:22:08,23.496,3.249,71.988,0.500,0,1471460,445620,215960,5718400,10203.331,1619.735,0,4655.238,0,271.956,3326,3838,2.770,2.130,1.250,1,0,5.999,0,0,20,34,0,18,0
26-03 21:22:09,20.970,4.743,72.895,0,0,1476492,440580,215960,5718408,17600.585,1497.837,0,7.988,0,1.997,2092,1351,2.770,2.130,1.250,1,0,27.960,0,0,20,34,0,17,0
26-03 21:22:10,23.581,2.760,72.751,0,0,1495884,421176,215960,5718420,14024.418,1547.342,0,128.443,0,13.045,2656,2329,2.770,2.130,1.250,1,0,0,0,0,20,35,0,17,0
26-03 21:22:11,19.456,6.735,72.337,0.249,0,1472416,444644,215964,5718416,17064.478,1616.351,0,486.901,0,14.966,2620,1846,2.630,2.110,1.240,1,0,59.865,0,0,20,34,0,17,0
26-03 21:22:12,23.505,2.501,73.017,0,0,1494948,421976,215964,5718552,13180.032,1620.373,0,40.009,0,4.001,2119,1564,2.630,2.110,1.240,1,0,0,0,0,20,34,0,17,0
26-03 21:22:13,22.319,5.016,71.973,0,0,1454156,462744,215964,5718576,18902.649,1462.538,0,8.025,0,2.006,3907,3904,2.630,2.110,1.240,1,0,38.118,0,0,20,34,0,15,0
26-03 21:22:14,21.746,4.499,72.735,0.500,0,1504864,412032,215964,5718584,17092.465,1619.665,0,2099.566,0,222.954,2267,1771,2.630,2.110,1.240,1,0,6.999,0,0,20,34,0,15,0
26-03 21:22:15,23.903,2.490,72.456,0,0,1505100,411792,215964,5718588,13452.455,1613.458,0,2230.954,0,17.927,2656,2427,2.630,2.110,1.240,1,0,0,0,0,20,35,0,15,0
26-03 21:22:16,17.294,11.529,69.677,0.501,0,1428224,488604,215964,5718652,12412.567,1461.717,0,7230.388,0,388.989,5472,5928,2.410,2.070,1.240,1,0,185.472,0,0,20,34,0,15,0
26-03 21:22:17,8.517,22.044,67.135,0.251,0,1432092,484588,215964,5718800,19795.837,1460.940,0,957.928,0,49.099,6000,4387,2.410,2.070,1.240,2,0,450.907,0,0,20,34,0,15,0
26-03 21:22:18,53.253,18.501,27.251,1.000,0,1500796,415656,215984,5719008,16690.914,1620.089,0,1544.085,0,93.005,5798,4041,2.410,2.070,1.240,3,0,241.013,0,0,20,34,0,21,0
26-03 21:22:19,66.448,9.493,23.981,0,0,1637392,278184,216000,5719864,18188.682,1456.853,0,5403.746,0,92.927,3998,1463,2.410,2.070,1.240,3,0,2.998,0,0,20,34,0,21,0
26-03 21:22:20,68.147,6.740,24.214,0,0,1743252,169604,216068,5722336,16738.785,1455.807,0,3183.205,0,89.865,3933,1361,2.410,2.070,1.240,3,0,0,0,0,20,34,0,21,0
26-03 21:22:21,63.345,7.261,23.285,5.508,0,1859236,187832,215604,5590944,21351.028,1622.434,148.222,6045.068,4.006,211.317,4639,2668,2.460,2.090,1.250,3,0,6.009,0,0,20,40,0,21,0
26-03 21:22:22,42.765,9.753,35.762,10.003,0,1859636,174308,215656,5603868,18117.274,1458.505,0,74509.802,0,5814.013,22007,41899,2.460,2.090,1.250,3,0,249.086,0,0,20,40,0,21,0
26-03 21:22:23,39.186,10.982,36.690,10.233,0,1860368,164004,215736,5613304,76894.774,1455.611,0,97527.904,0,7281.048,26934,53071,2.460,2.090,1.250,2,0,201.669,0,0,20,40,0,21,0
26-03 21:22:24,46.079,9.767,31.554,10.768,0,1857940,158012,215776,5621636,17991.782,1622.776,0,77949.364,0,6107.449,21654,41773,2.460,2.090,1.250,2,0,147.252,0,0,20,40,0,21,0
26-03 21:22:25,42.755,14.252,30.003,10.501,0,1769460,237944,215832,5630112,13111.409,1458.157,0,70735.603,0,5381.578,19902,37653,2.460,2.090,1.250,2,1,213.023,0,0,20,38,0,21,0
26-03 21:22:26,49.959,10.242,26.978,10.491,0.250,1808896,190020,215844,5638472,9829.000,1618.682,0,70866.319,0,4892.018,17488,32920,2.670,2.140,1.270,2,1,9.992,0,0,20,38,0,21,0
26-03 21:22:27,43.978,10.745,31.484,10.495,0,1840856,149976,215852,5646452,16464.590,1457.256,0,88202.949,0,5961.955,20697,40361,2.670,2.140,1.270,1,1,31.984,0,0,20,38,0,21,0
26-03 21:22:28,51.325,10.515,26.038,9.013,0,1761616,225052,215852,5650616,15506.808,1460.148,0,67399.135,0,5392.932,19958,38463,2.670,2.140,1.270,4,0,132.194,0,0,20,38,0,21,0
26-03 21:22:29,35.975,10.243,50.215,2.998,0,1453964,532212,215856,5651088,18132.195,2181.459,0,20573.471,0,1364.037,7201,9687,2.670,2.140,1.270,1,0,168.881,0,0,20,34,0,21,0
26-03 21:22:30,18.201,9.225,71.057,0.249,0,1471684,514480,215856,5651100,12258.690,1454.049,0,1846.981,0,166.547,3384,2586,2.670,2.140,1.270,1,0,124.661,0,0,20,34,0,21,0
26-03 21:22:31,22.498,3.500,72.243,0.750,0,1501672,484492,215856,5651100,13626.744,1457.866,0,4583.577,0,262.976,2267,2164,2.530,2.120,1.270,1,0,1.000,0,0,20,34,0,21,0
26-03 21:22:32,23.494,2.749,72.983,0,0,1542496,443668,215856,5651100,17706.836,1619.619,0,27.993,0,3.999,1986,1230,2.530,2.120,1.270,1,0,2.000,0,0,20,36,0,21,0
26-03 21:22:33,22.759,4.252,72.279,0.250,0,1513528,472628,215856,5651108,14289.742,1458.586,0,156.063,0,13.005,2601,1956,2.530,2.120,1.270,2,0,28.011,0,0,20,34,0,21,0
26-03 21:22:34,22.495,3.249,73.732,0,0,1513780,472376,215856,5651108,9501.705,1499.638,0,35.991,0,3.999,1701,1148,2.530,2.120,1.270,1,0,1.000,0,0,20,34,0,21,0
26-03 21:22:35,22.752,3.250,73.256,0,0,1531924,454232,215856,5651108,19153.497,1458.114,0,0,0,0,1779,1051,2.530,2.120,1.270,2,0,0,0,0,20,34,0,21,0
26-03 21:22:36,24.491,1.499,72.222,0.250,0,1550320,435836,215856,5651108,13513.836,1619.381,0,599.771,0,41.984,2061,1620,2.410,2.100,1.270,2,0,1.999,0,0,20,36,0,21,0
26-03 21:22:37,18.324,31.627,48.194,0.753,0,1510356,475692,215864,5653344,18602.757,1463.883,56.226,220.888,1.004,19.077,6622,8692,2.410,2.100,1.270,3,0,709.853,0,0,20,34,0,21,0
26-03 21:22:38,17.750,40.500,40.250,0.500,0,1502620,483336,215868,5651296,13342.934,1457.993,16.000,363.998,3.000,33.000,7895,11449,2.410,2.100,1.270,2,0,967.995,0,0,20,34,0,21,0
26-03 21:22:39,11.241,28.977,58.205,0,0,1499712,486212,215868,5651328,10325.982,1510.827,0,555.569,0,23.981,6607,5338,2.410,2.100,1.270,2,0,658.489,0,0,20,34,0,21,0
26-03 21:22:40,8.508,22.270,68.061,0,0,1499820,486076,215868,5651356,18296.408,1567.406,0,44.039,0,11.010,6084,4371,2.410,2.100,1.270,3,0,461.414,0,0,20,34,0,21,0
26-03 21:22:41,7.491,22.973,67.670,0,0,1494088,491752,215868,5651412,13910.455,1456.268,0,39.952,0,9.988,6113,4613,2.300,2.080,1.260,1,0,474.436,0,0,20,34,0,21,0
26-03 21:22:42,8.993,21.734,67.699,0,0,1489716,496108,215868,5651428,17173.187,1456.913,0,47.964,0,11.991,6050,4406,2.300,2.080,1.260,2,0,458.658,0,0,20,34,0,21,0
26-03 21:22:43,9.017,22.792,67.877,0,0,1469912,515884,215868,5651456,9711.103,1514.824,0,60.112,0,13.024,6032,4496,2.300,2.080,1.260,1,0,460.859,0,0,20,34,0,21,0
26-03 21:22:44,8.736,21.466,67.891,0,0,1473244,512532,215868,5651476,19014.512,1563.493,0,155.750,0,11.981,6014,4335,2.300,2.080,1.260,1,0,442.291,0,0,20,34,0,21,0
26-03 21:22:45,9.257,21.266,68.051,0,0,1456512,529228,215868,5651512,13894.468,1553.170,0,36.027,0,9.007,5910,4260,2.300,2.080,1.260,1,0,428.323,0,0,20,34,0,21,0
26-03 21:22:46,8.494,22.485,67.454,0.250,0,1444544,541092,215868,5651616,9849.318,1457.012,0,587.601,0,42.971,6832,6152,2.110,2.050,1.260,1,0,460.687,0,0,20,34,0,15,0
26-03 21:22:47,9.246,21.490,68.219,0,0,1447960,537644,215868,5651648,10080.409,1619.263,0,143.934,0,13.994,5998,4387,2.110,2.050,1.260,1,0,432.803,0,0,20,34,0,15,0
26-03 21:22:48,9.761,21.023,68.574,0,0,1445836,539736,215868,5651680,17821.193,1459.572,0,48.052,0,12.013,6013,4452,2.110,2.050,1.260,1,0,458.494,0,0,20,34,0,15,0
26-03 21:22:49,22.687,12.964,62.824,0.249,0,1432688,552872,215888,5651688,14137.438,1453.931,11.967,311.129,2.992,15.955,4171,3210,2.110,2.050,1.260,1,0,216.394,0,0,20,34,0,17,0
26-03 21:22:50,23.301,2.255,73.162,0.251,0,1474168,511068,215896,5651968,16634.763,1461.229,128.284,2008.439,10.022,24.053,1837,1146,2.110,2.050,1.260,2,0,0,0,0,20,34,0,16,0
26-03 21:22:51,21.997,2.250,73.240,1.500,0,1510760,472776,215912,5653572,14238.974,1619.770,787.888,495.929,48.993,21.997,1957,1544,2.020,2.030,1.260,3,0,0,0,0,20,36,0,16,0
26-03 21:22:52,16.523,6.509,64.089,10.515,0,1539396,438880,215928,5658656,20879.926,1460.023,384.533,44994.333,76.105,3579.960,14549,26911,2.020,2.030,1.260,0,1,30.042,0,0,20,38,0,16,0
26-03 21:22:53,18.442,4.984,63.550,9.221,0,1538928,437620,215932,5660380,80128.287,1453.434,0,38515.010,0,3423.246,14311,26374,2.020,2.030,1.260,1,0,45.856,0,0,20,38,0,16,0
26-03 21:22:54,18.270,5.756,63.319,10.762,0,1540688,428560,215936,5667660,9526.437,1621.777,0,47031.527,0,3907.281,15372,28892,2.020,2.030,1.260,3,0,45.049,0,0,20,38,0,15,0
26-03 21:22:55,16.516,7.007,63.061,10.510,0,1539228,428056,215940,5669636,12640.163,1459.404,0,52390.413,0,4632.458,17087,32527,2.020,2.030,1.260,0,1,57.055,0,0,20,38,0,15,0
26-03 21:22:56,19.757,5.002,63.022,9.753,0,1538144,427328,215940,5671448,21828.462,1458.499,0,36356.428,0,3520.203,13775,25636,2.180,2.060,1.270,5,1,15.005,0,0,20,38,0,15,0
26-03 21:22:57,16.005,5.502,63.518,11.003,0,1537324,425112,215944,5674416,15738.546,1620.468,0,46685.485,0,4196.212,15777,30531,2.180,2.060,1.270,1,0,39.011,0,0,20,38,0,15,0
26-03 21:22:58,18.493,5.998,63.726,9.996,0,1537252,423096,215952,5676496,17234.495,1457.450,0,42004.147,0,3767.578,14979,28472,2.180,2.060,1.270,1,1,47.982,0,0,20,38,0,13,0
26-03 21:22:59,14.489,4.996,64.203,11.741,0,1536452,422088,215952,5678304,13595.003,1456.929,0,47764.876,0,4461.719,16515,32180,2.180,2.060,1.270,2,0,20.985,0,0,20,38,0,13,0
26-03 21:23:00,15.519,6.258,62.827,12.265,0,1534168,421708,215952,5680936,18094.248,1621.994,0,54783.360,0,4855.971,17395,34280,2.180,2.060,1.270,1,0,0,0,0,20,38,0,13,0
26-03 21:23:01,15.257,7.003,62.778,12.005,0,1530656,422964,215956,5683172,13526.945,1458.641,0,61491.023,0,5355.353,18530,36700,2.170,2.060,1.270,2,0,0,0,0,20,38,0,13,0
26-03 21:23:02,15.992,6.497,62.970,11.494,0,1528060,422916,215960,5685812,9783.271,1511.270,0,55037.397,0,4844.658,16922,34052,2.170,2.060,1.270,1,1,0,0,0,20,38,0,13,0
26-03 21:23:03,16.486,6.245,61.450,11.990,0,1525904,422432,215964,5688432,74843.611,1564.717,0,62988.335,0,5288.662,18983,36076,2.170,2.060,1.270,2,0,0.999,0,0,20,38,0,12,0
26-03 21:23:04,15.504,7.002,61.766,12.003,0,1523016,422756,215964,5690996,14846.749,2002.506,0,61407.506,0,5155.302,18341,35600,2.170,2.060,1.270,2,0,9.002,0,0,20,38,0,12,0
26-03 21:23:05,18.005,7.252,60.766,10.753,0,1521240,422412,215964,5693100,10190.600,1512.386,0,53629.684,0,4371.115,16378,31101,2.170,2.060,1.270,0,1,48.012,0,0,20,38,0,12,0
26-03 21:23:06,21.190,4.986,67.060,4.737,0,1419204,523512,215968,5694032,16792.376,1561.571,0,24099.652,0,1814.853,7312,12553,2.150,2.060,1.280,1,0,42.878,0,0,20,34,0,12,0
26-03 21:23:07,23.570,2.507,73.218,0.251,0,1462916,479800,215968,5694032,15307.590,1504.481,0,938.796,0,50.149,1993,1540,2.150,2.060,1.280,1,0,0,0,0,20,34,0,10,0
26-03 21:23:08,23.702,2.744,72.602,0.249,0,1497684,445024,215968,5694040,25133.921,1767.408,0,2626.662,0,153.688,2172,1717,2.150,2.060,1.280,2,0,0,0,0,20,36,0,10,0
26-03 21:23:09,13.495,11.995,71.223,1.749,0,1470888,471800,215972,5694056,14317.615,1553.416,3.998,3.998,1.000,1.000,3839,2516,2.150,2.060,1.280,0,1,174.934,0,0,20,34,0,10,0
26-03 21:23:10,21.750,1.500,73.751,2.750,0,1483284,459256,216004,5694172,9586.163,1566.027,148.003,428.007,33.001,7.000,1635,1035,2.150,2.060,1.280,1,0,2.000,0,0,20,34,0,10,0
26-03 21:23:11,13.773,11.019,72.123,1.252,0,1470448,472072,216004,5694192,18000.674,1460.489,4.007,316.539,1.002,65.111,3546,2341,1.980,2.020,1.270,1,0,136.232,0,0,20,34,0,9,0
26-03 21:23:12,24.177,2.492,72.531,0.249,0,1517292,425228,216004,5694192,16129.345,1507.453,0,546.352,0,38.883,2155,1639,1.980,2.020,1.270,1,0,0,0,0,20,35,0,9,0
26-03 21:23:13,24.274,1.752,72.072,0,0,1517892,424472,216004,5694348,12050.985,1609.601,0,308.307,0,24.024,3512,3850,1.980,2.020,1.270,1,0,1.001,0,0,20,34,0,9,0
26-03 21:23:14,17.754,8.752,72.516,0,0,1504452,437908,216004,5694352,16824.642,1458.316,0,232.050,0,12.003,2863,1857,1.980,2.020,1.270,1,0,67.015,0,0,20,34,0,9,0
26-03 21:23:15,23.496,2.749,72.987,0.250,0.250,1510960,431392,216004,5694360,12617.677,1824.664,0,123.977,0,9.998,2035,1434,1.980,2.020,1.270,1,0,0,0,0,20,34,0,9,0
26-03 21:23:16,24.014,3.252,71.543,0,0,1510008,432304,216004,5694400,17745.699,1458.880,0,248.150,0,11.007,5042,6467,1.900,2.010,1.270,2,0,0,0,0,20,35,0,9,0
26-03 21:23:17,22.231,4.746,71.439,0.250,0,1448468,493828,216004,5694416,17190.391,1564.670,0,1330.869,0,172.853,3786,4034,1.900,2.010,1.270,1,0,29.975,0,0,20,34,0,9,0
26-03 21:23:18,23.009,3.001,73.529,0,0,1498188,444108,216004,5694416,9447.786,1458.585,0,0,0,0,1668,973,1.900,2.010,1.270,1,0,0,0,0,20,34,0,9,0
26-03 21:23:19,23.239,2.499,71.966,0,0,1500092,442192,216004,5694428,17425.756,1511.285,0,227.892,0,13.993,3909,4482,1.900,2.010,1.270,0,0,0,0,0,20,35,0,3,0
26-03 21:23:20,23.019,4.003,72.059,0,0,1466304,475800,216004,5694608,15914.943,1501.221,0,192.156,0,6.005,4586,5464,1.900,2.010,1.270,1,0,21.017,0,0,20,34,0,4,0
26-03 21:23:21,19.753,5.751,72.510,0,0,1506808,435292,216004,5694612,17732.554,1566.226,0,112.016,0,2.000,2281,1481,1.830,1.990,1.270,1,0,34.005,0,0,20,34,0,4,0
26-03 21:23:22,24.051,2.505,73.656,0.251,0,1526216,415880,216004,5694616,19579.571,1515.217,0,84.179,0,4.009,2312,1767,1.830,1.990,1.270,1,0,0,0,0,20,35,0,4,0
26-03 21:23:23,21.500,5.250,71.750,0,0,1502116,439964,216004,5694632,77250.407,1458.008,0,0,0,0,3189,2883,1.830,1.990,1.270,1,0,35.000,0,0,20,34,0,4,0
26-03 21:23:24,22.992,2.499,73.225,0,0,1542776,399300,216004,5694636,25465.293,1565.465,0,0,0,0,1929,1114,1.830,1.990,1.270,1,0,0,0,0,20,35,0,5,0
26-03 21:23:25,21.978,4.995,72.179,0.500,0,1528600,413464,216004,5694648,11181.057,1510.522,0,491.519,0,41.959,3185,2931,1.830,1.990,1.270,3,0,43.957,0,0,20,34,0,5,0
26-03 21:23:26,21.219,4.993,73.145,0,0,1552836,389220,216004,5694656,12650.799,1455.905,0,1378.017,0,39.943,2010,1314,1.760,1.970,1.270,1,0,15.977,0,0,20,34,0,5,0
26-03 21:23:27,23.504,2.250,72.764,0,0,1568432,373616,216004,5694664,17664.342,1458.276,0,120.023,0,7.001,2554,2166,1.760,1.970,1.270,1,0,0,0,0,20,35,0,6,0
26-03 21:23:28,21.495,6.249,71.235,0,0,1523740,418284,216004,5694688,15138.781,1619.656,0,0,0,0,3894,3937,1.760,1.970,1.270,1,0,42.991,0,0,20,34,0,6,0
26-03 21:23:29,23.197,2.494,73.082,0,0,1562388,379636,216004,5694688,19595.886,1496.555,0,0,0,0,1758,1069,1.760,1.970,1.270,1,0,0,0,0,20,34,0,6,0
26-03 21:23:30,23.849,2.510,73.052,0,0,1559932,382068,216004,5694712,16810.566,1464.059,0,0,0,0,3673,4081,1.760,1.970,1.270,1,0,0,0,0,20,35,0,6,0
26-03 21:23:31,19.980,6.993,71.428,0,0,1497860,444112,216004,5694724,18577.399,1618.380,0,339.660,0,26.973,3286,2749,1.700,1.960,1.270,1,0,66.933,0,0,20,34,0,6,0
26-03 21:23:32,23.188,2.743,73.304,0,0,1537724,404244,216004,5694728,14705.723,1454.116,0,23.936,0,3.989,1992,1349,1.700,1.960,1.270,1,0,0,0,0,20,35,0,6,0
26-03 21:23:33,23.576,3.010,72.734,0.251,0,1505304,436516,216008,5694872,11418.681,1462.699,0,1372.409,0,149.480,3151,3210,1.700,1.960,1.270,1,0,7.023,0,0,20,34,0,6,0
26-03 21:23:34,21.477,4.495,72.671,0,0,1502868,438952,216008,5694872,9390.836,1660.203,0,0,0,0,2025,1361,1.700,1.960,1.270,1,0,27.970,0,0,20,34,0,6,0
26-03 21:23:35,23.495,2.499,72.234,0.250,0,1517976,423832,216008,5694884,18030.056,1457.681,0,459.899,0,36.992,2766,2700,1.700,1.960,1.270,1,0,0,0,0,20,35,0,6,0
26-03 21:23:36,19.487,7.245,72.451,0,0,1522644,419156,216008,5694892,12831.328,1457.015,0,179.878,0,12.991,2717,1976,1.640,1.940,1.260,1,0,59.959,0,0,20,34,0,6,0
26-03 21:23:37,23.769,2.502,73.308,0,0,1557588,384204,216008,5694900,17864.048,1459.147,0,28.022,0,4.003,2112,1592,1.640,1.940,1.260,1,0,0,0,0,20,34,0,6,0
26-03 21:23:38,30.495,5.249,62.740,0,0,1543648,398120,216008,5694924,13553.927,1619.752,0,3.999,0,1.000,4911,12478,1.640,1.940,1.260,1,0,35.994,0,0,20,34,0,7,0
26-03 21:23:39,20.569,6.271,72.494,0,0,1485132,456636,216008,5694924,18046.654,1462.917,0,4.013,0,1.003,2318,1535,1.640,1.940,1.260,1,0,43.145,0,0,20,34,0,6,0
26-03 21:23:40,23.924,1.994,73.516,0,0,1508976,432788,216008,5694928,12756.415,1453.376,0,0,0,0,2144,1596,1.640,1.940,1.260,1,0,0,0,0,20,34,0,6,0
26-03 21:23:41,20.286,6.762,70.875,0.250,0,1466732,474960,216008,5695000,10641.835,1514.681,0,420.745,0,29.051,4589,5117,1.670,1.940,1.270,1,0,66.117,0,0,20,34,0,7,0
26-03 21:23:42,21.958,3.992,73.359,0,0,1487364,454328,216008,5695000,18339.864,1563.006,0,0,0,0,1949,1268,1.670,1.940,1.270,1,0,0.998,0,0,20,34,0,7,0
26-03 21:23:43,23.580,2.509,72.497,0,0,1504812,436872,216008,5695008,13335.347,1462.975,0,1019.467,0,142.485,2707,2321,1.670,1.940,1.270,2,0,1.003,0,0,20,35,0,7,0
26-03 21:23:44,21.175,5.232,72.743,0,0,1496004,445672,216008,5695016,9440.665,1506.680,0,0,0,0,2844,2632,1.670,1.940,1.270,2,0,33.880,0,0,20,34,0,7,0
26-03 21:23:45,23.003,3.000,73.261,0,0,1537388,404280,216008,5695024,17617.673,1660.252,0,4.001,0,1.000,2007,1448,1.670,1.940,1.270,2,0,0,0,0,20,34,0,7,0
26-03 21:23:46,20.058,6.268,72.458,0.251,0,1526348,415184,216008,5695160,16838.329,1462.197,0,316.910,0,29.083,3168,2623,1.620,1.930,1.270,2,0,60.173,0,0,20,34,0,7,0
26-03 21:23:47,22.176,3.987,73.005,0,0,1569568,371964,216008,5695160,18142.147,1453.126,0,39.866,0,0.997,1898,1219,1.620,1.930,1.270,1,0,0,0,0,20,34,0,7,0
26-03 21:23:48,24.034,2.253,72.603,0,0,1577036,364488,216008,5695168,14509.504,1622.293,0,0,0,0,2754,2538,1.620,1.930,1.270,1,0,0,0,0,20,35,0,8,0
26-03 21:23:49,20.740,5.247,72.214,0,0,1519244,422260,216008,5695188,10150.883,1457.265,0,0,0,0,3177,2951,1.620,1.930,1.270,1,0,42.978,0,0,20,34,0,8,0
26-03 21:23:50,23.960,2.745,73.126,0,0,1539796,401704,216008,5695192,17792.944,1455.541,0,63.892,0,3.993,1988,1225,1.620,1.930,1.270,1,0,0,0,0,20,35,0,8,0
26-03 21:23:51,23.523,3.253,72.071,0.250,0,1535516,405952,216008,5695224,13768.485,1621.588,0,140.137,0,17.017,3737,4265,1.570,1.910,1.270,1,0,0,0,0,20,34,0,8,0
26-03 21:23:52,11.270,16.279,70.626,0.751,0,1492584,448488,216008,5695620,10035.905,1460.606,188.336,460.822,25.045,11.020,4710,3333,1.570,1.910,1.270,1,0,240.429,0,0,20,34,0,6,0
26-03 21:23:53,7.993,14.487,74.435,0.999,0,1480140,460132,216024,5696408,84184.299,1456.725,655.426,303.734,12.989,10.990,4387,3209,1.570,1.910,1.270,2,0,189.834,0,0,21,14,0,6,20
26-03 21:23:54,8.761,20.276,69.590,0,0,1488988,451248,216024,5696444,50400.235,1513.960,0,224.290,0,12.016,5432,3498,1.570,1.910,1.270,3,0,276.358,0,0,21,14,0,6,20
26-03 21:23:55,12.483,20.223,65.661,0,0,1475804,464396,216024,5696816,20411.383,1563.884,0,95.870,0,9.986,6397,6014,1.570,1.910,1.270,1,0,291.605,0,0,21,14,0,6,20
26-03 21:23:56,23.568,12.787,62.680,0,0,1473556,466636,216024,5696476,18205.235,1462.195,0,8.023,0,2.006,4962,5308,1.600,1.910,1.270,2,0,127.365,0,0,21,14,0,6,20
26-03 21:23:57,23.690,20.697,53.614,0.499,0,1495004,444096,216028,5697520,43454.542,1763.517,83.787,19.949,3.990,4.987,6095,4148,1.600,1.910,1.270,1,0,335.148,0,0,23,14,0,6,20
26-03 21:23:58,13.760,20.014,65.045,0,0,1491388,447696,216028,5698008,19064.320,1567.095,0,20.014,0,5.003,6331,6068,1.600,1.910,1.270,1,0,264.185,0,0,23,14,0,6,20
26-03 21:23:59,26.467,15.231,55.431,1.498,0,1492944,445796,216168,5697752,16203.739,1456.179,343.570,2153.308,19.975,250.687,5190,5340,1.600,1.910,1.270,4,0,167.790,0,0,23,14,0,6,20
26-03 21:24:00,31.791,22.780,41.304,4.256,0,1534248,401664,216236,5700508,33910.257,1684.198,2435.178,312.408,158.206,7.009,6268,4511,1.600,1.910,1.270,3,0,352.460,0,0,25,14,1,6,20
26-03 21:24:01,16.216,16.715,64.365,0,0,1530440,405464,216236,5700988,19469.227,1690.460,0,1137.618,0,106.776,5719,5409,1.480,1.880,1.260,1,0,233.511,0,0,25,14,1,6,20
26-03 21:24:02,26.590,15.552,56.691,0,0,1552980,382888,216240,5700552,20923.586,1709.768,0,798.694,0,9.030,5540,5651,1.480,1.880,1.260,2,0,148.501,0,0,25,14,1,6,20
26-03 21:24:03,74.782,13.006,11.755,0,0,1783532,152164,216292,5700640,32675.003,1532.657,0,4.002,0,1.000,5077,3280,1.480,1.880,1.260,13,0,21.009,0,0,27,14,1,6,20
26-03 21:24:04,90.245,10.249,0,0,0,1982488,184664,215584,5474652,10626.407,1693.906,371.979,367.979,9.999,5.000,5168,3534,1.480,1.880,1.260,12,0,37.998,0,0,27,14,1,6,20
26-03 21:24:05,58.982,11.497,28.241,0,0,2080500,177420,215584,5386152,9406.167,1531.539,87.974,243.927,2.999,7.998,4900,3494,1.480,1.880,1.260,1,0,108.967,0,0,27,14,1,6,20
26-03 21:24:06,9.496,17.492,69.219,2.749,0,2069072,188220,215584,5386764,50989.407,1661.264,455.798,387.828,7.996,3.998,5384,3688,1.440,1.870,1.260,2,0,234.896,0,0,27,14,1,6,20
26-03 21:24:07,11.499,18.498,66.744,1.250,0,2072940,184212,215584,5387216,23016.895,1735.841,87.992,23.998,3.000,5.999,5746,4743,1.440,1.870,1.260,1,0,238.978,0,0,27,14,1,6,20
26-03 21:24:08,23.444,13.219,60.107,2.494,0,2029192,227704,215584,5387608,20674.753,1454.535,251.401,59.857,13.967,0.998,5276,6322,1.440,1.870,1.260,1,0,131.686,0,0,27,14,1,6,20
26-03 21:24:09,24.832,13.796,59.196,1.505,0,2065884,189436,215584,5388708,36369.260,1667.514,1569.189,4.013,22.073,1.003,4559,3155,1.440,1.870,1.260,1,0,142.471,0,0,27,14,1,6,20
26-03 21:24:10,19.984,7.494,70.692,0,0,2089580,165296,215584,5389104,19839.838,1618.681,0,0,0,0,3458,2810,1.440,1.870,1.260,1,0,91.925,0,0,28,14,1,7,20
26-03 21:24:11,22.950,4.740,71.345,0,0,2133852,189848,215576,5321616,13815.951,1528.675,0,0,0,0,2290,1926,1.400,1.850,1.260,1,0,0,0,0,28,14,1,7,20
26-03 21:24:12,24.905,3.238,71.478,0.249,0,2154452,169240,215576,5321624,12840.165,1613.862,0,402.469,0,24.905,2838,2938,1.400,1.850,1.260,1,0,0,0,0,28,14,1,7,10
26-03 21:24:13,21.626,7.293,68.902,0.503,0,2111420,211988,215576,5321908,10158.276,1466.558,0,374.183,0,39.229,4678,5151,1.400,1.850,1.260,3,0,91.534,0,0,28,18,1,12,0
26-03 21:24:14,8.745,21.737,68.710,0,0.250,2094868,228464,215576,5321984,17126.939,1457.144,3.998,7.995,0.999,1.999,6032,4690,1.400,1.850,1.260,2,0,364.786,0,0,28,18,1,12,0
26-03 21:24:15,9.505,19.260,68.536,0.500,0,2094500,228736,215576,5322064,23049.164,1620.855,48.025,396.209,3.002,9.005,5839,4402,1.400,1.850,1.260,3,0,304.161,0,0,28,18,1,12,0
26-03 21:24:16,10.486,21.472,66.914,0.250,0,2088088,234952,215576,5322212,16528.641,1456.118,0,439.432,0,20.973,5862,4486,1.370,1.840,1.260,1,0,298.614,0,0,28,18,1,12,0
26-03 21:24:17,24.799,13.276,60.621,0,0.250,2081820,241196,215576,5322596,12362.617,1623.232,16.032,8.016,1.002,2.004,6090,7531,1.370,1.840,1.260,1,0,151.301,0,0,28,18,1,12,0
26-03 21:24:18,42.849,12.705,42.600,0.747,0,2162540,160332,215584,5322832,16720.054,1452.878,115.592,51.817,4.982,3.986,4618,3234,1.370,1.840,1.260,2,0,130.540,0,0,28,19,1,12,0
26-03 21:24:19,47.381,5.014,46.629,0,0,2204108,118500,215584,5323096,15006.483,1624.491,0,216.599,0,1.003,3265,1837,1.370,1.840,1.260,2,0,0,0,0,28,19,1,12,0
26-03 21:24:20,44.258,7.501,47.258,0,0,2272200,130556,215572,5244824,9772.697,1532.266,0,0,0,0,3203,2180,1.370,1.840,1.260,2,0,0,0,0,28,19,1,11,0
26-03 21:24:21,48.242,4.249,46.492,1.000,0,2318728,163260,215580,5167532,17676.034,1457.755,99.983,591.901,1.000,27.995,4190,3556,1.420,1.840,1.260,3,0,17.997,0,0,28,35,1,11,0
26-03 21:24:22,47.511,4.751,46.761,0,0,2359616,120704,215592,5169004,14704.345,1620.369,0,532.121,0,16.004,3648,2696,1.420,1.840,1.260,3,0,2.000,0,0,28,35,1,11,0
26-03 21:24:23,20.011,17.760,59.784,0.250,0,2359188,196640,215580,5095080,77798.100,1458.827,0,132.075,0,13.007,8644,10376,1.420,1.840,1.260,1,0,246.140,0,0,28,34,1,11,0
26-03 21:24:24,22.186,15.704,61.322,0,0,2377064,178740,215580,5095564,17301.857,1453.787,0,0,0,0,6517,7957,1.420,1.840,1.260,1,0,239.306,0,0,28,34,1,11,0
26-03 21:24:25,7.484,4.241,85.321,1.247,0,2375944,179784,215580,5095172,12966.743,1454.942,79.832,0,5.987,0,2221,2475,1.420,1.840,1.260,0,0,28.939,0,0,28,34,1,11,0
26-03 21:24:26,2.250,1.000,95.002,0,0,2375940,179784,215580,5095176,17283.451,1620.042,0,0,0,0,1409,1800,1.310,1.810,1.260,0,0,3.000,0,0,28,34,1,11,0
26-03 21:24:27,2.503,1.001,95.380,0,0,2376164,179560,215580,5095176,14170.267,1459.985,0,4.005,0,1.001,1373,1777,1.310,1.810,1.260,0,0,3.004,0,0,28,34,1,11,0
26-03 21:24:28,2.000,0.250,95.749,0,0,2376164,179560,215580,5095176,11467.935,1457.992,0,84.000,0,4.000,1216,1694,1.310,1.810,1.260,0,0,1.000,0,0,28,34,1,11,0
26-03 21:24:29,6.522,6.522,86.039,0,0,2308168,247432,215580,5095296,19109.104,1505.049,0,92.310,0,2.007,3104,3050,1.310,1.810,1.260,6,0,98.330,0,0,28,34,1,9,0
26-03 21:24:30,25.168,15.699,57.064,0.249,0,2375624,179936,215580,5095304,13379.391,1614.737,0,7627.140,0,596.057,6569,8234,1.310,1.810,1.260,3,0,201.344,0,0,28,34,1,9,0
26-03 21:24:31,14.535,17.292,66.661,0.251,0,2376200,179320,215580,5095340,18749.336,1461.534,0,348.844,0,30.073,5979,5999,1.360,1.810,1.260,2,0,288.698,0,0,29,50,1,9,0
26-03 21:24:32,18.263,17.012,62.295,1.001,0,2376568,178768,215588,5095912,13679.850,1697.222,68.049,4.003,17.012,1.001,5917,6021,1.360,1.810,1.260,1,0,238.172,0,0,29,50,1,10,0
26-03 21:24:33,19.222,13.231,65.406,0,0,2379604,175724,215588,5095444,18892.895,1455.911,0,255.633,0,3.994,5264,6470,1.360,1.810,1.260,1,0,157.774,0,0,29,50,1,10,0
26-03 21:24:34,6.996,9.494,81.947,0,0,2379544,175800,215588,5095444,13589.266,1457.063,0,291.812,0,13.991,3315,3344,1.360,1.810,1.260,1,0,176.886,0,0,29,50,1,10,0
26-03 21:24:35,25.461,20.219,53.168,0,0,2450868,175968,215584,5026360,11024.961,1617.500,0,4756.649,0,323.500,7345,8405,1.360,1.810,1.260,1,0,215.667,0,0,31,50,1,10,0
26-03 21:24:36,14.513,15.264,68.812,0,0,2416588,210244,215584,5025920,10408.384,1533.383,0,20.018,0,2.002,4884,4441,1.570,1.850,1.280,1,0,238.215,0,0,31,52,1,11,0
26-03 21:24:37,9.026,20.809,68.946,0,0,2410224,216568,215584,5025960,18230.839,1504.277,0,8.023,0,2.006,5698,4328,1.570,1.850,1.280,2,0,292.833,0,0,31,52,1,11,0
26-03 21:24:38,23.429,21.933,53.587,0.249,0,2430032,196732,215584,5026352,17633.405,1453.582,7.976,23.927,0.997,5.982,7347,20545,1.570,1.850,1.280,1,0,316.039,0,0,31,52,1,12,0
26-03 21:24:39,23.544,12.774,61.865,0.250,0,2425972,200788,215584,5025992,17417.410,1460.718,0,216.403,0,2.004,4851,5300,1.570,1.850,1.280,4,0,125.233,0,0,31,52,1,12,0
26-03 21:24:40,31.483,23.487,43.726,0,0,2476820,149880,215596,5026040,18075.085,1619.112,0,1439.211,0,109.940,6410,4999,1.570,1.850,1.280,3,0,380.791,0,0,31,52,1,12,0
26-03 21:24:41,29.511,24.509,44.267,1.000,0,2496812,129612,215620,5026288,18864.197,1458.556,120.046,64.024,5.002,12.005,6475,4963,1.610,1.850,1.280,3,0,424.162,0,0,31,52,1,10,0
26-03 21:24:42,32.558,23.041,43.327,1.002,0,2514904,182432,215680,4956640,13745.530,1550.768,52.093,12.021,4.007,3.005,7666,8345,1.610,1.850,1.280,3,0,373.667,0,0,31,56,1,12,0
26-03 21:24:43,30.708,24.217,42.941,0,0,2596836,174240,215680,4884448,10401.701,1455.999,0,39.945,0,9.986,6078,4698,1.610,1.850,1.280,4,0,331.544,0,0,31,56,1,12,0
26-03 21:24:44,44.041,15.515,39.537,0,0,2629732,141392,215680,4884444,10146.483,1459.364,12.011,672.629,3.003,2.002,5516,6733,1.610,1.850,1.280,2,0,146.137,0,0,31,56,1,12,0
26-03 21:24:45,68.669,23.972,6.992,0,0,2706608,136420,215696,4814704,21718.353,1711.978,0,791.066,0,5.993,5640,4093,1.610,1.850,1.280,6,0,341.597,0,0,31,56,1,12,0
26-03 21:24:46,58.742,22.747,18.498,0,0,2795960,118732,215696,4745252,22440.056,1457.809,207.973,343.955,2.000,17.998,6299,6393,1.800,1.890,1.290,3,0,321.958,0,0,31,56,1,12,0
26-03 21:24:47,68.425,15.733,15.233,0,0,2859008,124004,215716,4677636,20279.690,1456.398,115.873,311.657,3.996,22.975,5793,6448,1.800,1.890,1.290,4,0,123.864,0,0,31,56,1,12,0
26-03 21:24:48,72.550,26.518,0.751,0,0,2942288,178276,215768,4543368,14446.001,1459.010,0,1100.762,0,64.044,5697,5275,1.800,1.890,1.290,5,0,367.254,0,0,31,56,1,12,0
26-03 21:24:49,69.714,19.240,5.497,5.497,0,3011316,175824,216648,4477736,18801.171,1619.154,835.563,407.787,98.948,24.987,6784,6365,1.800,1.890,1.290,4,0,245.871,0,0,31,60,1,11,0
26-03 21:24:50,71.835,21.700,4.240,0.998,0,3152524,160160,216572,4354588,13795.230,1454.650,91.789,8715.927,4.989,777.210,9808,13793,1.800,1.890,1.290,4,1,161.628,0,0,31,60,1,11,0
26-03 21:24:51,68.095,25.536,3.755,2.003,0.250,3223080,130284,215544,4315280,10460.640,1460.043,0,22179.041,0,1774.483,12573,21022,2.380,2.010,1.340,5,0,296.415,0,0,31,62,1,11,0
26-03 21:24:52,64.464,24.832,8.277,2.257,0,3261272,146108,215356,4262168,18518.495,1715.697,0,16113.508,0,1669.544,13286,21325,2.380,2.010,1.340,6,0,289.963,0,0,31,62,1,11,0
26-03 21:24:53,73.869,17.219,7.986,0.998,0,3332492,136096,215408,4202108,80489.977,1455.414,223.603,3601.600,12.977,299.468,8307,11152,2.380,2.010,1.340,6,0,118.789,0,0,31,66,1,14,0
26-03 21:24:54,75.850,21.779,2.253,0,0,3390776,172524,215380,4107952,13013.171,1459.926,4.005,965.274,1.001,52.069,8171,12520,2.380,2.010,1.340,6,0,275.363,0,0,31,75,1,19,0
26-03 21:24:55,57.689,23.725,17.482,0,0,3465844,153880,215380,4052096,22512.335,1456.469,3.996,847.110,0.999,43.954,7133,8362,2.380,2.010,1.340,5,0,358.623,0,0,31,79,1,20,0
26-03 21:24:56,40.563,24.037,33.552,0,0,3532576,135256,215380,4004916,18720.921,1622.507,0,11257.391,0,711.099,9856,10158,2.350,2.010,1.340,2,0,351.543,0,0,31,79,1,20,0
26-03 21:24:57,45.719,15.490,38.224,0.250,0,3569796,155476,215380,3948028,18773.364,1457.019,0,651.561,0,32.978,5615,6085,2.350,2.010,1.340,2,0,115.922,0,0,31,81,1,20,0
26-03 21:24:58,68.731,13.746,16.245,0.250,0,3690640,125244,215388,3860260,15457.688,1457.593,0,5142.565,0,257.928,6459,9025,2.350,2.010,1.340,3,0,127.964,0,0,31,84,1,23,0
26-03 21:24:59,47.127,6.982,44.883,0,0,3754188,148176,215396,3775932,10237.358,1454.215,0,163.574,0,11.969,3419,2646,2.350,2.010,1.340,2,0,0,0,0,31,84,1,23,0
26-03 21:25:00,15.055,23.084,58.463,2.007,0,3773624,128588,215404,3776208,17787.687,1700.183,40.146,1260.584,4.015,70.255,6684,6339,2.350,2.010,1.340,3,0,467.701,0,0,31,87,1,23,0
26-03 21:25:01,11.489,24.226,58.692,3.497,0,3774956,127180,215404,3776284,15479.615,1530.479,39.960,3708.314,4.995,21.978,6565,5850,2.240,1.990,1.340,1,0,498.505,0,0,31,87,1,23,0
26-03 21:25:02,9.501,21.002,69.257,0,0,3762600,195380,215404,3722528,11725.173,1622.162,0,76.008,0,5.001,5779,4651,2.240,1.990,1.340,1,0,314.031,0,0,31,87,1,24,0
26-03 21:25:03,21.273,6.757,70.825,0,0,3816464,141508,215404,3722536,18276.450,1533.632,0,360.384,0,2.002,3002,2447,2.240,1.990,1.340,1,0,48.051,0,0,31,87,1,24,0
26-03 21:25:04,25.874,3.483,68.914,0,0,3834588,157820,215404,3689008,28781.872,1632.054,0,103.496,0,6.966,3086,2625,2.240,1.990,1.340,1,0,0.995,0,0,31,89,1,24,0
26-03 21:25:05,29.674,5.237,62.839,0.499,0,3861076,178552,215408,3642728,19980.724,1623.833,7.980,442.863,1.995,37.903,4227,4475,2.240,1.990,1.340,1,0,7.980,0,0,31,95,1,24,0
26-03 21:25:06,20.612,7.038,70.132,1.257,0,3820568,218980,215408,3642808,14936.393,1465.989,136.745,6314.409,3.016,625.408,3405,2779,2.140,1.970,1.340,1,0,57.312,0,0,31,99,1,24,0
26-03 21:25:07,23.260,2.501,71.281,2.001,0,3854676,184628,215408,3643052,26010.327,1830.797,172.075,32.014,2.001,4.002,2590,2098,2.140,1.970,1.340,1,0,0,0,0,31,100,1,25,0
26-03 21:25:08,27.947,4.741,66.624,0.250,0,3858848,180116,215408,3643396,20021.999,1616.931,191.636,319.394,8.983,29.943,4239,5024,2.140,1.970,1.340,3,0,4.991,0,0,31,107,1,25,0
26-03 21:25:09,28.171,4.238,65.317,0.748,0,3863760,174068,215412,3644496,17248.585,1453.919,861.582,642.197,44.874,75.787,3695,4048,2.140,1.970,1.340,1,0,0.997,0,0,31,105,1,25,0
26-03 21:25:10,24.048,10.020,64.630,0.251,0,3880088,157672,215412,3644564,25692.797,1460.945,48.097,384.776,2.004,30.061,4016,3411,2.140,1.970,1.340,3,0,131.265,0,0,31,109,1,25,0
26-03 21:25:11,25.101,3.263,71.036,0,0,3863644,174112,215412,3644568,17839.848,1700.850,0,2385.608,0,17.069,2901,2728,2.050,1.960,1.330,2,0,0,0,0,31,109,1,25,0
26-03 21:25:12,23.411,3.985,70.483,0,0,3865660,172096,215412,3644568,14077.630,1623.844,0,183.305,0,8.966,3082,3332,2.050,1.960,1.330,4,0,0,0,0,31,110,1,25,0
26-03 21:25:13,21.986,7.246,69.207,0.500,0,3816368,221364,215412,3644592,33534.379,1457.104,0,631.612,0,67.958,3895,3743,2.050,1.960,1.330,2,0,51.968,0,0,31,109,1,25,0
26-03 21:25:14,23.762,3.252,71.788,0,0,3862484,175248,215412,3644592,16202.507,1458.766,0,220.116,0,16.008,2358,1956,2.050,1.960,1.330,3,0,0,0,0,31,109,1,19,0
26-03 21:25:15,23.843,3.514,70.525,0.502,0,3870356,167212,215412,3644756,10099.393,1463.709,144.564,1570.124,2.008,104.407,3729,4586,2.050,1.960,1.330,1,0,0,0,0,31,110,1,19,0
26-03 21:25:16,25.922,5.733,63.808,2.243,0,3876628,159692,215412,3645988,33193.235,1615.146,1256.224,4650.024,69.790,609.169,6955,9556,1.960,1.940,1.330,2,0,3.988,0,0,31,115,1,19,0
26-03 21:25:17,32.080,6.015,59.148,0.501,0,3846248,189284,215412,3646792,17354.285,1461.646,481.200,1259.141,26.065,119.298,5754,6788,1.960,1.940,1.330,1,0,44.110,0,0,31,114,1,20,0
26-03 21:25:18,22.757,8.753,67.021,0,0,3907120,160204,215412,3615172,17152.471,1458.465,0,384.123,0,23.007,4228,4528,1.960,1.940,1.330,2,0,76.024,0,0,31,120,1,20,0
26-03 21:25:19,37.355,7.222,54.787,0.498,0,3946756,162804,215412,3574172,27896.539,1452.353,63.752,2729.388,3.985,179.303,7132,10439,1.960,1.940,1.330,1,0,16.934,0,0,31,122,1,22,0
26-03 21:25:20,24.486,3.498,69.211,0.750,0,3950988,158268,215412,3574476,16764.464,1693.037,303.827,755.570,16.990,90.948,4674,5987,1.960,1.940,1.330,1,0,0.999,0,0,31,124,1,22,0
26-03 21:25:21,30.006,4.751,62.513,0.500,0.250,3981808,127024,215412,3574900,18832.057,1458.314,256.055,1136.245,14.003,109.023,4959,6062,1.890,1.920,1.330,2,0,3.001,0,0,31,123,1,23,0
26-03 21:25:22,36.025,16.261,44.781,2.252,0,4038008,134908,215412,3511984,13168.212,1459.021,220.154,308.216,3.002,19.013,4923,3766,1.890,1.920,1.330,3,0,185.130,0,0,31,123,1,23,0
26-03 21:25:23,38.464,6.744,45.457,8.742,0,4077156,133120,215412,3475468,76756.735,1456.629,1338.740,343.676,15.985,26.975,3556,2545,1.890,1.920,1.330,3,0,3.996,0,0,31,123,1,23,0
26-03 21:25:24,39.887,4.516,53.936,0.251,0,4108588,137076,215412,3440924,17866.495,1625.595,0,357.230,0,27.093,3897,3743,1.890,1.920,1.330,3,0,1.003,0,0,31,125,1,23,0
26-03 21:25:25,25.005,4.751,66.513,1.750,0,4108616,136928,215412,3441044,24848.793,1458.281,120.023,4272.824,9.002,329.063,5866,7895,1.890,1.920,1.330,1,0,0,0,0,31,124,1,23,0
26-03 21:25:26,21.003,8.501,69.009,0.750,0,4039224,206228,215412,3441136,17797.347,1458.192,0,4756.627,0,490.065,4924,5234,1.810,1.910,1.330,1,0,87.011,0,0,31,123,1,23,0
26-03 21:25:27,23.666,3.488,71.498,0.249,0,4086368,159076,215416,3441140,13542.190,1452.871,3.986,322.860,0.996,14.947,2377,2074,1.810,1.910,1.330,2,0,0,0,0,31,123,1,23,0
26-03 21:25:28,25.262,3.502,70.533,0.250,0,4101720,143716,215416,3441148,16978.055,1620.769,0,1688.801,0,90.043,3284,3462,1.810,1.910,1.330,2,0,0,0,0,31,125,1,24,0
26-03 21:25:29,23.215,6.490,69.145,0,0,4111188,134220,215416,3441176,14610.723,1497.716,0,259.604,0,22.965,3455,3436,1.810,1.910,1.330,1,0,54.916,0,0,31,125,1,24,0
26-03 21:25:30,24.544,3.256,70.877,0,0,4128980,156856,215416,3401752,13313.798,1460.611,0,72.129,0,6.011,2451,2012,1.810,1.910,1.330,5,0,0,0,0,31,126,1,24,0
26-03 21:25:31,24.341,3.262,70.766,0.251,0,4124488,161332,215416,3401768,9320.973,1463.491,0,124.467,0,13.049,3549,4018,1.750,1.890,1.330,2,0,0,0,0,31,125,1,24,0
26-03 21:25:32,22.144,6.718,70.412,0,0,4117676,168132,215416,3401780,17813.604,1492.844,0,310.511,0,2.986,3057,2375,1.750,1.890,1.330,1,0,50.757,0,0,31,125,1,25,0
26-03 21:25:33,23.766,3.252,71.049,0,0,4138152,147656,215416,3401780,17441.943,1458.999,0,112.077,0,5.003,2813,2595,1.750,1.890,1.330,2,0,1.001,0,0,31,125,1,25,0
26-03 21:25:34,25.499,3.750,69.248,0.500,0,4131944,153524,215416,3402120,17164.474,1619.950,303.991,755.977,18.999,86.997,4181,5258,1.750,1.890,1.330,2,0,0,0,0,31,126,1,24,0
26-03 21:25:35,20.959,8.234,69.863,0.250,0,4101504,183944,215416,3402140,17020.518,1455.138,0,503.010,0,42.916,3652,3336,1.750,1.890,1.330,2,0,81.839,0,0,31,125,1,24,0
26-03 21:25:36,30.841,4.513,63.687,0.251,0,4141564,143864,215416,3402144,17895.668,1536.522,0,268.791,0,17.050,2914,2260,1.690,1.880,1.320,1,0,3.009,0,0,31,126,1,24,0
26-03 21:25:37,24.933,3.491,69.563,0,0,4135136,150164,215416,3402272,13805.960,1454.099,0,989.346,0,61.834,3535,3856,1.690,1.880,1.320,1,0,0,0,0,31,125,1,24,0
26-03 21:25:38,28.152,10.557,59.572,1.257,0,4105648,179460,215416,3402464,11381.489,1465.920,168.913,213.152,8.043,23.125,4317,12193,1.690,1.880,1.320,2,0,92.500,0,0,31,125,1,24,0
26-03 21:25:39,24.399,3.486,70.209,0,0,4125228,159876,215416,3402468,17957.599,1451.984,0,215.109,0,19.917,2953,2823,1.690,1.880,1.320,1,0,0.996,0,0,31,125,1,24,0
26-03 21:25:40,26.118,5.274,65.545,1.507,0,4122280,162488,215416,3402804,15685.619,1627.326,225.013,2322.456,11.050,304.370,6367,9223,1.690,1.880,1.320,2,0,0,0,0,31,126,1,24,0
26-03 21:25:41,22.920,7.723,66.766,0.997,0,4090792,193836,215416,3402944,9594.313,1494.752,31.888,1981.044,1.993,181.363,5977,8227,1.630,1.860,1.320,1,0,52.815,0,0,31,125,1,24,0
26-03 21:25:42,24.569,4.011,69.947,0.251,0,4138628,145948,215416,3402996,17583.557,1462.121,48.136,818.306,3.008,52.147,2660,2308,1.630,1.860,1.320,1,0,3.008,0,0,31,125,1,23,2
26-03 21:25:43,24.648,3.237,70.458,0,0,4144392,140172,215416,3403008,14494.833,1451.973,0,681.173,0,39.835,3389,3681,1.630,1.860,1.320,1,0,0.996,0,0,31,127,1,23,2
26-03 21:25:44,24.768,3.753,69.299,0.250,0,4141140,143404,215416,3403028,17409.312,1621.146,0,1236.875,0,99.070,4409,5398,1.630,1.860,1.320,1,0,0,0,0,31,126,1,24,2
26-03 21:25:45,33.097,7.021,56.666,1.254,0,4139768,144704,215416,3403100,17659.630,1556.551,16.047,2226.509,1.003,212.622,7182,10062,1.630,1.860,1.320,3,0,2.006,0,0,31,129,1,24,0
26-03 21:25:46,29.271,7.255,62.544,0.250,0,4119372,164864,215416,3403336,9818.969,1459.036,72.051,596.423,1.001,42.030,4652,5286,1.660,1.870,1.330,2,0,69.049,0,0,31,129,1,22,0
26-03 21:25:47,24.639,3.235,70.681,0.249,0,4129700,154536,215416,3403336,17140.608,1451.447,0,2803.343,0,349.422,2902,2726,1.660,1.870,1.330,1,0,0,0,0,31,129,1,23,0
26-03 21:25:48,25.241,3.999,68.975,0.750,0,4128440,155736,215416,3403396,13712.082,1619.419,31.989,927.667,1.000,104.962,4450,5636,1.660,1.870,1.330,1,0,0,0,0,31,129,1,23,0
26-03 21:25:49,19.571,9.535,69.253,0.251,0,4087156,197000,215416,3403416,9298.950,1463.343,0,421.539,0,26.095,3824,3323,1.660,1.870,1.330,3,0,147.539,0,0,31,129,1,23,0
26-03 21:25:50,24.006,3.251,71.518,0,0,4121800,162356,215416,3403416,17877.557,1458.372,0,352.090,0,22.006,2347,1900,1.660,1.870,1.330,1,0,0,0,0,31,129,1,23,0
26-03 21:25:51,29.039,4.005,65.338,0.250,0,4125412,158720,215416,3403440,13639.435,1622.193,0,2186.956,0,141.191,4580,5716,1.610,1.850,1.320,2,0,0,0,0,31,130,1,23,0
26-03 21:25:52,27.254,5.251,64.260,1.000,0,4126832,157208,215416,3403532,17043.542,1458.218,48.007,1144.171,2.000,128.019,6575,9150,1.610,1.850,1.320,2,0,1.000,0,0,31,132,1,23,0
26-03 21:25:53,22.723,5.993,68.418,0.250,0,4126784,157208,215416,3403580,80386.124,1456.245,31.961,615.259,1.998,54.934,4986,5986,1.610,1.850,1.320,2,0,1.998,0,0,31,132,1,23,0
26-03 21:25:54,44.046,13.764,39.791,1.251,0,4058968,224720,215416,3403884,9870.262,1459.518,64.067,6466.724,4.004,419.436,10325,14618,1.610,1.850,1.320,2,0,122.127,0,0,31,133,1,23,0
26-03 21:25:55,29.387,11.456,57.778,0.498,0,4101216,182360,215416,3403948,17740.729,2115.858,0,1597.851,0,96.628,5383,6359,1.610,1.850,1.320,1,0,170.344,0,0,31,137,1,15,0
26-03 21:25:56,25.493,3.499,69.731,0,0,4139260,144312,215416,3403952,16764.387,1617.555,0,499.862,0,24.993,2959,2807,1.560,1.840,1.320,1,0,0,0,0,31,137,1,16,0
26-03 21:25:57,24.574,3.761,70.462,0,0,4117576,165988,215416,3403960,19536.728,1552.667,0,545.640,0,28.084,3378,3464,1.560,1.840,1.320,3,0,9.027,0,0,31,137,1,16,0
26-03 21:25:58,21.676,6.229,70.757,0.249,0,4119308,164252,215416,3403964,13277.473,1560.649,0,370.729,0,19.932,2916,2438,1.560,1.840,1.320,1,0,51.822,0,0,31,137,1,16,0
26-03 21:25:59,25.264,2.752,70.289,0,0,4139956,143600,215420,3403964,20017.248,1458.820,0,1957.100,0,104.058,3008,2877,1.560,1.840,1.320,2,0,0,0,0,31,137,1,12,0
26-03 21:26:00,24.827,4.514,69.466,0.251,0,4142216,141332,215420,3403976,10107.362,1590.937,0,393.220,0,38.118,4784,5823,1.560,1.840,1.320,2,0,0,0,0,31,138,1,12,0
26-03 21:26:01,26.396,6.475,63.501,0.249,0,4142436,141080,215420,3404008,10298.611,1595.742,0,788.906,0,91.641,5723,7678,1.600,1.840,1.330,2,0,0,0,0,31,138,1,12,0
26-03 21:26:02,33.390,8.285,57.241,0.502,0.251,4099236,184232,215420,3404056,9725.911,1701.156,0,2900.199,0,391.647,6611,8132,1.600,1.840,1.330,1,0,58.245,0,0,31,137,1,13,0
26-03 21:26:03,22.624,4.724,70.357,0.249,0,4155876,127568,215420,3404080,19317.127,1684.593,15.911,775.668,0.994,26.850,2807,2589,1.600,1.840,1.330,1,0,7.956,0,0,31,137,1,12,0
26-03 21:26:04,26.258,3.751,69.022,0.250,0,4165556,154492,215420,3367988,18085.823,1640.528,0,312.100,0,24.008,3104,2832,1.600,1.840,1.330,2,0,1.000,0,0,31,137,1,12,0
26-03 21:26:05,25.728,4.746,65.945,0.500,0,4163596,156220,215420,3368220,16997.724,1716.558,63.946,1230.966,1.998,134.887,5975,7808,1.600,1.840,1.330,2,0,5.995,0,0,31,138,1,12,0
26-03 21:26:06,31.805,4.758,61.608,0.250,0,4161064,158740,215420,3368232,14383.098,1622.832,0,705.231,0,65.114,4959,5691,1.710,1.860,1.340,1,0,0,0,0,31,138,1,12,0
26-03 21:26:07,39.107,6.267,53.647,0.501,0,4092380,227316,215420,3368340,18281.010,1536.202,32.088,954.611,1.003,107.294,7327,9945,1.710,1.860,1.340,2,0,36.099,0,0,31,137,1,13,0
26-03 21:26:08,17.240,13.992,67.212,0.250,0,4116092,203568,215420,3368376,16010.960,2386.652,15.991,495.720,0.999,40.977,4717,4087,1.710,1.860,1.340,1,0,211.880,0,0,31,137,1,13,0
26-03 21:26:09,24.424,2.991,70.778,0.249,0,4155484,164176,215420,3368376,11546.837,1766.468,0,442.614,0,34.891,2519,2220,1.710,1.860,1.340,1,0,0.997,0,0,31,137,1,13,0
26-03 21:26:10,24.560,4.010,70.673,0.251,0,4157164,162488,215420,3368384,10238.062,1569.843,0,2153.271,0,124.304,3645,4393,1.710,1.860,1.340,1,0,0,0,0,31,138,1,13,0
26-03 21:26:11,19.538,12.274,67.130,0,0.250,4155616,164000,215420,3368404,19784.335,1929.739,0,216.419,0,14.027,4761,3901,1.650,1.840,1.330,1,0,165.320,0,0,31,139,1,12,0
26-03 21:26:12,9.253,20.257,68.775,0.250,0,4151120,168476,215420,3368440,17217.233,1544.559,0,208.075,0,11.004,5855,4523,1.650,1.840,1.330,2,0,306.111,0,0,31,139,1,12,0
26-03 21:26:13,14.269,21.529,62.583,0,0,4139308,180272,215420,3368944,18377.384,1459.937,0,160.213,0,13.017,6711,6530,1.650,1.840,1.330,2,0,303.403,0,0,31,139,1,12,0
26-03 21:26:14,23.472,11.486,63.923,0,0,4125540,194040,215420,3368456,13659.550,1618.051,0,159.808,0,12.984,5355,6423,1.650,1.840,1.330,4,0,85.897,0,0,31,139,1,12,0
26-03 21:26:15,31.253,22.502,45.004,0,0,4178916,140624,215420,3368500,19176.863,1548.150,0,76.007,0,6.001,6531,5063,1.650,1.840,1.330,2,0,366.036,0,0,31,139,1,12,0
26-03 21:26:16,33.428,21.952,42.907,0.249,0,4190844,128452,215420,3368744,13823.085,1454.851,87.810,39.914,0.998,9.978,6205,4737,1.760,1.860,1.340,2,0,316.315,0,0,31,139,1,12,0
26-03 21:26:17,38.184,17.220,43.175,0.499,0,4207188,172840,215424,3309372,10473.845,1617.197,155.730,950.353,10.981,64.888,7686,10269,1.760,1.860,1.340,2,0,217.623,0,0,31,145,1,13,0
26-03 21:26:18,46.218,17.987,34.476,0.500,0,4270548,144860,215424,3275800,10670.534,1456.981,15.989,3417.609,1.999,442.690,6294,8464,1.760,1.860,1.340,8,0,212.851,0,0,33,145,1,13,0
26-03 21:26:19,56.551,26.391,16.840,0,0,4385776,125620,211392,3186776,17790.837,1465.814,128.686,780.159,8.043,49.263,7201,8466,1.760,1.860,1.340,4,0,379.020,0,0,33,151,1,10,0
26-03 21:26:20,56.246,24.748,18.249,0.250,0,4461992,132132,211392,3105808,16872.802,1693.880,4.000,543.961,1.000,22.998,6063,6957,1.760,1.860,1.340,3,0,319.977,0,0,33,151,1,10,0
26-03 21:26:21,55.959,17.737,24.732,0,0,4496076,140648,211392,3064328,17695.143,1456.941,3.997,599.564,0.999,46.966,7926,13558,2.180,1.950,1.370,4,0,169.877,0,0,33,169,1,10,0
26-03 21:26:22,36.288,22.274,39.792,1.251,0,4541488,139856,211392,3021196,13100.827,1459.540,104.110,4.004,2.002,1.001,6557,4850,2.180,1.950,1.370,2,0,364.385,0,0,33,169,1,10,0
26-03 21:26:23,31.733,23.488,43.477,0.250,0,4580080,132548,211392,2990796,85351.425,1619.154,0,839.562,0,35.981,6973,5793,2.180,1.950,1.370,2,0,405.788,0,0,33,169,1,9,0
26-03 21:26:24,22.252,21.252,56.006,0,0,4599260,138988,211392,2966024,14499.453,1458.146,4.000,464.047,1.000,37.004,6957,7126,2.180,1.950,1.370,1,0,307.031,0,0,34,169,1,9,0
26-03 21:26:25,24.687,11.970,62.092,0,0,4606400,131836,211392,2965680,10744.647,1544.069,0,191.512,0,11.970,5096,6176,2.180,1.950,1.370,2,0,121.690,0,0,34,169,1,9,0
26-03 21:26:26,31.535,22.775,44.299,0,0,4637844,170004,211392,2896852,18585.365,1621.777,0,208.228,0,11.012,6396,4867,2.250,1.970,1.380,2,0,355.389,0,0,34,169,1,9,0
26-03 21:26:27,34.433,23.953,40.421,0.250,0,4693312,147824,211392,2864628,18556.829,1455.164,0,379.261,0,26.947,7134,6599,2.250,1.970,1.380,2,0,331.354,0,0,34,175,1,9,0
26-03 21:26:28,48.886,16.295,34.095,0,0,4749772,172528,211404,2785084,9028.084,1462.062,0,541.505,0,25.070,7063,9503,2.250,1.970,1.380,4,0,115.320,0,0,34,187,1,9,0
26-03 21:26:29,31.982,23.986,42.476,0.250,0,4803908,155724,211404,2748604,17961.787,1499.148,0,427.757,0,33.981,6984,6251,2.250,1.970,1.380,3,0,414.764,0,0,34,187,1,9,0
26-03 21:26:30,31.948,23.711,42.681,0.250,0,4856016,141924,211404,2711316,15427.882,1659.299,15.974,227.629,0.998,15.974,6730,5436,2.250,1.970,1.380,5,0,452.264,0,0,34,187,1,9,0
26-03 21:26:31,33.605,24.326,40.377,0.752,0,4902952,132904,211404,2674688,17285.226,2027.360,68.214,1251.927,5.016,82.258,8764,11027,2.310,1.980,1.390,2,0,375.177,0,0,34,209,1,8,0
26-03 21:26:32,14.697,20.924,62.772,0,0,4905992,168120,211404,2637948,13770.001,1452.725,3.986,115.580,0.996,11.957,7139,7071,2.310,1.980,1.390,9,0,353.716,0,0,34,209,1,9,0
26-03 21:26:33,23.555,13.532,61.393,0,0,4907100,166960,211404,2637604,10379.212,1623.788,0,13066.481,0,1068.493,6031,6278,2.310,1.980,1.390,3,0,107.250,0,0,34,209,1,9,0
26-03 21:26:34,43.803,11.514,44.053,0,0,5009204,140000,211404,2565068,19637.569,1459.752,0,400.481,0,35.042,4824,3814,2.310,1.980,1.390,2,0,108.130,0,0,34,213,1,9,0
26-03 21:26:35,46.798,5.974,45.553,0,0,5096052,127164,211404,2494436,17498.393,1451.727,11.948,75.673,1.991,6.970,3672,2396,2.310,1.980,1.390,2,0,0.996,0,0,34,213,1,9,0
26-03 21:26:36,46.191,8.786,37.153,7.782,0.251,5175996,152520,211524,2392700,10399.913,1538.348,666.751,413.707,43.178,30.124,4029,2987,2.280,1.990,1.390,2,1,7.029,0,0,34,213,1,8,0
26-03 21:26:37,34.068,6.963,56.448,0.746,0,5062780,298868,211528,2360552,49022.948,1611.386,107.426,127.319,12.931,4.973,4419,3795,2.280,1.990,1.390,2,0,61.670,0,0,34,217,1,8,0
26-03 21:26:38,39.928,25.204,32.691,0,0,5127836,232796,211532,2361576,14835.192,1455.370,0,507.084,0,35.935,8144,9911,2.280,1.990,1.390,4,0,439.206,0,0,34,223,1,8,0
26-03 21:26:39,41.030,24.669,26.431,7.552,0,5170696,188256,211532,2363264,19329.082,1468.032,1864.742,8183.923,21.144,503.440,7761,18493,2.280,1.990,1.390,3,1,402.752,0,0,34,225,1,9,0
26-03 21:26:40,43.230,24.489,25.988,4.248,0,5186180,168180,211536,2368292,26758.919,1875.153,4090.153,239.892,66.970,10.995,8141,10820,2.280,1.990,1.390,2,0,275.875,0,0,34,227,1,8,0
26-03 21:26:41,57.786,16.760,20.262,4.753,0,5215964,123264,211544,2383348,11532.103,1458.899,14568.974,400.247,176.108,19.012,6159,4854,2.260,1.990,1.400,6,0,145.089,0,0,34,230,1,8,0
26-03 21:26:42,71.029,12.755,5.752,9.754,0,5282624,167036,211548,2277676,18173.399,1458.594,19479.931,4209.714,209.085,225.092,5944,5595,2.260,1.990,1.400,3,0,10.004,0,0,34,230,1,9,0
26-03 21:26:43,55.617,10.226,12.470,20.202,0,5337488,154768,211548,2236912,31250.275,1454.522,23056.867,750.206,310.258,43.895,6284,6251,2.260,1.990,1.400,2,2,16.959,0,0,34,241,1,10,0
26-03 21:26:44,49.612,9.772,6.014,33.576,0,5326384,168024,211576,2235172,17941.633,1623.677,12580.491,1122.542,277.629,38.086,5212,4379,2.260,1.990,1.400,3,1,13.030,0,0,34,240,1,9,0
26-03 21:26:45,64.676,10.987,5.244,17.979,0,5375912,162948,211600,2192232,16366.190,1722.021,18115.180,4486.843,482.446,120.861,6314,6003,2.260,1.990,1.400,3,1,7.991,0,0,34,245,1,9,0
26-03 21:26:46,47.740,19.996,26.994,3.999,0,5392028,156188,211604,2183540,33069.753,1457.681,16916.293,1639.641,184.959,81.982,8417,10080,2.400,2.020,1.410,4,0,270.941,0,0,34,241,1,15,0
26-03 21:26:47,37.035,26.275,30.279,5.255,0,5362548,189616,211604,2181088,15697.976,1621.547,21028.061,860.821,210.201,58.055,7574,7710,2.400,2.020,1.410,5,0,344.328,0,0,34,239,1,15,0
26-03 21:26:48,48.881,17.956,30.925,1.746,0,5414608,150652,211604,2169752,10259.073,1454.466,13515.162,339.176,133.675,19.952,7060,9419,2.400,2.020,1.410,3,0,189.539,0,0,34,239,1,14,0
26-03 21:26:49,52.315,20.776,22.778,3.004,0,5414900,157600,211592,2162860,24201.170,1459.820,13528.866,640.799,135.169,34.042,7222,7595,2.400,2.020,1.410,5,0,258.322,0,0,34,241,1,14,0
26-03 21:26:50,56.499,27.000,10.000,6.000,0,5411932,160652,211592,2163056,20114.728,1619.978,18067.756,555.992,169.998,39.999,6920,6719,2.400,2.020,1.410,3,1,345.995,0,0,34,239,1,14,0
26-03 21:26:51,62.029,21.260,12.006,4.002,0,5479516,150260,211836,2107232,18681.812,1458.688,13486.362,360.170,186.088,13.006,6884,8510,3.010,2.150,1.460,5,0,227.107,0,0,34,241,1,14,0
26-03 21:26:52,65.323,19.021,12.264,2.503,0,5510980,155472,211840,2071032,33145.837,1459.622,16382.207,624.694,168.187,33.037,8077,11506,3.010,2.150,1.460,3,0,188.209,0,0,34,245,1,17,0
26-03 21:26:53,58.228,27.240,11.746,1.749,0,5533332,158040,211840,2046992,80765.311,1457.446,14794.379,3290.750,145.945,348.867,7630,7902,3.010,2.150,1.460,4,0,368.860,0,0,34,243,1,17,0
26-03 21:26:54,67.636,20.965,8.486,2.496,0,5586600,133304,211852,2019652,17051.265,1617.275,15338.152,986.338,155.738,47.919,8204,13032,3.010,2.150,1.460,7,0,203.657,0,0,34,247,1,18,0
26-03 21:26:55,53.231,20.993,21.992,3.749,0,5630308,137188,211852,1973732,16032.423,1457.493,11643.949,431.850,116.959,19.993,7241,8905,3.010,2.150,1.460,4,0,259.910,0,0,34,255,1,18,0
26-03 21:26:56,70.230,14.195,11.207,2.989,0,5662300,131076,211852,1950108,13934.388,1452.412,12224.965,832.796,123.525,77.701,5899,5720,3.090,2.180,1.470,3,1,25.900,0,0,34,261,1,18,0
26-03 21:26:57,71.669,12.985,6.742,7.491,0,5768920,173024,210264,1807500,22558.398,1618.164,20780.416,583.338,216.754,16.981,5622,4607,3.090,2.180,1.470,3,0,14.983,0,0,34,264,1,18,0
26-03 21:26:58,64.697,13.090,10.573,11.580,0,5804452,165584,209648,1780800,21814.676,1468.141,15700.445,833.759,279.934,45.313,8064,11050,3.090,2.180,1.470,4,0,18.125,0,0,34,268,1,22,0
26-03 21:26:59,69.529,11.505,9.754,9.004,0,5830208,151888,209216,1769980,10253.323,1458.615,20436.616,788.332,230.097,52.022,5935,5421,3.090,2.180,1.470,5,0,18.008,0,0,34,271,1,22,0
26-03 21:27:00,53.935,24.720,11.236,9.489,0,5772544,184644,209224,1794880,17695.592,1691.953,24318.579,4958.002,228.723,24.970,6727,5649,3.090,2.180,1.470,4,1,298.639,0,0,34,271,1,21,0
26-03 21:27:01,46.447,30.964,12.985,7.741,0,5809276,135168,209504,1807292,15153.551,1530.238,9792.724,2432.199,144.833,105.878,12074,21332,3.560,2.300,1.510,8,0,339.609,0,0,34,273,1,21,0
26-03 21:27:02,57.000,23.750,19.000,0.500,0,5742176,201564,209504,1808508,18598.134,1532.011,732.005,696.005,17.000,46.000,7478,8757,3.560,2.300,1.510,4,0,265.002,0,0,34,273,1,22,0
26-03 21:27:03,59.302,17.515,18.016,4.254,0.250,5785112,156412,209504,1810244,14682.915,1695.491,2738.409,256.225,30.026,17.015,6115,6239,3.560,2.300,1.510,4,0,105.092,0,0,35,273,1,22,0
26-03 21:27:04,75.365,18.028,3.255,2.253,0,5861800,132956,208588,1759844,9808.964,2079.172,1342.047,1029.571,34.052,143.218,6375,5569,3.560,2.300,1.510,3,2,157.240,0,0,35,278,1,22,0
26-03 21:27:05,77.891,16.673,1.493,3.235,0,5848564,188096,208064,1720180,17761.076,1749.928,1935.074,11753.785,95.559,60.720,7797,9127,3.560,2.300,1.510,5,0,22.894,0,0,35,278,1,23,0
26-03 21:27:06,77.044,11.507,1.001,10.256,0,5960532,142748,203924,1659144,12735.320,1512.870,2745.578,560.322,129.074,48.028,5982,4515,3.600,2.320,1.530,4,0,4.002,0,0,35,278,1,23,0
26-03 21:27:07,81.426,11.024,3.257,5.011,0,5994992,150968,199024,1622484,10236.066,1643.543,905.953,789.702,49.106,37.080,6044,4748,3.600,2.320,1.530,5,0,7.015,0,0,35,283,1,24,0
26-03 21:27:08,79.336,15.267,5.005,0.250,0,5959384,201800,196280,1610440,17785.249,1501.625,912.988,1429.547,32.035,136.147,9124,12212,3.600,2.320,1.530,4,0,75.081,0,0,35,287,1,26,0
26-03 21:27:09,53.476,16.493,27.488,1.000,0,6035908,143316,194172,1595080,23624.453,3495.439,1355.395,20774.725,43.980,1488.336,7363,7363,3.600,2.320,1.530,3,0,156.930,0,0,35,289,1,27,0
26-03 21:27:10,49.025,9.255,39.770,0,0,6040028,150060,192560,1586544,8779265.109,198892.227,256.129,460.232,2.001,29.015,18074,13061,3.600,2.320,1.530,2,0,5.003,0,0,35,290,1,27,0
26-03 21:27:11,48.503,10.198,38.305,0,0,6031336,166988,188424,1583800,11968131.254,250429.598,557.160,656.653,6.965,47.757,21584,18343,3.470,2.320,1.530,2,0,5.970,0,0,35,293,1,27,0
26-03 21:27:12,52.296,21.269,24.522,1.752,0,6002228,191948,188428,1587944,1961703.815,40043.330,2830.497,388.343,31.027,20.018,8908,6771,3.470,2.320,1.530,7,0,268.237,0,0,35,292,1,27,0
26-03 21:27:13,56.873,8.518,34.074,0,0,6074804,137956,187156,1571356,17259.257,2066.461,260.562,469.012,3.006,29.063,4999,4042,3.470,2.320,1.530,4,0,2.004,0,0,35,292,1,27,0
26-03 21:27:14,47.065,5.728,45.073,0.249,0,6091524,138816,185312,1556592,13598.662,1559.882,0,5518.355,0,181.289,5387,5523,3.470,2.320,1.530,11,0,0,0,0,35,292,1,27,0
26-03 21:27:15,28.803,6.011,63.115,0.501,0,6024152,206152,185320,1556624,17083.213,1460.669,4.007,524.959,1.002,43.079,5748,7386,3.470,2.320,1.530,1,0,37.068,0,0,35,298,1,28,0
26-03 21:27:16,27.215,4.494,66.914,0.250,0,6028944,200692,185360,1557252,20247.072,1456.135,463.407,802.972,27.964,73.905,5880,7919,3.430,2.330,1.540,2,0,1.997,0,0,35,303,1,29,0
26-03 21:27:17,26.104,4.267,67.016,0.753,0,6031448,198028,185412,1557360,18061.650,1518.022,16.064,871.457,1.004,77.307,5940,8068,3.430,2.330,1.540,2,0,1.004,0,0,35,306,1,31,0
26-03 21:27:18,27.723,6.743,62.939,0.749,0,6013712,194264,185548,1578716,15316.232,1564.491,111.892,24891.999,11.988,265.744,7830,11191,3.430,2.330,1.540,1,0,20.980,0,0,35,304,1,40,0
26-03 21:27:19,14.957,13.462,66.311,2.991,0,5983268,221384,185596,1581976,10178.030,1453.862,2967.554,17589.934,192.452,59.830,4906,4661,3.430,2.330,1.540,0,1,187.466,0,0,35,304,1,40,0
26-03 21:27:20,20.511,3.502,70.288,4.753,0,6017272,185348,185668,1583936,10056.445,1586.859,1857.005,1116.605,247.134,52.028,2937,3175,3.430,2.330,1.540,0,1,0,0,0,35,304,1,40,0
26-03 21:27:21,14.011,6.005,68.805,8.257,0,6031196,166960,170492,1606400,17875.381,1459.174,30520.554,1553.250,1320.062,26.021,4555,5322,3.240,2.310,1.530,1,0,1.001,0,0,35,306,1,39,0
26-03 21:27:22,15.496,6.498,70.231,5.998,0,6032584,151840,170836,1619748,12932.506,1565.577,6702.189,919.751,1664.550,3.999,4747,5681,3.240,2.310,1.530,1,0,0,0,0,35,306,1,39,0
26-03 21:27:23,15.509,7.004,69.290,6.254,0,6031740,137620,153452,1655704,86858.276,1458.844,34840.167,2493.443,1370.793,32.019,4950,5551,3.240,2.310,1.530,1,0,2.001,0,0,35,306,1,39,0
26-03 21:27:24,25.302,5.010,67.390,1.253,0,6027524,141208,153532,1656248,20409.299,1515.140,296.615,13447.871,44.091,292.606,3661,3330,3.240,2.310,1.530,1,0,10.021,0,0,35,306,1,39,0
26-03 21:27:25,23.534,7.010,64.593,2.504,0,6060432,193132,128472,1604624,18759.042,1568.261,3801.480,3753.411,225.325,425.614,10483,18043,3.240,2.310,1.530,1,0,4.006,0,0,35,308,1,39,0
26-03 21:27:26,24.395,5.227,67.957,0.249,0,6071704,181568,128516,1604872,13942.826,1451.735,43.811,481.920,3.983,32.858,5240,7719,3.140,2.300,1.540,3,0,0.996,0,0,35,308,1,40,0
26-03 21:27:27,24.683,4.737,69.062,0.249,0,6068592,184424,128556,1605088,10291.054,1507.905,95.740,259.296,5.984,26.927,2821,2785,3.140,2.300,1.540,3,0,0,0,0,35,308,1,40,0
26-03 21:27:28,22.023,4.505,68.070,3.253,0,6019272,233204,128596,1605592,9995.264,1513.554,184.189,352.362,29.030,31.032,3367,3248,3.140,2.300,1.540,0,1,30.031,0,0,35,312,1,41,0
26-03 21:27:29,21.382,19.118,53.831,5.031,0,5985512,266424,128824,1605892,17607.400,1563.626,313.933,50603.541,34.211,198.220,6447,6036,3.140,2.300,1.540,2,1,428.639,0,0,35,312,1,41,0
26-03 21:27:30,24.595,3.726,59.623,9.689,0,6035736,216160,128844,1605908,15899.535,1448.845,11.925,13097.242,2.981,55.648,2895,2636,3.140,2.300,1.540,2,0,0,0,0,35,312,1,41,0
26-03 21:27:31,17.861,10.817,70.689,0.755,0,6038168,213684,128844,1605936,21403.033,1618.057,4.025,60.375,1.006,6.038,4347,3610,2.970,2.280,1.530,1,0,129.807,0,0,35,312,1,41,0
26-03 21:27:32,9.983,17.470,68.632,1.997,0,6028576,223116,128868,1606068,13757.385,1509.409,67.883,275.527,3.993,23.959,5738,4867,2.970,2.280,1.530,1,0,262.549,0,0,35,312,1,42,0
26-03 21:27:33,19.449,10.223,67.574,0.249,0,6061500,190116,128880,1606132,19146.145,1454.213,51.865,107.720,3.990,5.984,4121,3601,2.970,2.280,1.530,1,0,123.678,0,0,35,312,1,41,0
26-03 21:27:34,25.483,3.498,68.704,1.499,0,6090392,161192,128928,1606116,15215.840,1510.991,31.979,71.952,7.995,6.995,3215,3097,2.970,2.280,1.530,1,0,0,0,0,35,312,1,41,0
26-03 21:27:35,23.346,3.012,67.780,3.514,0,6072268,179104,129088,1606168,14290.939,1518.262,136.563,160.663,34.141,23.095,4033,4651,2.970,2.280,1.530,2,0,20.083,0,0,35,314,1,41,0
26-03 21:27:36,26.889,8.465,62.989,0,0,6042056,208100,129124,1607348,20778.002,1579.463,19.918,346.566,1.992,26.889,4039,3652,2.730,2.240,1.530,1,0,45.810,0,0,35,314,1,41,0
26-03 21:27:37,30.146,5.527,62.804,0.502,0,6063196,186212,129148,1608072,15123.129,1519.347,64.311,289.399,3.015,22.107,5364,7258,2.730,2.240,1.530,2,0,1.005,0,0,35,314,1,41,0
26-03 21:27:38,31.848,4.230,61.457,0,0,6061860,187852,129208,1607708,9524.612,1451.085,47.772,354.312,2.986,35.829,4641,5334,2.730,2.240,1.530,3,0,0.995,0,0,35,314,1,41,0
26-03 21:27:39,33.003,11.501,48.755,6.751,0,6010316,236112,129284,1610916,16941.601,1566.148,3176.300,356.034,90.009,36.003,5249,9163,2.730,2.240,1.530,1,0,93.009,0,0,35,314,1,42,0
26-03 21:27:40,25.497,3.500,68.492,0,0,6037468,208936,129288,1610936,17115.095,1457.838,0,363.959,0,12.999,3543,3529,2.730,2.240,1.530,1,0,0,0,0,35,314,1,42,0
26-03 21:27:41,24.763,4.752,68.036,0,0,6014772,231368,129300,1611188,19575.274,1554.816,204.107,312.164,15.008,12.006,4099,4304,2.750,2.260,1.530,1,0,34.018,0,0,35,314,1,42,0
26-03 21:27:42,24.986,3.998,69.460,0,0,6065492,180632,129312,1611192,13717.161,1565.106,0,139.920,0,9.994,2861,2437,2.750,2.260,1.530,5,0,1.999,0,0,35,314,1,42,0
26-03 21:27:43,26.804,5.010,67.386,0.251,0.251,6067512,178540,129348,1611228,12934.103,1460.948,8.016,460.930,2.004,31.063,4165,4722,2.750,2.260,1.530,3,0,21.042,0,0,35,318,1,43,0
26-03 21:27:44,25.158,4.982,66.257,0.996,0,5991776,253280,129472,1612100,17384.287,1506.479,657.590,908.670,40.850,111.591,4615,5653,2.750,2.260,1.530,2,0,13.949,0,0,35,316,1,43,0
26-03 21:27:45,26.051,3.006,69.637,0.250,0,6035620,209432,129480,1612096,14081.797,1555.070,0,276.546,0,18.036,2807,2379,2.750,2.260,1.530,1,0,0,0,0,35,316,1,41,0
26-03 21:27:46,26.480,4.497,66.700,0.749,0,6038520,206340,129592,1612176,10195.385,1564.831,39.970,1790.663,3.997,121.909,4703,5692,2.610,2.230,1.530,1,0,0,0,0,35,316,1,42,0
26-03 21:27:47,24.733,4.996,68.951,0,0,6015456,229396,129604,1612172,17040.007,1510.937,0,191.865,0,16.988,3394,3069,2.610,2.230,1.530,1,0,34.975,0,0,35,316,1,42,0
26-03 21:27:48,26.483,3.748,68.456,0,0,6037696,206980,129632,1612320,13411.350,1457.060,15.990,395.745,3.997,22.985,3454,3454,2.610,2.230,1.530,1,0,0,0,0,35,316,1,42,0
26-03 21:27:49,25.685,4.784,68.996,0,0,6008440,236216,129636,1612336,19016.770,1468.562,0,72.522,0,10.072,4008,4227,2.610,2.230,1.530,2,0,27.196,0,0,35,316,1,36,0
26-03 21:27:50,25.597,4.473,68.840,0,0,6020244,224400,129636,1612348,17113.971,1556.719,0,0,0,0,2936,2600,2.610,2.230,1.530,1,0,6.959,0,0,35,316,1,36,0
26-03 21:27:51,26.744,3.249,68.484,0,0,6040136,204504,129636,1612352,9510.789,1511.649,0,2839.340,0,459.893,3379,3142,2.480,2.210,1.530,1,0,0,0,0,35,316,1,36,0
26-03 21:27:52,24.025,6.257,66.820,0.501,0.250,6007424,236884,129720,1612600,16719.639,1459.540,224.237,700.739,10.011,73.077,5005,6013,2.480,2.210,1.530,1,0,40.042,0,0,35,316,1,36,0
26-03 21:27:53,26.279,3.254,68.576,0.250,0,6018764,225544,129748,1612572,49861.546,1459.626,0,320.357,0,24.027,3228,3078,2.480,2.210,1.530,1,0,2.002,0,0,35,316,1,33,0
26-03 21:27:54,25.791,4.006,69.361,0.250,0,6038284,205956,129752,1612636,50820.237,1568.507,16.026,280.448,1.002,23.037,3611,3558,2.480,2.210,1.530,1,0,1.002,0,0,35,318,1,33,0
26-03 21:27:55,23.515,5.754,69.045,0,0.250,6026672,217552,129760,1612644,12963.419,1512.983,0,216.140,0,13.008,4260,4771,2.480,2.210,1.530,1,0,34.022,0,0,35,314,1,33,2
26-03 21:27:56,26.228,2.997,68.692,0.749,0,6073492,170676,129796,1612676,9832.756,1456.779,19.983,5147.684,1.998,156.868,3107,3043,2.360,2.190,1.530,2,0,0,0,0,35,314,1,33,2
26-03 21:27:57,25.758,3.001,68.771,0.250,0,6074448,169716,129804,1612672,22237.860,1620.500,0,188.058,0,11.003,3918,4291,2.360,2.190,1.530,2,0,0,0,0,35,316,1,32,2
26-03 21:27:58,24.501,5.750,67.752,0.500,0,6021972,221772,129928,1612968,20152.642,1620.052,256.008,820.026,13.000,90.003,4691,5286,2.360,2.190,1.530,2,0,40.001,0,0,35,314,1,32,2
26-03 21:27:59,25.268,3.252,70.051,0,0,6064564,179168,129936,1612972,11114.026,1621.171,0,260.188,0,17.012,2786,2585,2.360,2.190,1.530,1,0,0,0,0,35,314,1,32,2
26-03 21:28:00,24.904,3.985,68.736,0.249,0,6063996,179676,129984,1612984,20302.045,1687.520,0,1410.584,0,80.690,4416,5061,2.360,2.190,1.530,2,0,0,0,0,35,315,1,32,2
26-03 21:28:01,24.498,5.750,68.996,0,0,6002660,241000,129996,1612984,14395.089,1693.893,4.000,471.970,1.000,13.999,3476,3229,2.250,2.170,1.520,2,0,33.998,0,0,35,314,1,32,2
26-03 21:28:02,25.276,3.253,69.071,0.250,0,6045492,197932,130016,1613200,17934.525,1695.752,80.083,208.215,5.005,16.017,3487,3665,2.250,2.170,1.520,1,0,0,0,0,35,315,1,29,2
26-03 21:28:03,25.964,4.244,67.157,0.499,0,6047060,196168,130136,1613276,13690.015,1529.878,47.934,734.981,2.996,101.859,4911,6149,2.250,2.170,1.520,2,0,0.999,0,0,35,314,1,29,2
26-03 21:28:04,24.525,5.756,68.570,0,0,6045248,197964,130144,1613284,17344.808,1695.741,0,192.197,0,12.012,3343,2998,2.250,2.170,1.520,2,0,40.041,0,0,35,314,1,29,2
26-03 21:28:05,26.221,4.245,67.675,0.250,0,6072340,170860,130148,1613292,13994.578,1530.314,0,219.758,0,9.989,3436,3239,2.250,2.170,1.520,1,0,5.993,0,0,35,314,1,29,2
26-03 21:28:06,28.634,5.777,64.552,0.251,0,6014568,228592,130180,1613300,10830.718,1507.057,0,446.089,0,48.226,4648,5130,2.230,2.170,1.530,1,0,34.160,0,0,35,314,1,26,2
26-03 21:28:07,23.909,3.985,69.983,0,0,6062708,180448,130188,1613296,12578.965,1687.556,0,179.315,0,8.966,2833,2692,2.230,2.170,1.530,2,0,0,0,0,35,314,1,26,2
26-03 21:28:08,25.599,4.267,69.017,0.251,0,6074840,168220,130272,1613308,19332.885,1505.833,48.187,1232.775,3.012,91.354,3621,4044,2.230,2.170,1.530,1,0,1.004,0,0,35,316,1,26,2
26-03 21:28:09,23.631,5.970,66.665,0.497,0,6000244,242452,130404,1613540,14233.405,1882.531,143.279,736.296,5.970,95.520,5027,6150,2.230,2.170,1.530,2,0,40.795,0,0,35,314,1,26,2
26-03 21:28:10,25.993,3.749,69.232,0,0,6046204,196364,130404,1613668,18760.085,1457.618,0,183.952,0,11.997,2969,2958,2.230,2.170,1.530,3,0,0,0,0,35,314,1,21,2
26-03 21:28:11,25.896,3.268,69.643,0.251,0,6064836,177716,130416,1613672,13701.275,1540.689,0,176.998,0,9.051,3295,3494,2.130,2.150,1.520,1,0,0,0,0,35,316,1,21,2
26-03 21:28:12,24.653,5.478,67.983,0.249,0,5981064,261096,130576,1613904,18592.894,1613.655,15.937,4609.874,0.996,275.915,4571,5598,2.130,2.150,1.520,6,0,33.867,0,0,35,314,1,21,2
26-03 21:28:13,25.241,3.499,69.475,0,0,6026824,215288,130592,1613936,15706.437,1457.484,15.994,147.948,2.999,8.997,2875,2588,2.130,2.150,1.520,1,0,1.000,0,0,35,314,1,21,2
26-03 21:28:14,27.107,3.514,69.272,0.251,0,6043096,198996,130604,1613944,9608.797,1463.758,0,128.505,0,14.055,3399,3518,2.130,2.150,1.520,2,0,0,0,0,35,316,1,22,2
26-03 21:28:15,24.391,5.476,67.200,0.498,0,6022172,219600,130672,1614196,17584.400,1612.791,223.003,609.277,7.964,69.689,4839,5654,2.130,2.150,1.520,1,0,39.822,0,0,35,314,1,22,2
26-03 21:28:16,25.526,4.004,68.571,0.250,0,6063908,177864,130700,1614168,14487.008,1459.512,0,288.299,0,25.026,3040,2898,2.040,2.130,1.520,1,0,0,0,0,35,314,1,23,2
26-03 21:28:17,25.808,3.508,69.155,0,0,6060936,180804,130700,1614200,10064.585,1461.279,0,2734.135,0,358.805,3460,3510,2.040,2.130,1.520,5,0,0,0,0,35,316,1,23,2
26-03 21:28:18,28.538,6.509,63.586,0.250,0,6027000,214532,130728,1614380,17829.004,1459.966,36.049,568.766,3.004,29.039,4321,4627,2.040,2.130,1.520,1,0,34.046,0,0,35,312,1,15,4
26-03 21:28:19,28.645,4.733,65.511,0,0,6067740,173788,130732,1614380,13912.189,1687.836,0,243.112,0,13.949,3052,2544,2.040,2.130,1.520,2,0,0.996,0,0,35,312,1,15,4
26-03 21:28:20,26.028,4.004,68.074,0,0,6062100,179376,130772,1614392,19649.453,1459.594,0,784.857,0,49.054,4266,4897,2.040,2.130,1.520,1,0,0,0,0,35,313,1,15,4
26-03 21:28:21,24.460,5.741,68.138,0.749,0,6023448,217728,130872,1614592,13585.711,1455.612,191.686,654.925,7.987,73.879,4142,4622,1.960,2.110,1.520,1,0,39.934,0,0,35,312,1,15,4
26-03 21:28:22,25.471,3.496,69.420,0,0,6066956,174184,130888,1614612,9986.534,1456.328,0,175.798,0,9.989,3033,2777,1.960,2.110,1.520,3,0,0,0,0,35,313,1,11,4
26-03 21:28:23,26.404,4.023,68.649,0.251,0,6062088,179016,130948,1614588,86401.370,1629.474,16.094,1098.386,1.006,73.427,4515,5144,1.960,2.110,1.520,1,0,2.012,0,0,35,312,1,12,4
26-03 21:28:24,24.460,5.491,68.139,0.250,0,6018080,222912,130984,1614664,14164.010,1455.637,95.844,295.520,2.995,28.953,3542,3499,1.960,2.110,1.520,4,0,34.943,0,0,35,312,1,12,4
26-03 21:28:25,26.420,3.739,68.792,0.249,0,6046336,194564,131004,1614736,13793.290,1453.604,0,167.494,0,11.964,3408,3539,1.960,2.110,1.520,2,0,0,0,0,35,312,1,12,4
26-03 21:28:26,25.506,4.001,67.515,0.500,0,6022772,217904,131128,1614836,21798.959,1620.369,48.011,684.156,3.001,85.019,4670,5697,1.880,2.090,1.510,1,0,1.000,0,0,35,312,1,11,4
26-03 21:28:27,23.497,5.749,69.740,0,0,6026696,213976,131136,1614832,13292.181,1457.800,0,367.950,0,51.993,3155,2980,1.880,2.090,1.510,2,0,38.995,0,0,35,312,1,11,4
26-03 21:28:28,26.250,3.250,69.250,0.250,0,6049256,191336,131204,1614848,17174.956,1457.996,0,1315.997,0,79.000,3448,3586,1.880,2.090,1.510,2,0,0,0,0,35,312,1,11,4
26-03 21:28:29,24.733,4.997,68.454,0,0,5978672,261900,131216,1614856,16658.688,1498.982,0,179.878,0,14.990,4274,4747,1.880,2.090,1.510,2,0,33.977,0,0,35,312,1,11,4
26-03 21:28:30,24.257,3.751,71.021,0,0,6030544,210016,131224,1614860,9069.735,1620.489,0,96.029,0,7.002,2656,2564,1.880,2.090,1.510,1,0,0,0,0,35,312,1,10,4
26-03 21:28:31,25.302,3.006,70.394,0.251,0,6042612,197932,131236,1614864,19687.320,1503.078,0,120.246,0,14.029,3440,3655,1.810,2.080,1.510,3,0,0,0,0,35,314,1,10,4
26-03 21:28:32,24.562,5.514,67.419,0.752,0,6026052,214316,131320,1614956,13208.093,1461.662,64.161,2566.430,4.010,391.982,5024,6053,1.810,2.080,1.510,1,0,34.085,0,0,35,312,1,12,4
26-03 21:28:33,25.713,3.994,69.651,0.250,0,6032024,208296,131332,1614992,17985.331,1455.922,31.954,227.675,1.997,18.973,3001,2689,1.810,2.080,1.510,1,0,0.999,0,0,35,312,1,12,4
26-03 21:28:34,26.254,4.001,68.011,0.250,0,6044676,195456,131388,1615124,14439.336,1458.236,0,1092.177,0,70.011,4181,4829,1.810,2.080,1.510,1,0,0,0,0,35,314,1,12,4
26-03 21:28:35,22.042,8.516,68.128,0.250,0,6028704,211368,131420,1615152,18188.289,1623.060,0,380.718,0,38.072,4443,4506,1.810,2.080,1.510,1,0,86.162,0,0,35,312,1,12,4
26-03 21:28:36,26.226,4.496,67.437,0.250,0,6045984,193980,131480,1615200,13969.033,1530.579,63.941,367.659,3.996,45.957,3309,3296,1.750,2.060,1.510,3,0,1.998,0,0,35,312,1,12,4
26-03 21:28:37,30.011,5.002,64.023,0,0,5999900,240020,131492,1615232,9779.574,1458.533,0,160.059,0,10.004,3802,3808,1.750,2.060,1.510,3,0,16.006,0,0,35,312,1,12,4
26-03 21:28:38,26.615,5.970,65.667,0.249,0,6047200,191540,131512,1616392,9851.113,1450.654,0,246.750,0,24.874,3651,3686,1.750,2.060,1.510,1,0,31.839,0,0,35,312,1,12,4
26-03 21:28:39,33.447,6.790,58.595,0,0,6083796,156072,131528,1618108,18633.834,1629.605,0,221.304,0,19.113,4366,9226,1.750,2.060,1.510,5,0,35.208,0,0,35,312,1,12,4
26-03 21:28:40,24.621,6.964,66.402,0.249,0,5983500,256244,131540,1615360,14715.955,2079.115,15.917,191.000,0.995,10.943,6410,12959,1.750,2.060,1.510,0,0,71.625,0,0,35,313,1,16,4
26-03 21:28:41,7.737,1.747,88.107,0,0,5984900,254760,131548,1615420,21162.660,2591.794,0,151.754,0,9.984,2641,3017,1.610,2.020,1.500,1,0,0,0,0,35,314,1,18,4
26-03 21:28:42,5.755,1.501,91.335,0.500,0,5984828,254760,131576,1615464,18902.638,2349.192,0,232.217,0,20.019,2402,3012,1.610,2.020,1.500,1,0,2.002,0,0,35,314,1,17,4
26-03 21:28:43,4.519,1.757,91.881,0,0,5985068,254508,131600,1615452,35370.777,3304.713,0,212.883,0,18.075,2067,2655,1.610,2.020,1.500,0,0,1.004,0,0,35,313,1,17,5
26-03 21:28:44,3.734,1.742,92.840,0,0,5985044,254256,131608,1615720,276484.830,10065.579,0,131.420,0,9.956,2204,2546,1.610,2.020,1.500,0,0,0,0,0,35,313,1,17,4
26-03 21:28:45,15.031,4.008,78.911,0.251,0,6013152,225540,131632,1616304,628473.081,17162.958,256.522,264.539,2.004,14.029,3373,3021,1.610,2.020,1.500,2,0,5.010,0,0,35,313,1,18,2
26-03 21:28:46,24.470,5.993,67.417,0.499,0,6055012,182760,131700,1617156,1040225.937,19913.533,543.332,635.220,4.994,55.931,4595,4196,1.640,2.020,1.500,1,0,5.993,0,0,35,313,1,19,2
26-03 21:28:47,13.500,3.500,81.749,0,0,6052404,183876,131700,1618648,1461621.716,32869.409,255.995,4.000,2.000,1.000,4319,3836,1.640,2.020,1.500,0,0,1.000,0,0,35,313,1,17,2
26-03 21:28:48,4.252,1.501,90.288,0.250,0,6046044,188532,131712,1620340,2006415.449,45173.260,4.002,2156.920,1.000,366.156,4770,4064,1.640,2.020,1.500,1,0,0,0,0,35,313,1,17,2
26-03 21:28:49,6.249,2.250,89.483,0,0,6038968,193204,131724,1622732,2414282.626,51452.061,0,4631.105,0,66.987,4458,3905,1.640,2.020,1.500,0,0,0,0,0,35,313,1,17,2
26-03 21:28:50,6.250,2.250,89.500,0,0.250,6031404,198000,131732,1625492,2979987.876,65685.711,0,60.000,0,6.000,5104,4849,1.640,2.020,1.500,0,0,0,0,0,35,313,1,17,2
26-03 21:28:51,5.496,1.999,89.943,0.250,0,6024648,201572,131736,1628672,3547342.924,81246.214,0,63.959,0,5.996,6724,5298,1.510,1.990,1.490,0,0,0,0,0,35,313,1,17,2
26-03 21:28:52,5.002,2.501,89.043,0,0.250,6017000,205292,131736,1632584,4109225.209,94029.083,0,0,0,0,7612,6058,1.510,1.990,1.490,0,0,0,0,0,35,313,1,17,2
26-03 21:28:53,7.503,2.251,87.034,0,0,6013460,204512,131768,1636872,4743149.716,104535.317,16.006,272.108,1.000,24.009,7356,7078,1.510,1.990,1.490,0,0,2.001,0,0,35,313,1,17,2
26-03 21:28:54,6.503,2.751,87.790,0,0,6011060,202380,131780,1641376,4721833.800,105094.271,84.039,21109.696,2.001,47.022,7651,6494,1.510,1.990,1.490,0,0,1.000,0,0,35,313,1,17,2
26-03 21:28:55,6.482,2.992,86.012,0,0,6005612,202380,131804,1646800,5798882.884,124134.400,15.956,426.819,0.997,36.898,11148,8930,1.510,1.990,1.490,0,0,0,0,0,35,313,1,17,2
26-03 21:28:56,7.492,3.246,85.655,0.499,0,6001940,200124,131860,1652656,6176643.095,135262.169,79.911,331.633,4.994,31.965,11031,9194,1.390,1.960,1.490,0,0,0,0,0,35,313,1,17,2
26-03 21:28:57,6.046,3.527,87.168,0.252,0,6000136,195780,131880,1658768,6804503.634,143449.904,0,133.020,0,11.085,10002,8726,1.390,1.960,1.490,1,0,0,0,0,35,313,1,17,2
26-03 21:28:58,7.735,2.994,85.583,0.250,0,5994408,194532,131896,1665696,7286497.454,165672.941,0,267.478,0,15.969,12918,9845,1.390,1.960,1.490,0,0,0,0,0,35,313,1,17,2
26-03 21:28:59,5.761,2.755,87.913,0,0,5991808,189992,131904,1672828,7712438.114,177356.480,0,44.082,0,5.009,11671,11007,1.390,1.960,1.490,1,0,0,0,0,35,313,1,17,2
26-03 21:29:00,6.225,3.486,85.657,0,0,5986232,187724,131916,1680644,8371195.944,183110.284,3.984,39.840,0.996,3.984,12407,10325,1.390,1.960,1.490,0,0,1.992,0,0,35,313,0,17,2
26-03 21:29:01,6.522,3.763,87.550,0,0,5986164,179908,131916,1688512,8498005.957,191813.849,0,4.014,0,1.003,10843,11838,1.270,1.920,1.480,1,0,0,0,0,35,313,0,17,2
26-03 21:29:02,7.243,2.997,86.422,0,0,5983964,173860,131916,1696728,8842402.749,196639.267,0,3.996,0,0.999,12520,12054,1.270,1.920,1.480,1,0,0,0,0,35,313,0,18,2
26-03 21:29:03,6.010,3.756,86.397,0,0,5979976,169320,131924,1705248,9252731.915,213804.781,0,144.245,0,6.010,13611,12794,1.270,1.920,1.480,1,0,1.002,0,0,35,313,0,17,2
26-03 21:29:04,6.498,2.499,86.968,0,0,5973832,167848,131932,1712840,8144755.970,183836.512,0,55.979,0,5.998,11013,9925,1.270,1.920,1.480,0,0,0,0,0,35,313,0,17,2
26-03 21:29:05,7.002,4.001,84.518,0.500,0,5975672,157268,131940,1721556,9437368.121,204362.048,0,96.021,0,9.002,12774,13178,1.270,1.920,1.480,1,0,6.001,0,0,35,313,0,17,2
26-03 21:29:06,6.752,3.751,84.772,0.250,0,5967952,156604,132020,1729828,8899990.507,194060.031,48.012,732.189,2.001,63.016,12434,12863,1.250,1.910,1.470,0,0,0,0,0,35,313,0,17,2
26-03 21:29:07,9.750,5.000,82.502,0,0,5979124,155388,124204,1728004,8943333.646,201116.782,0,84.002,0,6.000,14391,12319,1.250,1.910,1.470,0,0,0,0,0,35,313,0,17,2
26-03 21:29:08,6.718,3.732,85.598,0,0,5970140,156024,124236,1736304,8757499.800,191697.417,15.925,258.784,0.995,22.892,12265,12156,1.250,1.910,1.470,0,0,0.995,0,0,35,313,0,17,2
26-03 21:29:09,5.768,2.759,85.770,0,0,5964392,153540,124260,1744512,8841316.362,198560.099,48.151,1388.364,1.003,269.848,13503,12301,1.250,1.910,1.470,0,0,1.003,0,0,35,313,0,17,2
26-03 21:29:10,6.236,2.993,86.800,0.249,0,5959952,149608,124272,1752824,8869499.689,203456.136,0,16737.347,0,74.827,11817,12724,1.250,1.910,1.470,1,0,0,0,0,35,313,0,17,2
26-03 21:29:11,7.276,2.760,86.308,0.251,0,5960696,140532,124296,1761100,8927251.151,199466.360,16.057,228.817,1.004,22.079,13634,12379,1.310,1.910,1.480,2,0,0,0,0,35,313,0,17,2
26-03 21:29:12,6.236,3.492,86.561,0,0,5962944,179644,115244,1730416,8875056.211,201658.676,0,195.574,0,12.972,11378,12069,1.310,1.910,1.480,1,0,0,0,0,35,313,0,17,2
26-03 21:29:13,6.516,3.509,85.713,0,0,5973652,160640,115260,1738680,8907182.088,197091.612,0,332.827,0,24.060,14211,12258,1.310,1.910,1.480,0,0,1.002,0,0,35,313,0,17,2
26-03 21:29:14,5.708,2.482,87.102,0,0,5973872,152084,115260,1746984,8883908.931,201648.624,0,39.705,0,3.970,11282,12531,1.310,1.910,1.480,2,0,0,0,0,35,313,0,17,2
26-03 21:29:15,8.061,3.779,85.647,0.252,0,5964600,153120,115284,1755180,8930499.927,207268.919,16.122,142447.505,1.008,205.552,12773,12807,1.310,1.910,1.480,0,0,0,0,0,35,313,0,16,2
26-03 21:29:16,5.989,3.244,85.588,0.749,0,5965020,144340,115416,1763408,8870353.098,203839.825,31.939,2970.373,1.996,172.673,13498,13539,1.370,1.910,1.480,0,0,0,0,0,35,313,0,17,2
26-03 21:29:17,6.264,3.257,87.940,0,0,5964684,156392,114088,1753580,8925677.669,212661.330,0,112.242,0,8.017,14002,12908,1.370,1.910,1.480,1,0,0,0,0,35,313,0,17,2
26-03 21:29:18,6.988,2.745,85.859,0,0,5965896,166584,112824,1744060,8892017.764,204508.988,3.993,139.770,0.998,14.975,12753,11409,1.370,1.910,1.480,2,0,0,0,0,35,313,0,17,2
26-03 21:29:19,5.488,3.243,86.314,0.249,0,5965024,159136,112840,1752348,8881205.626,200381.312,0,55.879,0,5.987,13008,12230,1.370,1.910,1.480,1,0,0,0,0,35,313,0,15,1
26-03 21:29:20,6.761,3.255,86.646,0,0,5964944,151068,112840,1760496,8932407.077,206146.271,0,697.171,0,144.242,12415,12027,1.370,1.910,1.480,1,0,0,0,0,35,313,0,15,1
26-03 21:29:21,6.223,2.987,85.884,0,0,5965452,162304,111572,1750740,8903395.682,214582.293,0,75.678,0,5.975,11618,12739,1.260,1.880,1.470,0,0,0,0,0,35,313,0,15,1
26-03 21:29:22,6.511,3.005,86.150,0,0,5965472,153988,111572,1759020,8942508.433,214153.237,0,0,0,0,11551,12280,1.260,1.880,1.470,0,0,0,0,0,35,313,0,15,1
26-03 21:29:23,6.742,4.245,85.147,0,0,5964384,165576,110252,1750328,8926927.928,215266.504,31.961,343.586,1.998,31.961,12201,13223,1.260,1.880,1.470,1,0,1.998,0,0,35,313,0,14,1
26-03 21:29:24,7.027,2.761,86.582,0.251,0,5964968,157252,110268,1758036,8449171.787,187869.595,32.123,84.323,2.008,9.035,11638,10351,1.260,1.880,1.470,0,0,1.004,0,0,35,313,0,14,1
26-03 21:29:25,6.705,3.229,85.930,0,0,5964880,149188,110268,1766172,8673106.530,199456.139,0,19.868,0,2.980,11272,11569,1.260,1.880,1.470,0,0,0,0,0,35,313,0,14,1
26-03 21:29:26,6.793,3.774,85.289,0,0,5965536,186040,103236,1737324,9242826.581,213459.059,0,257.628,0,26.165,12157,12894,1.160,1.850,1.460,0,0,0,0,0,35,313,0,14,1
26-03 21:29:27,6.244,2.748,87.921,0,0,5965428,177748,103236,1745708,8878827.331,198983.884,0,0,0,0,11061,11429,1.160,1.850,1.460,1,0,0,0,0,35,313,0,14,1
26-03 21:29:28,6.745,3.247,85.433,0,0.250,5965756,169112,103236,1753984,8911468.047,212953.442,0,7.994,0,0.999,11733,12452,1.160,1.850,1.460,1,0,0,0,0,35,313,0,14,1
26-03 21:29:29,6.490,3.494,86.114,0.250,0,5965972,160544,103252,1762304,8886897.340,213591.771,0,275.564,0,16.973,12148,12467,1.160,1.850,1.460,0,0,0,0,0,35,313,0,14,1
26-03 21:29:30,6.533,3.015,87.185,0.251,0.251,5966268,152228,103260,1770300,8862882.316,190829.129,0,36.180,0,4.020,11892,11637,1.160,1.850,1.460,0,0,0,0,0,35,313,0,14,1
26-03 21:29:31,5.722,2.737,86.578,0,0,5965624,162280,98016,1766756,8750291.954,196940.671,0,0,0,0,12553,12482,1.060,1.820,1.460,0,0,0,0,0,35,313,0,14,1
26-03 21:29:32,6.258,3.004,86.856,0,0,5966424,153220,98016,1775000,8886574.909,195937.535,0,4.005,0,1.001,12490,11900,1.060,1.820,1.460,1,0,0,0,0,35,313,0,15,1
26-03 21:29:33,7.269,3.509,86.224,0.251,0.251,5966432,163852,97520,1765100,8931525.852,203653.588,12.031,96.250,2.005,6.016,12862,11892,1.060,1.820,1.460,1,0,1.003,0,0,35,313,0,15,1
26-03 21:29:34,6.257,3.003,86.100,0.250,0,5966268,155788,97540,1773292,8876142.329,204620.576,0,124.144,0,10.012,11441,12090,1.060,1.820,1.460,2,0,0,0,0,35,313,0,15,1
26-03 21:29:35,6.501,3.751,86.265,0,0,5965508,166932,97284,1763408,8875962.562,206579.692,0,12422.146,0,41.007,13093,12259,1.060,1.820,1.460,1,0,0,0,0,35,313,0,15,1
26-03 21:29:36,7.753,3.502,85.787,0,0,5966788,157352,97320,1771668,8895387.176,211956.979,16.007,316.136,1.000,23.010,13626,12568,0.980,1.790,1.450,1,0,0,0,0,35,313,0,12,1
26-03 21:29:37,10.938,4.972,78.802,0,0,5978540,173060,96620,1745464,8823918.057,210339.814,0,8364.432,0,39.774,13642,12094,0.980,1.790,1.450,1,0,3.977,0,0,35,313,0,12,1
26-03 21:29:38,8.291,3.769,83.412,0.251,0,5976480,167568,96648,1752972,8378266.928,194670.492,16.080,8510.076,1.005,35.174,12723,10636,0.980,1.790,1.450,1,0,1.005,0,0,35,313,0,12,1
26-03 21:29:39,9.469,4.485,80.984,0,0,5967256,186296,96412,1744056,9415801.056,206375.945,15.948,8340.597,0.997,24.918,14669,13385,0.980,1.790,1.450,0,0,0.997,0,0,35,313,0,12,1
26-03 21:29:40,14.747,5.499,76.236,0.500,0,5968996,195200,96176,1733968,7767472.042,171845.160,39.993,5491.015,2.999,242.956,12553,17967,0.980,1.790,1.450,2,0,35.994,0,0,35,313,0,10,1
26-03 21:29:41,7.005,4.503,84.813,0,0,5968004,187456,96196,1742684,9370495.936,200638.725,0,170874.662,0,204.151,14235,12761,0.900,1.760,1.440,0,0,0,0,0,35,313,0,10,1
26-03 21:29:42,6.493,2.497,86.662,0,0,5969036,178132,96196,1750976,8939123.482,193482.518,0,0,0,0,13328,12136,0.900,1.760,1.440,0,0,1.998,0,0,35,313,0,10,1
26-03 21:29:43,10.750,5.500,80.749,0.250,0.250,5970208,168560,96196,1759376,8894291.978,197788.931,75.999,4.000,7.000,1.000,15877,15220,0.900,1.760,1.440,0,0,2.000,0,0,35,313,0,10,1
26-03 21:29:44,8.031,3.012,84.831,0,0,5970324,159992,96196,1767828,8995221.354,193461.899,16.063,32.126,1.004,3.012,12774,12432,0.900,1.760,1.440,1,0,0,0,0,35,313,0,8,1
26-03 21:29:45,16.916,4.727,72.641,1.741,0.249,5999404,159912,95456,1740328,8709398.556,197970.435,350.270,195.037,6.966,11.941,16544,12830,0.900,1.760,1.440,1,0,2.985,0,0,35,313,0,8,1
26-03 21:29:46,26.858,6.526,63.254,0.251,0,6009448,168752,94736,1722608,8700725.157,195548.695,281.128,236.951,5.020,21.085,15970,12407,1.550,1.880,1.480,5,0,5.020,0,0,35,313,0,9,1
26-03 21:29:47,19.155,6.219,69.656,0,0,6002664,173432,94548,1725304,9155530.373,201299.136,509.482,3.980,3.980,0.995,12615,12057,1.550,1.880,1.480,1,0,3.980,0,0,35,313,0,9,1
26-03 21:29:48,7.290,3.268,87.231,0,0,5999208,168444,94580,1733732,8926513.724,204158.976,4.022,414.283,1.006,23.127,12460,12304,1.550,1.880,1.480,0,0,0,0,0,35,313,0,7,1
26-03 21:29:49,5.993,3.496,86.155,0,0,5997540,161748,94604,1742072,8854171.855,197197.160,3.996,123.864,0.999,14.984,11538,12028,1.550,1.880,1.480,1,0,0,0,0,35,313,0,7,1
26-03 21:29:50,5.247,2.499,87.208,0,0,5986336,164848,94604,1750176,8901490.338,200424.807,0,23.988,0,1.999,12557,11978,1.550,1.880,1.480,1,0,0,0,0,35,313,0,7,1
26-03 21:29:51,5.986,3.242,87.040,0,0,5974008,187704,94104,1740492,8846871.988,205794.523,0,1221.060,0,229.448,12156,12631,1.420,1.850,1.470,0,0,0,0,0,35,313,0,7,1
26-03 21:29:52,6.281,2.763,87.426,0,0,5973808,179888,94104,1748600,8873888.741,202210.380,0,0,0,0,11184,11912,1.420,1.850,1.470,1,0,0,0,0,35,313,0,7,1
26-03 21:29:53,6.233,3.490,85.511,0.249,0,5973272,172072,94144,1756912,8884859.290,189584.697,23.933,331.076,2.992,23.933,11679,11852,1.420,1.850,1.470,0,0,1.994,0,0,35,313,0,7,1
26-03 21:29:54,6.990,3.245,84.626,0.250,0.250,5973176,164008,94164,1765052,8912773.661,189227.543,15.977,139.796,0.999,14.978,11915,11463,1.420,1.850,1.470,2,0,0.999,0,0,35,313,0,7,1
26-03 21:29:55,5.751,3.751,85.771,0,0,5972976,174652,93724,1755316,8901107.572,199143.645,0,216.052,0,14.003,11818,12206,1.420,1.850,1.470,1,0,0,0,0,35,313,0,7,1
26-03 21:29:56,6.518,2.758,86.242,0,0,5971728,167596,93764,1763580,8896619.488,201360.669,24.067,220.619,3.008,21.059,13761,12337,1.310,1.820,1.460,0,0,0,0,0,35,313,0,7,1
26-03 21:29:57,5.998,3.249,87.468,0,0,5969756,161288,93764,1771860,8917746.778,206514.339,0,0,0,0,12558,12455,1.310,1.820,1.460,1,0,0,0,0,35,313,0,7,1
26-03 21:29:58,6.259,2.754,86.123,0,0,5969676,171660,93780,1761892,8854504.249,202642.252,0,192.274,0,11.016,11349,12374,1.310,1.820,1.460,1,0,0,0,0,35,313,0,7,1
26-03 21:29:59,5.978,2.491,87.674,0,0,5969432,164096,93788,1769692,8289412.412,178074.637,0,43.837,0,4.981,10649,11110,1.310,1.820,1.460,1,0,0,0,0,35,313,0,7,1
26-03 21:30:00,6.269,2.758,86.511,0,0,5968564,175112,93788,1759756,8887118.647,191521.718,0,0,0,0,10909,12021,1.310,1.820,1.460,1,0,0,0,0,35,313,0,7,1
26-03 21:30:01,6.734,4.240,83.549,2.245,0,5970184,165328,93792,1767900,8625592.595,183294.797,179.568,8343.916,10.974,52.873,13295,11620,1.200,1.790,1.460,0,0,1.995,0,0,35,313,0,7,1
26-03 21:30:02,6.239,4.742,84.107,0.250,0,5970876,174532,93796,1758208,9111792.998,199503.720,0,169652.337,0,239.594,12264,12739,1.200,1.790,1.460,0,0,0,0,0,35,313,0,8,1
26-03 21:30:03,6.013,3.007,86.944,0,0,5970972,166472,93804,1766164,8730609.032,184937.698,0,136.305,0,6.013,11578,11301,1.200,1.790,1.460,0,0,1.002,0,0,35,313,0,8,1
26-03 21:30:04,8.767,4.509,82.412,0.751,0,5990380,208808,93832,1705172,9004832.953,197719.099,8.016,236.465,2.004,17.034,12816,12517,1.200,1.790,1.460,1,0,1.002,0,0,35,313,0,8,1
26-03 21:30:05,7.242,3.996,84.907,0,0,5990456,200272,93832,1713632,8933160.350,197136.139,0,11.987,0,2.997,11791,11964,1.200,1.790,1.460,0,0,5.993,0,0,35,313,0,8,1
26-03 21:30:06,7.503,3.001,86.033,0,0.250,5988864,193796,93876,1721656,8630211.377,187835.549,16.006,352.134,1.000,32.012,11466,11554,1.110,1.760,1.450,1,0,0,0,0,35,313,0,8,1
26-03 21:30:07,8.742,4.496,81.928,0,0,6003468,188056,93884,1712996,9071999.492,194826.678,0,1270.882,0,235.793,12870,12283,1.110,1.760,1.450,1,0,0,0,0,35,313,0,8,1
26-03 21:30:08,6.001,3.501,86.013,0.250,0,6001136,182064,93916,1721288,8903721.714,194303.323,16.002,276.042,1.000,23.003,13591,12180,1.110,1.760,1.450,0,0,0,0,0,35,313,0,8,1
26-03 21:30:09,6.262,3.006,86.918,0,0,5998848,176296,93928,1729332,8846903.574,190354.267,0,96.186,0,11.021,13866,12027,1.110,1.760,1.450,1,0,0,0,0,35,313,0,8,1
26-03 21:30:10,6.246,2.748,86.946,0,0,5997472,169240,93944,1737748,8884301.775,198990.716,0,219.864,0,13.991,11679,12441,1.110,1.760,1.450,1,0,0,0,0,35,313,0,8,1
26-03 21:30:11,5.993,2.497,86.397,0,0,5992244,166400,93952,1745808,8767065.123,188384.424,0,63.923,0,7.990,11631,11388,1.340,1.790,1.460,1,0,0,0,0,35,313,0,8,1
26-03 21:30:12,6.003,3.001,87.543,0,0,5991152,176600,93952,1736780,8908423.530,196994.780,0,36.018,0,1.000,11254,12145,1.340,1.790,1.460,0,0,0,0,0,35,313,0,8,1
26-03 21:30:13,5.984,2.244,87.517,0,0,5990696,169048,93952,1744788,8804331.909,192779.967,0,15.957,0,1.995,12166,12551,1.340,1.790,1.460,1,0,0.997,0,0,35,313,0,8,1
26-03 21:30:14,5.518,2.759,88.035,0,0,5987060,181964,93960,1735672,8851759.955,192979.674,0,100.325,0,3.010,13810,12714,1.340,1.790,1.460,0,0,0,0,0,35,313,0,8,1
26-03 21:30:15,5.235,2.244,87.504,0,0,5986928,173700,93960,1744080,8910432.427,192747.897,0,3.989,0,0.997,11371,12155,1.340,1.790,1.460,1,0,0,0,0,35,313,0,8,1
26-03 21:30:16,6.515,3.007,86.949,0.501,0,5984812,185020,93984,1734852,8949905.643,198348.403,16.037,316.726,1.002,24.055,12850,12954,1.310,1.780,1.460,1,0,0,0,0,35,313,0,9,1
26-03 21:30:17,5.500,2.250,88.254,0,0,5985088,176560,93984,1743152,8839544.984,196965.024,0,8.000,0,2.000,11081,12376,1.310,1.780,1.460,2,0,0,0,0,35,313,0,8,1
26-03 21:30:18,6.488,2.745,86.837,0.749,0,5984076,186256,93996,1734472,8539640.174,191492.078,738.612,858.387,40.923,172.675,11093,12407,1.310,1.780,1.460,3,0,0,0,0,35,313,0,8,1
26-03 21:30:19,12.979,3.245,78.870,0,0,5982880,178752,94088,1743080,8836585.319,190845.444,319.473,710.828,22.962,60.900,13435,13840,1.310,1.780,1.460,0,0,0,0,0,35,313,0,8,1
26-03 21:30:20,5.237,2.743,87.029,0,0,5981440,171948,94096,1751316,8837861.660,193133.939,0,35.909,0,3.990,11681,12288,1.310,1.780,1.460,0,0,0,0,0,35,313,0,8,1
26-03 21:30:21,6.517,3.008,86.229,0,0,5979676,183232,94096,1741876,8884920.085,194149.678,0,0,0,0,12469,11683,1.210,1.750,1.450,0,0,0,0,0,35,313,0,8,1
26-03 21:30:22,6.256,2.502,86.833,0,0,5979216,175416,94096,1750152,8914647.206,194242.323,0,0,0,0,11550,11814,1.210,1.750,1.450,1,0,0,0,0,35,313,0,8,1
26-03 21:30:23,6.501,3.501,85.514,0.500,0,5980764,183068,94136,1740912,9000496.592,191389.250,0,8657.414,0,78.013,11565,11895,1.210,1.750,1.450,0,0,1.000,0,0,35,313,0,8,1
26-03 21:30:24,7.249,2.999,84.736,0,0,5979000,176624,94180,1749088,8931889.056,195043.071,15.997,12561.879,1.000,45.992,13005,12544,1.210,1.750,1.450,1,0,0,0,0,35,313,0,8,1
26-03 21:30:25,6.016,3.259,86.984,0,0,5979268,186104,94180,1739404,8896784.211,194015.550,0,12361.229,0,32.086,13243,12023,1.210,1.750,1.450,1,0,0,0,0,35,313,0,8,1
26-03 21:30:26,6.744,2.997,85.922,0.250,0,5978560,178288,94212,1747896,8831358.875,195944.498,0,163.852,0,19.982,12073,12438,1.110,1.720,1.440,0,0,0,0,0,35,313,0,8,1
26-03 21:30:27,5.733,2.991,86.002,0,0,5979152,176280,94212,1749312,8825848.842,188855.012,0,12268.596,0,21.937,11211,11095,1.110,1.720,1.440,3,0,0,0,0,35,313,0,8,1
26-03 21:30:28,5.771,5.018,84.301,0.753,0,5978052,180084,94244,1746580,8817649.814,190599.919,0,171407.454,0,384.371,13440,12073,1.110,1.720,1.440,0,0,0,0,0,35,313,0,8,1
26-03 21:30:29,5.742,2.996,86.133,0,0,5978200,171260,94264,1755240,9216682.620,201188.412,0,131.821,0,13.981,12110,12357,1.110,1.720,1.440,1,0,0,0,0,35,313,0,8,1
26-03 21:30:30,7.249,3.500,85.744,0,0,5976928,181904,94264,1745876,8929426.422,196104.217,0,11.999,0,1.000,12457,11520,1.110,1.720,1.440,1,0,0,0,0,35,313,0,8,1
26-03 21:30:31,5.733,2.742,85.746,0,0,5977228,173584,94264,1753896,8614735.502,182725.707,0,0,0,0,11437,10800,1.020,1.690,1.430,0,0,0,0,0,35,313,0,8,1
26-03 21:30:32,8.495,11.992,75.952,0,0,5976012,170924,94300,1757704,4021555.486,92089.275,7.995,235.850,1.999,21.986,9264,8509,1.020,1.690,1.430,1,0,168.892,0,0,35,312,0,9,1
26-03 21:30:33,22.976,6.993,68.180,0.250,0,6022500,177124,94324,1705508,15028.479,1456.496,15.983,143.851,0.999,14.985,3684,3399,1.020,1.690,1.430,2,0,63.934,0,0,35,312,0,8,1
26-03 21:30:34,24.108,4.269,68.055,2.762,0,6049832,183344,94404,1672076,9615.050,1464.557,28.126,317.421,7.031,32.144,3564,3826,1.020,1.690,1.430,1,0,0,0,0,35,322,0,8,1
26-03 21:30:35,21.741,3.748,68.471,3.748,0,6055148,177600,94812,1672096,14496.953,1457.392,487.797,23.990,106.955,3.998,4285,4938,1.020,1.690,1.430,0,1,0,0,0,35,336,0,10,1
26-03 21:30:36,22.181,4.985,64.799,5.234,0,6077572,174784,94972,1652552,22720.681,1615.002,12776.458,677.902,139.568,80.750,6043,7987,1.020,1.680,1.430,1,0,0,0,0,35,336,0,12,1
26-03 21:30:37,33.701,10.815,54.073,0,0,6072752,191220,94988,1643536,14222.945,1466.760,36441.643,197.178,284.700,12.072,9569,13013,1.020,1.680,1.430,3,0,4.024,0,0,35,339,0,15,0
26-03 21:30:38,37.264,11.504,48.018,0.500,0,6064860,278308,95032,1566768,20078.379,1458.536,46257.000,224.082,369.136,23.008,13397,19607,1.020,1.680,1.430,1,0,0,0,0,35,339,0,15,0
26-03 21:30:39,37.943,15.227,42.686,0,0,6097416,183548,94964,1631616,17399.980,1617.581,42121.012,35135.458,334.500,416.377,13264,18794,1.020,1.680,1.430,9,1,0.999,0,0,35,339,0,15,0
26-03 21:30:40,40.298,16.019,41.049,0.751,0,6059564,199668,69852,1692912,20150.234,1459.756,57156.742,136079.662,502.604,430.518,13036,25467,1.020,1.680,1.430,3,0,36.043,0,0,35,339,0,16,0
26-03 21:30:41,35.140,13.209,48.348,0.498,0,6062512,221912,58292,1689116,13493.679,1453.441,59166.432,7.975,780.552,0.997,13488,19759,1.020,1.670,1.430,6,0,0,0,0,35,339,0,15,0
26-03 21:30:42,35.250,18.500,42.250,0,0,6072472,180156,41320,1762672,11218.896,1457.987,65447.396,106495.017,513.995,135.999,13325,19086,1.020,1.670,1.430,3,0,4.000,0,0,35,339,0,15,0
26-03 21:30:43,38.790,13.264,40.292,5.506,0,6071388,195260,21700,1769540,17709.462,1513.578,68123.019,276.288,539.563,26.027,13861,19915,1.020,1.670,1.430,5,1,2.002,0,0,35,339,0,15,0
26-03 21:30:44,31.526,12.510,52.292,0.250,0,6059228,181676,17948,1801600,13730.125,1567.270,59316.063,74928.713,464.376,316.256,12268,17551,1.020,1.670,1.430,1,0,0,0,0,35,339,0,15,0
26-03 21:30:45,32.254,16.502,38.005,9.251,0,6072232,182404,12804,1796720,10074.225,1552.189,60995.419,204664.894,484.059,292.036,12655,18132,1.020,1.670,1.430,2,2,1.000,0,0,35,339,0,13,0
26-03 21:30:46,36.426,10.978,26.197,23.452,0,6051944,429148,11012,1572496,17843.588,1455.031,58440.745,435.112,463.055,27.943,12528,17927,1.180,1.690,1.440,3,5,0,0,0,35,339,0,14,0
26-03 21:30:47,24.287,6.760,25.289,42.565,0,6082108,325696,11544,1645252,13377.523,1514.323,40578.253,560.860,365.561,46.071,8203,11474,1.180,1.690,1.440,6,0,1.002,0,0,35,339,0,14,0
26-03 21:30:48,41.183,16.473,30.700,9.485,0,6106076,250144,10288,1704180,17064.320,1455.639,62598.458,16437.337,569.077,23.961,12455,17311,1.180,1.690,1.440,4,0,0.998,0,0,35,339,0,14,0
26-03 21:30:49,43.133,14.461,23.686,14.960,0,6104232,177416,10320,1779780,13569.268,1561.772,58525.569,165144.947,477.707,250.322,12306,17107,1.180,1.690,1.440,5,0,2.992,0,0,35,339,0,13,0
26-03 21:30:50,36.463,12.071,35.709,13.831,0,6077288,237932,10096,1746684,10703.564,1520.890,54912.975,752.398,434.540,156.917,12152,17220,1.180,1.690,1.440,2,0,3.018,0,0,35,339,0,13,0
26-03 21:30:51,28.619,10.950,33.596,24.637,0,6117952,446336,10148,1497764,16902.577,1451.352,437.994,117258.889,15.927,178.184,5738,6750,1.400,1.730,1.450,0,4,3.982,0,0,35,337,0,15,0
26-03 21:30:52,14.301,3.512,51.934,29.103,0,6040392,523464,10368,1497976,15814.969,1463.178,485.719,650.301,16.057,47.167,2874,3335,1.400,1.730,1.450,0,1,19.067,0,0,35,334,0,17,0
26-03 21:30:53,11.940,7.711,66.415,11.442,0.249,6051956,510164,11668,1498412,75586.653,1558.139,1771.065,159.197,70.644,19.900,3717,3779,1.400,1.730,1.450,1,1,95.518,0,0,35,334,0,17,0
26-03 21:30:54,13.994,2.249,67.973,13.495,0,6050040,510164,12876,1499120,22295.076,1511.395,1635.345,47.981,101.959,4.998,2731,2907,1.400,1.730,1.450,0,2,0,0,0,35,334,0,17,0
26-03 21:30:55,16.737,2.998,65.199,13.240,0,6062360,495800,14280,1499760,13247.666,1456.864,2126.341,987.230,158.876,77.939,3179,3831,1.400,1.730,1.450,1,0,0,0,0,35,334,0,17,0
26-03 21:30:56,5.500,1.500,67.249,23.000,0.250,6063892,491768,16652,1499888,17886.789,1457.983,2363.972,1183.986,140.998,222.997,2530,3295,1.370,1.720,1.450,1,0,0,0,0,35,334,0,17,0
26-03 21:30:57,14.531,2.505,69.398,11.775,0,6082964,471860,17248,1500128,13734.327,1569.351,849.815,32.068,142.304,3.006,2803,2989,1.370,1.720,1.450,0,1,0,0,0,35,334,0,17,0
26-03 21:30:58,10.283,2.006,69.219,16.552,0,6082040,471356,18536,1500268,10091.959,1516.803,1396.422,196.623,276.877,11.035,2560,3142,1.370,1.720,1.450,0,1,0,0,0,35,334,0,17,0
26-03 21:30:59,9.447,2.237,69.607,17.153,0,6080588,470852,20540,1500220,19008.567,1449.806,1992.737,59.663,352.011,7.955,2671,3309,1.370,1.720,1.450,0,1,0,0,0,35,334,0,17,0
26-03 21:31:00,7.255,1.751,69.548,19.263,0,6079872,470600,21400,1500328,17505.956,1458.996,888.607,72.049,172.118,6.004,2180,2653,1.370,1.720,1.450,0,1,0,0,0,35,334,0,17,0
26-03 21:31:01,8.806,1.761,67.931,20.128,0,6079472,469844,21744,1501140,34275.635,1576.007,1167.413,32.204,206.310,4.026,2566,2882,1.340,1.710,1.450,1,0,0,0,0,35,335,0,17,0
26-03 21:31:02,20.085,5.455,66.455,5.207,0,6019216,529348,21848,1501788,20021.842,1499.704,610.991,579.251,42.650,45.626,4153,4525,1.340,1.710,1.450,3,0,41.658,0,0,35,334,0,19,0
26-03 21:31:03,25.746,3.749,69.239,0,0,6067596,480964,21864,1501776,19262.850,1457.762,0,83.986,0,7.999,2941,2618,1.340,1.710,1.450,3,0,1.000,0,0,35,334,0,19,0
26-03 21:31:04,19.627,2.516,69.700,6.291,0.252,6075436,472408,22168,1502188,35112.774,1725.142,668.316,108.702,44.286,9.059,3378,3347,1.340,1.710,1.450,0,1,0,0,0,35,336,0,20,0
26-03 21:31:05,15.729,10.486,62.668,8.739,0.250,6004420,542688,22744,1502348,17854.629,1563.953,583.237,419.451,35.953,50.933,4848,4578,1.340,1.710,1.450,3,0,149.804,0,0,35,335,0,20,0
26-03 21:31:06,10.775,19.044,65.904,3.258,0,6005008,541932,22812,1502464,10644.850,1515.538,80.187,320.749,9.021,29.068,6216,5660,1.230,1.680,1.440,1,0,278.650,0,0,35,335,0,18,0
26-03 21:31:07,13.668,21.372,62.623,0,0,6042196,504712,22816,1502492,36077.094,1449.286,3.976,35.785,0.994,8.946,6694,5577,1.230,1.680,1.440,1,0,333.992,0,0,35,335,0,18,0
26-03 21:31:08,9.750,9.750,49.001,29.000,0,6048568,491892,26080,1506188,14062.196,1458.020,6364.089,660.009,214.003,44.001,5307,6820,1.230,1.680,1.440,0,1,97.001,0,0,35,335,0,18,0
26-03 21:31:09,8.549,2.012,68.895,17.601,0,6046684,492176,26920,1506948,21682.177,1639.389,1653.470,72.415,258.480,11.063,3175,3396,1.230,1.680,1.440,0,1,0,0,0,35,335,0,18,0
26-03 21:31:10,22.122,9.942,63.631,2.237,0,6028500,509688,26972,1507552,29741.704,1610.669,564.728,230.664,106.384,13.919,5332,6112,1.230,1.680,1.440,2,0,89.482,0,0,35,335,0,18,0
26-03 21:31:11,34.632,12.799,41.408,10.289,0,6077852,457516,27732,1509544,19217.429,1463.592,2742.479,1802.889,141.541,232.890,5516,4754,1.210,1.670,1.440,4,0,127.487,0,0,35,336,0,18,0
26-03 21:31:12,13.723,1.996,51.397,30.190,0,6092144,441388,28076,1511036,12949.170,1455.098,1708.592,1013.977,119.761,209.582,2764,2915,1.210,1.670,1.440,1,1,0,0,0,35,336,0,18,0
26-03 21:31:13,19.255,2.751,44.511,31.758,0,6108324,423496,28384,1512440,26867.791,1458.369,1660.420,476.120,122.031,41.010,3293,3491,1.210,1.670,1.440,0,2,1.000,0,0,35,336,0,18,0
26-03 21:31:14,27.307,3.758,47.599,20.292,0,6142488,382672,28504,1518980,9868.603,1623.389,6637.858,108.226,203.425,13.027,3475,3391,1.210,1.670,1.440,3,0,0,0,0,35,336,0,18,0
26-03 21:31:15,19.206,2.494,44.399,32.925,0,6151520,371332,28996,1520796,18029.818,1454.677,1803.880,339.225,168.615,31.927,3763,4241,1.210,1.670,1.440,0,2,0,0,0,35,336,0,18,0
26-03 21:31:16,22.228,2.747,46.205,26.474,0,6168308,352684,29336,1522316,28155.343,1456.569,1418.607,731.282,145.857,55.945,3740,3807,1.440,1.700,1.450,0,2,0,0,0,35,336,0,19,0
26-03 21:31:17,41.706,3.015,48.238,5.527,0,6192928,324924,29720,1525076,17301.410,1465.233,1873.247,554.739,130.645,32.159,4011,3086,1.440,1.700,1.450,1,0,12.060,0,0,35,335,0,19,0
26-03 21:31:18,16.686,13.698,67.990,0.249,0,6227476,290308,29752,1525096,13694.538,1613.818,0,494.107,0,16.935,4810,4259,1.440,1.700,1.450,1,0,186.286,0,0,35,335,0,18,0
26-03 21:31:19,25.147,3.486,69.215,0,0,6278212,239544,29776,1525100,20693.850,1452.025,3.984,211.131,0.996,16.930,2948,2552,1.440,1.700,1.450,6,0,0,0,0,35,335,0,18,0
26-03 21:31:20,25.801,3.006,69.137,1.503,0,6275448,241692,29972,1525524,13646.098,1460.901,573.138,921.831,43.086,127.253,3769,3974,1.440,1.700,1.450,1,0,0,0,0,35,338,0,18,0
26-03 21:31:21,10.261,1.752,68.825,17.019,0,6277408,237980,30324,1526924,10580.541,1621.769,1701.856,88.096,72.079,9.010,2392,2818,1.400,1.690,1.450,0,1,0,0,0,35,338,0,18,0
26-03 21:31:22,16.930,2.988,68.966,8.216,0,6284336,229188,30508,1528604,18245.979,1452.030,1832.466,31.869,150.382,3.984,2924,2985,1.400,1.690,1.450,2,0,0.996,0,0,35,340,0,18,0
26-03 21:31:23,23.302,6.013,68.152,0.752,0,6248856,264552,30584,1528644,40623.699,1503.356,52.116,384.859,4.009,31.069,3863,3610,1.400,1.690,1.450,1,0,53.119,0,0,35,341,0,18,0
26-03 21:31:24,26.514,2.501,69.537,0.250,0,6297168,216200,30608,1528660,59841.190,1458.785,48.026,72.039,2.001,9.005,3080,2755,1.400,1.690,1.450,2,0,0,0,0,35,342,0,18,0
26-03 21:31:25,24.440,5.237,67.832,0.998,0,6256504,256624,30680,1528828,19385.098,1616.007,79.803,734.186,4.988,42.894,3979,3961,1.400,1.690,1.450,1,0,56.859,0,0,35,341,0,19,0
26-03 21:31:26,25.287,4.256,67.850,1.001,0,6308188,204936,30752,1528760,13822.295,1460.144,16.024,192.282,1.001,28.041,3068,3126,1.370,1.680,1.450,2,0,0,0,0,35,341,0,19,0
26-03 21:31:27,25.165,4.026,69.707,0,0,6277936,234924,30752,1529024,17493.628,1467.617,32.211,2778.204,2.013,410.691,3451,3047,1.370,1.680,1.450,1,0,5.033,0,0,35,341,0,19,0
26-03 21:31:28,23.884,5.722,68.915,0,0,6313956,198896,30760,1529024,18025.479,1450.955,91.555,79.613,6.966,2.986,3428,3072,1.370,1.680,1.450,1,0,36.821,0,0,35,341,0,19,0
26-03 21:31:29,25.746,3.500,68.991,0,0,6333532,179192,30784,1529128,10873.505,1619.777,0,259.964,0,16.998,3247,3000,1.370,1.680,1.450,4,0,0,0,0,35,344,0,19,0
26-03 21:31:30,27.002,2.250,69.506,0,0,6330860,181860,30784,1529132,16238.478,1979.180,0,4.000,0,1.000,2900,2582,1.370,1.680,1.450,2,0,1.000,0,0,35,346,0,19,0
26-03 21:31:31,20.608,6.534,69.112,2.262,0,6291700,220716,30936,1529284,14179.318,1465.682,257.349,112.590,13.068,15.079,3802,3707,1.340,1.670,1.440,2,0,63.332,0,0,35,345,0,19,0
26-03 21:31:32,25.327,3.476,69.774,0,0,6339208,173196,30944,1529288,9931.198,1448.113,0,87.403,0,4.966,2792,2587,1.340,1.670,1.440,3,0,0,0,0,35,345,0,20,0
26-03 21:31:33,25.209,5.546,64.534,3.529,0,6282296,229140,31168,1530032,19733.223,1470.160,726.005,2662.019,17.142,150.243,4164,4365,1.340,1.670,1.440,1,0,37.309,0,0,35,345,0,20,0
26-03 21:31:34,23.502,4.453,69.518,0,0,6332452,178984,31168,1530032,13646.291,1603.118,0,0,0,0,2903,2703,1.340,1.670,1.440,1,0,5.937,0,0,35,345,0,20,0
26-03 21:31:35,26.831,2.758,66.951,2.006,0,6336956,174340,31264,1530076,17751.335,1462.394,20.060,553.664,2.006,45.136,3434,3388,1.340,1.670,1.440,3,0,0,0,0,35,345,0,19,0
26-03 21:31:36,13.339,16.108,66.949,2.014,0,6261644,249400,31456,1530136,13802.577,1510.129,185.242,181.215,11.074,19.128,5572,5035,1.310,1.660,1.440,2,0,232.560,0,0,35,345,0,19,0
26-03 21:31:37,9.257,11.509,73.806,3.753,0,6256608,254140,31464,1530424,10716.175,1459.113,56.043,12.009,8.006,3.002,4357,4004,1.310,1.660,1.440,0,2,148.113,0,0,35,345,0,19,0
26-03 21:31:38,15.629,4.714,72.936,4.217,0,6256228,242672,31508,1542228,17267.585,1446.821,10677.502,178.620,114.118,16.870,3592,3819,1.310,1.660,1.440,2,0,10.916,0,0,35,345,0,19,0
26-03 21:31:39,28.494,4.499,64.737,0.500,0,6308296,180168,31540,1552632,13794.315,1619.685,9742.104,303.941,76.985,11.998,3581,3379,1.310,1.660,1.440,3,1,0,0,0,35,345,0,12,0
26-03 21:31:40,34.284,7.815,55.207,1.513,0,6243728,309416,31164,1488892,9923.097,1470.163,10030.990,528.371,91.759,38.317,5203,14927,1.310,1.660,1.440,1,0,51.425,0,0,35,349,0,13,0
26-03 21:31:41,13.503,16.504,66.517,2.001,0,6248712,293336,31196,1499940,18019.554,1458.369,10366.620,80.020,129.033,8.002,5917,5161,1.290,1.650,1.440,3,0,188.048,0,0,35,351,0,13,0
26-03 21:31:42,16.765,18.517,62.558,0.250,0,6246348,285216,31196,1510424,12709.738,1459.348,9736.993,4.004,76.070,1.001,7142,7957,1.290,1.650,1.440,1,1,179.165,0,0,35,351,0,13,0
26-03 21:31:43,15.986,16.735,64.943,0.749,0,6246560,274256,31252,1521116,17885.329,1456.724,9919.309,535.531,83.926,30.973,6214,5680,1.290,1.650,1.440,1,0,163.856,0,0,35,351,0,12,0
26-03 21:31:44,15.656,17.644,63.619,0.497,0,6242172,268256,31284,1531472,14986.215,1610.352,9689.946,174.952,77.535,13.917,6296,5774,1.290,1.650,1.440,1,0,182.904,0,0,35,351,0,14,0
26-03 21:31:45,31.459,7.240,54.428,6.741,0,6310348,189072,31456,1542308,9840.061,1549.962,10594.070,87.884,120.841,6.991,4017,3592,1.290,1.650,1.440,2,0,19.974,0,0,35,353,0,14,0
26-03 21:31:46,39.571,8.065,43.099,7.057,0,6331504,184712,31772,1525456,17104.635,1469.914,12509.390,496.020,227.847,37.302,4646,4047,1.340,1.650,1.440,1,1,7.057,0,0,35,353,0,15,0
26-03 21:31:47,30.509,6.201,51.344,9.922,0,6331388,201792,32256,1508240,17242.591,1446.556,12195.519,107.152,268.873,2.976,4119,3691,1.340,1.650,1.440,2,0,2.976,0,0,35,353,0,14,0
26-03 21:31:48,14.237,2.748,64.691,15.486,0,6338396,182280,32364,1520636,17156.479,1618.536,11961.179,3800.562,191.826,499.548,3243,3414,1.340,1.650,1.440,1,1,0,0,0,35,353,0,14,0
26-03 21:31:49,11.593,3.276,65.775,18.397,0,6343804,178764,32468,1518724,13541.066,1469.729,12624.753,129.030,254.027,7.056,2942,3278,1.340,1.650,1.440,2,0,0,0,0,35,353,0,14,0
26-03 21:31:50,17.513,3.753,64.549,12.259,0,6350220,172168,32648,1518784,16986.832,1621.225,14298.801,448.339,295.223,71.054,3519,3682,1.340,1.650,1.440,1,0,2.002,0,0,35,353,0,14,0
26-03 21:31:51,25.230,4.700,59.860,7.421,0,6362400,177360,32452,1501768,18378.631,1602.874,11433.833,550.122,213.717,47.493,4162,4227,1.320,1.640,1.440,3,0,1.979,0,0,35,355,0,12,2
26-03 21:31:52,27.301,3.757,65.872,1.252,0,6258900,270452,32452,1512176,9631.899,1623.016,9918.432,573.065,81.151,1.002,3452,3201,1.320,1.640,1.440,2,0,5.009,0,0,35,351,0,12,2
26-03 21:31:53,26.745,4.249,66.238,1.250,0.250,6298688,219916,32524,1522852,30264.334,1457.727,9778.169,611.885,84.984,109.979,3758,3960,1.320,1.640,1.440,4,0,2.999,0,0,35,351,0,12,2
26-03 21:31:54,26.616,5.524,65.284,0.753,0,6347996,189596,32424,1503948,62683.002,1627.086,9899.113,72.315,77.337,6.026,3640,3294,1.320,1.640,1.440,2,1,3.013,0,0,35,351,0,12,2
26-03 21:31:55,27.080,3.761,65.443,2.257,0,6356300,170468,32508,1514784,15182.878,1462.322,10282.393,509.506,109.323,41.122,4326,4553,1.320,1.640,1.440,2,0,1.003,0,0,35,357,0,11,2
26-03 21:31:56,27.611,6.219,61.939,1.990,0,6269044,262408,32696,1510068,17725.945,1611.902,9758.971,537.301,80.595,30.845,3916,3683,1.450,1.660,1.450,1,0,14.925,0,0,35,351,0,11,2
26-03 21:31:57,27.952,3.244,67.134,0,0,6312568,218172,32696,1510780,17786.394,1455.495,0,0,0,0,3224,3065,1.450,1.660,1.450,1,0,0,0,0,35,351,0,11,2
26-03 21:31:58,28.781,2.252,67.322,0,0,6312820,217408,32712,1511276,21629.199,1459.566,0,184.198,0,11.012,3295,3133,1.450,1.660,1.450,6,0,0,0,0,35,351,0,11,2
26-03 21:31:59,11.816,15.587,70.643,1.006,0,6246164,282932,32852,1512268,22710.194,1629.052,659.666,281.565,16.089,8.045,5296,4814,1.450,1.660,1.450,1,0,188.045,0,0,35,351,0,11,2
26-03 21:32:00,10.259,17.765,65.056,4.504,0,6252660,273608,33088,1514892,10514.999,1459.249,2249.926,4.003,39.033,1.001,5751,5152,1.450,1.660,1.450,0,1,273.234,0,0,35,351,0,11,2
26-03 21:32:01,14.662,8.698,67.594,6.461,0,6262520,260452,34276,1517000,12015.777,1449.289,2616.275,0,142.146,0,4315,4311,1.580,1.690,1.460,1,1,122.265,0,0,35,351,0,11,2
26-03 21:32:02,20.545,3.758,68.148,6.765,0,6278712,236756,35260,1523520,20068.665,1623.532,6979.185,108.235,316.689,4.009,3673,3633,1.580,1.690,1.460,1,0,16.035,0,0,35,351,0,12,2
26-03 21:32:03,20.424,3.736,69.989,3.487,0,6309508,204996,35448,1524296,18418.422,3488.013,414.457,167.377,18.930,5.978,3177,3290,1.580,1.690,1.460,2,0,17.933,0,0,35,352,0,10,2
26-03 21:32:04,19.019,2.753,66.565,10.760,0,6316044,194024,36940,1527240,18124.682,1525.488,2770.703,40.039,76.074,3.003,2999,3037,1.580,1.690,1.460,0,1,1.001,0,0,35,352,0,10,2
26-03 21:32:05,22.277,5.006,63.078,7.509,0,6296536,207172,38252,1532280,13211.252,2340.880,897.104,853.049,40.049,24.030,3485,3378,1.580,1.690,1.460,1,0,8.010,0,0,35,351,0,10,2
26-03 21:32:06,27.493,4.249,65.234,1.000,0,6309800,190028,38352,1536060,19535.185,2226.451,2975.267,567.860,48.988,23.994,3849,3755,1.530,1.680,1.460,1,0,17.996,0,0,35,352,0,10,2
26-03 21:32:07,22.268,2.752,70.557,2.502,0,6320712,172756,38812,1541952,20602.666,3973.214,224.181,244.198,20.016,10.008,3156,3090,1.530,1.680,1.460,1,0,1.001,0,0,35,352,0,9,2
26-03 21:32:08,24.534,6.509,59.832,7.010,0,6299888,184844,39208,1550284,10573.545,1888.598,8027.042,1229.692,175.241,42.058,9516,15693,1.530,1.680,1.460,1,0,6.008,0,0,35,351,0,9,2
26-03 21:32:09,13.215,4.987,65.329,13.963,0,6291308,184112,41692,1557112,18051.794,1637.717,8382.081,0,325.150,0,4829,6756,1.530,1.680,1.460,6,1,7.979,0,0,35,351,0,9,2
26-03 21:32:10,13.272,4.257,67.864,12.020,0,6274416,193604,45324,1560880,14433.340,1888.184,6611.149,729.230,783.321,28.047,3999,4947,1.530,1.680,1.460,1,0,0,0,0,35,352,0,9,2
26-03 21:32:11,15.079,2.262,77.153,4.272,0,6277000,190068,45608,1561548,19365.066,5761.067,341.784,402.099,42.220,18.094,2826,3304,1.490,1.660,1.450,1,0,0,0,0,35,352,0,9,2
26-03 21:32:12,24.136,5.972,63.948,2.986,0,6291568,189340,46012,1547400,17560.161,1451.154,736.525,39.812,38.817,0.995,10501,18492,1.490,1.660,1.450,2,0,12.939,0,0,35,352,0,9,2
26-03 21:32:13,25.899,6.475,64.001,0.996,0,6282132,192088,46052,1554044,14663.875,1682.446,6327.351,294.851,59.767,3.984,3514,3260,1.490,1.660,1.450,1,0,7.969,0,0,35,352,0,9,2
26-03 21:32:14,27.172,4.780,66.924,1.258,0,6238216,240744,46364,1548984,17205.089,1642.414,2137.553,1199.606,22.140,33.211,3692,3708,1.490,1.660,1.450,5,0,14.089,0,0,35,351,0,9,2
26-03 21:32:15,17.087,14.115,65.129,0,0,6267732,201488,46364,1558728,13501.339,1833.527,9188.439,7.924,75.283,0.991,5552,5085,1.490,1.660,1.450,3,0,252.593,0,0,35,351,0,9,2
26-03 21:32:16,29.628,4.017,65.533,0,0,6310612,169172,46324,1548568,9342.305,1464.317,4844.902,839.622,42.182,35.152,3553,3587,1.450,1.650,1.450,2,0,0,0,0,35,351,0,10,2
26-03 21:32:17,28.400,3.267,66.853,0.503,0,6328180,179012,46336,1522148,19366.169,1697.958,3598.987,8.042,31.164,1.005,3368,3174,1.450,1.650,1.450,2,0,0,0,0,35,351,0,10,2
26-03 21:32:18,21.043,10.271,66.635,0.752,0,6250608,253116,46360,1525592,13353.122,1854.767,2873.837,172.350,29.059,10.020,4775,4531,1.450,1.650,1.450,3,0,153.311,0,0,35,351,0,14,2
26-03 21:32:19,26.431,4.239,66.825,0,0,6302156,199208,46360,1527952,25978.889,1454.187,1887.053,1839.178,14.961,322.155,3615,3338,1.450,1.650,1.450,1,0,2.992,0,0,35,351,0,14,2
26-03 21:32:20,28.402,3.737,66.022,0.249,0,6325092,168580,46384,1535620,18468.250,1614.427,6880.250,199.312,57.800,13.952,3593,3335,1.450,1.650,1.450,3,0,0,0,0,35,351,0,13,2
26-03 21:32:21,25.529,6.508,65.576,1.251,0,6264692,223164,46400,1541420,23080.603,1459.682,5185.977,5334.148,47.054,126.145,4277,3931,1.410,1.640,1.450,1,0,70.081,0,0,35,351,0,13,2
26-03 21:32:22,28.755,3.501,67.012,0,0,6307420,185884,46400,1536076,66454.251,2165.399,9729.794,4.001,76.014,1.000,3878,2993,1.410,1.640,1.450,1,0,0,0,0,35,351,0,13,2
26-03 21:32:23,27.815,4.511,64.651,2.255,0,6234104,249896,46456,1545324,71914.594,1776.139,8744.378,509.187,75.175,27.063,4073,3961,1.410,1.640,1.450,2,0,10.023,0,0,35,351,0,13,2
26-03 21:32:24,24.402,5.976,65.736,0.498,0,6280528,193616,46488,1555148,21600.234,1452.167,9115.385,266.928,72.708,41.832,4036,4185,1.410,1.640,1.450,2,1,46.812,0,0,35,351,0,13,2
26-03 21:32:25,28.395,4.272,66.338,0.251,0,6306544,186316,44276,1539596,36632.668,1686.594,8619.924,104.533,70.359,12.061,3962,3764,1.410,1.640,1.450,1,0,0,0,0,35,351,0,13,2
26-03 21:32:26,25.643,6.224,64.480,1.992,0,6254688,227708,44460,1549876,23877.907,1561.455,9846.724,195.182,82.654,20.912,4119,3941,1.380,1.630,1.450,1,0,31.866,0,0,35,351,0,16,2
26-03 21:32:27,29.215,4.495,65.421,0,0,6300872,182088,42668,1551300,18938.244,1789.849,9093.074,3.995,71.914,0.999,3580,3115,1.380,1.630,1.450,4,0,0,0,0,35,351,0,16,2
26-03 21:32:28,27.025,3.503,65.812,2.252,0,6310676,169700,42804,1553812,28210.585,1459.375,2045.928,896.845,29.027,72.068,4253,4539,1.380,1.630,1.450,2,0,0,0,0,35,351,0,16,2
26-03 21:32:29,25.583,7.524,65.964,0,0.251,6277436,192512,42804,1564240,19445.073,2425.869,9759.657,0,76.247,0,3972,3683,1.380,1.630,1.450,2,0,47.153,0,0,35,351,0,16,2
26-03 21:32:30,27.253,3.750,66.757,0,0,6314348,175280,41668,1546368,16688.741,1458.152,9729.015,0,76.008,0,3391,3185,1.380,1.630,1.450,1,0,0,0,0,35,351,0,16,2
26-03 21:32:31,26.061,5.513,66.907,0,0,6254572,224332,41668,1557092,25268.119,1623.799,9879.114,0,77.181,0,4036,3683,1.350,1.620,1.440,1,0,32.075,0,0,35,351,0,18,2
26-03 21:32:32,27.148,4.981,66.252,0,0,6305572,179128,40064,1552900,14621.166,1452.552,9101.865,3.985,71.731,0.996,3359,3078,1.350,1.620,1.440,2,0,0,0,0,35,351,0,18,2
26-03 21:32:33,29.131,3.984,63.988,0.747,0,6313896,177136,40164,1546508,20387.675,1452.065,8333.939,541.786,73.699,59.756,4269,4542,1.350,1.620,1.440,2,0,0.996,0,0,35,351,0,18,2
26-03 21:32:34,11.551,11.802,69.055,5.022,0.251,6247180,241652,40532,1548340,25969.660,2331.293,1169.162,2346.360,92.408,150.665,5425,5590,1.350,1.620,1.440,3,0,180.798,0,0,35,352,0,18,2
26-03 21:32:35,8.730,2.245,78.569,7.732,0,6254660,227428,41068,1554548,17963.703,1981.445,6221.697,51.881,300.310,7.982,2923,3583,1.350,1.620,1.440,0,0,0,0,0,35,352,0,18,2
26-03 21:32:36,6.497,2.249,86.459,1.749,0,6250940,220620,41116,1565028,21786.585,3494.330,9859.287,307.853,85.959,25.988,2772,3452,1.240,1.590,1.430,0,0,0,0,0,35,352,0,18,2
26-03 21:32:37,10.016,8.514,78.378,2.003,0,6262880,197972,41156,1575696,34359.219,2981.879,10124.566,252.413,122.200,19.031,4428,4367,1.240,1.590,1.430,0,0,125.205,0,0,35,352,0,18,2
26-03 21:32:38,12.034,9.527,75.214,0.251,0,6256372,195360,41212,1584760,19801.296,3147.950,8319.653,445.266,72.205,29.083,4697,4766,1.240,1.590,1.430,1,0,158.450,0,0,35,351,0,18,2
26-03 21:32:39,13.949,6.227,65.508,12.205,0,6263672,179508,41672,1592852,10656.698,1614.047,7978.575,2164.019,217.199,361.666,3902,3876,1.240,1.590,1.430,4,1,51.809,0,0,35,351,0,18,2
26-03 21:32:40,19.805,7.019,63.676,7.771,0,6278096,183212,37548,1579584,17020.972,1546.267,16064.332,886.446,729.012,23.064,4564,6152,1.240,1.590,1.430,5,0,39.108,0,0,35,351,0,18,2
26-03 21:32:41,33.120,5.478,59.018,0.249,0,6295672,208324,36472,1538344,17714.286,1452.285,9817.364,705.225,76.698,7.969,4291,11594,1.380,1.620,1.440,2,0,1.992,0,0,35,351,0,19,2
26-03 21:32:42,21.614,5.529,65.094,6.535,0,6299112,188568,36980,1554152,18701.802,3551.764,11042.337,723.824,118.627,12.064,4933,6550,1.380,1.620,1.440,1,1,19.101,0,0,35,352,0,19,2
26-03 21:32:43,23.118,3.480,68.359,3.480,0,6285044,190968,37224,1565592,23674.418,3987.166,11669.171,699.991,92.470,50.710,3881,3936,1.380,1.620,1.440,2,0,2.983,0,0,35,352,0,19,2
26-03 21:32:44,21.338,9.288,54.725,12.552,0,6250980,216280,37792,1573776,14842.110,1626.698,6249.732,3265.445,113.467,98.405,6096,6843,1.380,1.620,1.440,3,0,107.442,0,0,35,351,0,17,2
26-03 21:32:45,30.814,16.033,51.356,0.251,0,6287240,196628,37652,1557976,18407.104,1555.219,9884.461,164.340,83.172,15.031,5930,5175,1.380,1.620,1.440,2,0,201.417,0,0,35,351,0,17,2
26-03 21:32:46,48.284,8.213,41.315,0.996,0,6353476,168892,36976,1520756,13840.072,1451.505,10210.314,147.341,80.639,13.938,4624,3705,1.510,1.640,1.450,4,0,3.982,0,0,35,351,0,18,2
26-03 21:32:47,36.964,8.492,52.948,0,0,6251828,297412,32704,1499352,9765.367,1618.404,9974.161,0,77.923,0,4660,4251,1.510,1.640,1.450,2,0,49.951,0,0,35,351,0,19,2
26-03 21:32:48,28.280,4.755,65.320,0,0,6302500,236668,32720,1509408,17368.666,1459.569,9866.603,80.086,77.083,6.006,3448,3268,1.510,1.640,1.450,2,0,0,0,0,35,351,0,18,2
26-03 21:32:49,27.760,3.251,66.023,1.000,0,6320456,209184,32748,1518908,17058.853,1458.500,9779.355,296.102,80.027,20.007,3733,3639,1.510,1.640,1.450,1,1,0,0,0,35,352,0,19,2
26-03 21:32:50,24.461,5.491,65.644,2.496,0.250,6274736,244632,32772,1529156,12562.751,1617.393,10079.753,79.871,101.836,7.987,3575,3494,1.510,1.640,1.450,3,0,13.977,0,0,35,351,0,19,2
26-03 21:32:51,29.499,3.500,65.747,0.500,0,6317492,192032,32772,1539000,17686.146,1457.930,9899.522,83.996,83.996,2.000,3444,3039,1.470,1.630,1.450,1,0,0,0,0,35,351,0,19,2
26-03 21:32:52,22.321,4.013,64.957,7.022,0,6315544,182008,32988,1550756,13136.824,1462.657,11600.935,1207.845,148.473,102.326,4161,4993,1.470,1.630,1.450,2,0,0,0,0,35,352,0,19,1
26-03 21:32:53,26.452,4.741,57.894,8.235,0,6314416,171652,33376,1561852,47547.831,1455.332,11135.585,1058.060,167.693,146.731,6347,8484,1.470,1.630,1.450,2,0,1.996,0,0,35,351,0,19,1
26-03 21:32:54,27.338,6.019,65.211,0.251,0,6290228,186124,33432,1571540,54484.094,1625.253,9775.595,1902.148,77.250,163.529,3902,3510,1.470,1.630,1.450,3,0,5.016,0,0,35,351,0,19,1
26-03 21:32:55,28.169,4.736,64.564,0.748,0,6306928,174012,33208,1567308,8946.185,1453.805,9895.446,4666.534,80.767,553.403,4276,4469,1.470,1.630,1.450,1,0,0,0,0,35,351,0,19,1
26-03 21:32:56,26.098,4.015,62.485,5.772,0,6305440,209000,33108,1534268,16708.961,1463.515,10122.141,602.269,95.359,79.299,5222,6165,1.430,1.620,1.450,1,0,0,0,0,35,352,0,18,1
26-03 21:32:57,22.032,10.014,63.842,1.001,0,6237976,266576,33316,1543948,19072.482,1460.104,10026.447,745.074,95.137,87.126,6143,7013,1.430,1.620,1.450,3,0,130.188,0,0,35,351,0,18,1
26-03 21:32:58,11.975,22.204,63.368,0,0,6234588,259792,33332,1554104,17291.046,1454.975,9935.341,271.436,82.828,25.946,7297,6793,1.430,1.620,1.450,3,0,483.994,0,0,35,351,0,18,1
26-03 21:32:59,10.753,22.257,64.520,0.750,0,6239440,244900,33484,1563992,13698.254,1458.453,9731.022,2012.625,76.024,122.038,7348,7047,1.430,1.620,1.450,3,0,493.153,0,0,35,351,0,18,1
26-03 21:33:00,11.503,22.255,64.515,0,0,6237228,237472,33516,1573600,17272.912,1458.330,9730.204,240.054,76.017,24.005,7245,6775,1.430,1.620,1.450,2,0,494.112,0,0,35,351,0,18,1
26-03 21:33:01,11.749,22.248,64.744,0,0,6237628,227360,33524,1583304,19368.130,1565.849,9727.061,119.988,75.993,15.998,7149,6560,1.400,1.610,1.450,2,0,475.954,0,0,35,351,0,18,1
26-03 21:33:02,11.267,22.034,64.348,0,0,6237768,217524,33524,1593000,13427.516,1514.314,9875.088,40.061,78.119,10.015,7240,6525,1.400,1.610,1.450,1,0,486.744,0,0,35,351,0,19,1
26-03 21:33:03,11.992,23.485,62.959,0,0,6262628,183940,33532,1601716,9364.936,1457.056,8522.481,123.920,66.957,11.992,6965,6472,1.400,1.610,1.450,2,0,449.709,0,0,35,351,0,19,1
26-03 21:33:04,11.247,22.244,64.483,0,0,6259880,202660,33368,1586564,18139.111,1619.564,0,35.990,0,8.998,6709,5749,1.400,1.610,1.450,3,0,420.887,0,0,35,351,0,19,1
26-03 21:33:05,9.234,18.469,65.888,3.744,0,6257828,203504,33544,1587596,17015.042,1455.523,1217.927,335.429,32.944,17.969,5987,5165,1.400,1.610,1.450,1,0,318.458,0,0,35,351,0,18,1
26-03 21:33:06,16.036,6.264,68.403,8.018,0,6278796,185576,33680,1588720,16687.397,1461.275,1090.444,1812.061,125.281,29.065,3607,3952,1.530,1.630,1.450,1,0,52.117,0,0,35,351,0,18,1
26-03 21:33:07,20.245,5.749,67.984,4.499,0,6282272,185000,34140,1589116,16191.108,1619.611,7514.194,1819.563,568.863,35.991,3919,4492,1.530,1.630,1.450,1,0,3.999,0,0,35,351,0,18,1
26-03 21:33:08,26.787,4.961,63.495,2.728,0,6285992,219820,34464,1550248,17441.345,1446.501,444.467,2337.418,23.811,103.180,3684,3786,1.530,1.630,1.450,1,0,15.874,0,0,35,351,0,18,1
26-03 21:33:09,17.057,1.505,75.503,4.515,0,6288220,216736,34876,1550692,23575.923,5964.968,469.572,790.647,44.148,34.114,2629,2867,1.530,1.630,1.450,0,1,0,0,0,35,352,0,18,1
26-03 21:33:10,11.496,1.749,79.220,4.998,0,6300276,203784,35216,1551244,14864.397,5590.893,771.709,739.721,65.975,28.989,2494,3009,1.530,1.630,1.450,0,0,0,0,0,35,352,0,18,1
26-03 21:33:11,7.988,1.498,84.368,3.994,0,6299944,203532,35548,1551492,16611.091,4680.699,435.321,2124.686,46.927,309.517,2505,3141,1.400,1.600,1.450,2,0,0,0,0,35,352,0,18,1
26-03 21:33:12,11.018,2.254,79.884,6.010,0,6301060,201264,35976,1552208,29712.786,8798.743,733.229,1169.960,110.185,39.065,2474,2904,1.400,1.600,1.450,0,1,0,0,0,35,352,0,18,1
26-03 21:33:13,11.993,2.249,73.955,8.995,0,6308236,193200,36376,1552696,27028.567,5479.668,595.638,1738.943,54.967,93.943,2950,3498,1.400,1.600,1.450,0,1,0.999,0,0,35,352,0,18,1
26-03 21:33:14,18.007,1.501,73.279,5.752,0,6329896,170292,36692,1553624,25204.912,7104.794,1060.417,668.263,96.038,26.010,2626,2755,1.400,1.600,1.450,0,1,0,0,0,35,352,0,18,1
26-03 21:33:15,9.754,2.001,80.532,5.502,0,6321812,177692,36932,1554068,26987.782,4683.871,508.203,14969.980,61.024,98.039,2678,3095,1.400,1.600,1.450,1,0,0,0,0,35,352,0,18,1
26-03 21:33:16,18.216,1.996,74.613,3.743,0,6333572,179232,37492,1540212,32722.708,9492.510,1305.594,1341.528,118.781,63.882,3219,3541,1.450,1.610,1.450,2,0,0,0,0,35,352,0,19,1
26-03 21:33:17,17.779,1.502,75.872,4.006,0,6339220,172204,37924,1541160,29903.002,9571.365,849.363,981.576,127.204,30.048,2763,2951,1.450,1.610,1.450,1,0,0,0,0,35,352,0,18,1
26-03 21:33:18,7.756,2.502,70.052,17.513,0,6337532,173724,38260,1541008,12450.225,3001.224,14310.603,520.386,311.231,23.017,2555,3226,1.450,1.610,1.450,0,1,0,0,0,35,352,0,18,1
26-03 21:33:19,21.466,3.994,65.645,7.238,0,6371116,180272,37064,1502428,9879.246,1455.679,2575.892,1006.395,74.881,47.924,3069,3060,1.450,1.610,1.450,3,0,1.997,0,0,35,352,0,18,1
26-03 21:33:20,25.915,3.239,68.277,0.997,0,6382444,165492,37144,1505788,19753.463,1453.252,39.870,1120.340,5.980,31.896,3143,2986,1.450,1.610,1.450,5,0,0,0,0,35,352,0,18,1
26-03 21:33:21,24.873,3.517,69.343,1.005,0,6368136,191600,36840,1494796,13867.586,1465.247,659.261,1214.004,7.035,36.179,3171,3167,1.410,1.600,1.450,1,0,0,0,0,35,352,0,14,1
26-03 21:33:22,26.976,2.248,69.189,0.500,0,6373308,171688,36904,1509464,17480.569,1456.714,0,775.316,0,24.978,3106,3002,1.410,1.600,1.450,2,0,0,0,0,35,352,0,14,1
26-03 21:33:23,25.813,3.759,67.165,1.504,0,6372632,186904,37152,1495764,64101.094,1666.083,16.039,3167.763,1.002,144.354,3830,3997,1.410,1.600,1.450,1,0,1.002,0,0,35,352,0,14,1
26-03 21:33:24,25.172,3.240,69.285,0.748,0,6365556,179000,37388,1510496,38977.901,1453.484,15.950,1890.128,0.997,61.808,3332,3213,1.410,1.600,1.450,2,1,0,0,0,35,352,0,14,1
26-03 21:33:25,25.511,2.751,69.280,1.000,0,6368260,167644,37996,1519016,13502.815,1512.651,0,7911.407,0,411.177,3478,3667,1.410,1.600,1.450,2,0,0,0,0,35,352,0,14,1
26-03 21:33:26,24.521,3.003,68.309,2.002,0,6267416,312432,37928,1476144,10680.206,1741.501,1205.039,2001.725,11.009,222.192,3290,3222,1.380,1.590,1.440,1,0,2.002,0,0,35,351,0,14,1
26-03 21:33:27,24.764,3.752,69.540,0,0,6319984,259816,37928,1476192,18325.422,1952.110,4.002,0,1.001,0,3179,2822,1.380,1.590,1.440,1,0,33.019,0,0,35,352,0,14,1
26-03 21:33:28,23.105,3.265,71.825,0.502,0,6317032,257048,38048,1481776,23556.656,3262.773,0,1683.623,0,23.105,3063,3019,1.380,1.590,1.440,1,0,1.005,0,0,35,351,0,14,1
26-03 21:33:29,22.115,3.230,72.307,0,0,6319140,254780,38060,1481924,15289.388,2778.985,3.976,214.686,0.994,3.976,2888,2769,1.380,1.590,1.440,0,0,17.890,0,0,35,352,0,10,1
26-03 21:33:30,24.865,4.270,69.070,0.251,0,6344508,223788,38552,1487040,19865.952,3384.666,32.149,1205.580,4.019,20.093,7244,12117,1.380,1.590,1.440,2,0,6.028,0,0,35,351,0,10,1
26-03 21:33:31,23.374,4.476,68.132,1.243,0,6346492,221256,38620,1487508,16522.711,1450.163,7.957,83.549,1.989,0.995,5619,8679,1.350,1.580,1.440,1,0,8.952,0,0,35,351,0,10,1
26-03 21:33:32,23.784,7.261,65.595,0,0,6335664,231868,38668,1487676,23430.974,1460.117,4.006,92.134,1.001,3.004,10390,18778,1.350,1.580,1.440,1,0,19.028,0,0,35,351,0,11,1
26-03 21:33:33,24.285,5.508,69.351,0,0,6312676,266152,38728,1476324,16517.962,1622.353,0,2159.132,0,18.026,3066,2769,1.350,1.580,1.440,1,0,4.006,0,0,35,351,0,8,1
26-03 21:33:34,18.982,3.746,69.683,5.994,0,6280532,297376,38728,1477244,15815.763,1498.556,899.134,7.992,97.906,1.998,3393,3595,1.350,1.580,1.440,1,0,46.955,0,0,35,351,0,8,1
26-03 21:33:35,26.324,5.014,65.433,0,0.251,6301676,276192,38748,1477264,17935.152,1462.088,4.011,188.527,1.003,8.022,10857,19337,1.350,1.580,1.440,1,0,8.022,0,0,35,351,0,8,1
26-03 21:33:36,22.931,3.739,71.536,0.249,0,6322772,255052,38820,1477236,22645.300,2883.380,31.905,594.224,1.994,31.905,3336,3254,1.320,1.570,1.440,0,0,32.902,0,0,35,352,0,8,1
26-03 21:33:37,24.996,2.750,70.740,0.250,0,6315420,256668,38844,1482948,11164.430,2468.653,0,663.907,0,8.999,2978,2850,1.320,1.570,1.440,1,0,2.000,0,0,35,351,0,8,1
26-03 21:33:38,25.238,5.497,66.717,1.000,0,6350704,218144,38904,1486128,23664.414,4328.881,2562.745,647.683,23.988,29.985,3583,3318,1.320,1.570,1.440,0,0,20.990,0,0,35,352,0,8,1
26-03 21:33:39,28.093,4.515,64.463,1.254,0,6306996,246456,38964,1501460,14889.176,1703.627,9888.660,991.274,78.258,19.063,7497,12246,1.320,1.570,1.440,2,1,6.020,0,0,35,351,0,8,1
26-03 21:33:40,27.553,6.513,63.622,0.250,0,6301236,251196,39016,1502428,18796.163,1623.123,16.031,11566.253,1.002,75.145,8730,13912,1.320,1.570,1.440,1,0,13.025,0,0,35,351,0,8,1
26-03 21:33:41,31.845,10.698,55.231,0.249,0,6312756,230776,39032,1511308,16856.779,1450.923,8080.586,541.359,67.670,4.976,10854,22209,1.380,1.580,1.440,1,0,50.752,0,0,35,351,0,8,1
26-03 21:33:42,24.349,5.523,67.023,1.255,0,6287904,256576,39064,1510332,9710.623,1463.974,9896.381,1237.048,77.315,191.783,3541,3356,1.380,1.580,1.440,1,0,8.033,0,0,35,351,0,8,1
26-03 21:33:43,30.862,3.982,63.466,0,0,6297772,236420,39064,1520620,18573.836,1612.779,9700.566,3.982,77.652,0.996,4058,3788,1.380,1.580,1.440,1,0,16.924,0,0,35,351,0,8,1
26-03 21:33:44,28.255,8.001,61.512,0,0,6308972,214844,39064,1530996,13531.531,1458.273,9733.820,4.001,77.014,1.000,5998,7190,1.380,1.580,1.440,4,0,95.018,0,0,35,351,0,8,1
26-03 21:33:45,38.791,7.758,51.305,0.751,0,6299432,202056,39464,1552912,17923.159,1553.661,12721.599,1289.378,225.241,15.016,4792,4409,1.380,1.580,1.440,3,0,6.006,0,0,35,351,0,10,1
26-03 21:33:46,45.942,8.034,44.687,0.251,0,6333860,170804,39496,1550096,18095.757,2807.755,7893.044,582.438,70.294,14.059,4711,3882,1.430,1.580,1.450,1,0,22.092,0,0,35,352,0,10,1
26-03 21:33:47,29.119,5.475,58.735,5.724,0,6320228,200648,39544,1534444,29273.094,9635.582,7008.420,959.676,106.520,29.865,3938,3476,1.430,1.580,1.450,2,1,2.987,0,0,35,352,0,10,1
26-03 21:33:48,15.716,2.495,75.588,3.243,0,6317908,193080,39704,1544168,57934.156,13710.691,8948.870,1828.092,131.718,68.853,3228,3505,1.430,1.580,1.450,1,0,0,0,0,35,353,0,10,1
26-03 21:33:49,10.223,2.244,82.535,1.995,0,6316132,184280,39804,1554644,124730.016,9881.254,9714.688,773.983,78.795,35.906,2852,3155,1.430,1.580,1.450,4,0,0,0,0,35,353,0,10,1
26-03 21:33:50,18.577,2.761,73.805,3.012,0,6338628,198088,39844,1519008,28794.877,8275.163,7137.466,1068.411,91.377,44.182,3122,3337,1.430,1.580,1.450,2,0,0,0,0,35,353,0,7,1
26-03 21:33:51,24.346,2.510,71.782,0.502,0,6340572,186476,39924,1528592,29878.472,9482.281,9541.514,14633.534,99.391,71.280,3456,3285,1.390,1.580,1.440,3,0,0,0,0,35,353,0,7,1
26-03 21:33:52,20.921,2.241,72.475,1.245,0,6349752,181792,39984,1524228,26242.407,8424.030,10165.421,816.900,110.580,25.902,3242,3168,1.390,1.580,1.440,0,0,0,0,0,35,353,0,7,1
26-03 21:33:53,12.535,2.758,80.979,1.504,0,6347424,174184,40128,1534148,327920.970,13836.154,9787.698,2703.651,81.230,316.897,3757,3913,1.390,1.580,1.440,2,0,1.003,0,0,35,353,0,7,1
26-03 21:33:54,12.754,3.501,76.024,5.502,0,6342728,183020,40956,1529648,164251.973,18602.886,10183.222,2604.824,129.041,115.036,3516,3868,1.390,1.580,1.440,1,1,0,0,0,35,353,0,7,1
26-03 21:33:55,21.538,2.254,71.625,3.005,0,6350000,169432,41332,1535580,30715.568,10214.815,5914.315,1454.537,105.183,62.108,3660,3941,1.390,1.580,1.440,2,0,0,0,0,35,353,0,7,1
26-03 21:33:56,9.744,6.996,60.714,19.239,0,6355680,175348,40968,1524852,1441790.256,38452.391,15422.932,76255.163,140.917,519.694,5354,4782,1.360,1.570,1.440,0,0,0.999,0,0,35,353,0,7,1
26-03 21:33:57,8.503,3.501,83.280,0.500,0.250,6355440,184168,40872,1516368,4441514.386,97626.573,7042.566,6358.317,57.021,52.019,8598,7937,1.360,1.570,1.440,0,0,2.001,0,0,35,353,0,7,1
26-03 21:33:58,8.985,3.245,69.387,15.974,0,6352872,184388,41064,1518528,1256513.662,28495.479,11772.780,1661.288,87.857,23.961,4164,4759,1.360,1.570,1.440,1,1,0.998,0,0,35,353,0,7,1
26-03 21:33:59,16.202,2.991,70.042,7.229,0.249,6354216,170652,41280,1530704,643035.979,15225.893,5057.018,1499.557,71.787,41.876,3786,3701,1.360,1.570,1.440,1,0,0,0,0,35,353,0,7,1
26-03 21:34:00,25.320,4.512,66.934,2.256,0,6359628,174368,44052,1518752,13517.157,1462.019,1676.609,4416.139,19.052,90.248,3619,3805,1.360,1.570,1.440,1,0,1.003,0,0,35,353,0,7,1
26-03 21:34:01,27.193,3.742,66.610,0,0,6367520,178048,42344,1508872,17735.683,1454.939,331.303,259.454,2.994,11.975,3428,3461,1.330,1.560,1.440,1,0,0,0,0,35,353,0,7,1
26-03 21:34:02,28.223,2.997,66.936,0.250,0,6369488,182444,42740,1502100,14748.832,1618.445,3.996,1346.706,0.999,30.970,3455,3504,1.330,1.560,1.440,1,0,0,0,0,35,353,0,7,1
26-03 21:34:03,26.760,3.501,69.026,0.250,0,6380840,179940,43012,1492800,17887.811,1458.555,2356.897,1160.442,21.008,36.014,3453,3670,1.330,1.560,1.440,1,0,1.000,0,0,35,353,0,7,1
26-03 21:34:04,26.999,3.500,67.497,0.500,0,6389260,185088,43484,1478484,13434.396,1457.934,0,2359.894,0,198.991,3509,3722,1.330,1.560,1.440,1,0,0,0,0,35,353,0,7,1
26-03 21:34:05,23.998,7.749,63.994,2.750,0,6377684,195752,43980,1477916,12067.938,1565.862,123.989,52535.377,12.999,406.964,3822,3762,1.330,1.560,1.440,3,0,3.000,0,0,35,353,0,7,1
26-03 21:34:06,21.765,3.502,64.043,9.006,0,6378312,184536,44572,1487572,17086.578,1513.025,16.011,1657.123,1.001,71.048,3511,3815,1.300,1.550,1.440,1,0,3.002,0,0,35,353,0,7,1
26-03 21:34:07,27.487,3.998,65.969,1.249,0,6385036,170492,44872,1494196,14256.245,1457.310,2706.718,563.733,24.988,23.989,3535,3541,1.300,1.550,1.440,1,0,0,0,0,35,353,0,7,1
26-03 21:34:08,29.851,4.264,63.214,1.505,0,6405120,170012,45180,1474188,10890.812,1462.945,184.624,2163.312,3.010,43.146,3704,3860,1.300,1.550,1.440,2,0,0,0,0,35,353,0,7,1
26-03 21:34:09,21.977,6.493,50.197,19.479,0,6382964,201672,45912,1463952,19817.134,1618.296,283.701,93113.957,17.981,612.355,4341,4213,1.300,1.550,1.440,3,1,1.998,0,0,35,353,0,7,1
26-03 21:34:10,23.493,3.499,65.480,4.999,0,6375876,188920,46796,1482900,15214.441,1457.563,7361.794,2735.180,62.981,79.976,3756,4127,1.300,1.550,1.440,3,0,0,0,0,35,353,0,7,1
26-03 21:34:11,23.491,2.499,69.222,2.749,0,6384832,212424,47100,1450136,24468.239,4050.384,323.871,2387.048,5.998,108.957,3457,3740,1.280,1.540,1.430,1,0,0,0,0,35,351,0,7,1
26-03 21:34:12,26.172,4.487,66.053,0.997,0,6315824,280616,47104,1450956,14042.056,1453.658,1012.974,3.988,8.973,0.997,3506,3295,1.280,1.540,1.430,2,0,18.943,0,0,35,351,0,7,1
26-03 21:34:13,25.031,4.756,69.336,0.250,0,6330056,261784,47184,1455464,16143.092,3907.864,4.005,1381.720,1.001,10.012,3454,3399,1.280,1.540,1.430,2,0,18.022,0,0,35,351,0,7,1
26-03 21:34:14,28.033,4.255,66.328,0,0,6326148,256888,47272,1464176,16771.836,1459.726,7496.867,977.156,62.073,176.208,3545,3309,1.280,1.540,1.430,1,0,2.002,0,0,35,351,0,7,1
26-03 21:34:15,23.969,3.995,70.410,0.250,0,6317236,256780,47824,1472596,20499.843,4631.091,3439.611,1298.343,29.962,17.977,3356,3243,1.280,1.540,1.430,2,0,16.978,0,0,35,351,0,7,1
26-03 21:34:16,26.881,7.788,61.802,0,0,6324432,239756,47912,1482332,9764.746,1465.164,9450.208,526.575,77.378,25.123,11076,19851,1.420,1.560,1.440,1,0,13.064,0,0,35,351,0,8,1
26-03 21:34:17,26.820,4.967,66.553,0,0,6314604,245784,47960,1486064,18055.712,1609.190,3544.192,2101.881,29.800,5.960,4432,5327,1.420,1.560,1.440,2,0,4.967,0,0,35,351,0,8,1
26-03 21:34:18,25.762,7.754,63.781,0,0,6320244,239204,47976,1486988,13398.414,1458.698,768.368,128.061,6.003,6.003,10057,17630,1.420,1.560,1.440,1,0,8.004,0,0,35,351,0,7,1
26-03 21:34:19,24.292,6.762,67.617,0,0,6300016,254628,48012,1491756,17793.776,1460.526,4700.129,176.305,39.068,3.005,3428,3212,1.420,1.560,1.440,1,0,7.012,0,0,35,351,0,7,1
26-03 21:34:20,26.108,4.519,67.529,1.506,0,6281556,284292,48068,1480548,15678.717,1464.043,16.066,1068.410,4.017,24.099,3438,3464,1.420,1.560,1.440,2,0,6.025,0,0,35,351,0,7,1
26-03 21:34:21,22.731,4.496,66.694,4.746,0,6287396,273304,48068,1485696,10116.540,1618.646,3836.792,0,217.818,0,3464,3700,1.380,1.550,1.440,1,0,0,0,0,35,351,0,7,1
26-03 21:34:22,22.987,4.248,66.962,4.248,0,6299208,252532,48212,1494504,17058.205,1457.163,7715.570,1687.031,198.886,10.994,3986,4379,1.380,1.550,1.440,3,1,0,0,0,35,352,0,7,1
26-03 21:34:23,23.128,3.730,63.416,7.212,0,6298592,244268,48588,1503000,36591.014,1492.130,8574.776,847.530,99.475,116.386,6003,7999,1.380,1.550,1.440,0,1,0.995,0,0,35,352,0,12,1
26-03 21:34:24,23.041,5.009,60.608,8.766,0,6297232,235264,49108,1512844,66848.372,1460.608,9837.567,1374.454,148.265,201.360,6839,9509,1.380,1.550,1.440,4,0,1.002,0,0,35,354,0,13,1
26-03 21:34:25,15.820,8.538,63.784,9.794,0.251,6240788,282772,49432,1521456,13982.176,1627.236,8662.521,3816.973,110.491,501.229,5591,6779,1.380,1.550,1.440,1,0,92.411,0,0,35,353,0,13,1
26-03 21:34:26,11.992,20.236,65.455,1.499,0,6244984,269984,49616,1529864,17132.214,1456.998,8422.206,283.805,75.948,28.980,6557,6120,1.270,1.530,1.430,1,0,334.770,0,0,35,353,0,13,1
26-03 21:34:27,17.521,15.268,66.330,0,0,6260152,245004,49616,1539676,17327.980,1459.767,9739.793,0,76.092,0,5479,4953,1.270,1.530,1.430,3,0,227.275,0,0,35,353,0,13,1
26-03 21:34:28,23.897,3.734,65.467,4.232,0,6311384,186396,49908,1546752,11626.808,1451.733,7161.086,3476.990,65.716,199.140,3565,3908,1.270,1.530,1.430,2,0,0,0,0,35,353,0,13,1
26-03 21:34:29,20.235,3.747,66.701,7.744,0,6325960,168288,50164,1550004,9926.648,1618.801,3469.430,131.902,87.935,8.993,3331,3718,1.270,1.530,1.430,2,0,0,0,0,35,353,0,13,1
26-03 21:34:30,24.260,8.003,61.775,3.251,0,6264912,236684,49860,1542972,18413.429,1458.588,9743.931,24810.010,79.032,210.085,4365,4050,1.270,1.530,1.430,1,0,39.016,0,0,35,353,0,14,1
26-03 21:34:31,27.847,4.265,66.983,0,0,6316936,176308,49868,1551316,14590.768,1463.091,8445.386,553.927,70.244,2.007,3306,3068,1.330,1.530,1.440,1,1,0,0,0,35,353,0,14,1
26-03 21:34:32,28.115,3.234,66.181,0.249,0,6323116,177500,49756,1544056,21138.191,1612.235,9605.735,7.962,76.631,2.986,3810,3598,1.330,1.530,1.440,2,0,0,0,0,35,353,0,16,1
26-03 21:34:33,24.696,8.232,65.605,0,0,6302988,188628,49796,1553016,14769.466,1454.795,9036.095,171.622,74.835,14.967,3936,3704,1.330,1.530,1.440,2,0,42.905,0,0,35,353,0,16,1
26-03 21:34:34,30.090,4.012,64.944,0.251,0,6324732,178400,49440,1541856,19956.490,1504.485,5600.696,509.519,45.135,47.141,3773,3829,1.330,1.530,1.440,2,0,0,0,0,35,353,0,16,1
26-03 21:34:35,28.671,6.036,58.096,4.527,0,6321520,179836,50616,1542456,15279.057,1466.741,547.261,6687.857,29.174,596.555,7883,12235,1.330,1.530,1.440,1,0,0,0,0,35,353,0,15,1
26-03 21:34:36,25.561,8.686,59.807,4.219,0,6294884,198760,50668,1550196,11990.225,1608.094,7544.144,52717.682,63.530,632.318,4723,4734,1.390,1.540,1.440,1,0,34.743,0,0,35,353,0,15,1
26-03 21:34:37,27.894,4.021,67.599,0,0,6324488,182408,50180,1537432,11061.155,1465.573,9778.527,1411.292,76.395,16.083,3391,3301,1.390,1.540,1.440,3,0,0,0,0,35,353,0,15,1
26-03 21:34:38,25.500,6.250,65.001,1.500,0,6267664,229364,50228,1547252,22973.237,1458.015,9744.101,204.002,77.001,20.000,4257,4146,1.390,1.540,1.440,1,0,39.000,0,0,35,353,0,15,1
26-03 21:34:39,31.370,5.228,62.242,0,0,6322732,168904,50244,1552628,13962.156,1613.316,5385.688,167.307,42.823,8.963,3596,3365,1.390,1.540,1.440,5,0,0.996,0,0,35,353,0,15,1
26-03 21:34:40,28.882,3.767,65.046,0.502,0,6334224,181856,50460,1527968,17727.755,1464.672,9242.101,5251.924,74.339,517.357,4141,4380,1.390,1.540,1.440,1,0,0,0,0,35,353,0,15,1
26-03 21:34:41,30.884,9.963,57.285,0,0,6310840,196844,50476,1536348,9574.053,1452.546,8101.582,55.791,65.753,9.963,4872,12632,1.350,1.530,1.440,2,0,77.708,0,0,35,353,0,16,1
26-03 21:34:42,27.853,3.513,68.001,0,0,6322412,192304,49328,1530464,18766.204,1463.397,9764.007,92.341,76.281,6.022,3457,3217,1.350,1.530,1.440,1,0,2.007,0,0,35,353,0,16,1
26-03 21:34:43,24.951,5.240,62.128,4.741,0,6324624,179564,49600,1540720,14299.020,1616.836,10080.275,874.289,89.824,107.789,5458,7100,1.350,1.530,1.440,2,0,0.998,0,0,35,354,0,15,1
26-03 21:34:44,26.180,6.732,64.578,0.748,0,6274084,221848,49768,1548808,11630.021,1454.127,8198.162,558.512,65.825,64.827,4869,5725,1.350,1.530,1.440,4,0,34.907,0,0,35,353,0,15,1
26-03 21:34:45,39.858,9.275,49.384,0.251,0,6323356,195508,49532,1526112,17875.383,1556.212,5510.916,148.402,47.128,8.022,5498,6623,1.350,1.530,1.440,3,0,6.016,0,0,35,353,0,15,1
26-03 21:34:46,49.146,8.275,41.624,0.251,0,6349692,180840,49492,1514484,15825.038,1462.347,10013.765,2342.964,81.241,142.423,5218,4886,1.410,1.540,1.440,2,0,4.012,0,0,35,353,0,16,1
26-03 21:34:47,26.516,23.264,48.780,1.001,0,6268052,252128,49524,1524804,13007.042,1621.002,9389.805,200.124,77.048,16.010,7169,6678,1.410,1.540,1.440,1,0,383.237,0,0,35,353,0,15,1
26-03 21:34:48,11.447,19.658,66.689,0,0,6257660,253384,49524,1533940,17158.062,1451.239,9121.503,3.981,73.657,0.995,6476,5743,1.410,1.540,1.440,1,0,324.488,0,0,35,353,0,15,1
26-03 21:34:49,12.039,21.068,65.462,0.251,0,6245128,256456,49544,1543380,13613.990,1462.726,9759.536,292.947,76.246,22.071,6417,5698,1.410,1.540,1.440,1,1,294.953,0,0,35,353,0,15,1
26-03 21:34:50,25.032,14.018,55.822,3.505,0,6253836,237312,49584,1554260,19244.753,1622.086,9948.796,244.314,97.125,13.017,6988,8891,1.410,1.540,1.440,1,0,175.225,0,0,35,353,0,15,1
26-03 21:34:51,25.140,18.170,49.782,4.729,0,6271164,210188,49608,1563536,13367.389,1451.635,9761.201,111.511,93.590,10.952,5734,5387,1.530,1.560,1.450,3,0,215.057,0,0,35,353,0,15,1
26-03 21:34:52,27.058,21.546,42.591,7.015,0,6302556,167836,49608,1574496,9836.980,1461.116,10995.450,28.060,173.370,7.015,6587,5837,1.530,1.560,1.450,2,0,317.678,0,0,35,353,0,15,1
26-03 21:34:53,37.142,17.699,35.646,7.229,0,6331300,171560,49372,1542768,32850.541,1453.776,4175.866,626.180,150.562,48.858,8261,10471,1.530,1.560,1.450,3,0,233.322,0,0,35,353,0,15,1
26-03 21:34:54,42.824,16.529,31.805,8.014,0.250,6367564,182328,49516,1494980,70412.408,1622.821,6158.707,0,201.350,0,6414,5392,1.530,1.560,1.450,4,1,193.336,0,0,35,353,0,15,1
26-03 21:34:55,63.856,24.541,8.264,3.005,0,6487028,169672,49364,1388692,10269.048,1460.424,12448.666,905.503,346.575,53.088,7432,8736,1.530,1.560,1.450,5,0,302.502,0,0,35,357,0,15,1
26-03 21:34:56,50.413,19.467,13.976,14.974,0,6535240,171848,49144,1339428,18482.287,1455.503,12742.136,6261.257,331.431,777.666,8826,13204,1.730,1.610,1.460,8,0,248.573,0,0,35,358,0,16,1
26-03 21:34:57,58.916,20.307,17.048,2.758,0,6569792,171832,49196,1304532,13163.104,1462.121,6646.736,3622.210,99.280,284.803,9668,12776,1.730,1.610,1.460,6,0,199.563,0,0,35,362,0,16,1
26-03 21:34:58,44.240,24.995,21.995,7.498,0,6617896,175056,48608,1253868,18595.949,1689.632,11021.599,4790.956,122.973,342.925,8956,10955,1.730,1.610,1.460,4,0,350.924,0,0,35,361,0,16,1
26-03 21:34:59,49.210,12.178,17.895,18.392,0,6648096,179920,48232,1219232,19183.923,1686.062,14665.556,1761.616,243.564,128.244,6649,8163,1.730,1.610,1.460,4,1,52.689,0,0,35,361,0,18,1
26-03 21:35:00,39.943,9.546,14.319,34.668,0,6640848,210064,49296,1196584,10497.843,1575.631,14421.848,1242.015,395.918,83.404,6193,7652,1.730,1.610,1.460,2,3,19.092,0,0,35,365,0,18,1
26-03 21:35:01,26.737,7.496,33.733,29.485,0,6648312,179648,50744,1218068,17847.110,1815.096,23032.527,1135.434,1253.376,112.944,7696,10748,1.910,1.650,1.480,3,0,10.995,0,0,35,364,0,18,1
26-03 21:35:02,42.512,13.254,19.005,25.007,0,6682692,183588,49132,1181820,17321.744,2913.798,28539.816,1648.451,1462.401,83.023,7677,9594,1.910,1.650,1.480,1,1,25.007,0,0,35,365,0,19,1
26-03 21:35:03,40.949,10.986,40.200,5.993,0,6744456,186104,47016,1119920,22399.159,3151.083,11078.230,283.647,147.816,9.988,4769,4026,1.910,1.650,1.480,3,0,9.988,0,0,35,365,0,18,1
26-03 21:35:04,37.927,12.226,32.687,14.971,0,6740412,205316,46988,1104780,36568.471,3836.600,14687.672,359.307,395.238,25.950,5226,4733,1.910,1.650,1.480,2,0,17.965,0,0,35,365,0,19,1
26-03 21:35:05,49.274,12.319,24.134,13.827,0,6756360,180428,47356,1113384,80275.432,3989.185,8535.468,756.205,212.180,17.095,5404,4471,1.910,1.650,1.480,3,2,31.173,0,0,35,364,0,20,1
26-03 21:35:06,54.505,9.251,11.251,24.002,0,6527768,417380,47732,1104240,14038.178,1458.122,5260.442,504.042,449.038,53.004,5776,5619,2.080,1.680,1.490,3,2,18.002,0,0,35,358,0,22,1
26-03 21:35:07,83.935,10.959,0.996,4.234,0,6533632,410432,48000,1105588,10072.247,1452.556,904.609,2865.260,106.600,193.276,5983,4463,2.080,1.680,1.490,7,0,3.985,0,0,35,354,0,22,1
26-03 21:35:08,79.049,17.456,0,3.491,0,6641692,300824,48592,1106548,13372.074,1454.310,1615.900,522.674,116.704,57.853,6580,5809,2.080,1.680,1.490,7,0,30.922,0,0,35,353,0,22,1
26-03 21:35:09,88.731,10.248,0,0.250,0,6641352,295520,48628,1112220,18436.974,2169.526,5390.823,351.923,203.955,14.997,5946,4054,2.080,1.680,1.490,5,2,12.997,0,0,35,351,0,22,1
26-03 21:35:10,86.617,11.516,0,2.503,0,6696200,238140,48928,1114468,19354.237,3196.333,1369.857,3216.360,141.191,189.257,6746,7096,2.080,1.680,1.490,5,0,2.003,0,0,35,353,0,22,1
26-03 21:35:11,69.262,9.502,19.503,0.500,0,6746256,186228,49124,1116112,17455.998,1458.250,956.164,9209.582,83.014,1127.194,6722,6014,2.310,1.740,1.510,3,0,2.000,0,0,35,357,0,22,1
26-03 21:35:12,24.733,7.245,65.954,0,0,6746688,185752,49180,1116100,18299.325,3655.468,0,739.488,0,27.981,3341,3262,2.310,1.740,1.510,1,0,0,0,0,35,358,0,22,1
26-03 21:35:13,23.506,8.002,68.016,0,0,6747396,184996,49228,1116100,17415.099,2720.640,0,216.051,0,21.005,3191,3018,2.310,1.740,1.510,1,0,1.000,0,0,35,358,0,22,1
26-03 21:35:14,22.266,7.255,68.799,1.001,0,6739700,192584,49244,1116192,14015.040,1459.045,80.057,152.109,7.005,11.008,2835,2463,2.310,1.740,1.510,2,0,0,0,0,35,358,0,22,1
26-03 21:35:15,22.854,7.032,68.562,0.251,0,6739592,192584,49316,1116228,10625.401,1464.672,16.073,550.508,1.005,41.188,3183,2944,2.310,1.740,1.510,1,0,0,0,0,35,358,0,22,1
26-03 21:35:16,23.493,5.498,69.728,0.250,0,6739540,192584,49364,1116232,9373.108,1457.550,0,1747.461,0,23.993,3003,2897,2.290,1.740,1.510,1,0,0,0,0,35,358,0,23,1
26-03 21:35:17,21.906,6.970,69.949,0,0,6736480,195636,49364,1116240,19882.531,1613.066,0,0,0,0,2856,2470,2.290,1.740,1.510,1,0,0,0,0,35,358,0,23,1
26-03 21:35:18,21.772,7.257,68.569,0.501,0,6736564,195412,49460,1116284,12493.598,1459.472,36.036,604.610,3.003,51.051,3055,3191,2.290,1.740,1.510,2,0,0,0,0,35,358,0,23,1
26-03 21:35:19,23.330,7.526,66.729,1.254,0,6735924,195412,49780,1116604,17671.699,1553.335,144.496,3026.395,4.014,206.710,3537,4050,2.290,1.740,1.510,2,0,0,0,0,35,358,0,23,1
26-03 21:35:20,21.670,6.227,70.488,0.249,0,6735880,195412,49796,1116632,9653.168,1452.608,0,107.601,0,6.974,2666,2467,2.290,1.740,1.510,2,0,0,0,0,35,358,0,22,1
26-03 21:35:21,22.487,7.246,68.961,0.500,0,6735920,195188,49908,1116704,19686.997,1619.095,7.996,787.560,1.999,59.966,3197,3197,2.190,1.730,1.510,2,0,0,0,0,35,360,0,22,1
26-03 21:35:22,20.726,6.992,70.417,0,0,6735868,195188,49956,1116708,17162.793,1456.285,0,143.831,0,19.976,2965,2976,2.190,1.730,1.510,2,0,0,0,0,35,362,0,22,1
26-03 21:35:23,23.774,6.506,69.569,0,0,6735820,195188,50004,1116708,21534.343,1459.446,0,148.147,0,18.018,2915,2919,2.190,1.730,1.510,2,0,1.001,0,0,35,362,0,22,1
26-03 21:35:24,21.841,6.453,69.245,0.248,0,6735804,195188,50020,1116708,72006.881,1608.271,0,111.189,0,8.935,2919,2464,2.190,1.730,1.510,3,0,0,0,0,35,362,0,16,1
26-03 21:35:25,22.143,7.549,69.196,0,0,6735712,195188,50108,1116712,14218.674,1467.461,0,446.881,0,42.273,3061,3092,2.190,1.730,1.510,2,0,0,0,0,35,362,0,16,1
26-03 21:35:26,22.126,7.040,69.647,0.251,0,6735652,195188,50164,1116716,11572.918,1466.352,0,1037.912,0,171.980,2944,2707,2.090,1.720,1.510,2,0,0,0,0,35,362,0,16,1
26-03 21:35:27,21.968,6.990,70.147,0,0,6735652,195188,50164,1116716,18433.895,1455.859,0,347.489,0,63.906,2769,2319,2.090,1.720,1.510,1,0,0,0,0,35,362,0,16,1
26-03 21:35:28,23.422,7.226,67.275,0.997,0,6735492,195188,50236,1116804,14032.012,1614.593,79.733,689.690,3.987,44.850,3148,2996,2.090,1.720,1.510,2,0,0,0,0,35,362,0,16,1
26-03 21:35:29,21.996,6.249,69.736,0,0,6735344,195188,50252,1116936,17793.458,1457.710,0,43.991,0,5.999,2757,2359,2.090,1.720,1.510,3,0,0,0,0,35,362,0,16,1
26-03 21:35:30,23.053,6.264,69.910,0,0,6735336,195188,50260,1116936,11521.425,1551.559,0,36.083,0,4.009,2727,2327,2.090,1.720,1.510,2,0,0,0,0,35,362,0,16,1
26-03 21:35:31,22.662,6.973,68.981,0.249,0,6735304,195188,50308,1116920,9890.472,1452.342,0,255.007,0,22.911,2991,2818,2,1.710,1.500,2,0,0,0,0,35,362,0,16,1
26-03 21:35:32,22.778,7.509,66.332,1.752,0,6735308,194948,50420,1117044,17020.157,1459.815,32.040,404.503,5.006,44.055,3166,3152,2,1.710,1.500,2,0,0,0,0,35,362,0,14,1
26-03 21:35:33,22.537,6.761,69.615,0,0,6735308,194948,50436,1117028,32522.885,1622.689,0,104.173,0,8.013,2983,2410,2,1.710,1.500,2,0,1.002,0,0,35,362,0,14,1
26-03 21:35:34,22.273,6.256,69.821,0,0.250,6735276,194948,50452,1117044,11620.900,1459.495,0,180.185,0,12.012,2699,2373,2,1.710,1.500,2,0,0,0,0,35,362,0,14,1
26-03 21:35:35,21.952,7.733,68.352,0.499,0,6735264,194948,50460,1117048,33187.153,1454.850,35.922,35.922,3.991,4.989,2989,2420,2,1.710,1.500,2,0,0,0,0,35,362,0,14,1
26-03 21:35:36,22.189,6.981,69.059,0.499,0,6735168,194948,50516,1117088,33007.756,1870.828,0,323.107,0,26.926,3138,2773,1.920,1.700,1.500,3,0,0,0,0,35,362,0,14,1
26-03 21:35:37,21.759,7.003,69.278,0,0,6735168,194948,50516,1117088,18291.343,1528.614,0,0,0,0,2800,2359,1.920,1.700,1.500,3,0,0,0,0,35,362,0,14,1
26-03 21:35:38,22.817,7.021,68.952,0.251,0,6735092,194948,50580,1117100,14844.465,1462.282,0,176.517,0,24.070,3145,3083,1.920,1.700,1.500,2,0,0,0,0,35,362,0,14,1
26-03 21:35:39,25.057,9.179,60.285,3.225,0,6746884,192648,50152,1108044,25691.966,1446.848,5005.418,11.908,41.679,2.977,3340,2838,1.920,1.700,1.500,2,0,3.969,0,0,35,362,0,14,1
26-03 21:35:40,24.769,8.341,66.219,0.758,0,6744652,184736,50224,1118116,19519.014,1637.790,9834.825,610.633,77.846,44.483,3636,3480,1.920,1.700,1.500,2,0,0,0,0,35,362,0,14,1
26-03 21:35:41,30.152,11.712,54.573,1.495,0,6752716,209688,49808,1085520,14751.039,1786.192,10019.423,111.637,91.702,18.938,4668,13022,1.850,1.680,1.500,1,0,35.883,0,0,35,362,0,15,1
26-03 21:35:42,23.963,8.487,65.650,0.250,0,6747432,204536,49856,1095908,35655.544,1617.530,9729.141,1793.261,77.881,305.533,3963,3449,1.850,1.680,1.500,1,0,1.997,0,0,35,362,0,15,1
26-03 21:35:43,25.248,6.999,66.244,0,0,6747704,193704,49856,1106468,15223.683,1619.860,9855.147,155.987,76.993,35.997,3444,3070,1.850,1.680,1.500,2,0,1.000,0,0,35,362,0,15,1
26-03 21:35:44,25.267,8.506,62.793,2.252,0,6745808,185224,49920,1116780,23250.935,1621.111,9830.738,296.203,85.058,18.012,3591,3212,1.850,1.680,1.500,4,0,0,0,0,35,362,0,14,1
26-03 21:35:45,32.122,9.711,54.532,2.241,0,6764492,172616,49880,1110836,28648.606,1707.183,9757.040,0,82.670,0,3897,3155,1.850,1.680,1.500,2,0,2.988,0,0,35,362,0,14,1
26-03 21:35:46,41.169,12.300,43.428,2.259,0,6772984,195560,45160,1084292,13860.803,1464.000,10607.471,357.465,99.407,34.140,4520,3802,1.940,1.710,1.510,5,0,5.021,0,0,35,362,0,15,1
26-03 21:35:47,41.717,13.068,43.224,0.251,0,6769272,188632,45168,1094924,10335.680,1628.458,10426.150,84.439,82.428,4.021,5785,6954,1.940,1.710,1.510,1,1,5.026,0,0,35,362,0,15,1
26-03 21:35:48,25.377,8.459,64.685,0.249,0.249,6766904,180644,45240,1105208,33082.122,1450.944,9712.767,437.871,77.623,35.826,3959,3689,1.940,1.710,1.510,3,0,0,0,0,35,362,0,12,1
26-03 21:35:49,25.980,7.994,63.702,0,0,6766340,170920,45272,1115464,14564.028,1618.781,9720.677,115.913,75.943,12.990,3737,3665,1.940,1.710,1.510,2,0,0,0,0,35,362,0,14,1
26-03 21:35:50,23.475,8.741,66.181,0,0,6764468,193248,38424,1101948,17688.535,1456.480,9845.722,55.942,76.920,7.992,3295,2971,1.940,1.710,1.510,1,0,0,0,0,35,362,0,14,1
26-03 21:35:51,26.106,7.280,65.517,0.502,0,6762256,185080,38496,1112256,16556.399,1463.960,9779.812,518.109,79.323,42.172,3572,3395,2.030,1.730,1.520,1,0,0,0,0,35,362,0,14,1
26-03 21:35:52,23.924,7.726,66.041,0,0,6764580,172484,38528,1122496,16976.331,1614.895,9697.343,95.697,75.760,13.956,3477,3286,2.030,1.730,1.520,1,0,0,0,0,35,362,0,14,1
26-03 21:35:53,24.973,8.241,64.680,0.250,0,6762428,190916,38552,1106216,24520.586,1456.431,9733.515,175.811,76.917,19.978,3562,3371,2.030,1.730,1.520,3,0,0.999,0,0,35,362,0,14,1
26-03 21:35:54,24.023,7.507,67.566,0,0,6762756,180076,38552,1116728,76366.116,1459.416,9865.575,8.008,77.075,2.002,3420,3022,2.030,1.730,1.520,2,0,0,0,0,35,362,0,14,1
26-03 21:35:55,24.789,7.762,64.602,1.252,0,6761804,196324,36680,1103328,10331.315,1622.562,10564.684,376.595,122.193,28.044,3452,3410,2.030,1.730,1.520,1,0,0,0,0,35,362,0,14,1
26-03 21:35:56,24.393,8.214,64.966,1.245,0,6762104,185732,36728,1113572,18780.917,1451.655,9745.407,119.478,79.652,20.909,3383,3220,1.940,1.720,1.510,1,0,0,0,0,35,362,0,14,1
26-03 21:35:57,24.091,7.528,67.254,0.251,0.251,6763000,174284,36728,1124124,15124.152,1463.530,9893.385,1694.403,77.292,326.233,3326,2937,1.940,1.720,1.510,1,0,0,0,0,35,362,0,13,1
26-03 21:35:58,24.560,7.518,65.158,0.752,0,6761984,198844,36760,1100760,17673.836,1623.936,9823.810,485.176,80.194,36.087,3542,3504,1.940,1.720,1.510,1,0,0,0,0,35,362,0,13,1
26-03 21:35:59,24.677,7.478,66.552,0,0,6761932,188532,36776,1111108,18012.399,1453.674,9699.137,191.430,76.772,35.893,3347,2990,1.940,1.720,1.510,1,0,0,0,0,35,362,0,13,1
26-03 21:36:00,23.752,8.251,66.757,0,0,6762692,177396,36784,1121476,18166.815,1458.146,9728.972,36.004,76.008,4.000,3233,2807,1.940,1.720,1.510,1,0,0,0,0,35,362,0,13,1
26-03 21:36:01,25.376,7.035,65.575,0.502,0,6761336,197004,36816,1103252,17414.429,1465.272,9921.240,2331.572,78.389,121.604,3590,3622,1.870,1.700,1.510,1,0,0,0,0,35,362,0,11,1
26-03 21:36:02,25.111,7.459,65.141,0,0,6754836,193228,36864,1113480,10181.815,1611.110,9678.592,226.749,76.577,20.885,3517,3316,1.870,1.700,1.510,1,0,0,0,0,35,362,0,12,1
26-03 21:36:03,24.971,7.741,65.923,0,0,6752820,184936,36880,1123772,19262.360,1456.288,9716.580,63.925,75.911,5.993,3419,2977,1.870,1.700,1.510,2,0,0.999,0,0,35,362,0,12,1
26-03 21:36:04,23.772,8.508,66.060,0,0,6748256,179132,36896,1134124,13757.536,1459.330,9864.989,108.099,77.070,8.007,3319,2899,1.870,1.700,1.510,2,0,0,0,0,35,362,0,12,1
26-03 21:36:05,23.262,7.504,65.784,2.001,0,6707980,208372,36924,1145140,9760.000,1620.830,10253.253,68.035,97.050,12.006,3539,3273,1.870,1.700,1.510,2,1,2.001,0,0,35,360,0,10,1
26-03 21:36:06,21.705,4.491,63.618,8.233,0,6728860,175932,37040,1156580,16933.809,1454.976,10929.287,379.212,116.757,27.942,3672,3555,1.800,1.690,1.510,1,0,6.985,0,0,35,360,0,10,1
26-03 21:36:07,16.242,3.498,65.467,12.244,0,6743484,185072,36992,1132968,17303.287,1457.266,14516.690,0,242.878,0,3247,3306,1.800,1.690,1.510,1,0,0,0,0,35,360,0,10,1
26-03 21:36:08,17.046,4.262,64.174,12.534,0,6762340,180204,37056,1118920,19518.887,1570.255,13131.581,573.554,216.587,54.147,3677,4156,1.800,1.690,1.510,0,1,0,0,0,35,360,0,10,1
26-03 21:36:09,19.779,6.510,59.337,12.518,0,6814552,185016,37132,1062592,18248.651,1514.211,11216.381,4.006,196.287,1.001,3743,4808,1.800,1.690,1.510,1,0,2.003,0,0,35,360,0,7,1
26-03 21:36:10,21.963,3.744,67.637,3.744,0,6836136,200884,37128,1026192,17225.181,3971.356,10714.075,579.031,135.773,41.930,3772,4253,1.800,1.690,1.510,1,0,0,0,0,35,363,0,7,1
26-03 21:36:11,14.962,2.743,78.800,1.496,0,6836136,190292,37200,1036712,47779.837,11074.916,9926.827,211.464,82.790,27.929,3929,4420,1.650,1.660,1.500,0,0,0,0,0,35,364,0,7,1
26-03 21:36:12,6.269,2.508,88.267,0,0,6836500,179572,37232,1047036,16551.013,1624.910,9789.582,320.970,77.233,20.061,2758,3441,1.650,1.660,1.500,2,0,0,0,0,35,364,0,7,1
26-03 21:36:13,6.749,2.500,86.738,2.000,0,6830664,187060,37216,1045612,10083.575,1457.794,9906.600,3175.551,84.988,460.935,2838,3223,1.650,1.660,1.500,0,0,1.000,0,0,35,364,0,7,1
26-03 21:36:14,6.251,2.000,88.511,0.500,0,6831900,174984,37272,1056396,17170.149,1458.182,9857.234,484.061,77.010,31.004,2763,3427,1.650,1.660,1.500,0,0,0,0,0,35,364,0,7,1
26-03 21:36:15,6.752,2.501,88.780,0,0,6831036,201588,37136,1031304,17504.998,1620.555,9731.334,0,77.026,0,2583,3144,1.650,1.660,1.500,0,0,0,0,0,35,364,0,7,1
26-03 21:36:16,7.744,2.248,87.429,0.250,0,6830720,191500,37196,1041648,20433.304,1456.810,9736.045,335.726,76.937,35.971,2931,3535,1.520,1.640,1.490,0,0,0,0,0,35,364,0,8,1
26-03 21:36:17,6.251,2.000,89.265,0,0,6830144,182040,37196,1051684,17965.075,1458.250,9729.665,0,76.013,0,2636,3165,1.520,1.640,1.490,2,0,0,0,0,35,364,0,7,1
26-03 21:36:18,6.532,2.010,89.436,0.502,0,6829420,171728,37284,1062632,9986.731,1465.149,10145.506,803.923,82.402,45.221,2746,3613,1.520,1.640,1.490,0,0,0,0,0,35,364,0,7,1
26-03 21:36:19,4.968,1.739,90.419,0,0,6828260,198032,37228,1037916,17557.165,1609.655,9665.880,0,75.515,0,2551,3161,1.520,1.640,1.490,0,0,0,0,0,35,364,0,7,1
26-03 21:36:20,5.260,1.753,91.429,0,0,6828108,187468,37252,1048608,16641.540,1460.857,9747.059,68.133,76.149,10.020,2431,3133,1.520,1.640,1.490,0,0,0,0,0,35,364,0,7,1
26-03 21:36:21,7.271,2.257,88.010,0.752,0,6829756,175364,37404,1058912,33618.356,1462.322,9925.334,637.885,81.240,68.202,3322,4136,1.480,1.620,1.490,0,0,1.003,0,0,35,366,0,7,1
26-03 21:36:22,5.720,2.238,88.789,0.249,0,6826104,198488,37432,1040308,15092.586,1611.627,9693.636,139.276,76.602,19.897,2725,3545,1.480,1.620,1.490,2,0,0,0,0,35,366,0,7,1
26-03 21:36:23,6.504,2.001,89.054,0,0,6827212,187144,37464,1050512,26062.677,1458.878,9749.865,84.051,77.046,13.008,2743,3450,1.480,1.620,1.490,0,0,1.001,0,0,35,366,0,7,1
26-03 21:36:24,6.024,2.008,88.096,1.506,0,6825432,178440,37520,1060940,93190.478,1720.767,9818.612,208.821,80.316,23.091,3240,3741,1.480,1.620,1.490,0,0,0,0,0,35,366,0,7,1
26-03 21:36:25,7.772,3.761,84.240,3.009,0,6823000,190588,37668,1051248,9792.916,1462.168,10205.091,433.235,93.266,66.189,3299,3866,1.480,1.620,1.490,1,0,28.080,0,0,35,366,0,7,1
26-03 21:36:26,11.749,19.748,65.244,1.000,0,6828272,184140,37816,1052276,10853.925,1619.840,10055.004,235.977,90.991,25.997,7431,7442,1.440,1.610,1.480,2,0,536.947,0,0,35,366,0,7,1
26-03 21:36:27,11.236,19.974,67.413,0,0,6833536,178552,37832,1052936,33870.512,1456.130,9715.526,111.856,75.903,7.990,7684,7518,1.440,1.610,1.480,1,0,520.332,0,0,35,366,0,7,1
26-03 21:36:28,11.015,20.027,64.587,2.503,0,6826948,184888,37872,1053296,17301.235,1459.961,10041.486,644.866,87.117,46.062,7618,7786,1.440,1.610,1.480,1,0,509.685,0,0,35,366,0,7,1
26-03 21:36:29,11.227,19.210,65.115,2.744,0,6828948,182964,37832,1053424,17874.065,1626.639,9779.791,989.954,83.827,208.569,7331,7256,1.440,1.610,1.480,2,0,504.957,0,0,35,366,0,7,1
26-03 21:36:30,7.983,8.482,70.846,10.228,0,6808844,197616,37892,1058820,34750.658,222715.135,14616.311,0,156.660,0,4389,4444,1.440,1.610,1.480,0,0,133.710,0,0,35,366,0,7,1
26-03 21:36:31,7.235,2.495,86.575,0.249,0,6808628,187024,37984,1069596,18420.680,1974.999,9740.266,483.021,77.842,40.917,3147,3999,1.320,1.590,1.480,1,0,0,0,0,35,366,0,7,1
26-03 21:36:32,7.768,2.756,87.705,0.251,0,6808544,176696,38016,1079976,10861.348,1461.411,9927.168,92.215,78.182,14.033,2806,3485,1.320,1.590,1.480,0,0,0,0,0,35,366,0,8,1
26-03 21:36:33,6.998,1.999,87.723,0,0,6805032,180624,38028,1079548,25261.337,1457.558,9741.045,151.954,76.977,17.995,2872,3424,1.320,1.590,1.480,0,0,1.000,0,0,35,366,0,8,1
26-03 21:36:34,6.240,2.496,88.853,0,0.250,6804664,170672,38060,1089980,11857.435,1617.331,9711.975,99.835,75.875,13.977,2563,3253,1.320,1.590,1.480,2,0,0,0,0,35,366,0,7,1
26-03 21:36:35,6.752,2.501,88.024,0.500,0,6804356,190100,37448,1071844,20392.555,1458.397,9862.686,488.133,78.021,37.010,2769,3415,1.320,1.590,1.480,0,0,0,0,0,35,366,0,7,1
26-03 21:36:36,6.753,2.251,88.039,0.500,0,6804452,179380,37520,1082396,28782.659,1458.642,9748.287,308.136,78.034,33.015,3005,3546,1.220,1.560,1.470,1,0,0,0,0,35,366,0,7,1
26-03 21:36:37,5.496,2.498,88.678,0,0,6804204,201996,37472,1060908,18652.822,1618.683,9720.091,0,75.938,0,2598,3135,1.220,1.560,1.470,1,0,0,0,0,35,366,0,7,1
26-03 21:36:38,6.999,2.500,85.734,1.250,0,6804596,190672,37584,1071728,14282.303,1457.725,9954.120,587.889,82.984,55.989,3265,4185,1.220,1.560,1.470,1,0,0,0,0,35,366,0,7,1
26-03 21:36:39,9.749,3.500,84.990,0,0,6835140,180408,36964,1052284,21080.569,1457.832,9598.893,4.000,74.991,1.000,3013,3281,1.220,1.560,1.470,2,0,0,0,0,35,366,0,7,1
26-03 21:36:40,6.788,2.765,87.741,0.503,0,6810188,195308,37144,1062156,14325.203,1508.445,9943.672,1749.797,79.445,109.614,3040,3984,1.220,1.560,1.470,1,1,1.006,0,0,35,366,0,7,1
26-03 21:36:41,7.705,2.734,85.997,0.497,0,6809116,186240,37264,1072176,9715.193,1610.583,9703.263,902.722,77.547,72.576,3148,4112,1.200,1.550,1.460,1,0,4.971,0,0,35,366,0,7,1
26-03 21:36:42,12.511,5.255,79.823,0.250,0,6808264,206048,34588,1056192,16140.824,1459.340,9752.957,80.074,77.071,12.011,3889,13361,1.200,1.550,1.460,0,0,33.030,0,0,35,366,0,7,1
26-03 21:36:43,8.249,1.750,87.988,0,0,6807992,196308,34612,1066180,17863.499,1457.796,9858.619,131.982,77.989,9.999,2790,3294,1.200,1.550,1.460,1,0,1.000,0,0,35,366,0,7,1
26-03 21:36:44,6.750,2.250,88.752,0,0,6806648,188012,34636,1075828,14307.345,1458.035,9728.235,320.008,76.002,18.000,2617,3176,1.200,1.550,1.460,0,0,0,0,0,35,366,0,7,1
26-03 21:36:45,15.765,5.255,75.073,1.251,0,6842276,192908,34420,1035520,19501.958,1621.576,10097.816,28.027,83.081,4.004,3429,3300,1.200,1.550,1.460,1,0,3.003,0,0,35,366,0,7,1
26-03 21:36:46,25.483,6.995,65.206,0,0,6845344,180276,34452,1045052,15340.764,1457.028,10233.172,179.880,79.947,14.990,4017,3779,1.270,1.560,1.470,2,0,5.996,0,0,35,366,0,8,1
26-03 21:36:47,21.282,7.762,68.854,0,0,6819584,213972,34372,1037196,20593.205,1460.213,10127.346,0,79.120,0,5547,7165,1.270,1.560,1.470,2,0,4.006,0,0,35,366,0,8,1
26-03 21:36:48,8.731,2.744,85.812,0.748,0,6818288,205368,34448,1047020,15072.997,1616.461,9646.878,718.427,78.827,42.906,3235,3921,1.270,1.560,1.470,0,0,0,0,0,35,366,0,8,1
26-03 21:36:49,8.746,2.749,85.463,0,0,6817240,196888,34480,1056516,10445.526,1457.376,9739.828,171.926,76.967,12.994,3272,3870,1.270,1.560,1.470,0,0,0,0,0,35,366,0,8,1
26-03 21:36:50,6.258,2.253,89.858,0,0,6815848,188148,34496,1066632,17555.180,1459.761,9867.905,60.072,77.093,6.007,2643,3139,1.270,1.560,1.470,0,0,0,0,0,35,366,0,5,1
26-03 21:36:51,7.501,2.250,86.763,0.250,0,6815524,178652,34608,1076340,14751.214,1620.243,9737.461,596.089,78.012,58.009,3161,4112,1.400,1.580,1.480,0,0,0,0,0,35,366,0,5,1
26-03 21:36:52,6.240,2.496,88.360,0.250,0,6815104,188936,34456,1066628,10356.572,1455.691,9728.568,99.842,76.878,16.973,2717,3450,1.400,1.580,1.480,0,0,0,0,0,35,366,0,5,1
26-03 21:36:53,7.264,2.755,87.667,0.501,0,6817648,176320,34520,1076636,24143.018,1460.784,9746.577,2007.827,76.145,361.689,3197,3544,1.400,1.580,1.480,0,0,3.006,0,0,35,366,0,5,1
26-03 21:36:54,5.504,2.002,89.822,0,0,6812552,191136,34464,1066972,78847.528,1513.219,9863.947,4.003,77.062,1.001,2706,3135,1.400,1.580,1.480,0,0,0,0,0,35,366,0,5,1
26-03 21:36:55,7.508,2.503,87.340,0.501,0,6812512,181480,34576,1076556,17352.952,1567.622,9770.107,640.663,78.081,57.059,3143,3969,1.400,1.580,1.480,0,0,0,0,0,35,366,0,5,1
26-03 21:36:56,6.728,2.492,86.961,0.498,0,6813788,188832,34524,1067984,16997.567,1453.175,9711.756,478.412,76.745,60.798,2874,3522,1.290,1.560,1.470,0,0,0,0,0,35,366,0,5,1
26-03 21:36:57,7.012,2.254,89.400,0,0,6806480,186384,34532,1077732,10292.289,1460.453,9872.584,16.027,77.130,3.005,2620,3207,1.290,1.560,1.470,0,0,0,0,0,35,366,0,5,1
26-03 21:36:58,6.743,1.998,88.411,0,0,6807932,175128,34556,1087512,19065.773,1510.477,9590.328,227.770,75.923,14.985,2752,3171,1.290,1.560,1.470,1,0,0,0,0,35,366,0,5,1
26-03 21:36:59,6.494,2.248,88.169,0.250,0,6805464,188144,34468,1077052,13697.402,1564.561,9719.061,67.938,75.930,9.991,2640,3206,1.290,1.560,1.470,3,0,0,0,0,35,366,0,5,1
26-03 21:37:00,6.502,2.501,89.528,0.250,0,6805660,178908,34468,1086092,13823.280,1296.401,8706.696,456.141,71.022,96.030,2531,3038,1.290,1.560,1.470,0,0,0,0,0,35,366,0,5,1
26-03 21:37:01,11.264,3.254,77.850,5.257,0,6822580,173236,34712,1074600,155924.810,3654.683,8651.086,476.611,88.113,44.056,3579,4241,1.270,1.550,1.460,3,0,3.004,0,0,35,366,0,5,1
26-03 21:37:02,17.553,5.015,73.721,1.505,0,6826268,182784,34732,1061344,295200.297,10036.132,5781.358,132.398,66.199,13.039,4221,4290,1.270,1.550,1.460,1,0,22.066,0,0,35,366,0,5,1
26-03 21:37:03,16.955,5.485,72.308,3.241,0,6816900,185316,34900,1068012,166656.993,9301.331,7041.325,167.556,89.762,6.981,4060,3868,1.270,1.550,1.460,1,0,19.947,0,0,35,366,0,5,1
26-03 21:37:04,19.298,6.767,69.672,2.757,0,6825448,185880,35012,1058788,159759.439,4134.181,7069.410,256.632,93.230,12.030,4018,3901,1.270,1.550,1.460,1,0,23.057,0,0,35,366,0,5,1
26-03 21:37:05,18.388,5.964,64.359,8.946,0,6833872,195488,35736,1040032,10105.664,483.068,2286.124,131.204,97.409,17.891,3441,3507,1.270,1.550,1.460,4,0,14.910,0,0,35,366,0,5,1
