{1} setUpClass (manila_tempest_tests.tests.api.******.test_migration.MigrationOfShareWithSnapshotNFSTest) ... SKIPPED: Share migration tests are disabled.
{0} manila_tempest_tests.tests.api.******.test_******_actions_negative.AdminActionsAPIOnlyNegativeTest.test_force_delete_nonexistent_share [0.838149s] ... ok
{1} setUpClass (manila_tempest_tests.tests.api.******.test_migration.MigrationWithShareExtendingNFSTest) ... SKIPPED: Share migration tests are disabled.
{0} manila_tempest_tests.tests.api.******.test_******_actions_negative.AdminActionsAPIOnlyNegativeTest.test_force_delete_nonexistent_share_instance [0.540835s] ... ok
{0} manila_tempest_tests.tests.api.******.test_******_actions_negative.AdminActionsAPIOnlyNegativeTest.test_force_delete_nonexistent_snapshot ... SKIPPED: Snapshot tests are disabled.
{0} manila_tempest_tests.tests.api.******.test_******_actions_negative.AdminActionsAPIOnlyNegativeTest.test_migration_API_invalid_microversion_1_migrate_share [0.504658s] ... ok
{0} manila_tempest_tests.tests.api.******.test_******_actions_negative.AdminActionsAPIOnlyNegativeTest.test_migration_API_invalid_microversion_2_migration_complete [0.011348s] ... ok
{0} manila_tempest_tests.tests.api.******.test_******_actions_negative.AdminActionsAPIOnlyNegativeTest.test_migration_API_invalid_microversion_3_reset_task_state [0.008168s] ... ok
{0} manila_tempest_tests.tests.api.******.test_******_actions_negative.AdminActionsAPIOnlyNegativeTest.test_migration_API_invalid_microversion_4_migration_get_progress [0.008723s] ... ok
{0} manila_tempest_tests.tests.api.******.test_******_actions_negative.AdminActionsAPIOnlyNegativeTest.test_migration_API_invalid_microversion_5_migration_cancel [0.011406s] ... ok
{0} manila_tempest_tests.tests.api.******.test_******_actions_negative.AdminActionsAPIOnlyNegativeTest.test_reset_nonexistent_share_instance_state [0.018648s] ... ok
{0} manila_tempest_tests.tests.api.******.test_******_actions_negative.AdminActionsAPIOnlyNegativeTest.test_reset_nonexistent_share_state [0.017031s] ... ok
{0} manila_tempest_tests.tests.api.******.test_******_actions_negative.AdminActionsAPIOnlyNegativeTest.test_reset_nonexistent_snapshot_state ... SKIPPED: Snapshot tests are disabled.
{0} manila_tempest_tests.tests.api.******.test_******_actions_negative.AdminActionsAPIOnlyNegativeTest.test_reset_task_state_share_not_found [0.075346s] ... ok
{0} manila_tempest_tests.tests.api.******.test_******_actions_negative.AdminActionsAPIOnlyNegativeTest.test_try_list_share_instance_with_member [0.010345s] ... ok
{1} setUpClass (manila_tempest_tests.tests.api.******.test_migration.MigrationWithShareShrinkingNFSTest) ... SKIPPED: Share migration tests are disabled.
{1} setUpClass (manila_tempest_tests.tests.api.******.test_migration_negative.MigrationNegativeTest) ... SKIPPED: Share migration tests are disabled.
{1} setUpClass (manila_tempest_tests.tests.api.******.test_quotas_negative.ReplicaQuotasNegativeTest) ... SKIPPED: Replication tests are disabled.
{1} setUpClass (manila_tempest_tests.tests.api.******.test_replication_actions.ReplicationActionsAdminTest) ... SKIPPED: Replication tests are disabled.
{1} setUpClass (manila_tempest_tests.tests.api.******.test_scheduler_hints.SharesSchedulerHintsAdminTest) ... SKIPPED: Manila multi-backend tests are disabled.
{1} setUpClass (manila_tempest_tests.tests.api.******.test_share_groups.ShareGroupsTest) ... SKIPPED: Share Group tests disabled.
{1} setUpClass (manila_tempest_tests.tests.api.******.test_share_manage.ManageGLUSTERFSShareTest) ... SKIPPED: glusterfs tests are disabled
{1} setUpClass (manila_tempest_tests.tests.api.******.test_share_manage_negative.ManageMapRFSShareNegativeTest) ... SKIPPED: maprfs tests are disabled
{3} setUpClass (manila_tempest_tests.tests.api.******.test_******_actions.AdminActionsTest) [0.000000s] ... FAILED

Captured traceback:
~~~~~~~~~~~~~~~~~~~
    Traceback (most recent call last):

      File "/opt/stack/tempest/tempest/test.py", line 185, in setUpClass
    raise value.with_traceback(trace)

      File "/opt/stack/tempest/tempest/test.py", line 178, in setUpClass
    cls.resource_setup()

      File "/opt/stack/tempest/manila-tempest-plugin/manila_tempest_tests/tests/api/******/test_******_actions.py", line 46, in resource_setup
    cls.share = cls.create_share(share_type_id=cls.share_type_id)
                ^^^^^^^^^^^^^^^^^^^^^^^^^^^^^^^^^^^^^^^^^^^^^^^^^

      File "/opt/stack/tempest/manila-tempest-plugin/manila_tempest_tests/tests/api/base.py", line 411, in create_share
    result = cls.create_shares([{"args": args, "kwargs": kwargs}])
             ^^^^^^^^^^^^^^^^^^^^^^^^^^^^^^^^^^^^^^^^^^^^^^^^^^^^^

      File "/opt/stack/tempest/manila-tempest-plugin/manila_tempest_tests/tests/api/base.py", line 469, in create_shares
    waiters.wait_for_resource_status(

      File "/opt/stack/tempest/manila-tempest-plugin/manila_tempest_tests/common/waiters.py", line 109, in wait_for_resource_status
    raise resource_exception(resource_id=resource_id)

    manila_tempest_tests.share_exceptions.ShareBuildErrorException: Share a712ab52-8623-4331-b929-b090e77a7868 failed to build and is in ERROR status

{1} manila_tempest_tests.tests.api.******.test_share_networks.ShareNetworkAdminTest.test_list_share_networks [0.156334s] ... ok
{1} manila_tempest_tests.tests.api.******.test_share_networks.ShareNetworkAdminTest.test_list_share_networks_all_filter_opts [0.063983s] ... ok
{3} setUpClass (manila_tempest_tests.tests.api.******.test_migration.MigrationOppositeDriverModesNFSTest) ... SKIPPED: Share migration tests are disabled.
{3} setUpClass (manila_tempest_tests.tests.api.******.test_replication.ReplicationAdminTest) ... SKIPPED: Replication tests are disabled.
{1} manila_tempest_tests.tests.api.******.test_share_networks.ShareNetworkAdminTest.test_list_share_networks_all_tenants [0.229854s] ... ok
{1} manila_tempest_tests.tests.api.******.test_share_networks.ShareNetworkAdminTest.test_list_share_networks_filter_by_project_id [0.033150s] ... ok
{2} setUpClass (manila_tempest_tests.tests.api.******.test_******_actions_negative.AdminActionsNegativeTest) [0.000000s] ... FAILED

Captured traceback:
~~~~~~~~~~~~~~~~~~~
    Traceback (most recent call last):

      File "/opt/stack/tempest/tempest/test.py", line 185, in setUpClass
    raise value.with_traceback(trace)

      File "/opt/stack/tempest/tempest/test.py", line 178, in setUpClass
    cls.resource_setup()

      File "/opt/stack/tempest/manila-tempest-plugin/manila_tempest_tests/tests/api/******/test_******_actions_negative.py", line 43, in resource_setup
    cls.share = cls.create_share(share_type_id=cls.share_type_id,
                ^^^^^^^^^^^^^^^^^^^^^^^^^^^^^^^^^^^^^^^^^^^^^^^^^

      File "/opt/stack/tempest/manila-tempest-plugin/manila_tempest_tests/tests/api/base.py", line 411, in create_share
    result = cls.create_shares([{"args": args, "kwargs": kwargs}])
             ^^^^^^^^^^^^^^^^^^^^^^^^^^^^^^^^^^^^^^^^^^^^^^^^^^^^^

      File "/opt/stack/tempest/manila-tempest-plugin/manila_tempest_tests/tests/api/base.py", line 469, in create_shares
    waiters.wait_for_resource_status(

      File "/opt/stack/tempest/manila-tempest-plugin/manila_tempest_tests/common/waiters.py", line 109, in wait_for_resource_status
    raise resource_exception(resource_id=resource_id)

    manila_tempest_tests.share_exceptions.ShareBuildErrorException: Share a37ff7ec-d197-46ba-a3d5-2078141408a4 failed to build and is in ERROR status

{1} manila_tempest_tests.tests.api.******.test_share_networks.ShareNetworkAdminTest.test_list_share_networks_filter_by_ss [0.081091s] ... ok
{1} manila_tempest_tests.tests.api.******.test_share_networks.ShareNetworkAdminTest.test_list_share_networks_like_filter [0.064711s] ... ok
{1} manila_tempest_tests.tests.api.******.test_share_networks.ShareNetworkAdminTest.test_list_share_networks_with_detail [0.048113s] ... ok
{1} manila_tempest_tests.tests.api.******.test_share_networks.ShareNetworkAdminTest.test_try_list_share_networks_all_tenants [0.035370s] ... ok
{1} manila_tempest_tests.tests.api.******.test_share_networks.ShareNetworkAdminTest.test_try_list_share_networks_project_id [0.033290s] ... ok
{3} manila_tempest_tests.tests.api.******.test_security_services.SecurityServiceAdminTest.test_list_security_services [0.338757s] ... ok
{3} manila_tempest_tests.tests.api.******.test_security_services.SecurityServiceAdminTest.test_list_security_services_all_tenants [0.135949s] ... ok
{3} manila_tempest_tests.tests.api.******.test_security_services.SecurityServiceAdminTest.test_list_security_services_detailed_filter_by_ss_attributes [0.137439s] ... ok
{3} manila_tempest_tests.tests.api.******.test_security_services.SecurityServiceAdminTest.test_list_security_services_filter_by_share_network ... SKIPPED: Only for multitenancy.
{3} manila_tempest_tests.tests.api.******.test_security_services.SecurityServiceAdminTest.test_list_security_services_invalid_filters [0.162389s] ... ok
{3} manila_tempest_tests.tests.api.******.test_security_services.SecurityServiceAdminTest.test_list_security_services_with_detail_1_1_0 ... SKIPPED: Skipped. Test requires microversion '1.0'.
{3} manila_tempest_tests.tests.api.******.test_security_services.SecurityServiceAdminTest.test_list_security_services_with_detail_2_2_42 [0.127050s] ... ok
{3} manila_tempest_tests.tests.api.******.test_security_services.SecurityServiceAdminTest.test_list_security_services_with_detail_3_2_44 [0.131221s] ... ok
{2} setUpClass (manila_tempest_tests.tests.api.******.test_migration.MigrationCancelNFSTest) ... SKIPPED: Share migration tests are disabled.
{3} manila_tempest_tests.tests.api.******.test_security_services.SecurityServiceAdminTest.test_list_security_services_with_detail_4_2_90 [0.146872s] ... ok
{3} setUpClass (manila_tempest_tests.tests.api.******.test_share_group_types.ShareGroupTypesTest) ... SKIPPED: Share Group tests disabled.
{3} setUpClass (manila_tempest_tests.tests.api.******.test_share_group_types_negative.ShareGroupTypesAdminNegativeTest) ... SKIPPED: Share Group tests disabled.
{3} setUpClass (manila_tempest_tests.tests.api.******.test_share_groups_negative.ShareGroupsNegativeTest) ... SKIPPED: Share Group tests disabled.
{1} setUpClass (manila_tempest_tests.tests.api.******.test_share_servers_manage.ManageShareServersTest) ... SKIPPED: Multitenancy tests are disabled.
{1} setUpClass (manila_tempest_tests.tests.api.******.test_share_servers_manage_negative.ManageShareServersNegativeTest) ... SKIPPED: Multitenancy tests are disabled.
{1} setUpClass (manila_tempest_tests.tests.api.******.test_share_servers_migration.ShareServerMigrationBasicCIFS) ... SKIPPED: cifs tests are disabled.
{1} setUpClass (manila_tempest_tests.tests.api.******.test_share_snapshot_instances_negative.SnapshotInstancesNegativeTest) ... SKIPPED: Snapshot tests are disabled.
{2} setUpClass (manila_tempest_tests.tests.api.******.test_migration.MigrationWithDifferentSnapshotSupportNFSTest) ... SKIPPED: Share migration tests are disabled.
{1} manila_tempest_tests.tests.api.******.test_share_types_extra_specs.ExtraSpecsReadAdminTest.test_get_all_share_type_extra_specs [0.022203s] ... ok
{1} manila_tempest_tests.tests.api.******.test_share_types_extra_specs.ExtraSpecsReadAdminTest.test_get_one_share_type_extra_spec [0.022215s] ... ok
{0} setUpClass (manila_tempest_tests.tests.api.******.test_export_locations.ExportLocationsTest) [0.000000s] ... FAILED

Captured traceback:
~~~~~~~~~~~~~~~~~~~
    Traceback (most recent call last):

      File "/opt/stack/tempest/tempest/test.py", line 185, in setUpClass
    raise value.with_traceback(trace)

      File "/opt/stack/tempest/tempest/test.py", line 178, in setUpClass
    cls.resource_setup()

      File "/opt/stack/tempest/manila-tempest-plugin/manila_tempest_tests/tests/api/******/test_export_locations.py", line 47, in resource_setup
    cls.share = cls.create_share(share_type_id=cls.share_type_id,
                ^^^^^^^^^^^^^^^^^^^^^^^^^^^^^^^^^^^^^^^^^^^^^^^^^

      File "/opt/stack/tempest/manila-tempest-plugin/manila_tempest_tests/tests/api/base.py", line 411, in create_share
    result = cls.create_shares([{"args": args, "kwargs": kwargs}])
             ^^^^^^^^^^^^^^^^^^^^^^^^^^^^^^^^^^^^^^^^^^^^^^^^^^^^^

      File "/opt/stack/tempest/manila-tempest-plugin/manila_tempest_tests/tests/api/base.py", line 469, in create_shares
    waiters.wait_for_resource_status(

      File "/opt/stack/tempest/manila-tempest-plugin/manila_tempest_tests/common/waiters.py", line 109, in wait_for_resource_status
    raise resource_exception(resource_id=resource_id)

    manila_tempest_tests.share_exceptions.ShareBuildErrorException: Share 4cae57a3-f97e-496f-a321-57b2e578b29a failed to build and is in ERROR status

{2} manila_tempest_tests.tests.api.******.test_quotas.SharesAdminQuotasTest.test_default_quotas [0.015666s] ... ok
{2} manila_tempest_tests.tests.api.******.test_quotas.SharesAdminQuotasTest.test_show_quotas [0.019460s] ... ok
{2} manila_tempest_tests.tests.api.******.test_quotas.SharesAdminQuotasTest.test_show_quotas_for_user [0.019630s] ... ok
{2} manila_tempest_tests.tests.api.******.test_quotas.SharesAdminQuotasTest.test_show_replica_quotas_for_user_using_too_old_microversion [0.017074s] ... ok
{2} manila_tempest_tests.tests.api.******.test_quotas.SharesAdminQuotasTest.test_show_sg_quotas_for_user_using_too_old_microversion [0.016716s] ... ok
{2} manila_tempest_tests.tests.api.******.test_quotas.SharesAdminQuotasTest.test_show_sg_quotas_using_too_old_microversion [0.014439s] ... ok
{2} manila_tempest_tests.tests.api.******.test_quotas.SharesAdminQuotasTest.test_show_share_type_quotas_1___id___True_ [0.126589s] ... ok
{2} manila_tempest_tests.tests.api.******.test_quotas.SharesAdminQuotasTest.test_show_share_type_quotas_2___name___False_ [0.164338s] ... ok
{0} manila_tempest_tests.tests.api.******.test_export_locations_negative.ExportLocationsAPIOnlyNegativeTest.test_get_export_locations_by_nonexistent_share [0.088155s] ... ok
{0} manila_tempest_tests.tests.api.******.test_export_locations_negative.ExportLocationsAPIOnlyNegativeTest.test_get_export_locations_by_nonexistent_share_instance [0.019361s] ... ok
{1} manila_tempest_tests.tests.api.******.test_share_types_negative.ShareTypesAdminNegativeTest.test_add_share_type_allowed_for_public [0.170137s] ... ok
{1} manila_tempest_tests.tests.api.******.test_share_types_negative.ShareTypesAdminNegativeTest.test_add_share_type_by_nonexistent_id [0.036792s] ... ok
{1} manila_tempest_tests.tests.api.******.test_share_types_negative.ShareTypesAdminNegativeTest.test_create_share_type_with_description_in_wrong_version_1_2_0 [0.014429s] ... ok
{1} manila_tempest_tests.tests.api.******.test_share_types_negative.ShareTypesAdminNegativeTest.test_create_share_type_with_description_in_wrong_version_2_2_6 [0.009571s] ... ok
{1} manila_tempest_tests.tests.api.******.test_share_types_negative.ShareTypesAdminNegativeTest.test_create_share_type_with_description_in_wrong_version_3_2_40 [0.008904s] ... ok
{1} manila_tempest_tests.tests.api.******.test_share_types_negative.ShareTypesAdminNegativeTest.test_create_share_type_with_empty_name [0.008688s] ... ok
{1} manila_tempest_tests.tests.api.******.test_share_types_negative.ShareTypesAdminNegativeTest.test_create_share_type_with_too_big_name [0.009685s] ... ok
{2} manila_tempest_tests.tests.api.******.test_scheduler_stats.SchedulerStatsAdminTest.test_pool_list [0.629420s] ... FAILED

Captured traceback:
~~~~~~~~~~~~~~~~~~~
    Traceback (most recent call last):

      File "/opt/stack/tempest/manila-tempest-plugin/manila_tempest_tests/tests/api/******/test_scheduler_stats.py", line 58, in test_pool_list
    self.assertNotEmpty(pool_list)

      File "/opt/stack/tempest/tempest/test.py", line 949, in assertNotEmpty
    self.assertTrue(items, msg)

      File "/usr/lib/python3.12/unittest/case.py", line 727, in assertTrue
    raise self.failureException(msg)

    AssertionError: [] is not true : sequence or collection is empty.


Captured pythonlogging:
~~~~~~~~~~~~~~~~~~~~~~~
    2026-02-06 07:09:49,829 167949 INFO     [tempest.lib.common.rest_client] Request (SchedulerStatsAdminTest:test_pool_list): 200 GET http://10.132.46.216/share/v1/a8eeb7f2b5714dc58b5c4ee9df3c4ffa/scheduler-stats/pools 0.626s
2026-02-06 07:09:49,829 167949 DEBUG    [tempest.lib.common.rest_client] Request - Headers: {'Content-Type': 'application/json', 'Accept': 'application/json', 'X-Auth-Token': '<omitted>'}
        Body: None
    Response - Headers: {'date': 'Fri, 06 Feb 2026 07:09:49 GMT', 'server': 'Apache/2.4.58 (Ubuntu)', 'content-type': 'application/json', 'content-length': '13', 'x-compute-request-id': 'req-86dd76cb-5db1-4165-8d1a-17c9d3925f54', 'x-openstack-manila-api-version': '1.0', 'vary': 'X-OpenStack-Manila-API-Version', 'x-openstack-request-id': 'req-86dd76cb-5db1-4165-8d1a-17c9d3925f54', 'connection': 'close', 'status': '200', 'content-location': 'http://10.132.46.216/share/v1/a8eeb7f2b5714dc58b5c4ee9df3c4ffa/scheduler-stats/pools'}
        Body: b'{"pools": []}'

{1} manila_tempest_tests.tests.api.******.test_share_types_negative.ShareTypesAdminNegativeTest.test_create_share_with_non_allowed_share_type [0.277771s] ... ok
{1} manila_tempest_tests.tests.api.******.test_share_types_negative.ShareTypesAdminNegativeTest.test_create_share_with_nonexistent_share_type [0.017746s] ... ok
{1} manila_tempest_tests.tests.api.******.test_share_types_negative.ShareTypesAdminNegativeTest.test_get_share_type_by_nonexistent_id [0.015644s] ... ok
{1} manila_tempest_tests.tests.api.******.test_share_types_negative.ShareTypesAdminNegativeTest.test_remove_share_type_allowed_for_public [0.035960s] ... ok
{1} manila_tempest_tests.tests.api.******.test_share_types_negative.ShareTypesAdminNegativeTest.test_remove_share_type_by_nonexistent_id [0.013871s] ... ok
{1} manila_tempest_tests.tests.api.******.test_share_types_negative.ShareTypesAdminNegativeTest.test_try_create_duplicate_of_share_type [0.037219s] ... ok
{1} manila_tempest_tests.tests.api.******.test_share_types_negative.ShareTypesAdminNegativeTest.test_try_delete_share_type_by_nonexistent_id [0.180291s] ... ok
{2} manila_tempest_tests.tests.api.******.test_scheduler_stats.SchedulerStatsAdminTest.test_pool_list_detail [0.517975s] ... FAILED

Captured traceback:
~~~~~~~~~~~~~~~~~~~
    Traceback (most recent call last):

      File "/opt/stack/tempest/manila-tempest-plugin/manila_tempest_tests/tests/api/******/test_scheduler_stats.py", line 119, in test_pool_list_detail
    self.assertNotEmpty(pool_list)

      File "/opt/stack/tempest/tempest/test.py", line 949, in assertNotEmpty
    self.assertTrue(items, msg)

      File "/usr/lib/python3.12/unittest/case.py", line 727, in assertTrue
    raise self.failureException(msg)

    AssertionError: [] is not true : sequence or collection is empty.


Captured pythonlogging:
~~~~~~~~~~~~~~~~~~~~~~~
    2026-02-06 07:09:50,350 167949 INFO     [tempest.lib.common.rest_client] Request (SchedulerStatsAdminTest:test_pool_list_detail): 200 GET http://10.132.46.216/share/v1/a8eeb7f2b5714dc58b5c4ee9df3c4ffa/scheduler-stats/pools/detail 0.516s
2026-02-06 07:09:50,351 167949 DEBUG    [tempest.lib.common.rest_client] Request - Headers: {'Content-Type': 'application/json', 'Accept': 'application/json', 'X-Auth-Token': '<omitted>'}
        Body: None
    Response - Headers: {'date': 'Fri, 06 Feb 2026 07:09:49 GMT', 'server': 'Apache/2.4.58 (Ubuntu)', 'content-type': 'application/json', 'content-length': '13', 'x-compute-request-id': 'req-b31dc923-339a-41a3-b82b-9b0350cbee54', 'x-openstack-manila-api-version': '1.0', 'vary': 'X-OpenStack-Manila-API-Version', 'x-openstack-request-id': 'req-b31dc923-339a-41a3-b82b-9b0350cbee54', 'connection': 'close', 'status': '200', 'content-location': 'http://10.132.46.216/share/v1/a8eeb7f2b5714dc58b5c4ee9df3c4ffa/scheduler-stats/pools/detail'}
        Body: b'{"pools": []}'

{3} setUpClass (manila_tempest_tests.tests.api.******.test_share_instances_negative.ShareInstancesNegativeTest) [0.000000s] ... FAILED

Captured traceback:
~~~~~~~~~~~~~~~~~~~
    Traceback (most recent call last):

      File "/opt/stack/tempest/tempest/test.py", line 185, in setUpClass
    raise value.with_traceback(trace)

      File "/opt/stack/tempest/tempest/test.py", line 178, in setUpClass
    cls.resource_setup()

      File "/opt/stack/tempest/manila-tempest-plugin/manila_tempest_tests/tests/api/******/test_share_instances_negative.py", line 31, in resource_setup
    cls.share = cls.create_share(share_type_id=cls.share_type_id)
                ^^^^^^^^^^^^^^^^^^^^^^^^^^^^^^^^^^^^^^^^^^^^^^^^^

      File "/opt/stack/tempest/manila-tempest-plugin/manila_tempest_tests/tests/api/base.py", line 411, in create_share
    result = cls.create_shares([{"args": args, "kwargs": kwargs}])
             ^^^^^^^^^^^^^^^^^^^^^^^^^^^^^^^^^^^^^^^^^^^^^^^^^^^^^

      File "/opt/stack/tempest/manila-tempest-plugin/manila_tempest_tests/tests/api/base.py", line 469, in create_shares
    waiters.wait_for_resource_status(

      File "/opt/stack/tempest/manila-tempest-plugin/manila_tempest_tests/common/waiters.py", line 109, in wait_for_resource_status
    raise resource_exception(resource_id=resource_id)

    manila_tempest_tests.share_exceptions.ShareBuildErrorException: Share e7726cba-7975-43b5-ad67-c64b7acae233 failed to build and is in ERROR status

{3} setUpClass (manila_tempest_tests.tests.api.******.test_share_manage.ManageCephFSShareTest) ... SKIPPED: cephfs tests are disabled
{3} setUpClass (manila_tempest_tests.tests.api.******.test_share_manage.ManageHDFSShareTest) ... SKIPPED: hdfs tests are disabled
{3} setUpClass (manila_tempest_tests.tests.api.******.test_share_manage_negative.ManageHDFSShareNegativeTest) ... SKIPPED: hdfs tests are disabled
{2} manila_tempest_tests.tests.api.******.test_scheduler_stats.SchedulerStatsAdminTest.test_pool_list_detail_with_filters [0.516694s] ... FAILED

Captured traceback:
~~~~~~~~~~~~~~~~~~~
    Traceback (most recent call last):

      File "/opt/stack/tempest/manila-tempest-plugin/manila_tempest_tests/tests/api/******/test_scheduler_stats.py", line 135, in test_pool_list_detail_with_filters
    self.assertNotEmpty(pool_list)

      File "/opt/stack/tempest/tempest/test.py", line 949, in assertNotEmpty
    self.assertTrue(items, msg)

      File "/usr/lib/python3.12/unittest/case.py", line 727, in assertTrue
    raise self.failureException(msg)

    AssertionError: [] is not true : sequence or collection is empty.


Captured pythonlogging:
~~~~~~~~~~~~~~~~~~~~~~~
    2026-02-06 07:09:50,868 167949 INFO     [tempest.lib.common.rest_client] Request (SchedulerStatsAdminTest:test_pool_list_detail_with_filters): 200 GET http://10.132.46.216/share/v1/a8eeb7f2b5714dc58b5c4ee9df3c4ffa/scheduler-stats/pools/detail 0.513s
2026-02-06 07:09:50,868 167949 DEBUG    [tempest.lib.common.rest_client] Request - Headers: {'Content-Type': 'application/json', 'Accept': 'application/json', 'X-Auth-Token': '<omitted>'}
        Body: None
    Response - Headers: {'date': 'Fri, 06 Feb 2026 07:09:50 GMT', 'server': 'Apache/2.4.58 (Ubuntu)', 'content-type': 'application/json', 'content-length': '13', 'x-compute-request-id': 'req-970d53b4-824b-4659-9eb0-9aecd0ac8c4e', 'x-openstack-manila-api-version': '1.0', 'vary': 'X-OpenStack-Manila-API-Version', 'x-openstack-request-id': 'req-970d53b4-824b-4659-9eb0-9aecd0ac8c4e', 'connection': 'close', 'status': '200', 'content-location': 'http://10.132.46.216/share/v1/a8eeb7f2b5714dc58b5c4ee9df3c4ffa/scheduler-stats/pools/detail'}
        Body: b'{"pools": []}'

{2} manila_tempest_tests.tests.api.******.test_scheduler_stats.SchedulerStatsAdminTest.test_pool_list_detail_with_filters_negative [0.520674s] ... ok
{2} manila_tempest_tests.tests.api.******.test_scheduler_stats.SchedulerStatsAdminTest.test_pool_list_with_filters [0.519099s] ... FAILED

Captured traceback:
~~~~~~~~~~~~~~~~~~~
    Traceback (most recent call last):

      File "/opt/stack/tempest/manila-tempest-plugin/manila_tempest_tests/tests/api/******/test_scheduler_stats.py", line 74, in test_pool_list_with_filters
    self.assertNotEmpty(pool_list)

      File "/opt/stack/tempest/tempest/test.py", line 949, in assertNotEmpty
    self.assertTrue(items, msg)

      File "/usr/lib/python3.12/unittest/case.py", line 727, in assertTrue
    raise self.failureException(msg)

    AssertionError: [] is not true : sequence or collection is empty.


Captured pythonlogging:
~~~~~~~~~~~~~~~~~~~~~~~
    2026-02-06 07:09:51,909 167949 INFO     [tempest.lib.common.rest_client] Request (SchedulerStatsAdminTest:test_pool_list_with_filters): 200 GET http://10.132.46.216/share/v1/a8eeb7f2b5714dc58b5c4ee9df3c4ffa/scheduler-stats/pools 0.516s
2026-02-06 07:09:51,910 167949 DEBUG    [tempest.lib.common.rest_client] Request - Headers: {'Content-Type': 'application/json', 'Accept': 'application/json', 'X-Auth-Token': '<omitted>'}
        Body: None
    Response - Headers: {'date': 'Fri, 06 Feb 2026 07:09:51 GMT', 'server': 'Apache/2.4.58 (Ubuntu)', 'content-type': 'application/json', 'content-length': '13', 'x-compute-request-id': 'req-043c7a56-dbbd-4451-9f0c-fa977531d6c8', 'x-openstack-manila-api-version': '1.0', 'vary': 'X-OpenStack-Manila-API-Version', 'x-openstack-request-id': 'req-043c7a56-dbbd-4451-9f0c-fa977531d6c8', 'connection': 'close', 'status': '200', 'content-location': 'http://10.132.46.216/share/v1/a8eeb7f2b5714dc58b5c4ee9df3c4ffa/scheduler-stats/pools'}
        Body: b'{"pools": []}'

{2} manila_tempest_tests.tests.api.******.test_scheduler_stats.SchedulerStatsAdminTest.test_pool_list_with_filters_negative [0.541594s] ... ok
{2} manila_tempest_tests.tests.api.******.test_scheduler_stats.SchedulerStatsAdminTest.test_pool_list_with_share_type_filter_with_detail_1__True___name__ [0.549146s] ... FAILED

Captured traceback:
~~~~~~~~~~~~~~~~~~~
    Traceback (most recent call last):

      File "/usr/lib/python3/dist-packages/ddt.py", line 220, in wrapper
    return func(self, *args, **kwargs)
           ^^^^^^^^^^^^^^^^^^^^^^^^^^^

      File "/opt/stack/tempest/manila-tempest-plugin/manila_tempest_tests/tests/api/******/test_scheduler_stats.py", line 189, in test_pool_list_with_share_type_filter_with_detail
    self.assertNotEmpty(pools)

      File "/opt/stack/tempest/tempest/test.py", line 949, in assertNotEmpty
    self.assertTrue(items, msg)

      File "/usr/lib/python3.12/unittest/case.py", line 727, in assertTrue
    raise self.failureException(msg)

    AssertionError: [] is not true : sequence or collection is empty.


Captured pythonlogging:
~~~~~~~~~~~~~~~~~~~~~~~
    2026-02-06 07:09:52,482 167949 INFO     [tempest.lib.common.rest_client] Request (SchedulerStatsAdminTest:test_pool_list_with_share_type_filter_with_detail): 200 POST http://10.132.46.216/share/v2/a8eeb7f2b5714dc58b5c4ee9df3c4ffa/types 0.024s
2026-02-06 07:09:52,482 167949 DEBUG    [tempest.lib.common.rest_client] Request - Headers: {'Content-Type': 'application/json', 'Accept': 'application/json', 'x-openstack-manila-api-version': '2.90', 'X-Auth-Token': '<omitted>'}
        Body: {"share_type": {"name": "tempest-typeshare-type-779527089", "extra_specs": {"driver_handles_share_servers": "False"}, "share_type_access:is_public": true}}
    Response - Headers: {'date': 'Fri, 06 Feb 2026 07:09:52 GMT', 'server': 'Apache/2.4.58 (Ubuntu)', 'content-type': 'application/json', 'content-length': '621', 'x-compute-request-id': 'req-21bdc1eb-26e9-4fbe-bb4d-b6d75a2165f1', 'x-openstack-manila-api-version': '2.90', 'vary': 'X-OpenStack-Manila-API-Version', 'x-openstack-request-id': 'req-21bdc1eb-26e9-4fbe-bb4d-b6d75a2165f1', 'connection': 'close', 'status': '200', 'content-location': 'http://10.132.46.216/share/v2/a8eeb7f2b5714dc58b5c4ee9df3c4ffa/types'}
        Body: b'{"volume_type": {"id": "08ce29c4-8a58-46d4-8102-34c4011bc38b", "name": "tempest-typeshare-type-779527089", "extra_specs": {"driver_handles_share_servers": "False"}, "required_extra_specs": {"driver_handles_share_servers": "False"}, "share_type_access:is_public": true, "description": null, "is_default": false}, "share_type": {"id": "08ce29c4-8a58-46d4-8102-34c4011bc38b", "name": "tempest-typeshare-type-779527089", "extra_specs": {"driver_handles_share_servers": "False"}, "required_extra_specs": {"driver_handles_share_servers": "False"}, "share_type_access:is_public": true, "description": null, "is_default": false}}'
2026-02-06 07:09:53,001 167949 INFO     [tempest.lib.common.rest_client] Request (SchedulerStatsAdminTest:test_pool_list_with_share_type_filter_with_detail): 200 GET http://10.132.46.216/share/v2/a8eeb7f2b5714dc58b5c4ee9df3c4ffa/scheduler-stats/pools/detail?share_type=tempest-typeshare-type-779527089 0.518s
2026-02-06 07:09:53,002 167949 DEBUG    [tempest.lib.common.rest_client] Request - Headers: {'Content-Type': 'application/json', 'Accept': 'application/json', 'x-openstack-manila-api-version': '2.90', 'X-Auth-Token': '<omitted>'}
        Body: None
    Response - Headers: {'date': 'Fri, 06 Feb 2026 07:09:52 GMT', 'server': 'Apache/2.4.58 (Ubuntu)', 'content-type': 'application/json', 'content-length': '13', 'x-compute-request-id': 'req-740c5419-341b-44ef-acf0-66cb2df650ba', 'x-openstack-manila-api-version': '2.90', 'vary': 'X-OpenStack-Manila-API-Version', 'x-openstack-request-id': 'req-740c5419-341b-44ef-acf0-66cb2df650ba', 'connection': 'close', 'status': '200', 'content-location': 'http://10.132.46.216/share/v2/a8eeb7f2b5714dc58b5c4ee9df3c4ffa/scheduler-stats/pools/detail?share_type=tempest-typeshare-type-779527089'}
        Body: b'{"pools": []}'

{1} setUpClass (manila_tempest_tests.tests.api.******.test_snapshot_export_locations.SnapshotExportLocationsTest) ... SKIPPED: Snapshot tests are disabled.
{1} setUpClass (manila_tempest_tests.tests.api.******.test_snapshot_export_locations_negative.SnapshotExportLocationsAPIOnlyNegativeTest) ... SKIPPED: Snapshot tests are disabled.
{1} setUpClass (manila_tempest_tests.tests.api.******.test_snapshot_manage.ManageCIFSSnapshotTest) ... SKIPPED: Manage/unmanage snapshot tests are disabled.
{2} manila_tempest_tests.tests.api.******.test_scheduler_stats.SchedulerStatsAdminTest.test_pool_list_with_share_type_filter_with_detail_2__True___id__ [0.543530s] ... FAILED

Captured traceback:
~~~~~~~~~~~~~~~~~~~
    Traceback (most recent call last):

      File "/usr/lib/python3/dist-packages/ddt.py", line 220, in wrapper
    return func(self, *args, **kwargs)
           ^^^^^^^^^^^^^^^^^^^^^^^^^^^

      File "/opt/stack/tempest/manila-tempest-plugin/manila_tempest_tests/tests/api/******/test_scheduler_stats.py", line 189, in test_pool_list_with_share_type_filter_with_detail
    self.assertNotEmpty(pools)

      File "/opt/stack/tempest/tempest/test.py", line 949, in assertNotEmpty
    self.assertTrue(items, msg)

      File "/usr/lib/python3.12/unittest/case.py", line 727, in assertTrue
    raise self.failureException(msg)

    AssertionError: [] is not true : sequence or collection is empty.


Captured pythonlogging:
~~~~~~~~~~~~~~~~~~~~~~~
    2026-02-06 07:09:53,031 167949 INFO     [tempest.lib.common.rest_client] Request (SchedulerStatsAdminTest:test_pool_list_with_share_type_filter_with_detail): 200 POST http://10.132.46.216/share/v2/a8eeb7f2b5714dc58b5c4ee9df3c4ffa/types 0.024s
2026-02-06 07:09:53,032 167949 DEBUG    [tempest.lib.common.rest_client] Request - Headers: {'Content-Type': 'application/json', 'Accept': 'application/json', 'x-openstack-manila-api-version': '2.90', 'X-Auth-Token': '<omitted>'}
        Body: {"share_type": {"name": "tempest-typeshare-type-1773380084", "extra_specs": {"driver_handles_share_servers": "False"}, "share_type_access:is_public": true}}
    Response - Headers: {'date': 'Fri, 06 Feb 2026 07:09:53 GMT', 'server': 'Apache/2.4.58 (Ubuntu)', 'content-type': 'application/json', 'content-length': '623', 'x-compute-request-id': 'req-c9ee0105-3310-4390-b062-565d9cca371c', 'x-openstack-manila-api-version': '2.90', 'vary': 'X-OpenStack-Manila-API-Version', 'x-openstack-request-id': 'req-c9ee0105-3310-4390-b062-565d9cca371c', 'connection': 'close', 'status': '200', 'content-location': 'http://10.132.46.216/share/v2/a8eeb7f2b5714dc58b5c4ee9df3c4ffa/types'}
        Body: b'{"volume_type": {"id": "9a8060ea-54ba-46e9-b188-6de45be4268b", "name": "tempest-typeshare-type-1773380084", "extra_specs": {"driver_handles_share_servers": "False"}, "required_extra_specs": {"driver_handles_share_servers": "False"}, "share_type_access:is_public": true, "description": null, "is_default": false}, "share_type": {"id": "9a8060ea-54ba-46e9-b188-6de45be4268b", "name": "tempest-typeshare-type-1773380084", "extra_specs": {"driver_handles_share_servers": "False"}, "required_extra_specs": {"driver_handles_share_servers": "False"}, "share_type_access:is_public": true, "description": null, "is_default": false}}'
2026-02-06 07:09:53,548 167949 INFO     [tempest.lib.common.rest_client] Request (SchedulerStatsAdminTest:test_pool_list_with_share_type_filter_with_detail): 200 GET http://10.132.46.216/share/v2/a8eeb7f2b5714dc58b5c4ee9df3c4ffa/scheduler-stats/pools/detail?share_type=9a8060ea-54ba-46e9-b188-6de45be4268b 0.515s
2026-02-06 07:09:53,548 167949 DEBUG    [tempest.lib.common.rest_client] Request - Headers: {'Content-Type': 'application/json', 'Accept': 'application/json', 'x-openstack-manila-api-version': '2.90', 'X-Auth-Token': '<omitted>'}
        Body: None
    Response - Headers: {'date': 'Fri, 06 Feb 2026 07:09:53 GMT', 'server': 'Apache/2.4.58 (Ubuntu)', 'content-type': 'application/json', 'content-length': '13', 'x-compute-request-id': 'req-dd59f7c6-930d-417a-9e86-f8afcf3dc0a6', 'x-openstack-manila-api-version': '2.90', 'vary': 'X-OpenStack-Manila-API-Version', 'x-openstack-request-id': 'req-dd59f7c6-930d-417a-9e86-f8afcf3dc0a6', 'connection': 'close', 'status': '200', 'content-location': 'http://10.132.46.216/share/v2/a8eeb7f2b5714dc58b5c4ee9df3c4ffa/scheduler-stats/pools/detail?share_type=9a8060ea-54ba-46e9-b188-6de45be4268b'}
        Body: b'{"pools": []}'

{2} manila_tempest_tests.tests.api.******.test_scheduler_stats.SchedulerStatsAdminTest.test_pool_list_with_share_type_filter_with_detail_3__False___name__ [0.542224s] ... FAILED

Captured traceback:
~~~~~~~~~~~~~~~~~~~
    Traceback (most recent call last):

      File "/usr/lib/python3/dist-packages/ddt.py", line 220, in wrapper
    return func(self, *args, **kwargs)
           ^^^^^^^^^^^^^^^^^^^^^^^^^^^

      File "/opt/stack/tempest/manila-tempest-plugin/manila_tempest_tests/tests/api/******/test_scheduler_stats.py", line 189, in test_pool_list_with_share_type_filter_with_detail
    self.assertNotEmpty(pools)

      File "/opt/stack/tempest/tempest/test.py", line 949, in assertNotEmpty
    self.assertTrue(items, msg)

      File "/usr/lib/python3.12/unittest/case.py", line 727, in assertTrue
    raise self.failureException(msg)

    AssertionError: [] is not true : sequence or collection is empty.


Captured pythonlogging:
~~~~~~~~~~~~~~~~~~~~~~~
    2026-02-06 07:09:53,576 167949 INFO     [tempest.lib.common.rest_client] Request (SchedulerStatsAdminTest:test_pool_list_with_share_type_filter_with_detail): 200 POST http://10.132.46.216/share/v2/a8eeb7f2b5714dc58b5c4ee9df3c4ffa/types 0.023s
2026-02-06 07:09:53,576 167949 DEBUG    [tempest.lib.common.rest_client] Request - Headers: {'Content-Type': 'application/json', 'Accept': 'application/json', 'x-openstack-manila-api-version': '2.90', 'X-Auth-Token': '<omitted>'}
        Body: {"share_type": {"name": "tempest-typeshare-type-1795356160", "extra_specs": {"driver_handles_share_servers": "False"}, "share_type_access:is_public": true}}
    Response - Headers: {'date': 'Fri, 06 Feb 2026 07:09:53 GMT', 'server': 'Apache/2.4.58 (Ubuntu)', 'content-type': 'application/json', 'content-length': '623', 'x-compute-request-id': 'req-c7181f8e-db74-491c-b27e-2126d2491eab', 'x-openstack-manila-api-version': '2.90', 'vary': 'X-OpenStack-Manila-API-Version', 'x-openstack-request-id': 'req-c7181f8e-db74-491c-b27e-2126d2491eab', 'connection': 'close', 'status': '200', 'content-location': 'http://10.132.46.216/share/v2/a8eeb7f2b5714dc58b5c4ee9df3c4ffa/types'}
        Body: b'{"volume_type": {"id": "a224f9f5-6961-4a76-838c-6412b838f1af", "name": "tempest-typeshare-type-1795356160", "extra_specs": {"driver_handles_share_servers": "False"}, "required_extra_specs": {"driver_handles_share_servers": "False"}, "share_type_access:is_public": true, "description": null, "is_default": false}, "share_type": {"id": "a224f9f5-6961-4a76-838c-6412b838f1af", "name": "tempest-typeshare-type-1795356160", "extra_specs": {"driver_handles_share_servers": "False"}, "required_extra_specs": {"driver_handles_share_servers": "False"}, "share_type_access:is_public": true, "description": null, "is_default": false}}'
2026-02-06 07:09:54,092 167949 INFO     [tempest.lib.common.rest_client] Request (SchedulerStatsAdminTest:test_pool_list_with_share_type_filter_with_detail): 200 GET http://10.132.46.216/share/v2/a8eeb7f2b5714dc58b5c4ee9df3c4ffa/scheduler-stats/pools?share_type=tempest-typeshare-type-1795356160 0.516s
2026-02-06 07:09:54,093 167949 DEBUG    [tempest.lib.common.rest_client] Request - Headers: {'Content-Type': 'application/json', 'Accept': 'application/json', 'x-openstack-manila-api-version': '2.90', 'X-Auth-Token': '<omitted>'}
        Body: None
    Response - Headers: {'date': 'Fri, 06 Feb 2026 07:09:53 GMT', 'server': 'Apache/2.4.58 (Ubuntu)', 'content-type': 'application/json', 'content-length': '13', 'x-compute-request-id': 'req-4d41f6ca-f87b-428c-a25a-cc66d8b0d48a', 'x-openstack-manila-api-version': '2.90', 'vary': 'X-OpenStack-Manila-API-Version', 'x-openstack-request-id': 'req-4d41f6ca-f87b-428c-a25a-cc66d8b0d48a', 'connection': 'close', 'status': '200', 'content-location': 'http://10.132.46.216/share/v2/a8eeb7f2b5714dc58b5c4ee9df3c4ffa/scheduler-stats/pools?share_type=tempest-typeshare-type-1795356160'}
        Body: b'{"pools": []}'

{3} manila_tempest_tests.tests.api.******.test_share_manage_negative.ManageNFSShareNegativeTest.test_delete_share_in_manage_error [3.315284s] ... FAILED

Captured traceback:
~~~~~~~~~~~~~~~~~~~
    Traceback (most recent call last):

      File "/opt/stack/tempest/manila-tempest-plugin/manila_tempest_tests/tests/api/******/test_share_manage_negative.py", line 258, in test_delete_share_in_manage_error
    share = self._create_share_for_manage()
            ^^^^^^^^^^^^^^^^^^^^^^^^^^^^^^^

      File "/opt/stack/tempest/manila-tempest-plugin/manila_tempest_tests/tests/api/base.py", line 1174, in _create_share_for_manage
    share = self.create_share(**creation_data)
            ^^^^^^^^^^^^^^^^^^^^^^^^^^^^^^^^^^

      File "/opt/stack/tempest/manila-tempest-plugin/manila_tempest_tests/tests/api/base.py", line 411, in create_share
    result = cls.create_shares([{"args": args, "kwargs": kwargs}])
             ^^^^^^^^^^^^^^^^^^^^^^^^^^^^^^^^^^^^^^^^^^^^^^^^^^^^^

      File "/opt/stack/tempest/manila-tempest-plugin/manila_tempest_tests/tests/api/base.py", line 469, in create_shares
    waiters.wait_for_resource_status(

      File "/opt/stack/tempest/manila-tempest-plugin/manila_tempest_tests/common/waiters.py", line 109, in wait_for_resource_status
    raise resource_exception(resource_id=resource_id)

    manila_tempest_tests.share_exceptions.ShareBuildErrorException: Share ddbe1f05-5a31-451c-a7f0-6879836fadca failed to build and is in ERROR status


Captured pythonlogging:
~~~~~~~~~~~~~~~~~~~~~~~
    2026-02-06 07:09:51,525 167951 INFO     [tempest.lib.common.rest_client] Request (ManageNFSShareNegativeTest:test_delete_share_in_manage_error): 200 POST http://10.132.46.216/share/v2/16111d98202d4b47aa933fbac21739f7/shares 0.245s
2026-02-06 07:09:51,525 167951 DEBUG    [tempest.lib.common.rest_client] Request - Headers: {'Content-Type': 'application/json', 'Accept': 'application/json', 'x-openstack-manila-api-version': '2.90', 'X-Auth-Token': '<omitted>'}
        Body: {"share": {"share_proto": "nfs", "description": "Tempest's share", "snapshot_id": null, "name": "tempest-tempest-created-share-540436784", "size": 1, "metadata": {}, "is_public": false, "share_type": "03d98168-fdcc-459a-90d1-d54d82ea202b"}}
    Response - Headers: {'date': 'Fri, 06 Feb 2026 07:09:51 GMT', 'server': 'Apache/2.4.58 (Ubuntu)', 'content-type': 'application/json', 'content-length': '1378', 'x-compute-request-id': 'req-f3a1052a-3513-4089-b3f5-e08ed32e4aed', 'x-openstack-manila-api-version': '2.90', 'vary': 'X-OpenStack-Manila-API-Version', 'x-openstack-request-id': 'req-f3a1052a-3513-4089-b3f5-e08ed32e4aed', 'connection': 'close', 'status': '200', 'content-location': 'http://10.132.46.216/share/v2/16111d98202d4b47aa933fbac21739f7/shares'}
        Body: b'{"share": {"id": "ddbe1f05-5a31-451c-a7f0-6879836fadca", "size": 1, "availability_zone": null, "created_at": "2026-02-06T07:09:51.378944", "status": "creating", "name": "tempest-tempest-created-share-540436784", "description": "Tempest\'s share", "project_id": "16111d98202d4b47aa933fbac21739f7", "snapshot_id": null, "share_network_id": null, "share_proto": "NFS", "metadata": {}, "share_type": "03d98168-fdcc-459a-90d1-d54d82ea202b", "volume_type": "tempest-manage-st-name-1958774490", "links": [{"rel": "self", "href": "http://10.132.46.216/share/v2/16111d98202d4b47aa933fbac21739f7/shares/ddbe1f05-5a31-451c-a7f0-6879836fadca"}, {"rel": "bookmark", "href": "http://10.132.46.216/share/16111d98202d4b47aa933fbac21739f7/shares/ddbe1f05-5a31-451c-a7f0-6879836fadca"}], "is_public": false, "snapshot_support": false, "task_state": null, "share_type_name": "tempest-manage-st-name-1958774490", "access_rules_status": "active", "replication_type": null, "has_replicas": false, "user_id": "2319d2989b8043cfb078882688aab826", "create_share_from_snapshot_support": false, "revert_to_snapshot_support": false, "share_group_id": null, "source_share_group_snapshot_member_id": null, "mount_snapshot_support": false, "progress": null, "is_soft_deleted": false, "scheduled_to_be_deleted_at": null, "source_backup_id": null, "encryption_key_ref": null, "share_server_id": null, "host": ""}}'
2026-02-06 07:09:51,557 167951 INFO     [tempest.lib.common.rest_client] Request (ManageNFSShareNegativeTest:test_delete_share_in_manage_error): 200 GET http://10.132.46.216/share/v2/16111d98202d4b47aa933fbac21739f7/shares/ddbe1f05-5a31-451c-a7f0-6879836fadca 0.030s
2026-02-06 07:09:51,557 167951 DEBUG    [tempest.lib.common.rest_client] Request - Headers: {'Content-Type': 'application/json', 'Accept': 'application/json', 'x-openstack-manila-api-version': '2.90', 'X-Auth-Token': '<omitted>'}
        Body: None
    Response - Headers: {'date': 'Fri, 06 Feb 2026 07:09:51 GMT', 'server': 'Apache/2.4.58 (Ubuntu)', 'content-type': 'application/json', 'content-length': '1378', 'x-compute-request-id': 'req-85f9a341-ede5-46bb-baa1-825b61137aa0', 'x-openstack-manila-api-version': '2.90', 'vary': 'X-OpenStack-Manila-API-Version', 'x-openstack-request-id': 'req-85f9a341-ede5-46bb-baa1-825b61137aa0', 'connection': 'close', 'status': '200', 'content-location': 'http://10.132.46.216/share/v2/16111d98202d4b47aa933fbac21739f7/shares/ddbe1f05-5a31-451c-a7f0-6879836fadca'}
        Body: b'{"share": {"id": "ddbe1f05-5a31-451c-a7f0-6879836fadca", "size": 1, "availability_zone": null, "created_at": "2026-02-06T07:09:51.378944", "status": "creating", "name": "tempest-tempest-created-share-540436784", "description": "Tempest\'s share", "project_id": "16111d98202d4b47aa933fbac21739f7", "snapshot_id": null, "share_network_id": null, "share_proto": "NFS", "metadata"
    : {}, "share_type": "03d98168-fdcc-459a-90d1-d54d82ea202b", "volume_type": "tempest-manage-st-name-1958774490", "links": [{"rel": "self", "href": "http://10.132.46.216/share/v2/16111d98202d4b47aa933fbac21739f7/shares/ddbe1f05-5a31-451c-a7f0-6879836fadca"}, {"rel": "bookmark", "href": "http://10.132.46.216/share/16111d98202d4b47aa933fbac21739f7/shares/ddbe1f05-5a31-451c-a7f0-6879836fadca"}], "is_public": false, "snapshot_support": false, "task_state": null, "share_type_name": "tempest-manage-st-name-1958774490", "access_rules_status": "active", "replication_type": null, "has_replicas": false, "user_id": "2319d2989b8043cfb078882688aab826", "create_share_from_snapshot_support": false, "revert_to_snapshot_support": false, "share_group_id": null, "source_share_group_snapshot_member_id": null, "mount_snapshot_support": false, "progress": null, "is_soft_deleted": false, "scheduled_to_be_deleted_at": null, "source_backup_id": null, "encryption_key_ref": null, "share_server_id": null, "host": ""}}'
2026-02-06 07:09:54,592 167951 INFO     [tempest.lib.common.rest_client] Request (ManageNFSShareNegativeTest:test_delete_share_in_manage_error): 200 GET http://10.132.46.216/share/v2/16111d98202d4b47aa933fbac21739f7/shares/ddbe1f05-5a31-451c-a7f0-6879836fadca 0.034s
2026-02-06 07:09:54,592 167951 DEBUG    [tempest.lib.common.rest_client] Request - Headers: {'Content-Type': 'application/json', 'Accept': 'application/json', 'x-openstack-manila-api-version': '2.90', 'X-Auth-Token': '<omitted>'}
        Body: None
    Response - Headers: {'date': 'Fri, 06 Feb 2026 07:09:54 GMT', 'server': 'Apache/2.4.58 (Ubuntu)', 'content-type': 'application/json', 'content-length': '1375', 'x-compute-request-id': 'req-886c1319-e9bb-48ef-a66e-cbcc030f5c8e', 'x-openstack-manila-api-version': '2.90', 'vary': 'X-OpenStack-Manila-API-Version', 'x-openstack-request-id': 'req-886c1319-e9bb-48ef-a66e-cbcc030f5c8e', 'connection': 'close', 'status': '200', 'content-location': 'http://10.132.46.216/share/v2/16111d98202d4b47aa933fbac21739f7/shares/ddbe1f05-5a31-451c-a7f0-6879836fadca'}
        Body: b'{"share": {"id": "ddbe1f05-5a31-451c-a7f0-6879836fadca", "size": 1, "availability_zone": null, "created_at": "2026-02-06T07:09:51.378944", "status": "error", "name": "tempest-tempest-created-share-540436784", "description": "Tempest\'s share", "project_id": "16111d98202d4b47aa933fbac21739f7", "snapshot_id": null, "share_network_id": null, "share_proto": "NFS", "metadata": {}, "share_type": "03d98168-fdcc-459a-90d1-d54d82ea202b", "volume_type": "tempest-manage-st-name-1958774490", "links": [{"rel": "self", "href": "http://10.132.46.216/share/v2/16111d98202d4b47aa933fbac21739f7/shares/ddbe1f05-5a31-451c-a7f0-6879836fadca"}, {"rel": "bookmark", "href": "http://10.132.46.216/share/16111d98202d4b47aa933fbac21739f7/shares/ddbe1f05-5a31-451c-a7f0-6879836fadca"}], "is_public": false, "snapshot_support": false, "task_state": null, "share_type_name": "tempest-manage-st-name-1958774490", "access_rules_status": "active", "replication_type": null, "has_replicas": false, "user_id": "2319d2989b8043cfb078882688aab826", "create_share_from_snapshot_support": false, "revert_to_snapshot_support": false, "share_group_id": null, "source_share_group_snapshot_member_id": null, "mount_snapshot_support": false, "progress": null, "is_soft_deleted": false, "scheduled_to_be_deleted_at": null, "source_backup_id": null, "encryption_key_ref": null, "share_server_id": null, "host": ""}}'

{2} manila_tempest_tests.tests.api.******.test_scheduler_stats.SchedulerStatsAdminTest.test_pool_list_with_share_type_filter_with_detail_4__False___id__ [0.546119s] ... FAILED

Captured traceback:
~~~~~~~~~~~~~~~~~~~
    Traceback (most recent call last):

      File "/usr/lib/python3/dist-packages/ddt.py", line 220, in wrapper
    return func(self, *args, **kwargs)
           ^^^^^^^^^^^^^^^^^^^^^^^^^^^

      File "/opt/stack/tempest/manila-tempest-plugin/manila_tempest_tests/tests/api/******/test_scheduler_stats.py", line 189, in test_pool_list_with_share_type_filter_with_detail
    self.assertNotEmpty(pools)

      File "/opt/stack/tempest/tempest/test.py", line 949, in assertNotEmpty
    self.assertTrue(items, msg)

      File "/usr/lib/python3.12/unittest/case.py", line 727, in assertTrue
    raise self.failureException(msg)

    AssertionError: [] is not true : sequence or collection is empty.


Captured pythonlogging:
~~~~~~~~~~~~~~~~~~~~~~~
    2026-02-06 07:09:54,124 167949 INFO     [tempest.lib.common.rest_client] Request (SchedulerStatsAdminTest:test_pool_list_with_share_type_filter_with_detail): 200 POST http://10.132.46.216/share/v2/a8eeb7f2b5714dc58b5c4ee9df3c4ffa/types 0.027s
2026-02-06 07:09:54,124 167949 DEBUG    [tempest.lib.common.rest_client] Request - Headers: {'Content-Type': 'application/json', 'Accept': 'application/json', 'x-openstack-manila-api-version': '2.90', 'X-Auth-Token': '<omitted>'}
        Body: {"share_type": {"name": "tempest-typeshare-type-1466977760", "extra_specs": {"driver_handles_share_servers": "False"}, "share_type_access:is_public": true}}
    Response - Headers: {'date': 'Fri, 06 Feb 2026 07:09:54 GMT', 'server': 'Apache/2.4.58 (Ubuntu)', 'content-type': 'application/json', 'content-length': '623', 'x-compute-request-id': 'req-0db6f8fa-4f9b-4e4d-a242-423ed26440bd', 'x-openstack-manila-api-version': '2.90', 'vary': 'X-OpenStack-Manila-API-Version', 'x-openstack-request-id': 'req-0db6f8fa-4f9b-4e4d-a242-423ed26440bd', 'connection': 'close', 'status': '200', 'content-location': 'http://10.132.46.216/share/v2/a8eeb7f2b5714dc58b5c4ee9df3c4ffa/types'}
        Body: b'{"volume_type": {"id": "8d191595-6e0b-48e9-b6fc-8e6a9568d25a", "name": "tempest-typeshare-type-1466977760", "extra_specs": {"driver_handles_share_servers": "False"}, "required_extra_specs": {"driver_handles_share_servers": "False"}, "share_type_access:is_public": true, "description": null, "is_default": false}, "share_type": {"id": "8d191595-6e0b-48e9-b6fc-8e6a9568d25a", "name": "tempest-typeshare-type-1466977760", "extra_specs": {"driver_handles_share_servers": "False"}, "required_extra_specs": {"driver_handles_share_servers": "False"}, "share_type_access:is_public": true, "description": null, "is_default": false}}'
2026-02-06 07:09:54,640 167949 INFO     [tempest.lib.common.rest_client] Request (SchedulerStatsAdminTest:test_pool_list_with_share_type_filter_with_detail): 200 GET http://10.132.46.216/share/v2/a8eeb7f2b5714dc58b5c4ee9df3c4ffa/scheduler-stats/pools?share_type=8d191595-6e0b-48e9-b6fc-8e6a9568d25a 0.516s
2026-02-06 07:09:54,641 167949 DEBUG    [tempest.lib.common.rest_client] Request - Headers: {'Content-Type': 'application/json', 'Accept': 'application/json', 'x-openstack-manila-api-version': '2.90', 'X-Auth-Token': '<omitted>'}
        Body: None
    Response - Headers: {'date': 'Fri, 06 Feb 2026 07:09:54 GMT', 'server': 'Apache/2.4.58 (Ubuntu)', 'content-type': 'application/json', 'content-length': '13', 'x-compute-request-id': 'req-de74596a-650f-4d8f-a8c3-6054234c5a7d', 'x-openstack-manila-api-version': '2.90', 'vary': 'X-OpenStack-Manila-API-Version', 'x-openstack-request-id': 'req-de74596a-650f-4d8f-a8c3-6054234c5a7d', 'connection': 'close', 'status': '200', 'content-location': 'http://10.132.46.216/share/v2/a8eeb7f2b5714dc58b5c4ee9df3c4ffa/scheduler-stats/pools?share_type=8d191595-6e0b-48e9-b6fc-8e6a9568d25a'}
        Body: b'{"pools": []}'

{1} setUpClass (manila_tempest_tests.tests.api.******.test_snapshot_manage_negative.ManageNFSSnapshotNegativeTest) ... SKIPPED: Manage/unmanage snapshot tests are disabled.
{2} manila_tempest_tests.tests.api.******.test_scheduler_stats.SchedulerStatsAdminTest.test_pool_list_with_share_type_filter_with_detail_negative_1__True___name__ [0.546602s] ... ok
{1} manila_tempest_tests.tests.api.test_availability_zones_negative.AvailabilityZonesNegativeTest.test_list_availability_zones_api_not_found [0.084624s] ... ok
{1} manila_tempest_tests.tests.api.test_availability_zones_negative.AvailabilityZonesNegativeTest.test_list_availability_zones_api_not_found_with_legacy_url [0.008480s] ... ok
{2} manila_tempest_tests.tests.api.******.test_scheduler_stats.SchedulerStatsAdminTest.test_pool_list_with_share_type_filter_with_detail_negative_2__True___id__ [0.536879s] ... ok
{2} manila_tempest_tests.tests.api.******.test_scheduler_stats.SchedulerStatsAdminTest.test_pool_list_with_share_type_filter_with_detail_negative_3__False___name__ [0.550673s] ... ok
{1} setUpClass (manila_tempest_tests.tests.api.test_backup_negative.ShareBackupNegativeTest) ... SKIPPED: Share backup tests are disabled.
{1} manila_tempest_tests.tests.api.test_quotas_negative.SharesQuotasNegativeTest.test_get_quotas_detail_with_wrong_version_1_2_6 [0.085950s] ... ok
{2} manila_tempest_tests.tests.api.******.test_scheduler_stats.SchedulerStatsAdminTest.test_pool_list_with_share_type_filter_with_detail_negative_4__False___id__ [0.541957s] ... ok
{1} manila_tempest_tests.tests.api.test_quotas_negative.SharesQuotasNegativeTest.test_get_quotas_detail_with_wrong_version_2_2_7 [0.011534s] ... ok
{1} manila_tempest_tests.tests.api.test_quotas_negative.SharesQuotasNegativeTest.test_get_quotas_detail_with_wrong_version_3_2_24 [0.011384s] ... ok
{1} manila_tempest_tests.tests.api.test_quotas_negative.SharesQuotasNegativeTest.test_get_quotas_with_empty_tenant_id [0.015019s] ... ok
{1} manila_tempest_tests.tests.api.test_quotas_negative.SharesQuotasNegativeTest.test_try_reset_quotas_with_user [0.010775s] ... ok
{1} manila_tempest_tests.tests.api.test_quotas_negative.SharesQuotasNegativeTest.test_try_update_quotas_with_user [0.010503s] ... ok
{0} setUpClass (manila_tempest_tests.tests.api.******.test_export_locations_negative.ExportLocationsNegativeTest) [0.000000s] ... FAILED

Captured traceback:
~~~~~~~~~~~~~~~~~~~
    Traceback (most recent call last):

      File "/opt/stack/tempest/tempest/test.py", line 185, in setUpClass
    raise value.with_traceback(trace)

      File "/opt/stack/tempest/tempest/test.py", line 178, in setUpClass
    cls.resource_setup()

      File "/opt/stack/tempest/manila-tempest-plugin/manila_tempest_tests/tests/api/******/test_export_locations_negative.py", line 47, in resource_setup
    cls.share = cls.create_share(client=cls.******_client,
                ^^^^^^^^^^^^^^^^^^^^^^^^^^^^^^^^^^^^^^^^^

      File "/opt/stack/tempest/manila-tempest-plugin/manila_tempest_tests/tests/api/base.py", line 411, in create_share
    result = cls.create_shares([{"args": args, "kwargs": kwargs}])
             ^^^^^^^^^^^^^^^^^^^^^^^^^^^^^^^^^^^^^^^^^^^^^^^^^^^^^

      File "/opt/stack/tempest/manila-tempest-plugin/manila_tempest_tests/tests/api/base.py", line 469, in create_shares
    waiters.wait_for_resource_status(

      File "/opt/stack/tempest/manila-tempest-plugin/manila_tempest_tests/common/waiters.py", line 109, in wait_for_resource_status
    raise resource_exception(resource_id=resource_id)

    manila_tempest_tests.share_exceptions.ShareBuildErrorException: Share 1f1bb091-9534-4756-a0d1-db1ab5980cf6 failed to build and is in ERROR status

{3} manila_tempest_tests.tests.api.******.test_share_manage_negative.ManageNFSShareNegativeTest.test_manage_invalid_param_manage_error [3.269055s] ... FAILED

Captured traceback:
~~~~~~~~~~~~~~~~~~~
    Traceback (most recent call last):

      File "/opt/stack/tempest/manila-tempest-plugin/manila_tempest_tests/tests/api/******/test_share_manage_negative.py", line 153, in test_manage_invalid_param_manage_error
    share = self._create_share_for_manage()
            ^^^^^^^^^^^^^^^^^^^^^^^^^^^^^^^

      File "/opt/stack/tempest/manila-tempest-plugin/manila_tempest_tests/tests/api/base.py", line 1174, in _create_share_for_manage
    share = self.create_share(**creation_data)
            ^^^^^^^^^^^^^^^^^^^^^^^^^^^^^^^^^^

      File "/opt/stack/tempest/manila-tempest-plugin/manila_tempest_tests/tests/api/base.py", line 411, in create_share
    result = cls.create_shares([{"args": args, "kwargs": kwargs}])
             ^^^^^^^^^^^^^^^^^^^^^^^^^^^^^^^^^^^^^^^^^^^^^^^^^^^^^

      File "/opt/stack/tempest/manila-tempest-plugin/manila_tempest_tests/tests/api/base.py", line 469, in create_shares
    waiters.wait_for_resource_status(

      File "/opt/stack/tempest/manila-tempest-plugin/manila_tempest_tests/common/waiters.py", line 109, in wait_for_resource_status
    raise resource_exception(resource_id=resource_id)

    manila_tempest_tests.share_exceptions.ShareBuildErrorException: Share fc65e0c9-965b-465b-b885-58b16c533bb3 failed to build and is in ERROR status


Captured pythonlogging:
~~~~~~~~~~~~~~~~~~~~~~~
    2026-02-06 07:09:54,800 167951 INFO     [tempest.lib.common.rest_client] Request (ManageNFSShareNegativeTest:test_manage_invalid_param_manage_error): 200 POST http://10.132.46.216/share/v2/16111d98202d4b47aa933fbac21739f7/shares 0.204s
2026-02-06 07:09:54,801 167951 DEBUG    [tempest.lib.common.rest_client] Request - Headers: {'Content-Type': 'application/json', 'Accept': 'application/json', 'x-openstack-manila-api-version': '2.90', 'X-Auth-Token': '<omitted>'}
        Body: {"share": {"share_proto": "nfs", "description": "Tempest's share", "snapshot_id": null, "name": "tempest-tempest-created-share-1387920241", "size": 1, "metadata": {}, "is_public": false, "share_type": "03d98168-fdcc-459a-90d1-d54d82ea202b"}}
    Response - Headers: {'date': 'Fri, 06 Feb 2026 07:09:54 GMT', 'server': 'Apache/2.4.58 (Ubuntu)', 'content-type': 'application/json', 'content-length': '1379', 'x-compute-request-id': 'req-0e2b3db6-59a5-46b2-bd99-316efba3136b', 'x-openstack-manila-api-version': '2.90', 'vary': 'X-OpenStack-Manila-API-Version', 'x-openstack-request-id': 'req-0e2b3db6-59a5-46b2-bd99-316efba3136b', 'connection': 'close', 'status': '200', 'content-location': 'http://10.132.46.216/share/v2/16111d98202d4b47aa933fbac21739f7/shares'}
        Body: b'{"share": {"id": "fc65e0c9-965b-465b-b885-58b16c533bb3", "size": 1, "availability_zone": null, "created_at": "2026-02-06T07:09:54.676243", "status": "creating", "name": "tempest-tempest-created-share-1387920241", "description": "Tempest\'s share", "project_id": "16111d98202d4b47aa933fbac21739f7", "snapshot_id": null, "share_network_id": null, "share_proto": "NFS", "metadata": {}, "share_type": "03d98168-fdcc-459a-90d1-d54d82ea202b", "volume_type": "tempest-manage-st-name-1958774490", "links": [{"rel": "self", "href": "http://10.132.46.216/share/v2/16111d98202d4b47aa933fbac21739f7/shares/fc65e0c9-965b-465b-b885-58b16c533bb3"}, {"rel": "bookmark", "href": "http://10.132.46.216/share/16111d98202d4b47aa933fbac21739f7/shares/fc65e0c9-965b-465b-b885-58b16c533bb3"}], "is_public": false, "snapshot_support": false, "task_state": null, "share_type_name": "tempest-manage-st-name-1958774490", "access_rules_status": "active", "replication_type": null, "has_replicas": false, "user_id": "2319d2989b8043cfb078882688aab826", "create_share_from_snapshot_support": false, "revert_to_snapshot_support": false, "share_group_id": null, "source_share_group_snapshot_member_id": null, "mount_snapshot_support": false, "progress": null, "is_soft_deleted": false, "scheduled_to_be_deleted_at": null, "source_backup_id": null, "encryption_key_ref": null, "share_server_id": null, "host": ""}}'
2026-02-06 07:09:54,831 167951 INFO     [tempest.lib.common.rest_client] Request (ManageNFSShareNegativeTest:test_manage_invalid_param_manage_error): 200 GET http://10.132.46.216/share/v2/16111d98202d4b47aa933fbac21739f7/shares/fc65e0c9-965b-465b-b885-58b16c533bb3 0.029s
2026-02-06 07:09:54,831 167951 DEBUG    [tempest.lib.common.rest_client] Request - Headers: {'Content-Type': 'application/json', 'Accept': 'application/json', 'x-openstack-manila-api-version': '2.90', 'X-Auth-Token': '<omitted>'}
        Body: None
    Response - Headers: {'date': 'Fri, 06 Feb 2026 07:09:54 GMT', 'server': 'Apache/2.4.58 (Ubuntu)', 'content-type': 'application/json', 'content-length': '1379', 'x-compute-request-id': 'req-06e2cd5c-891f-4221-b03f-7f1bbf150f7d', 'x-openstack-manila-api-version': '2.90', 'vary': 'X-OpenStack-Manila-API-Version', 'x-openstack-request-id': 'req-06e2cd5c-891f-4221-b03f-7f1bbf150f7d', 'connection': 'close', 'status': '200', 'content-location': 'http://10.132.46.216/share/v2/16111d98202d4b47aa933fbac21739f7/shares/fc65e0c9-965b-465b-b885-58b16c533bb3'}
        Body: b'{"share": {"id": "fc65e0c9-965b-465b-b885-58b16c533bb3", "size": 1, "availability_zone": null, "created_at": "2026-02-06T07:09:54.676243", "status": "creating", "name": "tempest-tempest-created-share-1387920241", "description": "Tempest\'s share", "project_id": "16111d98202d4b47aa933fbac21739f7", "snapshot_id": null, "share_network_id": null, "share_proto": "NFS
    ", "metadata": {}, "share_type": "03d98168-fdcc-459a-90d1-d54d82ea202b", "volume_type": "tempest-manage-st-name-1958774490", "links": [{"rel": "self", "href": "http://10.132.46.216/share/v2/16111d98202d4b47aa933fbac21739f7/shares/fc65e0c9-965b-465b-b885-58b16c533bb3"}, {"rel": "bookmark", "href": "http://10.132.46.216/share/16111d98202d4b47aa933fbac21739f7/shares/fc65e0c9-965b-465b-b885-58b16c533bb3"}], "is_public": false, "snapshot_support": false, "task_state": null, "share_type_name": "tempest-manage-st-name-1958774490", "access_rules_status": "active", "replication_type": null, "has_replicas": false, "user_id": "2319d2989b8043cfb078882688aab826", "create_share_from_snapshot_support": false, "revert_to_snapshot_support": false, "share_group_id": null, "source_share_group_snapshot_member_id": null, "mount_snapshot_support": false, "progress": null, "is_soft_deleted": false, "scheduled_to_be_deleted_at": null, "source_backup_id": null, "encryption_key_ref": null, "share_server_id": null, "host": ""}}'
2026-02-06 07:09:57,862 167951 INFO     [tempest.lib.common.rest_client] Request (ManageNFSShareNegativeTest:test_manage_invalid_param_manage_error): 200 GET http://10.132.46.216/share/v2/16111d98202d4b47aa933fbac21739f7/shares/fc65e0c9-965b-465b-b885-58b16c533bb3 0.030s
2026-02-06 07:09:57,863 167951 DEBUG    [tempest.lib.common.rest_client] Request - Headers: {'Content-Type': 'application/json', 'Accept': 'application/json', 'x-openstack-manila-api-version': '2.90', 'X-Auth-Token': '<omitted>'}
        Body: None
    Response - Headers: {'date': 'Fri, 06 Feb 2026 07:09:57 GMT', 'server': 'Apache/2.4.58 (Ubuntu)', 'content-type': 'application/json', 'content-length': '1376', 'x-compute-request-id': 'req-165a866d-2e9a-4edc-a3e2-02cbe559818b', 'x-openstack-manila-api-version': '2.90', 'vary': 'X-OpenStack-Manila-API-Version', 'x-openstack-request-id': 'req-165a866d-2e9a-4edc-a3e2-02cbe559818b', 'connection': 'close', 'status': '200', 'content-location': 'http://10.132.46.216/share/v2/16111d98202d4b47aa933fbac21739f7/shares/fc65e0c9-965b-465b-b885-58b16c533bb3'}
        Body: b'{"share": {"id": "fc65e0c9-965b-465b-b885-58b16c533bb3", "size": 1, "availability_zone": null, "created_at": "2026-02-06T07:09:54.676243", "status": "error", "name": "tempest-tempest-created-share-1387920241", "description": "Tempest\'s share", "project_id": "16111d98202d4b47aa933fbac21739f7", "snapshot_id": null, "share_network_id": null, "share_proto": "NFS", "metadata": {}, "share_type": "03d98168-fdcc-459a-90d1-d54d82ea202b", "volume_type": "tempest-manage-st-name-1958774490", "links": [{"rel": "self", "href": "http://10.132.46.216/share/v2/16111d98202d4b47aa933fbac21739f7/shares/fc65e0c9-965b-465b-b885-58b16c533bb3"}, {"rel": "bookmark", "href": "http://10.132.46.216/share/16111d98202d4b47aa933fbac21739f7/shares/fc65e0c9-965b-465b-b885-58b16c533bb3"}], "is_public": false, "snapshot_support": false, "task_state": null, "share_type_name": "tempest-manage-st-name-1958774490", "access_rules_status": "active", "replication_type": null, "has_replicas": false, "user_id": "2319d2989b8043cfb078882688aab826", "create_share_from_snapshot_support": false, "revert_to_snapshot_support": false, "share_group_id": null, "source_share_group_snapshot_member_id": null, "mount_snapshot_support": false, "progress": null, "is_soft_deleted": false, "scheduled_to_be_deleted_at": null, "source_backup_id": null, "encryption_key_ref": null, "share_server_id": null, "host": ""}}'

{1} setUpClass (manila_tempest_tests.tests.api.test_replication_export_locations.ReplicationExportLocationsTest) ... SKIPPED: Replication tests are disabled.
{1} setUpClass (manila_tempest_tests.tests.api.test_replication_export_locations_negative.ReplicationExportLocationsNegativeTest) ... SKIPPED: Replication tests are disabled.
{1} setUpClass (manila_tempest_tests.tests.api.test_replication_negative.ReplicationNegativeTest) ... SKIPPED: Replication tests are disabled.
{1} setUpClass (manila_tempest_tests.tests.api.test_revert_to_snapshot.RevertToSnapshotTest) ... SKIPPED: Revert to snapshot tests are disabled.
{0} setUpClass (manila_tempest_tests.tests.api.******.test_migration.MigrationTwoPhaseNFSTest) ... SKIPPED: Share migration tests are disabled.
{2} manila_tempest_tests.tests.api.******.test_services_negative.ServicesAdminNegativeTest.test_get_service_by_invalid_binary [0.181038s] ... ok
{2} manila_tempest_tests.tests.api.******.test_services_negative.ServicesAdminNegativeTest.test_get_service_by_invalid_host [0.032691s] ... ok
{2} manila_tempest_tests.tests.api.******.test_services_negative.ServicesAdminNegativeTest.test_get_service_by_invalid_params [0.035333s] ... ok
{2} manila_tempest_tests.tests.api.******.test_services_negative.ServicesAdminNegativeTest.test_get_service_by_invalid_state [0.015802s] ... ok
{2} manila_tempest_tests.tests.api.******.test_services_negative.ServicesAdminNegativeTest.test_get_service_by_invalid_status [0.015823s] ... ok
{2} manila_tempest_tests.tests.api.******.test_services_negative.ServicesAdminNegativeTest.test_get_service_by_invalid_zone [0.015479s] ... ok
{2} manila_tempest_tests.tests.api.******.test_services_negative.ServicesAdminNegativeTest.test_list_services_with_non_******_user [0.106926s] ... ok
{0} setUpClass (manila_tempest_tests.tests.api.******.test_multi_backend.ShareMultiBackendTest) ... SKIPPED: Manila multi-backend tests are disabled.
{2} manila_tempest_tests.tests.api.******.test_services_negative.ServicesAdminNegativeTest.test_list_services_with_wrong_versions_1___os_services____2_7__ [0.014408s] ... ok
{2} manila_tempest_tests.tests.api.******.test_services_negative.ServicesAdminNegativeTest.test_list_services_with_wrong_versions_2___services____2_6__ [0.008501s] ... ok
{2} manila_tempest_tests.tests.api.******.test_services_negative.ServicesAdminNegativeTest.test_list_services_with_wrong_versions_3___services____2_0__ [0.007943s] ... ok
{3} manila_tempest_tests.tests.api.******.test_share_manage_negative.ManageNFSShareNegativeTest.test_manage_invalid_param_raises_exception [3.297900s] ... FAILED

Captured traceback:
~~~~~~~~~~~~~~~~~~~
    Traceback (most recent call last):

      File "/opt/stack/tempest/manila-tempest-plugin/manila_tempest_tests/tests/api/******/test_share_manage_negative.py", line 104, in test_manage_invalid_param_raises_exception
    share = self._create_share_for_manage()
            ^^^^^^^^^^^^^^^^^^^^^^^^^^^^^^^

      File "/opt/stack/tempest/manila-tempest-plugin/manila_tempest_tests/tests/api/base.py", line 1174, in _create_share_for_manage
    share = self.create_share(**creation_data)
            ^^^^^^^^^^^^^^^^^^^^^^^^^^^^^^^^^^

      File "/opt/stack/tempest/manila-tempest-plugin/manila_tempest_tests/tests/api/base.py", line 411, in create_share
    result = cls.create_shares([{"args": args, "kwargs": kwargs}])
             ^^^^^^^^^^^^^^^^^^^^^^^^^^^^^^^^^^^^^^^^^^^^^^^^^^^^^

      File "/opt/stack/tempest/manila-tempest-plugin/manila_tempest_tests/tests/api/base.py", line 469, in create_shares
    waiters.wait_for_resource_status(

      File "/opt/stack/tempest/manila-tempest-plugin/manila_tempest_tests/common/waiters.py", line 109, in wait_for_resource_status
    raise resource_exception(resource_id=resource_id)

    manila_tempest_tests.share_exceptions.ShareBuildErrorException: Share 5acbead4-f788-46dd-8987-b20e18cc4d2f failed to build and is in ERROR status


Captured pythonlogging:
~~~~~~~~~~~~~~~~~~~~~~~
    2026-02-06 07:09:58,073 167951 INFO     [tempest.lib.common.rest_client] Request (ManageNFSShareNegativeTest:test_manage_invalid_param_raises_exception): 200 POST http://10.132.46.216/share/v2/16111d98202d4b47aa933fbac21739f7/shares 0.204s
2026-02-06 07:09:58,074 167951 DEBUG    [tempest.lib.common.rest_client] Request - Headers: {'Content-Type': 'application/json', 'Accept': 'application/json', 'x-openstack-manila-api-version': '2.90', 'X-Auth-Token': '<omitted>'}
        Body: {"share": {"share_proto": "nfs", "description": "Tempest's share", "snapshot_id": null, "name": "tempest-tempest-created-share-2041125917", "size": 1, "metadata": {}, "is_public": false, "share_type": "03d98168-fdcc-459a-90d1-d54d82ea202b"}}
    Response - Headers: {'date': 'Fri, 06 Feb 2026 07:09:57 GMT', 'server': 'Apache/2.4.58 (Ubuntu)', 'content-type': 'application/json', 'content-length': '1379', 'x-compute-request-id': 'req-86ce7118-315a-4dc6-9ae1-3bc26e40973a', 'x-openstack-manila-api-version': '2.90', 'vary': 'X-OpenStack-Manila-API-Version', 'x-openstack-request-id': 'req-86ce7118-315a-4dc6-9ae1-3bc26e40973a', 'connection': 'close', 'status': '200', 'content-location': 'http://10.132.46.216/share/v2/16111d98202d4b47aa933fbac21739f7/shares'}
        Body: b'{"share": {"id": "5acbead4-f788-46dd-8987-b20e18cc4d2f", "size": 1, "availability_zone": null, "created_at": "2026-02-06T07:09:57.936924", "status": "creating", "name": "tempest-tempest-created-share-2041125917", "description": "Tempest\'s share", "project_id": "16111d98202d4b47aa933fbac21739f7", "snapshot_id": null, "share_network_id": null, "share_proto": "NFS", "metadata": {}, "share_type": "03d98168-fdcc-459a-90d1-d54d82ea202b", "volume_type": "tempest-manage-st-name-1958774490", "links": [{"rel": "self", "href": "http://10.132.46.216/share/v2/16111d98202d4b47aa933fbac21739f7/shares/5acbead4-f788-46dd-8987-b20e18cc4d2f"}, {"rel": "bookmark", "href": "http://10.132.46.216/share/16111d98202d4b47aa933fbac21739f7/shares/5acbead4-f788-46dd-8987-b20e18cc4d2f"}], "is_public": false, "snapshot_support": false, "task_state": null, "share_type_name": "tempest-manage-st-name-1958774490", "access_rules_status": "active", "replication_type": null, "has_replicas": false, "user_id": "2319d2989b8043cfb078882688aab826", "create_share_from_snapshot_support": false, "revert_to_snapshot_support": false, "share_group_id": null, "source_share_group_snapshot_member_id": null, "mount_snapshot_support": false, "progress": null, "is_soft_deleted": false, "scheduled_to_be_deleted_at": null, "source_backup_id": null, "encryption_key_ref": null, "share_server_id": null, "host": ""}}'
2026-02-06 07:09:58,131 167951 INFO     [tempest.lib.common.rest_client] Request (ManageNFSShareNegativeTest:test_manage_invalid_param_raises_exception): 200 GET http://10.132.46.216/share/v2/16111d98202d4b47aa933fbac21739f7/shares/5acbead4-f788-46dd-8987-b20e18cc4d2f 0.057s
2026-02-06 07:09:58,131 167951 DEBUG    [tempest.lib.common.rest_client] Request - Headers: {'Content-Type': 'application/json', 'Accept': 'application/json', 'x-openstack-manila-api-version': '2.90', 'X-Auth-Token': '<omitted>'}
        Body: None
    Response - Headers: {'date': 'Fri, 06 Feb 2026 07:09:58 GMT', 'server': 'Apache/2.4.58 (Ubuntu)', 'content-type': 'application/json', 'content-length': '1379', 'x-compute-request-id': 'req-c904aab3-249c-4e50-a07c-4fb45764843c', 'x-openstack-manila-api-version': '2.90', 'vary': 'X-OpenStack-Manila-API-Version', 'x-openstack-request-id': 'req-c904aab3-249c-4e50-a07c-4fb45764843c', 'connection': 'close', 'status': '200', 'content-location': 'http://10.132.46.216/share/v2/16111d98202d4b47aa933fbac21739f7/shares/5acbead4-f788-46dd-8987-b20e18cc4d2f'}
        Body: b'{"share": {"id": "5acbead4-f788-46dd-8987-b20e18cc4d2f", "size": 1, "availability_zone": null, "created_at": "2026-02-06T07:09:57.936924", "status": "creating", "name": "tempest-tempest-created-share-2041125917", "description": "Tempest\'s share", "project_id": "16111d98202d4b47aa933fbac21739f7", "snapshot_id": null, "share_network_id": null, "share_prot
    o": "NFS", "metadata": {}, "share_type": "03d98168-fdcc-459a-90d1-d54d82ea202b", "volume_type": "tempest-manage-st-name-1958774490", "links": [{"rel": "self", "href": "http://10.132.46.216/share/v2/16111d98202d4b47aa933fbac21739f7/shares/5acbead4-f788-46dd-8987-b20e18cc4d2f"}, {"rel": "bookmark", "href": "http://10.132.46.216/share/16111d98202d4b47aa933fbac21739f7/shares/5acbead4-f788-46dd-8987-b20e18cc4d2f"}], "is_public": false, "snapshot_support": false, "task_state": null, "share_type_name": "tempest-manage-st-name-1958774490", "access_rules_status": "active", "replication_type": null, "has_replicas": false, "user_id": "2319d2989b8043cfb078882688aab826", "create_share_from_snapshot_support": false, "revert_to_snapshot_support": false, "share_group_id": null, "source_share_group_snapshot_member_id": null, "mount_snapshot_support": false, "progress": null, "is_soft_deleted": false, "scheduled_to_be_deleted_at": null, "source_backup_id": null, "encryption_key_ref": null, "share_server_id": null, "host": ""}}'
2026-02-06 07:10:01,165 167951 INFO     [tempest.lib.common.rest_client] Request (ManageNFSShareNegativeTest:test_manage_invalid_param_raises_exception): 200 GET http://10.132.46.216/share/v2/16111d98202d4b47aa933fbac21739f7/shares/5acbead4-f788-46dd-8987-b20e18cc4d2f 0.033s
2026-02-06 07:10:01,165 167951 DEBUG    [tempest.lib.common.rest_client] Request - Headers: {'Content-Type': 'application/json', 'Accept': 'application/json', 'x-openstack-manila-api-version': '2.90', 'X-Auth-Token': '<omitted>'}
        Body: None
    Response - Headers: {'date': 'Fri, 06 Feb 2026 07:10:01 GMT', 'server': 'Apache/2.4.58 (Ubuntu)', 'content-type': 'application/json', 'content-length': '1376', 'x-compute-request-id': 'req-5d6f6986-038e-4d15-9a71-52e07b7c1822', 'x-openstack-manila-api-version': '2.90', 'vary': 'X-OpenStack-Manila-API-Version', 'x-openstack-request-id': 'req-5d6f6986-038e-4d15-9a71-52e07b7c1822', 'connection': 'close', 'status': '200', 'content-location': 'http://10.132.46.216/share/v2/16111d98202d4b47aa933fbac21739f7/shares/5acbead4-f788-46dd-8987-b20e18cc4d2f'}
        Body: b'{"share": {"id": "5acbead4-f788-46dd-8987-b20e18cc4d2f", "size": 1, "availability_zone": null, "created_at": "2026-02-06T07:09:57.936924", "status": "error", "name": "tempest-tempest-created-share-2041125917", "description": "Tempest\'s share", "project_id": "16111d98202d4b47aa933fbac21739f7", "snapshot_id": null, "share_network_id": null, "share_proto": "NFS", "metadata": {}, "share_type": "03d98168-fdcc-459a-90d1-d54d82ea202b", "volume_type": "tempest-manage-st-name-1958774490", "links": [{"rel": "self", "href": "http://10.132.46.216/share/v2/16111d98202d4b47aa933fbac21739f7/shares/5acbead4-f788-46dd-8987-b20e18cc4d2f"}, {"rel": "bookmark", "href": "http://10.132.46.216/share/16111d98202d4b47aa933fbac21739f7/shares/5acbead4-f788-46dd-8987-b20e18cc4d2f"}], "is_public": false, "snapshot_support": false, "task_state": null, "share_type_name": "tempest-manage-st-name-1958774490", "access_rules_status": "active", "replication_type": null, "has_replicas": false, "user_id": "2319d2989b8043cfb078882688aab826", "create_share_from_snapshot_support": false, "revert_to_snapshot_support": false, "share_group_id": null, "source_share_group_snapshot_member_id": null, "mount_snapshot_support": false, "progress": null, "is_soft_deleted": false, "scheduled_to_be_deleted_at": null, "source_backup_id": null, "encryption_key_ref": null, "share_server_id": null, "host": ""}}'

{3} manila_tempest_tests.tests.api.******.test_share_manage_negative.ManageNFSShareNegativeTest.test_manage_share_duplicate [3.318445s] ... FAILED

Captured traceback:
~~~~~~~~~~~~~~~~~~~
    Traceback (most recent call last):

      File "/opt/stack/tempest/manila-tempest-plugin/manila_tempest_tests/tests/api/******/test_share_manage_negative.py", line 195, in test_manage_share_duplicate
    share = self._create_share_for_manage()
            ^^^^^^^^^^^^^^^^^^^^^^^^^^^^^^^

      File "/opt/stack/tempest/manila-tempest-plugin/manila_tempest_tests/tests/api/base.py", line 1174, in _create_share_for_manage
    share = self.create_share(**creation_data)
            ^^^^^^^^^^^^^^^^^^^^^^^^^^^^^^^^^^

      File "/opt/stack/tempest/manila-tempest-plugin/manila_tempest_tests/tests/api/base.py", line 411, in create_share
    result = cls.create_shares([{"args": args, "kwargs": kwargs}])
             ^^^^^^^^^^^^^^^^^^^^^^^^^^^^^^^^^^^^^^^^^^^^^^^^^^^^^

      File "/opt/stack/tempest/manila-tempest-plugin/manila_tempest_tests/tests/api/base.py", line 469, in create_shares
    waiters.wait_for_resource_status(

      File "/opt/stack/tempest/manila-tempest-plugin/manila_tempest_tests/common/waiters.py", line 109, in wait_for_resource_status
    raise resource_exception(resource_id=resource_id)

    manila_tempest_tests.share_exceptions.ShareBuildErrorException: Share c5183a88-d5ab-4b1b-851a-6944608aa36e failed to build and is in ERROR status


Captured pythonlogging:
~~~~~~~~~~~~~~~~~~~~~~~
    2026-02-06 07:10:01,409 167951 INFO     [tempest.lib.common.rest_client] Request (ManageNFSShareNegativeTest:test_manage_share_duplicate): 200 POST http://10.132.46.216/share/v2/16111d98202d4b47aa933fbac21739f7/shares 0.240s
2026-02-06 07:10:01,409 167951 DEBUG    [tempest.lib.common.rest_client] Request - Headers: {'Content-Type': 'application/json', 'Accept': 'application/json', 'x-openstack-manila-api-version': '2.90', 'X-Auth-Token': '<omitted>'}
        Body: {"share": {"share_proto": "nfs", "description": "Tempest's share", "snapshot_id": null, "name": "tempest-tempest-created-share-211459188", "size": 1, "metadata": {}, "is_public": false, "share_type": "03d98168-fdcc-459a-90d1-d54d82ea202b"}}
    Response - Headers: {'date': 'Fri, 06 Feb 2026 07:10:01 GMT', 'server': 'Apache/2.4.58 (Ubuntu)', 'content-type': 'application/json', 'content-length': '1378', 'x-compute-request-id': 'req-3293e0bb-223f-4268-88f5-7ad0dc3b7149', 'x-openstack-manila-api-version': '2.90', 'vary': 'X-OpenStack-Manila-API-Version', 'x-openstack-request-id': 'req-3293e0bb-223f-4268-88f5-7ad0dc3b7149', 'connection': 'close', 'status': '200', 'content-location': 'http://10.132.46.216/share/v2/16111d98202d4b47aa933fbac21739f7/shares'}
        Body: b'{"share": {"id": "c5183a88-d5ab-4b1b-851a-6944608aa36e", "size": 1, "availability_zone": null, "created_at": "2026-02-06T07:10:01.249499", "status": "creating", "name": "tempest-tempest-created-share-211459188", "description": "Tempest\'s share", "project_id": "16111d98202d4b47aa933fbac21739f7", "snapshot_id": null, "share_network_id": null, "share_proto": "NFS", "metadata": {}, "share_type": "03d98168-fdcc-459a-90d1-d54d82ea202b", "volume_type": "tempest-manage-st-name-1958774490", "links": [{"rel": "self", "href": "http://10.132.46.216/share/v2/16111d98202d4b47aa933fbac21739f7/shares/c5183a88-d5ab-4b1b-851a-6944608aa36e"}, {"rel": "bookmark", "href": "http://10.132.46.216/share/16111d98202d4b47aa933fbac21739f7/shares/c5183a88-d5ab-4b1b-851a-6944608aa36e"}], "is_public": false, "snapshot_support": false, "task_state": null, "share_type_name": "tempest-manage-st-name-1958774490", "access_rules_status": "active", "replication_type": null, "has_replicas": false, "user_id": "2319d2989b8043cfb078882688aab826", "create_share_from_snapshot_support": false, "revert_to_snapshot_support": false, "share_group_id": null, "source_share_group_snapshot_member_id": null, "mount_snapshot_support": false, "progress": null, "is_soft_deleted": false, "scheduled_to_be_deleted_at": null, "source_backup_id": null, "encryption_key_ref": null, "share_server_id": null, "host": ""}}'
2026-02-06 07:10:01,452 167951 INFO     [tempest.lib.common.rest_client] Request (ManageNFSShareNegativeTest:test_manage_share_duplicate): 200 GET http://10.132.46.216/share/v2/16111d98202d4b47aa933fbac21739f7/shares/c5183a88-d5ab-4b1b-851a-6944608aa36e 0.042s
2026-02-06 07:10:01,452 167951 DEBUG    [tempest.lib.common.rest_client] Request - Headers: {'Content-Type': 'application/json', 'Accept': 'application/json', 'x-openstack-manila-api-version': '2.90', 'X-Auth-Token': '<omitted>'}
        Body: None
    Response - Headers: {'date': 'Fri, 06 Feb 2026 07:10:01 GMT', 'server': 'Apache/2.4.58 (Ubuntu)', 'content-type': 'application/json', 'content-length': '1378', 'x-compute-request-id': 'req-1100e601-c7fe-49f4-914e-a8ecb15adfeb', 'x-openstack-manila-api-version': '2.90', 'vary': 'X-OpenStack-Manila-API-Version', 'x-openstack-request-id': 'req-1100e601-c7fe-49f4-914e-a8ecb15adfeb', 'connection': 'close', 'status': '200', 'content-location': 'http://10.132.46.216/share/v2/16111d98202d4b47aa933fbac21739f7/shares/c5183a88-d5ab-4b1b-851a-6944608aa36e'}
        Body: b'{"share": {"id": "c5183a88-d5ab-4b1b-851a-6944608aa36e", "size": 1, "availability_zone": null, "created_at": "2026-02-06T07:10:01.249499", "status": "creating", "name": "tempest-tempest-created-share-211459188", "description": "Tempest\'s share", "project_id": "16111d98202d4b47aa933fbac21739f7", "snapshot_id": null, "share_network_id": null, "share_proto": "NFS", "metadata": {}, "share
    _type": "03d98168-fdcc-459a-90d1-d54d82ea202b", "volume_type": "tempest-manage-st-name-1958774490", "links": [{"rel": "self", "href": "http://10.132.46.216/share/v2/16111d98202d4b47aa933fbac21739f7/shares/c5183a88-d5ab-4b1b-851a-6944608aa36e"}, {"rel": "bookmark", "href": "http://10.132.46.216/share/16111d98202d4b47aa933fbac21739f7/shares/c5183a88-d5ab-4b1b-851a-6944608aa36e"}], "is_public": false, "snapshot_support": false, "task_state": null, "share_type_name": "tempest-manage-st-name-1958774490", "access_rules_status": "active", "replication_type": null, "has_replicas": false, "user_id": "2319d2989b8043cfb078882688aab826", "create_share_from_snapshot_support": false, "revert_to_snapshot_support": false, "share_group_id": null, "source_share_group_snapshot_member_id": null, "mount_snapshot_support": false, "progress": null, "is_soft_deleted": false, "scheduled_to_be_deleted_at": null, "source_backup_id": null, "encryption_key_ref": null, "share_server_id": null, "host": ""}}'
2026-02-06 07:10:04,485 167951 INFO     [tempest.lib.common.rest_client] Request (ManageNFSShareNegativeTest:test_manage_share_duplicate): 200 GET http://10.132.46.216/share/v2/16111d98202d4b47aa933fbac21739f7/shares/c5183a88-d5ab-4b1b-851a-6944608aa36e 0.032s
2026-02-06 07:10:04,485 167951 DEBUG    [tempest.lib.common.rest_client] Request - Headers: {'Content-Type': 'application/json', 'Accept': 'application/json', 'x-openstack-manila-api-version': '2.90', 'X-Auth-Token': '<omitted>'}
        Body: None
    Response - Headers: {'date': 'Fri, 06 Feb 2026 07:10:04 GMT', 'server': 'Apache/2.4.58 (Ubuntu)', 'content-type': 'application/json', 'content-length': '1375', 'x-compute-request-id': 'req-84343cf4-f8ab-4fd3-af5a-a4224b38b754', 'x-openstack-manila-api-version': '2.90', 'vary': 'X-OpenStack-Manila-API-Version', 'x-openstack-request-id': 'req-84343cf4-f8ab-4fd3-af5a-a4224b38b754', 'connection': 'close', 'status': '200', 'content-location': 'http://10.132.46.216/share/v2/16111d98202d4b47aa933fbac21739f7/shares/c5183a88-d5ab-4b1b-851a-6944608aa36e'}
        Body: b'{"share": {"id": "c5183a88-d5ab-4b1b-851a-6944608aa36e", "size": 1, "availability_zone": null, "created_at": "2026-02-06T07:10:01.249499", "status": "error", "name": "tempest-tempest-created-share-211459188", "description": "Tempest\'s share", "project_id": "16111d98202d4b47aa933fbac21739f7", "snapshot_id": null, "share_network_id": null, "share_proto": "NFS", "metadata": {}, "share_type": "03d98168-fdcc-459a-90d1-d54d82ea202b", "volume_type": "tempest-manage-st-name-1958774490", "links": [{"rel": "self", "href": "http://10.132.46.216/share/v2/16111d98202d4b47aa933fbac21739f7/shares/c5183a88-d5ab-4b1b-851a-6944608aa36e"}, {"rel": "bookmark", "href": "http://10.132.46.216/share/16111d98202d4b47aa933fbac21739f7/shares/c5183a88-d5ab-4b1b-851a-6944608aa36e"}], "is_public": false, "snapshot_support": false, "task_state": null, "share_type_name": "tempest-manage-st-name-1958774490", "access_rules_status": "active", "replication_type": null, "has_replicas": false, "user_id": "2319d2989b8043cfb078882688aab826", "create_share_from_snapshot_support": false, "revert_to_snapshot_support": false, "share_group_id": null, "source_share_group_snapshot_member_id": null, "mount_snapshot_support": false, "progress": null, "is_soft_deleted": false, "scheduled_to_be_deleted_at": null, "source_backup_id": null, "encryption_key_ref": null, "share_server_id": null, "host": ""}}'

{3} manila_tempest_tests.tests.api.******.test_share_manage_negative.ManageNFSShareNegativeTest.test_manage_share_without_share_server_id ... SKIPPED: Multitenancy tests are disabled.
{0} manila_tempest_tests.tests.api.******.test_quotas.SharesAdminQuotasUpdateTest.test_quotas_usages [4.099078s] ... FAILED

Captured traceback:
~~~~~~~~~~~~~~~~~~~
    Traceback (most recent call last):

      File "/opt/stack/tempest/manila-tempest-plugin/manila_tempest_tests/tests/api/******/test_quotas.py", line 880, in test_quotas_usages
    share_1 = self.create_share(
              ^^^^^^^^^^^^^^^^^^

      File "/opt/stack/tempest/manila-tempest-plugin/manila_tempest_tests/tests/api/base.py", line 411, in create_share
    result = cls.create_shares([{"args": args, "kwargs": kwargs}])
             ^^^^^^^^^^^^^^^^^^^^^^^^^^^^^^^^^^^^^^^^^^^^^^^^^^^^^

      File "/opt/stack/tempest/manila-tempest-plugin/manila_tempest_tests/tests/api/base.py", line 469, in create_shares
    waiters.wait_for_resource_status(

      File "/opt/stack/tempest/manila-tempest-plugin/manila_tempest_tests/common/waiters.py", line 109, in wait_for_resource_status
    raise resource_exception(resource_id=resource_id)

    manila_tempest_tests.share_exceptions.ShareBuildErrorException: Share 3e0d0ba6-8738-415a-99db-21f325dec63f failed to build and is in ERROR status


Captured pythonlogging:
~~~~~~~~~~~~~~~~~~~~~~~
    2026-02-06 07:10:02,085 167945 INFO     [tempest.lib.common.rest_client] Request (SharesAdminQuotasUpdateTest:test_quotas_usages): 200 POST http://10.132.46.216/share/v2/cfe40a4c998a429f92aea5a8b8a0ad3a/types 0.024s
2026-02-06 07:10:02,085 167945 DEBUG    [tempest.lib.common.rest_client] Request - Headers: {'Content-Type': 'application/json', 'Accept': 'application/json', 'x-openstack-manila-api-version': '2.90', 'X-Auth-Token': '<omitted>'}
        Body: {"share_type": {"name": "tempest-typeshare-type-2046793529", "extra_specs": {"driver_handles_share_servers": "False"}, "share_type_access:is_public": true}}
    Response - Headers: {'date': 'Fri, 06 Feb 2026 07:10:02 GMT', 'server': 'Apache/2.4.58 (Ubuntu)', 'content-type': 'application/json', 'content-length': '623', 'x-compute-request-id': 'req-00e8a1e0-73ac-4b17-b7b7-265785d28607', 'x-openstack-manila-api-version': '2.90', 'vary': 'X-OpenStack-Manila-API-Version', 'x-openstack-request-id': 'req-00e8a1e0-73ac-4b17-b7b7-265785d28607', 'connection': 'close', 'status': '200', 'content-location': 'http://10.132.46.216/share/v2/cfe40a4c998a429f92aea5a8b8a0ad3a/types'}
        Body: b'{"volume_type": {"id": "c52ab3f7-8001-435f-8e17-4e47fb0afcdd", "name": "tempest-typeshare-type-2046793529", "extra_specs": {"driver_handles_share_servers": "False"}, "required_extra_specs": {"driver_handles_share_servers": "False"}, "share_type_access:is_public": true, "description": null, "is_default": false}, "share_type": {"id": "c52ab3f7-8001-435f-8e17-4e47fb0afcdd", "name": "tempest-typeshare-type-2046793529", "extra_specs": {"driver_handles_share_servers": "False"}, "required_extra_specs": {"driver_handles_share_servers": "False"}, "share_type_access:is_public": true, "description": null, "is_default": false}}'
2026-02-06 07:10:02,105 167945 INFO     [tempest.lib.common.rest_client] Request (SharesAdminQuotasUpdateTest:test_quotas_usages): 200 POST http://10.132.46.216/share/v2/cfe40a4c998a429f92aea5a8b8a0ad3a/types 0.019s
2026-02-06 07:10:02,106 167945 DEBUG    [tempest.lib.common.rest_client] Request - Headers: {'Content-Type': 'application/json', 'Accept': 'application/json', 'x-openstack-manila-api-version': '2.90', 'X-Auth-Token': '<omitted>'}
        Body: {"share_type": {"name": "tempest-typeshare-type-1324012671", "extra_specs": {"driver_handles_share_servers": "False"}, "share_type_access:is_public": true}}
    Response - Headers: {'date': 'Fri, 06 Feb 2026 07:10:02 GMT', 'server': 'Apache/2.4.58 (Ubuntu)', 'content-type': 'application/json', 'content-length': '623', 'x-compute-request-id': 'req-0a0605ec-74b3-4ee7-a664-beb60964c8bc', 'x-openstack-manila-api-version': '2.90', 'vary': 'X-OpenStack-Manila-API-Version', 'x-openstack-request-id': 'req-0a0605ec-74b3-4ee7-a664-beb60964c8bc', 'connection': 'close', 'status': '200', 'content-location': 'http://10.132.46.216/share/v2/cfe40a4c998a429f92aea5a8b8a0ad3a/types'}
        Body: b'{"volume_type": {"id": "554bcd9d-6a96-43cb-bcb4-48cc58c57092", "name": "tempest-typeshare-type-1324012671", "extra_specs": {"driver_handles_share_servers": "False"}, "required_extra_specs": {"driver_handles_share_servers": "False"}, "share_type_access:is_public": true, "description": null, "is_default": false}, "share_type": {"id": "554bcd9d-6a96-43cb-bcb4-48cc58c57092", "name": "tempest-typeshare-type-1324012671", "extra_specs": {"driver_handles_share_servers": "False"}, "required_extra_specs": {"driver_handles_share_servers": "False"}, "share_type_access:is_public": true, "description": null, "is_default": false}}'
2026-02-06 07:10:02,162 167945 INFO     [tempest.lib.common.rest_client] Request (SharesAdminQuotasUpdateTest:test_quotas_usages): 200 PUT http://10.132.46.216/share/v2/cfe40a4c998a429f92aea5a8b8a0ad3a/quota-sets/cfe40a4c998a429f92aea5a8b8a0ad3a 0.056s
2026-02-06 07:10:02,163 167945 DEBUG    [tempest.lib.common.rest_client] Request - Headers: {'Content-Type': 'application/json', 'Accept': 'application/json', 'x-openstack-manila-api-version': '2.90', 'X-Auth-Token': '<omitted>'}
        Body: {"quota_set": {"tenant_id": "cfe40a4c998a429f92ae
    a5a8b8a0ad3a", "force": "true", "shares": 3, "gigabytes": 10}}
    Response - Headers: {'date': 'Fri, 06 Feb 2026 07:10:02 GMT', 'server': 'Apache/2.4.58 (Ubuntu)', 'content-type': 'application/json', 'content-length': '303', 'x-compute-request-id': 'req-0ca68353-5ac5-4851-b7de-422b24a79e88', 'x-openstack-manila-api-version': '2.90', 'vary': 'X-OpenStack-Manila-API-Version', 'x-openstack-request-id': 'req-0ca68353-5ac5-4851-b7de-422b24a79e88', 'connection': 'close', 'status': '200', 'content-location': 'http://10.132.46.216/share/v2/cfe40a4c998a429f92aea5a8b8a0ad3a/quota-sets/cfe40a4c998a429f92aea5a8b8a0ad3a'}
        Body: b'{"quota_set": {"shares": 3, "gigabytes": 10, "snapshots": 50, "snapshot_gigabytes": 1000, "share_networks": 10, "share_groups": 50, "share_group_snapshots": 50, "share_replicas": 100, "replica_gigabytes": 1000, "per_share_gigabytes": -1, "backups": 10, "backup_gigabytes": 1000, "encryption_keys": 100}}'
2026-02-06 07:10:02,240 167945 INFO     [tempest.lib.common.rest_client] Request (SharesAdminQuotasUpdateTest:test_quotas_usages): 200 PUT http://10.132.46.216/share/v2/cfe40a4c998a429f92aea5a8b8a0ad3a/quota-sets/cfe40a4c998a429f92aea5a8b8a0ad3a?user_id=364c13a4df984913b7da3bd3d83350e8 0.077s
2026-02-06 07:10:02,241 167945 DEBUG    [tempest.lib.common.rest_client] Request - Headers: {'Content-Type': 'application/json', 'Accept': 'application/json', 'x-openstack-manila-api-version': '2.90', 'X-Auth-Token': '<omitted>'}
        Body: {"quota_set": {"tenant_id": "cfe40a4c998a429f92aea5a8b8a0ad3a", "force": "true", "shares": 2, "gigabytes": 7}}
    Response - Headers: {'date': 'Fri, 06 Feb 2026 07:10:02 GMT', 'server': 'Apache/2.4.58 (Ubuntu)', 'content-type': 'application/json', 'content-length': '302', 'x-compute-request-id': 'req-24bba450-b4fa-42e1-babe-d9173a502562', 'x-openstack-manila-api-version': '2.90', 'vary': 'X-OpenStack-Manila-API-Version', 'x-openstack-request-id': 'req-24bba450-b4fa-42e1-babe-d9173a502562', 'connection': 'close', 'status': '200', 'content-location': 'http://10.132.46.216/share/v2/cfe40a4c998a429f92aea5a8b8a0ad3a/quota-sets/cfe40a4c998a429f92aea5a8b8a0ad3a?user_id=364c13a4df984913b7da3bd3d83350e8'}
        Body: b'{"quota_set": {"shares": 2, "gigabytes": 7, "snapshots": 50, "snapshot_gigabytes": 1000, "share_networks": 10, "share_groups": 50, "share_group_snapshots": 50, "share_replicas": 100, "replica_gigabytes": 1000, "per_share_gigabytes": -1, "backups": 10, "backup_gigabytes": 1000, "encryption_keys": 100}}'
2026-02-06 07:10:02,324 167945 INFO     [tempest.lib.common.rest_client] Request (SharesAdminQuotasUpdateTest:test_quotas_usages): 200 PUT http://10.132.46.216/share/v2/cfe40a4c998a429f92aea5a8b8a0ad3a/quota-sets/cfe40a4c998a429f92aea5a8b8a0ad3a?share_type=c52ab3f7-8001-435f-8e17-4e47fb0afcdd 0.083s
2026-02-06 07:10:02,324 167945 DEBUG    [tempest.lib.common.rest_client] Request - Headers: {'Content-Type': 'application/json', 'Accept': 'application/json', 'x-openstack-manila-api-version': '2.90', 'X-Auth-Token': '<omitted>'}
        Body: {"quota_set": {"tenant_id": "cfe40a4c998a429f92aea5a8b8a0ad3a", "force": "true", "shares": 2, "gigabytes": 4}}
    Response - Headers: {'date': 'Fri, 06 Feb 2026 07:10:02 GMT', 'server': 'Apache/2.4.58 (Ubuntu)', 'content-type': 'application/json', 'content-length': '231', 'x-compute-request-id': 'req-adc558b8-4a26-423a-833a-3d524230f395', 'x-openstack-manila-api-version': '2.90', 'vary': 'X-OpenStack-Manila-API-Version', 'x-openstack-request-id': 'req-adc558b8-4a26-423a-833a-3d524230f395', 'connection': 'close', 'status': '200', 'content-location': 'http://10.132.46.216/share/v2/cfe40a4c998a429f92aea5a8b8a0ad3a/quota-sets/cfe40a4c998a429f92aea5a8b8a0ad3a?share_type=c52ab3f7-8001-435f-8e17-4e47fb0afcdd'}
        Body: b'{"quota_set": {"shares": 2, "gigabytes": 4, "snapshots": 50, "snapshot_gigabytes": 1000, "share_replicas": 100, "replica_gigabytes": 1000, "per_share_gigabytes": -1, "backups": 10, "backup_gigabytes": 1000, "encryption_keys": 100}}'
2026-02-06 07:10:02,391 167945 INFO     [tempest.lib.common.rest_client] Request (Sh
    aresAdminQuotasUpdateTest:test_quotas_usages): 200 PUT http://10.132.46.216/share/v2/cfe40a4c998a429f92aea5a8b8a0ad3a/quota-sets/cfe40a4c998a429f92aea5a8b8a0ad3a?share_type=tempest-typeshare-type-1324012671 0.066s
2026-02-06 07:10:02,392 167945 DEBUG    [tempest.lib.common.rest_client] Request - Headers: {'Content-Type': 'application/json', 'Accept': 'application/json', 'x-openstack-manila-api-version': '2.90', 'X-Auth-Token': '<omitted>'}
        Body: {"quota_set": {"tenant_id": "cfe40a4c998a429f92aea5a8b8a0ad3a", "force": "true", "shares": 2, "gigabytes": 4}}
    Response - Headers: {'date': 'Fri, 06 Feb 2026 07:10:02 GMT', 'server': 'Apache/2.4.58 (Ubuntu)', 'content-type': 'application/json', 'content-length': '231', 'x-compute-request-id': 'req-0f453650-24bd-48ec-91d8-a18efe1193dc', 'x-openstack-manila-api-version': '2.90', 'vary': 'X-OpenStack-Manila-API-Version', 'x-openstack-request-id': 'req-0f453650-24bd-48ec-91d8-a18efe1193dc', 'connection': 'close', 'status': '200', 'content-location': 'http://10.132.46.216/share/v2/cfe40a4c998a429f92aea5a8b8a0ad3a/quota-sets/cfe40a4c998a429f92aea5a8b8a0ad3a?share_type=tempest-typeshare-type-1324012671'}
        Body: b'{"quota_set": {"shares": 2, "gigabytes": 4, "snapshots": 50, "snapshot_gigabytes": 1000, "share_replicas": 100, "replica_gigabytes": 1000, "per_share_gigabytes": -1, "backups": 10, "backup_gigabytes": 1000, "encryption_keys": 100}}'
2026-02-06 07:10:02,607 167945 INFO     [tempest.lib.common.rest_client] Request (SharesAdminQuotasUpdateTest:test_quotas_usages): 200 POST http://10.132.46.216/share/v2/cfe40a4c998a429f92aea5a8b8a0ad3a/shares 0.214s
2026-02-06 07:10:02,607 167945 DEBUG    [tempest.lib.common.rest_client] Request - Headers: {'Content-Type': 'application/json', 'Accept': 'application/json', 'x-openstack-manila-api-version': '2.90', 'X-Auth-Token': '<omitted>'}
        Body: {"share": {"share_proto": "nfs", "description": "Tempest's share", "snapshot_id": null, "name": "tempest-tempest-created-share-1538311059", "size": 4, "metadata": {}, "is_public": false, "share_type": "c52ab3f7-8001-435f-8e17-4e47fb0afcdd"}}
    Response - Headers: {'date': 'Fri, 06 Feb 2026 07:10:02 GMT', 'server': 'Apache/2.4.58 (Ubuntu)', 'content-type': 'application/json', 'content-length': '1379', 'x-compute-request-id': 'req-183277d4-3fbb-450c-8544-cdb55be8e2c3', 'x-openstack-manila-api-version': '2.90', 'vary': 'X-OpenStack-Manila-API-Version', 'x-openstack-request-id': 'req-183277d4-3fbb-450c-8544-cdb55be8e2c3', 'connection': 'close', 'status': '200', 'content-location': 'http://10.132.46.216/share/v2/cfe40a4c998a429f92aea5a8b8a0ad3a/shares'}
        Body: b'{"share": {"id": "3e0d0ba6-8738-415a-99db-21f325dec63f", "size": 4, "availability_zone": null, "created_at": "2026-02-06T07:10:02.490579", "status": "creating", "name": "tempest-tempest-created-share-1538311059", "description": "Tempest\'s share", "project_id": "cfe40a4c998a429f92aea5a8b8a0ad3a", "snapshot_id": null, "share_network_id": null, "share_proto": "NFS", "metadata": {}, "share_type": "c52ab3f7-8001-435f-8e17-4e47fb0afcdd", "volume_type": "tempest-typeshare-type-2046793529", "links": [{"rel": "self", "href": "http://10.132.46.216/share/v2/cfe40a4c998a429f92aea5a8b8a0ad3a/shares/3e0d0ba6-8738-415a-99db-21f325dec63f"}, {"rel": "bookmark", "href": "http://10.132.46.216/share/cfe40a4c998a429f92aea5a8b8a0ad3a/shares/3e0d0ba6-8738-415a-99db-21f325dec63f"}], "is_public": false, "snapshot_support": false, "task_state": null, "share_type_name": "tempest-typeshare-type-2046793529", "access_rules_status": "active", "replication_type": null, "has_replicas": false, "user_id": "364c13a4df984913b7da3bd3d83350e8", "create_share_from_snapshot_support": false, "revert_to_snapshot_support": false, "share_group_id": null, "source_share_group_snapshot_member_id": null, "mount_snapshot_support": false, "progress": null, "is_soft_deleted": false, "scheduled_to_be_deleted_at": null, "source_backup_id": null, "encryption_key_ref": null, "share_server_id": null, "host": ""}}'
2026-02-06 07:10:02,643 167945 INFO     [tempest.lib.commo
    n.rest_client] Request (SharesAdminQuotasUpdateTest:test_quotas_usages): 200 GET http://10.132.46.216/share/v2/cfe40a4c998a429f92aea5a8b8a0ad3a/shares/3e0d0ba6-8738-415a-99db-21f325dec63f 0.035s
2026-02-06 07:10:02,644 167945 DEBUG    [tempest.lib.common.rest_client] Request - Headers: {'Content-Type': 'application/json', 'Accept': 'application/json', 'x-openstack-manila-api-version': '2.90', 'X-Auth-Token': '<omitted>'}
        Body: None
    Response - Headers: {'date': 'Fri, 06 Feb 2026 07:10:02 GMT', 'server': 'Apache/2.4.58 (Ubuntu)', 'content-type': 'application/json', 'content-length': '1379', 'x-compute-request-id': 'req-f90f3f71-5b3d-4510-8b30-6cc2617feec2', 'x-openstack-manila-api-version': '2.90', 'vary': 'X-OpenStack-Manila-API-Version', 'x-openstack-request-id': 'req-f90f3f71-5b3d-4510-8b30-6cc2617feec2', 'connection': 'close', 'status': '200', 'content-location': 'http://10.132.46.216/share/v2/cfe40a4c998a429f92aea5a8b8a0ad3a/shares/3e0d0ba6-8738-415a-99db-21f325dec63f'}
        Body: b'{"share": {"id": "3e0d0ba6-8738-415a-99db-21f325dec63f", "size": 4, "availability_zone": null, "created_at": "2026-02-06T07:10:02.490579", "status": "creating", "name": "tempest-tempest-created-share-1538311059", "description": "Tempest\'s share", "project_id": "cfe40a4c998a429f92aea5a8b8a0ad3a", "snapshot_id": null, "share_network_id": null, "share_proto": "NFS", "metadata": {}, "share_type": "c52ab3f7-8001-435f-8e17-4e47fb0afcdd", "volume_type": "tempest-typeshare-type-2046793529", "links": [{"rel": "self", "href": "http://10.132.46.216/share/v2/cfe40a4c998a429f92aea5a8b8a0ad3a/shares/3e0d0ba6-8738-415a-99db-21f325dec63f"}, {"rel": "bookmark", "href": "http://10.132.46.216/share/cfe40a4c998a429f92aea5a8b8a0ad3a/shares/3e0d0ba6-8738-415a-99db-21f325dec63f"}], "is_public": false, "snapshot_support": false, "task_state": null, "share_type_name": "tempest-typeshare-type-2046793529", "access_rules_status": "active", "replication_type": null, "has_replicas": false, "user_id": "364c13a4df984913b7da3bd3d83350e8", "create_share_from_snapshot_support": false, "revert_to_snapshot_support": false, "share_group_id": null, "source_share_group_snapshot_member_id": null, "mount_snapshot_support": false, "progress": null, "is_soft_deleted": false, "scheduled_to_be_deleted_at": null, "source_backup_id": null, "encryption_key_ref": null, "share_server_id": null, "host": ""}}'
2026-02-06 07:10:05,676 167945 INFO     [tempest.lib.common.rest_client] Request (SharesAdminQuotasUpdateTest:test_quotas_usages): 200 GET http://10.132.46.216/share/v2/cfe40a4c998a429f92aea5a8b8a0ad3a/shares/3e0d0ba6-8738-415a-99db-21f325dec63f 0.031s
2026-02-06 07:10:05,676 167945 DEBUG    [tempest.lib.common.rest_client] Request - Headers: {'Content-Type': 'application/json', 'Accept': 'application/json', 'x-openstack-manila-api-version': '2.90', 'X-Auth-Token': '<omitted>'}
        Body: None
    Response - Headers: {'date': 'Fri, 06 Feb 2026 07:10:05 GMT', 'server': 'Apache/2.4.58 (Ubuntu)', 'content-type': 'application/json', 'content-length': '1376', 'x-compute-request-id': 'req-9633834a-93d8-4252-9901-6e4a938d48ef', 'x-openstack-manila-api-version': '2.90', 'vary': 'X-OpenStack-Manila-API-Version', 'x-openstack-request-id': 'req-9633834a-93d8-4252-9901-6e4a938d48ef', 'connection': 'close', 'status': '200', 'content-location': 'http://10.132.46.216/share/v2/cfe40a4c998a429f92aea5a8b8a0ad3a/shares/3e0d0ba6-8738-415a-99db-21f325dec63f'}
        Body: b'{"share": {"id": "3e0d0ba6-8738-415a-99db-21f325dec63f", "size": 4, "availability_zone": null, "created_at": "2026-02-06T07:10:02.490579", "status": "error", "name": "tempest-tempest-created-share-1538311059", "description": "Tempest\'s share", "project_id": "cfe40a4c998a429f92aea5a8b8a0ad3a", "snapshot_id": null, "share_network_id": null, "share_proto": "NFS", "metadata": {}, "share_type": "c52ab3f7-8001-435f-8e17-4e47fb0afcdd", "volume_type": "tempest-typeshare-type-2046793529", "links": [{"rel": "self", "href": "http://10.132.46.216/share/v2/cfe40a4c998a429f92aea5a8b8a0ad3a/shares/3e0d0ba6-8738-415a-99db-21f325dec
    63f"}, {"rel": "bookmark", "href": "http://10.132.46.216/share/cfe40a4c998a429f92aea5a8b8a0ad3a/shares/3e0d0ba6-8738-415a-99db-21f325dec63f"}], "is_public": false, "snapshot_support": false, "task_state": null, "share_type_name": "tempest-typeshare-type-2046793529", "access_rules_status": "active", "replication_type": null, "has_replicas": false, "user_id": "364c13a4df984913b7da3bd3d83350e8", "create_share_from_snapshot_support": false, "revert_to_snapshot_support": false, "share_group_id": null, "source_share_group_snapshot_member_id": null, "mount_snapshot_support": false, "progress": null, "is_soft_deleted": false, "scheduled_to_be_deleted_at": null, "source_backup_id": null, "encryption_key_ref": null, "share_server_id": null, "host": ""}}'
2026-02-06 07:10:05,703 167945 INFO     [tempest.lib.common.rest_client] Request (SharesAdminQuotasUpdateTest:_run_cleanups): 200 GET http://10.132.46.216/share/v2/cfe40a4c998a429f92aea5a8b8a0ad3a/share-replicas/detail?share_id=3e0d0ba6-8738-415a-99db-21f325dec63f 0.022s
2026-02-06 07:10:05,703 167945 DEBUG    [tempest.lib.common.rest_client] Request - Headers: {'Content-Type': 'application/json', 'Accept': 'application/json', 'x-openstack-manila-api-version': '2.90', 'X-Auth-Token': '<omitted>'}
        Body: None
    Response - Headers: {'date': 'Fri, 06 Feb 2026 07:10:05 GMT', 'server': 'Apache/2.4.58 (Ubuntu)', 'content-type': 'application/json', 'content-length': '22', 'x-compute-request-id': 'req-b07d1ed7-bc12-43cc-b79e-539cba0d83d0', 'x-openstack-manila-api-version': '2.90', 'vary': 'X-OpenStack-Manila-API-Version', 'x-openstack-request-id': 'req-b07d1ed7-bc12-43cc-b79e-539cba0d83d0', 'connection': 'close', 'status': '200', 'content-location': 'http://10.132.46.216/share/v2/cfe40a4c998a429f92aea5a8b8a0ad3a/share-replicas/detail?share_id=3e0d0ba6-8738-415a-99db-21f325dec63f'}
        Body: b'{"share_replicas": []}'
2026-02-06 07:10:06,101 167945 INFO     [tempest.lib.common.rest_client] Request (SharesAdminQuotasUpdateTest:_run_cleanups): 202 DELETE http://10.132.46.216/share/v2/cfe40a4c998a429f92aea5a8b8a0ad3a/shares/3e0d0ba6-8738-415a-99db-21f325dec63f 0.397s
2026-02-06 07:10:06,101 167945 DEBUG    [tempest.lib.common.rest_client] Request - Headers: {'Content-Type': 'application/json', 'Accept': 'application/json', 'x-openstack-manila-api-version': '2.90', 'X-Auth-Token': '<omitted>'}
        Body: None
    Response - Headers: {'date': 'Fri, 06 Feb 2026 07:10:05 GMT', 'server': 'Apache/2.4.58 (Ubuntu)', 'content-length': '0', 'content-type': 'text/html; charset=UTF-8', 'x-compute-request-id': 'req-8ff8d75c-019e-4b42-aec5-4cc4b0cad19d', 'x-openstack-manila-api-version': '2.90', 'vary': 'X-OpenStack-Manila-API-Version', 'x-openstack-request-id': 'req-8ff8d75c-019e-4b42-aec5-4cc4b0cad19d', 'connection': 'close', 'status': '202', 'content-location': 'http://10.132.46.216/share/v2/cfe40a4c998a429f92aea5a8b8a0ad3a/shares/3e0d0ba6-8738-415a-99db-21f325dec63f'}
        Body: b''
2026-02-06 07:10:06,115 167945 INFO     [tempest.lib.common.rest_client] Request (SharesAdminQuotasUpdateTest:_run_cleanups): 404 GET http://10.132.46.216/share/v2/cfe40a4c998a429f92aea5a8b8a0ad3a/shares/3e0d0ba6-8738-415a-99db-21f325dec63f 0.013s
2026-02-06 07:10:06,115 167945 DEBUG    [tempest.lib.common.rest_client] Request - Headers: {'Content-Type': 'application/json', 'Accept': 'application/json', 'x-openstack-manila-api-version': '2.90', 'X-Auth-Token': '<omitted>'}
        Body: None
    Response - Headers: {'date': 'Fri, 06 Feb 2026 07:10:06 GMT', 'server': 'Apache/2.4.58 (Ubuntu)', 'x-openstack-manila-api-version': '2.90', 'vary': 'X-OpenStack-Manila-API-Version', 'content-length': '78', 'content-type': 'application/json', 'x-compute-request-id': 'req-73ca36f8-4a15-4583-b9fb-877469fe7a88', 'x-openstack-request-id': 'req-73ca36f8-4a15-4583-b9fb-877469fe7a88', 'connection': 'close', 'status': '404', 'content-location': 'http://10.132.46.216/share/v2/cfe40a4c998a429f92aea5a8b8a0ad3a/shares/3e0d0ba6-8738-415a-99db-21f325dec63f'}
        Body: b'{"itemNotFound": {"code": 404, "message": "The resource 
    could not be found."}}'
2026-02-06 07:10:06,135 167945 INFO     [tempest.lib.common.rest_client] Request (SharesAdminQuotasUpdateTest:_run_cleanups): 202 DELETE http://10.132.46.216/share/v2/cfe40a4c998a429f92aea5a8b8a0ad3a/quota-sets/cfe40a4c998a429f92aea5a8b8a0ad3a?user_id=364c13a4df984913b7da3bd3d83350e8 0.019s
2026-02-06 07:10:06,135 167945 DEBUG    [tempest.lib.common.rest_client] Request - Headers: {'Content-Type': 'application/json', 'Accept': 'application/json', 'x-openstack-manila-api-version': '2.90', 'X-Auth-Token': '<omitted>'}
        Body: None
    Response - Headers: {'date': 'Fri, 06 Feb 2026 07:10:06 GMT', 'server': 'Apache/2.4.58 (Ubuntu)', 'content-length': '0', 'content-type': 'text/html; charset=UTF-8', 'x-compute-request-id': 'req-cd67e584-57af-4cf9-a307-e55cf1091b7e', 'x-openstack-manila-api-version': '2.90', 'vary': 'X-OpenStack-Manila-API-Version', 'x-openstack-request-id': 'req-cd67e584-57af-4cf9-a307-e55cf1091b7e', 'connection': 'close', 'status': '202', 'content-location': 'http://10.132.46.216/share/v2/cfe40a4c998a429f92aea5a8b8a0ad3a/quota-sets/cfe40a4c998a429f92aea5a8b8a0ad3a?user_id=364c13a4df984913b7da3bd3d83350e8'}
        Body: b''
2026-02-06 07:10:06,158 167945 INFO     [tempest.lib.common.rest_client] Request (SharesAdminQuotasUpdateTest:_run_cleanups): 202 DELETE http://10.132.46.216/share/v2/cfe40a4c998a429f92aea5a8b8a0ad3a/quota-sets/cfe40a4c998a429f92aea5a8b8a0ad3a 0.023s
2026-02-06 07:10:06,159 167945 DEBUG    [tempest.lib.common.rest_client] Request - Headers: {'Content-Type': 'application/json', 'Accept': 'application/json', 'x-openstack-manila-api-version': '2.90', 'X-Auth-Token': '<omitted>'}
        Body: None
    Response - Headers: {'date': 'Fri, 06 Feb 2026 07:10:06 GMT', 'server': 'Apache/2.4.58 (Ubuntu)', 'content-length': '0', 'content-type': 'text/html; charset=UTF-8', 'x-compute-request-id': 'req-e939a0c0-9d52-4a8b-bf0a-c2597f2e0cc9', 'x-openstack-manila-api-version': '2.90', 'vary': 'X-OpenStack-Manila-API-Version', 'x-openstack-request-id': 'req-e939a0c0-9d52-4a8b-bf0a-c2597f2e0cc9', 'connection': 'close', 'status': '202', 'content-location': 'http://10.132.46.216/share/v2/cfe40a4c998a429f92aea5a8b8a0ad3a/quota-sets/cfe40a4c998a429f92aea5a8b8a0ad3a'}
        Body: b''

{0} manila_tempest_tests.tests.api.******.test_quotas.SharesAdminQuotasUpdateTest.test_reset_share_type_quotas_1___id___True_ [0.317831s] ... ok
{1} setUpClass (manila_tempest_tests.tests.api.test_rules.ShareIpRulesForNFSTest) [0.000000s] ... FAILED

Captured traceback:
~~~~~~~~~~~~~~~~~~~
    Traceback (most recent call last):

      File "/opt/stack/tempest/tempest/test.py", line 185, in setUpClass
    raise value.with_traceback(trace)

      File "/opt/stack/tempest/tempest/test.py", line 178, in setUpClass
    cls.resource_setup()

      File "/opt/stack/tempest/manila-tempest-plugin/manila_tempest_tests/tests/api/test_rules.py", line 89, in resource_setup
    cls.share = cls.create_share(cls.protocol,
                ^^^^^^^^^^^^^^^^^^^^^^^^^^^^^^

      File "/opt/stack/tempest/manila-tempest-plugin/manila_tempest_tests/tests/api/base.py", line 411, in create_share
    result = cls.create_shares([{"args": args, "kwargs": kwargs}])
             ^^^^^^^^^^^^^^^^^^^^^^^^^^^^^^^^^^^^^^^^^^^^^^^^^^^^^

      File "/opt/stack/tempest/manila-tempest-plugin/manila_tempest_tests/tests/api/base.py", line 469, in create_shares
    waiters.wait_for_resource_status(

      File "/opt/stack/tempest/manila-tempest-plugin/manila_tempest_tests/common/waiters.py", line 109, in wait_for_resource_status
    raise resource_exception(resource_id=resource_id)

    manila_tempest_tests.share_exceptions.ShareBuildErrorException: Share 656d9295-13d3-4247-b9ba-c3cd1ce211c6 failed to build and is in ERROR status

{1} setUpClass (manila_tempest_tests.tests.api.test_rules_negative.ShareIpRulesForCIFSNegativeTest) ... SKIPPED: IP rule tests for cifs protocol are disabled
{0} manila_tempest_tests.tests.api.******.test_quotas.SharesAdminQuotasUpdateTest.test_reset_share_type_quotas_2___name___False_ [0.292909s] ... ok
{0} manila_tempest_tests.tests.api.******.test_quotas.SharesAdminQuotasUpdateTest.test_reset_tenant_quotas [0.176968s] ... ok
{0} manila_tempest_tests.tests.api.******.test_quotas.SharesAdminQuotasUpdateTest.test_set_share_type_quota_bigger_than_users_quota [0.215724s] ... ok
{0} manila_tempest_tests.tests.api.******.test_quotas.SharesAdminQuotasUpdateTest.test_share_group_quotas_usages ... SKIPPED: Share Group tests disabled.
{0} manila_tempest_tests.tests.api.******.test_quotas.SharesAdminQuotasUpdateTest.test_unlimited_quota_for_gigabytes [0.077560s] ... ok
{0} manila_tempest_tests.tests.api.******.test_quotas.SharesAdminQuotasUpdateTest.test_unlimited_quota_for_replica_quotas_1_share_replicas [0.073582s] ... ok
{0} manila_tempest_tests.tests.api.******.test_quotas.SharesAdminQuotasUpdateTest.test_unlimited_quota_for_replica_quotas_2_replica_gigabytes [0.076718s] ... ok
{0} manila_tempest_tests.tests.api.******.test_quotas.SharesAdminQuotasUpdateTest.test_unlimited_quota_for_share_groups ... SKIPPED: Share Group tests disabled.
{0} manila_tempest_tests.tests.api.******.test_quotas.SharesAdminQuotasUpdateTest.test_unlimited_quota_for_share_networks [0.075990s] ... ok
{0} manila_tempest_tests.tests.api.******.test_quotas.SharesAdminQuotasUpdateTest.test_unlimited_quota_for_shares [0.075227s] ... ok
{0} manila_tempest_tests.tests.api.******.test_quotas.SharesAdminQuotasUpdateTest.test_unlimited_quota_for_snapshot_gigabytes [0.081513s] ... ok
{0} manila_tempest_tests.tests.api.******.test_quotas.SharesAdminQuotasUpdateTest.test_unlimited_quota_for_snapshots [0.075174s] ... ok
{3} manila_tempest_tests.tests.api.******.test_share_manage_negative.ManageNFSShareNegativeTest.test_unmanage_share_transitional_state [3.272687s] ... FAILED

Captured traceback:
~~~~~~~~~~~~~~~~~~~
    Traceback (most recent call last):

      File "/opt/stack/tempest/manila-tempest-plugin/manila_tempest_tests/tests/api/******/test_share_manage_negative.py", line 321, in test_unmanage_share_transitional_state
    share = self._create_share_for_manage()
            ^^^^^^^^^^^^^^^^^^^^^^^^^^^^^^^

      File "/opt/stack/tempest/manila-tempest-plugin/manila_tempest_tests/tests/api/base.py", line 1174, in _create_share_for_manage
    share = self.create_share(**creation_data)
            ^^^^^^^^^^^^^^^^^^^^^^^^^^^^^^^^^^

      File "/opt/stack/tempest/manila-tempest-plugin/manila_tempest_tests/tests/api/base.py", line 411, in create_share
    result = cls.create_shares([{"args": args, "kwargs": kwargs}])
             ^^^^^^^^^^^^^^^^^^^^^^^^^^^^^^^^^^^^^^^^^^^^^^^^^^^^^

      File "/opt/stack/tempest/manila-tempest-plugin/manila_tempest_tests/tests/api/base.py", line 469, in create_shares
    waiters.wait_for_resource_status(

      File "/opt/stack/tempest/manila-tempest-plugin/manila_tempest_tests/common/waiters.py", line 109, in wait_for_resource_status
    raise resource_exception(resource_id=resource_id)

    manila_tempest_tests.share_exceptions.ShareBuildErrorException: Share 57698eea-a943-46fe-a7f5-b2cf55f63e6f failed to build and is in ERROR status


Captured pythonlogging:
~~~~~~~~~~~~~~~~~~~~~~~
    2026-02-06 07:10:04,698 167951 INFO     [tempest.lib.common.rest_client] Request (ManageNFSShareNegativeTest:test_unmanage_share_transitional_state): 200 POST http://10.132.46.216/share/v2/16111d98202d4b47aa933fbac21739f7/shares 0.208s
2026-02-06 07:10:04,698 167951 DEBUG    [tempest.lib.common.rest_client] Request - Headers: {'Content-Type': 'application/json', 'Accept': 'application/json', 'x-openstack-manila-api-version': '2.90', 'X-Auth-Token': '<omitted>'}
        Body: {"share": {"share_proto": "nfs", "description": "Tempest's share", "snapshot_id": null, "name": "tempest-tempest-created-share-953514609", "size": 1, "metadata": {}, "is_public": false, "share_type": "03d98168-fdcc-459a-90d1-d54d82ea202b"}}
    Response - Headers: {'date': 'Fri, 06 Feb 2026 07:10:04 GMT', 'server': 'Apache/2.4.58 (Ubuntu)', 'content-type': 'application/json', 'content-length': '1378', 'x-compute-request-id': 'req-9bf2b640-94ba-4cd7-930d-507f21fd7c5c', 'x-openstack-manila-api-version': '2.90', 'vary': 'X-OpenStack-Manila-API-Version', 'x-openstack-request-id': 'req-9bf2b640-94ba-4cd7-930d-507f21fd7c5c', 'connection': 'close', 'status': '200', 'content-location': 'http://10.132.46.216/share/v2/16111d98202d4b47aa933fbac21739f7/shares'}
        Body: b'{"share": {"id": "57698eea-a943-46fe-a7f5-b2cf55f63e6f", "size": 1, "availability_zone": null, "created_at": "2026-02-06T07:10:04.572114", "status": "creating", "name": "tempest-tempest-created-share-953514609", "description": "Tempest\'s share", "project_id": "16111d98202d4b47aa933fbac21739f7", "snapshot_id": null, "share_network_id": null, "share_proto": "NFS", "metadata": {}, "share_type": "03d98168-fdcc-459a-90d1-d54d82ea202b", "volume_type": "tempest-manage-st-name-1958774490", "links": [{"rel": "self", "href": "http://10.132.46.216/share/v2/16111d98202d4b47aa933fbac21739f7/shares/57698eea-a943-46fe-a7f5-b2cf55f63e6f"}, {"rel": "bookmark", "href": "http://10.132.46.216/share/16111d98202d4b47aa933fbac21739f7/shares/57698eea-a943-46fe-a7f5-b2cf55f63e6f"}], "is_public": false, "snapshot_support": false, "task_state": null, "share_type_name": "tempest-manage-st-name-1958774490", "access_rules_status": "active", "replication_type": null, "has_replicas": false, "user_id": "2319d2989b8043cfb078882688aab826", "create_share_from_snapshot_support": false, "revert_to_snapshot_support": false, "share_group_id": null, "source_share_group_snapshot_member_id": null, "mount_snapshot_support": false, "progress": null, "is_soft_deleted": false, "scheduled_to_be_deleted_at": null, "source_backup_id": null, "encryption_key_ref": null, "share_server_id": null, "host": ""}}'
2026-02-06 07:10:04,725 167951 INFO     [tempest.lib.common.rest_client] Request (ManageNFSShareNegativeTest:test_unmanage_share_transitional_state): 200 GET http://10.132.46.216/share/v2/16111d98202d4b47aa933fbac21739f7/shares/57698eea-a943-46fe-a7f5-b2cf55f63e6f 0.026s
2026-02-06 07:10:04,725 167951 DEBUG    [tempest.lib.common.rest_client] Request - Headers: {'Content-Type': 'application/json', 'Accept': 'application/json', 'x-openstack-manila-api-version': '2.90', 'X-Auth-Token': '<omitted>'}
        Body: None
    Response - Headers: {'date': 'Fri, 06 Feb 2026 07:10:04 GMT', 'server': 'Apache/2.4.58 (Ubuntu)', 'content-type': 'application/json', 'content-length': '1378', 'x-compute-request-id': 'req-7f59409f-b0f4-4f71-9037-afbbff067a2d', 'x-openstack-manila-api-version': '2.90', 'vary': 'X-OpenStack-Manila-API-Version', 'x-openstack-request-id': 'req-7f59409f-b0f4-4f71-9037-afbbff067a2d', 'connection': 'close', 'status': '200', 'content-location': 'http://10.132.46.216/share/v2/16111d98202d4b47aa933fbac21739f7/shares/57698eea-a943-46fe-a7f5-b2cf55f63e6f'}
        Body: b'{"share": {"id": "57698eea-a943-46fe-a7f5-b2cf55f63e6f", "size": 1, "availability_zone": null, "created_at": "2026-02-06T07:10:04.572114", "status": "creating", "name": "tempest-tempest-created-share-953514609", "description": "Tempest\'s share", "project_id": "16111d98202d4b47aa933fbac21739f7", "snapshot_id": null, "share_network_id": null, "share_proto": "NFS", 
    "metadata": {}, "share_type": "03d98168-fdcc-459a-90d1-d54d82ea202b", "volume_type": "tempest-manage-st-name-1958774490", "links": [{"rel": "self", "href": "http://10.132.46.216/share/v2/16111d98202d4b47aa933fbac21739f7/shares/57698eea-a943-46fe-a7f5-b2cf55f63e6f"}, {"rel": "bookmark", "href": "http://10.132.46.216/share/16111d98202d4b47aa933fbac21739f7/shares/57698eea-a943-46fe-a7f5-b2cf55f63e6f"}], "is_public": false, "snapshot_support": false, "task_state": null, "share_type_name": "tempest-manage-st-name-1958774490", "access_rules_status": "active", "replication_type": null, "has_replicas": false, "user_id": "2319d2989b8043cfb078882688aab826", "create_share_from_snapshot_support": false, "revert_to_snapshot_support": false, "share_group_id": null, "source_share_group_snapshot_member_id": null, "mount_snapshot_support": false, "progress": null, "is_soft_deleted": false, "scheduled_to_be_deleted_at": null, "source_backup_id": null, "encryption_key_ref": null, "share_server_id": null, "host": ""}}'
2026-02-06 07:10:07,760 167951 INFO     [tempest.lib.common.rest_client] Request (ManageNFSShareNegativeTest:test_unmanage_share_transitional_state): 200 GET http://10.132.46.216/share/v2/16111d98202d4b47aa933fbac21739f7/shares/57698eea-a943-46fe-a7f5-b2cf55f63e6f 0.034s
2026-02-06 07:10:07,760 167951 DEBUG    [tempest.lib.common.rest_client] Request - Headers: {'Content-Type': 'application/json', 'Accept': 'application/json', 'x-openstack-manila-api-version': '2.90', 'X-Auth-Token': '<omitted>'}
        Body: None
    Response - Headers: {'date': 'Fri, 06 Feb 2026 07:10:07 GMT', 'server': 'Apache/2.4.58 (Ubuntu)', 'content-type': 'application/json', 'content-length': '1375', 'x-compute-request-id': 'req-4f2489e8-b752-4181-932b-3e33bfeb5f00', 'x-openstack-manila-api-version': '2.90', 'vary': 'X-OpenStack-Manila-API-Version', 'x-openstack-request-id': 'req-4f2489e8-b752-4181-932b-3e33bfeb5f00', 'connection': 'close', 'status': '200', 'content-location': 'http://10.132.46.216/share/v2/16111d98202d4b47aa933fbac21739f7/shares/57698eea-a943-46fe-a7f5-b2cf55f63e6f'}
        Body: b'{"share": {"id": "57698eea-a943-46fe-a7f5-b2cf55f63e6f", "size": 1, "availability_zone": null, "created_at": "2026-02-06T07:10:04.572114", "status": "error", "name": "tempest-tempest-created-share-953514609", "description": "Tempest\'s share", "project_id": "16111d98202d4b47aa933fbac21739f7", "snapshot_id": null, "share_network_id": null, "share_proto": "NFS", "metadata": {}, "share_type": "03d98168-fdcc-459a-90d1-d54d82ea202b", "volume_type": "tempest-manage-st-name-1958774490", "links": [{"rel": "self", "href": "http://10.132.46.216/share/v2/16111d98202d4b47aa933fbac21739f7/shares/57698eea-a943-46fe-a7f5-b2cf55f63e6f"}, {"rel": "bookmark", "href": "http://10.132.46.216/share/16111d98202d4b47aa933fbac21739f7/shares/57698eea-a943-46fe-a7f5-b2cf55f63e6f"}], "is_public": false, "snapshot_support": false, "task_state": null, "share_type_name": "tempest-manage-st-name-1958774490", "access_rules_status": "active", "replication_type": null, "has_replicas": false, "user_id": "2319d2989b8043cfb078882688aab826", "create_share_from_snapshot_support": false, "revert_to_snapshot_support": false, "share_group_id": null, "source_share_group_snapshot_member_id": null, "mount_snapshot_support": false, "progress": null, "is_soft_deleted": false, "scheduled_to_be_deleted_at": null, "source_backup_id": null, "encryption_key_ref": null, "share_server_id": null, "host": ""}}'

{3} manila_tempest_tests.tests.api.******.test_share_manage_negative.ManageNFSShareNegativeTest.test_unmanage_share_with_server_unsupported ... SKIPPED: Multitenancy tests are disabled.
{3} manila_tempest_tests.tests.api.******.test_share_manage_negative.ManageNFSShareNegativeTest.test_unmanage_share_with_snapshot ... SKIPPED: Snapshot tests are disabled.
{0} manila_tempest_tests.tests.api.******.test_quotas.SharesAdminQuotasUpdateTest.test_unlimited_user_quota_for_gigabytes [0.125899s] ... ok
{0} manila_tempest_tests.tests.api.******.test_quotas.SharesAdminQuotasUpdateTest.test_unlimited_user_quota_for_replica_quotas_1_share_replicas [0.088424s] ... ok
{0} manila_tempest_tests.tests.api.******.test_quotas.SharesAdminQuotasUpdateTest.test_unlimited_user_quota_for_replica_quotas_2_replica_gigabytes [0.124532s] ... ok
{0} manila_tempest_tests.tests.api.******.test_quotas.SharesAdminQuotasUpdateTest.test_unlimited_user_quota_for_share_group_snapshots ... SKIPPED: Share Group tests disabled.
{0} manila_tempest_tests.tests.api.******.test_quotas.SharesAdminQuotasUpdateTest.test_unlimited_user_quota_for_share_networks [0.379180s] ... ok
{0} manila_tempest_tests.tests.api.******.test_quotas.SharesAdminQuotasUpdateTest.test_unlimited_user_quota_for_shares [0.343901s] ... ok
{0} manila_tempest_tests.tests.api.******.test_quotas.SharesAdminQuotasUpdateTest.test_unlimited_user_quota_for_snapshot_gigabytes [0.182589s] ... ok
{0} manila_tempest_tests.tests.api.******.test_quotas.SharesAdminQuotasUpdateTest.test_unlimited_user_quota_for_snapshots [0.155578s] ... ok
{0} manila_tempest_tests.tests.api.******.test_quotas.SharesAdminQuotasUpdateTest.test_update_share_type_quota_1___id___True_ [0.472185s] ... ok
{2} setUpClass (manila_tempest_tests.tests.api.******.test_share_instances.ShareInstancesTest) [0.000000s] ... FAILED

Captured traceback:
~~~~~~~~~~~~~~~~~~~
    Traceback (most recent call last):

      File "/opt/stack/tempest/tempest/test.py", line 185, in setUpClass
    raise value.with_traceback(trace)

      File "/opt/stack/tempest/tempest/test.py", line 178, in setUpClass
    cls.resource_setup()

      File "/opt/stack/tempest/manila-tempest-plugin/manila_tempest_tests/tests/api/******/test_share_instances.py", line 34, in resource_setup
    cls.share = cls.create_share(share_type_id=cls.share_type_id)
                ^^^^^^^^^^^^^^^^^^^^^^^^^^^^^^^^^^^^^^^^^^^^^^^^^

      File "/opt/stack/tempest/manila-tempest-plugin/manila_tempest_tests/tests/api/base.py", line 411, in create_share
    result = cls.create_shares([{"args": args, "kwargs": kwargs}])
             ^^^^^^^^^^^^^^^^^^^^^^^^^^^^^^^^^^^^^^^^^^^^^^^^^^^^^

      File "/opt/stack/tempest/manila-tempest-plugin/manila_tempest_tests/tests/api/base.py", line 469, in create_shares
    waiters.wait_for_resource_status(

      File "/opt/stack/tempest/manila-tempest-plugin/manila_tempest_tests/common/waiters.py", line 109, in wait_for_resource_status
    raise resource_exception(resource_id=resource_id)

    manila_tempest_tests.share_exceptions.ShareBuildErrorException: Share d5fa5bc6-ecea-4f14-a8af-4b2e063be24e failed to build and is in ERROR status

{2} setUpClass (manila_tempest_tests.tests.api.******.test_share_manage.ManageCIFSShareTest) ... SKIPPED: cifs tests are disabled
{2} setUpClass (manila_tempest_tests.tests.api.******.test_share_manage.ManageMapRFSShareTest) ... SKIPPED: maprfs tests are disabled
{0} manila_tempest_tests.tests.api.******.test_quotas.SharesAdminQuotasUpdateTest.test_update_share_type_quota_2___name___False_ [0.466147s] ... ok
{0} manila_tempest_tests.tests.api.******.test_quotas.SharesAdminQuotasUpdateTest.test_update_share_type_quotas_bigger_than_project_quota_1_11 [0.140279s] ... ok
{0} manila_tempest_tests.tests.api.******.test_quotas.SharesAdminQuotasUpdateTest.test_update_share_type_quotas_bigger_than_project_quota_2__1 [0.158818s] ... ok
{0} manila_tempest_tests.tests.api.******.test_quotas.SharesAdminQuotasUpdateTest.test_update_tenant_quota_encryption_keys [0.081327s] ... ok
{3} setUpClass (manila_tempest_tests.tests.api.******.test_share_servers_migration_negative.ShareServerMigrationInvalidParametersCIFS) ... SKIPPED: cifs tests are disabled.
{3} setUpClass (manila_tempest_tests.tests.api.******.test_share_servers_migration_negative.ShareServerMigrationInvalidStatesCIFS) ... SKIPPED: cifs tests are disabled.
{3} setUpClass (manila_tempest_tests.tests.api.******.test_share_servers_migration_negative.ShareServerMigrationStartInvalidStatesNFS) ... SKIPPED: Multitenancy tests are disabled.
{3} setUpClass (manila_tempest_tests.tests.api.******.test_share_servers_migration_negative.ShareServerMigrationStartNegativesCIFS) ... SKIPPED: cifs tests are disabled.
{0} manila_tempest_tests.tests.api.******.test_quotas.SharesAdminQuotasUpdateTest.test_update_tenant_quota_gigabytes [0.082301s] ... ok
{0} manila_tempest_tests.tests.api.******.test_quotas.SharesAdminQuotasUpdateTest.test_update_tenant_quota_share_groups_1_share_groups ... SKIPPED: Share Group tests disabled.
{0} manila_tempest_tests.tests.api.******.test_quotas.SharesAdminQuotasUpdateTest.test_update_tenant_quota_share_groups_2_share_group_snapshots ... SKIPPED: Share Group tests disabled.
{0} manila_tempest_tests.tests.api.******.test_quotas.SharesAdminQuotasUpdateTest.test_update_tenant_quota_share_networks [0.069459s] ... ok
{0} manila_tempest_tests.tests.api.******.test_quotas.SharesAdminQuotasUpdateTest.test_update_tenant_quota_shares [0.080479s] ... ok
{0} manila_tempest_tests.tests.api.******.test_quotas.SharesAdminQuotasUpdateTest.test_update_tenant_quota_snapshot_gigabytes [0.077613s] ... ok
{0} manila_tempest_tests.tests.api.******.test_quotas.SharesAdminQuotasUpdateTest.test_update_tenant_quota_snapshots [0.082649s] ... ok
{0} manila_tempest_tests.tests.api.******.test_quotas.SharesAdminQuotasUpdateTest.test_update_user_quota_gigabytes [0.104762s] ... ok
{0} manila_tempest_tests.tests.api.******.test_quotas.SharesAdminQuotasUpdateTest.test_update_user_quota_replica_related_1___share_replicas___False_ [0.082404s] ... ok
{0} manila_tempest_tests.tests.api.******.test_quotas.SharesAdminQuotasUpdateTest.test_update_user_quota_replica_related_2___share_replicas___True_ [0.092004s] ... ok
{0} manila_tempest_tests.tests.api.******.test_quotas.SharesAdminQuotasUpdateTest.test_update_user_quota_replica_related_3___replica_gigabytes___False_ [0.071780s] ... ok
{0} manila_tempest_tests.tests.api.******.test_quotas.SharesAdminQuotasUpdateTest.test_update_user_quota_replica_related_4___replica_gigabytes___True_ [0.079637s] ... ok
{0} manila_tempest_tests.tests.api.******.test_quotas.SharesAdminQuotasUpdateTest.test_update_user_quota_share_groups_1_share_groups ... SKIPPED: Share Group tests disabled.
{0} manila_tempest_tests.tests.api.******.test_quotas.SharesAdminQuotasUpdateTest.test_update_user_quota_share_groups_2_share_group_snapshots ... SKIPPED: Share Group tests disabled.
{0} manila_tempest_tests.tests.api.******.test_quotas.SharesAdminQuotasUpdateTest.test_update_user_quota_share_networks [0.088905s] ... ok
{0} manila_tempest_tests.tests.api.******.test_quotas.SharesAdminQuotasUpdateTest.test_update_user_quota_shares [0.092255s] ... ok
{0} manila_tempest_tests.tests.api.******.test_quotas.SharesAdminQuotasUpdateTest.test_update_user_quota_snapshot_gigabytes [0.087635s] ... ok
{0} manila_tempest_tests.tests.api.******.test_quotas.SharesAdminQuotasUpdateTest.test_update_user_quota_snapshots [0.100015s] ... ok
{0} manila_tempest_tests.tests.api.******.test_quotas.SharesAdminQuotasUpdateTest.test_update_user_quotas_bigger_than_project_quota_1_11 [0.144595s] ... ok
{0} manila_tempest_tests.tests.api.******.test_quotas.SharesAdminQuotasUpdateTest.test_update_user_quotas_bigger_than_project_quota_2__1 [0.125467s] ... ok
{3} manila_tempest_tests.tests.api.******.test_share_servers_negative.ShareServersNegativeAdminTest.test_delete_share_server_with_member [0.165601s] ... ok
{3} manila_tempest_tests.tests.api.******.test_share_servers_negative.ShareServersNegativeAdminTest.test_delete_share_server_with_nonexistent_id [0.130435s] ... ok
{3} manila_tempest_tests.tests.api.******.test_share_servers_negative.ShareServersNegativeAdminTest.test_list_share_servers_with_fake_host [0.062388s] ... ok
{3} manila_tempest_tests.tests.api.******.test_share_servers_negative.ShareServersNegativeAdminTest.test_list_share_servers_with_fake_project [0.051009s] ... ok
{3} manila_tempest_tests.tests.api.******.test_share_servers_negative.ShareServersNegativeAdminTest.test_list_share_servers_with_fake_share_network [0.021825s] ... ok
{3} manila_tempest_tests.tests.api.******.test_share_servers_negative.ShareServersNegativeAdminTest.test_list_share_servers_with_fake_status [0.057400s] ... ok
{3} manila_tempest_tests.tests.api.******.test_share_servers_negative.ShareServersNegativeAdminTest.test_list_share_servers_with_wrong_filter_key [0.047941s] ... ok
{3} manila_tempest_tests.tests.api.******.test_share_servers_negative.ShareServersNegativeAdminTest.test_list_share_servers_with_wrong_filter_value [0.027113s] ... ok
{3} manila_tempest_tests.tests.api.******.test_share_servers_negative.ShareServersNegativeAdminTest.test_show_share_server_details_with_inexistent_id [0.035453s] ... ok
{3} manila_tempest_tests.tests.api.******.test_share_servers_negative.ShareServersNegativeAdminTest.test_show_share_server_with_inexistent_id [0.047586s] ... ok
{3} manila_tempest_tests.tests.api.******.test_share_servers_negative.ShareServersNegativeAdminTest.test_try_list_share_servers_with_member [0.013853s] ... ok
{3} manila_tempest_tests.tests.api.******.test_share_servers_negative.ShareServersNegativeAdminTest.test_try_show_share_server_details_with_member [0.015805s] ... ok
{3} manila_tempest_tests.tests.api.******.test_share_servers_negative.ShareServersNegativeAdminTest.test_try_show_share_server_with_member [0.019925s] ... ok
{2} manila_tempest_tests.tests.api.******.test_share_manage.ManageNFSShareTest.test_manage [3.291819s] ... FAILED

Captured traceback:
~~~~~~~~~~~~~~~~~~~
    Traceback (most recent call last):

      File "/opt/stack/tempest/manila-tempest-plugin/manila_tempest_tests/tests/api/******/test_share_manage.py", line 172, in test_manage
    self._test_manage(check_manage=True)

      File "/opt/stack/tempest/manila-tempest-plugin/manila_tempest_tests/tests/api/******/test_share_manage.py", line 70, in _test_manage
    share = self._create_share_for_manage()
            ^^^^^^^^^^^^^^^^^^^^^^^^^^^^^^^

      File "/opt/stack/tempest/manila-tempest-plugin/manila_tempest_tests/tests/api/base.py", line 1174, in _create_share_for_manage
    share = self.create_share(**creation_data)
            ^^^^^^^^^^^^^^^^^^^^^^^^^^^^^^^^^^

      File "/opt/stack/tempest/manila-tempest-plugin/manila_tempest_tests/tests/api/base.py", line 411, in create_share
    result = cls.create_shares([{"args": args, "kwargs": kwargs}])
             ^^^^^^^^^^^^^^^^^^^^^^^^^^^^^^^^^^^^^^^^^^^^^^^^^^^^^

      File "/opt/stack/tempest/manila-tempest-plugin/manila_tempest_tests/tests/api/base.py", line 469, in create_shares
    waiters.wait_for_resource_status(

      File "/opt/stack/tempest/manila-tempest-plugin/manila_tempest_tests/common/waiters.py", line 109, in wait_for_resource_status
    raise resource_exception(resource_id=resource_id)

    manila_tempest_tests.share_exceptions.ShareBuildErrorException: Share b72e101b-9ed7-4047-94ad-e91a8a361a95 failed to build and is in ERROR status


Captured pythonlogging:
~~~~~~~~~~~~~~~~~~~~~~~
    2026-02-06 07:10:10,636 167949 INFO     [tempest.lib.common.rest_client] Request (ManageNFSShareTest:test_manage): 200 POST http://10.132.46.216/share/v2/f34adde3316a49fa8311cb9070b4c356/shares 0.216s
2026-02-06 07:10:10,636 167949 DEBUG    [tempest.lib.common.rest_client] Request - Headers: {'Content-Type': 'application/json', 'Accept': 'application/json', 'x-openstack-manila-api-version': '2.90', 'X-Auth-Token': '<omitted>'}
        Body: {"share": {"share_proto": "nfs", "description": "Tempest's share", "snapshot_id": null, "name": "tempest-tempest-created-share-1475621411", "size": 1, "metadata": {}, "is_public": false, "share_type": "5b417337-7858-4b1e-9595-cfc8671178c9"}}
    Response - Headers: {'date': 'Fri, 06 Feb 2026 07:10:10 GMT', 'server': 'Apache/2.4.58 (Ubuntu)', 'content-type': 'application/json', 'content-length': '1375', 'x-compute-request-id': 'req-e11bf81a-527d-48b7-a0e8-2dba6655bbc9', 'x-openstack-manila-api-version': '2.90', 'vary': 'X-OpenStack-Manila-API-Version', 'x-openstack-request-id': 'req-e11bf81a-527d-48b7-a0e8-2dba6655bbc9', 'connection': 'close', 'status': '200', 'content-location': 'http://10.132.46.216/share/v2/f34adde3316a49fa8311cb9070b4c356/shares'}
        Body: b'{"share": {"id": "b72e101b-9ed7-4047-94ad-e91a8a361a95", "size": 1, "availability_zone": null, "created_at": "2026-02-06T07:10:10.514397", "status": "creating", "name": "tempest-tempest-created-share-1475621411", "description": "Tempest\'s share", "project_id": "f34adde3316a49fa8311cb9070b4c356", "snapshot_id": null, "share_network_id": null, "share_proto": "NFS", "metadata": {}, "share_type": "5b417337-7858-4b1e-9595-cfc8671178c9", "volume_type": "tempest-manage-st-name-76734615", "links": [{"rel": "self", "href": "http://10.132.46.216/share/v2/f34adde3316a49fa8311cb9070b4c356/shares/b72e101b-9ed7-4047-94ad-e91a8a361a95"}, {"rel": "bookmark", "href": "http://10.132.46.216/share/f34adde3316a49fa8311cb9070b4c356/shares/b72e101b-9ed7-4047-94ad-e91a8a361a95"}], "is_public": false, "snapshot_support": false, "task_state": null, "share_type_name": "tempest-manage-st-name-76734615", "access_rules_status": "active", "replication_type": null, "has_replicas": false, "user_id": "cea0cc6678ed4e78af7f53dd0a9bb0e1", "create_share_from_snapshot_support": false, "revert_to_snapshot_support": false, "share_group_id": null, "source_share_group_snapshot_member_id": null, "mount_snapshot_support": false, "progress": null, "is_soft_deleted": false, "scheduled_to_be_deleted_at": null, "source_backup_id": null, "encryption_key_ref": null, "share_server_id": null, "host": ""}}'
2026-02-06 07:10:10,673 167949 INFO     [tempest.lib.common.rest_client] Request (ManageNFSShareTest:test_manage): 200 GET http://10.132.46.216/share/v2/f34adde3316a49fa8311cb9070b4c356/shares/b72e101b-9ed7-4047-94ad-e91a8a361a95 0.036s
2026-02-06 07:10:10,674 167949 DEBUG    [tempest.lib.common.rest_client] Request - Headers: {'Content-Type': 'application/json', 'Accept': 'application/json', 'x-openstack-manila-api-version': '2.90', 'X-Auth-Token': '<omitted>'}
        Body: None
    Response - Headers: {'date': 'Fri, 06 Feb 2026 07:10:10 GMT', 'server': 'Apache/2.4.58 (Ubuntu)', 'content-type': 'application/json', 'content-length': '1375', 'x-compute-request-id': 'req-20aecd75-b4f2-4998-be48-695d39b5a5a4', 'x-openstack-manila-api-version': '2.90', 'vary': 'X-OpenStack-Manila-API-Version', 'x-openstack-request-id': 'req-20aecd75-b4f2-4998-be48-695d39b5a5a4', 'connection': 'close', 'status': '200', 'content-location': 'http://10.132.46.216/share/v2/f34adde3316a49fa8311cb9070b4c356/shares/b72e101b-9ed7-4047-94ad-e91a8a361a95'}
        Body: b'{"share": {"id": "b72e101b-9ed7-4047-94ad-e91a8a361a95", "size": 1, "availability_zone": null, "created_at": "2026-02-06T07:10:10.514397", "status": "creating", "name": "tempest-tempest-created-share-1475621411", "description": "Tempest\'s share", "project_id": "f34adde3316a49fa8311cb9070b4c356", "snapshot_id": null, "share_network_id": null, "share_proto": "NFS", "metadata": {}, "share_type": "5b417337-7858-4b1e-9595-cfc8671178c9", "
    volume_type": "tempest-manage-st-name-76734615", "links": [{"rel": "self", "href": "http://10.132.46.216/share/v2/f34adde3316a49fa8311cb9070b4c356/shares/b72e101b-9ed7-4047-94ad-e91a8a361a95"}, {"rel": "bookmark", "href": "http://10.132.46.216/share/f34adde3316a49fa8311cb9070b4c356/shares/b72e101b-9ed7-4047-94ad-e91a8a361a95"}], "is_public": false, "snapshot_support": false, "task_state": null, "share_type_name": "tempest-manage-st-name-76734615", "access_rules_status": "active", "replication_type": null, "has_replicas": false, "user_id": "cea0cc6678ed4e78af7f53dd0a9bb0e1", "create_share_from_snapshot_support": false, "revert_to_snapshot_support": false, "share_group_id": null, "source_share_group_snapshot_member_id": null, "mount_snapshot_support": false, "progress": null, "is_soft_deleted": false, "scheduled_to_be_deleted_at": null, "source_backup_id": null, "encryption_key_ref": null, "share_server_id": null, "host": ""}}'
2026-02-06 07:10:13,708 167949 INFO     [tempest.lib.common.rest_client] Request (ManageNFSShareTest:test_manage): 200 GET http://10.132.46.216/share/v2/f34adde3316a49fa8311cb9070b4c356/shares/b72e101b-9ed7-4047-94ad-e91a8a361a95 0.033s
2026-02-06 07:10:13,708 167949 DEBUG    [tempest.lib.common.rest_client] Request - Headers: {'Content-Type': 'application/json', 'Accept': 'application/json', 'x-openstack-manila-api-version': '2.90', 'X-Auth-Token': '<omitted>'}
        Body: None
    Response - Headers: {'date': 'Fri, 06 Feb 2026 07:10:13 GMT', 'server': 'Apache/2.4.58 (Ubuntu)', 'content-type': 'application/json', 'content-length': '1372', 'x-compute-request-id': 'req-d78f1465-0ec2-4a5c-b59b-24c221090361', 'x-openstack-manila-api-version': '2.90', 'vary': 'X-OpenStack-Manila-API-Version', 'x-openstack-request-id': 'req-d78f1465-0ec2-4a5c-b59b-24c221090361', 'connection': 'close', 'status': '200', 'content-location': 'http://10.132.46.216/share/v2/f34adde3316a49fa8311cb9070b4c356/shares/b72e101b-9ed7-4047-94ad-e91a8a361a95'}
        Body: b'{"share": {"id": "b72e101b-9ed7-4047-94ad-e91a8a361a95", "size": 1, "availability_zone": null, "created_at": "2026-02-06T07:10:10.514397", "status": "error", "name": "tempest-tempest-created-share-1475621411", "description": "Tempest\'s share", "project_id": "f34adde3316a49fa8311cb9070b4c356", "snapshot_id": null, "share_network_id": null, "share_proto": "NFS", "metadata": {}, "share_type": "5b417337-7858-4b1e-9595-cfc8671178c9", "volume_type": "tempest-manage-st-name-76734615", "links": [{"rel": "self", "href": "http://10.132.46.216/share/v2/f34adde3316a49fa8311cb9070b4c356/shares/b72e101b-9ed7-4047-94ad-e91a8a361a95"}, {"rel": "bookmark", "href": "http://10.132.46.216/share/f34adde3316a49fa8311cb9070b4c356/shares/b72e101b-9ed7-4047-94ad-e91a8a361a95"}], "is_public": false, "snapshot_support": false, "task_state": null, "share_type_name": "tempest-manage-st-name-76734615", "access_rules_status": "active", "replication_type": null, "has_replicas": false, "user_id": "cea0cc6678ed4e78af7f53dd0a9bb0e1", "create_share_from_snapshot_support": false, "revert_to_snapshot_support": false, "share_group_id": null, "source_share_group_snapshot_member_id": null, "mount_snapshot_support": false, "progress": null, "is_soft_deleted": false, "scheduled_to_be_deleted_at": null, "source_backup_id": null, "encryption_key_ref": null, "share_server_id": null, "host": ""}}'

{0} manila_tempest_tests.tests.api.******.test_quotas_negative.SharesAdminQuotasNegativeTest.test_create_share_group_with_exceeding_quota_limit ... SKIPPED: Share Group tests disabled.
{1} setUpClass (manila_tempest_tests.tests.api.test_rules_negative.ShareIpRulesForNFSNegativeTest) [0.000000s] ... FAILED

Captured traceback:
~~~~~~~~~~~~~~~~~~~
    Traceback (most recent call last):

      File "/opt/stack/tempest/tempest/test.py", line 185, in setUpClass
    raise value.with_traceback(trace)

      File "/opt/stack/tempest/tempest/test.py", line 178, in setUpClass
    cls.resource_setup()

      File "/opt/stack/tempest/manila-tempest-plugin/manila_tempest_tests/tests/api/test_rules_negative.py", line 58, in resource_setup
    cls.share = cls.create_share(cls.protocol,
                ^^^^^^^^^^^^^^^^^^^^^^^^^^^^^^

      File "/opt/stack/tempest/manila-tempest-plugin/manila_tempest_tests/tests/api/base.py", line 411, in create_share
    result = cls.create_shares([{"args": args, "kwargs": kwargs}])
             ^^^^^^^^^^^^^^^^^^^^^^^^^^^^^^^^^^^^^^^^^^^^^^^^^^^^^

      File "/opt/stack/tempest/manila-tempest-plugin/manila_tempest_tests/tests/api/base.py", line 469, in create_shares
    waiters.wait_for_resource_status(

      File "/opt/stack/tempest/manila-tempest-plugin/manila_tempest_tests/common/waiters.py", line 109, in wait_for_resource_status
    raise resource_exception(resource_id=resource_id)

    manila_tempest_tests.share_exceptions.ShareBuildErrorException: Share 96fefc7c-629c-43cc-8ca1-6de20f94167a failed to build and is in ERROR status

{1} setUpClass (manila_tempest_tests.tests.api.test_scheduler_hints.SharesSchedulerHintsTest) ... SKIPPED: Manila multi-backend is disabled.
{2} manila_tempest_tests.tests.api.******.test_share_manage.ManageNFSShareTest.test_manage_show_user_id [3.263075s] ... FAILED

Captured traceback:
~~~~~~~~~~~~~~~~~~~
    Traceback (most recent call last):

      File "/opt/stack/tempest/manila-tempest-plugin/manila_tempest_tests/tests/api/******/test_share_manage.py", line 167, in test_manage_show_user_id
    self._test_manage(version="2.16")

      File "/opt/stack/tempest/manila-tempest-plugin/manila_tempest_tests/tests/api/******/test_share_manage.py", line 70, in _test_manage
    share = self._create_share_for_manage()
            ^^^^^^^^^^^^^^^^^^^^^^^^^^^^^^^

      File "/opt/stack/tempest/manila-tempest-plugin/manila_tempest_tests/tests/api/base.py", line 1174, in _create_share_for_manage
    share = self.create_share(**creation_data)
            ^^^^^^^^^^^^^^^^^^^^^^^^^^^^^^^^^^

      File "/opt/stack/tempest/manila-tempest-plugin/manila_tempest_tests/tests/api/base.py", line 411, in create_share
    result = cls.create_shares([{"args": args, "kwargs": kwargs}])
             ^^^^^^^^^^^^^^^^^^^^^^^^^^^^^^^^^^^^^^^^^^^^^^^^^^^^^

      File "/opt/stack/tempest/manila-tempest-plugin/manila_tempest_tests/tests/api/base.py", line 469, in create_shares
    waiters.wait_for_resource_status(

      File "/opt/stack/tempest/manila-tempest-plugin/manila_tempest_tests/common/waiters.py", line 109, in wait_for_resource_status
    raise resource_exception(resource_id=resource_id)

    manila_tempest_tests.share_exceptions.ShareBuildErrorException: Share 259256a9-d7c5-46b9-bdb9-2fcc85398318 failed to build and is in ERROR status


Captured pythonlogging:
~~~~~~~~~~~~~~~~~~~~~~~
    2026-02-06 07:10:13,896 167949 INFO     [tempest.lib.common.rest_client] Request (ManageNFSShareTest:test_manage_show_user_id): 200 POST http://10.132.46.216/share/v2/f34adde3316a49fa8311cb9070b4c356/shares 0.183s
2026-02-06 07:10:13,896 167949 DEBUG    [tempest.lib.common.rest_client] Request - Headers: {'Content-Type': 'application/json', 'Accept': 'application/json', 'x-openstack-manila-api-version': '2.90', 'X-Auth-Token': '<omitted>'}
        Body: {"share": {"share_proto": "nfs", "description": "Tempest's share", "snapshot_id": null, "name": "tempest-tempest-created-share-970285761", "size": 1, "metadata": {}, "is_public": false, "share_type": "5b417337-7858-4b1e-9595-cfc8671178c9"}}
    Response - Headers: {'date': 'Fri, 06 Feb 2026 07:10:13 GMT', 'server': 'Apache/2.4.58 (Ubuntu)', 'content-type': 'application/json', 'content-length': '1374', 'x-compute-request-id': 'req-0983a66f-bcf1-431b-bd83-1049d57ce762', 'x-openstack-manila-api-version': '2.90', 'vary': 'X-OpenStack-Manila-API-Version', 'x-openstack-request-id': 'req-0983a66f-bcf1-431b-bd83-1049d57ce762', 'connection': 'close', 'status': '200', 'content-location': 'http://10.132.46.216/share/v2/f34adde3316a49fa8311cb9070b4c356/shares'}
        Body: b'{"share": {"id": "259256a9-d7c5-46b9-bdb9-2fcc85398318", "size": 1, "availability_zone": null, "created_at": "2026-02-06T07:10:13.784434", "status": "creating", "name": "tempest-tempest-created-share-970285761", "description": "Tempest\'s share", "project_id": "f34adde3316a49fa8311cb9070b4c356", "snapshot_id": null, "share_network_id": null, "share_proto": "NFS", "metadata": {}, "share_type": "5b417337-7858-4b1e-9595-cfc8671178c9", "volume_type": "tempest-manage-st-name-76734615", "links": [{"rel": "self", "href": "http://10.132.46.216/share/v2/f34adde3316a49fa8311cb9070b4c356/shares/259256a9-d7c5-46b9-bdb9-2fcc85398318"}, {"rel": "bookmark", "href": "http://10.132.46.216/share/f34adde3316a49fa8311cb9070b4c356/shares/259256a9-d7c5-46b9-bdb9-2fcc85398318"}], "is_public": false, "snapshot_support": false, "task_state": null, "share_type_name": "tempest-manage-st-name-76734615", "access_rules_status": "active", "replication_type": null, "has_replicas": false, "user_id": "cea0cc6678ed4e78af7f53dd0a9bb0e1", "create_share_from_snapshot_support": false, "revert_to_snapshot_support": false, "share_group_id": null, "source_share_group_snapshot_member_id": null, "mount_snapshot_support": false, "progress": null, "is_soft_deleted": false, "scheduled_to_be_deleted_at": null, "source_backup_id": null, "encryption_key_ref": null, "share_server_id": null, "host": ""}}'
2026-02-06 07:10:13,941 167949 INFO     [tempest.lib.common.rest_client] Request (ManageNFSShareTest:test_manage_show_user_id): 200 GET http://10.132.46.216/share/v2/f34adde3316a49fa8311cb9070b4c356/shares/259256a9-d7c5-46b9-bdb9-2fcc85398318 0.044s
2026-02-06 07:10:13,942 167949 DEBUG    [tempest.lib.common.rest_client] Request - Headers: {'Content-Type': 'application/json', 'Accept': 'application/json', 'x-openstack-manila-api-version': '2.90', 'X-Auth-Token': '<omitted>'}
        Body: None
    Response - Headers: {'date': 'Fri, 06 Feb 2026 07:10:13 GMT', 'server': 'Apache/2.4.58 (Ubuntu)', 'content-type': 'application/json', 'content-length': '1374', 'x-compute-request-id': 'req-99371701-6e6a-4b48-af7c-5ac38b70de87', 'x-openstack-manila-api-version': '2.90', 'vary': 'X-OpenStack-Manila-API-Version', 'x-openstack-request-id': 'req-99371701-6e6a-4b48-af7c-5ac38b70de87', 'connection': 'close', 'status': '200', 'content-location': 'http://10.132.46.216/share/v2/f34adde3316a49fa8311cb9070b4c356/shares/259256a9-d7c5-46b9-bdb9-2fcc85398318'}
        Body: b'{"share": {"id": "259256a9-d7c5-46b9-bdb9-2fcc85398318", "size": 1, "availability_zone": null, "created_at": "2026-02-06T07:10:13.784434", "status": "creating", "name": "tempest-tempest-created-share-970285761", "description": "Tempest\'s share", "project_id": "f34adde3316a49fa8311cb9070b4c356", "snapshot_id": null, "share_network_id": null, "share_proto": "NFS", "metadata": {}, "share_type": "5b417337-7858-4b1
    e-9595-cfc8671178c9", "volume_type": "tempest-manage-st-name-76734615", "links": [{"rel": "self", "href": "http://10.132.46.216/share/v2/f34adde3316a49fa8311cb9070b4c356/shares/259256a9-d7c5-46b9-bdb9-2fcc85398318"}, {"rel": "bookmark", "href": "http://10.132.46.216/share/f34adde3316a49fa8311cb9070b4c356/shares/259256a9-d7c5-46b9-bdb9-2fcc85398318"}], "is_public": false, "snapshot_support": false, "task_state": null, "share_type_name": "tempest-manage-st-name-76734615", "access_rules_status": "active", "replication_type": null, "has_replicas": false, "user_id": "cea0cc6678ed4e78af7f53dd0a9bb0e1", "create_share_from_snapshot_support": false, "revert_to_snapshot_support": false, "share_group_id": null, "source_share_group_snapshot_member_id": null, "mount_snapshot_support": false, "progress": null, "is_soft_deleted": false, "scheduled_to_be_deleted_at": null, "source_backup_id": null, "encryption_key_ref": null, "share_server_id": null, "host": ""}}'
2026-02-06 07:10:16,973 167949 INFO     [tempest.lib.common.rest_client] Request (ManageNFSShareTest:test_manage_show_user_id): 200 GET http://10.132.46.216/share/v2/f34adde3316a49fa8311cb9070b4c356/shares/259256a9-d7c5-46b9-bdb9-2fcc85398318 0.031s
2026-02-06 07:10:16,974 167949 DEBUG    [tempest.lib.common.rest_client] Request - Headers: {'Content-Type': 'application/json', 'Accept': 'application/json', 'x-openstack-manila-api-version': '2.90', 'X-Auth-Token': '<omitted>'}
        Body: None
    Response - Headers: {'date': 'Fri, 06 Feb 2026 07:10:16 GMT', 'server': 'Apache/2.4.58 (Ubuntu)', 'content-type': 'application/json', 'content-length': '1371', 'x-compute-request-id': 'req-435e8421-f494-4c24-8a61-8a5dd71f6133', 'x-openstack-manila-api-version': '2.90', 'vary': 'X-OpenStack-Manila-API-Version', 'x-openstack-request-id': 'req-435e8421-f494-4c24-8a61-8a5dd71f6133', 'connection': 'close', 'status': '200', 'content-location': 'http://10.132.46.216/share/v2/f34adde3316a49fa8311cb9070b4c356/shares/259256a9-d7c5-46b9-bdb9-2fcc85398318'}
        Body: b'{"share": {"id": "259256a9-d7c5-46b9-bdb9-2fcc85398318", "size": 1, "availability_zone": null, "created_at": "2026-02-06T07:10:13.784434", "status": "error", "name": "tempest-tempest-created-share-970285761", "description": "Tempest\'s share", "project_id": "f34adde3316a49fa8311cb9070b4c356", "snapshot_id": null, "share_network_id": null, "share_proto": "NFS", "metadata": {}, "share_type": "5b417337-7858-4b1e-9595-cfc8671178c9", "volume_type": "tempest-manage-st-name-76734615", "links": [{"rel": "self", "href": "http://10.132.46.216/share/v2/f34adde3316a49fa8311cb9070b4c356/shares/259256a9-d7c5-46b9-bdb9-2fcc85398318"}, {"rel": "bookmark", "href": "http://10.132.46.216/share/f34adde3316a49fa8311cb9070b4c356/shares/259256a9-d7c5-46b9-bdb9-2fcc85398318"}], "is_public": false, "snapshot_support": false, "task_state": null, "share_type_name": "tempest-manage-st-name-76734615", "access_rules_status": "active", "replication_type": null, "has_replicas": false, "user_id": "cea0cc6678ed4e78af7f53dd0a9bb0e1", "create_share_from_snapshot_support": false, "revert_to_snapshot_support": false, "share_group_id": null, "source_share_group_snapshot_member_id": null, "mount_snapshot_support": false, "progress": null, "is_soft_deleted": false, "scheduled_to_be_deleted_at": null, "source_backup_id": null, "encryption_key_ref": null, "share_server_id": null, "host": ""}}'

{1} manila_tempest_tests.tests.api.test_security_services_mapping_negative.SecServicesMappingNegativeTest.test_add_empty_sec_service_id_to_share_network [0.042006s] ... ok
{1} manila_tempest_tests.tests.api.test_security_services_mapping_negative.SecServicesMappingNegativeTest.test_add_nonexistant_sec_service_to_share_network [0.041812s] ... ok
{1} manila_tempest_tests.tests.api.test_security_services_mapping_negative.SecServicesMappingNegativeTest.test_add_sec_service_to_nonexistant_share_network [0.026999s] ... ok
{1} manila_tempest_tests.tests.api.test_security_services_mapping_negative.SecServicesMappingNegativeTest.test_add_sec_service_to_share_network_with_empty_id [0.006869s] ... ok
{1} manila_tempest_tests.tests.api.test_security_services_mapping_negative.SecServicesMappingNegativeTest.test_add_sec_service_twice_to_share_network [0.096957s] ... ok
{1} manila_tempest_tests.tests.api.test_security_services_mapping_negative.SecServicesMappingNegativeTest.test_delete_nonexistant_sec_service_from_share_network [0.053500s] ... ok
{1} manila_tempest_tests.tests.api.test_security_services_mapping_negative.SecServicesMappingNegativeTest.test_delete_nonexistant_ss_from_nonexistant_sn [0.094007s] ... ok
{1} manila_tempest_tests.tests.api.test_security_services_mapping_negative.SecServicesMappingNegativeTest.test_delete_sec_service_from_nonexistant_share_network [0.029233s] ... ok
{1} manila_tempest_tests.tests.api.test_security_services_mapping_negative.SecServicesMappingNegativeTest.test_delete_ss_from_sn_used_by_share_server ... SKIPPED: Only for multitenancy.
{1} manila_tempest_tests.tests.api.test_security_services_mapping_negative.SecServicesMappingNegativeTest.test_list_sec_services_for_nonexistant_share_network [0.033098s] ... ok
{1} manila_tempest_tests.tests.api.test_security_services_mapping_negative.SecServicesMappingNegativeTest.test_try_delete_ss_that_assigned_to_sn [0.476360s] ... ok
{0} manila_tempest_tests.tests.api.******.test_quotas_negative.SharesAdminQuotasNegativeTest.test_create_share_over_quota_limit [3.269332s] ... FAILED

Captured traceback:
~~~~~~~~~~~~~~~~~~~
    Traceback (most recent call last):

      File "/opt/stack/tempest/manila-tempest-plugin/manila_tempest_tests/tests/api/******/test_quotas_negative.py", line 422, in test_create_share_over_quota_limit
    self.create_share(share_type_id=self.share_type_id)

      File "/opt/stack/tempest/manila-tempest-plugin/manila_tempest_tests/tests/api/base.py", line 411, in create_share
    result = cls.create_shares([{"args": args, "kwargs": kwargs}])
             ^^^^^^^^^^^^^^^^^^^^^^^^^^^^^^^^^^^^^^^^^^^^^^^^^^^^^

      File "/opt/stack/tempest/manila-tempest-plugin/manila_tempest_tests/tests/api/base.py", line 469, in create_shares
    waiters.wait_for_resource_status(

      File "/opt/stack/tempest/manila-tempest-plugin/manila_tempest_tests/common/waiters.py", line 109, in wait_for_resource_status
    raise resource_exception(resource_id=resource_id)

    manila_tempest_tests.share_exceptions.ShareBuildErrorException: Share 70568f3f-186e-4df5-8198-6017dee9ef56 failed to build and is in ERROR status


Captured pythonlogging:
~~~~~~~~~~~~~~~~~~~~~~~
    2026-02-06 07:10:15,181 167945 INFO     [tempest.lib.common.rest_client] Request (SharesAdminQuotasNegativeTest:test_create_share_over_quota_limit): 200 POST http://10.132.46.216/share/v2/cd19c9add0114adea2fcd6e6891fba86/shares 0.187s
2026-02-06 07:10:15,182 167945 DEBUG    [tempest.lib.common.rest_client] Request - Headers: {'Content-Type': 'application/json', 'Accept': 'application/json', 'x-openstack-manila-api-version': '2.90', 'X-Auth-Token': '<omitted>'}
        Body: {"share": {"share_proto": "nfs", "description": "Tempest's share", "snapshot_id": null, "name": "tempest-tempest-created-share-928814596", "size": 1, "metadata": {}, "is_public": false, "share_type": "450c168b-5898-4ea9-b8b7-f5035bfa3931"}}
    Response - Headers: {'date': 'Fri, 06 Feb 2026 07:10:14 GMT', 'server': 'Apache/2.4.58 (Ubuntu)', 'content-type': 'application/json', 'content-length': '1378', 'x-compute-request-id': 'req-41f982bf-18c7-4a08-8f29-24f8090d5ef2', 'x-openstack-manila-api-version': '2.90', 'vary': 'X-OpenStack-Manila-API-Version', 'x-openstack-request-id': 'req-41f982bf-18c7-4a08-8f29-24f8090d5ef2', 'connection': 'close', 'status': '200', 'content-location': 'http://10.132.46.216/share/v2/cd19c9add0114adea2fcd6e6891fba86/shares'}
        Body: b'{"share": {"id": "70568f3f-186e-4df5-8198-6017dee9ef56", "size": 1, "availability_zone": null, "created_at": "2026-02-06T07:10:15.071703", "status": "creating", "name": "tempest-tempest-created-share-928814596", "description": "Tempest\'s share", "project_id": "cd19c9add0114adea2fcd6e6891fba86", "snapshot_id": null, "share_network_id": null, "share_proto": "NFS", "metadata": {}, "share_type": "450c168b-5898-4ea9-b8b7-f5035bfa3931", "volume_type": "tempest-typeshare-type-1514075275", "links": [{"rel": "self", "href": "http://10.132.46.216/share/v2/cd19c9add0114adea2fcd6e6891fba86/shares/70568f3f-186e-4df5-8198-6017dee9ef56"}, {"rel": "bookmark", "href": "http://10.132.46.216/share/cd19c9add0114adea2fcd6e6891fba86/shares/70568f3f-186e-4df5-8198-6017dee9ef56"}], "is_public": false, "snapshot_support": false, "task_state": null, "share_type_name": "tempest-typeshare-type-1514075275", "access_rules_status": "active", "replication_type": null, "has_replicas": false, "user_id": "9423c472fd0b417fa88b9099c56eed2f", "create_share_from_snapshot_support": false, "revert_to_snapshot_support": false, "share_group_id": null, "source_share_group_snapshot_member_id": null, "mount_snapshot_support": false, "progress": null, "is_soft_deleted": false, "scheduled_to_be_deleted_at": null, "source_backup_id": null, "encryption_key_ref": null, "share_server_id": null, "host": ""}}'
2026-02-06 07:10:15,231 167945 INFO     [tempest.lib.common.rest_client] Request (SharesAdminQuotasNegativeTest:test_create_share_over_quota_limit): 200 GET http://10.132.46.216/share/v2/cd19c9add0114adea2fcd6e6891fba86/shares/70568f3f-186e-4df5-8198-6017dee9ef56 0.049s
2026-02-06 07:10:15,232 167945 DEBUG    [tempest.lib.common.rest_client] Request - Headers: {'Content-Type': 'application/json', 'Accept': 'application/json', 'x-openstack-manila-api-version': '2.90', 'X-Auth-Token': '<omitted>'}
        Body: None
    Response - Headers: {'date': 'Fri, 06 Feb 2026 07:10:15 GMT', 'server': 'Apache/2.4.58 (Ubuntu)', 'content-type': 'application/json', 'content-length': '1378', 'x-compute-request-id': 'req-85dc96a9-5ec2-4876-834c-fdb90a6e6594', 'x-openstack-manila-api-version': '2.90', 'vary': 'X-OpenStack-Manila-API-Version', 'x-openstack-request-id': 'req-85dc96a9-5ec2-4876-834c-fdb90a6e6594', 'connection': 'close', 'status': '200', 'content-location': 'http://10.132.46.216/share/v2/cd19c9add0114adea2fcd6e6891fba86/shares/70568f3f-186e-4df5-8198-6017dee9ef56'}
        Body: b'{"share": {"id": "70568f3f-186e-4df5-8198-6017dee9ef56", "size": 1, "availability_zone": null, "created_at": "2026-02-06T07:10:15.071703", "status": "creating", "name": "tempest-tempest-created-share-928814596", "description": "Tempest\'s share", "project_id": "cd19c9add0114adea2fcd6e6891fba86", "snapshot_id": null, "share_network_id": null, "share_proto": "NFS", "m
    etadata": {}, "share_type": "450c168b-5898-4ea9-b8b7-f5035bfa3931", "volume_type": "tempest-typeshare-type-1514075275", "links": [{"rel": "self", "href": "http://10.132.46.216/share/v2/cd19c9add0114adea2fcd6e6891fba86/shares/70568f3f-186e-4df5-8198-6017dee9ef56"}, {"rel": "bookmark", "href": "http://10.132.46.216/share/cd19c9add0114adea2fcd6e6891fba86/shares/70568f3f-186e-4df5-8198-6017dee9ef56"}], "is_public": false, "snapshot_support": false, "task_state": null, "share_type_name": "tempest-typeshare-type-1514075275", "access_rules_status": "active", "replication_type": null, "has_replicas": false, "user_id": "9423c472fd0b417fa88b9099c56eed2f", "create_share_from_snapshot_support": false, "revert_to_snapshot_support": false, "share_group_id": null, "source_share_group_snapshot_member_id": null, "mount_snapshot_support": false, "progress": null, "is_soft_deleted": false, "scheduled_to_be_deleted_at": null, "source_backup_id": null, "encryption_key_ref": null, "share_server_id": null, "host": ""}}'
2026-02-06 07:10:18,261 167945 INFO     [tempest.lib.common.rest_client] Request (SharesAdminQuotasNegativeTest:test_create_share_over_quota_limit): 200 GET http://10.132.46.216/share/v2/cd19c9add0114adea2fcd6e6891fba86/shares/70568f3f-186e-4df5-8198-6017dee9ef56 0.028s
2026-02-06 07:10:18,261 167945 DEBUG    [tempest.lib.common.rest_client] Request - Headers: {'Content-Type': 'application/json', 'Accept': 'application/json', 'x-openstack-manila-api-version': '2.90', 'X-Auth-Token': '<omitted>'}
        Body: None
    Response - Headers: {'date': 'Fri, 06 Feb 2026 07:10:18 GMT', 'server': 'Apache/2.4.58 (Ubuntu)', 'content-type': 'application/json', 'content-length': '1375', 'x-compute-request-id': 'req-a5a4f7b5-42ec-45dd-89b4-52f854fe45b5', 'x-openstack-manila-api-version': '2.90', 'vary': 'X-OpenStack-Manila-API-Version', 'x-openstack-request-id': 'req-a5a4f7b5-42ec-45dd-89b4-52f854fe45b5', 'connection': 'close', 'status': '200', 'content-location': 'http://10.132.46.216/share/v2/cd19c9add0114adea2fcd6e6891fba86/shares/70568f3f-186e-4df5-8198-6017dee9ef56'}
        Body: b'{"share": {"id": "70568f3f-186e-4df5-8198-6017dee9ef56", "size": 1, "availability_zone": null, "created_at": "2026-02-06T07:10:15.071703", "status": "error", "name": "tempest-tempest-created-share-928814596", "description": "Tempest\'s share", "project_id": "cd19c9add0114adea2fcd6e6891fba86", "snapshot_id": null, "share_network_id": null, "share_proto": "NFS", "metadata": {}, "share_type": "450c168b-5898-4ea9-b8b7-f5035bfa3931", "volume_type": "tempest-typeshare-type-1514075275", "links": [{"rel": "self", "href": "http://10.132.46.216/share/v2/cd19c9add0114adea2fcd6e6891fba86/shares/70568f3f-186e-4df5-8198-6017dee9ef56"}, {"rel": "bookmark", "href": "http://10.132.46.216/share/cd19c9add0114adea2fcd6e6891fba86/shares/70568f3f-186e-4df5-8198-6017dee9ef56"}], "is_public": false, "snapshot_support": false, "task_state": null, "share_type_name": "tempest-typeshare-type-1514075275", "access_rules_status": "active", "replication_type": null, "has_replicas": false, "user_id": "9423c472fd0b417fa88b9099c56eed2f", "create_share_from_snapshot_support": false, "revert_to_snapshot_support": false, "share_group_id": null, "source_share_group_snapshot_member_id": null, "mount_snapshot_support": false, "progress": null, "is_soft_deleted": false, "scheduled_to_be_deleted_at": null, "source_backup_id": null, "encryption_key_ref": null, "share_server_id": null, "host": ""}}'

{0} manila_tempest_tests.tests.api.******.test_quotas_negative.SharesAdminQuotasNegativeTest.test_create_share_with_size_bigger_than_quota [0.075133s] ... ok
{0} manila_tempest_tests.tests.api.******.test_quotas_negative.SharesAdminQuotasNegativeTest.test_create_snapshot_over_quota_limit ... SKIPPED: Snapshot tests are disabled.
{0} manila_tempest_tests.tests.api.******.test_quotas_negative.SharesAdminQuotasNegativeTest.test_get_quotas_with_empty_tenant_id [0.006685s] ... ok
{0} manila_tempest_tests.tests.api.******.test_quotas_negative.SharesAdminQuotasNegativeTest.test_quotas_providing_share_type_and_user_id_1_show [0.035871s] ... ok
{0} manila_tempest_tests.tests.api.******.test_quotas_negative.SharesAdminQuotasNegativeTest.test_quotas_providing_share_type_and_user_id_2_reset [0.027941s] ... ok
{0} manila_tempest_tests.tests.api.******.test_quotas_negative.SharesAdminQuotasNegativeTest.test_quotas_providing_share_type_and_user_id_3_update [0.055634s] ... ok
{0} manila_tempest_tests.tests.api.******.test_quotas_negative.SharesAdminQuotasNegativeTest.test_reset_quotas_with_empty_tenant_id [0.006520s] ... ok
{1} manila_tempest_tests.tests.api.test_security_services_mapping_negative.SecServicesMappingNegativeTest.test_try_map_two_ss_with_same_type_to_sn [0.474391s] ... ok
{0} manila_tempest_tests.tests.api.******.test_quotas_negative.SharesAdminQuotasNegativeTest.test_share_group_quotas_using_too_old_microversion_1_share_groups [0.022301s] ... ok
{0} manila_tempest_tests.tests.api.******.test_quotas_negative.SharesAdminQuotasNegativeTest.test_share_group_quotas_using_too_old_microversion_2_share_group_snapshots [0.023183s] ... ok
{0} manila_tempest_tests.tests.api.******.test_quotas_negative.SharesAdminQuotasNegativeTest.test_share_replica_quotas_using_too_old_microversion_1_share_replicas [0.020886s] ... ok
{0} manila_tempest_tests.tests.api.******.test_quotas_negative.SharesAdminQuotasNegativeTest.test_share_replica_quotas_using_too_old_microversion_2_replica_gigabytes [0.020510s] ... ok
{0} manila_tempest_tests.tests.api.******.test_quotas_negative.SharesAdminQuotasNegativeTest.test_share_type_quotas_using_nonexistent_share_type_1_show [0.015980s] ... ok
{0} manila_tempest_tests.tests.api.******.test_quotas_negative.SharesAdminQuotasNegativeTest.test_share_type_quotas_using_nonexistent_share_type_2_reset [0.013959s] ... ok
{0} manila_tempest_tests.tests.api.******.test_quotas_negative.SharesAdminQuotasNegativeTest.test_share_type_quotas_using_nonexistent_share_type_3_update [0.029041s] ... ok
{0} manila_tempest_tests.tests.api.******.test_quotas_negative.SharesAdminQuotasNegativeTest.test_share_type_quotas_using_too_old_microversion_1_show [0.030770s] ... ok
{0} manila_tempest_tests.tests.api.******.test_quotas_negative.SharesAdminQuotasNegativeTest.test_share_type_quotas_using_too_old_microversion_2_reset [0.029425s] ... ok
{0} manila_tempest_tests.tests.api.******.test_quotas_negative.SharesAdminQuotasNegativeTest.test_share_type_quotas_using_too_old_microversion_3_update [0.042033s] ... ok
{0} manila_tempest_tests.tests.api.******.test_quotas_negative.SharesAdminQuotasNegativeTest.test_show_quota_detail_with_wrong_versions [0.009619s] ... ok
{0} manila_tempest_tests.tests.api.******.test_quotas_negative.SharesAdminQuotasNegativeTest.test_show_quotas_with_wrong_versions_01___quota_sets____2_0____show_quotas__ [0.010541s] ... ok
{0} manila_tempest_tests.tests.api.******.test_quotas_negative.SharesAdminQuotasNegativeTest.test_show_quotas_with_wrong_versions_02___quota_sets____2_0____default_quotas__ [0.007052s] ... ok
{0} manila_tempest_tests.tests.api.******.test_quotas_negative.SharesAdminQuotasNegativeTest.test_show_quotas_with_wrong_versions_03___quota_sets____2_0____reset_quotas__ [0.007247s] ... ok
{0} manila_tempest_tests.tests.api.******.test_quotas_negative.SharesAdminQuotasNegativeTest.test_show_quotas_with_wrong_versions_04___quota_sets____2_0____update_quotas__ [0.007015s] ... ok
{0} manila_tempest_tests.tests.api.******.test_quotas_negative.SharesAdminQuotasNegativeTest.test_show_quotas_with_wrong_versions_05___quota_sets____2_6____show_quotas__ [0.007450s] ... ok
{0} manila_tempest_tests.tests.api.******.test_quotas_negative.SharesAdminQuotasNegativeTest.test_show_quotas_with_wrong_versions_06___quota_sets____2_6____default_quotas__ [0.006704s] ... ok
{0} manila_tempest_tests.tests.api.******.test_quotas_negative.SharesAdminQuotasNegativeTest.test_show_quotas_with_wrong_versions_07___quota_sets____2_6____reset_quotas__ [0.010692s] ... ok
{0} manila_tempest_tests.tests.api.******.test_quotas_negative.SharesAdminQuotasNegativeTest.test_show_quotas_with_wrong_versions_08___quota_sets____2_6____update_quotas__ [0.012138s] ... ok
{0} manila_tempest_tests.tests.api.******.test_quotas_negative.SharesAdminQuotasNegativeTest.test_show_quotas_with_wrong_versions_09___os_quota_sets____2_7____show_quotas__ [0.008023s] ... ok
{0} manila_tempest_tests.tests.api.******.test_quotas_negative.SharesAdminQuotasNegativeTest.test_show_quotas_with_wrong_versions_10___os_quota_sets____2_7____default_quotas__ [0.007538s] ... ok
{0} manila_tempest_tests.tests.api.******.test_quotas_negative.SharesAdminQuotasNegativeTest.test_show_quotas_with_wrong_versions_11___os_quota_sets____2_7____reset_quotas__ [0.007289s] ... ok
{0} manila_tempest_tests.tests.api.******.test_quotas_negative.SharesAdminQuotasNegativeTest.test_show_quotas_with_wrong_versions_12___os_quota_sets____2_7____update_quotas__ [0.009084s] ... ok
{0} manila_tempest_tests.tests.api.******.test_quotas_negative.SharesAdminQuotasNegativeTest.test_try_set_user_quota_gigabytes_bigger_than_tenant_quota [0.049909s] ... ok
{0} manila_tempest_tests.tests.api.******.test_quotas_negative.SharesAdminQuotasNegativeTest.test_try_set_user_quota_replicas_bigger_than_tenant_quota_1_share_replicas [0.051529s] ... ok
{0} manila_tempest_tests.tests.api.******.test_quotas_negative.SharesAdminQuotasNegativeTest.test_try_set_user_quota_replicas_bigger_than_tenant_quota_2_replica_gigabytes [0.048657s] ... ok
{0} manila_tempest_tests.tests.api.******.test_quotas_negative.SharesAdminQuotasNegativeTest.test_try_set_user_quota_share_networks_bigger_than_tenant_quota [0.053910s] ... ok
{0} manila_tempest_tests.tests.api.******.test_quotas_negative.SharesAdminQuotasNegativeTest.test_try_set_user_quota_shares_bigger_than_tenant_quota [0.069528s] ... ok
{0} manila_tempest_tests.tests.api.******.test_quotas_negative.SharesAdminQuotasNegativeTest.test_try_set_user_quota_snap_gigabytes_bigger_than_tenant_quota [0.055400s] ... ok
{0} manila_tempest_tests.tests.api.******.test_quotas_negative.SharesAdminQuotasNegativeTest.test_try_set_user_quota_snaps_bigger_than_tenant_quota [0.058675s] ... ok
{0} manila_tempest_tests.tests.api.******.test_quotas_negative.SharesAdminQuotasNegativeTest.test_try_update_share_type_quota_for_share_groups_1_share_groups [0.054463s] ... ok
{0} manila_tempest_tests.tests.api.******.test_quotas_negative.SharesAdminQuotasNegativeTest.test_try_update_share_type_quota_for_share_groups_2_share_group_snapshots [0.047663s] ... ok
{0} manila_tempest_tests.tests.api.******.test_quotas_negative.SharesAdminQuotasNegativeTest.test_try_update_share_type_quota_for_share_networks_1_id [0.065459s] ... ok
{0} manila_tempest_tests.tests.api.******.test_quotas_negative.SharesAdminQuotasNegativeTest.test_try_update_share_type_quota_for_share_networks_2_name [0.079217s] ... ok
{0} manila_tempest_tests.tests.api.******.test_quotas_negative.SharesAdminQuotasNegativeTest.test_update_quota_with_wrong_data_1 [0.027619s] ... ok
{0} manila_tempest_tests.tests.api.******.test_quotas_negative.SharesAdminQuotasNegativeTest.test_update_quota_with_wrong_data_2 [0.027217s] ... ok
{0} manila_tempest_tests.tests.api.******.test_quotas_negative.SharesAdminQuotasNegativeTest.test_update_quota_with_wrong_data_3 [0.026971s] ... ok
{0} manila_tempest_tests.tests.api.******.test_quotas_negative.SharesAdminQuotasNegativeTest.test_update_quota_with_wrong_data_4 [0.033742s] ... ok
{0} manila_tempest_tests.tests.api.******.test_quotas_negative.SharesAdminQuotasNegativeTest.test_update_quota_with_wrong_data_5 [0.029503s] ... ok
{0} manila_tempest_tests.tests.api.******.test_quotas_negative.SharesAdminQuotasNegativeTest.test_update_quota_with_wrong_data_6 [0.027276s] ... ok
{0} manila_tempest_tests.tests.api.******.test_quotas_negative.SharesAdminQuotasNegativeTest.test_update_replica_quotas_wrong_data_1 [0.034447s] ... ok
{0} manila_tempest_tests.tests.api.******.test_quotas_negative.SharesAdminQuotasNegativeTest.test_update_replica_quotas_wrong_data_2 [0.030723s] ... ok
{0} manila_tempest_tests.tests.api.******.test_quotas_negative.SharesAdminQuotasNegativeTest.test_update_sg_quota_with_wrong_data_1 ... SKIPPED: Share Group tests disabled.
{0} manila_tempest_tests.tests.api.******.test_quotas_negative.SharesAdminQuotasNegativeTest.test_update_sg_quota_with_wrong_data_2 ... SKIPPED: Share Group tests disabled.
{3} manila_tempest_tests.tests.api.******.test_share_types.ShareTypesAdminTest.test_get_share_with_share_type [3.458369s] ... FAILED

Captured traceback:
~~~~~~~~~~~~~~~~~~~
    Traceback (most recent call last):

      File "/opt/stack/tempest/manila-tempest-plugin/manila_tempest_tests/tests/api/******/test_share_types.py", line 246, in test_get_share_with_share_type
    share = self.create_share(
            ^^^^^^^^^^^^^^^^^^

      File "/opt/stack/tempest/manila-tempest-plugin/manila_tempest_tests/tests/api/base.py", line 411, in create_share
    result = cls.create_shares([{"args": args, "kwargs": kwargs}])
             ^^^^^^^^^^^^^^^^^^^^^^^^^^^^^^^^^^^^^^^^^^^^^^^^^^^^^

      File "/opt/stack/tempest/manila-tempest-plugin/manila_tempest_tests/tests/api/base.py", line 469, in create_shares
    waiters.wait_for_resource_status(

      File "/opt/stack/tempest/manila-tempest-plugin/manila_tempest_tests/common/waiters.py", line 109, in wait_for_resource_status
    raise resource_exception(resource_id=resource_id)

    manila_tempest_tests.share_exceptions.ShareBuildErrorException: Share 09bc0533-dee2-42bc-82f5-6020b042d5d6 failed to build and is in ERROR status


Captured pythonlogging:
~~~~~~~~~~~~~~~~~~~~~~~
    2026-02-06 07:10:16,518 167951 INFO     [tempest.lib.common.rest_client] Request (ShareTypesAdminTest:test_get_share_with_share_type): 200 POST http://10.132.46.216/share/v2/4ac8c06efaea494d9f607f805e06f2ad/types 0.184s
2026-02-06 07:10:16,519 167951 DEBUG    [tempest.lib.common.rest_client] Request - Headers: {'Content-Type': 'application/json', 'Accept': 'application/json', 'x-openstack-manila-api-version': '2.90', 'X-Auth-Token': '<omitted>'}
        Body: {"share_type": {"name": "tempest-share-type-540864557", "extra_specs": {"driver_handles_share_servers": "False", "storage_protocol": "NFS"}, "share_type_access:is_public": true}}
    Response - Headers: {'date': 'Fri, 06 Feb 2026 07:10:16 GMT', 'server': 'Apache/2.4.58 (Ubuntu)', 'content-type': 'application/json', 'content-length': '667', 'x-compute-request-id': 'req-bcdf6d95-6946-4112-b103-9a53da3ec3d0', 'x-openstack-manila-api-version': '2.90', 'vary': 'X-OpenStack-Manila-API-Version', 'x-openstack-request-id': 'req-bcdf6d95-6946-4112-b103-9a53da3ec3d0', 'connection': 'close', 'status': '200', 'content-location': 'http://10.132.46.216/share/v2/4ac8c06efaea494d9f607f805e06f2ad/types'}
        Body: b'{"volume_type": {"id": "7a78576c-11c4-4f03-8924-dbcb3b2222ce", "name": "tempest-share-type-540864557", "extra_specs": {"driver_handles_share_servers": "False", "storage_protocol": "NFS"}, "required_extra_specs": {"driver_handles_share_servers": "False"}, "share_type_access:is_public": true, "description": null, "is_default": false}, "share_type": {"id": "7a78576c-11c4-4f03-8924-dbcb3b2222ce", "name": "tempest-share-type-540864557", "extra_specs": {"driver_handles_share_servers": "False", "storage_protocol": "NFS"}, "required_extra_specs": {"driver_handles_share_servers": "False"}, "share_type_access:is_public": true, "description": null, "is_default": false}}'
2026-02-06 07:10:16,714 167951 INFO     [tempest.lib.common.rest_client] Request (ShareTypesAdminTest:test_get_share_with_share_type): 200 POST http://10.132.46.216/share/v2/4ac8c06efaea494d9f607f805e06f2ad/shares 0.195s
2026-02-06 07:10:16,715 167951 DEBUG    [tempest.lib.common.rest_client] Request - Headers: {'Content-Type': 'application/json', 'Accept': 'application/json', 'x-openstack-manila-api-version': '2.90', 'X-Auth-Token': '<omitted>'}
        Body: {"share": {"share_proto": "nfs", "description": "Tempest's share", "snapshot_id": null, "name": "tempest-share-510769808", "size": 1, "metadata": {}, "is_public": false, "share_type": "7a78576c-11c4-4f03-8924-dbcb3b2222ce"}}
    Response - Headers: {'date': 'Fri, 06 Feb 2026 07:10:16 GMT', 'server': 'Apache/2.4.58 (Ubuntu)', 'content-type': 'application/json', 'content-length': '1352', 'x-compute-request-id': 'req-674aa52a-6a9b-4a85-ad56-4825f8dbe531', 'x-openstack-manila-api-version': '2.90', 'vary': 'X-OpenStack-Manila-API-Version', 'x-openstack-request-id': 'req-674aa52a-6a9b-4a85-ad56-4825f8dbe531', 'connection': 'close', 'status': '200', 'content-location': 'http://10.132.46.216/share/v2/4ac8c06efaea494d9f607f805e06f2ad/shares'}
        Body: b'{"share": {"id": "09bc0533-dee2-42bc-82f5-6020b042d5d6", "size": 1, "availability_zone": null, "created_at": "2026-02-06T07:10:16.597858", "status": "creating", "name": "tempest-share-510769808", "description": "Tempest\'s share", "project_id": "4ac8c06efaea494d9f607f805e06f2ad", "snapshot_id": null, "share_network_id": null, "share_proto": "NFS", "metadata": {}, "share_type": "7a78576c-11c4-4f03-8924-dbcb3b2222ce", "volume_type": "tempest-share-type-540864557", "links": [{"rel": "self", "href": "http://10.132.46.216/share/v2/4ac8c06efaea494d9f607f805e06f2ad/shares/09bc0533-dee2-42bc-82f5-6020b042d5d6"}, {"rel": "bookmark", "href": "http://10.132.46.216/share/4ac8c06efaea494d9f607f805e06f2ad/shares/09bc0533-dee2-42bc-82f5-6020b042d5d6"}], "is_public": false, "snapshot_support": false, "task_state": null, "share_type_name": "tempest-share-type-540864557", "access_rules_status": "active", "replication_type": null, "has_replicas": false, "user_id": "107213bb57094c88bae8638298ac032d", "create_share_from_snapshot_su
    pport": false, "revert_to_snapshot_support": false, "share_group_id": null, "source_share_group_snapshot_member_id": null, "mount_snapshot_support": false, "progress": null, "is_soft_deleted": false, "scheduled_to_be_deleted_at": null, "source_backup_id": null, "encryption_key_ref": null, "share_server_id": null, "host": ""}}'
2026-02-06 07:10:16,748 167951 INFO     [tempest.lib.common.rest_client] Request (ShareTypesAdminTest:test_get_share_with_share_type): 200 GET http://10.132.46.216/share/v2/4ac8c06efaea494d9f607f805e06f2ad/shares/09bc0533-dee2-42bc-82f5-6020b042d5d6 0.033s
2026-02-06 07:10:16,748 167951 DEBUG    [tempest.lib.common.rest_client] Request - Headers: {'Content-Type': 'application/json', 'Accept': 'application/json', 'x-openstack-manila-api-version': '2.90', 'X-Auth-Token': '<omitted>'}
        Body: None
    Response - Headers: {'date': 'Fri, 06 Feb 2026 07:10:16 GMT', 'server': 'Apache/2.4.58 (Ubuntu)', 'content-type': 'application/json', 'content-length': '1352', 'x-compute-request-id': 'req-f711b515-40eb-4196-92e5-7ffff7c036cc', 'x-openstack-manila-api-version': '2.90', 'vary': 'X-OpenStack-Manila-API-Version', 'x-openstack-request-id': 'req-f711b515-40eb-4196-92e5-7ffff7c036cc', 'connection': 'close', 'status': '200', 'content-location': 'http://10.132.46.216/share/v2/4ac8c06efaea494d9f607f805e06f2ad/shares/09bc0533-dee2-42bc-82f5-6020b042d5d6'}
        Body: b'{"share": {"id": "09bc0533-dee2-42bc-82f5-6020b042d5d6", "size": 1, "availability_zone": null, "created_at": "2026-02-06T07:10:16.597858", "status": "creating", "name": "tempest-share-510769808", "description": "Tempest\'s share", "project_id": "4ac8c06efaea494d9f607f805e06f2ad", "snapshot_id": null, "share_network_id": null, "share_proto": "NFS", "metadata": {}, "share_type": "7a78576c-11c4-4f03-8924-dbcb3b2222ce", "volume_type": "tempest-share-type-540864557", "links": [{"rel": "self", "href": "http://10.132.46.216/share/v2/4ac8c06efaea494d9f607f805e06f2ad/shares/09bc0533-dee2-42bc-82f5-6020b042d5d6"}, {"rel": "bookmark", "href": "http://10.132.46.216/share/4ac8c06efaea494d9f607f805e06f2ad/shares/09bc0533-dee2-42bc-82f5-6020b042d5d6"}], "is_public": false, "snapshot_support": false, "task_state": null, "share_type_name": "tempest-share-type-540864557", "access_rules_status": "active", "replication_type": null, "has_replicas": false, "user_id": "107213bb57094c88bae8638298ac032d", "create_share_from_snapshot_support": false, "revert_to_snapshot_support": false, "share_group_id": null, "source_share_group_snapshot_member_id": null, "mount_snapshot_support": false, "progress": null, "is_soft_deleted": false, "scheduled_to_be_deleted_at": null, "source_backup_id": null, "encryption_key_ref": null, "share_server_id": null, "host": ""}}'
2026-02-06 07:10:19,788 167951 INFO     [tempest.lib.common.rest_client] Request (ShareTypesAdminTest:test_get_share_with_share_type): 200 GET http://10.132.46.216/share/v2/4ac8c06efaea494d9f607f805e06f2ad/shares/09bc0533-dee2-42bc-82f5-6020b042d5d6 0.039s
2026-02-06 07:10:19,789 167951 DEBUG    [tempest.lib.common.rest_client] Request - Headers: {'Content-Type': 'application/json', 'Accept': 'application/json', 'x-openstack-manila-api-version': '2.90', 'X-Auth-Token': '<omitted>'}
        Body: None
    Response - Headers: {'date': 'Fri, 06 Feb 2026 07:10:19 GMT', 'server': 'Apache/2.4.58 (Ubuntu)', 'content-type': 'application/json', 'content-length': '1349', 'x-compute-request-id': 'req-310639ee-cf0d-4521-8059-031ddf966a06', 'x-openstack-manila-api-version': '2.90', 'vary': 'X-OpenStack-Manila-API-Version', 'x-openstack-request-id': 'req-310639ee-cf0d-4521-8059-031ddf966a06', 'connection': 'close', 'status': '200', 'content-location': 'http://10.132.46.216/share/v2/4ac8c06efaea494d9f607f805e06f2ad/shares/09bc0533-dee2-42bc-82f5-6020b042d5d6'}
        Body: b'{"share": {"id": "09bc0533-dee2-42bc-82f5-6020b042d5d6", "size": 1, "availability_zone": null, "created_at": "2026-02-06T07:10:16.597858", "status": "error", "name": "tempest-share-510769808", "description": "Tempest\'s share", "project_id": "4ac8c06efaea4
    94d9f607f805e06f2ad", "snapshot_id": null, "share_network_id": null, "share_proto": "NFS", "metadata": {}, "share_type": "7a78576c-11c4-4f03-8924-dbcb3b2222ce", "volume_type": "tempest-share-type-540864557", "links": [{"rel": "self", "href": "http://10.132.46.216/share/v2/4ac8c06efaea494d9f607f805e06f2ad/shares/09bc0533-dee2-42bc-82f5-6020b042d5d6"}, {"rel": "bookmark", "href": "http://10.132.46.216/share/4ac8c06efaea494d9f607f805e06f2ad/shares/09bc0533-dee2-42bc-82f5-6020b042d5d6"}], "is_public": false, "snapshot_support": false, "task_state": null, "share_type_name": "tempest-share-type-540864557", "access_rules_status": "active", "replication_type": null, "has_replicas": false, "user_id": "107213bb57094c88bae8638298ac032d", "create_share_from_snapshot_support": false, "revert_to_snapshot_support": false, "share_group_id": null, "source_share_group_snapshot_member_id": null, "mount_snapshot_support": false, "progress": null, "is_soft_deleted": false, "scheduled_to_be_deleted_at": null, "source_backup_id": null, "encryption_key_ref": null, "share_server_id": null, "host": ""}}'

{0} manila_tempest_tests.tests.api.******.test_quotas_negative.SharesAdminQuotasNegativeTest.test_update_share_type_quotas_bigger_than_project_quota_1_11 [0.151340s] ... ok
{0} manila_tempest_tests.tests.api.******.test_quotas_negative.SharesAdminQuotasNegativeTest.test_update_share_type_quotas_bigger_than_project_quota_2__1 [0.143976s] ... ok
{3} manila_tempest_tests.tests.api.******.test_share_types.ShareTypesAdminTest.test_private_share_type_access [0.256285s] ... ok
{3} manila_tempest_tests.tests.api.******.test_share_types.ShareTypesAdminTest.test_share_type_create_delete [0.087033s] ... ok
{3} manila_tempest_tests.tests.api.******.test_share_types.ShareTypesAdminTest.test_share_type_create_get_1_2_0 [0.040660s] ... ok
{3} manila_tempest_tests.tests.api.******.test_share_types.ShareTypesAdminTest.test_share_type_create_get_2_2_6 [0.035003s] ... ok
{2} manila_tempest_tests.tests.api.******.test_share_manage.ManageNFSShareTest.test_manage_with_is_public_True [3.264087s] ... FAILED

Captured traceback:
~~~~~~~~~~~~~~~~~~~
    Traceback (most recent call last):

      File "/opt/stack/tempest/manila-tempest-plugin/manila_tempest_tests/tests/api/******/test_share_manage.py", line 161, in test_manage_with_is_public_True
    self._test_manage(is_public=True, version="2.8")

      File "/opt/stack/tempest/manila-tempest-plugin/manila_tempest_tests/tests/api/******/test_share_manage.py", line 70, in _test_manage
    share = self._create_share_for_manage()
            ^^^^^^^^^^^^^^^^^^^^^^^^^^^^^^^

      File "/opt/stack/tempest/manila-tempest-plugin/manila_tempest_tests/tests/api/base.py", line 1174, in _create_share_for_manage
    share = self.create_share(**creation_data)
            ^^^^^^^^^^^^^^^^^^^^^^^^^^^^^^^^^^

      File "/opt/stack/tempest/manila-tempest-plugin/manila_tempest_tests/tests/api/base.py", line 411, in create_share
    result = cls.create_shares([{"args": args, "kwargs": kwargs}])
             ^^^^^^^^^^^^^^^^^^^^^^^^^^^^^^^^^^^^^^^^^^^^^^^^^^^^^

      File "/opt/stack/tempest/manila-tempest-plugin/manila_tempest_tests/tests/api/base.py", line 469, in create_shares
    waiters.wait_for_resource_status(

      File "/opt/stack/tempest/manila-tempest-plugin/manila_tempest_tests/common/waiters.py", line 109, in wait_for_resource_status
    raise resource_exception(resource_id=resource_id)

    manila_tempest_tests.share_exceptions.ShareBuildErrorException: Share 30ba4ff9-9ae1-42b3-abd0-1e2bd7f27afd failed to build and is in ERROR status


Captured pythonlogging:
~~~~~~~~~~~~~~~~~~~~~~~
    2026-02-06 07:10:17,169 167949 INFO     [tempest.lib.common.rest_client] Request (ManageNFSShareTest:test_manage_with_is_public_True): 200 POST http://10.132.46.216/share/v2/f34adde3316a49fa8311cb9070b4c356/shares 0.192s
2026-02-06 07:10:17,169 167949 DEBUG    [tempest.lib.common.rest_client] Request - Headers: {'Content-Type': 'application/json', 'Accept': 'application/json', 'x-openstack-manila-api-version': '2.90', 'X-Auth-Token': '<omitted>'}
        Body: {"share": {"share_proto": "nfs", "description": "Tempest's share", "snapshot_id": null, "name": "tempest-tempest-created-share-1389673038", "size": 1, "metadata": {}, "is_public": false, "share_type": "5b417337-7858-4b1e-9595-cfc8671178c9"}}
    Response - Headers: {'date': 'Fri, 06 Feb 2026 07:10:16 GMT', 'server': 'Apache/2.4.58 (Ubuntu)', 'content-type': 'application/json', 'content-length': '1375', 'x-compute-request-id': 'req-0ba9602d-2612-4922-a407-e861886ad909', 'x-openstack-manila-api-version': '2.90', 'vary': 'X-OpenStack-Manila-API-Version', 'x-openstack-request-id': 'req-0ba9602d-2612-4922-a407-e861886ad909', 'connection': 'close', 'status': '200', 'content-location': 'http://10.132.46.216/share/v2/f34adde3316a49fa8311cb9070b4c356/shares'}
        Body: b'{"share": {"id": "30ba4ff9-9ae1-42b3-abd0-1e2bd7f27afd", "size": 1, "availability_zone": null, "created_at": "2026-02-06T07:10:17.033982", "status": "creating", "name": "tempest-tempest-created-share-1389673038", "description": "Tempest\'s share", "project_id": "f34adde3316a49fa8311cb9070b4c356", "snapshot_id": null, "share_network_id": null, "share_proto": "NFS", "metadata": {}, "share_type": "5b417337-7858-4b1e-9595-cfc8671178c9", "volume_type": "tempest-manage-st-name-76734615", "links": [{"rel": "self", "href": "http://10.132.46.216/share/v2/f34adde3316a49fa8311cb9070b4c356/shares/30ba4ff9-9ae1-42b3-abd0-1e2bd7f27afd"}, {"rel": "bookmark", "href": "http://10.132.46.216/share/f34adde3316a49fa8311cb9070b4c356/shares/30ba4ff9-9ae1-42b3-abd0-1e2bd7f27afd"}], "is_public": false, "snapshot_support": false, "task_state": null, "share_type_name": "tempest-manage-st-name-76734615", "access_rules_status": "active", "replication_type": null, "has_replicas": false, "user_id": "cea0cc6678ed4e78af7f53dd0a9bb0e1", "create_share_from_snapshot_support": false, "revert_to_snapshot_support": false, "share_group_id": null, "source_share_group_snapshot_member_id": null, "mount_snapshot_support": false, "progress": null, "is_soft_deleted": false, "scheduled_to_be_deleted_at": null, "source_backup_id": null, "encryption_key_ref": null, "share_server_id": null, "host": ""}}'
2026-02-06 07:10:17,209 167949 INFO     [tempest.lib.common.rest_client] Request (ManageNFSShareTest:test_manage_with_is_public_True): 200 GET http://10.132.46.216/share/v2/f34adde3316a49fa8311cb9070b4c356/shares/30ba4ff9-9ae1-42b3-abd0-1e2bd7f27afd 0.039s
2026-02-06 07:10:17,210 167949 DEBUG    [tempest.lib.common.rest_client] Request - Headers: {'Content-Type': 'application/json', 'Accept': 'application/json', 'x-openstack-manila-api-version': '2.90', 'X-Auth-Token': '<omitted>'}
        Body: None
    Response - Headers: {'date': 'Fri, 06 Feb 2026 07:10:17 GMT', 'server': 'Apache/2.4.58 (Ubuntu)', 'content-type': 'application/json', 'content-length': '1375', 'x-compute-request-id': 'req-a293584b-add2-44a4-8f07-47e7fd445f4b', 'x-openstack-manila-api-version': '2.90', 'vary': 'X-OpenStack-Manila-API-Version', 'x-openstack-request-id': 'req-a293584b-add2-44a4-8f07-47e7fd445f4b', 'connection': 'close', 'status': '200', 'content-location': 'http://10.132.46.216/share/v2/f34adde3316a49fa8311cb9070b4c356/shares/30ba4ff9-9ae1-42b3-abd0-1e2bd7f27afd'}
        Body: b'{"share": {"id": "30ba4ff9-9ae1-42b3-abd0-1e2bd7f27afd", "size": 1, "availability_zone": null, "created_at": "2026-02-06T07:10:17.033982", "status": "creating", "name": "tempest-tempest-created-share-1389673038", "description": "Tempest\'s share", "project_id": "f34adde3316a49fa8311cb9070b4c356", "snapshot_id": null, "share_network_id": null, "share_proto": "NFS", "metadata": {}, "share_type": "
    5b417337-7858-4b1e-9595-cfc8671178c9", "volume_type": "tempest-manage-st-name-76734615", "links": [{"rel": "self", "href": "http://10.132.46.216/share/v2/f34adde3316a49fa8311cb9070b4c356/shares/30ba4ff9-9ae1-42b3-abd0-1e2bd7f27afd"}, {"rel": "bookmark", "href": "http://10.132.46.216/share/f34adde3316a49fa8311cb9070b4c356/shares/30ba4ff9-9ae1-42b3-abd0-1e2bd7f27afd"}], "is_public": false, "snapshot_support": false, "task_state": null, "share_type_name": "tempest-manage-st-name-76734615", "access_rules_status": "active", "replication_type": null, "has_replicas": false, "user_id": "cea0cc6678ed4e78af7f53dd0a9bb0e1", "create_share_from_snapshot_support": false, "revert_to_snapshot_support": false, "share_group_id": null, "source_share_group_snapshot_member_id": null, "mount_snapshot_support": false, "progress": null, "is_soft_deleted": false, "scheduled_to_be_deleted_at": null, "source_backup_id": null, "encryption_key_ref": null, "share_server_id": null, "host": ""}}'
2026-02-06 07:10:20,238 167949 INFO     [tempest.lib.common.rest_client] Request (ManageNFSShareTest:test_manage_with_is_public_True): 200 GET http://10.132.46.216/share/v2/f34adde3316a49fa8311cb9070b4c356/shares/30ba4ff9-9ae1-42b3-abd0-1e2bd7f27afd 0.028s
2026-02-06 07:10:20,239 167949 DEBUG    [tempest.lib.common.rest_client] Request - Headers: {'Content-Type': 'application/json', 'Accept': 'application/json', 'x-openstack-manila-api-version': '2.90', 'X-Auth-Token': '<omitted>'}
        Body: None
    Response - Headers: {'date': 'Fri, 06 Feb 2026 07:10:20 GMT', 'server': 'Apache/2.4.58 (Ubuntu)', 'content-type': 'application/json', 'content-length': '1372', 'x-compute-request-id': 'req-51199b9f-b4c4-402d-b823-905b278372ee', 'x-openstack-manila-api-version': '2.90', 'vary': 'X-OpenStack-Manila-API-Version', 'x-openstack-request-id': 'req-51199b9f-b4c4-402d-b823-905b278372ee', 'connection': 'close', 'status': '200', 'content-location': 'http://10.132.46.216/share/v2/f34adde3316a49fa8311cb9070b4c356/shares/30ba4ff9-9ae1-42b3-abd0-1e2bd7f27afd'}
        Body: b'{"share": {"id": "30ba4ff9-9ae1-42b3-abd0-1e2bd7f27afd", "size": 1, "availability_zone": null, "created_at": "2026-02-06T07:10:17.033982", "status": "error", "name": "tempest-tempest-created-share-1389673038", "description": "Tempest\'s share", "project_id": "f34adde3316a49fa8311cb9070b4c356", "snapshot_id": null, "share_network_id": null, "share_proto": "NFS", "metadata": {}, "share_type": "5b417337-7858-4b1e-9595-cfc8671178c9", "volume_type": "tempest-manage-st-name-76734615", "links": [{"rel": "self", "href": "http://10.132.46.216/share/v2/f34adde3316a49fa8311cb9070b4c356/shares/30ba4ff9-9ae1-42b3-abd0-1e2bd7f27afd"}, {"rel": "bookmark", "href": "http://10.132.46.216/share/f34adde3316a49fa8311cb9070b4c356/shares/30ba4ff9-9ae1-42b3-abd0-1e2bd7f27afd"}], "is_public": false, "snapshot_support": false, "task_state": null, "share_type_name": "tempest-manage-st-name-76734615", "access_rules_status": "active", "replication_type": null, "has_replicas": false, "user_id": "cea0cc6678ed4e78af7f53dd0a9bb0e1", "create_share_from_snapshot_support": false, "revert_to_snapshot_support": false, "share_group_id": null, "source_share_group_snapshot_member_id": null, "mount_snapshot_support": false, "progress": null, "is_soft_deleted": false, "scheduled_to_be_deleted_at": null, "source_backup_id": null, "encryption_key_ref": null, "share_server_id": null, "host": ""}}'

{3} manila_tempest_tests.tests.api.******.test_share_types.ShareTypesAdminTest.test_share_type_create_get_3_2_7 [0.066323s] ... ok
{3} manila_tempest_tests.tests.api.******.test_share_types.ShareTypesAdminTest.test_share_type_create_get_4_2_40 [0.056351s] ... ok
{3} manila_tempest_tests.tests.api.******.test_share_types.ShareTypesAdminTest.test_share_type_create_get_5_2_41 [0.072631s] ... ok
{3} manila_tempest_tests.tests.api.******.test_share_types.ShareTypesAdminTest.test_share_type_create_list_1_2_0 [0.085688s] ... ok
{3} manila_tempest_tests.tests.api.******.test_share_types.ShareTypesAdminTest.test_share_type_create_list_2_2_6 [0.041431s] ... ok
{3} manila_tempest_tests.tests.api.******.test_share_types.ShareTypesAdminTest.test_share_type_create_list_3_2_7 [0.044624s] ... ok
{3} manila_tempest_tests.tests.api.******.test_share_types.ShareTypesAdminTest.test_share_type_create_list_4_2_40 [0.043110s] ... ok
{3} manila_tempest_tests.tests.api.******.test_share_types.ShareTypesAdminTest.test_share_type_create_list_5_2_41 [0.045251s] ... ok
{3} manila_tempest_tests.tests.api.******.test_share_types.ShareTypesAdminTest.test_share_type_create_show_list_with_is_default_key_1_2_45 [0.059923s] ... ok
{3} manila_tempest_tests.tests.api.******.test_share_types.ShareTypesAdminTest.test_share_type_create_show_list_with_is_default_key_2_2_46 [0.062710s] ... ok
{3} manila_tempest_tests.tests.api.******.test_share_types.ShareTypesAdminTest.test_share_type_create_show_list_with_is_default_key_3_2_90 [0.065213s] ... ok
{3} manila_tempest_tests.tests.api.******.test_share_types.ShareTypesAdminTest.test_share_type_create_update_01_2_50_name_description_public [0.051530s] ... ok
{3} manila_tempest_tests.tests.api.******.test_share_types.ShareTypesAdminTest.test_share_type_create_update_02_2_50_name [0.049196s] ... ok
{3} manila_tempest_tests.tests.api.******.test_share_types.ShareTypesAdminTest.test_share_type_create_update_03_2_50_description_public [0.046061s] ... ok
{3} manila_tempest_tests.tests.api.******.test_share_types.ShareTypesAdminTest.test_share_type_create_update_04_2_50_public [0.040005s] ... ok
{3} manila_tempest_tests.tests.api.******.test_share_types.ShareTypesAdminTest.test_share_type_create_update_05_2_50 [0.045836s] ... ok
{3} manila_tempest_tests.tests.api.******.test_share_types.ShareTypesAdminTest.test_share_type_create_update_06_2_90_name_description_public [0.052193s] ... ok
{3} manila_tempest_tests.tests.api.******.test_share_types.ShareTypesAdminTest.test_share_type_create_update_07_2_90_name [0.049602s] ... ok
{3} manila_tempest_tests.tests.api.******.test_share_types.ShareTypesAdminTest.test_share_type_create_update_08_2_90_description [0.039655s] ... ok
{3} manila_tempest_tests.tests.api.******.test_share_types.ShareTypesAdminTest.test_share_type_create_update_09_2_90_public [0.040625s] ... ok
{3} manila_tempest_tests.tests.api.******.test_share_types.ShareTypesAdminTest.test_share_type_create_update_10_2_90 [0.049493s] ... ok
{1} setUpClass (manila_tempest_tests.tests.api.test_share_encryption.ShareEncryptionCIFSTest) ... SKIPPED: Encryption tests are disabled.
{1} setUpClass (manila_tempest_tests.tests.api.test_share_encryption.ShareEncryptionNFSTest) ... SKIPPED: Encryption tests are disabled.
{1} setUpClass (manila_tempest_tests.tests.api.test_share_group_actions.ShareGroupActionsTest) ... SKIPPED: Share Group tests disabled.
{1} setUpClass (manila_tempest_tests.tests.api.test_share_groups_negative.ShareGroupsNegativeTest) ... SKIPPED: Share Group tests disabled.
{3} manila_tempest_tests.tests.api.******.test_share_types.ShareTypesAdminTest.test_share_type_unset_description_1___2_50___None______None_ [0.049765s] ... ok
{3} manila_tempest_tests.tests.api.******.test_share_types.ShareTypesAdminTest.test_share_type_unset_description_2___2_90___None______None_ [0.043300s] ... ok
{1} manila_tempest_tests.tests.api.test_share_network_subnets_negative.ShareNetworkSubnetsNegativeTest.test_add_share_network_subnet_az_not_found [0.035755s] ... ok
{1} manila_tempest_tests.tests.api.test_share_network_subnets_negative.ShareNetworkSubnetsNegativeTest.test_add_share_network_subnet_in_same_az_exists_1_True ... SKIPPED: Skipped. Test requires microversion < than '2.70'.
{1} manila_tempest_tests.tests.api.test_share_network_subnets_negative.ShareNetworkSubnetsNegativeTest.test_add_share_network_subnet_in_same_az_exists_2_False ... SKIPPED: Skipped. Test requires microversion < than '2.70'.
{1} manila_tempest_tests.tests.api.test_share_network_subnets_negative.ShareNetworkSubnetsNegativeTest.test_add_share_network_subnet_missing_parameters [0.012674s] ... ok
{1} manila_tempest_tests.tests.api.test_share_network_subnets_negative.ShareNetworkSubnetsNegativeTest.test_add_share_network_subnet_share_network_not_found [0.026110s] ... ok
{1} manila_tempest_tests.tests.api.test_share_network_subnets_negative.ShareNetworkSubnetsNegativeTest.test_delete_contains_shares ... SKIPPED: Can run only with drivers that do handle share servers creation. Skipping.
{1} manila_tempest_tests.tests.api.test_share_network_subnets_negative.ShareNetworkSubnetsNegativeTest.test_delete_contains_unmanaged_share_servers ... SKIPPED: Can run only with drivers that do handle share servers creation. Skipping.
{1} manila_tempest_tests.tests.api.test_share_network_subnets_negative.ShareNetworkSubnetsNegativeTest.test_delete_subnet_not_found [0.035912s] ... ok
{1} manila_tempest_tests.tests.api.test_share_network_subnets_negative.ShareNetworkSubnetsNegativeTest.test_delete_subnet_share_network_not_found [0.020954s] ... ok
{1} manila_tempest_tests.tests.api.test_share_network_subnets_negative.ShareNetworkSubnetsNegativeTest.test_get_deleted_subnet [0.250226s] ... ok
{1} manila_tempest_tests.tests.api.test_share_network_subnets_negative.ShareNetworkSubnetsNegativeTest.test_show_subnet_not_found [0.071791s] ... ok
{1} manila_tempest_tests.tests.api.test_share_network_subnets_negative.ShareNetworkSubnetsNegativeTest.test_show_subnet_share_network_not_found [0.025943s] ... ok
{0} manila_tempest_tests.tests.api.******.test_services.ServicesAdminTest.test_get_services_by_all_filters_1_shares_client [0.306684s] ... ok
{0} manila_tempest_tests.tests.api.******.test_services.ServicesAdminTest.test_get_services_by_all_filters_2_shares_v2_client [0.035897s] ... ok
{0} manila_tempest_tests.tests.api.******.test_services.ServicesAdminTest.test_get_services_by_availability_zone_1_shares_client [0.030953s] ... ok
{0} manila_tempest_tests.tests.api.******.test_services.ServicesAdminTest.test_get_services_by_availability_zone_2_shares_v2_client [0.031418s] ... ok
{0} manila_tempest_tests.tests.api.******.test_services.ServicesAdminTest.test_get_services_by_binary_name_1_shares_client [0.033170s] ... ok
{0} manila_tempest_tests.tests.api.******.test_services.ServicesAdminTest.test_get_services_by_binary_name_2_shares_v2_client [0.036026s] ... ok
{0} manila_tempest_tests.tests.api.******.test_services.ServicesAdminTest.test_get_services_by_host_name_1_shares_client [0.033331s] ... ok
{0} manila_tempest_tests.tests.api.******.test_services.ServicesAdminTest.test_get_services_by_host_name_2_shares_v2_client [0.035628s] ... ok
{0} manila_tempest_tests.tests.api.******.test_services.ServicesAdminTest.test_get_services_by_state_1_shares_client [0.030356s] ... ok
{2} manila_tempest_tests.tests.api.******.test_share_manage.ManageNFSShareTest.test_manage_with_os_share_manage_url [3.269199s] ... FAILED

Captured traceback:
~~~~~~~~~~~~~~~~~~~
    Traceback (most recent call last):

      File "/opt/stack/tempest/manila-tempest-plugin/manila_tempest_tests/tests/api/******/test_share_manage.py", line 155, in test_manage_with_os_share_manage_url
    self._test_manage(version="2.5")

      File "/opt/stack/tempest/manila-tempest-plugin/manila_tempest_tests/tests/api/******/test_share_manage.py", line 70, in _test_manage
    share = self._create_share_for_manage()
            ^^^^^^^^^^^^^^^^^^^^^^^^^^^^^^^

      File "/opt/stack/tempest/manila-tempest-plugin/manila_tempest_tests/tests/api/base.py", line 1174, in _create_share_for_manage
    share = self.create_share(**creation_data)
            ^^^^^^^^^^^^^^^^^^^^^^^^^^^^^^^^^^

      File "/opt/stack/tempest/manila-tempest-plugin/manila_tempest_tests/tests/api/base.py", line 411, in create_share
    result = cls.create_shares([{"args": args, "kwargs": kwargs}])
             ^^^^^^^^^^^^^^^^^^^^^^^^^^^^^^^^^^^^^^^^^^^^^^^^^^^^^

      File "/opt/stack/tempest/manila-tempest-plugin/manila_tempest_tests/tests/api/base.py", line 469, in create_shares
    waiters.wait_for_resource_status(

      File "/opt/stack/tempest/manila-tempest-plugin/manila_tempest_tests/common/waiters.py", line 109, in wait_for_resource_status
    raise resource_exception(resource_id=resource_id)

    manila_tempest_tests.share_exceptions.ShareBuildErrorException: Share 601c01cc-b036-4720-868c-abadef96344a failed to build and is in ERROR status


Captured pythonlogging:
~~~~~~~~~~~~~~~~~~~~~~~
    2026-02-06 07:10:20,435 167949 INFO     [tempest.lib.common.rest_client] Request (ManageNFSShareTest:test_manage_with_os_share_manage_url): 200 POST http://10.132.46.216/share/v2/f34adde3316a49fa8311cb9070b4c356/shares 0.194s
2026-02-06 07:10:20,436 167949 DEBUG    [tempest.lib.common.rest_client] Request - Headers: {'Content-Type': 'application/json', 'Accept': 'application/json', 'x-openstack-manila-api-version': '2.90', 'X-Auth-Token': '<omitted>'}
        Body: {"share": {"share_proto": "nfs", "description": "Tempest's share", "snapshot_id": null, "name": "tempest-tempest-created-share-169712680", "size": 1, "metadata": {}, "is_public": false, "share_type": "5b417337-7858-4b1e-9595-cfc8671178c9"}}
    Response - Headers: {'date': 'Fri, 06 Feb 2026 07:10:20 GMT', 'server': 'Apache/2.4.58 (Ubuntu)', 'content-type': 'application/json', 'content-length': '1374', 'x-compute-request-id': 'req-bab41ff5-51f2-4842-af83-058c02b7d283', 'x-openstack-manila-api-version': '2.90', 'vary': 'X-OpenStack-Manila-API-Version', 'x-openstack-request-id': 'req-bab41ff5-51f2-4842-af83-058c02b7d283', 'connection': 'close', 'status': '200', 'content-location': 'http://10.132.46.216/share/v2/f34adde3316a49fa8311cb9070b4c356/shares'}
        Body: b'{"share": {"id": "601c01cc-b036-4720-868c-abadef96344a", "size": 1, "availability_zone": null, "created_at": "2026-02-06T07:10:20.313274", "status": "creating", "name": "tempest-tempest-created-share-169712680", "description": "Tempest\'s share", "project_id": "f34adde3316a49fa8311cb9070b4c356", "snapshot_id": null, "share_network_id": null, "share_proto": "NFS", "metadata": {}, "share_type": "5b417337-7858-4b1e-9595-cfc8671178c9", "volume_type": "tempest-manage-st-name-76734615", "links": [{"rel": "self", "href": "http://10.132.46.216/share/v2/f34adde3316a49fa8311cb9070b4c356/shares/601c01cc-b036-4720-868c-abadef96344a"}, {"rel": "bookmark", "href": "http://10.132.46.216/share/f34adde3316a49fa8311cb9070b4c356/shares/601c01cc-b036-4720-868c-abadef96344a"}], "is_public": false, "snapshot_support": false, "task_state": null, "share_type_name": "tempest-manage-st-name-76734615", "access_rules_status": "active", "replication_type": null, "has_replicas": false, "user_id": "cea0cc6678ed4e78af7f53dd0a9bb0e1", "create_share_from_snapshot_support": false, "revert_to_snapshot_support": false, "share_group_id": null, "source_share_group_snapshot_member_id": null, "mount_snapshot_support": false, "progress": null, "is_soft_deleted": false, "scheduled_to_be_deleted_at": null, "source_backup_id": null, "encryption_key_ref": null, "share_server_id": null, "host": ""}}'
2026-02-06 07:10:20,477 167949 INFO     [tempest.lib.common.rest_client] Request (ManageNFSShareTest:test_manage_with_os_share_manage_url): 200 GET http://10.132.46.216/share/v2/f34adde3316a49fa8311cb9070b4c356/shares/601c01cc-b036-4720-868c-abadef96344a 0.040s
2026-02-06 07:10:20,477 167949 DEBUG    [tempest.lib.common.rest_client] Request - Headers: {'Content-Type': 'application/json', 'Accept': 'application/json', 'x-openstack-manila-api-version': '2.90', 'X-Auth-Token': '<omitted>'}
        Body: None
    Response - Headers: {'date': 'Fri, 06 Feb 2026 07:10:20 GMT', 'server': 'Apache/2.4.58 (Ubuntu)', 'content-type': 'application/json', 'content-length': '1374', 'x-compute-request-id': 'req-15bfb87a-5ffc-4197-9293-f7f481fbe2d5', 'x-openstack-manila-api-version': '2.90', 'vary': 'X-OpenStack-Manila-API-Version', 'x-openstack-request-id': 'req-15bfb87a-5ffc-4197-9293-f7f481fbe2d5', 'connection': 'close', 'status': '200', 'content-location': 'http://10.132.46.216/share/v2/f34adde3316a49fa8311cb9070b4c356/shares/601c01cc-b036-4720-868c-abadef96344a'}
        Body: b'{"share": {"id": "601c01cc-b036-4720-868c-abadef96344a", "size": 1, "availability_zone": null, "created_at": "2026-02-06T07:10:20.313274", "status": "creating", "name": "tempest-tempest-created-share-169712680", "description": "Tempest\'s share", "project_id": "f34adde3316a49fa8311cb9070b4c356", "snapshot_id": null, "share_network_id": null, "share_proto": "NFS", "metadata": {}, "share_t
    ype": "5b417337-7858-4b1e-9595-cfc8671178c9", "volume_type": "tempest-manage-st-name-76734615", "links": [{"rel": "self", "href": "http://10.132.46.216/share/v2/f34adde3316a49fa8311cb9070b4c356/shares/601c01cc-b036-4720-868c-abadef96344a"}, {"rel": "bookmark", "href": "http://10.132.46.216/share/f34adde3316a49fa8311cb9070b4c356/shares/601c01cc-b036-4720-868c-abadef96344a"}], "is_public": false, "snapshot_support": false, "task_state": null, "share_type_name": "tempest-manage-st-name-76734615", "access_rules_status": "active", "replication_type": null, "has_replicas": false, "user_id": "cea0cc6678ed4e78af7f53dd0a9bb0e1", "create_share_from_snapshot_support": false, "revert_to_snapshot_support": false, "share_group_id": null, "source_share_group_snapshot_member_id": null, "mount_snapshot_support": false, "progress": null, "is_soft_deleted": false, "scheduled_to_be_deleted_at": null, "source_backup_id": null, "encryption_key_ref": null, "share_server_id": null, "host": ""}}'
2026-02-06 07:10:23,509 167949 INFO     [tempest.lib.common.rest_client] Request (ManageNFSShareTest:test_manage_with_os_share_manage_url): 200 GET http://10.132.46.216/share/v2/f34adde3316a49fa8311cb9070b4c356/shares/601c01cc-b036-4720-868c-abadef96344a 0.030s
2026-02-06 07:10:23,509 167949 DEBUG    [tempest.lib.common.rest_client] Request - Headers: {'Content-Type': 'application/json', 'Accept': 'application/json', 'x-openstack-manila-api-version': '2.90', 'X-Auth-Token': '<omitted>'}
        Body: None
    Response - Headers: {'date': 'Fri, 06 Feb 2026 07:10:23 GMT', 'server': 'Apache/2.4.58 (Ubuntu)', 'content-type': 'application/json', 'content-length': '1371', 'x-compute-request-id': 'req-9dfc26c9-5b5c-4f68-bcb4-7d7991ef4e59', 'x-openstack-manila-api-version': '2.90', 'vary': 'X-OpenStack-Manila-API-Version', 'x-openstack-request-id': 'req-9dfc26c9-5b5c-4f68-bcb4-7d7991ef4e59', 'connection': 'close', 'status': '200', 'content-location': 'http://10.132.46.216/share/v2/f34adde3316a49fa8311cb9070b4c356/shares/601c01cc-b036-4720-868c-abadef96344a'}
        Body: b'{"share": {"id": "601c01cc-b036-4720-868c-abadef96344a", "size": 1, "availability_zone": null, "created_at": "2026-02-06T07:10:20.313274", "status": "error", "name": "tempest-tempest-created-share-169712680", "description": "Tempest\'s share", "project_id": "f34adde3316a49fa8311cb9070b4c356", "snapshot_id": null, "share_network_id": null, "share_proto": "NFS", "metadata": {}, "share_type": "5b417337-7858-4b1e-9595-cfc8671178c9", "volume_type": "tempest-manage-st-name-76734615", "links": [{"rel": "self", "href": "http://10.132.46.216/share/v2/f34adde3316a49fa8311cb9070b4c356/shares/601c01cc-b036-4720-868c-abadef96344a"}, {"rel": "bookmark", "href": "http://10.132.46.216/share/f34adde3316a49fa8311cb9070b4c356/shares/601c01cc-b036-4720-868c-abadef96344a"}], "is_public": false, "snapshot_support": false, "task_state": null, "share_type_name": "tempest-manage-st-name-76734615", "access_rules_status": "active", "replication_type": null, "has_replicas": false, "user_id": "cea0cc6678ed4e78af7f53dd0a9bb0e1", "create_share_from_snapshot_support": false, "revert_to_snapshot_support": false, "share_group_id": null, "source_share_group_snapshot_member_id": null, "mount_snapshot_support": false, "progress": null, "is_soft_deleted": false, "scheduled_to_be_deleted_at": null, "source_backup_id": null, "encryption_key_ref": null, "share_server_id": null, "host": ""}}'

{0} manila_tempest_tests.tests.api.******.test_services.ServicesAdminTest.test_get_services_by_state_2_shares_v2_client [0.064497s] ... ok
{0} manila_tempest_tests.tests.api.******.test_services.ServicesAdminTest.test_get_services_by_status_1_shares_client [0.048591s] ... ok
{0} manila_tempest_tests.tests.api.******.test_services.ServicesAdminTest.test_get_services_by_status_2_shares_v2_client [0.064909s] ... ok
{0} manila_tempest_tests.tests.api.******.test_services.ServicesAdminTest.test_list_services_1_shares_client [0.038765s] ... ok
{0} manila_tempest_tests.tests.api.******.test_services.ServicesAdminTest.test_list_services_2_shares_v2_client [0.044902s] ... ok
{1} setUpClass (manila_tempest_tests.tests.api.test_share_servers_multiple_subnet.ShareServerMultipleSubnetTest) ... SKIPPED: Multitenancy tests are disabled.
{0} setUpClass (manila_tempest_tests.tests.api.******.test_share_manage_negative.ManageCIFSShareNegativeTest) ... SKIPPED: cifs tests are disabled
{0} setUpClass (manila_tempest_tests.tests.api.******.test_share_manage_negative.ManageGLUSTERFSShareNegativeTest) ... SKIPPED: glusterfs tests are disabled
{0} setUpClass (manila_tempest_tests.tests.api.******.test_share_servers.ShareServersAdminTest) ... SKIPPED: Share servers can be tested only with multitenant drivers.
{0} setUpClass (manila_tempest_tests.tests.api.******.test_share_servers_migration_negative.ShareServerErrorStatusOperationNFS) ... SKIPPED: Multitenancy tests are disabled.
{0} setUpClass (manila_tempest_tests.tests.api.******.test_share_snapshot_instances.ShareSnapshotInstancesTest) ... SKIPPED: Snapshot tests are disabled.
{0} setUpClass (manila_tempest_tests.tests.api.******.test_share_snapshot_instances_negative.SnapshotInstancesNegativeNoResourceTest) ... SKIPPED: Snapshot tests are disabled.
{2} setUpClass (manila_tempest_tests.tests.api.******.test_share_manage_negative.ManageCephFSShareNegativeTest) ... SKIPPED: cephfs tests are disabled
{2} setUpClass (manila_tempest_tests.tests.api.******.test_share_servers_migration.ShareServerMigrationBasicNFS) ... SKIPPED: Multitenancy tests are disabled.
{2} setUpClass (manila_tempest_tests.tests.api.******.test_share_servers_migration_negative.ShareServerErrorStatusOperationCIFS) ... SKIPPED: cifs tests are disabled.
{2} setUpClass (manila_tempest_tests.tests.api.******.test_share_servers_migration_negative.ShareServerMigrationInvalidParametersNFS) ... SKIPPED: Multitenancy tests are disabled.
{2} setUpClass (manila_tempest_tests.tests.api.******.test_share_servers_migration_negative.ShareServerMigrationStartNegativesNFS) ... SKIPPED: Multitenancy tests are disabled.
{3} manila_tempest_tests.tests.api.******.test_share_types_extra_specs.ExtraSpecsWriteAdminTest.test_delete_one_share_type_extra_spec [0.268699s] ... ok
{3} manila_tempest_tests.tests.api.******.test_share_types_extra_specs.ExtraSpecsWriteAdminTest.test_delete_snapshot_support_extra_spec_1_2_24 [0.126005s] ... ok
{3} manila_tempest_tests.tests.api.******.test_share_types_extra_specs.ExtraSpecsWriteAdminTest.test_delete_snapshot_support_extra_spec_2_2_90 [0.124616s] ... ok
{3} manila_tempest_tests.tests.api.******.test_share_types_extra_specs.ExtraSpecsWriteAdminTest.test_update_all_share_type_extra_specs [0.088876s] ... ok
{3} manila_tempest_tests.tests.api.******.test_share_types_extra_specs.ExtraSpecsWriteAdminTest.test_update_one_share_type_extra_spec [0.077279s] ... ok
{1} manila_tempest_tests.tests.api.test_share_type_availability_zones.ShareTypeAvailabilityZonesTest.test_share_type_azs_create_and_get_share_type_1_az1______az2__az_3__ [0.101141s] ... ok
{1} manila_tempest_tests.tests.api.test_share_type_availability_zones.ShareTypeAvailabilityZonesTest.test_share_type_azs_create_and_get_share_type_2_az1_az2_az_3 [0.115510s] ... ok
{1} manila_tempest_tests.tests.api.test_share_type_availability_zones.ShareTypeAvailabilityZonesTest.test_share_type_azs_create_and_get_share_type_3_az1____az2____az_3 [0.127334s] ... ok
{2} setUpClass (manila_tempest_tests.tests.api.******.test_snapshot_manage_negative.ManageMapRFSSnapshotNegativeTest) ... SKIPPED: Manage/unmanage snapshot tests are disabled.
{1} manila_tempest_tests.tests.api.test_share_type_availability_zones.ShareTypeAvailabilityZonesTest.test_share_type_azs_filter_by_availability_zones_1_az1 [0.197178s] ... ok
{1} manila_tempest_tests.tests.api.test_share_type_availability_zones.ShareTypeAvailabilityZonesTest.test_share_type_azs_filter_by_availability_zones_2_az2 [0.185747s] ... ok
{1} manila_tempest_tests.tests.api.test_share_type_availability_zones.ShareTypeAvailabilityZonesTest.test_share_type_azs_filter_by_availability_zones_3_az_3 [0.204833s] ... ok
{1} manila_tempest_tests.tests.api.test_share_type_availability_zones.ShareTypeAvailabilityZonesTest.test_share_type_azs_filter_by_availability_zones_4_az1___az_3 [0.213510s] ... ok
{1} manila_tempest_tests.tests.api.test_share_type_availability_zones.ShareTypeAvailabilityZonesTest.test_share_type_azs_filter_by_availability_zones_5_az_3__az1 [0.214463s] ... ok
{1} manila_tempest_tests.tests.api.test_share_type_availability_zones.ShareTypeAvailabilityZonesTest.test_share_type_azs_filter_by_availability_zones_6_az2__az_3__az1 [0.212873s] ... ok
{1} manila_tempest_tests.tests.api.test_share_type_availability_zones.ShareTypeAvailabilityZonesTest.test_share_type_azs_old_version_api_ignores_spec [0.021442s] ... FAILED

Captured traceback:
~~~~~~~~~~~~~~~~~~~
    Traceback (most recent call last):

      File "/opt/stack/tempest/manila-tempest-plugin/manila_tempest_tests/tests/api/test_share_type_availability_zones.py", line 101, in test_share_type_azs_old_version_api_ignores_spec
    self.******_shares_v2_client.update_share_type_extra_spec(

      File "/opt/stack/tempest/manila-tempest-plugin/manila_tempest_tests/services/share/v2/json/shares_client.py", line 729, in update_share_type_extra_spec
    resp, body = self.put(uri, post_body, version=version)
                 ^^^^^^^^^^^^^^^^^^^^^^^^^^^^^^^^^^^^^^^^^

      File "/opt/stack/tempest/manila-tempest-plugin/manila_tempest_tests/services/share/v2/json/shares_client.py", line 100, in put
    resp, body = super(SharesV2Client, self).put(url, body,
                 ^^^^^^^^^^^^^^^^^^^^^^^^^^^^^^^^^^^^^^^^^^

      File "/opt/stack/tempest/tempest/lib/common/rest_client.py", line 392, in put
    return self.request('PUT', url, extra_headers, headers, body, chunked)
           ^^^^^^^^^^^^^^^^^^^^^^^^^^^^^^^^^^^^^^^^^^^^^^^^^^^^^^^^^^^^^^^

      File "/opt/stack/tempest/tempest/lib/common/rest_client.py", line 762, in request
    self._error_checker(resp, resp_body)

      File "/opt/stack/tempest/tempest/lib/common/rest_client.py", line 877, in _error_checker
    raise exceptions.BadRequest(resp_body, resp=resp)

    tempest.lib.exceptions.BadRequest: Bad request
Details: {'code': 400, 'message': 'Invalid extra_spec: availability_zones: '}


Captured pythonlogging:
~~~~~~~~~~~~~~~~~~~~~~~
    2026-02-06 07:10:28,604 167947 INFO     [tempest.lib.common.rest_client] Request (ShareTypeAvailabilityZonesTest:test_share_type_azs_old_version_api_ignores_spec): 400 PUT http://10.132.46.216/share/v2/1dd1a5b9fe4b421ea53c8285399aeb4c/types/4a81cf97-fc69-482b-b6aa-801ad794c50c/extra_specs/availability_zones 0.016s
2026-02-06 07:10:28,605 167947 DEBUG    [tempest.lib.common.rest_client] Request - Headers: {'Content-Type': 'application/json', 'Accept': 'application/json', 'x-openstack-manila-api-version': '2.90', 'X-Auth-Token': '<omitted>'}
        Body: {"availability_zones": ""}
    Response - Headers: {'date': 'Fri, 06 Feb 2026 07:10:28 GMT', 'server': 'Apache/2.4.58 (Ubuntu)', 'x-openstack-manila-api-version': '2.90', 'vary': 'X-OpenStack-Manila-API-Version', 'content-length': '84', 'content-type': 'application/json', 'x-compute-request-id': 'req-a0ee328c-eb2c-4de5-bd33-e45446dcb501', 'x-openstack-request-id': 'req-a0ee328c-eb2c-4de5-bd33-e45446dcb501', 'connection': 'close', 'status': '400', 'content-location': 'http://10.132.46.216/share/v2/1dd1a5b9fe4b421ea53c8285399aeb4c/types/4a81cf97-fc69-482b-b6aa-801ad794c50c/extra_specs/availability_zones'}
        Body: b'{"badRequest": {"code": 400, "message": "Invalid extra_spec: availability_zones: "}}'

{1} manila_tempest_tests.tests.api.test_share_type_availability_zones.ShareTypeAvailabilityZonesTest.test_share_type_azs_share_groups_az_in_create_req_1_True [0.020960s] ... FAILED

Captured traceback:
~~~~~~~~~~~~~~~~~~~
    Traceback (most recent call last):

      File "/usr/lib/python3/dist-packages/ddt.py", line 220, in wrapper
    return func(self, *args, **kwargs)
           ^^^^^^^^^^^^^^^^^^^^^^^^^^^

      File "/opt/stack/tempest/manila-tempest-plugin/manila_tempest_tests/tests/api/test_share_type_availability_zones.py", line 139, in test_share_type_azs_share_groups_az_in_create_req
    self.******_shares_v2_client.update_share_type_extra_spec(

      File "/opt/stack/tempest/manila-tempest-plugin/manila_tempest_tests/services/share/v2/json/shares_client.py", line 729, in update_share_type_extra_spec
    resp, body = self.put(uri, post_body, version=version)
                 ^^^^^^^^^^^^^^^^^^^^^^^^^^^^^^^^^^^^^^^^^

      File "/opt/stack/tempest/manila-tempest-plugin/manila_tempest_tests/services/share/v2/json/shares_client.py", line 100, in put
    resp, body = super(SharesV2Client, self).put(url, body,
                 ^^^^^^^^^^^^^^^^^^^^^^^^^^^^^^^^^^^^^^^^^^

      File "/opt/stack/tempest/tempest/lib/common/rest_client.py", line 392, in put
    return self.request('PUT', url, extra_headers, headers, body, chunked)
           ^^^^^^^^^^^^^^^^^^^^^^^^^^^^^^^^^^^^^^^^^^^^^^^^^^^^^^^^^^^^^^^

      File "/opt/stack/tempest/tempest/lib/common/rest_client.py", line 762, in request
    self._error_checker(resp, resp_body)

      File "/opt/stack/tempest/tempest/lib/common/rest_client.py", line 877, in _error_checker
    raise exceptions.BadRequest(resp_body, resp=resp)

    tempest.lib.exceptions.BadRequest: Bad request
Details: {'code': 400, 'message': 'Invalid extra_spec: availability_zones: '}


Captured pythonlogging:
~~~~~~~~~~~~~~~~~~~~~~~
    2026-02-06 07:10:28,627 167947 INFO     [tempest.lib.common.rest_client] Request (ShareTypeAvailabilityZonesTest:test_share_type_azs_share_groups_az_in_create_req): 400 PUT http://10.132.46.216/share/v2/1dd1a5b9fe4b421ea53c8285399aeb4c/types/4a81cf97-fc69-482b-b6aa-801ad794c50c/extra_specs/availability_zones 0.018s
2026-02-06 07:10:28,627 167947 DEBUG    [tempest.lib.common.rest_client] Request - Headers: {'Content-Type': 'application/json', 'Accept': 'application/json', 'x-openstack-manila-api-version': '2.90', 'X-Auth-Token': '<omitted>'}
        Body: {"availability_zones": ""}
    Response - Headers: {'date': 'Fri, 06 Feb 2026 07:10:28 GMT', 'server': 'Apache/2.4.58 (Ubuntu)', 'x-openstack-manila-api-version': '2.90', 'vary': 'X-OpenStack-Manila-API-Version', 'content-length': '84', 'content-type': 'application/json', 'x-compute-request-id': 'req-9ee653ce-45f5-43d9-985d-454eb2180bf0', 'x-openstack-request-id': 'req-9ee653ce-45f5-43d9-985d-454eb2180bf0', 'connection': 'close', 'status': '400', 'content-location': 'http://10.132.46.216/share/v2/1dd1a5b9fe4b421ea53c8285399aeb4c/types/4a81cf97-fc69-482b-b6aa-801ad794c50c/extra_specs/availability_zones'}
        Body: b'{"badRequest": {"code": 400, "message": "Invalid extra_spec: availability_zones: "}}'

{1} manila_tempest_tests.tests.api.test_share_type_availability_zones.ShareTypeAvailabilityZonesTest.test_share_type_azs_share_groups_az_in_create_req_2_False [0.017193s] ... FAILED

Captured traceback:
~~~~~~~~~~~~~~~~~~~
    Traceback (most recent call last):

      File "/usr/lib/python3/dist-packages/ddt.py", line 220, in wrapper
    return func(self, *args, **kwargs)
           ^^^^^^^^^^^^^^^^^^^^^^^^^^^

      File "/opt/stack/tempest/manila-tempest-plugin/manila_tempest_tests/tests/api/test_share_type_availability_zones.py", line 139, in test_share_type_azs_share_groups_az_in_create_req
    self.******_shares_v2_client.update_share_type_extra_spec(

      File "/opt/stack/tempest/manila-tempest-plugin/manila_tempest_tests/services/share/v2/json/shares_client.py", line 729, in update_share_type_extra_spec
    resp, body = self.put(uri, post_body, version=version)
                 ^^^^^^^^^^^^^^^^^^^^^^^^^^^^^^^^^^^^^^^^^

      File "/opt/stack/tempest/manila-tempest-plugin/manila_tempest_tests/services/share/v2/json/shares_client.py", line 100, in put
    resp, body = super(SharesV2Client, self).put(url, body,
                 ^^^^^^^^^^^^^^^^^^^^^^^^^^^^^^^^^^^^^^^^^^

      File "/opt/stack/tempest/tempest/lib/common/rest_client.py", line 392, in put
    return self.request('PUT', url, extra_headers, headers, body, chunked)
           ^^^^^^^^^^^^^^^^^^^^^^^^^^^^^^^^^^^^^^^^^^^^^^^^^^^^^^^^^^^^^^^

      File "/opt/stack/tempest/tempest/lib/common/rest_client.py", line 762, in request
    self._error_checker(resp, resp_body)

      File "/opt/stack/tempest/tempest/lib/common/rest_client.py", line 877, in _error_checker
    raise exceptions.BadRequest(resp_body, resp=resp)

    tempest.lib.exceptions.BadRequest: Bad request
Details: {'code': 400, 'message': 'Invalid extra_spec: availability_zones: '}


Captured pythonlogging:
~~~~~~~~~~~~~~~~~~~~~~~
    2026-02-06 07:10:28,647 167947 INFO     [tempest.lib.common.rest_client] Request (ShareTypeAvailabilityZonesTest:test_share_type_azs_share_groups_az_in_create_req): 400 PUT http://10.132.46.216/share/v2/1dd1a5b9fe4b421ea53c8285399aeb4c/types/4a81cf97-fc69-482b-b6aa-801ad794c50c/extra_specs/availability_zones 0.015s
2026-02-06 07:10:28,647 167947 DEBUG    [tempest.lib.common.rest_client] Request - Headers: {'Content-Type': 'application/json', 'Accept': 'application/json', 'x-openstack-manila-api-version': '2.90', 'X-Auth-Token': '<omitted>'}
        Body: {"availability_zones": ""}
    Response - Headers: {'date': 'Fri, 06 Feb 2026 07:10:28 GMT', 'server': 'Apache/2.4.58 (Ubuntu)', 'x-openstack-manila-api-version': '2.90', 'vary': 'X-OpenStack-Manila-API-Version', 'content-length': '84', 'content-type': 'application/json', 'x-compute-request-id': 'req-bdfb745d-a654-4097-b633-e1ad021ae497', 'x-openstack-request-id': 'req-bdfb745d-a654-4097-b633-e1ad021ae497', 'connection': 'close', 'status': '400', 'content-location': 'http://10.132.46.216/share/v2/1dd1a5b9fe4b421ea53c8285399aeb4c/types/4a81cf97-fc69-482b-b6aa-801ad794c50c/extra_specs/availability_zones'}
        Body: b'{"badRequest": {"code": 400, "message": "Invalid extra_spec: availability_zones: "}}'

{1} manila_tempest_tests.tests.api.test_share_type_availability_zones.ShareTypeAvailabilityZonesTest.test_share_type_azs_shares_az_in_create_req_1_True [0.022628s] ... FAILED

Captured traceback:
~~~~~~~~~~~~~~~~~~~
    Traceback (most recent call last):

      File "/usr/lib/python3/dist-packages/ddt.py", line 220, in wrapper
    return func(self, *args, **kwargs)
           ^^^^^^^^^^^^^^^^^^^^^^^^^^^

      File "/opt/stack/tempest/manila-tempest-plugin/manila_tempest_tests/tests/api/test_share_type_availability_zones.py", line 121, in test_share_type_azs_shares_az_in_create_req
    self.******_shares_v2_client.update_share_type_extra_spec(

      File "/opt/stack/tempest/manila-tempest-plugin/manila_tempest_tests/services/share/v2/json/shares_client.py", line 729, in update_share_type_extra_spec
    resp, body = self.put(uri, post_body, version=version)
                 ^^^^^^^^^^^^^^^^^^^^^^^^^^^^^^^^^^^^^^^^^

      File "/opt/stack/tempest/manila-tempest-plugin/manila_tempest_tests/services/share/v2/json/shares_client.py", line 100, in put
    resp, body = super(SharesV2Client, self).put(url, body,
                 ^^^^^^^^^^^^^^^^^^^^^^^^^^^^^^^^^^^^^^^^^^

      File "/opt/stack/tempest/tempest/lib/common/rest_client.py", line 392, in put
    return self.request('PUT', url, extra_headers, headers, body, chunked)
           ^^^^^^^^^^^^^^^^^^^^^^^^^^^^^^^^^^^^^^^^^^^^^^^^^^^^^^^^^^^^^^^

      File "/opt/stack/tempest/tempest/lib/common/rest_client.py", line 762, in request
    self._error_checker(resp, resp_body)

      File "/opt/stack/tempest/tempest/lib/common/rest_client.py", line 877, in _error_checker
    raise exceptions.BadRequest(resp_body, resp=resp)

    tempest.lib.exceptions.BadRequest: Bad request
Details: {'code': 400, 'message': 'Invalid extra_spec: availability_zones: '}


Captured pythonlogging:
~~~~~~~~~~~~~~~~~~~~~~~
    2026-02-06 07:10:28,668 167947 INFO     [tempest.lib.common.rest_client] Request (ShareTypeAvailabilityZonesTest:test_share_type_azs_shares_az_in_create_req): 400 PUT http://10.132.46.216/share/v2/1dd1a5b9fe4b421ea53c8285399aeb4c/types/4a81cf97-fc69-482b-b6aa-801ad794c50c/extra_specs/availability_zones 0.018s
2026-02-06 07:10:28,669 167947 DEBUG    [tempest.lib.common.rest_client] Request - Headers: {'Content-Type': 'application/json', 'Accept': 'application/json', 'x-openstack-manila-api-version': '2.90', 'X-Auth-Token': '<omitted>'}
        Body: {"availability_zones": ""}
    Response - Headers: {'date': 'Fri, 06 Feb 2026 07:10:28 GMT', 'server': 'Apache/2.4.58 (Ubuntu)', 'x-openstack-manila-api-version': '2.90', 'vary': 'X-OpenStack-Manila-API-Version', 'content-length': '84', 'content-type': 'application/json', 'x-compute-request-id': 'req-65b177f3-e3cf-4e6f-9a60-4a9b398180bd', 'x-openstack-request-id': 'req-65b177f3-e3cf-4e6f-9a60-4a9b398180bd', 'connection': 'close', 'status': '400', 'content-location': 'http://10.132.46.216/share/v2/1dd1a5b9fe4b421ea53c8285399aeb4c/types/4a81cf97-fc69-482b-b6aa-801ad794c50c/extra_specs/availability_zones'}
        Body: b'{"badRequest": {"code": 400, "message": "Invalid extra_spec: availability_zones: "}}'

{1} manila_tempest_tests.tests.api.test_share_type_availability_zones.ShareTypeAvailabilityZonesTest.test_share_type_azs_shares_az_in_create_req_2_False [0.016961s] ... FAILED

Captured traceback:
~~~~~~~~~~~~~~~~~~~
    Traceback (most recent call last):

      File "/usr/lib/python3/dist-packages/ddt.py", line 220, in wrapper
    return func(self, *args, **kwargs)
           ^^^^^^^^^^^^^^^^^^^^^^^^^^^

      File "/opt/stack/tempest/manila-tempest-plugin/manila_tempest_tests/tests/api/test_share_type_availability_zones.py", line 121, in test_share_type_azs_shares_az_in_create_req
    self.******_shares_v2_client.update_share_type_extra_spec(

      File "/opt/stack/tempest/manila-tempest-plugin/manila_tempest_tests/services/share/v2/json/shares_client.py", line 729, in update_share_type_extra_spec
    resp, body = self.put(uri, post_body, version=version)
                 ^^^^^^^^^^^^^^^^^^^^^^^^^^^^^^^^^^^^^^^^^

      File "/opt/stack/tempest/manila-tempest-plugin/manila_tempest_tests/services/share/v2/json/shares_client.py", line 100, in put
    resp, body = super(SharesV2Client, self).put(url, body,
                 ^^^^^^^^^^^^^^^^^^^^^^^^^^^^^^^^^^^^^^^^^^

      File "/opt/stack/tempest/tempest/lib/common/rest_client.py", line 392, in put
    return self.request('PUT', url, extra_headers, headers, body, chunked)
           ^^^^^^^^^^^^^^^^^^^^^^^^^^^^^^^^^^^^^^^^^^^^^^^^^^^^^^^^^^^^^^^

      File "/opt/stack/tempest/tempest/lib/common/rest_client.py", line 762, in request
    self._error_checker(resp, resp_body)

      File "/opt/stack/tempest/tempest/lib/common/rest_client.py", line 877, in _error_checker
    raise exceptions.BadRequest(resp_body, resp=resp)

    tempest.lib.exceptions.BadRequest: Bad request
Details: {'code': 400, 'message': 'Invalid extra_spec: availability_zones: '}


Captured pythonlogging:
~~~~~~~~~~~~~~~~~~~~~~~
    2026-02-06 07:10:28,689 167947 INFO     [tempest.lib.common.rest_client] Request (ShareTypeAvailabilityZonesTest:test_share_type_azs_shares_az_in_create_req): 400 PUT http://10.132.46.216/share/v2/1dd1a5b9fe4b421ea53c8285399aeb4c/types/4a81cf97-fc69-482b-b6aa-801ad794c50c/extra_specs/availability_zones 0.015s
2026-02-06 07:10:28,689 167947 DEBUG    [tempest.lib.common.rest_client] Request - Headers: {'Content-Type': 'application/json', 'Accept': 'application/json', 'x-openstack-manila-api-version': '2.90', 'X-Auth-Token': '<omitted>'}
        Body: {"availability_zones": ""}
    Response - Headers: {'date': 'Fri, 06 Feb 2026 07:10:28 GMT', 'server': 'Apache/2.4.58 (Ubuntu)', 'x-openstack-manila-api-version': '2.90', 'vary': 'X-OpenStack-Manila-API-Version', 'content-length': '84', 'content-type': 'application/json', 'x-compute-request-id': 'req-e9063e2b-dd6c-4595-9045-da257e9bf797', 'x-openstack-request-id': 'req-e9063e2b-dd6c-4595-9045-da257e9bf797', 'connection': 'close', 'status': '400', 'content-location': 'http://10.132.46.216/share/v2/1dd1a5b9fe4b421ea53c8285399aeb4c/types/4a81cf97-fc69-482b-b6aa-801ad794c50c/extra_specs/availability_zones'}
        Body: b'{"badRequest": {"code": 400, "message": "Invalid extra_spec: availability_zones: "}}'

{3} manila_tempest_tests.tests.api.******.test_share_types_extra_specs_negative.ExtraSpecsAdminNegativeTest.test_try_create_es_with_empty_shr_type_id [0.158506s] ... ok
{3} manila_tempest_tests.tests.api.******.test_share_types_extra_specs_negative.ExtraSpecsAdminNegativeTest.test_try_create_es_with_empty_specs [0.258607s] ... ok
{3} manila_tempest_tests.tests.api.******.test_share_types_extra_specs_negative.ExtraSpecsAdminNegativeTest.test_try_create_es_with_invalid_shr_type_id [0.012771s] ... ok
{3} manila_tempest_tests.tests.api.******.test_share_types_extra_specs_negative.ExtraSpecsAdminNegativeTest.test_try_create_es_with_invalid_specs [0.034349s] ... ok
{0} setUpClass (manila_tempest_tests.tests.api.******.test_shares_actions.SharesActionsAdminTest) [0.000000s] ... FAILED

Captured traceback:
~~~~~~~~~~~~~~~~~~~
    Traceback (most recent call last):

      File "/opt/stack/tempest/tempest/test.py", line 185, in setUpClass
    raise value.with_traceback(trace)

      File "/opt/stack/tempest/tempest/test.py", line 178, in setUpClass
    cls.resource_setup()

      File "/opt/stack/tempest/manila-tempest-plugin/manila_tempest_tests/tests/api/******/test_shares_actions.py", line 55, in resource_setup
    cls.shares.append(cls.create_share(
                      ^^^^^^^^^^^^^^^^^

      File "/opt/stack/tempest/manila-tempest-plugin/manila_tempest_tests/tests/api/base.py", line 411, in create_share
    result = cls.create_shares([{"args": args, "kwargs": kwargs}])
             ^^^^^^^^^^^^^^^^^^^^^^^^^^^^^^^^^^^^^^^^^^^^^^^^^^^^^

      File "/opt/stack/tempest/manila-tempest-plugin/manila_tempest_tests/tests/api/base.py", line 469, in create_shares
    waiters.wait_for_resource_status(

      File "/opt/stack/tempest/manila-tempest-plugin/manila_tempest_tests/common/waiters.py", line 109, in wait_for_resource_status
    raise resource_exception(resource_id=resource_id)

    manila_tempest_tests.share_exceptions.ShareBuildErrorException: Share 6adc61b8-697e-4894-990c-1d24ae050d27 failed to build and is in ERROR status

{0} setUpClass (manila_tempest_tests.tests.api.******.test_snapshot_manage.ManageNFSSnapshotTest) ... SKIPPED: Manage/unmanage snapshot tests are disabled.
{3} manila_tempest_tests.tests.api.******.test_share_types_extra_specs_negative.ExtraSpecsAdminNegativeTest.test_try_create_extra_specs_with_user [0.210913s] ... ok
{3} manila_tempest_tests.tests.api.******.test_share_types_extra_specs_negative.ExtraSpecsAdminNegativeTest.test_try_delete_es_key_with_empty_shr_type_id [0.006974s] ... ok
{3} manila_tempest_tests.tests.api.******.test_share_types_extra_specs_negative.ExtraSpecsAdminNegativeTest.test_try_delete_es_key_with_invalid_shr_type_id [0.017843s] ... ok
{3} manila_tempest_tests.tests.api.******.test_share_types_extra_specs_negative.ExtraSpecsAdminNegativeTest.test_try_delete_extra_specs_with_user [0.035070s] ... ok
{3} manila_tempest_tests.tests.api.******.test_share_types_extra_specs_negative.ExtraSpecsAdminNegativeTest.test_try_delete_required_spec_snapshot_support_version_1_2_0 [0.041010s] ... ok
{3} manila_tempest_tests.tests.api.******.test_share_types_extra_specs_negative.ExtraSpecsAdminNegativeTest.test_try_delete_required_spec_snapshot_support_version_2_2_23 [0.037302s] ... ok
{3} manila_tempest_tests.tests.api.******.test_share_types_extra_specs_negative.ExtraSpecsAdminNegativeTest.test_try_delete_spec_driver_handles_share_servers [0.037373s] ... ok
{3} manila_tempest_tests.tests.api.******.test_share_types_extra_specs_negative.ExtraSpecsAdminNegativeTest.test_try_delete_with_invalid_key [0.055299s] ... ok
{3} manila_tempest_tests.tests.api.******.test_share_types_extra_specs_negative.ExtraSpecsAdminNegativeTest.test_try_get_extra_spec_with_empty_key [0.038686s] ... ok
{3} manila_tempest_tests.tests.api.******.test_share_types_extra_specs_negative.ExtraSpecsAdminNegativeTest.test_try_get_extra_spec_with_invalid_key [0.048105s] ... ok
{3} manila_tempest_tests.tests.api.******.test_share_types_extra_specs_negative.ExtraSpecsAdminNegativeTest.test_try_get_extra_spec_with_user [0.041630s] ... ok
{3} manila_tempest_tests.tests.api.******.test_share_types_extra_specs_negative.ExtraSpecsAdminNegativeTest.test_try_get_extra_specs_with_empty_shr_type_id [0.016980s] ... ok
{3} manila_tempest_tests.tests.api.******.test_share_types_extra_specs_negative.ExtraSpecsAdminNegativeTest.test_try_get_extra_specs_with_invalid_shr_type_id [0.022861s] ... ok
{3} manila_tempest_tests.tests.api.******.test_share_types_extra_specs_negative.ExtraSpecsAdminNegativeTest.test_try_get_extra_specs_with_user [0.042598s] ... ok
{3} manila_tempest_tests.tests.api.******.test_share_types_extra_specs_negative.ExtraSpecsAdminNegativeTest.test_try_list_es_with_empty_shr_type_id [0.015979s] ... ok
{3} manila_tempest_tests.tests.api.******.test_share_types_extra_specs_negative.ExtraSpecsAdminNegativeTest.test_try_list_es_with_invalid_shr_type_id [0.014636s] ... ok
{3} manila_tempest_tests.tests.api.******.test_share_types_extra_specs_negative.ExtraSpecsAdminNegativeTest.test_try_list_extra_specs_with_user [0.035170s] ... ok
{3} manila_tempest_tests.tests.api.******.test_share_types_extra_specs_negative.ExtraSpecsAdminNegativeTest.test_try_read_extra_specs_on_share_type_with_user [0.044833s] ... ok
{3} manila_tempest_tests.tests.api.******.test_share_types_extra_specs_negative.ExtraSpecsAdminNegativeTest.test_try_set_too_long_key [0.033024s] ... ok
{3} manila_tempest_tests.tests.api.******.test_share_types_extra_specs_negative.ExtraSpecsAdminNegativeTest.test_try_set_too_long_value_with_creation [0.042540s] ... ok
{3} manila_tempest_tests.tests.api.******.test_share_types_extra_specs_negative.ExtraSpecsAdminNegativeTest.test_try_set_too_long_value_with_update [0.067118s] ... ok
{3} manila_tempest_tests.tests.api.******.test_share_types_extra_specs_negative.ExtraSpecsAdminNegativeTest.test_try_set_too_long_value_with_update_of_one_key [0.056118s] ... ok
{3} manila_tempest_tests.tests.api.******.test_share_types_extra_specs_negative.ExtraSpecsAdminNegativeTest.test_try_update_extra_spec_with_user [0.032589s] ... ok
{3} manila_tempest_tests.tests.api.******.test_share_types_extra_specs_negative.ExtraSpecsAdminNegativeTest.test_try_update_extra_specs_with_user [0.029317s] ... ok
{3} manila_tempest_tests.tests.api.******.test_share_types_extra_specs_negative.ExtraSpecsAdminNegativeTest.test_try_update_spec_with_empty_key [0.034585s] ... ok
{3} manila_tempest_tests.tests.api.******.test_share_types_extra_specs_negative.ExtraSpecsAdminNegativeTest.test_try_update_spec_with_empty_shr_type_id [0.013336s] ... ok
{3} manila_tempest_tests.tests.api.******.test_share_types_extra_specs_negative.ExtraSpecsAdminNegativeTest.test_try_update_spec_with_invalid_shr_type_id [0.021855s] ... ok
{3} manila_tempest_tests.tests.api.******.test_share_types_extra_specs_negative.ExtraSpecsAdminNegativeTest.test_try_update_with_invalid_shr_type_id [0.014404s] ... ok
{3} manila_tempest_tests.tests.api.******.test_share_types_extra_specs_negative.ExtraSpecsAdminNegativeTest.test_try_update_with_invalid_specs [0.041130s] ... ok
{0} setUpClass (manila_tempest_tests.tests.api.******.test_snapshot_manage_negative.ManageCIFSSnapshotNegativeTest) ... SKIPPED: Manage/unmanage snapshot tests are disabled.
{0} setUpClass (manila_tempest_tests.tests.api.******.test_snapshot_manage_negative.ManageGLUSTERFSSnapshotNegativeTest) ... SKIPPED: Manage/unmanage snapshot tests are disabled.
{1} manila_tempest_tests.tests.api.test_share_types_negative.ShareTypesNegativeTest.test_share_type_update_bad_request_1_2_50 [0.014976s] ... ok
{1} manila_tempest_tests.tests.api.test_share_types_negative.ShareTypesNegativeTest.test_share_type_update_bad_request_2_2_90 [0.017839s] ... ok
{1} manila_tempest_tests.tests.api.test_share_types_negative.ShareTypesNegativeTest.test_share_type_update_bad_request_3_2_50_bad_public [0.010261s] ... ok
{1} manila_tempest_tests.tests.api.test_share_types_negative.ShareTypesNegativeTest.test_share_type_update_bad_request_4_2_90_bad_public [0.010937s] ... ok
{1} manila_tempest_tests.tests.api.test_share_types_negative.ShareTypesNegativeTest.test_share_type_update_bad_request_5_2_50_description [0.012393s] ... ok
{1} manila_tempest_tests.tests.api.test_share_types_negative.ShareTypesNegativeTest.test_share_type_update_bad_request_6_2_90_description [0.011309s] ... ok
{1} manila_tempest_tests.tests.api.test_share_types_negative.ShareTypesNegativeTest.test_share_type_update_conflict_1_2_50 [0.071777s] ... ok
{1} manila_tempest_tests.tests.api.test_share_types_negative.ShareTypesNegativeTest.test_share_type_update_conflict_2_2_90 [0.016944s] ... ok
{1} manila_tempest_tests.tests.api.test_share_types_negative.ShareTypesNegativeTest.test_try_add_access_to_share_type_with_user [0.140418s] ... ok
{1} manila_tempest_tests.tests.api.test_share_types_negative.ShareTypesNegativeTest.test_try_create_share_type_with_user [0.009814s] ... ok
{1} manila_tempest_tests.tests.api.test_share_types_negative.ShareTypesNegativeTest.test_try_delete_share_type_with_user [0.010107s] ... ok
{1} manila_tempest_tests.tests.api.test_share_types_negative.ShareTypesNegativeTest.test_try_remove_access_from_share_type_with_user [0.011469s] ... ok
{2} setUpClass (manila_tempest_tests.tests.api.test_access_rules_metadata_negative.AccessesMetadataNegativeTest) [0.000000s] ... FAILED

Captured traceback:
~~~~~~~~~~~~~~~~~~~
    Traceback (most recent call last):

      File "/opt/stack/tempest/tempest/test.py", line 185, in setUpClass
    raise value.with_traceback(trace)

      File "/opt/stack/tempest/tempest/test.py", line 178, in setUpClass
    cls.resource_setup()

      File "/opt/stack/tempest/manila-tempest-plugin/manila_tempest_tests/tests/api/test_access_rules_metadata_negative.py", line 67, in resource_setup
    cls.share = cls.create_share(share_type_id=cls.share_type_id)
                ^^^^^^^^^^^^^^^^^^^^^^^^^^^^^^^^^^^^^^^^^^^^^^^^^

      File "/opt/stack/tempest/manila-tempest-plugin/manila_tempest_tests/tests/api/base.py", line 411, in create_share
    result = cls.create_shares([{"args": args, "kwargs": kwargs}])
             ^^^^^^^^^^^^^^^^^^^^^^^^^^^^^^^^^^^^^^^^^^^^^^^^^^^^^

      File "/opt/stack/tempest/manila-tempest-plugin/manila_tempest_tests/tests/api/base.py", line 469, in create_shares
    waiters.wait_for_resource_status(

      File "/opt/stack/tempest/manila-tempest-plugin/manila_tempest_tests/common/waiters.py", line 109, in wait_for_resource_status
    raise resource_exception(resource_id=resource_id)

    manila_tempest_tests.share_exceptions.ShareBuildErrorException: Share 180ca0ae-2298-464f-b5ab-58a7430dd93f failed to build and is in ERROR status

{3} setUpClass (manila_tempest_tests.tests.api.******.test_snapshot_export_locations_negative.SnapshotExportLocationsNegativeTest) ... SKIPPED: Snapshot tests are disabled.
{3} setUpClass (manila_tempest_tests.tests.api.******.test_snapshot_manage.ManageGLUSTERFSSnapshotTest) ... SKIPPED: Manage/unmanage snapshot tests are disabled.
{3} setUpClass (manila_tempest_tests.tests.api.******.test_snapshot_manage.ManageHDFSSnapshotTest) ... SKIPPED: Manage/unmanage snapshot tests are disabled.
{3} setUpClass (manila_tempest_tests.tests.api.******.test_snapshot_manage.ManageMapRFSSnapshotTest) ... SKIPPED: Manage/unmanage snapshot tests are disabled.
{2} manila_tempest_tests.tests.api.test_extensions.ExtensionsTest.test_extensions [0.049040s] ... ok
{3} setUpClass (manila_tempest_tests.tests.api.******.test_snapshot_manage_negative.ManageHDFSSnapshotNegativeTest) ... SKIPPED: Manage/unmanage snapshot tests are disabled.
{1} setUpClass (manila_tempest_tests.tests.api.test_shares.SharesGLUSTERFSTest) ... SKIPPED: glusterfs tests are disabled
{2} manila_tempest_tests.tests.api.test_metadata_negative.SharesMetadataAPIOnlyNegativeTest.test_try_set_metadata_to_unexisting_share_1_True [0.124797s] ... ok
{2} manila_tempest_tests.tests.api.test_metadata_negative.SharesMetadataAPIOnlyNegativeTest.test_try_set_metadata_to_unexisting_share_2_False [0.020464s] ... ok
{2} manila_tempest_tests.tests.api.test_metadata_negative.SharesMetadataAPIOnlyNegativeTest.test_try_update_all_metadata_for_unexisting_share_1_True [0.024229s] ... ok
{2} manila_tempest_tests.tests.api.test_metadata_negative.SharesMetadataAPIOnlyNegativeTest.test_try_update_all_metadata_for_unexisting_share_2_False [0.016060s] ... ok
{0} manila_tempest_tests.tests.api.******.test_user_messages_negative.UserMessageNegativeTest.test_delete_message_of_other_tenants [7.292393s] ... ok
{3} manila_tempest_tests.tests.api.******.test_user_messages.UserMessageTest.test_delete_message [6.732700s] ... ok
{1} setUpClass (manila_tempest_tests.tests.api.test_shares_actions_negative.SharesActionsNegativeTest) [0.000000s] ... FAILED

Captured traceback:
~~~~~~~~~~~~~~~~~~~
    Traceback (most recent call last):

      File "/opt/stack/tempest/tempest/test.py", line 185, in setUpClass
    raise value.with_traceback(trace)

      File "/opt/stack/tempest/tempest/test.py", line 178, in setUpClass
    cls.resource_setup()

      File "/opt/stack/tempest/manila-tempest-plugin/manila_tempest_tests/tests/api/test_shares_actions_negative.py", line 47, in resource_setup
    cls.share = cls.create_share(
                ^^^^^^^^^^^^^^^^^

      File "/opt/stack/tempest/manila-tempest-plugin/manila_tempest_tests/tests/api/base.py", line 411, in create_share
    result = cls.create_shares([{"args": args, "kwargs": kwargs}])
             ^^^^^^^^^^^^^^^^^^^^^^^^^^^^^^^^^^^^^^^^^^^^^^^^^^^^^

      File "/opt/stack/tempest/manila-tempest-plugin/manila_tempest_tests/tests/api/base.py", line 469, in create_shares
    waiters.wait_for_resource_status(

      File "/opt/stack/tempest/manila-tempest-plugin/manila_tempest_tests/common/waiters.py", line 109, in wait_for_resource_status
    raise resource_exception(resource_id=resource_id)

    manila_tempest_tests.share_exceptions.ShareBuildErrorException: Share f0d13335-c62d-4d39-9aef-08bcdfbb097a failed to build and is in ERROR status

{2} setUpClass (manila_tempest_tests.tests.api.test_metadata_negative.SharesMetadataNegativeTest) [0.000000s] ... FAILED

Captured traceback:
~~~~~~~~~~~~~~~~~~~
    Traceback (most recent call last):

      File "/opt/stack/tempest/tempest/test.py", line 185, in setUpClass
    raise value.with_traceback(trace)

      File "/opt/stack/tempest/tempest/test.py", line 178, in setUpClass
    cls.resource_setup()

      File "/opt/stack/tempest/manila-tempest-plugin/manila_tempest_tests/tests/api/test_metadata_negative.py", line 58, in resource_setup
    cls.share = cls.create_share(share_type_id=cls.share_type_id)
                ^^^^^^^^^^^^^^^^^^^^^^^^^^^^^^^^^^^^^^^^^^^^^^^^^

      File "/opt/stack/tempest/manila-tempest-plugin/manila_tempest_tests/tests/api/base.py", line 411, in create_share
    result = cls.create_shares([{"args": args, "kwargs": kwargs}])
             ^^^^^^^^^^^^^^^^^^^^^^^^^^^^^^^^^^^^^^^^^^^^^^^^^^^^^

      File "/opt/stack/tempest/manila-tempest-plugin/manila_tempest_tests/tests/api/base.py", line 469, in create_shares
    waiters.wait_for_resource_status(

      File "/opt/stack/tempest/manila-tempest-plugin/manila_tempest_tests/common/waiters.py", line 109, in wait_for_resource_status
    raise resource_exception(resource_id=resource_id)

    manila_tempest_tests.share_exceptions.ShareBuildErrorException: Share 12e26a91-1805-47fc-982b-3cb3d94732f4 failed to build and is in ERROR status

{0} manila_tempest_tests.tests.api.******.test_user_messages_negative.UserMessageNegativeTest.test_delete_nonexistent_message [6.534566s] ... ok
{3} manila_tempest_tests.tests.api.******.test_user_messages.UserMessageTest.test_list_messages [6.605801s] ... ok
{2} manila_tempest_tests.tests.api.test_public_shares.PublicSharesTest.test_list_shares_public_with_detail [3.547249s] ... FAILED

Captured traceback:
~~~~~~~~~~~~~~~~~~~
    Traceback (most recent call last):

      File "/opt/stack/tempest/manila-tempest-plugin/manila_tempest_tests/tests/api/test_public_shares.py", line 38, in test_list_shares_public_with_detail
    public_share = self.create_share(
                   ^^^^^^^^^^^^^^^^^^

      File "/opt/stack/tempest/manila-tempest-plugin/manila_tempest_tests/tests/api/base.py", line 411, in create_share
    result = cls.create_shares([{"args": args, "kwargs": kwargs}])
             ^^^^^^^^^^^^^^^^^^^^^^^^^^^^^^^^^^^^^^^^^^^^^^^^^^^^^

      File "/opt/stack/tempest/manila-tempest-plugin/manila_tempest_tests/tests/api/base.py", line 469, in create_shares
    waiters.wait_for_resource_status(

      File "/opt/stack/tempest/manila-tempest-plugin/manila_tempest_tests/common/waiters.py", line 109, in wait_for_resource_status
    raise resource_exception(resource_id=resource_id)

    manila_tempest_tests.share_exceptions.ShareBuildErrorException: Share 6c88ee81-edb5-42aa-899d-27179df79bd2 failed to build and is in ERROR status


Captured pythonlogging:
~~~~~~~~~~~~~~~~~~~~~~~
    2026-02-06 07:10:49,277 167949 INFO     [tempest.lib.common.rest_client] Request (PublicSharesTest:test_list_shares_public_with_detail): 200 POST http://10.132.46.216/share/v2/d62f33465c944bb1b2d9a119e0558b54/shares 0.169s
2026-02-06 07:10:49,277 167949 DEBUG    [tempest.lib.common.rest_client] Request - Headers: {'Content-Type': 'application/json', 'Accept': 'application/json', 'x-openstack-manila-api-version': '2.90', 'X-Auth-Token': '<omitted>'}
        Body: {"share": {"share_proto": "nfs", "description": "public_share_desc", "snapshot_id": null, "name": "public_share - must be visible to all projects in the cloud", "size": 1, "metadata": {}, "is_public": true, "share_type": "06759f01-8205-4083-bca5-8428b75c9e8b"}}
    Response - Headers: {'date': 'Fri, 06 Feb 2026 07:10:49 GMT', 'server': 'Apache/2.4.58 (Ubuntu)', 'content-type': 'application/json', 'content-length': '1397', 'x-compute-request-id': 'req-3609a576-f718-4dbe-8d68-8b7d6d717d74', 'x-openstack-manila-api-version': '2.90', 'vary': 'X-OpenStack-Manila-API-Version', 'x-openstack-request-id': 'req-3609a576-f718-4dbe-8d68-8b7d6d717d74', 'connection': 'close', 'status': '200', 'content-location': 'http://10.132.46.216/share/v2/d62f33465c944bb1b2d9a119e0558b54/shares'}
        Body: b'{"share": {"id": "6c88ee81-edb5-42aa-899d-27179df79bd2", "size": 1, "availability_zone": null, "created_at": "2026-02-06T07:10:49.177714", "status": "creating", "name": "public_share - must be visible to all projects in the cloud", "description": "public_share_desc", "project_id": "d62f33465c944bb1b2d9a119e0558b54", "snapshot_id": null, "share_network_id": null, "share_proto": "NFS", "metadata": {}, "share_type": "06759f01-8205-4083-bca5-8428b75c9e8b", "volume_type": "tempest-typeshare-type-240289489", "links": [{"rel": "self", "href": "http://10.132.46.216/share/v2/d62f33465c944bb1b2d9a119e0558b54/shares/6c88ee81-edb5-42aa-899d-27179df79bd2"}, {"rel": "bookmark", "href": "http://10.132.46.216/share/d62f33465c944bb1b2d9a119e0558b54/shares/6c88ee81-edb5-42aa-899d-27179df79bd2"}], "is_public": true, "snapshot_support": false, "task_state": null, "share_type_name": "tempest-typeshare-type-240289489", "access_rules_status": "active", "replication_type": null, "has_replicas": false, "user_id": "573f87d5d68b495a93cdaa59b8787614", "create_share_from_snapshot_support": false, "revert_to_snapshot_support": false, "share_group_id": null, "source_share_group_snapshot_member_id": null, "mount_snapshot_support": false, "progress": null, "is_soft_deleted": false, "scheduled_to_be_deleted_at": null, "source_backup_id": null, "encryption_key_ref": null, "share_server_id": null, "host": ""}}'
2026-02-06 07:10:49,303 167949 INFO     [tempest.lib.common.rest_client] Request (PublicSharesTest:test_list_shares_public_with_detail): 200 GET http://10.132.46.216/share/v2/d62f33465c944bb1b2d9a119e0558b54/shares/6c88ee81-edb5-42aa-899d-27179df79bd2 0.025s
2026-02-06 07:10:49,303 167949 DEBUG    [tempest.lib.common.rest_client] Request - Headers: {'Content-Type': 'application/json', 'Accept': 'application/json', 'x-openstack-manila-api-version': '2.90', 'X-Auth-Token': '<omitted>'}
        Body: None
    Response - Headers: {'date': 'Fri, 06 Feb 2026 07:10:49 GMT', 'server': 'Apache/2.4.58 (Ubuntu)', 'content-type': 'application/json', 'content-length': '1397', 'x-compute-request-id': 'req-ac00a5cc-509c-4083-a481-60ef4bf8cd6a', 'x-openstack-manila-api-version': '2.90', 'vary': 'X-OpenStack-Manila-API-Version', 'x-openstack-request-id': 'req-ac00a5cc-509c-4083-a481-60ef4bf8cd6a', 'connection': 'close', 'status': '200', 'content-location': 'http://10.132.46.216/share/v2/d62f33465c944bb1b2d9a119e0558b54/shares/6c88ee81-edb5-42aa-899d-27179df79bd2'}
        Body: b'{"share": {"id": "6c88ee81-edb5-42aa-899d-27179df79bd2", "size": 1, "availability_zone": null, "created_at": "2026-02-06T07:10:49.177714", "status": "creating", "name": "public_share - must be visible to all projects in the cloud", "description": "public_share_desc", "project_id": "d62f33465c944bb1b2d9a119e0558b54", "snapshot_id": null, "share_network
    _id": null, "share_proto": "NFS", "metadata": {}, "share_type": "06759f01-8205-4083-bca5-8428b75c9e8b", "volume_type": "tempest-typeshare-type-240289489", "links": [{"rel": "self", "href": "http://10.132.46.216/share/v2/d62f33465c944bb1b2d9a119e0558b54/shares/6c88ee81-edb5-42aa-899d-27179df79bd2"}, {"rel": "bookmark", "href": "http://10.132.46.216/share/d62f33465c944bb1b2d9a119e0558b54/shares/6c88ee81-edb5-42aa-899d-27179df79bd2"}], "is_public": true, "snapshot_support": false, "task_state": null, "share_type_name": "tempest-typeshare-type-240289489", "access_rules_status": "active", "replication_type": null, "has_replicas": false, "user_id": "573f87d5d68b495a93cdaa59b8787614", "create_share_from_snapshot_support": false, "revert_to_snapshot_support": false, "share_group_id": null, "source_share_group_snapshot_member_id": null, "mount_snapshot_support": false, "progress": null, "is_soft_deleted": false, "scheduled_to_be_deleted_at": null, "source_backup_id": null, "encryption_key_ref": null, "share_server_id": null, "host": ""}}'
2026-02-06 07:10:52,332 167949 INFO     [tempest.lib.common.rest_client] Request (PublicSharesTest:test_list_shares_public_with_detail): 200 GET http://10.132.46.216/share/v2/d62f33465c944bb1b2d9a119e0558b54/shares/6c88ee81-edb5-42aa-899d-27179df79bd2 0.028s
2026-02-06 07:10:52,332 167949 DEBUG    [tempest.lib.common.rest_client] Request - Headers: {'Content-Type': 'application/json', 'Accept': 'application/json', 'x-openstack-manila-api-version': '2.90', 'X-Auth-Token': '<omitted>'}
        Body: None
    Response - Headers: {'date': 'Fri, 06 Feb 2026 07:10:52 GMT', 'server': 'Apache/2.4.58 (Ubuntu)', 'content-type': 'application/json', 'content-length': '1394', 'x-compute-request-id': 'req-615f38fe-6995-4dc7-9d0b-2b8a22d79c6d', 'x-openstack-manila-api-version': '2.90', 'vary': 'X-OpenStack-Manila-API-Version', 'x-openstack-request-id': 'req-615f38fe-6995-4dc7-9d0b-2b8a22d79c6d', 'connection': 'close', 'status': '200', 'content-location': 'http://10.132.46.216/share/v2/d62f33465c944bb1b2d9a119e0558b54/shares/6c88ee81-edb5-42aa-899d-27179df79bd2'}
        Body: b'{"share": {"id": "6c88ee81-edb5-42aa-899d-27179df79bd2", "size": 1, "availability_zone": null, "created_at": "2026-02-06T07:10:49.177714", "status": "error", "name": "public_share - must be visible to all projects in the cloud", "description": "public_share_desc", "project_id": "d62f33465c944bb1b2d9a119e0558b54", "snapshot_id": null, "share_network_id": null, "share_proto": "NFS", "metadata": {}, "share_type": "06759f01-8205-4083-bca5-8428b75c9e8b", "volume_type": "tempest-typeshare-type-240289489", "links": [{"rel": "self", "href": "http://10.132.46.216/share/v2/d62f33465c944bb1b2d9a119e0558b54/shares/6c88ee81-edb5-42aa-899d-27179df79bd2"}, {"rel": "bookmark", "href": "http://10.132.46.216/share/d62f33465c944bb1b2d9a119e0558b54/shares/6c88ee81-edb5-42aa-899d-27179df79bd2"}], "is_public": true, "snapshot_support": false, "task_state": null, "share_type_name": "tempest-typeshare-type-240289489", "access_rules_status": "active", "replication_type": null, "has_replicas": false, "user_id": "573f87d5d68b495a93cdaa59b8787614", "create_share_from_snapshot_support": false, "revert_to_snapshot_support": false, "share_group_id": null, "source_share_group_snapshot_member_id": null, "mount_snapshot_support": false, "progress": null, "is_soft_deleted": false, "scheduled_to_be_deleted_at": null, "source_backup_id": null, "encryption_key_ref": null, "share_server_id": null, "host": ""}}'
2026-02-06 07:10:52,427 167949 INFO     [tempest.lib.common.rest_client] Request (PublicSharesTest:_run_cleanups): 200 GET http://10.132.46.216/share/v2/b33f60e6a31346798623b642679110d5/share-replicas/detail?share_id=6c88ee81-edb5-42aa-899d-27179df79bd2 0.093s
2026-02-06 07:10:52,427 167949 DEBUG    [tempest.lib.common.rest_client] Request - Headers: {'Content-Type': 'application/json', 'Accept': 'application/json', 'x-openstack-manila-api-version': '2.90', 'X-Auth-Token': '<omitted>'}
        Body: None
    Response - Headers: {'date': 'Fri, 06 Feb 2026 07:10:52 GMT'
    , 'server': 'Apache/2.4.58 (Ubuntu)', 'content-type': 'application/json', 'content-length': '22', 'x-compute-request-id': 'req-189bf75f-ab6a-43ae-95a7-7a3aa1d64d3d', 'x-openstack-manila-api-version': '2.90', 'vary': 'X-OpenStack-Manila-API-Version', 'x-openstack-request-id': 'req-189bf75f-ab6a-43ae-95a7-7a3aa1d64d3d', 'connection': 'close', 'status': '200', 'content-location': 'http://10.132.46.216/share/v2/b33f60e6a31346798623b642679110d5/share-replicas/detail?share_id=6c88ee81-edb5-42aa-899d-27179df79bd2'}
        Body: b'{"share_replicas": []}'
2026-02-06 07:10:52,640 167949 INFO     [tempest.lib.common.rest_client] Request (PublicSharesTest:_run_cleanups): 202 DELETE http://10.132.46.216/share/v2/d62f33465c944bb1b2d9a119e0558b54/shares/6c88ee81-edb5-42aa-899d-27179df79bd2 0.212s
2026-02-06 07:10:52,640 167949 DEBUG    [tempest.lib.common.rest_client] Request - Headers: {'Content-Type': 'application/json', 'Accept': 'application/json', 'x-openstack-manila-api-version': '2.90', 'X-Auth-Token': '<omitted>'}
        Body: None
    Response - Headers: {'date': 'Fri, 06 Feb 2026 07:10:52 GMT', 'server': 'Apache/2.4.58 (Ubuntu)', 'content-length': '0', 'content-type': 'text/html; charset=UTF-8', 'x-compute-request-id': 'req-f00a5c3e-7974-4dd6-bcea-59cf588f8d35', 'x-openstack-manila-api-version': '2.90', 'vary': 'X-OpenStack-Manila-API-Version', 'x-openstack-request-id': 'req-f00a5c3e-7974-4dd6-bcea-59cf588f8d35', 'connection': 'close', 'status': '202', 'content-location': 'http://10.132.46.216/share/v2/d62f33465c944bb1b2d9a119e0558b54/shares/6c88ee81-edb5-42aa-899d-27179df79bd2'}
        Body: b''
2026-02-06 07:10:52,653 167949 INFO     [tempest.lib.common.rest_client] Request (PublicSharesTest:_run_cleanups): 404 GET http://10.132.46.216/share/v2/d62f33465c944bb1b2d9a119e0558b54/shares/6c88ee81-edb5-42aa-899d-27179df79bd2 0.012s
2026-02-06 07:10:52,654 167949 DEBUG    [tempest.lib.common.rest_client] Request - Headers: {'Content-Type': 'application/json', 'Accept': 'application/json', 'x-openstack-manila-api-version': '2.90', 'X-Auth-Token': '<omitted>'}
        Body: None
    Response - Headers: {'date': 'Fri, 06 Feb 2026 07:10:52 GMT', 'server': 'Apache/2.4.58 (Ubuntu)', 'x-openstack-manila-api-version': '2.90', 'vary': 'X-OpenStack-Manila-API-Version', 'content-length': '78', 'content-type': 'application/json', 'x-compute-request-id': 'req-db8e67bf-e66e-4cb8-8325-82df18d9328d', 'x-openstack-request-id': 'req-db8e67bf-e66e-4cb8-8325-82df18d9328d', 'connection': 'close', 'status': '404', 'content-location': 'http://10.132.46.216/share/v2/d62f33465c944bb1b2d9a119e0558b54/shares/6c88ee81-edb5-42aa-899d-27179df79bd2'}
        Body: b'{"itemNotFound": {"code": 404, "message": "The resource could not be found."}}'

{2} manila_tempest_tests.tests.api.test_public_shares.PublicSharesTest.test_update_share_set_is_public [3.543058s] ... FAILED

Captured traceback:
~~~~~~~~~~~~~~~~~~~
    Traceback (most recent call last):

      File "/opt/stack/tempest/manila-tempest-plugin/manila_tempest_tests/tests/api/test_public_shares.py", line 81, in test_update_share_set_is_public
    share = self.create_share(name=share_name,
            ^^^^^^^^^^^^^^^^^^^^^^^^^^^^^^^^^^

      File "/opt/stack/tempest/manila-tempest-plugin/manila_tempest_tests/tests/api/base.py", line 411, in create_share
    result = cls.create_shares([{"args": args, "kwargs": kwargs}])
             ^^^^^^^^^^^^^^^^^^^^^^^^^^^^^^^^^^^^^^^^^^^^^^^^^^^^^

      File "/opt/stack/tempest/manila-tempest-plugin/manila_tempest_tests/tests/api/base.py", line 469, in create_shares
    waiters.wait_for_resource_status(

      File "/opt/stack/tempest/manila-tempest-plugin/manila_tempest_tests/common/waiters.py", line 109, in wait_for_resource_status
    raise resource_exception(resource_id=resource_id)

    manila_tempest_tests.share_exceptions.ShareBuildErrorException: Share f23be4ad-dbb5-4884-a74c-fc8aebd0cbe6 failed to build and is in ERROR status


Captured pythonlogging:
~~~~~~~~~~~~~~~~~~~~~~~
    2026-02-06 07:10:52,839 167949 INFO     [tempest.lib.common.rest_client] Request (PublicSharesTest:test_update_share_set_is_public): 200 POST http://10.132.46.216/share/v2/b33f60e6a31346798623b642679110d5/shares 0.181s
2026-02-06 07:10:52,839 167949 DEBUG    [tempest.lib.common.rest_client] Request - Headers: {'Content-Type': 'application/json', 'Accept': 'application/json', 'x-openstack-manila-api-version': '2.90', 'X-Auth-Token': '<omitted>'}
        Body: {"share": {"share_proto": "nfs", "description": "a share we will update", "snapshot_id": null, "name": "tempest-tempest-share-name-2087332340", "size": 1, "metadata": {}, "is_public": false, "share_type": "06759f01-8205-4083-bca5-8428b75c9e8b"}}
    Response - Headers: {'date': 'Fri, 06 Feb 2026 07:10:52 GMT', 'server': 'Apache/2.4.58 (Ubuntu)', 'content-type': 'application/json', 'content-length': '1344', 'x-compute-request-id': 'req-894fcf10-ca9c-4400-a5ce-ccbb8000e57c', 'x-openstack-manila-api-version': '2.90', 'vary': 'X-OpenStack-Manila-API-Version', 'x-openstack-request-id': 'req-894fcf10-ca9c-4400-a5ce-ccbb8000e57c', 'connection': 'close', 'status': '200', 'content-location': 'http://10.132.46.216/share/v2/b33f60e6a31346798623b642679110d5/shares'}
        Body: b'{"share": {"id": "f23be4ad-dbb5-4884-a74c-fc8aebd0cbe6", "size": 1, "availability_zone": null, "created_at": "2026-02-06T07:10:52.732845", "status": "creating", "name": "tempest-tempest-share-name-2087332340", "description": "a share we will update", "project_id": "b33f60e6a31346798623b642679110d5", "snapshot_id": null, "share_network_id": null, "share_proto": "NFS", "metadata": {}, "share_type": "06759f01-8205-4083-bca5-8428b75c9e8b", "volume_type": "tempest-typeshare-type-240289489", "links": [{"rel": "self", "href": "http://10.132.46.216/share/v2/b33f60e6a31346798623b642679110d5/shares/f23be4ad-dbb5-4884-a74c-fc8aebd0cbe6"}, {"rel": "bookmark", "href": "http://10.132.46.216/share/b33f60e6a31346798623b642679110d5/shares/f23be4ad-dbb5-4884-a74c-fc8aebd0cbe6"}], "is_public": false, "snapshot_support": false, "task_state": null, "share_type_name": "tempest-typeshare-type-240289489", "access_rules_status": "active", "replication_type": null, "has_replicas": false, "user_id": "048d3efa2e0e4942af5ad8170342656e", "create_share_from_snapshot_support": false, "revert_to_snapshot_support": false, "share_group_id": null, "source_share_group_snapshot_member_id": null, "mount_snapshot_support": false, "progress": null, "is_soft_deleted": false, "scheduled_to_be_deleted_at": null, "source_backup_id": null, "encryption_key_ref": null}}'
2026-02-06 07:10:52,869 167949 INFO     [tempest.lib.common.rest_client] Request (PublicSharesTest:test_update_share_set_is_public): 200 GET http://10.132.46.216/share/v2/b33f60e6a31346798623b642679110d5/shares/f23be4ad-dbb5-4884-a74c-fc8aebd0cbe6 0.029s
2026-02-06 07:10:52,869 167949 DEBUG    [tempest.lib.common.rest_client] Request - Headers: {'Content-Type': 'application/json', 'Accept': 'application/json', 'x-openstack-manila-api-version': '2.90', 'X-Auth-Token': '<omitted>'}
        Body: None
    Response - Headers: {'date': 'Fri, 06 Feb 2026 07:10:52 GMT', 'server': 'Apache/2.4.58 (Ubuntu)', 'content-type': 'application/json', 'content-length': '1344', 'x-compute-request-id': 'req-3290616c-0da7-4a3c-8191-76bf9e2f1c42', 'x-openstack-manila-api-version': '2.90', 'vary': 'X-OpenStack-Manila-API-Version', 'x-openstack-request-id': 'req-3290616c-0da7-4a3c-8191-76bf9e2f1c42', 'connection': 'close', 'status': '200', 'content-location': 'http://10.132.46.216/share/v2/b33f60e6a31346798623b642679110d5/shares/f23be4ad-dbb5-4884-a74c-fc8aebd0cbe6'}
        Body: b'{"share": {"id": "f23be4ad-dbb5-4884-a74c-fc8aebd0cbe6", "size": 1, "availability_zone": null, "created_at": "2026-02-06T07:10:52.732845", "status": "creating", "name": "tempest-tempest-share-name-2087332340", "description": "a share we will update", "project_id": "b33f60e6a31346798623b642679110d5", "snapshot_id": null, "share_network_id": null, "share_proto": "NFS", "metadata": {}, "share_type": "06759f01-8205-4083-bca5-8428b
    75c9e8b", "volume_type": "tempest-typeshare-type-240289489", "links": [{"rel": "self", "href": "http://10.132.46.216/share/v2/b33f60e6a31346798623b642679110d5/shares/f23be4ad-dbb5-4884-a74c-fc8aebd0cbe6"}, {"rel": "bookmark", "href": "http://10.132.46.216/share/b33f60e6a31346798623b642679110d5/shares/f23be4ad-dbb5-4884-a74c-fc8aebd0cbe6"}], "is_public": false, "snapshot_support": false, "task_state": null, "share_type_name": "tempest-typeshare-type-240289489", "access_rules_status": "active", "replication_type": null, "has_replicas": false, "user_id": "048d3efa2e0e4942af5ad8170342656e", "create_share_from_snapshot_support": false, "revert_to_snapshot_support": false, "share_group_id": null, "source_share_group_snapshot_member_id": null, "mount_snapshot_support": false, "progress": null, "is_soft_deleted": false, "scheduled_to_be_deleted_at": null, "source_backup_id": null, "encryption_key_ref": null}}'
2026-02-06 07:10:55,912 167949 INFO     [tempest.lib.common.rest_client] Request (PublicSharesTest:test_update_share_set_is_public): 200 GET http://10.132.46.216/share/v2/b33f60e6a31346798623b642679110d5/shares/f23be4ad-dbb5-4884-a74c-fc8aebd0cbe6 0.042s
2026-02-06 07:10:55,913 167949 DEBUG    [tempest.lib.common.rest_client] Request - Headers: {'Content-Type': 'application/json', 'Accept': 'application/json', 'x-openstack-manila-api-version': '2.90', 'X-Auth-Token': '<omitted>'}
        Body: None
    Response - Headers: {'date': 'Fri, 06 Feb 2026 07:10:55 GMT', 'server': 'Apache/2.4.58 (Ubuntu)', 'content-type': 'application/json', 'content-length': '1341', 'x-compute-request-id': 'req-b6048872-cc95-408d-87b7-a5ccd99da51c', 'x-openstack-manila-api-version': '2.90', 'vary': 'X-OpenStack-Manila-API-Version', 'x-openstack-request-id': 'req-b6048872-cc95-408d-87b7-a5ccd99da51c', 'connection': 'close', 'status': '200', 'content-location': 'http://10.132.46.216/share/v2/b33f60e6a31346798623b642679110d5/shares/f23be4ad-dbb5-4884-a74c-fc8aebd0cbe6'}
        Body: b'{"share": {"id": "f23be4ad-dbb5-4884-a74c-fc8aebd0cbe6", "size": 1, "availability_zone": null, "created_at": "2026-02-06T07:10:52.732845", "status": "error", "name": "tempest-tempest-share-name-2087332340", "description": "a share we will update", "project_id": "b33f60e6a31346798623b642679110d5", "snapshot_id": null, "share_network_id": null, "share_proto": "NFS", "metadata": {}, "share_type": "06759f01-8205-4083-bca5-8428b75c9e8b", "volume_type": "tempest-typeshare-type-240289489", "links": [{"rel": "self", "href": "http://10.132.46.216/share/v2/b33f60e6a31346798623b642679110d5/shares/f23be4ad-dbb5-4884-a74c-fc8aebd0cbe6"}, {"rel": "bookmark", "href": "http://10.132.46.216/share/b33f60e6a31346798623b642679110d5/shares/f23be4ad-dbb5-4884-a74c-fc8aebd0cbe6"}], "is_public": false, "snapshot_support": false, "task_state": null, "share_type_name": "tempest-typeshare-type-240289489", "access_rules_status": "active", "replication_type": null, "has_replicas": false, "user_id": "048d3efa2e0e4942af5ad8170342656e", "create_share_from_snapshot_support": false, "revert_to_snapshot_support": false, "share_group_id": null, "source_share_group_snapshot_member_id": null, "mount_snapshot_support": false, "progress": null, "is_soft_deleted": false, "scheduled_to_be_deleted_at": null, "source_backup_id": null, "encryption_key_ref": null}}'
2026-02-06 07:10:55,941 167949 INFO     [tempest.lib.common.rest_client] Request (PublicSharesTest:_run_cleanups): 200 GET http://10.132.46.216/share/v2/b33f60e6a31346798623b642679110d5/share-replicas/detail?share_id=f23be4ad-dbb5-4884-a74c-fc8aebd0cbe6 0.024s
2026-02-06 07:10:55,941 167949 DEBUG    [tempest.lib.common.rest_client] Request - Headers: {'Content-Type': 'application/json', 'Accept': 'application/json', 'x-openstack-manila-api-version': '2.90', 'X-Auth-Token': '<omitted>'}
        Body: None
    Response - Headers: {'date': 'Fri, 06 Feb 2026 07:10:55 GMT', 'server': 'Apache/2.4.58 (Ubuntu)', 'content-type': 'application/json', 'content-length': '22', 'x-compute-request-id': 'req-675c1f22-1982-4395-9295-636435150f6a', 'x-openstack-manila-a
    pi-version': '2.90', 'vary': 'X-OpenStack-Manila-API-Version', 'x-openstack-request-id': 'req-675c1f22-1982-4395-9295-636435150f6a', 'connection': 'close', 'status': '200', 'content-location': 'http://10.132.46.216/share/v2/b33f60e6a31346798623b642679110d5/share-replicas/detail?share_id=f23be4ad-dbb5-4884-a74c-fc8aebd0cbe6'}
        Body: b'{"share_replicas": []}'
2026-02-06 07:10:56,180 167949 INFO     [tempest.lib.common.rest_client] Request (PublicSharesTest:_run_cleanups): 202 DELETE http://10.132.46.216/share/v2/b33f60e6a31346798623b642679110d5/shares/f23be4ad-dbb5-4884-a74c-fc8aebd0cbe6 0.238s
2026-02-06 07:10:56,181 167949 DEBUG    [tempest.lib.common.rest_client] Request - Headers: {'Content-Type': 'application/json', 'Accept': 'application/json', 'x-openstack-manila-api-version': '2.90', 'X-Auth-Token': '<omitted>'}
        Body: None
    Response - Headers: {'date': 'Fri, 06 Feb 2026 07:10:55 GMT', 'server': 'Apache/2.4.58 (Ubuntu)', 'content-length': '0', 'content-type': 'text/html; charset=UTF-8', 'x-compute-request-id': 'req-6e18601f-9141-42cf-b4a3-23f9c6298040', 'x-openstack-manila-api-version': '2.90', 'vary': 'X-OpenStack-Manila-API-Version', 'x-openstack-request-id': 'req-6e18601f-9141-42cf-b4a3-23f9c6298040', 'connection': 'close', 'status': '202', 'content-location': 'http://10.132.46.216/share/v2/b33f60e6a31346798623b642679110d5/shares/f23be4ad-dbb5-4884-a74c-fc8aebd0cbe6'}
        Body: b''
2026-02-06 07:10:56,199 167949 INFO     [tempest.lib.common.rest_client] Request (PublicSharesTest:_run_cleanups): 404 GET http://10.132.46.216/share/v2/b33f60e6a31346798623b642679110d5/shares/f23be4ad-dbb5-4884-a74c-fc8aebd0cbe6 0.017s
2026-02-06 07:10:56,199 167949 DEBUG    [tempest.lib.common.rest_client] Request - Headers: {'Content-Type': 'application/json', 'Accept': 'application/json', 'x-openstack-manila-api-version': '2.90', 'X-Auth-Token': '<omitted>'}
        Body: None
    Response - Headers: {'date': 'Fri, 06 Feb 2026 07:10:56 GMT', 'server': 'Apache/2.4.58 (Ubuntu)', 'x-openstack-manila-api-version': '2.90', 'vary': 'X-OpenStack-Manila-API-Version', 'content-length': '78', 'content-type': 'application/json', 'x-compute-request-id': 'req-f85d0caf-497a-4f28-a182-743b4a5ec4d2', 'x-openstack-request-id': 'req-f85d0caf-497a-4f28-a182-743b4a5ec4d2', 'connection': 'close', 'status': '404', 'content-location': 'http://10.132.46.216/share/v2/b33f60e6a31346798623b642679110d5/shares/f23be4ad-dbb5-4884-a74c-fc8aebd0cbe6'}
        Body: b'{"itemNotFound": {"code": 404, "message": "The resource could not be found."}}'

{0} manila_tempest_tests.tests.api.******.test_user_messages_negative.UserMessageNegativeTest.test_list_messages_with_invalid_time_format [6.552752s] ... ok
{0} manila_tempest_tests.tests.api.******.test_user_messages_negative.UserMessageNegativeTest.test_show_message_of_other_tenants [6.581788s] ... ok
{3} manila_tempest_tests.tests.api.******.test_user_messages.UserMessageTest.test_list_messages_filtered [13.175597s] ... ok
{2} setUpClass (manila_tempest_tests.tests.api.test_public_shares_negative.PublicSharesNegativeTest) [0.000000s] ... FAILED

Captured traceback:
~~~~~~~~~~~~~~~~~~~
    Traceback (most recent call last):

      File "/opt/stack/tempest/tempest/test.py", line 185, in setUpClass
    raise value.with_traceback(trace)

      File "/opt/stack/tempest/tempest/test.py", line 178, in setUpClass
    cls.resource_setup()

      File "/opt/stack/tempest/manila-tempest-plugin/manila_tempest_tests/tests/api/test_public_shares_negative.py", line 30, in resource_setup
    cls.share = cls.create_share(
                ^^^^^^^^^^^^^^^^^

      File "/opt/stack/tempest/manila-tempest-plugin/manila_tempest_tests/tests/api/base.py", line 411, in create_share
    result = cls.create_shares([{"args": args, "kwargs": kwargs}])
             ^^^^^^^^^^^^^^^^^^^^^^^^^^^^^^^^^^^^^^^^^^^^^^^^^^^^^

      File "/opt/stack/tempest/manila-tempest-plugin/manila_tempest_tests/tests/api/base.py", line 469, in create_shares
    waiters.wait_for_resource_status(

      File "/opt/stack/tempest/manila-tempest-plugin/manila_tempest_tests/common/waiters.py", line 109, in wait_for_resource_status
    raise resource_exception(resource_id=resource_id)

    manila_tempest_tests.share_exceptions.ShareBuildErrorException: Share 0d1aae59-2dc1-4915-8fea-9ff2fb0964d5 failed to build and is in ERROR status

{2} manila_tempest_tests.tests.api.test_quotas.SharesQuotasTest.test_default_quotas_1_shares_client [0.093212s] ... ok
{2} manila_tempest_tests.tests.api.test_quotas.SharesQuotasTest.test_default_quotas_2_shares_v2_client [0.012995s] ... ok
{2} manila_tempest_tests.tests.api.test_quotas.SharesQuotasTest.test_quota_detail_2_52_no_share_replica_quotas [0.021367s] ... ok
{2} manila_tempest_tests.tests.api.test_quotas.SharesQuotasTest.test_show_quotas_1_shares_client [0.018367s] ... ok
{2} manila_tempest_tests.tests.api.test_quotas.SharesQuotasTest.test_show_quotas_2_shares_v2_client [0.018869s] ... ok
{2} manila_tempest_tests.tests.api.test_quotas.SharesQuotasTest.test_show_quotas_detail_1___2_25___True_ [0.021290s] ... ok
{2} manila_tempest_tests.tests.api.test_quotas.SharesQuotasTest.test_show_quotas_detail_2___2_25___False_ [0.021076s] ... ok
{2} manila_tempest_tests.tests.api.test_quotas.SharesQuotasTest.test_show_quotas_detail_3___2_53___True_ [0.025685s] ... ok
{2} manila_tempest_tests.tests.api.test_quotas.SharesQuotasTest.test_show_quotas_detail_4___2_53___False_ [0.021133s] ... ok
{2} manila_tempest_tests.tests.api.test_quotas.SharesQuotasTest.test_show_quotas_detail_5___2_90___True_ [0.019461s] ... ok
{2} manila_tempest_tests.tests.api.test_quotas.SharesQuotasTest.test_show_quotas_detail_6___2_90___False_ [0.026800s] ... ok
{2} manila_tempest_tests.tests.api.test_quotas.SharesQuotasTest.test_show_quotas_for_user_1_shares_client [0.017227s] ... ok
{2} manila_tempest_tests.tests.api.test_quotas.SharesQuotasTest.test_show_quotas_for_user_2_shares_v2_client [0.018149s] ... ok
{2} setUpClass (manila_tempest_tests.tests.api.test_replication.ReplicationActionsTest) ... SKIPPED: Replication tests are disabled.
{2} setUpClass (manila_tempest_tests.tests.api.test_replication_snapshots.ReplicationSnapshotTest) ... SKIPPED: Replication tests are disabled.
{0} manila_tempest_tests.tests.api.******.test_user_messages_negative.UserMessageNegativeTest.test_show_nonexistent_message [6.560971s] ... ok
{0} setUpClass (manila_tempest_tests.tests.api.test_replication.ReplicationTest) ... SKIPPED: Replication tests are disabled.
{0} setUpClass (manila_tempest_tests.tests.api.test_replication_negative.ReplicationAPIOnlyNegativeTest) ... SKIPPED: Replication tests are disabled.
{0} manila_tempest_tests.tests.api.test_resource_locks_negative.ResourceLockNegativeTestAPIOnly.test_create_resource_lock_invalid_resource [0.172344s] ... ok
{0} manila_tempest_tests.tests.api.test_resource_locks_negative.ResourceLockNegativeTestAPIOnly.test_delete_resource_lock_invalid [0.018947s] ... ok
{2} setUpClass (manila_tempest_tests.tests.api.test_resource_locks.ResourceLockCRUTest) [0.000000s] ... FAILED

Captured traceback:
~~~~~~~~~~~~~~~~~~~
    Traceback (most recent call last):

      File "/opt/stack/tempest/tempest/test.py", line 185, in setUpClass
    raise value.with_traceback(trace)

      File "/opt/stack/tempest/tempest/test.py", line 178, in setUpClass
    cls.resource_setup()

      File "/opt/stack/tempest/manila-tempest-plugin/manila_tempest_tests/tests/api/test_resource_locks.py", line 58, in resource_setup
    cls.share = cls.create_share(share_type_id=cls.share_type_id)
                ^^^^^^^^^^^^^^^^^^^^^^^^^^^^^^^^^^^^^^^^^^^^^^^^^

      File "/opt/stack/tempest/manila-tempest-plugin/manila_tempest_tests/tests/api/base.py", line 411, in create_share
    result = cls.create_shares([{"args": args, "kwargs": kwargs}])
             ^^^^^^^^^^^^^^^^^^^^^^^^^^^^^^^^^^^^^^^^^^^^^^^^^^^^^

      File "/opt/stack/tempest/manila-tempest-plugin/manila_tempest_tests/tests/api/base.py", line 469, in create_shares
    waiters.wait_for_resource_status(

      File "/opt/stack/tempest/manila-tempest-plugin/manila_tempest_tests/common/waiters.py", line 109, in wait_for_resource_status
    raise resource_exception(resource_id=resource_id)

    manila_tempest_tests.share_exceptions.ShareBuildErrorException: Share 93b49184-c945-4543-9467-7f87ebe6e5ab failed to build and is in ERROR status

{0} setUpClass (manila_tempest_tests.tests.api.test_rules.ShareCertRulesForGLUSTERFSTest) ... SKIPPED: Cert rule tests for glusterfs protocol are disabled
{0} setUpClass (manila_tempest_tests.tests.api.test_rules.ShareIpRulesForCIFSTest) ... SKIPPED: IP rule tests for cifs protocol are disabled
{2} manila_tempest_tests.tests.api.test_resource_locks.ResourceLockDeleteTest.test_delete_lock [3.385012s] ... FAILED

Captured traceback:
~~~~~~~~~~~~~~~~~~~
    Traceback (most recent call last):

      File "/opt/stack/tempest/manila-tempest-plugin/manila_tempest_tests/tests/api/test_resource_locks.py", line 242, in test_delete_lock
    share = self.create_share(share_type_id=self.share_type_id)
            ^^^^^^^^^^^^^^^^^^^^^^^^^^^^^^^^^^^^^^^^^^^^^^^^^^^

      File "/opt/stack/tempest/manila-tempest-plugin/manila_tempest_tests/tests/api/base.py", line 411, in create_share
    result = cls.create_shares([{"args": args, "kwargs": kwargs}])
             ^^^^^^^^^^^^^^^^^^^^^^^^^^^^^^^^^^^^^^^^^^^^^^^^^^^^^

      File "/opt/stack/tempest/manila-tempest-plugin/manila_tempest_tests/tests/api/base.py", line 469, in create_shares
    waiters.wait_for_resource_status(

      File "/opt/stack/tempest/manila-tempest-plugin/manila_tempest_tests/common/waiters.py", line 109, in wait_for_resource_status
    raise resource_exception(resource_id=resource_id)

    manila_tempest_tests.share_exceptions.ShareBuildErrorException: Share 0fe35ffb-7c8f-4af9-880d-34caaaf2d09f failed to build and is in ERROR status


Captured pythonlogging:
~~~~~~~~~~~~~~~~~~~~~~~
    2026-02-06 07:11:18,372 167949 INFO     [tempest.lib.common.rest_client] Request (ResourceLockDeleteTest:test_delete_lock): 200 POST http://10.132.46.216/share/v2/7bb1900797634e6b83dadebea109466f/shares 0.312s
2026-02-06 07:11:18,372 167949 DEBUG    [tempest.lib.common.rest_client] Request - Headers: {'Content-Type': 'application/json', 'Accept': 'application/json', 'x-openstack-manila-api-version': '2.90', 'X-Auth-Token': '<omitted>'}
        Body: {"share": {"share_proto": "nfs", "description": "Tempest's share", "snapshot_id": null, "name": "tempest-tempest-created-share-622481339", "size": 1, "metadata": {}, "is_public": false, "share_type": "9e5b3653-436f-419a-9b45-52f844e4eda9"}}
    Response - Headers: {'date': 'Fri, 06 Feb 2026 07:11:18 GMT', 'server': 'Apache/2.4.58 (Ubuntu)', 'content-type': 'application/json', 'content-length': '1339', 'x-compute-request-id': 'req-779f982a-3921-4158-aff6-58b835ec1148', 'x-openstack-manila-api-version': '2.90', 'vary': 'X-OpenStack-Manila-API-Version', 'x-openstack-request-id': 'req-779f982a-3921-4158-aff6-58b835ec1148', 'connection': 'close', 'status': '200', 'content-location': 'http://10.132.46.216/share/v2/7bb1900797634e6b83dadebea109466f/shares'}
        Body: b'{"share": {"id": "0fe35ffb-7c8f-4af9-880d-34caaaf2d09f", "size": 1, "availability_zone": null, "created_at": "2026-02-06T07:11:18.249832", "status": "creating", "name": "tempest-tempest-created-share-622481339", "description": "Tempest\'s share", "project_id": "7bb1900797634e6b83dadebea109466f", "snapshot_id": null, "share_network_id": null, "share_proto": "NFS", "metadata": {}, "share_type": "9e5b3653-436f-419a-9b45-52f844e4eda9", "volume_type": "tempest-typeshare-type-463725876", "links": [{"rel": "self", "href": "http://10.132.46.216/share/v2/7bb1900797634e6b83dadebea109466f/shares/0fe35ffb-7c8f-4af9-880d-34caaaf2d09f"}, {"rel": "bookmark", "href": "http://10.132.46.216/share/7bb1900797634e6b83dadebea109466f/shares/0fe35ffb-7c8f-4af9-880d-34caaaf2d09f"}], "is_public": false, "snapshot_support": false, "task_state": null, "share_type_name": "tempest-typeshare-type-463725876", "access_rules_status": "active", "replication_type": null, "has_replicas": false, "user_id": "a59b1498623946ea8147b47864b28bf3", "create_share_from_snapshot_support": false, "revert_to_snapshot_support": false, "share_group_id": null, "source_share_group_snapshot_member_id": null, "mount_snapshot_support": false, "progress": null, "is_soft_deleted": false, "scheduled_to_be_deleted_at": null, "source_backup_id": null, "encryption_key_ref": null}}'
2026-02-06 07:11:18,400 167949 INFO     [tempest.lib.common.rest_client] Request (ResourceLockDeleteTest:test_delete_lock): 200 GET http://10.132.46.216/share/v2/7bb1900797634e6b83dadebea109466f/shares/0fe35ffb-7c8f-4af9-880d-34caaaf2d09f 0.027s
2026-02-06 07:11:18,401 167949 DEBUG    [tempest.lib.common.rest_client] Request - Headers: {'Content-Type': 'application/json', 'Accept': 'application/json', 'x-openstack-manila-api-version': '2.90', 'X-Auth-Token': '<omitted>'}
        Body: None
    Response - Headers: {'date': 'Fri, 06 Feb 2026 07:11:18 GMT', 'server': 'Apache/2.4.58 (Ubuntu)', 'content-type': 'application/json', 'content-length': '1339', 'x-compute-request-id': 'req-d61df6c8-3f02-4c78-8788-0bf68562344c', 'x-openstack-manila-api-version': '2.90', 'vary': 'X-OpenStack-Manila-API-Version', 'x-openstack-request-id': 'req-d61df6c8-3f02-4c78-8788-0bf68562344c', 'connection': 'close', 'status': '200', 'content-location': 'http://10.132.46.216/share/v2/7bb1900797634e6b83dadebea109466f/shares/0fe35ffb-7c8f-4af9-880d-34caaaf2d09f'}
        Body: b'{"share": {"id": "0fe35ffb-7c8f-4af9-880d-34caaaf2d09f", "size": 1, "availability_zone": null, "created_at": "2026-02-06T07:11:18.249832", "status": "creating", "name": "tempest-tempest-created-share-622481339", "description": "Tempest\'s share", "project_id": "7bb1900797634e6b83dadebea109466f", "snapshot_id": null, "share_network_id": null, "share_proto": "NFS", "metadata": {}, "share_type": "9e5b3653-436f-419a-9b45-52f844e4eda9", "volume_type": "tempe
    st-typeshare-type-463725876", "links": [{"rel": "self", "href": "http://10.132.46.216/share/v2/7bb1900797634e6b83dadebea109466f/shares/0fe35ffb-7c8f-4af9-880d-34caaaf2d09f"}, {"rel": "bookmark", "href": "http://10.132.46.216/share/7bb1900797634e6b83dadebea109466f/shares/0fe35ffb-7c8f-4af9-880d-34caaaf2d09f"}], "is_public": false, "snapshot_support": false, "task_state": null, "share_type_name": "tempest-typeshare-type-463725876", "access_rules_status": "active", "replication_type": null, "has_replicas": false, "user_id": "a59b1498623946ea8147b47864b28bf3", "create_share_from_snapshot_support": false, "revert_to_snapshot_support": false, "share_group_id": null, "source_share_group_snapshot_member_id": null, "mount_snapshot_support": false, "progress": null, "is_soft_deleted": false, "scheduled_to_be_deleted_at": null, "source_backup_id": null, "encryption_key_ref": null}}'
2026-02-06 07:11:21,441 167949 INFO     [tempest.lib.common.rest_client] Request (ResourceLockDeleteTest:test_delete_lock): 200 GET http://10.132.46.216/share/v2/7bb1900797634e6b83dadebea109466f/shares/0fe35ffb-7c8f-4af9-880d-34caaaf2d09f 0.039s
2026-02-06 07:11:21,442 167949 DEBUG    [tempest.lib.common.rest_client] Request - Headers: {'Content-Type': 'application/json', 'Accept': 'application/json', 'x-openstack-manila-api-version': '2.90', 'X-Auth-Token': '<omitted>'}
        Body: None
    Response - Headers: {'date': 'Fri, 06 Feb 2026 07:11:21 GMT', 'server': 'Apache/2.4.58 (Ubuntu)', 'content-type': 'application/json', 'content-length': '1336', 'x-compute-request-id': 'req-bd859dec-09ae-4169-89a2-c726ef21bb00', 'x-openstack-manila-api-version': '2.90', 'vary': 'X-OpenStack-Manila-API-Version', 'x-openstack-request-id': 'req-bd859dec-09ae-4169-89a2-c726ef21bb00', 'connection': 'close', 'status': '200', 'content-location': 'http://10.132.46.216/share/v2/7bb1900797634e6b83dadebea109466f/shares/0fe35ffb-7c8f-4af9-880d-34caaaf2d09f'}
        Body: b'{"share": {"id": "0fe35ffb-7c8f-4af9-880d-34caaaf2d09f", "size": 1, "availability_zone": null, "created_at": "2026-02-06T07:11:18.249832", "status": "error", "name": "tempest-tempest-created-share-622481339", "description": "Tempest\'s share", "project_id": "7bb1900797634e6b83dadebea109466f", "snapshot_id": null, "share_network_id": null, "share_proto": "NFS", "metadata": {}, "share_type": "9e5b3653-436f-419a-9b45-52f844e4eda9", "volume_type": "tempest-typeshare-type-463725876", "links": [{"rel": "self", "href": "http://10.132.46.216/share/v2/7bb1900797634e6b83dadebea109466f/shares/0fe35ffb-7c8f-4af9-880d-34caaaf2d09f"}, {"rel": "bookmark", "href": "http://10.132.46.216/share/7bb1900797634e6b83dadebea109466f/shares/0fe35ffb-7c8f-4af9-880d-34caaaf2d09f"}], "is_public": false, "snapshot_support": false, "task_state": null, "share_type_name": "tempest-typeshare-type-463725876", "access_rules_status": "active", "replication_type": null, "has_replicas": false, "user_id": "a59b1498623946ea8147b47864b28bf3", "create_share_from_snapshot_support": false, "revert_to_snapshot_support": false, "share_group_id": null, "source_share_group_snapshot_member_id": null, "mount_snapshot_support": false, "progress": null, "is_soft_deleted": false, "scheduled_to_be_deleted_at": null, "source_backup_id": null, "encryption_key_ref": null}}'

{2} manila_tempest_tests.tests.api.test_resource_locks.ResourceLockDeleteTest.test_delete_locked_resource [3.262938s] ... FAILED

Captured traceback:
~~~~~~~~~~~~~~~~~~~
    Traceback (most recent call last):

      File "/opt/stack/tempest/manila-tempest-plugin/manila_tempest_tests/tests/api/test_resource_locks.py", line 260, in test_delete_locked_resource
    share = self.create_share(share_type_id=self.share_type_id)
            ^^^^^^^^^^^^^^^^^^^^^^^^^^^^^^^^^^^^^^^^^^^^^^^^^^^

      File "/opt/stack/tempest/manila-tempest-plugin/manila_tempest_tests/tests/api/base.py", line 411, in create_share
    result = cls.create_shares([{"args": args, "kwargs": kwargs}])
             ^^^^^^^^^^^^^^^^^^^^^^^^^^^^^^^^^^^^^^^^^^^^^^^^^^^^^

      File "/opt/stack/tempest/manila-tempest-plugin/manila_tempest_tests/tests/api/base.py", line 469, in create_shares
    waiters.wait_for_resource_status(

      File "/opt/stack/tempest/manila-tempest-plugin/manila_tempest_tests/common/waiters.py", line 109, in wait_for_resource_status
    raise resource_exception(resource_id=resource_id)

    manila_tempest_tests.share_exceptions.ShareBuildErrorException: Share df0b8954-ffa4-49e5-af7f-39cfbe31e4bc failed to build and is in ERROR status


Captured pythonlogging:
~~~~~~~~~~~~~~~~~~~~~~~
    2026-02-06 07:11:21,634 167949 INFO     [tempest.lib.common.rest_client] Request (ResourceLockDeleteTest:test_delete_locked_resource): 200 POST http://10.132.46.216/share/v2/7bb1900797634e6b83dadebea109466f/shares 0.187s
2026-02-06 07:11:21,635 167949 DEBUG    [tempest.lib.common.rest_client] Request - Headers: {'Content-Type': 'application/json', 'Accept': 'application/json', 'x-openstack-manila-api-version': '2.90', 'X-Auth-Token': '<omitted>'}
        Body: {"share": {"share_proto": "nfs", "description": "Tempest's share", "snapshot_id": null, "name": "tempest-tempest-created-share-119044693", "size": 1, "metadata": {}, "is_public": false, "share_type": "9e5b3653-436f-419a-9b45-52f844e4eda9"}}
    Response - Headers: {'date': 'Fri, 06 Feb 2026 07:11:21 GMT', 'server': 'Apache/2.4.58 (Ubuntu)', 'content-type': 'application/json', 'content-length': '1339', 'x-compute-request-id': 'req-ab66e944-d37f-4557-bda6-8c5a90e97f56', 'x-openstack-manila-api-version': '2.90', 'vary': 'X-OpenStack-Manila-API-Version', 'x-openstack-request-id': 'req-ab66e944-d37f-4557-bda6-8c5a90e97f56', 'connection': 'close', 'status': '200', 'content-location': 'http://10.132.46.216/share/v2/7bb1900797634e6b83dadebea109466f/shares'}
        Body: b'{"share": {"id": "df0b8954-ffa4-49e5-af7f-39cfbe31e4bc", "size": 1, "availability_zone": null, "created_at": "2026-02-06T07:11:21.512842", "status": "creating", "name": "tempest-tempest-created-share-119044693", "description": "Tempest\'s share", "project_id": "7bb1900797634e6b83dadebea109466f", "snapshot_id": null, "share_network_id": null, "share_proto": "NFS", "metadata": {}, "share_type": "9e5b3653-436f-419a-9b45-52f844e4eda9", "volume_type": "tempest-typeshare-type-463725876", "links": [{"rel": "self", "href": "http://10.132.46.216/share/v2/7bb1900797634e6b83dadebea109466f/shares/df0b8954-ffa4-49e5-af7f-39cfbe31e4bc"}, {"rel": "bookmark", "href": "http://10.132.46.216/share/7bb1900797634e6b83dadebea109466f/shares/df0b8954-ffa4-49e5-af7f-39cfbe31e4bc"}], "is_public": false, "snapshot_support": false, "task_state": null, "share_type_name": "tempest-typeshare-type-463725876", "access_rules_status": "active", "replication_type": null, "has_replicas": false, "user_id": "a59b1498623946ea8147b47864b28bf3", "create_share_from_snapshot_support": false, "revert_to_snapshot_support": false, "share_group_id": null, "source_share_group_snapshot_member_id": null, "mount_snapshot_support": false, "progress": null, "is_soft_deleted": false, "scheduled_to_be_deleted_at": null, "source_backup_id": null, "encryption_key_ref": null}}'
2026-02-06 07:11:21,674 167949 INFO     [tempest.lib.common.rest_client] Request (ResourceLockDeleteTest:test_delete_locked_resource): 200 GET http://10.132.46.216/share/v2/7bb1900797634e6b83dadebea109466f/shares/df0b8954-ffa4-49e5-af7f-39cfbe31e4bc 0.038s
2026-02-06 07:11:21,674 167949 DEBUG    [tempest.lib.common.rest_client] Request - Headers: {'Content-Type': 'application/json', 'Accept': 'application/json', 'x-openstack-manila-api-version': '2.90', 'X-Auth-Token': '<omitted>'}
        Body: None
    Response - Headers: {'date': 'Fri, 06 Feb 2026 07:11:21 GMT', 'server': 'Apache/2.4.58 (Ubuntu)', 'content-type': 'application/json', 'content-length': '1339', 'x-compute-request-id': 'req-ca73a9ed-3279-4321-bc57-97f1a25f2da2', 'x-openstack-manila-api-version': '2.90', 'vary': 'X-OpenStack-Manila-API-Version', 'x-openstack-request-id': 'req-ca73a9ed-3279-4321-bc57-97f1a25f2da2', 'connection': 'close', 'status': '200', 'content-location': 'http://10.132.46.216/share/v2/7bb1900797634e6b83dadebea109466f/shares/df0b8954-ffa4-49e5-af7f-39cfbe31e4bc'}
        Body: b'{"share": {"id": "df0b8954-ffa4-49e5-af7f-39cfbe31e4bc", "size": 1, "availability_zone": null, "created_at": "2026-02-06T07:11:21.512842", "status": "creating", "name": "tempest-tempest-created-share-119044693", "description": "Tempest\'s share", "project_id": "7bb1900797634e6b83dadebea109466f", "snapshot_id": null, "share_network_id": null, "share_proto": "NFS", "metadata": {}, "share_type": "9e5b3653-436f-419a-9b45-52f844e4eda9",
     "volume_type": "tempest-typeshare-type-463725876", "links": [{"rel": "self", "href": "http://10.132.46.216/share/v2/7bb1900797634e6b83dadebea109466f/shares/df0b8954-ffa4-49e5-af7f-39cfbe31e4bc"}, {"rel": "bookmark", "href": "http://10.132.46.216/share/7bb1900797634e6b83dadebea109466f/shares/df0b8954-ffa4-49e5-af7f-39cfbe31e4bc"}], "is_public": false, "snapshot_support": false, "task_state": null, "share_type_name": "tempest-typeshare-type-463725876", "access_rules_status": "active", "replication_type": null, "has_replicas": false, "user_id": "a59b1498623946ea8147b47864b28bf3", "create_share_from_snapshot_support": false, "revert_to_snapshot_support": false, "share_group_id": null, "source_share_group_snapshot_member_id": null, "mount_snapshot_support": false, "progress": null, "is_soft_deleted": false, "scheduled_to_be_deleted_at": null, "source_backup_id": null, "encryption_key_ref": null}}'
2026-02-06 07:11:24,707 167949 INFO     [tempest.lib.common.rest_client] Request (ResourceLockDeleteTest:test_delete_locked_resource): 200 GET http://10.132.46.216/share/v2/7bb1900797634e6b83dadebea109466f/shares/df0b8954-ffa4-49e5-af7f-39cfbe31e4bc 0.031s
2026-02-06 07:11:24,707 167949 DEBUG    [tempest.lib.common.rest_client] Request - Headers: {'Content-Type': 'application/json', 'Accept': 'application/json', 'x-openstack-manila-api-version': '2.90', 'X-Auth-Token': '<omitted>'}
        Body: None
    Response - Headers: {'date': 'Fri, 06 Feb 2026 07:11:24 GMT', 'server': 'Apache/2.4.58 (Ubuntu)', 'content-type': 'application/json', 'content-length': '1336', 'x-compute-request-id': 'req-e1c03d9f-2438-4d64-8de7-836c8780de65', 'x-openstack-manila-api-version': '2.90', 'vary': 'X-OpenStack-Manila-API-Version', 'x-openstack-request-id': 'req-e1c03d9f-2438-4d64-8de7-836c8780de65', 'connection': 'close', 'status': '200', 'content-location': 'http://10.132.46.216/share/v2/7bb1900797634e6b83dadebea109466f/shares/df0b8954-ffa4-49e5-af7f-39cfbe31e4bc'}
        Body: b'{"share": {"id": "df0b8954-ffa4-49e5-af7f-39cfbe31e4bc", "size": 1, "availability_zone": null, "created_at": "2026-02-06T07:11:21.512842", "status": "error", "name": "tempest-tempest-created-share-119044693", "description": "Tempest\'s share", "project_id": "7bb1900797634e6b83dadebea109466f", "snapshot_id": null, "share_network_id": null, "share_proto": "NFS", "metadata": {}, "share_type": "9e5b3653-436f-419a-9b45-52f844e4eda9", "volume_type": "tempest-typeshare-type-463725876", "links": [{"rel": "self", "href": "http://10.132.46.216/share/v2/7bb1900797634e6b83dadebea109466f/shares/df0b8954-ffa4-49e5-af7f-39cfbe31e4bc"}, {"rel": "bookmark", "href": "http://10.132.46.216/share/7bb1900797634e6b83dadebea109466f/shares/df0b8954-ffa4-49e5-af7f-39cfbe31e4bc"}], "is_public": false, "snapshot_support": false, "task_state": null, "share_type_name": "tempest-typeshare-type-463725876", "access_rules_status": "active", "replication_type": null, "has_replicas": false, "user_id": "a59b1498623946ea8147b47864b28bf3", "create_share_from_snapshot_support": false, "revert_to_snapshot_support": false, "share_group_id": null, "source_share_group_snapshot_member_id": null, "mount_snapshot_support": false, "progress": null, "is_soft_deleted": false, "scheduled_to_be_deleted_at": null, "source_backup_id": null, "encryption_key_ref": null}}'

{0} setUpClass (manila_tempest_tests.tests.api.test_rules.ShareRulesTest) [0.000000s] ... FAILED

Captured traceback:
~~~~~~~~~~~~~~~~~~~
    Traceback (most recent call last):

      File "/opt/stack/tempest/tempest/test.py", line 185, in setUpClass
    raise value.with_traceback(trace)

      File "/opt/stack/tempest/tempest/test.py", line 178, in setUpClass
    cls.resource_setup()

      File "/opt/stack/tempest/manila-tempest-plugin/manila_tempest_tests/tests/api/test_rules.py", line 476, in resource_setup
    cls.share = cls.create_share(share_type_id=cls.share_type_id)
                ^^^^^^^^^^^^^^^^^^^^^^^^^^^^^^^^^^^^^^^^^^^^^^^^^

      File "/opt/stack/tempest/manila-tempest-plugin/manila_tempest_tests/tests/api/base.py", line 411, in create_share
    result = cls.create_shares([{"args": args, "kwargs": kwargs}])
             ^^^^^^^^^^^^^^^^^^^^^^^^^^^^^^^^^^^^^^^^^^^^^^^^^^^^^

      File "/opt/stack/tempest/manila-tempest-plugin/manila_tempest_tests/tests/api/base.py", line 469, in create_shares
    waiters.wait_for_resource_status(

      File "/opt/stack/tempest/manila-tempest-plugin/manila_tempest_tests/common/waiters.py", line 109, in wait_for_resource_status
    raise resource_exception(resource_id=resource_id)

    manila_tempest_tests.share_exceptions.ShareBuildErrorException: Share ca6b44eb-614c-4a73-97ed-5260154c43c1 failed to build and is in ERROR status

{0} setUpClass (manila_tempest_tests.tests.api.test_rules.ShareUserRulesForCIFSTest) ... SKIPPED: USER rule tests for cifs protocol are disabled
{0} setUpClass (manila_tempest_tests.tests.api.test_rules.ShareUserRulesForNFSTest) ... SKIPPED: USER rule tests for nfs protocol are disabled
{3} manila_tempest_tests.tests.api.******.test_user_messages.UserMessageTest.test_list_messages_sorted_and_paginated [19.696753s] ... ok
{0} setUpClass (manila_tempest_tests.tests.api.test_rules_negative.ShareCephxRulesForCephFSNegativeTest) ... SKIPPED: CEPHX rule tests for cephfs protocol are disabled
{0} manila_tempest_tests.tests.api.test_rules_negative.ShareRulesAPIOnlyNegativeTest.test_create_access_rule_ip_with_wrong_share_id_1_shares_client [0.056195s] ... ok
{0} manila_tempest_tests.tests.api.test_rules_negative.ShareRulesAPIOnlyNegativeTest.test_create_access_rule_ip_with_wrong_share_id_2_shares_v2_client [0.022453s] ... ok
{0} setUpClass (manila_tempest_tests.tests.api.test_rules_negative.ShareUserRulesForCIFSNegativeTest) ... SKIPPED: USER rule tests for cifs protocol are disabled
{0} setUpClass (manila_tempest_tests.tests.api.test_scheduler_hints_negative.SharesSchedulerHintsNegativeTest) ... SKIPPED: Manila multi-backend is disabled.
{0} manila_tempest_tests.tests.api.test_scheduler_stats_negative.SchedulerStatsNegativeTest.test_try_list_pools_detailed_with_user [0.155090s] ... ok
{0} manila_tempest_tests.tests.api.test_scheduler_stats_negative.SchedulerStatsNegativeTest.test_try_list_pools_with_user [0.010640s] ... ok
{2} setUpClass (manila_tempest_tests.tests.api.test_resource_locks_negative.ResourceLockNegativeTestWithShares) [0.000000s] ... FAILED

Captured traceback:
~~~~~~~~~~~~~~~~~~~
    Traceback (most recent call last):

      File "/opt/stack/tempest/tempest/test.py", line 185, in setUpClass
    raise value.with_traceback(trace)

      File "/opt/stack/tempest/tempest/test.py", line 178, in setUpClass
    cls.resource_setup()

      File "/opt/stack/tempest/manila-tempest-plugin/manila_tempest_tests/tests/api/test_resource_locks_negative.py", line 62, in resource_setup
    cls.share = cls.create_share(share_type_id=share_type['id'])
                ^^^^^^^^^^^^^^^^^^^^^^^^^^^^^^^^^^^^^^^^^^^^^^^^

      File "/opt/stack/tempest/manila-tempest-plugin/manila_tempest_tests/tests/api/base.py", line 411, in create_share
    result = cls.create_shares([{"args": args, "kwargs": kwargs}])
             ^^^^^^^^^^^^^^^^^^^^^^^^^^^^^^^^^^^^^^^^^^^^^^^^^^^^^

      File "/opt/stack/tempest/manila-tempest-plugin/manila_tempest_tests/tests/api/base.py", line 469, in create_shares
    waiters.wait_for_resource_status(

      File "/opt/stack/tempest/manila-tempest-plugin/manila_tempest_tests/common/waiters.py", line 109, in wait_for_resource_status
    raise resource_exception(resource_id=resource_id)

    manila_tempest_tests.share_exceptions.ShareBuildErrorException: Share 2178daf9-15bf-4a2e-b06f-9c369ebff338 failed to build and is in ERROR status

{2} setUpClass (manila_tempest_tests.tests.api.test_revert_to_snapshot_negative.RevertToSnapshotNegativeTest) ... SKIPPED: Revert to snapshot tests are disabled.
{2} setUpClass (manila_tempest_tests.tests.api.test_rules.ShareCephxRulesForCephFSTest) ... SKIPPED: Cephx rule tests for cephfs protocol are disabled.
{0} manila_tempest_tests.tests.api.test_security_services.SecurityServicesTest.test_create_delete_security_service [0.359729s] ... ok
{3} manila_tempest_tests.tests.api.******.test_user_messages.UserMessageTest.test_list_messages_with_since_and_before_filters [13.177002s] ... ok
{0} manila_tempest_tests.tests.api.test_security_services.SecurityServicesTest.test_get_security_service_1_1_0 ... SKIPPED: Skipped. Test requires microversion '1.0'.
{0} manila_tempest_tests.tests.api.test_security_services.SecurityServicesTest.test_get_security_service_2_2_43 [0.161431s] ... ok
{0} manila_tempest_tests.tests.api.test_security_services.SecurityServicesTest.test_get_security_service_3_2_44 [0.171807s] ... ok
{0} manila_tempest_tests.tests.api.test_security_services.SecurityServicesTest.test_get_security_service_4_2_90 [0.172802s] ... ok
{0} manila_tempest_tests.tests.api.test_security_services.SecurityServicesTest.test_list_security_services [0.122925s] ... ok
{0} manila_tempest_tests.tests.api.test_security_services.SecurityServicesTest.test_list_security_services_detailed_filter_by_ss_attributes [0.152465s] ... ok
{0} manila_tempest_tests.tests.api.test_security_services.SecurityServicesTest.test_list_security_services_filter_by_invalid_opt [0.141943s] ... ok
{0} manila_tempest_tests.tests.api.test_security_services.SecurityServicesTest.test_list_security_services_filter_by_share_network ... SKIPPED: Only for multitenancy.
{0} manila_tempest_tests.tests.api.test_security_services.SecurityServicesTest.test_list_security_services_with_detail_1_1_0 ... SKIPPED: Skipped. Test requires microversion '1.0'.
{0} manila_tempest_tests.tests.api.test_security_services.SecurityServicesTest.test_list_security_services_with_detail_2_2_42 [0.135751s] ... ok
{0} manila_tempest_tests.tests.api.test_security_services.SecurityServicesTest.test_list_security_services_with_detail_3_2_44 [0.148034s] ... ok
{0} manila_tempest_tests.tests.api.test_security_services.SecurityServicesTest.test_list_security_services_with_detail_4_2_90 [0.120692s] ... ok
{0} manila_tempest_tests.tests.api.test_security_services.SecurityServicesTest.test_try_list_security_services_all_tenants_ignored [0.241189s] ... ok
{0} manila_tempest_tests.tests.api.test_security_services.SecurityServicesTest.test_try_update_valid_keys_sh_server_exists ... SKIPPED: Only for multitenancy.
{0} manila_tempest_tests.tests.api.test_security_services.SecurityServicesTest.test_update_security_service [0.247826s] ... ok
{2} setUpClass (manila_tempest_tests.tests.api.test_rules_negative.ShareRulesNegativeTest) [0.000000s] ... FAILED

Captured traceback:
~~~~~~~~~~~~~~~~~~~
    Traceback (most recent call last):

      File "/opt/stack/tempest/tempest/test.py", line 185, in setUpClass
    raise value.with_traceback(trace)

      File "/opt/stack/tempest/tempest/test.py", line 178, in setUpClass
    cls.resource_setup()

      File "/opt/stack/tempest/manila-tempest-plugin/manila_tempest_tests/tests/api/test_rules_negative.py", line 612, in resource_setup
    cls.share = cls.create_share(share_type_id=cls.share_type_id)
                ^^^^^^^^^^^^^^^^^^^^^^^^^^^^^^^^^^^^^^^^^^^^^^^^^

      File "/opt/stack/tempest/manila-tempest-plugin/manila_tempest_tests/tests/api/base.py", line 411, in create_share
    result = cls.create_shares([{"args": args, "kwargs": kwargs}])
             ^^^^^^^^^^^^^^^^^^^^^^^^^^^^^^^^^^^^^^^^^^^^^^^^^^^^^

      File "/opt/stack/tempest/manila-tempest-plugin/manila_tempest_tests/tests/api/base.py", line 469, in create_shares
    waiters.wait_for_resource_status(

      File "/opt/stack/tempest/manila-tempest-plugin/manila_tempest_tests/common/waiters.py", line 109, in wait_for_resource_status
    raise resource_exception(resource_id=resource_id)

    manila_tempest_tests.share_exceptions.ShareBuildErrorException: Share 0c0d3014-50c0-491e-bdbb-7ce8b2eede48 failed to build and is in ERROR status

{3} manila_tempest_tests.tests.api.******.test_user_messages.UserMessageTest.test_show_message [6.647988s] ... FAILED

Captured traceback:
~~~~~~~~~~~~~~~~~~~
    Traceback (most recent call last):

      File "/opt/stack/tempest/manila-tempest-plugin/manila_tempest_tests/tests/api/******/test_user_messages.py", line 102, in test_show_message
    self.assertEqual('001', message['action_id'])

      File "/usr/lib/python3/dist-packages/testtools/testcase.py", line 395, in assertEqual
    self.assertThat(observed, matcher, message)

      File "/usr/lib/python3/dist-packages/testtools/testcase.py", line 482, in assertThat
    raise mismatch_error

    testtools.matchers._impl.MismatchError: '001' != '002'


Captured pythonlogging:
~~~~~~~~~~~~~~~~~~~~~~~
    2026-02-06 07:11:38,600 167951 INFO     [tempest.lib.common.rest_client] Request (UserMessageTest:setUp): 200 POST http://10.132.46.216/share/v2/31cee69ef02040faa2328214f2a171b7/types 0.019s
2026-02-06 07:11:38,600 167951 DEBUG    [tempest.lib.common.rest_client] Request - Headers: {'Content-Type': 'application/json', 'Accept': 'application/json', 'x-openstack-manila-api-version': '2.90', 'X-Auth-Token': '<omitted>'}
        Body: {"share_type": {"name": "tempest-share-type-518006861", "extra_specs": {"driver_handles_share_servers": false, "vendor_name": "foobar"}, "share_type_access:is_public": true}}
    Response - Headers: {'date': 'Fri, 06 Feb 2026 07:11:38 GMT', 'server': 'Apache/2.4.58 (Ubuntu)', 'content-type': 'application/json', 'content-length': '659', 'x-compute-request-id': 'req-09bf9b75-9384-41ff-a85c-62891a0a7b07', 'x-openstack-manila-api-version': '2.90', 'vary': 'X-OpenStack-Manila-API-Version', 'x-openstack-request-id': 'req-09bf9b75-9384-41ff-a85c-62891a0a7b07', 'connection': 'close', 'status': '200', 'content-location': 'http://10.132.46.216/share/v2/31cee69ef02040faa2328214f2a171b7/types'}
        Body: b'{"volume_type": {"id": "b3d26e52-897c-4381-9a9b-51f55e9853fd", "name": "tempest-share-type-518006861", "extra_specs": {"driver_handles_share_servers": "False", "vendor_name": "foobar"}, "required_extra_specs": {"driver_handles_share_servers": false}, "share_type_access:is_public": true, "description": null, "is_default": false}, "share_type": {"id": "b3d26e52-897c-4381-9a9b-51f55e9853fd", "name": "tempest-share-type-518006861", "extra_specs": {"driver_handles_share_servers": "False", "vendor_name": "foobar"}, "required_extra_specs": {"driver_handles_share_servers": false}, "share_type_access:is_public": true, "description": null, "is_default": false}}'
2026-02-06 07:11:38,790 167951 INFO     [tempest.lib.common.rest_client] Request (UserMessageTest:setUp): 200 POST http://10.132.46.216/share/v2/31cee69ef02040faa2328214f2a171b7/shares 0.190s
2026-02-06 07:11:38,792 167951 DEBUG    [tempest.lib.common.rest_client] Request - Headers: {'Content-Type': 'application/json', 'Accept': 'application/json', 'x-openstack-manila-api-version': '2.90', 'X-Auth-Token': '<omitted>'}
        Body: {"share": {"share_proto": "nfs", "description": "tempest-tempest-created-share-desc-1571472010", "snapshot_id": null, "name": "tempest-tempest-created-share-1282144771", "size": 1, "metadata": {}, "is_public": false, "share_type": "b3d26e52-897c-4381-9a9b-51f55e9853fd"}}
    Response - Headers: {'date': 'Fri, 06 Feb 2026 07:11:38 GMT', 'server': 'Apache/2.4.58 (Ubuntu)', 'content-type': 'application/json', 'content-length': '1399', 'x-compute-request-id': 'req-59dff38a-d03c-48a5-baac-cd37779df4f8', 'x-openstack-manila-api-version': '2.90', 'vary': 'X-OpenStack-Manila-API-Version', 'x-openstack-request-id': 'req-59dff38a-d03c-48a5-baac-cd37779df4f8', 'connection': 'close', 'status': '200', 'content-location': 'http://10.132.46.216/share/v2/31cee69ef02040faa2328214f2a171b7/shares'}
        Body: b'{"share": {"id": "9f7d67cd-df25-443f-b6f3-9535ff9a850a", "size": 1, "availability_zone": null, "created_at": "2026-02-06T07:11:38.674042", "status": "creating", "name": "tempest-tempest-created-share-1282144771", "description": "tempest-tempest-created-share-desc-1571472010", "project_id": "31cee69ef02040faa2328214f2a171b7", "snapshot_id": null, "share_network_id": null, "share_proto": "NFS", "metadata": {}, "share_type": "b3d26e52-897c-4381-9a9b-51f55e9853fd", "volume_type": "tempest-share-type-518006861", "links": [{"rel": "self", "href": "http://10.132.46.216/share/v2/31cee69ef02040faa2328214f2a171b7/shares/9f7d67cd-df25-443f-b6f3-9535ff9a850a"}, {"rel": "bookmark", "href": "http://10.132.46.216/share/31cee69ef02040faa2328214f2a171b7/shares/9f7d67cd-df25-443f-b6f3-9535ff9a850a"}], "is_public": false, "snapshot_support": false, "task_state": null, "share_type_name": "tempest-share-type-518006861", "access_rules_status": "active", "replication_type": null, "has_replicas": false, "user_id": "c82c966e6cb649c89c1a5fa189fbe97e", "create
    _share_from_snapshot_support": false, "revert_to_snapshot_support": false, "share_group_id": null, "source_share_group_snapshot_member_id": null, "mount_snapshot_support": false, "progress": null, "is_soft_deleted": false, "scheduled_to_be_deleted_at": null, "source_backup_id": null, "encryption_key_ref": null, "share_server_id": null, "host": ""}}'
2026-02-06 07:11:38,826 167951 INFO     [tempest.lib.common.rest_client] Request (UserMessageTest:setUp): 200 GET http://10.132.46.216/share/v2/31cee69ef02040faa2328214f2a171b7/shares/9f7d67cd-df25-443f-b6f3-9535ff9a850a 0.033s
2026-02-06 07:11:38,826 167951 DEBUG    [tempest.lib.common.rest_client] Request - Headers: {'Content-Type': 'application/json', 'Accept': 'application/json', 'x-openstack-manila-api-version': '2.90', 'X-Auth-Token': '<omitted>'}
        Body: None
    Response - Headers: {'date': 'Fri, 06 Feb 2026 07:11:38 GMT', 'server': 'Apache/2.4.58 (Ubuntu)', 'content-type': 'application/json', 'content-length': '1399', 'x-compute-request-id': 'req-886e6c62-bc90-4b13-9925-a2ef49166ee2', 'x-openstack-manila-api-version': '2.90', 'vary': 'X-OpenStack-Manila-API-Version', 'x-openstack-request-id': 'req-886e6c62-bc90-4b13-9925-a2ef49166ee2', 'connection': 'close', 'status': '200', 'content-location': 'http://10.132.46.216/share/v2/31cee69ef02040faa2328214f2a171b7/shares/9f7d67cd-df25-443f-b6f3-9535ff9a850a'}
        Body: b'{"share": {"id": "9f7d67cd-df25-443f-b6f3-9535ff9a850a", "size": 1, "availability_zone": null, "created_at": "2026-02-06T07:11:38.674042", "status": "creating", "name": "tempest-tempest-created-share-1282144771", "description": "tempest-tempest-created-share-desc-1571472010", "project_id": "31cee69ef02040faa2328214f2a171b7", "snapshot_id": null, "share_network_id": null, "share_proto": "NFS", "metadata": {}, "share_type": "b3d26e52-897c-4381-9a9b-51f55e9853fd", "volume_type": "tempest-share-type-518006861", "links": [{"rel": "self", "href": "http://10.132.46.216/share/v2/31cee69ef02040faa2328214f2a171b7/shares/9f7d67cd-df25-443f-b6f3-9535ff9a850a"}, {"rel": "bookmark", "href": "http://10.132.46.216/share/31cee69ef02040faa2328214f2a171b7/shares/9f7d67cd-df25-443f-b6f3-9535ff9a850a"}], "is_public": false, "snapshot_support": false, "task_state": null, "share_type_name": "tempest-share-type-518006861", "access_rules_status": "active", "replication_type": null, "has_replicas": false, "user_id": "c82c966e6cb649c89c1a5fa189fbe97e", "create_share_from_snapshot_support": false, "revert_to_snapshot_support": false, "share_group_id": null, "source_share_group_snapshot_member_id": null, "mount_snapshot_support": false, "progress": null, "is_soft_deleted": false, "scheduled_to_be_deleted_at": null, "source_backup_id": null, "encryption_key_ref": null, "share_server_id": null, "host": ""}}'
2026-02-06 07:11:41,861 167951 INFO     [tempest.lib.common.rest_client] Request (UserMessageTest:setUp): 200 GET http://10.132.46.216/share/v2/31cee69ef02040faa2328214f2a171b7/shares/9f7d67cd-df25-443f-b6f3-9535ff9a850a 0.035s
2026-02-06 07:11:41,862 167951 DEBUG    [tempest.lib.common.rest_client] Request - Headers: {'Content-Type': 'application/json', 'Accept': 'application/json', 'x-openstack-manila-api-version': '2.90', 'X-Auth-Token': '<omitted>'}
        Body: None
    Response - Headers: {'date': 'Fri, 06 Feb 2026 07:11:41 GMT', 'server': 'Apache/2.4.58 (Ubuntu)', 'content-type': 'application/json', 'content-length': '1396', 'x-compute-request-id': 'req-dc5b4d81-b169-42e2-a6cd-a43380a123c5', 'x-openstack-manila-api-version': '2.90', 'vary': 'X-OpenStack-Manila-API-Version', 'x-openstack-request-id': 'req-dc5b4d81-b169-42e2-a6cd-a43380a123c5', 'connection': 'close', 'status': '200', 'content-location': 'http://10.132.46.216/share/v2/31cee69ef02040faa2328214f2a171b7/shares/9f7d67cd-df25-443f-b6f3-9535ff9a850a'}
        Body: b'{"share": {"id": "9f7d67cd-df25-443f-b6f3-9535ff9a850a", "size": 1, "availability_zone": null, "created_at": "2026-02-06T07:11:38.674042", "status": "error", "name": "tempest-tempest-created-share-1282144771", "description": "tempest-tempest-cre
    ated-share-desc-1571472010", "project_id": "31cee69ef02040faa2328214f2a171b7", "snapshot_id": null, "share_network_id": null, "share_proto": "NFS", "metadata": {}, "share_type": "b3d26e52-897c-4381-9a9b-51f55e9853fd", "volume_type": "tempest-share-type-518006861", "links": [{"rel": "self", "href": "http://10.132.46.216/share/v2/31cee69ef02040faa2328214f2a171b7/shares/9f7d67cd-df25-443f-b6f3-9535ff9a850a"}, {"rel": "bookmark", "href": "http://10.132.46.216/share/31cee69ef02040faa2328214f2a171b7/shares/9f7d67cd-df25-443f-b6f3-9535ff9a850a"}], "is_public": false, "snapshot_support": false, "task_state": null, "share_type_name": "tempest-share-type-518006861", "access_rules_status": "active", "replication_type": null, "has_replicas": false, "user_id": "c82c966e6cb649c89c1a5fa189fbe97e", "create_share_from_snapshot_support": false, "revert_to_snapshot_support": false, "share_group_id": null, "source_share_group_snapshot_member_id": null, "mount_snapshot_support": false, "progress": null, "is_soft_deleted": false, "scheduled_to_be_deleted_at": null, "source_backup_id": null, "encryption_key_ref": null, "share_server_id": null, "host": ""}}'
2026-02-06 07:11:44,917 167951 INFO     [tempest.lib.common.rest_client] Request (UserMessageTest:setUp): 200 GET http://10.132.46.216/share/v2/31cee69ef02040faa2328214f2a171b7/messages 0.055s
2026-02-06 07:11:44,918 167951 DEBUG    [tempest.lib.common.rest_client] Request - Headers: {'Content-Type': 'application/json', 'Accept': 'application/json', 'x-openstack-manila-api-version': '2.90', 'X-Auth-Token': '<omitted>'}
        Body: None
    Response - Headers: {'date': 'Fri, 06 Feb 2026 07:11:44 GMT', 'server': 'Apache/2.4.58 (Ubuntu)', 'content-type': 'application/json', 'content-length': '40434', 'x-compute-request-id': 'req-4ed3b8d6-7bb4-4b82-a7de-e5833defb3a0', 'x-openstack-manila-api-version': '2.90', 'vary': 'X-OpenStack-Manila-API-Version', 'x-openstack-request-id': 'req-4ed3b8d6-7bb4-4b82-a7de-e5833defb3a0', 'connection': 'close', 'status': '200', 'content-location': 'http://10.132.46.216/share/v2/31cee69ef02040faa2328214f2a171b7/messages'}
        Body: b'{"messages": [{"id": "ddf7c817-292b-4393-83ff-59261f890e13", "project_id": "31cee69ef02040faa2328214f2a171b7", "action_id": "002", "detail_id": "028", "message_level": "ERROR", "created_at": "2026-02-06T07:11:38.782256", "expires_at": "2026-03-08T07:11:39.000000", "request_id": "req-59dff38a-d03c-48a5-baac-cd37779df4f8", "links": [{"rel": "self", "href": "http://10.132.46.216/share/v2/31cee69ef02040faa2328214f2a171b7/messages/ddf7c817-292b-4393-83ff-59261f890e13"}, {"rel": "bookmark", "href": "http://10.132.46.216/share/31cee69ef02040faa2328214f2a171b7/messages/ddf7c817-292b-4393-83ff-59261f890e13"}], "resource_type": "SHARE", "resource_id": "9f7d67cd-df25-443f-b6f3-9535ff9a850a", "user_message": "create: No storage could be allocated for this share request. Share back end services are not ready yet. Contact your ******istrator in case retrying does not help."}, {"id": "7b953e10-0ae8-4821-8739-a82eec7814a8", "project_id": "4a8dd9d3f9a2468e9075dcbb4a2b8df0", "action_id": "002", "detail_id": "028", "message_level": "ERROR", "created_at": "2026-02-06T07:11:37.942725", "expires_at": "2026-03-08T07:11:38.000000", "request_id": "req-ffd47451-06ae-4ab8-a9cb-1acfbcc466ff", "links": [{"rel": "self", "href": "http://10.132.46.216/share/v2/31cee69ef02040faa2328214f2a171b7/messages/7b953e10-0ae8-4821-8739-a82eec7814a8"}, {"rel": "bookmark", "href": "http://10.132.46.216/share/31cee69ef02040faa2328214f2a171b7/messages/7b953e10-0ae8-4821-8739-a82eec7814a8"}], "resource_type": "SHARE", "resource_id": "0c0d3014-50c0-491e-bdbb-7ce8b2eede48", "user_message": "create: No storage could be allocated for this share request. Share back end services are not ready yet. Contact your ******istrator in case retrying does not help."}, {"id": "a877c038-ca1f-4752-acd4-a07326032802", "project_id": "31cee69ef02040faa2328214f2a171b7", "action_id": "002", "detail_id": "028", "message_level": "ERROR", "created_at": "2026-02-06T07:11:31.905424", "expires_at": "2026-03
    -08T07:11:32.000000", "request_id": "req-886693d6-af65-4e8e-8ed5-7ce150ba615b", "links": [{"rel": "self", "href": "http://10.132.46.216/share/v2/31cee69ef02040faa2328214f2a171b7/messages/a877c038-ca1f-4752-acd4-a07326032802"}, {"rel": "bookmark", "href": "http://10.132.46.216/share/31cee69ef02040faa2328214f2a171b7/messages/a877c038-ca1f-4752-acd4-a07326032802"}], "resource_type": "SHARE", "resource_id": "06776781-f684-487f-84c4-2e08d10c21a9", "user_message": "create: No storage could be allocated for this share request. Share back end services are not ready yet. Contact your ******istrator in case retrying does not help."}, {"id": "0060d95e-4fbb-410e-bbaa-5e14b0d185cb", "project_id": "a38d2b2acd714824b491ac87300d9932", "action_id": "002", "detail_id": "028", "message_level": "ERROR", "created_at": "2026-02-06T07:11:30.178341", "expires_at": "2026-03-08T07:11:30.000000", "request_id": "req-12faa300-7bb1-4bff-a8c9-b7ed12de3651", "links": [{"rel": "self", "href": "http://10.132.46.216/share/v2/31cee69ef02040faa2328214f2a171b7/messages/0060d95e-4fbb-410e-bbaa-5e14b0d185cb"}, {"rel": "bookmark", "href": "http://10.132.46.216/share/31cee69ef02040faa2328214f2a171b7/messages/0060d95e-4fbb-410e-bbaa-5e14b0d185cb"}], "resource_type": "SHARE", "resource_id": "2178daf9-15bf-4a2e-b06f-9c369ebff338", "user_message": "create: No storage could be allocated for this share request. Share back end services are not ready yet. Contact your ******istrator in case retrying does not help."}, {"id": "125e0ffc-8c78-467e-8e82-2bb7139d5650", "project_id": "31cee69ef02040faa2328214f2a171b7", "action_id": "002", "detail_id": "028", "message_level": "ERROR", "created_at": "2026-02-06T07:11:25.598115", "expires_at": "2026-03-08T07:11:26.000000", "request_id": "req-989d5e3b-c90a-4954-931a-d073787ccd66", "links": [{"rel": "self", "href": "http://10.132.46.216/share/v2/31cee69ef02040faa2328214f2a171b7/messages/125e0ffc-8c78-467e-8e82-2bb7139d5650"}, {"rel": "bookmark", "href": "http://10.132.46.216/share/31cee69ef02040faa2328214f2a171b7/messages/125e0ffc-8c78-467e-8e82-2bb7139d5650"}], "resource_type": "SHARE", "resource_id": "bd8
2026-02-06 07:11:44,938 167951 INFO     [tempest.lib.common.rest_client] Request (UserMessageTest:test_show_message): 200 GET http://10.132.46.216/share/v2/31cee69ef02040faa2328214f2a171b7/messages/ddf7c817-292b-4393-83ff-59261f890e13 0.019s
2026-02-06 07:11:44,938 167951 DEBUG    [tempest.lib.common.rest_client] Request - Headers: {'Content-Type': 'application/json', 'Accept': 'application/json', 'x-openstack-manila-api-version': '2.90', 'X-Auth-Token': '<omitted>'}
        Body: None
    Response - Headers: {'date': 'Fri, 06 Feb 2026 07:11:44 GMT', 'server': 'Apache/2.4.58 (Ubuntu)', 'content-type': 'application/json', 'content-length': '871', 'x-compute-request-id': 'req-a711657e-14b0-411d-a00a-32613ecbdbca', 'x-openstack-manila-api-version': '2.90', 'vary': 'X-OpenStack-Manila-API-Version', 'x-openstack-request-id': 'req-a711657e-14b0-411d-a00a-32613ecbdbca', 'connection': 'close', 'status': '200', 'content-location': 'http://10.132.46.216/share/v2/31cee69ef02040faa2328214f2a171b7/messages/ddf7c817-292b-4393-83ff-59261f890e13'}
        Body: b'{"message": {"id": "ddf7c817-292b-4393-83ff-59261f890e13", "project_id": "31cee69ef02040faa2328214f2a171b7", "action_id": "002", "detail_id": "028", "message_level": "ERROR", "created_at": "2026-02-06T07:11:38.782256", "expires_at": "2026-03-08T07:11:39.000000", "request_id": "req-59dff38a-d03c-48a5-baac-cd37779df4f8", "links": [{"rel": "self", "href": "http://10.132.46.216/share/v2/31cee69ef02040faa2328214f2a171b7/messages/ddf7c817-292b-4393-83ff-59261f890e13"}, {"rel": "bookmark", "href": "http://10.132.46.216/share/31cee69ef02040faa2328214f2a171b7/messages/ddf7c817-292b-4393-83ff-59261f890e13"}], "resource_type": "SHARE", "resource_id": "9f7d67cd-df25-443f-b6f3-9535ff9a850a", "user_message": "create: No storage could be allocated for this share request. Share back end services are not ready yet. Contact your ******istrator in case retrying does not help."}}'
2026-02-06 07:11:44,971 167
    951 INFO     [tempest.lib.common.rest_client] Request (UserMessageTest:_run_cleanups): 204 DELETE http://10.132.46.216/share/v2/31cee69ef02040faa2328214f2a171b7/messages/ddf7c817-292b-4393-83ff-59261f890e13 0.023s
2026-02-06 07:11:44,971 167951 DEBUG    [tempest.lib.common.rest_client] Request - Headers: {'Content-Type': 'application/json', 'Accept': 'application/json', 'x-openstack-manila-api-version': '2.90', 'X-Auth-Token': '<omitted>'}
        Body: None
    Response - Headers: {'date': 'Fri, 06 Feb 2026 07:11:44 GMT', 'server': 'Apache/2.4.58 (Ubuntu)', 'content-type': 'text/html; charset=UTF-8', 'x-compute-request-id': 'req-83c6c62f-9d84-4a0a-b7c5-6245d33565e0', 'x-openstack-manila-api-version': '2.90', 'vary': 'X-OpenStack-Manila-API-Version', 'x-openstack-request-id': 'req-83c6c62f-9d84-4a0a-b7c5-6245d33565e0', 'connection': 'close', 'status': '204', 'content-location': 'http://10.132.46.216/share/v2/31cee69ef02040faa2328214f2a171b7/messages/ddf7c817-292b-4393-83ff-59261f890e13'}
        Body: b''
2026-02-06 07:11:45,228 167951 INFO     [tempest.lib.common.rest_client] Request (UserMessageTest:_run_cleanups): 202 DELETE http://10.132.46.216/share/v2/31cee69ef02040faa2328214f2a171b7/shares/9f7d67cd-df25-443f-b6f3-9535ff9a850a 0.256s
2026-02-06 07:11:45,228 167951 DEBUG    [tempest.lib.common.rest_client] Request - Headers: {'Content-Type': 'application/json', 'Accept': 'application/json', 'x-openstack-manila-api-version': '2.90', 'X-Auth-Token': '<omitted>'}
        Body: None
    Response - Headers: {'date': 'Fri, 06 Feb 2026 07:11:44 GMT', 'server': 'Apache/2.4.58 (Ubuntu)', 'content-length': '0', 'content-type': 'text/html; charset=UTF-8', 'x-compute-request-id': 'req-0bf52e51-64b5-4156-9b84-38fe4c7c11e9', 'x-openstack-manila-api-version': '2.90', 'vary': 'X-OpenStack-Manila-API-Version', 'x-openstack-request-id': 'req-0bf52e51-64b5-4156-9b84-38fe4c7c11e9', 'connection': 'close', 'status': '202', 'content-location': 'http://10.132.46.216/share/v2/31cee69ef02040faa2328214f2a171b7/shares/9f7d67cd-df25-443f-b6f3-9535ff9a850a'}
        Body: b''

{0} manila_tempest_tests.tests.api.test_share_network_subnet_metadata.ShareNetworkSubnetMetadataTest.test_set_and_update_metadata_by_key [0.494492s] ... ok
{0} manila_tempest_tests.tests.api.test_share_network_subnet_metadata.ShareNetworkSubnetMetadataTest.test_set_get_delete_metadata [0.619474s] ... ok
{2} manila_tempest_tests.tests.api.test_security_services_negative.SecurityServicesNegativeTest.test_get_deleted_security_service [0.248425s] ... ok
{2} manila_tempest_tests.tests.api.test_security_services_negative.SecurityServicesNegativeTest.test_try_create_security_service_with_empty_type [0.009122s] ... ok
{2} manila_tempest_tests.tests.api.test_security_services_negative.SecurityServicesNegativeTest.test_try_create_security_service_with_wrong_type [0.009205s] ... ok
{2} manila_tempest_tests.tests.api.test_security_services_negative.SecurityServicesNegativeTest.test_try_delete_security_service_with_wrong_type [0.011744s] ... ok
{2} manila_tempest_tests.tests.api.test_security_services_negative.SecurityServicesNegativeTest.test_try_delete_security_service_without_id [0.005446s] ... ok
{2} manila_tempest_tests.tests.api.test_security_services_negative.SecurityServicesNegativeTest.test_try_get_security_service_with_wrong_id [0.011027s] ... ok
{2} manila_tempest_tests.tests.api.test_security_services_negative.SecurityServicesNegativeTest.test_try_get_security_service_without_id [0.005700s] ... ok
{2} manila_tempest_tests.tests.api.test_security_services_negative.SecurityServicesNegativeTest.test_try_update_invalid_keys_sh_server_exists ... SKIPPED: Only for multitenancy.
{2} manila_tempest_tests.tests.api.test_security_services_negative.SecurityServicesNegativeTest.test_try_update_nonexistant_security_service [0.011146s] ... ok
{2} manila_tempest_tests.tests.api.test_security_services_negative.SecurityServicesNegativeTest.test_try_update_security_service_with_empty_id [0.005962s] ... ok
{0} manila_tempest_tests.tests.api.test_share_network_subnet_metadata.ShareNetworkSubnetMetadataTest.test_set_metadata_in_subnet_creation [0.523993s] ... ok
{0} manila_tempest_tests.tests.api.test_share_network_subnet_metadata.ShareNetworkSubnetMetadataTest.test_set_metadata_key_already_exist [0.710432s] ... ok
{0} manila_tempest_tests.tests.api.test_share_network_subnet_metadata.ShareNetworkSubnetMetadataTest.test_set_metadata_max_size_key [0.074799s] ... ok
{0} manila_tempest_tests.tests.api.test_share_network_subnet_metadata.ShareNetworkSubnetMetadataTest.test_set_metadata_max_size_value [0.067440s] ... ok
{0} manila_tempest_tests.tests.api.test_share_network_subnet_metadata.ShareNetworkSubnetMetadataTest.test_set_metadata_min_size_key [0.078984s] ... ok
{0} manila_tempest_tests.tests.api.test_share_network_subnet_metadata.ShareNetworkSubnetMetadataTest.test_set_metadata_min_size_value [0.077852s] ... ok
{0} manila_tempest_tests.tests.api.test_share_network_subnet_metadata.ShareNetworkSubnetMetadataTest.test_set_metadata_not_delete_pre_metadata [0.808394s] ... ok
{0} manila_tempest_tests.tests.api.test_share_network_subnet_metadata.ShareNetworkSubnetMetadataTest.test_upd_metadata_max_size_key [0.160817s] ... ok
{0} manila_tempest_tests.tests.api.test_share_network_subnet_metadata.ShareNetworkSubnetMetadataTest.test_upd_metadata_max_size_value [0.108654s] ... ok
{0} manila_tempest_tests.tests.api.test_share_network_subnet_metadata.ShareNetworkSubnetMetadataTest.test_upd_metadata_min_size_key [0.109597s] ... ok
{0} manila_tempest_tests.tests.api.test_share_network_subnet_metadata.ShareNetworkSubnetMetadataTest.test_upd_metadata_min_size_value [0.107946s] ... ok
{2} setUpClass (manila_tempest_tests.tests.api.test_share_groups.ShareGroupsTest) ... SKIPPED: Share Group tests disabled.
{2} manila_tempest_tests.tests.api.test_share_network_subnet_metadata_negative.ShareNetworkSubnetMetadataNegativeTest.test_try_delete_unexisting_metadata [0.278401s] ... ok
{2} manila_tempest_tests.tests.api.test_share_network_subnet_metadata_negative.ShareNetworkSubnetMetadataNegativeTest.test_try_set_metadata_to_unexisting_subnet [0.246826s] ... ok
{2} manila_tempest_tests.tests.api.test_share_network_subnet_metadata_negative.ShareNetworkSubnetMetadataNegativeTest.test_try_set_metadata_with_empty_key [0.009665s] ... ok
{2} manila_tempest_tests.tests.api.test_share_network_subnet_metadata_negative.ShareNetworkSubnetMetadataNegativeTest.test_try_set_metadata_with_too_big_key [0.010480s] ... ok
{2} manila_tempest_tests.tests.api.test_share_network_subnet_metadata_negative.ShareNetworkSubnetMetadataNegativeTest.test_try_set_metadata_with_too_big_value [0.009624s] ... ok
{2} manila_tempest_tests.tests.api.test_share_network_subnet_metadata_negative.ShareNetworkSubnetMetadataNegativeTest.test_try_upd_metadata_with_empty_key [0.009199s] ... ok
{2} manila_tempest_tests.tests.api.test_share_network_subnet_metadata_negative.ShareNetworkSubnetMetadataNegativeTest.test_try_upd_metadata_with_too_big_key [0.009134s] ... ok
{2} manila_tempest_tests.tests.api.test_share_network_subnet_metadata_negative.ShareNetworkSubnetMetadataNegativeTest.test_try_upd_metadata_with_too_big_value [0.010197s] ... ok
{2} manila_tempest_tests.tests.api.test_share_network_subnet_metadata_negative.ShareNetworkSubnetMetadataNegativeTest.test_try_update_all_metadata_to_unexisting_subnet [0.282070s] ... ok
{0} manila_tempest_tests.tests.api.test_share_networks_negative.ShareNetworksNegativeTest.test_check_add_share_network_subnet_az_not_found [0.721034s] ... ok
{0} manila_tempest_tests.tests.api.test_share_networks_negative.ShareNetworksNegativeTest.test_check_add_share_network_subnet_share_network_not_found [0.021187s] ... ok
{0} manila_tempest_tests.tests.api.test_share_networks_negative.ShareNetworksNegativeTest.test_create_share_network_inexistent_az [0.020462s] ... ok
{0} manila_tempest_tests.tests.api.test_share_networks_negative.ShareNetworksNegativeTest.test_delete_share_network_contains_more_than_one_subnet [0.494457s] ... ok
{3} setUpClass (manila_tempest_tests.tests.api.test_access_rules_metadata.AccessRulesMetadataTest) [0.000000s] ... FAILED

Captured traceback:
~~~~~~~~~~~~~~~~~~~
    Traceback (most recent call last):

      File "/opt/stack/tempest/tempest/test.py", line 185, in setUpClass
    raise value.with_traceback(trace)

      File "/opt/stack/tempest/tempest/test.py", line 178, in setUpClass
    cls.resource_setup()

      File "/opt/stack/tempest/manila-tempest-plugin/manila_tempest_tests/tests/api/test_access_rules_metadata.py", line 75, in resource_setup
    cls.share = cls.create_share(share_type_id=cls.share_type_id)
                ^^^^^^^^^^^^^^^^^^^^^^^^^^^^^^^^^^^^^^^^^^^^^^^^^

      File "/opt/stack/tempest/manila-tempest-plugin/manila_tempest_tests/tests/api/base.py", line 411, in create_share
    result = cls.create_shares([{"args": args, "kwargs": kwargs}])
             ^^^^^^^^^^^^^^^^^^^^^^^^^^^^^^^^^^^^^^^^^^^^^^^^^^^^^

      File "/opt/stack/tempest/manila-tempest-plugin/manila_tempest_tests/tests/api/base.py", line 469, in create_shares
    waiters.wait_for_resource_status(

      File "/opt/stack/tempest/manila-tempest-plugin/manila_tempest_tests/common/waiters.py", line 109, in wait_for_resource_status
    raise resource_exception(resource_id=resource_id)

    manila_tempest_tests.share_exceptions.ShareBuildErrorException: Share 8785e54c-e649-4a72-87a1-562d32453863 failed to build and is in ERROR status

{0} manila_tempest_tests.tests.api.test_share_networks_negative.ShareNetworksNegativeTest.test_list_shares_with_like_filter_not_exist [0.041549s] ... ok
{0} manila_tempest_tests.tests.api.test_share_networks_negative.ShareNetworksNegativeTest.test_try_delete_share_network_with_existing_shares ... SKIPPED: Can run only with drivers that do handle share servers creation. Skipping.
{0} manila_tempest_tests.tests.api.test_share_networks_negative.ShareNetworksNegativeTest.test_try_delete_share_network_with_wrong_type [0.024039s] ... ok
{0} manila_tempest_tests.tests.api.test_share_networks_negative.ShareNetworksNegativeTest.test_try_delete_share_network_without_id [0.010742s] ... ok
{0} manila_tempest_tests.tests.api.test_share_networks_negative.ShareNetworksNegativeTest.test_try_get_deleted_share_network [0.262702s] ... ok
{0} manila_tempest_tests.tests.api.test_share_networks_negative.ShareNetworksNegativeTest.test_try_get_share_network_with_wrong_id [0.024875s] ... ok
{0} manila_tempest_tests.tests.api.test_share_networks_negative.ShareNetworksNegativeTest.test_try_get_share_network_without_id [0.007689s] ... ok
{0} manila_tempest_tests.tests.api.test_share_networks_negative.ShareNetworksNegativeTest.test_try_list_share_networks_wrong_created_before_value [0.011800s] ... ok
{0} manila_tempest_tests.tests.api.test_share_networks_negative.ShareNetworksNegativeTest.test_try_list_share_networks_wrong_created_since_value [0.012517s] ... ok
{0} manila_tempest_tests.tests.api.test_share_networks_negative.ShareNetworksNegativeTest.test_try_update_invalid_keys_sh_server_exists ... SKIPPED: Only for multitenancy.
{0} manila_tempest_tests.tests.api.test_share_networks_negative.ShareNetworksNegativeTest.test_try_update_nonexistant_share_network [0.021276s] ... ok
{0} manila_tempest_tests.tests.api.test_share_networks_negative.ShareNetworksNegativeTest.test_try_update_share_network_with_empty_id [0.009147s] ... ok
{3} manila_tempest_tests.tests.api.test_availability_zones.AvailabilityZonesTest.test_list_availability_zones [0.121341s] ... ok
{3} manila_tempest_tests.tests.api.test_availability_zones.AvailabilityZonesTest.test_list_availability_zones_legacy_url_api_v1 [0.014916s] ... ok
{3} manila_tempest_tests.tests.api.test_availability_zones.AvailabilityZonesTest.test_list_availability_zones_legacy_url_api_v2 [0.020947s] ... ok
{3} setUpClass (manila_tempest_tests.tests.api.test_backup.ShareBackupTest) ... SKIPPED: Share backup tests are disabled.
{3} manila_tempest_tests.tests.api.test_limits.ShareLimitsTest.test_limits_keys [0.056290s] ... ok
{3} manila_tempest_tests.tests.api.test_limits.ShareLimitsTest.test_limits_values [0.016058s] ... ok
{2} manila_tempest_tests.tests.api.test_share_networks.ShareNetworksTest.test_create_delete_share_network [0.267023s] ... ok
{3} setUpClass (manila_tempest_tests.tests.api.test_metadata.SharesMetadataCEPHFSTest) ... SKIPPED: CEPHFS filesystem metadata tests are disabled for the cephfs protocol.
{2} manila_tempest_tests.tests.api.test_share_networks.ShareNetworksTest.test_create_two_share_networks_with_same_net_and_subnet [0.508201s] ... ok
{2} manila_tempest_tests.tests.api.test_share_networks.ShareNetworksTest.test_gateway_mtu_neutron_net_id_with_neutron ... SKIPPED: Only for multitenancy.
{2} manila_tempest_tests.tests.api.test_share_networks.ShareNetworksTest.test_get_share_network [0.038792s] ... ok
{2} manila_tempest_tests.tests.api.test_share_networks.ShareNetworksTest.test_list_share_networks [0.044768s] ... ok
{2} manila_tempest_tests.tests.api.test_share_networks.ShareNetworksTest.test_list_share_networks_all_filter_opts [0.064781s] ... ok
{2} manila_tempest_tests.tests.api.test_share_networks.ShareNetworksTest.test_list_share_networks_filter_by_ss [0.101118s] ... ok
{2} manila_tempest_tests.tests.api.test_share_networks.ShareNetworksTest.test_list_share_networks_like_filter [0.038208s] ... ok
{2} manila_tempest_tests.tests.api.test_share_networks.ShareNetworksTest.test_list_share_networks_with_detail [0.040757s] ... ok
{2} manila_tempest_tests.tests.api.test_share_networks.ShareNetworksTest.test_recreate_share_network [0.461882s] ... ok
{2} manila_tempest_tests.tests.api.test_share_networks.ShareNetworksTest.test_try_list_share_networks_all_tenants [0.045667s] ... ok
{2} manila_tempest_tests.tests.api.test_share_networks.ShareNetworksTest.test_try_list_share_networks_project_id [0.038974s] ... ok
{2} manila_tempest_tests.tests.api.test_share_networks.ShareNetworksTest.test_update_share_network [0.099230s] ... ok
{2} manila_tempest_tests.tests.api.test_share_networks.ShareNetworksTest.test_update_valid_keys_sh_server_exists ... SKIPPED: Only for multitenancy.
{0} manila_tempest_tests.tests.api.test_share_transfers_negative.ShareTransferNegativeTest.test_accept_transfer_with_incorrect_auth_key [3.330631s] ... FAILED

Captured traceback:
~~~~~~~~~~~~~~~~~~~
    Traceback (most recent call last):

      File "/opt/stack/tempest/manila-tempest-plugin/manila_tempest_tests/tests/api/test_share_transfers_negative.py", line 128, in test_accept_transfer_with_incorrect_auth_key
    share = self.create_share(
            ^^^^^^^^^^^^^^^^^^

      File "/opt/stack/tempest/manila-tempest-plugin/manila_tempest_tests/tests/api/base.py", line 411, in create_share
    result = cls.create_shares([{"args": args, "kwargs": kwargs}])
             ^^^^^^^^^^^^^^^^^^^^^^^^^^^^^^^^^^^^^^^^^^^^^^^^^^^^^

      File "/opt/stack/tempest/manila-tempest-plugin/manila_tempest_tests/tests/api/base.py", line 469, in create_shares
    waiters.wait_for_resource_status(

      File "/opt/stack/tempest/manila-tempest-plugin/manila_tempest_tests/common/waiters.py", line 109, in wait_for_resource_status
    raise resource_exception(resource_id=resource_id)

    manila_tempest_tests.share_exceptions.ShareBuildErrorException: Share a24ca828-1333-4f08-8a06-192697d379ff failed to build and is in ERROR status


Captured pythonlogging:
~~~~~~~~~~~~~~~~~~~~~~~
    2026-02-06 07:12:01,442 167945 INFO     [tempest.lib.common.rest_client] Request (ShareTransferNegativeTest:test_accept_transfer_with_incorrect_auth_key): 200 POST http://10.132.46.216/share/v2/a1ba3d7696c748d1b5aa86f04230689e/shares 0.256s
2026-02-06 07:12:01,443 167945 DEBUG    [tempest.lib.common.rest_client] Request - Headers: {'Content-Type': 'application/json', 'Accept': 'application/json', 'x-openstack-manila-api-version': '2.90', 'X-Auth-Token': '<omitted>'}
        Body: {"share": {"share_proto": "nfs", "description": "Tempest's share", "snapshot_id": null, "name": "tempest-tempest-share-name-835046647", "size": 1, "metadata": {}, "is_public": false, "share_type": "4c5096bf-d214-4119-885c-1b4f92814be6"}}
    Response - Headers: {'date': 'Fri, 06 Feb 2026 07:12:01 GMT', 'server': 'Apache/2.4.58 (Ubuntu)', 'content-type': 'application/json', 'content-length': '1336', 'x-compute-request-id': 'req-c8be320c-276b-4fd4-84f7-c08bbcad2fe1', 'x-openstack-manila-api-version': '2.90', 'vary': 'X-OpenStack-Manila-API-Version', 'x-openstack-request-id': 'req-c8be320c-276b-4fd4-84f7-c08bbcad2fe1', 'connection': 'close', 'status': '200', 'content-location': 'http://10.132.46.216/share/v2/a1ba3d7696c748d1b5aa86f04230689e/shares'}
        Body: b'{"share": {"id": "a24ca828-1333-4f08-8a06-192697d379ff", "size": 1, "availability_zone": null, "created_at": "2026-02-06T07:12:01.334464", "status": "creating", "name": "tempest-tempest-share-name-835046647", "description": "Tempest\'s share", "project_id": "a1ba3d7696c748d1b5aa86f04230689e", "snapshot_id": null, "share_network_id": null, "share_proto": "NFS", "metadata": {}, "share_type": "4c5096bf-d214-4119-885c-1b4f92814be6", "volume_type": "tempest-typeshare-type-792025684", "links": [{"rel": "self", "href": "http://10.132.46.216/share/v2/a1ba3d7696c748d1b5aa86f04230689e/shares/a24ca828-1333-4f08-8a06-192697d379ff"}, {"rel": "bookmark", "href": "http://10.132.46.216/share/a1ba3d7696c748d1b5aa86f04230689e/shares/a24ca828-1333-4f08-8a06-192697d379ff"}], "is_public": false, "snapshot_support": false, "task_state": null, "share_type_name": "tempest-typeshare-type-792025684", "access_rules_status": "active", "replication_type": null, "has_replicas": false, "user_id": "efe70438227141db9e2832adfbf2803b", "create_share_from_snapshot_support": false, "revert_to_snapshot_support": false, "share_group_id": null, "source_share_group_snapshot_member_id": null, "mount_snapshot_support": false, "progress": null, "is_soft_deleted": false, "scheduled_to_be_deleted_at": null, "source_backup_id": null, "encryption_key_ref": null}}'
2026-02-06 07:12:01,480 167945 INFO     [tempest.lib.common.rest_client] Request (ShareTransferNegativeTest:test_accept_transfer_with_incorrect_auth_key): 200 GET http://10.132.46.216/share/v2/a1ba3d7696c748d1b5aa86f04230689e/shares/a24ca828-1333-4f08-8a06-192697d379ff 0.036s
2026-02-06 07:12:01,480 167945 DEBUG    [tempest.lib.common.rest_client] Request - Headers: {'Content-Type': 'application/json', 'Accept': 'application/json', 'x-openstack-manila-api-version': '2.90', 'X-Auth-Token': '<omitted>'}
        Body: None
    Response - Headers: {'date': 'Fri, 06 Feb 2026 07:12:01 GMT', 'server': 'Apache/2.4.58 (Ubuntu)', 'content-type': 'application/json', 'content-length': '1336', 'x-compute-request-id': 'req-e7237221-2a19-4e20-8a21-4c6b6bdd0a59', 'x-openstack-manila-api-version': '2.90', 'vary': 'X-OpenStack-Manila-API-Version', 'x-openstack-request-id': 'req-e7237221-2a19-4e20-8a21-4c6b6bdd0a59', 'connection': 'close', 'status': '200', 'content-location': 'http://10.132.46.216/share/v2/a1ba3d7696c748d1b5aa86f04230689e/shares/a24ca828-1333-4f08-8a06-192697d379ff'}
        Body: b'{"share": {"id": "a24ca828-1333-4f08-8a06-192697d379ff", "size": 1, "availability_zone": null, "created_at": "2026-02-06T07:12:01.334464", "status": "creating", "name": "tempest-tempest-share-name-835046647", "description": "Tempest\'s share", "project_id": "a1ba3d7696c748d1b5aa86f04230689e", "snapshot_id": null, "share_network_id": null, "share_proto": "NFS", "metadata": {}, "share_type": "4c5096b
    f-d214-4119-885c-1b4f92814be6", "volume_type": "tempest-typeshare-type-792025684", "links": [{"rel": "self", "href": "http://10.132.46.216/share/v2/a1ba3d7696c748d1b5aa86f04230689e/shares/a24ca828-1333-4f08-8a06-192697d379ff"}, {"rel": "bookmark", "href": "http://10.132.46.216/share/a1ba3d7696c748d1b5aa86f04230689e/shares/a24ca828-1333-4f08-8a06-192697d379ff"}], "is_public": false, "snapshot_support": false, "task_state": null, "share_type_name": "tempest-typeshare-type-792025684", "access_rules_status": "active", "replication_type": null, "has_replicas": false, "user_id": "efe70438227141db9e2832adfbf2803b", "create_share_from_snapshot_support": false, "revert_to_snapshot_support": false, "share_group_id": null, "source_share_group_snapshot_member_id": null, "mount_snapshot_support": false, "progress": null, "is_soft_deleted": false, "scheduled_to_be_deleted_at": null, "source_backup_id": null, "encryption_key_ref": null}}'
2026-02-06 07:12:04,514 167945 INFO     [tempest.lib.common.rest_client] Request (ShareTransferNegativeTest:test_accept_transfer_with_incorrect_auth_key): 200 GET http://10.132.46.216/share/v2/a1ba3d7696c748d1b5aa86f04230689e/shares/a24ca828-1333-4f08-8a06-192697d379ff 0.034s
2026-02-06 07:12:04,515 167945 DEBUG    [tempest.lib.common.rest_client] Request - Headers: {'Content-Type': 'application/json', 'Accept': 'application/json', 'x-openstack-manila-api-version': '2.90', 'X-Auth-Token': '<omitted>'}
        Body: None
    Response - Headers: {'date': 'Fri, 06 Feb 2026 07:12:04 GMT', 'server': 'Apache/2.4.58 (Ubuntu)', 'content-type': 'application/json', 'content-length': '1333', 'x-compute-request-id': 'req-d417c2c1-b58f-42f8-8ce6-8a352386a56f', 'x-openstack-manila-api-version': '2.90', 'vary': 'X-OpenStack-Manila-API-Version', 'x-openstack-request-id': 'req-d417c2c1-b58f-42f8-8ce6-8a352386a56f', 'connection': 'close', 'status': '200', 'content-location': 'http://10.132.46.216/share/v2/a1ba3d7696c748d1b5aa86f04230689e/shares/a24ca828-1333-4f08-8a06-192697d379ff'}
        Body: b'{"share": {"id": "a24ca828-1333-4f08-8a06-192697d379ff", "size": 1, "availability_zone": null, "created_at": "2026-02-06T07:12:01.334464", "status": "error", "name": "tempest-tempest-share-name-835046647", "description": "Tempest\'s share", "project_id": "a1ba3d7696c748d1b5aa86f04230689e", "snapshot_id": null, "share_network_id": null, "share_proto": "NFS", "metadata": {}, "share_type": "4c5096bf-d214-4119-885c-1b4f92814be6", "volume_type": "tempest-typeshare-type-792025684", "links": [{"rel": "self", "href": "http://10.132.46.216/share/v2/a1ba3d7696c748d1b5aa86f04230689e/shares/a24ca828-1333-4f08-8a06-192697d379ff"}, {"rel": "bookmark", "href": "http://10.132.46.216/share/a1ba3d7696c748d1b5aa86f04230689e/shares/a24ca828-1333-4f08-8a06-192697d379ff"}], "is_public": false, "snapshot_support": false, "task_state": null, "share_type_name": "tempest-typeshare-type-792025684", "access_rules_status": "active", "replication_type": null, "has_replicas": false, "user_id": "efe70438227141db9e2832adfbf2803b", "create_share_from_snapshot_support": false, "revert_to_snapshot_support": false, "share_group_id": null, "source_share_group_snapshot_member_id": null, "mount_snapshot_support": false, "progress": null, "is_soft_deleted": false, "scheduled_to_be_deleted_at": null, "source_backup_id": null, "encryption_key_ref": null}}'

{2} manila_tempest_tests.tests.api.test_share_type_availability_zones_negative.ShareTypeAvailabilityZonesNegativeTest.test_share_type_azs_create_with_invalid_az_spec_1_az1______az2__az_3___ [0.009384s] ... ok
{2} manila_tempest_tests.tests.api.test_share_type_availability_zones_negative.ShareTypeAvailabilityZonesNegativeTest.test_share_type_azs_create_with_invalid_az_spec_2_az1__az_3 [0.009744s] ... ok
{2} manila_tempest_tests.tests.api.test_share_type_availability_zones_negative.ShareTypeAvailabilityZonesNegativeTest.test_share_type_azs_create_with_invalid_az_spec_3__az2___az_3 [0.009907s] ... ok
{2} manila_tempest_tests.tests.api.test_share_type_availability_zones_negative.ShareTypeAvailabilityZonesNegativeTest.test_share_type_azs_filter_by_invalid_azs_extra_spec [0.017703s] ... FAILED

Captured traceback:
~~~~~~~~~~~~~~~~~~~
    Traceback (most recent call last):

      File "/opt/stack/tempest/manila-tempest-plugin/manila_tempest_tests/tests/api/test_share_type_availability_zones_negative.py", line 64, in test_share_type_azs_filter_by_invalid_azs_extra_spec
    self.******_shares_v2_client.update_share_type_extra_spec(

      File "/opt/stack/tempest/manila-tempest-plugin/manila_tempest_tests/services/share/v2/json/shares_client.py", line 729, in update_share_type_extra_spec
    resp, body = self.put(uri, post_body, version=version)
                 ^^^^^^^^^^^^^^^^^^^^^^^^^^^^^^^^^^^^^^^^^

      File "/opt/stack/tempest/manila-tempest-plugin/manila_tempest_tests/services/share/v2/json/shares_client.py", line 100, in put
    resp, body = super(SharesV2Client, self).put(url, body,
                 ^^^^^^^^^^^^^^^^^^^^^^^^^^^^^^^^^^^^^^^^^^

      File "/opt/stack/tempest/tempest/lib/common/rest_client.py", line 392, in put
    return self.request('PUT', url, extra_headers, headers, body, chunked)
           ^^^^^^^^^^^^^^^^^^^^^^^^^^^^^^^^^^^^^^^^^^^^^^^^^^^^^^^^^^^^^^^

      File "/opt/stack/tempest/tempest/lib/common/rest_client.py", line 762, in request
    self._error_checker(resp, resp_body)

      File "/opt/stack/tempest/tempest/lib/common/rest_client.py", line 877, in _error_checker
    raise exceptions.BadRequest(resp_body, resp=resp)

    tempest.lib.exceptions.BadRequest: Bad request
Details: {'code': 400, 'message': 'Invalid extra_spec: availability_zones: '}


Captured pythonlogging:
~~~~~~~~~~~~~~~~~~~~~~~
    2026-02-06 07:12:06,294 167949 INFO     [tempest.lib.common.rest_client] Request (ShareTypeAvailabilityZonesNegativeTest:test_share_type_azs_filter_by_invalid_azs_extra_spec): 400 PUT http://10.132.46.216/share/v2/1aa9b7d91db74b22992e1f0fc2be95c1/types/1ca4b8d5-92ba-41f7-b2a1-d7995077c02a/extra_specs/availability_zones 0.014s
2026-02-06 07:12:06,294 167949 DEBUG    [tempest.lib.common.rest_client] Request - Headers: {'Content-Type': 'application/json', 'Accept': 'application/json', 'x-openstack-manila-api-version': '2.90', 'X-Auth-Token': '<omitted>'}
        Body: {"availability_zones": ""}
    Response - Headers: {'date': 'Fri, 06 Feb 2026 07:12:06 GMT', 'server': 'Apache/2.4.58 (Ubuntu)', 'x-openstack-manila-api-version': '2.90', 'vary': 'X-OpenStack-Manila-API-Version', 'content-length': '84', 'content-type': 'application/json', 'x-compute-request-id': 'req-6e2610d2-4176-41f7-8470-3c29b510159e', 'x-openstack-request-id': 'req-6e2610d2-4176-41f7-8470-3c29b510159e', 'connection': 'close', 'status': '400', 'content-location': 'http://10.132.46.216/share/v2/1aa9b7d91db74b22992e1f0fc2be95c1/types/1ca4b8d5-92ba-41f7-b2a1-d7995077c02a/extra_specs/availability_zones'}
        Body: b'{"badRequest": {"code": 400, "message": "Invalid extra_spec: availability_zones: "}}'

{2} manila_tempest_tests.tests.api.test_share_type_availability_zones_negative.ShareTypeAvailabilityZonesNegativeTest.test_share_type_azs_share_groups_unsupported [0.024493s] ... FAILED

Captured traceback:
~~~~~~~~~~~~~~~~~~~
    Traceback (most recent call last):

      File "/opt/stack/tempest/manila-tempest-plugin/manila_tempest_tests/tests/api/test_share_type_availability_zones_negative.py", line 100, in test_share_type_azs_share_groups_unsupported
    availability_zone=self.valid_azs[0],
                      ~~~~~~~~~~~~~~^^^

    IndexError: list index out of range


Captured pythonlogging:
~~~~~~~~~~~~~~~~~~~~~~~
    2026-02-06 07:12:06,322 167949 INFO     [tempest.lib.common.rest_client] Request (ShareTypeAvailabilityZonesNegativeTest:test_share_type_azs_share_groups_unsupported): 200 PUT http://10.132.46.216/share/v2/1aa9b7d91db74b22992e1f0fc2be95c1/types/1ca4b8d5-92ba-41f7-b2a1-d7995077c02a/extra_specs/availability_zones 0.023s
2026-02-06 07:12:06,322 167949 DEBUG    [tempest.lib.common.rest_client] Request - Headers: {'Content-Type': 'application/json', 'Accept': 'application/json', 'x-openstack-manila-api-version': '2.90', 'X-Auth-Token': '<omitted>'}
        Body: {"availability_zones": "az_that_doesnt_exist"}
    Response - Headers: {'date': 'Fri, 06 Feb 2026 07:12:06 GMT', 'server': 'Apache/2.4.58 (Ubuntu)', 'content-type': 'application/json', 'content-length': '46', 'x-compute-request-id': 'req-687c72a8-c2f7-41da-a0c2-d1fbf7b8a28c', 'x-openstack-manila-api-version': '2.90', 'vary': 'X-OpenStack-Manila-API-Version', 'x-openstack-request-id': 'req-687c72a8-c2f7-41da-a0c2-d1fbf7b8a28c', 'connection': 'close', 'status': '200', 'content-location': 'http://10.132.46.216/share/v2/1aa9b7d91db74b22992e1f0fc2be95c1/types/1ca4b8d5-92ba-41f7-b2a1-d7995077c02a/extra_specs/availability_zones'}
        Body: b'{"availability_zones": "az_that_doesnt_exist"}'

{2} manila_tempest_tests.tests.api.test_share_type_availability_zones_negative.ShareTypeAvailabilityZonesNegativeTest.test_share_type_azs_shares_unsupported_az [0.018235s] ... FAILED

Captured traceback:
~~~~~~~~~~~~~~~~~~~
    Traceback (most recent call last):

      File "/opt/stack/tempest/manila-tempest-plugin/manila_tempest_tests/tests/api/test_share_type_availability_zones_negative.py", line 88, in test_share_type_azs_shares_unsupported_az
    availability_zone=self.valid_azs[0],
                      ~~~~~~~~~~~~~~^^^

    IndexError: list index out of range


Captured pythonlogging:
~~~~~~~~~~~~~~~~~~~~~~~
    2026-02-06 07:12:06,342 167949 INFO     [tempest.lib.common.rest_client] Request (ShareTypeAvailabilityZonesNegativeTest:test_share_type_azs_shares_unsupported_az): 200 PUT http://10.132.46.216/share/v2/1aa9b7d91db74b22992e1f0fc2be95c1/types/1ca4b8d5-92ba-41f7-b2a1-d7995077c02a/extra_specs/availability_zones 0.017s
2026-02-06 07:12:06,342 167949 DEBUG    [tempest.lib.common.rest_client] Request - Headers: {'Content-Type': 'application/json', 'Accept': 'application/json', 'x-openstack-manila-api-version': '2.90', 'X-Auth-Token': '<omitted>'}
        Body: {"availability_zones": "az_that_doesnt_exist"}
    Response - Headers: {'date': 'Fri, 06 Feb 2026 07:12:06 GMT', 'server': 'Apache/2.4.58 (Ubuntu)', 'content-type': 'application/json', 'content-length': '46', 'x-compute-request-id': 'req-9cefe38a-e213-4b6b-bef5-f36fd84d5910', 'x-openstack-manila-api-version': '2.90', 'vary': 'X-OpenStack-Manila-API-Version', 'x-openstack-request-id': 'req-9cefe38a-e213-4b6b-bef5-f36fd84d5910', 'connection': 'close', 'status': '200', 'content-location': 'http://10.132.46.216/share/v2/1aa9b7d91db74b22992e1f0fc2be95c1/types/1ca4b8d5-92ba-41f7-b2a1-d7995077c02a/extra_specs/availability_zones'}
        Body: b'{"availability_zones": "az_that_doesnt_exist"}'

{3} setUpClass (manila_tempest_tests.tests.api.test_metadata.SharesMetadataTest) [0.000000s] ... FAILED

Captured traceback:
~~~~~~~~~~~~~~~~~~~
    Traceback (most recent call last):

      File "/opt/stack/tempest/tempest/test.py", line 185, in setUpClass
    raise value.with_traceback(trace)

      File "/opt/stack/tempest/tempest/test.py", line 178, in setUpClass
    cls.resource_setup()

      File "/opt/stack/tempest/manila-tempest-plugin/manila_tempest_tests/tests/api/test_metadata.py", line 35, in resource_setup
    cls.share = cls.create_share(share_type_id=cls.share_type_id)
                ^^^^^^^^^^^^^^^^^^^^^^^^^^^^^^^^^^^^^^^^^^^^^^^^^

      File "/opt/stack/tempest/manila-tempest-plugin/manila_tempest_tests/tests/api/base.py", line 411, in create_share
    result = cls.create_shares([{"args": args, "kwargs": kwargs}])
             ^^^^^^^^^^^^^^^^^^^^^^^^^^^^^^^^^^^^^^^^^^^^^^^^^^^^^

      File "/opt/stack/tempest/manila-tempest-plugin/manila_tempest_tests/tests/api/base.py", line 469, in create_shares
    waiters.wait_for_resource_status(

      File "/opt/stack/tempest/manila-tempest-plugin/manila_tempest_tests/common/waiters.py", line 109, in wait_for_resource_status
    raise resource_exception(resource_id=resource_id)

    manila_tempest_tests.share_exceptions.ShareBuildErrorException: Share 298385c1-4418-492b-9f01-031167aab129 failed to build and is in ERROR status

{0} manila_tempest_tests.tests.api.test_share_transfers_negative.ShareTransferNegativeTest.test_accept_transfer_without_auth_key [3.277838s] ... FAILED

Captured traceback:
~~~~~~~~~~~~~~~~~~~
    Traceback (most recent call last):

      File "/opt/stack/tempest/manila-tempest-plugin/manila_tempest_tests/tests/api/test_share_transfers_negative.py", line 112, in test_accept_transfer_without_auth_key
    share = self.create_share(
            ^^^^^^^^^^^^^^^^^^

      File "/opt/stack/tempest/manila-tempest-plugin/manila_tempest_tests/tests/api/base.py", line 411, in create_share
    result = cls.create_shares([{"args": args, "kwargs": kwargs}])
             ^^^^^^^^^^^^^^^^^^^^^^^^^^^^^^^^^^^^^^^^^^^^^^^^^^^^^

      File "/opt/stack/tempest/manila-tempest-plugin/manila_tempest_tests/tests/api/base.py", line 469, in create_shares
    waiters.wait_for_resource_status(

      File "/opt/stack/tempest/manila-tempest-plugin/manila_tempest_tests/common/waiters.py", line 109, in wait_for_resource_status
    raise resource_exception(resource_id=resource_id)

    manila_tempest_tests.share_exceptions.ShareBuildErrorException: Share baeb8e05-4e61-43be-b307-798f408ac58c failed to build and is in ERROR status


Captured pythonlogging:
~~~~~~~~~~~~~~~~~~~~~~~
    2026-02-06 07:12:04,714 167945 INFO     [tempest.lib.common.rest_client] Request (ShareTransferNegativeTest:test_accept_transfer_without_auth_key): 200 POST http://10.132.46.216/share/v2/a1ba3d7696c748d1b5aa86f04230689e/shares 0.194s
2026-02-06 07:12:04,714 167945 DEBUG    [tempest.lib.common.rest_client] Request - Headers: {'Content-Type': 'application/json', 'Accept': 'application/json', 'x-openstack-manila-api-version': '2.90', 'X-Auth-Token': '<omitted>'}
        Body: {"share": {"share_proto": "nfs", "description": "Tempest's share", "snapshot_id": null, "name": "tempest-tempest-share-name-1504616074", "size": 1, "metadata": {}, "is_public": false, "share_type": "4c5096bf-d214-4119-885c-1b4f92814be6"}}
    Response - Headers: {'date': 'Fri, 06 Feb 2026 07:12:04 GMT', 'server': 'Apache/2.4.58 (Ubuntu)', 'content-type': 'application/json', 'content-length': '1337', 'x-compute-request-id': 'req-a0f68d8d-d13e-4d34-8449-83acfee33811', 'x-openstack-manila-api-version': '2.90', 'vary': 'X-OpenStack-Manila-API-Version', 'x-openstack-request-id': 'req-a0f68d8d-d13e-4d34-8449-83acfee33811', 'connection': 'close', 'status': '200', 'content-location': 'http://10.132.46.216/share/v2/a1ba3d7696c748d1b5aa86f04230689e/shares'}
        Body: b'{"share": {"id": "baeb8e05-4e61-43be-b307-798f408ac58c", "size": 1, "availability_zone": null, "created_at": "2026-02-06T07:12:04.601914", "status": "creating", "name": "tempest-tempest-share-name-1504616074", "description": "Tempest\'s share", "project_id": "a1ba3d7696c748d1b5aa86f04230689e", "snapshot_id": null, "share_network_id": null, "share_proto": "NFS", "metadata": {}, "share_type": "4c5096bf-d214-4119-885c-1b4f92814be6", "volume_type": "tempest-typeshare-type-792025684", "links": [{"rel": "self", "href": "http://10.132.46.216/share/v2/a1ba3d7696c748d1b5aa86f04230689e/shares/baeb8e05-4e61-43be-b307-798f408ac58c"}, {"rel": "bookmark", "href": "http://10.132.46.216/share/a1ba3d7696c748d1b5aa86f04230689e/shares/baeb8e05-4e61-43be-b307-798f408ac58c"}], "is_public": false, "snapshot_support": false, "task_state": null, "share_type_name": "tempest-typeshare-type-792025684", "access_rules_status": "active", "replication_type": null, "has_replicas": false, "user_id": "efe70438227141db9e2832adfbf2803b", "create_share_from_snapshot_support": false, "revert_to_snapshot_support": false, "share_group_id": null, "source_share_group_snapshot_member_id": null, "mount_snapshot_support": false, "progress": null, "is_soft_deleted": false, "scheduled_to_be_deleted_at": null, "source_backup_id": null, "encryption_key_ref": null}}'
2026-02-06 07:12:04,744 167945 INFO     [tempest.lib.common.rest_client] Request (ShareTransferNegativeTest:test_accept_transfer_without_auth_key): 200 GET http://10.132.46.216/share/v2/a1ba3d7696c748d1b5aa86f04230689e/shares/baeb8e05-4e61-43be-b307-798f408ac58c 0.029s
2026-02-06 07:12:04,744 167945 DEBUG    [tempest.lib.common.rest_client] Request - Headers: {'Content-Type': 'application/json', 'Accept': 'application/json', 'x-openstack-manila-api-version': '2.90', 'X-Auth-Token': '<omitted>'}
        Body: None
    Response - Headers: {'date': 'Fri, 06 Feb 2026 07:12:04 GMT', 'server': 'Apache/2.4.58 (Ubuntu)', 'content-type': 'application/json', 'content-length': '1337', 'x-compute-request-id': 'req-5db816dc-b265-4bdc-a160-2da04417ea12', 'x-openstack-manila-api-version': '2.90', 'vary': 'X-OpenStack-Manila-API-Version', 'x-openstack-request-id': 'req-5db816dc-b265-4bdc-a160-2da04417ea12', 'connection': 'close', 'status': '200', 'content-location': 'http://10.132.46.216/share/v2/a1ba3d7696c748d1b5aa86f04230689e/shares/baeb8e05-4e61-43be-b307-798f408ac58c'}
        Body: b'{"share": {"id": "baeb8e05-4e61-43be-b307-798f408ac58c", "size": 1, "availability_zone": null, "created_at": "2026-02-06T07:12:04.601914", "status": "creating", "name": "tempest-tempest-share-name-1504616074", "description": "Tempest\'s share", "project_id": "a1ba3d7696c748d1b5aa86f04230689e", "snapshot_id": null, "share_network_id": null, "share_proto": "NFS", "metadata": {}, "share_type": "4c5096bf-d214-4119
    -885c-1b4f92814be6", "volume_type": "tempest-typeshare-type-792025684", "links": [{"rel": "self", "href": "http://10.132.46.216/share/v2/a1ba3d7696c748d1b5aa86f04230689e/shares/baeb8e05-4e61-43be-b307-798f408ac58c"}, {"rel": "bookmark", "href": "http://10.132.46.216/share/a1ba3d7696c748d1b5aa86f04230689e/shares/baeb8e05-4e61-43be-b307-798f408ac58c"}], "is_public": false, "snapshot_support": false, "task_state": null, "share_type_name": "tempest-typeshare-type-792025684", "access_rules_status": "active", "replication_type": null, "has_replicas": false, "user_id": "efe70438227141db9e2832adfbf2803b", "create_share_from_snapshot_support": false, "revert_to_snapshot_support": false, "share_group_id": null, "source_share_group_snapshot_member_id": null, "mount_snapshot_support": false, "progress": null, "is_soft_deleted": false, "scheduled_to_be_deleted_at": null, "source_backup_id": null, "encryption_key_ref": null}}'
2026-02-06 07:12:07,794 167945 INFO     [tempest.lib.common.rest_client] Request (ShareTransferNegativeTest:test_accept_transfer_without_auth_key): 200 GET http://10.132.46.216/share/v2/a1ba3d7696c748d1b5aa86f04230689e/shares/baeb8e05-4e61-43be-b307-798f408ac58c 0.048s
2026-02-06 07:12:07,794 167945 DEBUG    [tempest.lib.common.rest_client] Request - Headers: {'Content-Type': 'application/json', 'Accept': 'application/json', 'x-openstack-manila-api-version': '2.90', 'X-Auth-Token': '<omitted>'}
        Body: None
    Response - Headers: {'date': 'Fri, 06 Feb 2026 07:12:07 GMT', 'server': 'Apache/2.4.58 (Ubuntu)', 'content-type': 'application/json', 'content-length': '1334', 'x-compute-request-id': 'req-33c0d232-5fcf-4acd-af53-00d71a86d05c', 'x-openstack-manila-api-version': '2.90', 'vary': 'X-OpenStack-Manila-API-Version', 'x-openstack-request-id': 'req-33c0d232-5fcf-4acd-af53-00d71a86d05c', 'connection': 'close', 'status': '200', 'content-location': 'http://10.132.46.216/share/v2/a1ba3d7696c748d1b5aa86f04230689e/shares/baeb8e05-4e61-43be-b307-798f408ac58c'}
        Body: b'{"share": {"id": "baeb8e05-4e61-43be-b307-798f408ac58c", "size": 1, "availability_zone": null, "created_at": "2026-02-06T07:12:04.601914", "status": "error", "name": "tempest-tempest-share-name-1504616074", "description": "Tempest\'s share", "project_id": "a1ba3d7696c748d1b5aa86f04230689e", "snapshot_id": null, "share_network_id": null, "share_proto": "NFS", "metadata": {}, "share_type": "4c5096bf-d214-4119-885c-1b4f92814be6", "volume_type": "tempest-typeshare-type-792025684", "links": [{"rel": "self", "href": "http://10.132.46.216/share/v2/a1ba3d7696c748d1b5aa86f04230689e/shares/baeb8e05-4e61-43be-b307-798f408ac58c"}, {"rel": "bookmark", "href": "http://10.132.46.216/share/a1ba3d7696c748d1b5aa86f04230689e/shares/baeb8e05-4e61-43be-b307-798f408ac58c"}], "is_public": false, "snapshot_support": false, "task_state": null, "share_type_name": "tempest-typeshare-type-792025684", "access_rules_status": "active", "replication_type": null, "has_replicas": false, "user_id": "efe70438227141db9e2832adfbf2803b", "create_share_from_snapshot_support": false, "revert_to_snapshot_support": false, "share_group_id": null, "source_share_group_snapshot_member_id": null, "mount_snapshot_support": false, "progress": null, "is_soft_deleted": false, "scheduled_to_be_deleted_at": null, "source_backup_id": null, "encryption_key_ref": null}}'

{3} manila_tempest_tests.tests.api.test_microversions.MicroversionsTest.test_microversions_root_version [0.012100s] ... ok
{3} manila_tempest_tests.tests.api.test_microversions.MicroversionsTest.test_microversions_v1_no_version [0.081989s] ... ok
{3} manila_tempest_tests.tests.api.test_microversions.MicroversionsTest.test_microversions_v1_with_version [0.013546s] ... ok
{3} manila_tempest_tests.tests.api.test_microversions.MicroversionsTest.test_microversions_v2_invalid_version [0.008382s] ... ok
{3} manila_tempest_tests.tests.api.test_microversions.MicroversionsTest.test_microversions_v2_max_version [0.007061s] ... ok
{3} manila_tempest_tests.tests.api.test_microversions.MicroversionsTest.test_microversions_v2_min_version [0.006923s] ... ok
{3} manila_tempest_tests.tests.api.test_microversions.MicroversionsTest.test_microversions_v2_no_version [0.008789s] ... ok
{3} manila_tempest_tests.tests.api.test_microversions.MicroversionsTest.test_microversions_v2_unacceptable_version [0.012299s] ... ok
{0} manila_tempest_tests.tests.api.test_share_transfers_negative.ShareTransferNegativeTest.test_delete_nonexistent_transfer [0.309887s] ... ok
{2} setUpClass (manila_tempest_tests.tests.api.test_shares.SharesCIFSTest) ... SKIPPED: cifs tests are disabled
{2} setUpClass (manila_tempest_tests.tests.api.test_shares.SharesHDFSTest) ... SKIPPED: hdfs tests are disabled
{2} manila_tempest_tests.tests.api.test_shares.SharesNFSTest.test_create_delete_snapshot ... SKIPPED: Snapshot tests are disabled.
{0} manila_tempest_tests.tests.api.test_share_transfers_negative.ShareTransferNegativeTest.test_delete_transfer_of_other_tenants [3.488147s] ... FAILED

Captured traceback:
~~~~~~~~~~~~~~~~~~~
    Traceback (most recent call last):

      File "/opt/stack/tempest/manila-tempest-plugin/manila_tempest_tests/tests/api/test_share_transfers_negative.py", line 89, in test_delete_transfer_of_other_tenants
    share = self.create_share(
            ^^^^^^^^^^^^^^^^^^

      File "/opt/stack/tempest/manila-tempest-plugin/manila_tempest_tests/tests/api/base.py", line 411, in create_share
    result = cls.create_shares([{"args": args, "kwargs": kwargs}])
             ^^^^^^^^^^^^^^^^^^^^^^^^^^^^^^^^^^^^^^^^^^^^^^^^^^^^^

      File "/opt/stack/tempest/manila-tempest-plugin/manila_tempest_tests/tests/api/base.py", line 469, in create_shares
    waiters.wait_for_resource_status(

      File "/opt/stack/tempest/manila-tempest-plugin/manila_tempest_tests/common/waiters.py", line 109, in wait_for_resource_status
    raise resource_exception(resource_id=resource_id)

    manila_tempest_tests.share_exceptions.ShareBuildErrorException: Share 1ea917e1-8198-4862-81fe-bd92d193c628 failed to build and is in ERROR status


Captured pythonlogging:
~~~~~~~~~~~~~~~~~~~~~~~
    2026-02-06 07:12:08,309 167945 INFO     [tempest.lib.common.rest_client] Request (ShareTransferNegativeTest:test_delete_transfer_of_other_tenants): 200 POST http://10.132.46.216/share/v2/a1ba3d7696c748d1b5aa86f04230689e/shares 0.201s
2026-02-06 07:12:08,309 167945 DEBUG    [tempest.lib.common.rest_client] Request - Headers: {'Content-Type': 'application/json', 'Accept': 'application/json', 'x-openstack-manila-api-version': '2.90', 'X-Auth-Token': '<omitted>'}
        Body: {"share": {"share_proto": "nfs", "description": "Tempest's share", "snapshot_id": null, "name": "tempest-tempest-share-name-1488304705", "size": 1, "metadata": {}, "is_public": false, "share_type": "4c5096bf-d214-4119-885c-1b4f92814be6"}}
    Response - Headers: {'date': 'Fri, 06 Feb 2026 07:12:08 GMT', 'server': 'Apache/2.4.58 (Ubuntu)', 'content-type': 'application/json', 'content-length': '1337', 'x-compute-request-id': 'req-62ac639f-588a-4899-a30c-fc518adfb629', 'x-openstack-manila-api-version': '2.90', 'vary': 'X-OpenStack-Manila-API-Version', 'x-openstack-request-id': 'req-62ac639f-588a-4899-a30c-fc518adfb629', 'connection': 'close', 'status': '200', 'content-location': 'http://10.132.46.216/share/v2/a1ba3d7696c748d1b5aa86f04230689e/shares'}
        Body: b'{"share": {"id": "1ea917e1-8198-4862-81fe-bd92d193c628", "size": 1, "availability_zone": null, "created_at": "2026-02-06T07:12:08.188242", "status": "creating", "name": "tempest-tempest-share-name-1488304705", "description": "Tempest\'s share", "project_id": "a1ba3d7696c748d1b5aa86f04230689e", "snapshot_id": null, "share_network_id": null, "share_proto": "NFS", "metadata": {}, "share_type": "4c5096bf-d214-4119-885c-1b4f92814be6", "volume_type": "tempest-typeshare-type-792025684", "links": [{"rel": "self", "href": "http://10.132.46.216/share/v2/a1ba3d7696c748d1b5aa86f04230689e/shares/1ea917e1-8198-4862-81fe-bd92d193c628"}, {"rel": "bookmark", "href": "http://10.132.46.216/share/a1ba3d7696c748d1b5aa86f04230689e/shares/1ea917e1-8198-4862-81fe-bd92d193c628"}], "is_public": false, "snapshot_support": false, "task_state": null, "share_type_name": "tempest-typeshare-type-792025684", "access_rules_status": "active", "replication_type": null, "has_replicas": false, "user_id": "efe70438227141db9e2832adfbf2803b", "create_share_from_snapshot_support": false, "revert_to_snapshot_support": false, "share_group_id": null, "source_share_group_snapshot_member_id": null, "mount_snapshot_support": false, "progress": null, "is_soft_deleted": false, "scheduled_to_be_deleted_at": null, "source_backup_id": null, "encryption_key_ref": null}}'
2026-02-06 07:12:08,563 167945 INFO     [tempest.lib.common.rest_client] Request (ShareTransferNegativeTest:test_delete_transfer_of_other_tenants): 200 GET http://10.132.46.216/share/v2/a1ba3d7696c748d1b5aa86f04230689e/shares/1ea917e1-8198-4862-81fe-bd92d193c628 0.253s
2026-02-06 07:12:08,564 167945 DEBUG    [tempest.lib.common.rest_client] Request - Headers: {'Content-Type': 'application/json', 'Accept': 'application/json', 'x-openstack-manila-api-version': '2.90', 'X-Auth-Token': '<omitted>'}
        Body: None
    Response - Headers: {'date': 'Fri, 06 Feb 2026 07:12:08 GMT', 'server': 'Apache/2.4.58 (Ubuntu)', 'content-type': 'application/json', 'content-length': '1337', 'x-compute-request-id': 'req-e15403fa-8b6a-4d25-800d-3ce66e41df8e', 'x-openstack-manila-api-version': '2.90', 'vary': 'X-OpenStack-Manila-API-Version', 'x-openstack-request-id': 'req-e15403fa-8b6a-4d25-800d-3ce66e41df8e', 'connection': 'close', 'status': '200', 'content-location': 'http://10.132.46.216/share/v2/a1ba3d7696c748d1b5aa86f04230689e/shares/1ea917e1-8198-4862-81fe-bd92d193c628'}
        Body: b'{"share": {"id": "1ea917e1-8198-4862-81fe-bd92d193c628", "size": 1, "availability_zone": null, "created_at": "2026-02-06T07:12:08.188242", "status": "creating", "name": "tempest-tempest-share-name-1488304705", "description": "Tempest\'s share", "project_id": "a1ba3d7696c748d1b5aa86f04230689e", "snapshot_id": null, "share_network_id": null, "share_proto": "NFS", "metadata": {}, "share_type": "4c5096bf-d214-4119
    -885c-1b4f92814be6", "volume_type": "tempest-typeshare-type-792025684", "links": [{"rel": "self", "href": "http://10.132.46.216/share/v2/a1ba3d7696c748d1b5aa86f04230689e/shares/1ea917e1-8198-4862-81fe-bd92d193c628"}, {"rel": "bookmark", "href": "http://10.132.46.216/share/a1ba3d7696c748d1b5aa86f04230689e/shares/1ea917e1-8198-4862-81fe-bd92d193c628"}], "is_public": false, "snapshot_support": false, "task_state": null, "share_type_name": "tempest-typeshare-type-792025684", "access_rules_status": "active", "replication_type": null, "has_replicas": false, "user_id": "efe70438227141db9e2832adfbf2803b", "create_share_from_snapshot_support": false, "revert_to_snapshot_support": false, "share_group_id": null, "source_share_group_snapshot_member_id": null, "mount_snapshot_support": false, "progress": null, "is_soft_deleted": false, "scheduled_to_be_deleted_at": null, "source_backup_id": null, "encryption_key_ref": null}}'
2026-02-06 07:12:11,594 167945 INFO     [tempest.lib.common.rest_client] Request (ShareTransferNegativeTest:test_delete_transfer_of_other_tenants): 200 GET http://10.132.46.216/share/v2/a1ba3d7696c748d1b5aa86f04230689e/shares/1ea917e1-8198-4862-81fe-bd92d193c628 0.029s
2026-02-06 07:12:11,594 167945 DEBUG    [tempest.lib.common.rest_client] Request - Headers: {'Content-Type': 'application/json', 'Accept': 'application/json', 'x-openstack-manila-api-version': '2.90', 'X-Auth-Token': '<omitted>'}
        Body: None
    Response - Headers: {'date': 'Fri, 06 Feb 2026 07:12:11 GMT', 'server': 'Apache/2.4.58 (Ubuntu)', 'content-type': 'application/json', 'content-length': '1334', 'x-compute-request-id': 'req-aeb7396c-69df-4c53-8796-8e09caeeca74', 'x-openstack-manila-api-version': '2.90', 'vary': 'X-OpenStack-Manila-API-Version', 'x-openstack-request-id': 'req-aeb7396c-69df-4c53-8796-8e09caeeca74', 'connection': 'close', 'status': '200', 'content-location': 'http://10.132.46.216/share/v2/a1ba3d7696c748d1b5aa86f04230689e/shares/1ea917e1-8198-4862-81fe-bd92d193c628'}
        Body: b'{"share": {"id": "1ea917e1-8198-4862-81fe-bd92d193c628", "size": 1, "availability_zone": null, "created_at": "2026-02-06T07:12:08.188242", "status": "error", "name": "tempest-tempest-share-name-1488304705", "description": "Tempest\'s share", "project_id": "a1ba3d7696c748d1b5aa86f04230689e", "snapshot_id": null, "share_network_id": null, "share_proto": "NFS", "metadata": {}, "share_type": "4c5096bf-d214-4119-885c-1b4f92814be6", "volume_type": "tempest-typeshare-type-792025684", "links": [{"rel": "self", "href": "http://10.132.46.216/share/v2/a1ba3d7696c748d1b5aa86f04230689e/shares/1ea917e1-8198-4862-81fe-bd92d193c628"}, {"rel": "bookmark", "href": "http://10.132.46.216/share/a1ba3d7696c748d1b5aa86f04230689e/shares/1ea917e1-8198-4862-81fe-bd92d193c628"}], "is_public": false, "snapshot_support": false, "task_state": null, "share_type_name": "tempest-typeshare-type-792025684", "access_rules_status": "active", "replication_type": null, "has_replicas": false, "user_id": "efe70438227141db9e2832adfbf2803b", "create_share_from_snapshot_support": false, "revert_to_snapshot_support": false, "share_group_id": null, "source_share_group_snapshot_member_id": null, "mount_snapshot_support": false, "progress": null, "is_soft_deleted": false, "scheduled_to_be_deleted_at": null, "source_backup_id": null, "encryption_key_ref": null}}'

{0} manila_tempest_tests.tests.api.test_share_transfers_negative.ShareTransferNegativeTest.test_show_nonexistent_transfer [0.027235s] ... ok
{3} setUpClass (manila_tempest_tests.tests.api.test_rules_negative.ShareCertRulesForGLUSTERFSNegativeTest) ... SKIPPED: CERT rule tests for glusterfs protocol are disabled
{2} manila_tempest_tests.tests.api.test_shares.SharesNFSTest.test_create_get_delete_share [3.386486s] ... FAILED

Captured traceback:
~~~~~~~~~~~~~~~~~~~
    Traceback (most recent call last):

      File "/opt/stack/tempest/manila-tempest-plugin/manila_tempest_tests/tests/api/test_shares.py", line 50, in test_create_get_delete_share
    share = self.create_share(self.protocol,
            ^^^^^^^^^^^^^^^^^^^^^^^^^^^^^^^^

      File "/opt/stack/tempest/manila-tempest-plugin/manila_tempest_tests/tests/api/base.py", line 411, in create_share
    result = cls.create_shares([{"args": args, "kwargs": kwargs}])
             ^^^^^^^^^^^^^^^^^^^^^^^^^^^^^^^^^^^^^^^^^^^^^^^^^^^^^

      File "/opt/stack/tempest/manila-tempest-plugin/manila_tempest_tests/tests/api/base.py", line 469, in create_shares
    waiters.wait_for_resource_status(

      File "/opt/stack/tempest/manila-tempest-plugin/manila_tempest_tests/common/waiters.py", line 109, in wait_for_resource_status
    raise resource_exception(resource_id=resource_id)

    manila_tempest_tests.share_exceptions.ShareBuildErrorException: Share e23d0b9e-7321-4d32-80e4-9c2a7768fb4e failed to build and is in ERROR status


Captured pythonlogging:
~~~~~~~~~~~~~~~~~~~~~~~
    2026-02-06 07:12:11,571 167949 INFO     [tempest.lib.common.rest_client] Request (SharesNFSTest:test_create_get_delete_share): 200 POST http://10.132.46.216/share/v2/8af3487372a64ee9999b94fdca5c6ac6/shares 0.318s
2026-02-06 07:12:11,571 167949 DEBUG    [tempest.lib.common.rest_client] Request - Headers: {'Content-Type': 'application/json', 'Accept': 'application/json', 'x-openstack-manila-api-version': '2.90', 'X-Auth-Token': '<omitted>'}
        Body: {"share": {"share_proto": "nfs", "description": "Tempest's share", "snapshot_id": null, "name": "tempest-tempest-created-share-545953764", "size": 1, "metadata": {}, "is_public": false, "share_type": "ca72a8bf-818e-4d52-90e2-107104f585f3"}}
    Response - Headers: {'date': 'Fri, 06 Feb 2026 07:12:11 GMT', 'server': 'Apache/2.4.58 (Ubuntu)', 'content-type': 'application/json', 'content-length': '1339', 'x-compute-request-id': 'req-1d0c5472-f41a-43cb-9786-2aa63842301a', 'x-openstack-manila-api-version': '2.90', 'vary': 'X-OpenStack-Manila-API-Version', 'x-openstack-request-id': 'req-1d0c5472-f41a-43cb-9786-2aa63842301a', 'connection': 'close', 'status': '200', 'content-location': 'http://10.132.46.216/share/v2/8af3487372a64ee9999b94fdca5c6ac6/shares'}
        Body: b'{"share": {"id": "e23d0b9e-7321-4d32-80e4-9c2a7768fb4e", "size": 1, "availability_zone": null, "created_at": "2026-02-06T07:12:11.449330", "status": "creating", "name": "tempest-tempest-created-share-545953764", "description": "Tempest\'s share", "project_id": "8af3487372a64ee9999b94fdca5c6ac6", "snapshot_id": null, "share_network_id": null, "share_proto": "NFS", "metadata": {}, "share_type": "ca72a8bf-818e-4d52-90e2-107104f585f3", "volume_type": "tempest-typeshare-type-824004695", "links": [{"rel": "self", "href": "http://10.132.46.216/share/v2/8af3487372a64ee9999b94fdca5c6ac6/shares/e23d0b9e-7321-4d32-80e4-9c2a7768fb4e"}, {"rel": "bookmark", "href": "http://10.132.46.216/share/8af3487372a64ee9999b94fdca5c6ac6/shares/e23d0b9e-7321-4d32-80e4-9c2a7768fb4e"}], "is_public": false, "snapshot_support": false, "task_state": null, "share_type_name": "tempest-typeshare-type-824004695", "access_rules_status": "active", "replication_type": null, "has_replicas": false, "user_id": "bc073105a81942f8b98eb4c3ca3e2640", "create_share_from_snapshot_support": false, "revert_to_snapshot_support": false, "share_group_id": null, "source_share_group_snapshot_member_id": null, "mount_snapshot_support": false, "progress": null, "is_soft_deleted": false, "scheduled_to_be_deleted_at": null, "source_backup_id": null, "encryption_key_ref": null}}'
2026-02-06 07:12:11,607 167949 INFO     [tempest.lib.common.rest_client] Request (SharesNFSTest:test_create_get_delete_share): 200 GET http://10.132.46.216/share/v2/8af3487372a64ee9999b94fdca5c6ac6/shares/e23d0b9e-7321-4d32-80e4-9c2a7768fb4e 0.035s
2026-02-06 07:12:11,608 167949 DEBUG    [tempest.lib.common.rest_client] Request - Headers: {'Content-Type': 'application/json', 'Accept': 'application/json', 'x-openstack-manila-api-version': '2.90', 'X-Auth-Token': '<omitted>'}
        Body: None
    Response - Headers: {'date': 'Fri, 06 Feb 2026 07:12:11 GMT', 'server': 'Apache/2.4.58 (Ubuntu)', 'content-type': 'application/json', 'content-length': '1339', 'x-compute-request-id': 'req-4bf5c882-a02b-4ee5-be81-84476503454e', 'x-openstack-manila-api-version': '2.90', 'vary': 'X-OpenStack-Manila-API-Version', 'x-openstack-request-id': 'req-4bf5c882-a02b-4ee5-be81-84476503454e', 'connection': 'close', 'status': '200', 'content-location': 'http://10.132.46.216/share/v2/8af3487372a64ee9999b94fdca5c6ac6/shares/e23d0b9e-7321-4d32-80e4-9c2a7768fb4e'}
        Body: b'{"share": {"id": "e23d0b9e-7321-4d32-80e4-9c2a7768fb4e", "size": 1, "availability_zone": null, "created_at": "2026-02-06T07:12:11.449330", "status": "creating", "name": "tempest-tempest-created-share-545953764", "description": "Tempest\'s share", "project_id": "8af3487372a64ee9999b94fdca5c6ac6", "snapshot_id": null, "share_network_id": null, "share_proto": "NFS", "metadata": {}, "share_type": "ca72a8bf-818e-4d52-90e2-107104f585f3", "volume_type": 
    "tempest-typeshare-type-824004695", "links": [{"rel": "self", "href": "http://10.132.46.216/share/v2/8af3487372a64ee9999b94fdca5c6ac6/shares/e23d0b9e-7321-4d32-80e4-9c2a7768fb4e"}, {"rel": "bookmark", "href": "http://10.132.46.216/share/8af3487372a64ee9999b94fdca5c6ac6/shares/e23d0b9e-7321-4d32-80e4-9c2a7768fb4e"}], "is_public": false, "snapshot_support": false, "task_state": null, "share_type_name": "tempest-typeshare-type-824004695", "access_rules_status": "active", "replication_type": null, "has_replicas": false, "user_id": "bc073105a81942f8b98eb4c3ca3e2640", "create_share_from_snapshot_support": false, "revert_to_snapshot_support": false, "share_group_id": null, "source_share_group_snapshot_member_id": null, "mount_snapshot_support": false, "progress": null, "is_soft_deleted": false, "scheduled_to_be_deleted_at": null, "source_backup_id": null, "encryption_key_ref": null}}'
2026-02-06 07:12:14,636 167949 INFO     [tempest.lib.common.rest_client] Request (SharesNFSTest:test_create_get_delete_share): 200 GET http://10.132.46.216/share/v2/8af3487372a64ee9999b94fdca5c6ac6/shares/e23d0b9e-7321-4d32-80e4-9c2a7768fb4e 0.027s
2026-02-06 07:12:14,636 167949 DEBUG    [tempest.lib.common.rest_client] Request - Headers: {'Content-Type': 'application/json', 'Accept': 'application/json', 'x-openstack-manila-api-version': '2.90', 'X-Auth-Token': '<omitted>'}
        Body: None
    Response - Headers: {'date': 'Fri, 06 Feb 2026 07:12:14 GMT', 'server': 'Apache/2.4.58 (Ubuntu)', 'content-type': 'application/json', 'content-length': '1336', 'x-compute-request-id': 'req-695f6f3e-712b-4a85-88e0-86f50d3cc23e', 'x-openstack-manila-api-version': '2.90', 'vary': 'X-OpenStack-Manila-API-Version', 'x-openstack-request-id': 'req-695f6f3e-712b-4a85-88e0-86f50d3cc23e', 'connection': 'close', 'status': '200', 'content-location': 'http://10.132.46.216/share/v2/8af3487372a64ee9999b94fdca5c6ac6/shares/e23d0b9e-7321-4d32-80e4-9c2a7768fb4e'}
        Body: b'{"share": {"id": "e23d0b9e-7321-4d32-80e4-9c2a7768fb4e", "size": 1, "availability_zone": null, "created_at": "2026-02-06T07:12:11.449330", "status": "error", "name": "tempest-tempest-created-share-545953764", "description": "Tempest\'s share", "project_id": "8af3487372a64ee9999b94fdca5c6ac6", "snapshot_id": null, "share_network_id": null, "share_proto": "NFS", "metadata": {}, "share_type": "ca72a8bf-818e-4d52-90e2-107104f585f3", "volume_type": "tempest-typeshare-type-824004695", "links": [{"rel": "self", "href": "http://10.132.46.216/share/v2/8af3487372a64ee9999b94fdca5c6ac6/shares/e23d0b9e-7321-4d32-80e4-9c2a7768fb4e"}, {"rel": "bookmark", "href": "http://10.132.46.216/share/8af3487372a64ee9999b94fdca5c6ac6/shares/e23d0b9e-7321-4d32-80e4-9c2a7768fb4e"}], "is_public": false, "snapshot_support": false, "task_state": null, "share_type_name": "tempest-typeshare-type-824004695", "access_rules_status": "active", "replication_type": null, "has_replicas": false, "user_id": "bc073105a81942f8b98eb4c3ca3e2640", "create_share_from_snapshot_support": false, "revert_to_snapshot_support": false, "share_group_id": null, "source_share_group_snapshot_member_id": null, "mount_snapshot_support": false, "progress": null, "is_soft_deleted": false, "scheduled_to_be_deleted_at": null, "source_backup_id": null, "encryption_key_ref": null}}'

{2} manila_tempest_tests.tests.api.test_shares.SharesNFSTest.test_create_share_from_snapshot ... SKIPPED: Snapshot tests are disabled.
{2} manila_tempest_tests.tests.api.test_shares.SharesNFSTest.test_create_share_from_snapshot_share_network_not_provided ... SKIPPED: Only for multitenancy.
{0} manila_tempest_tests.tests.api.test_share_transfers_negative.ShareTransferNegativeTest.test_show_transfer_of_other_tenants [3.258068s] ... FAILED

Captured traceback:
~~~~~~~~~~~~~~~~~~~
    Traceback (most recent call last):

      File "/opt/stack/tempest/manila-tempest-plugin/manila_tempest_tests/tests/api/test_share_transfers_negative.py", line 66, in test_show_transfer_of_other_tenants
    share = self.create_share(
            ^^^^^^^^^^^^^^^^^^

      File "/opt/stack/tempest/manila-tempest-plugin/manila_tempest_tests/tests/api/base.py", line 411, in create_share
    result = cls.create_shares([{"args": args, "kwargs": kwargs}])
             ^^^^^^^^^^^^^^^^^^^^^^^^^^^^^^^^^^^^^^^^^^^^^^^^^^^^^

      File "/opt/stack/tempest/manila-tempest-plugin/manila_tempest_tests/tests/api/base.py", line 469, in create_shares
    waiters.wait_for_resource_status(

      File "/opt/stack/tempest/manila-tempest-plugin/manila_tempest_tests/common/waiters.py", line 109, in wait_for_resource_status
    raise resource_exception(resource_id=resource_id)

    manila_tempest_tests.share_exceptions.ShareBuildErrorException: Share 4d39900c-7314-4a2a-ba76-4bac5c5b54ed failed to build and is in ERROR status


Captured pythonlogging:
~~~~~~~~~~~~~~~~~~~~~~~
    2026-02-06 07:12:11,815 167945 INFO     [tempest.lib.common.rest_client] Request (ShareTransferNegativeTest:test_show_transfer_of_other_tenants): 200 POST http://10.132.46.216/share/v2/a1ba3d7696c748d1b5aa86f04230689e/shares 0.190s
2026-02-06 07:12:11,815 167945 DEBUG    [tempest.lib.common.rest_client] Request - Headers: {'Content-Type': 'application/json', 'Accept': 'application/json', 'x-openstack-manila-api-version': '2.90', 'X-Auth-Token': '<omitted>'}
        Body: {"share": {"share_proto": "nfs", "description": "Tempest's share", "snapshot_id": null, "name": "tempest-tempest-share-name-833718206", "size": 1, "metadata": {}, "is_public": false, "share_type": "4c5096bf-d214-4119-885c-1b4f92814be6"}}
    Response - Headers: {'date': 'Fri, 06 Feb 2026 07:12:11 GMT', 'server': 'Apache/2.4.58 (Ubuntu)', 'content-type': 'application/json', 'content-length': '1336', 'x-compute-request-id': 'req-734b1a21-b94b-4833-b066-9712dbee0359', 'x-openstack-manila-api-version': '2.90', 'vary': 'X-OpenStack-Manila-API-Version', 'x-openstack-request-id': 'req-734b1a21-b94b-4833-b066-9712dbee0359', 'connection': 'close', 'status': '200', 'content-location': 'http://10.132.46.216/share/v2/a1ba3d7696c748d1b5aa86f04230689e/shares'}
        Body: b'{"share": {"id": "4d39900c-7314-4a2a-ba76-4bac5c5b54ed", "size": 1, "availability_zone": null, "created_at": "2026-02-06T07:12:11.686613", "status": "creating", "name": "tempest-tempest-share-name-833718206", "description": "Tempest\'s share", "project_id": "a1ba3d7696c748d1b5aa86f04230689e", "snapshot_id": null, "share_network_id": null, "share_proto": "NFS", "metadata": {}, "share_type": "4c5096bf-d214-4119-885c-1b4f92814be6", "volume_type": "tempest-typeshare-type-792025684", "links": [{"rel": "self", "href": "http://10.132.46.216/share/v2/a1ba3d7696c748d1b5aa86f04230689e/shares/4d39900c-7314-4a2a-ba76-4bac5c5b54ed"}, {"rel": "bookmark", "href": "http://10.132.46.216/share/a1ba3d7696c748d1b5aa86f04230689e/shares/4d39900c-7314-4a2a-ba76-4bac5c5b54ed"}], "is_public": false, "snapshot_support": false, "task_state": null, "share_type_name": "tempest-typeshare-type-792025684", "access_rules_status": "active", "replication_type": null, "has_replicas": false, "user_id": "efe70438227141db9e2832adfbf2803b", "create_share_from_snapshot_support": false, "revert_to_snapshot_support": false, "share_group_id": null, "source_share_group_snapshot_member_id": null, "mount_snapshot_support": false, "progress": null, "is_soft_deleted": false, "scheduled_to_be_deleted_at": null, "source_backup_id": null, "encryption_key_ref": null}}'
2026-02-06 07:12:11,849 167945 INFO     [tempest.lib.common.rest_client] Request (ShareTransferNegativeTest:test_show_transfer_of_other_tenants): 200 GET http://10.132.46.216/share/v2/a1ba3d7696c748d1b5aa86f04230689e/shares/4d39900c-7314-4a2a-ba76-4bac5c5b54ed 0.032s
2026-02-06 07:12:11,849 167945 DEBUG    [tempest.lib.common.rest_client] Request - Headers: {'Content-Type': 'application/json', 'Accept': 'application/json', 'x-openstack-manila-api-version': '2.90', 'X-Auth-Token': '<omitted>'}
        Body: None
    Response - Headers: {'date': 'Fri, 06 Feb 2026 07:12:11 GMT', 'server': 'Apache/2.4.58 (Ubuntu)', 'content-type': 'application/json', 'content-length': '1336', 'x-compute-request-id': 'req-5eab304f-da42-4d65-b792-1b14c5ee1c71', 'x-openstack-manila-api-version': '2.90', 'vary': 'X-OpenStack-Manila-API-Version', 'x-openstack-request-id': 'req-5eab304f-da42-4d65-b792-1b14c5ee1c71', 'connection': 'close', 'status': '200', 'content-location': 'http://10.132.46.216/share/v2/a1ba3d7696c748d1b5aa86f04230689e/shares/4d39900c-7314-4a2a-ba76-4bac5c5b54ed'}
        Body: b'{"share": {"id": "4d39900c-7314-4a2a-ba76-4bac5c5b54ed", "size": 1, "availability_zone": null, "created_at": "2026-02-06T07:12:11.686613", "status": "creating", "name": "tempest-tempest-share-name-833718206", "description": "Tempest\'s share", "project_id": "a1ba3d7696c748d1b5aa86f04230689e", "snapshot_id": null, "share_network_id": null, "share_proto": "NFS", "metadata": {}, "share_type": "4c5096bf-d214-4119-885c-1
    b4f92814be6", "volume_type": "tempest-typeshare-type-792025684", "links": [{"rel": "self", "href": "http://10.132.46.216/share/v2/a1ba3d7696c748d1b5aa86f04230689e/shares/4d39900c-7314-4a2a-ba76-4bac5c5b54ed"}, {"rel": "bookmark", "href": "http://10.132.46.216/share/a1ba3d7696c748d1b5aa86f04230689e/shares/4d39900c-7314-4a2a-ba76-4bac5c5b54ed"}], "is_public": false, "snapshot_support": false, "task_state": null, "share_type_name": "tempest-typeshare-type-792025684", "access_rules_status": "active", "replication_type": null, "has_replicas": false, "user_id": "efe70438227141db9e2832adfbf2803b", "create_share_from_snapshot_support": false, "revert_to_snapshot_support": false, "share_group_id": null, "source_share_group_snapshot_member_id": null, "mount_snapshot_support": false, "progress": null, "is_soft_deleted": false, "scheduled_to_be_deleted_at": null, "source_backup_id": null, "encryption_key_ref": null}}'
2026-02-06 07:12:14,880 167945 INFO     [tempest.lib.common.rest_client] Request (ShareTransferNegativeTest:test_show_transfer_of_other_tenants): 200 GET http://10.132.46.216/share/v2/a1ba3d7696c748d1b5aa86f04230689e/shares/4d39900c-7314-4a2a-ba76-4bac5c5b54ed 0.030s
2026-02-06 07:12:14,880 167945 DEBUG    [tempest.lib.common.rest_client] Request - Headers: {'Content-Type': 'application/json', 'Accept': 'application/json', 'x-openstack-manila-api-version': '2.90', 'X-Auth-Token': '<omitted>'}
        Body: None
    Response - Headers: {'date': 'Fri, 06 Feb 2026 07:12:14 GMT', 'server': 'Apache/2.4.58 (Ubuntu)', 'content-type': 'application/json', 'content-length': '1333', 'x-compute-request-id': 'req-6b7cf532-4edc-40c2-8660-b2215e224d90', 'x-openstack-manila-api-version': '2.90', 'vary': 'X-OpenStack-Manila-API-Version', 'x-openstack-request-id': 'req-6b7cf532-4edc-40c2-8660-b2215e224d90', 'connection': 'close', 'status': '200', 'content-location': 'http://10.132.46.216/share/v2/a1ba3d7696c748d1b5aa86f04230689e/shares/4d39900c-7314-4a2a-ba76-4bac5c5b54ed'}
        Body: b'{"share": {"id": "4d39900c-7314-4a2a-ba76-4bac5c5b54ed", "size": 1, "availability_zone": null, "created_at": "2026-02-06T07:12:11.686613", "status": "error", "name": "tempest-tempest-share-name-833718206", "description": "Tempest\'s share", "project_id": "a1ba3d7696c748d1b5aa86f04230689e", "snapshot_id": null, "share_network_id": null, "share_proto": "NFS", "metadata": {}, "share_type": "4c5096bf-d214-4119-885c-1b4f92814be6", "volume_type": "tempest-typeshare-type-792025684", "links": [{"rel": "self", "href": "http://10.132.46.216/share/v2/a1ba3d7696c748d1b5aa86f04230689e/shares/4d39900c-7314-4a2a-ba76-4bac5c5b54ed"}, {"rel": "bookmark", "href": "http://10.132.46.216/share/a1ba3d7696c748d1b5aa86f04230689e/shares/4d39900c-7314-4a2a-ba76-4bac5c5b54ed"}], "is_public": false, "snapshot_support": false, "task_state": null, "share_type_name": "tempest-typeshare-type-792025684", "access_rules_status": "active", "replication_type": null, "has_replicas": false, "user_id": "efe70438227141db9e2832adfbf2803b", "create_share_from_snapshot_support": false, "revert_to_snapshot_support": false, "share_group_id": null, "source_share_group_snapshot_member_id": null, "mount_snapshot_support": false, "progress": null, "is_soft_deleted": false, "scheduled_to_be_deleted_at": null, "source_backup_id": null, "encryption_key_ref": null}}'

{3} setUpClass (manila_tempest_tests.tests.api.test_rules_negative.ShareUserRulesForNFSNegativeTest) ... SKIPPED: USER rule tests for nfs protocol are disabled
{3} manila_tempest_tests.tests.api.test_security_services_mapping.SecurityServicesMappingTest.test_map_ss_to_sn_and_delete [0.613185s] ... ok
{3} manila_tempest_tests.tests.api.test_security_services_mapping.SecurityServicesMappingTest.test_map_ss_to_sn_and_list [0.435673s] ... ok
{0} setUpClass (manila_tempest_tests.tests.api.test_shares.SharesCephFSTest) ... SKIPPED: cephfs tests are disabled
{0} setUpClass (manila_tempest_tests.tests.api.test_shares.SharesMapRFSTest) ... SKIPPED: maprfs tests are disabled
{3} manila_tempest_tests.tests.api.test_security_services_mapping.SecurityServicesMappingTest.test_remap_ss_to_sn [0.544455s] ... ok
{3} setUpClass (manila_tempest_tests.tests.api.test_share_encryption_negative.SharesEncryptionNegativeTest) ... SKIPPED: Encryption tests are disabled.
{3} setUpClass (manila_tempest_tests.tests.api.test_share_group_actions.ShareGroupRenameTest) ... SKIPPED: Share Group tests disabled.
{0} manila_tempest_tests.tests.api.test_shares_negative.SharesAPIOnlyNegativeTest.test_create_share_non_existent_az [0.116332s] ... ok
{0} manila_tempest_tests.tests.api.test_shares_negative.SharesAPIOnlyNegativeTest.test_create_share_size_greater_than_specified_in_share_type [0.024110s] ... ok
{0} manila_tempest_tests.tests.api.test_shares_negative.SharesAPIOnlyNegativeTest.test_create_share_size_less_than_specified_in_share_type [0.019292s] ... ok
{0} manila_tempest_tests.tests.api.test_shares_negative.SharesAPIOnlyNegativeTest.test_create_share_with_invalid_protocol [0.017262s] ... ok
{0} manila_tempest_tests.tests.api.test_shares_negative.SharesAPIOnlyNegativeTest.test_create_share_with_invalid_size [0.014985s] ... ok
{0} manila_tempest_tests.tests.api.test_shares_negative.SharesAPIOnlyNegativeTest.test_create_share_with_out_passing_size [0.013434s] ... ok
{0} manila_tempest_tests.tests.api.test_shares_negative.SharesAPIOnlyNegativeTest.test_create_share_with_wrong_public_value [0.008306s] ... ok
{0} manila_tempest_tests.tests.api.test_shares_negative.SharesAPIOnlyNegativeTest.test_create_share_with_zero_size [0.015403s] ... ok
{0} manila_tempest_tests.tests.api.test_shares_negative.SharesAPIOnlyNegativeTest.test_create_snapshot_with_wrong_id ... SKIPPED: Snapshot tests are disabled.
{0} manila_tempest_tests.tests.api.test_shares_negative.SharesAPIOnlyNegativeTest.test_delete_share_with_wrong_id [0.017329s] ... ok
{0} manila_tempest_tests.tests.api.test_shares_negative.SharesAPIOnlyNegativeTest.test_delete_share_without_passing_share_id [0.006048s] ... ok
{0} manila_tempest_tests.tests.api.test_shares_negative.SharesAPIOnlyNegativeTest.test_delete_snapshot_with_wrong_id ... SKIPPED: Snapshot tests are disabled.
{0} manila_tempest_tests.tests.api.test_shares_negative.SharesAPIOnlyNegativeTest.test_get_share_with_wrong_id [0.016244s] ... ok
{0} manila_tempest_tests.tests.api.test_shares_negative.SharesAPIOnlyNegativeTest.test_get_share_without_passing_share_id [0.005647s] ... ok
{0} manila_tempest_tests.tests.api.test_shares_negative.SharesAPIOnlyNegativeTest.test_list_by_share_server_by_user [0.010315s] ... ok
{0} manila_tempest_tests.tests.api.test_shares_negative.SharesAPIOnlyNegativeTest.test_list_by_user_with_host_filter [0.011375s] ... ok
{0} manila_tempest_tests.tests.api.test_shares_negative.SharesAPIOnlyNegativeTest.test_list_shares_non******_with_nonexistent_share_server_filter [0.011256s] ... ok
{0} manila_tempest_tests.tests.api.test_shares_negative.SharesAPIOnlyNegativeTest.test_manage_share_by_user [0.010146s] ... ok
{0} manila_tempest_tests.tests.api.test_shares_negative.SharesAPIOnlyNegativeTest.test_unmanage_share_by_user [0.009247s] ... ok
{3} manila_tempest_tests.tests.api.test_share_network_subnets.ShareNetworkSubnetsTest.test_create_delete_subnet [0.459266s] ... ok
{3} manila_tempest_tests.tests.api.test_share_network_subnets.ShareNetworkSubnetsTest.test_create_share_on_share_network_with_multiple_subnets_1_True ... SKIPPED: Only for multitenancy.
{3} manila_tempest_tests.tests.api.test_share_network_subnets.ShareNetworkSubnetsTest.test_create_share_on_share_network_with_multiple_subnets_2_False ... SKIPPED: Only for multitenancy.
{3} manila_tempest_tests.tests.api.test_share_network_subnets.ShareNetworkSubnetsTest.test_create_share_on_subnet_with_availability_zone ... SKIPPED: Only for multitenancy.
{3} manila_tempest_tests.tests.api.test_share_network_subnets.ShareNetworkSubnetsTest.test_show_share_network_subnet [0.451629s] ... ok
{3} setUpClass (manila_tempest_tests.tests.api.test_share_servers_multiple_subnet_negative.ShareServerMultipleSubNegativeTest) ... SKIPPED: Multitenancy tests are disabled.
{0} manila_tempest_tests.tests.api.test_shares_negative.SharesNegativeTest.test_create_share_from_snap_with_different_share_network ... SKIPPED: Only for multitenancy.
{0} manila_tempest_tests.tests.api.test_shares_negative.SharesNegativeTest.test_create_share_from_snap_with_less_size ... SKIPPED: Snapshot tests are disabled.
{0} manila_tempest_tests.tests.api.test_shares_negative.SharesNegativeTest.test_create_share_with_nonexistant_share_network ... SKIPPED: Only for multitenancy.
{0} manila_tempest_tests.tests.api.test_shares_negative.SharesNegativeTest.test_try_delete_share_with_existing_snapshot ... SKIPPED: Snapshot tests are disabled.
{2} setUpClass (manila_tempest_tests.tests.api.test_shares_actions.SharesActionsTest) [0.000000s] ... FAILED

Captured traceback:
~~~~~~~~~~~~~~~~~~~
    Traceback (most recent call last):

      File "/opt/stack/tempest/tempest/test.py", line 185, in setUpClass
    raise value.with_traceback(trace)

      File "/opt/stack/tempest/tempest/test.py", line 178, in setUpClass
    cls.resource_setup()

      File "/opt/stack/tempest/manila-tempest-plugin/manila_tempest_tests/tests/api/test_shares_actions.py", line 58, in resource_setup
    cls.shares.append(cls.create_share(
                      ^^^^^^^^^^^^^^^^^

      File "/opt/stack/tempest/manila-tempest-plugin/manila_tempest_tests/tests/api/base.py", line 411, in create_share
    result = cls.create_shares([{"args": args, "kwargs": kwargs}])
             ^^^^^^^^^^^^^^^^^^^^^^^^^^^^^^^^^^^^^^^^^^^^^^^^^^^^^

      File "/opt/stack/tempest/manila-tempest-plugin/manila_tempest_tests/tests/api/base.py", line 469, in create_shares
    waiters.wait_for_resource_status(

      File "/opt/stack/tempest/manila-tempest-plugin/manila_tempest_tests/common/waiters.py", line 109, in wait_for_resource_status
    raise resource_exception(resource_id=resource_id)

    manila_tempest_tests.share_exceptions.ShareBuildErrorException: Share 31ac38b7-d56b-4d00-b229-39e4213a98a0 failed to build and is in ERROR status

{0} setUpClass (manila_tempest_tests.tests.api.test_snapshot_metadata.ShareSnapshotMetadataTest) ... SKIPPED: Snapshot tests are disabled.
{0} setUpClass (manila_tempest_tests.tests.api.test_snapshot_rules_negative.SnapshotIpRulesForNFSNegativeTest) ... SKIPPED: Snapshot tests are disabled.
{3} manila_tempest_tests.tests.api.test_share_transfers.ShareTransferTest.test_create_and_accept_share_transfer [3.404943s] ... FAILED

Captured traceback:
~~~~~~~~~~~~~~~~~~~
    Traceback (most recent call last):

      File "/opt/stack/tempest/manila-tempest-plugin/manila_tempest_tests/tests/api/test_share_transfers.py", line 83, in test_create_and_accept_share_transfer
    share = self.create_share(name=share_name,
            ^^^^^^^^^^^^^^^^^^^^^^^^^^^^^^^^^^

      File "/opt/stack/tempest/manila-tempest-plugin/manila_tempest_tests/tests/api/base.py", line 411, in create_share
    result = cls.create_shares([{"args": args, "kwargs": kwargs}])
             ^^^^^^^^^^^^^^^^^^^^^^^^^^^^^^^^^^^^^^^^^^^^^^^^^^^^^

      File "/opt/stack/tempest/manila-tempest-plugin/manila_tempest_tests/tests/api/base.py", line 469, in create_shares
    waiters.wait_for_resource_status(

      File "/opt/stack/tempest/manila-tempest-plugin/manila_tempest_tests/common/waiters.py", line 109, in wait_for_resource_status
    raise resource_exception(resource_id=resource_id)

    manila_tempest_tests.share_exceptions.ShareBuildErrorException: Share ed563a52-b996-4c78-934c-5d7f115df821 failed to build and is in ERROR status


Captured pythonlogging:
~~~~~~~~~~~~~~~~~~~~~~~
    2026-02-06 07:12:28,536 167951 INFO     [tempest.lib.common.rest_client] Request (ShareTransferTest:test_create_and_accept_share_transfer): 200 POST http://10.132.46.216/share/v2/754a2e5dd2194dfb9125c608df1694d5/shares 0.324s
2026-02-06 07:12:28,537 167951 DEBUG    [tempest.lib.common.rest_client] Request - Headers: {'Content-Type': 'application/json', 'Accept': 'application/json', 'x-openstack-manila-api-version': '2.90', 'X-Auth-Token': '<omitted>'}
        Body: {"share": {"share_proto": "nfs", "description": "Tempest's share", "snapshot_id": null, "name": "tempest-tempest-share-name-558994083", "size": 1, "metadata": {}, "is_public": false, "share_type": "90420d7c-69c9-44a7-b372-06687b829007"}}
    Response - Headers: {'date': 'Fri, 06 Feb 2026 07:12:28 GMT', 'server': 'Apache/2.4.58 (Ubuntu)', 'content-type': 'application/json', 'content-length': '1338', 'x-compute-request-id': 'req-7d2e9b16-f364-44bf-9259-29bdffe25a5e', 'x-openstack-manila-api-version': '2.90', 'vary': 'X-OpenStack-Manila-API-Version', 'x-openstack-request-id': 'req-7d2e9b16-f364-44bf-9259-29bdffe25a5e', 'connection': 'close', 'status': '200', 'content-location': 'http://10.132.46.216/share/v2/754a2e5dd2194dfb9125c608df1694d5/shares'}
        Body: b'{"share": {"id": "ed563a52-b996-4c78-934c-5d7f115df821", "size": 1, "availability_zone": null, "created_at": "2026-02-06T07:12:28.416307", "status": "creating", "name": "tempest-tempest-share-name-558994083", "description": "Tempest\'s share", "project_id": "754a2e5dd2194dfb9125c608df1694d5", "snapshot_id": null, "share_network_id": null, "share_proto": "NFS", "metadata": {}, "share_type": "90420d7c-69c9-44a7-b372-06687b829007", "volume_type": "tempest-typeshare-type-1583348948", "links": [{"rel": "self", "href": "http://10.132.46.216/share/v2/754a2e5dd2194dfb9125c608df1694d5/shares/ed563a52-b996-4c78-934c-5d7f115df821"}, {"rel": "bookmark", "href": "http://10.132.46.216/share/754a2e5dd2194dfb9125c608df1694d5/shares/ed563a52-b996-4c78-934c-5d7f115df821"}], "is_public": false, "snapshot_support": false, "task_state": null, "share_type_name": "tempest-typeshare-type-1583348948", "access_rules_status": "active", "replication_type": null, "has_replicas": false, "user_id": "17bde81ff72e434288cc2a86aa014171", "create_share_from_snapshot_support": false, "revert_to_snapshot_support": false, "share_group_id": null, "source_share_group_snapshot_member_id": null, "mount_snapshot_support": false, "progress": null, "is_soft_deleted": false, "scheduled_to_be_deleted_at": null, "source_backup_id": null, "encryption_key_ref": null}}'
2026-02-06 07:12:28,571 167951 INFO     [tempest.lib.common.rest_client] Request (ShareTransferTest:test_create_and_accept_share_transfer): 200 GET http://10.132.46.216/share/v2/754a2e5dd2194dfb9125c608df1694d5/shares/ed563a52-b996-4c78-934c-5d7f115df821 0.034s
2026-02-06 07:12:28,572 167951 DEBUG    [tempest.lib.common.rest_client] Request - Headers: {'Content-Type': 'application/json', 'Accept': 'application/json', 'x-openstack-manila-api-version': '2.90', 'X-Auth-Token': '<omitted>'}
        Body: None
    Response - Headers: {'date': 'Fri, 06 Feb 2026 07:12:28 GMT', 'server': 'Apache/2.4.58 (Ubuntu)', 'content-type': 'application/json', 'content-length': '1338', 'x-compute-request-id': 'req-13231d94-6881-4f64-96d2-7aeb55cc29fe', 'x-openstack-manila-api-version': '2.90', 'vary': 'X-OpenStack-Manila-API-Version', 'x-openstack-request-id': 'req-13231d94-6881-4f64-96d2-7aeb55cc29fe', 'connection': 'close', 'status': '200', 'content-location': 'http://10.132.46.216/share/v2/754a2e5dd2194dfb9125c608df1694d5/shares/ed563a52-b996-4c78-934c-5d7f115df821'}
        Body: b'{"share": {"id": "ed563a52-b996-4c78-934c-5d7f115df821", "size": 1, "availability_zone": null, "created_at": "2026-02-06T07:12:28.416307", "status": "creating", "name": "tempest-tempest-share-name-558994083", "description": "Tempest\'s share", "project_id": "754a2e5dd2194dfb9125c608df1694d5", "snapshot_id": null, "share_network_id": null, "share_proto": "NFS", "metadata": {}, "share_type": "90420d7c-69c9-44a7-b372-06687b82900
    7", "volume_type": "tempest-typeshare-type-1583348948", "links": [{"rel": "self", "href": "http://10.132.46.216/share/v2/754a2e5dd2194dfb9125c608df1694d5/shares/ed563a52-b996-4c78-934c-5d7f115df821"}, {"rel": "bookmark", "href": "http://10.132.46.216/share/754a2e5dd2194dfb9125c608df1694d5/shares/ed563a52-b996-4c78-934c-5d7f115df821"}], "is_public": false, "snapshot_support": false, "task_state": null, "share_type_name": "tempest-typeshare-type-1583348948", "access_rules_status": "active", "replication_type": null, "has_replicas": false, "user_id": "17bde81ff72e434288cc2a86aa014171", "create_share_from_snapshot_support": false, "revert_to_snapshot_support": false, "share_group_id": null, "source_share_group_snapshot_member_id": null, "mount_snapshot_support": false, "progress": null, "is_soft_deleted": false, "scheduled_to_be_deleted_at": null, "source_backup_id": null, "encryption_key_ref": null}}'
2026-02-06 07:12:31,613 167951 INFO     [tempest.lib.common.rest_client] Request (ShareTransferTest:test_create_and_accept_share_transfer): 200 GET http://10.132.46.216/share/v2/754a2e5dd2194dfb9125c608df1694d5/shares/ed563a52-b996-4c78-934c-5d7f115df821 0.040s
2026-02-06 07:12:31,614 167951 DEBUG    [tempest.lib.common.rest_client] Request - Headers: {'Content-Type': 'application/json', 'Accept': 'application/json', 'x-openstack-manila-api-version': '2.90', 'X-Auth-Token': '<omitted>'}
        Body: None
    Response - Headers: {'date': 'Fri, 06 Feb 2026 07:12:31 GMT', 'server': 'Apache/2.4.58 (Ubuntu)', 'content-type': 'application/json', 'content-length': '1335', 'x-compute-request-id': 'req-e053950e-dcfa-46a1-ac96-0304ebbdc56e', 'x-openstack-manila-api-version': '2.90', 'vary': 'X-OpenStack-Manila-API-Version', 'x-openstack-request-id': 'req-e053950e-dcfa-46a1-ac96-0304ebbdc56e', 'connection': 'close', 'status': '200', 'content-location': 'http://10.132.46.216/share/v2/754a2e5dd2194dfb9125c608df1694d5/shares/ed563a52-b996-4c78-934c-5d7f115df821'}
        Body: b'{"share": {"id": "ed563a52-b996-4c78-934c-5d7f115df821", "size": 1, "availability_zone": null, "created_at": "2026-02-06T07:12:28.416307", "status": "error", "name": "tempest-tempest-share-name-558994083", "description": "Tempest\'s share", "project_id": "754a2e5dd2194dfb9125c608df1694d5", "snapshot_id": null, "share_network_id": null, "share_proto": "NFS", "metadata": {}, "share_type": "90420d7c-69c9-44a7-b372-06687b829007", "volume_type": "tempest-typeshare-type-1583348948", "links": [{"rel": "self", "href": "http://10.132.46.216/share/v2/754a2e5dd2194dfb9125c608df1694d5/shares/ed563a52-b996-4c78-934c-5d7f115df821"}, {"rel": "bookmark", "href": "http://10.132.46.216/share/754a2e5dd2194dfb9125c608df1694d5/shares/ed563a52-b996-4c78-934c-5d7f115df821"}], "is_public": false, "snapshot_support": false, "task_state": null, "share_type_name": "tempest-typeshare-type-1583348948", "access_rules_status": "active", "replication_type": null, "has_replicas": false, "user_id": "17bde81ff72e434288cc2a86aa014171", "create_share_from_snapshot_support": false, "revert_to_snapshot_support": false, "share_group_id": null, "source_share_group_snapshot_member_id": null, "mount_snapshot_support": false, "progress": null, "is_soft_deleted": false, "scheduled_to_be_deleted_at": null, "source_backup_id": null, "encryption_key_ref": null}}'

{3} manila_tempest_tests.tests.api.test_share_transfers.ShareTransferTest.test_create_and_delete_share_transfer [3.504036s] ... FAILED

Captured traceback:
~~~~~~~~~~~~~~~~~~~
    Traceback (most recent call last):

      File "/opt/stack/tempest/manila-tempest-plugin/manila_tempest_tests/tests/api/test_share_transfers.py", line 53, in test_create_and_delete_share_transfer
    share = self.create_share(name=share_name,
            ^^^^^^^^^^^^^^^^^^^^^^^^^^^^^^^^^^

      File "/opt/stack/tempest/manila-tempest-plugin/manila_tempest_tests/tests/api/base.py", line 411, in create_share
    result = cls.create_shares([{"args": args, "kwargs": kwargs}])
             ^^^^^^^^^^^^^^^^^^^^^^^^^^^^^^^^^^^^^^^^^^^^^^^^^^^^^

      File "/opt/stack/tempest/manila-tempest-plugin/manila_tempest_tests/tests/api/base.py", line 469, in create_shares
    waiters.wait_for_resource_status(

      File "/opt/stack/tempest/manila-tempest-plugin/manila_tempest_tests/common/waiters.py", line 109, in wait_for_resource_status
    raise resource_exception(resource_id=resource_id)

    manila_tempest_tests.share_exceptions.ShareBuildErrorException: Share 91d57892-8c2b-4e9d-8562-f9c8b1d44226 failed to build and is in ERROR status


Captured pythonlogging:
~~~~~~~~~~~~~~~~~~~~~~~
    2026-02-06 07:12:31,800 167951 INFO     [tempest.lib.common.rest_client] Request (ShareTransferTest:test_create_and_delete_share_transfer): 200 POST http://10.132.46.216/share/v2/754a2e5dd2194dfb9125c608df1694d5/shares 0.181s
2026-02-06 07:12:31,800 167951 DEBUG    [tempest.lib.common.rest_client] Request - Headers: {'Content-Type': 'application/json', 'Accept': 'application/json', 'x-openstack-manila-api-version': '2.90', 'X-Auth-Token': '<omitted>'}
        Body: {"share": {"share_proto": "nfs", "description": "Tempest's share", "snapshot_id": null, "name": "tempest-tempest-share-name-1174446320", "size": 1, "metadata": {}, "is_public": false, "share_type": "90420d7c-69c9-44a7-b372-06687b829007"}}
    Response - Headers: {'date': 'Fri, 06 Feb 2026 07:12:31 GMT', 'server': 'Apache/2.4.58 (Ubuntu)', 'content-type': 'application/json', 'content-length': '1339', 'x-compute-request-id': 'req-2bd5c3f5-99d4-4ca1-9250-09db8ebd3224', 'x-openstack-manila-api-version': '2.90', 'vary': 'X-OpenStack-Manila-API-Version', 'x-openstack-request-id': 'req-2bd5c3f5-99d4-4ca1-9250-09db8ebd3224', 'connection': 'close', 'status': '200', 'content-location': 'http://10.132.46.216/share/v2/754a2e5dd2194dfb9125c608df1694d5/shares'}
        Body: b'{"share": {"id": "91d57892-8c2b-4e9d-8562-f9c8b1d44226", "size": 1, "availability_zone": null, "created_at": "2026-02-06T07:12:31.687373", "status": "creating", "name": "tempest-tempest-share-name-1174446320", "description": "Tempest\'s share", "project_id": "754a2e5dd2194dfb9125c608df1694d5", "snapshot_id": null, "share_network_id": null, "share_proto": "NFS", "metadata": {}, "share_type": "90420d7c-69c9-44a7-b372-06687b829007", "volume_type": "tempest-typeshare-type-1583348948", "links": [{"rel": "self", "href": "http://10.132.46.216/share/v2/754a2e5dd2194dfb9125c608df1694d5/shares/91d57892-8c2b-4e9d-8562-f9c8b1d44226"}, {"rel": "bookmark", "href": "http://10.132.46.216/share/754a2e5dd2194dfb9125c608df1694d5/shares/91d57892-8c2b-4e9d-8562-f9c8b1d44226"}], "is_public": false, "snapshot_support": false, "task_state": null, "share_type_name": "tempest-typeshare-type-1583348948", "access_rules_status": "active", "replication_type": null, "has_replicas": false, "user_id": "17bde81ff72e434288cc2a86aa014171", "create_share_from_snapshot_support": false, "revert_to_snapshot_support": false, "share_group_id": null, "source_share_group_snapshot_member_id": null, "mount_snapshot_support": false, "progress": null, "is_soft_deleted": false, "scheduled_to_be_deleted_at": null, "source_backup_id": null, "encryption_key_ref": null}}'
2026-02-06 07:12:31,835 167951 INFO     [tempest.lib.common.rest_client] Request (ShareTransferTest:test_create_and_delete_share_transfer): 200 GET http://10.132.46.216/share/v2/754a2e5dd2194dfb9125c608df1694d5/shares/91d57892-8c2b-4e9d-8562-f9c8b1d44226 0.034s
2026-02-06 07:12:31,835 167951 DEBUG    [tempest.lib.common.rest_client] Request - Headers: {'Content-Type': 'application/json', 'Accept': 'application/json', 'x-openstack-manila-api-version': '2.90', 'X-Auth-Token': '<omitted>'}
        Body: None
    Response - Headers: {'date': 'Fri, 06 Feb 2026 07:12:31 GMT', 'server': 'Apache/2.4.58 (Ubuntu)', 'content-type': 'application/json', 'content-length': '1339', 'x-compute-request-id': 'req-75e961fa-096f-440f-b53a-c77b2ac642ca', 'x-openstack-manila-api-version': '2.90', 'vary': 'X-OpenStack-Manila-API-Version', 'x-openstack-request-id': 'req-75e961fa-096f-440f-b53a-c77b2ac642ca', 'connection': 'close', 'status': '200', 'content-location': 'http://10.132.46.216/share/v2/754a2e5dd2194dfb9125c608df1694d5/shares/91d57892-8c2b-4e9d-8562-f9c8b1d44226'}
        Body: b'{"share": {"id": "91d57892-8c2b-4e9d-8562-f9c8b1d44226", "size": 1, "availability_zone": null, "created_at": "2026-02-06T07:12:31.687373", "status": "creating", "name": "tempest-tempest-share-name-1174446320", "description": "Tempest\'s share", "project_id": "754a2e5dd2194dfb9125c608df1694d5", "snapshot_id": null, "share_network_id": null, "share_proto": "NFS", "metadata": {}, "share_type": "90420d7c-69c9-44a7-b372-06687b82
    9007", "volume_type": "tempest-typeshare-type-1583348948", "links": [{"rel": "self", "href": "http://10.132.46.216/share/v2/754a2e5dd2194dfb9125c608df1694d5/shares/91d57892-8c2b-4e9d-8562-f9c8b1d44226"}, {"rel": "bookmark", "href": "http://10.132.46.216/share/754a2e5dd2194dfb9125c608df1694d5/shares/91d57892-8c2b-4e9d-8562-f9c8b1d44226"}], "is_public": false, "snapshot_support": false, "task_state": null, "share_type_name": "tempest-typeshare-type-1583348948", "access_rules_status": "active", "replication_type": null, "has_replicas": false, "user_id": "17bde81ff72e434288cc2a86aa014171", "create_share_from_snapshot_support": false, "revert_to_snapshot_support": false, "share_group_id": null, "source_share_group_snapshot_member_id": null, "mount_snapshot_support": false, "progress": null, "is_soft_deleted": false, "scheduled_to_be_deleted_at": null, "source_backup_id": null, "encryption_key_ref": null}}'
2026-02-06 07:12:34,867 167951 INFO     [tempest.lib.common.rest_client] Request (ShareTransferTest:test_create_and_delete_share_transfer): 200 GET http://10.132.46.216/share/v2/754a2e5dd2194dfb9125c608df1694d5/shares/91d57892-8c2b-4e9d-8562-f9c8b1d44226 0.031s
2026-02-06 07:12:34,867 167951 DEBUG    [tempest.lib.common.rest_client] Request - Headers: {'Content-Type': 'application/json', 'Accept': 'application/json', 'x-openstack-manila-api-version': '2.90', 'X-Auth-Token': '<omitted>'}
        Body: None
    Response - Headers: {'date': 'Fri, 06 Feb 2026 07:12:34 GMT', 'server': 'Apache/2.4.58 (Ubuntu)', 'content-type': 'application/json', 'content-length': '1336', 'x-compute-request-id': 'req-736a25aa-469c-49fd-9fb6-73de37ec91a9', 'x-openstack-manila-api-version': '2.90', 'vary': 'X-OpenStack-Manila-API-Version', 'x-openstack-request-id': 'req-736a25aa-469c-49fd-9fb6-73de37ec91a9', 'connection': 'close', 'status': '200', 'content-location': 'http://10.132.46.216/share/v2/754a2e5dd2194dfb9125c608df1694d5/shares/91d57892-8c2b-4e9d-8562-f9c8b1d44226'}
        Body: b'{"share": {"id": "91d57892-8c2b-4e9d-8562-f9c8b1d44226", "size": 1, "availability_zone": null, "created_at": "2026-02-06T07:12:31.687373", "status": "error", "name": "tempest-tempest-share-name-1174446320", "description": "Tempest\'s share", "project_id": "754a2e5dd2194dfb9125c608df1694d5", "snapshot_id": null, "share_network_id": null, "share_proto": "NFS", "metadata": {}, "share_type": "90420d7c-69c9-44a7-b372-06687b829007", "volume_type": "tempest-typeshare-type-1583348948", "links": [{"rel": "self", "href": "http://10.132.46.216/share/v2/754a2e5dd2194dfb9125c608df1694d5/shares/91d57892-8c2b-4e9d-8562-f9c8b1d44226"}, {"rel": "bookmark", "href": "http://10.132.46.216/share/754a2e5dd2194dfb9125c608df1694d5/shares/91d57892-8c2b-4e9d-8562-f9c8b1d44226"}], "is_public": false, "snapshot_support": false, "task_state": null, "share_type_name": "tempest-typeshare-type-1583348948", "access_rules_status": "active", "replication_type": null, "has_replicas": false, "user_id": "17bde81ff72e434288cc2a86aa014171", "create_share_from_snapshot_support": false, "revert_to_snapshot_support": false, "share_group_id": null, "source_share_group_snapshot_member_id": null, "mount_snapshot_support": false, "progress": null, "is_soft_deleted": false, "scheduled_to_be_deleted_at": null, "source_backup_id": null, "encryption_key_ref": null}}'
2026-02-06 07:12:34,889 167951 INFO     [tempest.lib.common.rest_client] Request (ShareTransferTest:_run_cleanups): 200 GET http://10.132.46.216/share/v2/754a2e5dd2194dfb9125c608df1694d5/share-replicas/detail?share_id=91d57892-8c2b-4e9d-8562-f9c8b1d44226 0.020s
2026-02-06 07:12:34,889 167951 DEBUG    [tempest.lib.common.rest_client] Request - Headers: {'Content-Type': 'application/json', 'Accept': 'application/json', 'x-openstack-manila-api-version': '2.90', 'X-Auth-Token': '<omitted>'}
        Body: None
    Response - Headers: {'date': 'Fri, 06 Feb 2026 07:12:34 GMT', 'server': 'Apache/2.4.58 (Ubuntu)', 'content-type': 'application/json', 'content-length': '22', 'x-compute-request-id': 'req-47ff4337-1e47-4725-ba38-0023ae47500a', 'x-openstack-manil
    a-api-version': '2.90', 'vary': 'X-OpenStack-Manila-API-Version', 'x-openstack-request-id': 'req-47ff4337-1e47-4725-ba38-0023ae47500a', 'connection': 'close', 'status': '200', 'content-location': 'http://10.132.46.216/share/v2/754a2e5dd2194dfb9125c608df1694d5/share-replicas/detail?share_id=91d57892-8c2b-4e9d-8562-f9c8b1d44226'}
        Body: b'{"share_replicas": []}'
2026-02-06 07:12:35,107 167951 INFO     [tempest.lib.common.rest_client] Request (ShareTransferTest:_run_cleanups): 202 DELETE http://10.132.46.216/share/v2/754a2e5dd2194dfb9125c608df1694d5/shares/91d57892-8c2b-4e9d-8562-f9c8b1d44226 0.217s
2026-02-06 07:12:35,108 167951 DEBUG    [tempest.lib.common.rest_client] Request - Headers: {'Content-Type': 'application/json', 'Accept': 'application/json', 'x-openstack-manila-api-version': '2.90', 'X-Auth-Token': '<omitted>'}
        Body: None
    Response - Headers: {'date': 'Fri, 06 Feb 2026 07:12:34 GMT', 'server': 'Apache/2.4.58 (Ubuntu)', 'content-length': '0', 'content-type': 'text/html; charset=UTF-8', 'x-compute-request-id': 'req-24f5a481-eb90-4289-87f0-c430b9cf738e', 'x-openstack-manila-api-version': '2.90', 'vary': 'X-OpenStack-Manila-API-Version', 'x-openstack-request-id': 'req-24f5a481-eb90-4289-87f0-c430b9cf738e', 'connection': 'close', 'status': '202', 'content-location': 'http://10.132.46.216/share/v2/754a2e5dd2194dfb9125c608df1694d5/shares/91d57892-8c2b-4e9d-8562-f9c8b1d44226'}
        Body: b''
2026-02-06 07:12:35,122 167951 INFO     [tempest.lib.common.rest_client] Request (ShareTransferTest:_run_cleanups): 404 GET http://10.132.46.216/share/v2/754a2e5dd2194dfb9125c608df1694d5/shares/91d57892-8c2b-4e9d-8562-f9c8b1d44226 0.013s
2026-02-06 07:12:35,122 167951 DEBUG    [tempest.lib.common.rest_client] Request - Headers: {'Content-Type': 'application/json', 'Accept': 'application/json', 'x-openstack-manila-api-version': '2.90', 'X-Auth-Token': '<omitted>'}
        Body: None
    Response - Headers: {'date': 'Fri, 06 Feb 2026 07:12:35 GMT', 'server': 'Apache/2.4.58 (Ubuntu)', 'x-openstack-manila-api-version': '2.90', 'vary': 'X-OpenStack-Manila-API-Version', 'content-length': '78', 'content-type': 'application/json', 'x-compute-request-id': 'req-1bb3b65f-2127-4b83-a345-9cc55782d82b', 'x-openstack-request-id': 'req-1bb3b65f-2127-4b83-a345-9cc55782d82b', 'connection': 'close', 'status': '404', 'content-location': 'http://10.132.46.216/share/v2/754a2e5dd2194dfb9125c608df1694d5/shares/91d57892-8c2b-4e9d-8562-f9c8b1d44226'}
        Body: b'{"itemNotFound": {"code": 404, "message": "The resource could not be found."}}'

{2} setUpClass (manila_tempest_tests.tests.api.test_shares_actions.SharesRenameTest) [0.000000s] ... FAILED

Captured traceback:
~~~~~~~~~~~~~~~~~~~
    Traceback (most recent call last):

      File "/opt/stack/tempest/tempest/test.py", line 185, in setUpClass
    raise value.with_traceback(trace)

      File "/opt/stack/tempest/tempest/test.py", line 178, in setUpClass
    cls.resource_setup()

      File "/opt/stack/tempest/manila-tempest-plugin/manila_tempest_tests/tests/api/test_shares_actions.py", line 759, in resource_setup
    cls.share = cls.create_share(
                ^^^^^^^^^^^^^^^^^

      File "/opt/stack/tempest/manila-tempest-plugin/manila_tempest_tests/tests/api/base.py", line 411, in create_share
    result = cls.create_shares([{"args": args, "kwargs": kwargs}])
             ^^^^^^^^^^^^^^^^^^^^^^^^^^^^^^^^^^^^^^^^^^^^^^^^^^^^^

      File "/opt/stack/tempest/manila-tempest-plugin/manila_tempest_tests/tests/api/base.py", line 469, in create_shares
    waiters.wait_for_resource_status(

      File "/opt/stack/tempest/manila-tempest-plugin/manila_tempest_tests/common/waiters.py", line 109, in wait_for_resource_status
    raise resource_exception(resource_id=resource_id)

    manila_tempest_tests.share_exceptions.ShareBuildErrorException: Share d82be775-8bec-42fa-aec5-86f5fa94c2b3 failed to build and is in ERROR status

{2} setUpClass (manila_tempest_tests.tests.api.test_snapshot_rules.ShareSnapshotIpRulesForNFSTest) ... SKIPPED: Snapshot tests are disabled.
{2} setUpClass (manila_tempest_tests.tests.api.test_snapshot_rules.ShareSnapshotUserRulesForCIFSTest) ... SKIPPED: Mountable snapshots tests are disabled.
{3} setUpClass (manila_tempest_tests.tests.api.test_shares_from_snapshot_across_pools.SharesFromSnapshotAcrossPools) ... SKIPPED: Create share from snapshot tests are disabled.
{3} setUpClass (manila_tempest_tests.tests.api.test_snapshot_metadata_negative.ShareSnapshotMetadataNegativeTest) ... SKIPPED: Snapshot tests are disabled.

==============================
Failed 61 tests - output below:
==============================

setUpClass (manila_tempest_tests.tests.api.******.test_******_actions.AdminActionsTest)
-------------------------------------------------------------------------------------

Captured traceback:
~~~~~~~~~~~~~~~~~~~
    Traceback (most recent call last):

      File "/opt/stack/tempest/tempest/test.py", line 185, in setUpClass
    raise value.with_traceback(trace)

      File "/opt/stack/tempest/tempest/test.py", line 178, in setUpClass
    cls.resource_setup()

      File "/opt/stack/tempest/manila-tempest-plugin/manila_tempest_tests/tests/api/******/test_******_actions.py", line 46, in resource_setup
    cls.share = cls.create_share(share_type_id=cls.share_type_id)
                ^^^^^^^^^^^^^^^^^^^^^^^^^^^^^^^^^^^^^^^^^^^^^^^^^

      File "/opt/stack/tempest/manila-tempest-plugin/manila_tempest_tests/tests/api/base.py", line 411, in create_share
    result = cls.create_shares([{"args": args, "kwargs": kwargs}])
             ^^^^^^^^^^^^^^^^^^^^^^^^^^^^^^^^^^^^^^^^^^^^^^^^^^^^^

      File "/opt/stack/tempest/manila-tempest-plugin/manila_tempest_tests/tests/api/base.py", line 469, in create_shares
    waiters.wait_for_resource_status(

      File "/opt/stack/tempest/manila-tempest-plugin/manila_tempest_tests/common/waiters.py", line 109, in wait_for_resource_status
    raise resource_exception(resource_id=resource_id)

    manila_tempest_tests.share_exceptions.ShareBuildErrorException: Share a712ab52-8623-4331-b929-b090e77a7868 failed to build and is in ERROR status


setUpClass (manila_tempest_tests.tests.api.******.test_******_actions_negative.AdminActionsNegativeTest)
------------------------------------------------------------------------------------------------------

Captured traceback:
~~~~~~~~~~~~~~~~~~~
    Traceback (most recent call last):

      File "/opt/stack/tempest/tempest/test.py", line 185, in setUpClass
    raise value.with_traceback(trace)

      File "/opt/stack/tempest/tempest/test.py", line 178, in setUpClass
    cls.resource_setup()

      File "/opt/stack/tempest/manila-tempest-plugin/manila_tempest_tests/tests/api/******/test_******_actions_negative.py", line 43, in resource_setup
    cls.share = cls.create_share(share_type_id=cls.share_type_id,
                ^^^^^^^^^^^^^^^^^^^^^^^^^^^^^^^^^^^^^^^^^^^^^^^^^

      File "/opt/stack/tempest/manila-tempest-plugin/manila_tempest_tests/tests/api/base.py", line 411, in create_share
    result = cls.create_shares([{"args": args, "kwargs": kwargs}])
             ^^^^^^^^^^^^^^^^^^^^^^^^^^^^^^^^^^^^^^^^^^^^^^^^^^^^^

      File "/opt/stack/tempest/manila-tempest-plugin/manila_tempest_tests/tests/api/base.py", line 469, in create_shares
    waiters.wait_for_resource_status(

      File "/opt/stack/tempest/manila-tempest-plugin/manila_tempest_tests/common/waiters.py", line 109, in wait_for_resource_status
    raise resource_exception(resource_id=resource_id)

    manila_tempest_tests.share_exceptions.ShareBuildErrorException: Share a37ff7ec-d197-46ba-a3d5-2078141408a4 failed to build and is in ERROR status


setUpClass (manila_tempest_tests.tests.api.******.test_export_locations.ExportLocationsTest)
-------------------------------------------------------------------------------------------

Captured traceback:
~~~~~~~~~~~~~~~~~~~
    Traceback (most recent call last):

      File "/opt/stack/tempest/tempest/test.py", line 185, in setUpClass
    raise value.with_traceback(trace)

      File "/opt/stack/tempest/tempest/test.py", line 178, in setUpClass
    cls.resource_setup()

      File "/opt/stack/tempest/manila-tempest-plugin/manila_tempest_tests/tests/api/******/test_export_locations.py", line 47, in resource_setup
    cls.share = cls.create_share(share_type_id=cls.share_type_id,
                ^^^^^^^^^^^^^^^^^^^^^^^^^^^^^^^^^^^^^^^^^^^^^^^^^

      File "/opt/stack/tempest/manila-tempest-plugin/manila_tempest_tests/tests/api/base.py", line 411, in create_share
    result = cls.create_shares([{"args": args, "kwargs": kwargs}])
             ^^^^^^^^^^^^^^^^^^^^^^^^^^^^^^^^^^^^^^^^^^^^^^^^^^^^^

      File "/opt/stack/tempest/manila-tempest-plugin/manila_tempest_tests/tests/api/base.py", line 469, in create_shares
    waiters.wait_for_resource_status(

      File "/opt/stack/tempest/manila-tempest-plugin/manila_tempest_tests/common/waiters.py", line 109, in wait_for_resource_status
    raise resource_exception(resource_id=resource_id)

    manila_tempest_tests.share_exceptions.ShareBuildErrorException: Share 4cae57a3-f97e-496f-a321-57b2e578b29a failed to build and is in ERROR status


manila_tempest_tests.tests.api.******.test_scheduler_stats.SchedulerStatsAdminTest.test_pool_list[api,id-dab6d654-7d1c-4bc0-8017-1c4c072b49a1,positive]
------------------------------------------------------------------------------------------------------------------------------------------------------

Captured traceback:
~~~~~~~~~~~~~~~~~~~
    Traceback (most recent call last):

      File "/opt/stack/tempest/manila-tempest-plugin/manila_tempest_tests/tests/api/******/test_scheduler_stats.py", line 58, in test_pool_list
    self.assertNotEmpty(pool_list)

      File "/opt/stack/tempest/tempest/test.py", line 949, in assertNotEmpty
    self.assertTrue(items, msg)

      File "/usr/lib/python3.12/unittest/case.py", line 727, in assertTrue
    raise self.failureException(msg)

    AssertionError: [] is not true : sequence or collection is empty.


Captured pythonlogging:
~~~~~~~~~~~~~~~~~~~~~~~
    2026-02-06 07:09:49,829 167949 INFO     [tempest.lib.common.rest_client] Request (SchedulerStatsAdminTest:test_pool_list): 200 GET http://10.132.46.216/share/v1/a8eeb7f2b5714dc58b5c4ee9df3c4ffa/scheduler-stats/pools 0.626s
2026-02-06 07:09:49,829 167949 DEBUG    [tempest.lib.common.rest_client] Request - Headers: {'Content-Type': 'application/json', 'Accept': 'application/json', 'X-Auth-Token': '<omitted>'}
        Body: None
    Response - Headers: {'date': 'Fri, 06 Feb 2026 07:09:49 GMT', 'server': 'Apache/2.4.58 (Ubuntu)', 'content-type': 'application/json', 'content-length': '13', 'x-compute-request-id': 'req-86dd76cb-5db1-4165-8d1a-17c9d3925f54', 'x-openstack-manila-api-version': '1.0', 'vary': 'X-OpenStack-Manila-API-Version', 'x-openstack-request-id': 'req-86dd76cb-5db1-4165-8d1a-17c9d3925f54', 'connection': 'close', 'status': '200', 'content-location': 'http://10.132.46.216/share/v1/a8eeb7f2b5714dc58b5c4ee9df3c4ffa/scheduler-stats/pools'}
        Body: b'{"pools": []}'


manila_tempest_tests.tests.api.******.test_scheduler_stats.SchedulerStatsAdminTest.test_pool_list_detail[api,id-b6fdd156-3923-495a-ab01-f94bfb5d7040,positive]
-------------------------------------------------------------------------------------------------------------------------------------------------------------

Captured traceback:
~~~~~~~~~~~~~~~~~~~
    Traceback (most recent call last):

      File "/opt/stack/tempest/manila-tempest-plugin/manila_tempest_tests/tests/api/******/test_scheduler_stats.py", line 119, in test_pool_list_detail
    self.assertNotEmpty(pool_list)

      File "/opt/stack/tempest/tempest/test.py", line 949, in assertNotEmpty
    self.assertTrue(items, msg)

      File "/usr/lib/python3.12/unittest/case.py", line 727, in assertTrue
    raise self.failureException(msg)

    AssertionError: [] is not true : sequence or collection is empty.


Captured pythonlogging:
~~~~~~~~~~~~~~~~~~~~~~~
    2026-02-06 07:09:50,350 167949 INFO     [tempest.lib.common.rest_client] Request (SchedulerStatsAdminTest:test_pool_list_detail): 200 GET http://10.132.46.216/share/v1/a8eeb7f2b5714dc58b5c4ee9df3c4ffa/scheduler-stats/pools/detail 0.516s
2026-02-06 07:09:50,351 167949 DEBUG    [tempest.lib.common.rest_client] Request - Headers: {'Content-Type': 'application/json', 'Accept': 'application/json', 'X-Auth-Token': '<omitted>'}
        Body: None
    Response - Headers: {'date': 'Fri, 06 Feb 2026 07:09:49 GMT', 'server': 'Apache/2.4.58 (Ubuntu)', 'content-type': 'application/json', 'content-length': '13', 'x-compute-request-id': 'req-b31dc923-339a-41a3-b82b-9b0350cbee54', 'x-openstack-manila-api-version': '1.0', 'vary': 'X-OpenStack-Manila-API-Version', 'x-openstack-request-id': 'req-b31dc923-339a-41a3-b82b-9b0350cbee54', 'connection': 'close', 'status': '200', 'content-location': 'http://10.132.46.216/share/v1/a8eeb7f2b5714dc58b5c4ee9df3c4ffa/scheduler-stats/pools/detail'}
        Body: b'{"pools": []}'


setUpClass (manila_tempest_tests.tests.api.******.test_share_instances_negative.ShareInstancesNegativeTest)
----------------------------------------------------------------------------------------------------------

Captured traceback:
~~~~~~~~~~~~~~~~~~~
    Traceback (most recent call last):

      File "/opt/stack/tempest/tempest/test.py", line 185, in setUpClass
    raise value.with_traceback(trace)

      File "/opt/stack/tempest/tempest/test.py", line 178, in setUpClass
    cls.resource_setup()

      File "/opt/stack/tempest/manila-tempest-plugin/manila_tempest_tests/tests/api/******/test_share_instances_negative.py", line 31, in resource_setup
    cls.share = cls.create_share(share_type_id=cls.share_type_id)
                ^^^^^^^^^^^^^^^^^^^^^^^^^^^^^^^^^^^^^^^^^^^^^^^^^

      File "/opt/stack/tempest/manila-tempest-plugin/manila_tempest_tests/tests/api/base.py", line 411, in create_share
    result = cls.create_shares([{"args": args, "kwargs": kwargs}])
             ^^^^^^^^^^^^^^^^^^^^^^^^^^^^^^^^^^^^^^^^^^^^^^^^^^^^^

      File "/opt/stack/tempest/manila-tempest-plugin/manila_tempest_tests/tests/api/base.py", line 469, in create_shares
    waiters.wait_for_resource_status(

      File "/opt/stack/tempest/manila-tempest-plugin/manila_tempest_tests/common/waiters.py", line 109, in wait_for_resource_status
    raise resource_exception(resource_id=resource_id)

    manila_tempest_tests.share_exceptions.ShareBuildErrorException: Share e7726cba-7975-43b5-ad67-c64b7acae233 failed to build and is in ERROR status


manila_tempest_tests.tests.api.******.test_scheduler_stats.SchedulerStatsAdminTest.test_pool_list_detail_with_filters[api,id-071a1e47-959e-47df-ad19-335064bb25ff,positive]
--------------------------------------------------------------------------------------------------------------------------------------------------------------------------

Captured traceback:
~~~~~~~~~~~~~~~~~~~
    Traceback (most recent call last):

      File "/opt/stack/tempest/manila-tempest-plugin/manila_tempest_tests/tests/api/******/test_scheduler_stats.py", line 135, in test_pool_list_detail_with_filters
    self.assertNotEmpty(pool_list)

      File "/opt/stack/tempest/tempest/test.py", line 949, in assertNotEmpty
    self.assertTrue(items, msg)

      File "/usr/lib/python3.12/unittest/case.py", line 727, in assertTrue
    raise self.failureException(msg)

    AssertionError: [] is not true : sequence or collection is empty.


Captured pythonlogging:
~~~~~~~~~~~~~~~~~~~~~~~
    2026-02-06 07:09:50,868 167949 INFO     [tempest.lib.common.rest_client] Request (SchedulerStatsAdminTest:test_pool_list_detail_with_filters): 200 GET http://10.132.46.216/share/v1/a8eeb7f2b5714dc58b5c4ee9df3c4ffa/scheduler-stats/pools/detail 0.513s
2026-02-06 07:09:50,868 167949 DEBUG    [tempest.lib.common.rest_client] Request - Headers: {'Content-Type': 'application/json', 'Accept': 'application/json', 'X-Auth-Token': '<omitted>'}
        Body: None
    Response - Headers: {'date': 'Fri, 06 Feb 2026 07:09:50 GMT', 'server': 'Apache/2.4.58 (Ubuntu)', 'content-type': 'application/json', 'content-length': '13', 'x-compute-request-id': 'req-970d53b4-824b-4659-9eb0-9aecd0ac8c4e', 'x-openstack-manila-api-version': '1.0', 'vary': 'X-OpenStack-Manila-API-Version', 'x-openstack-request-id': 'req-970d53b4-824b-4659-9eb0-9aecd0ac8c4e', 'connection': 'close', 'status': '200', 'content-location': 'http://10.132.46.216/share/v1/a8eeb7f2b5714dc58b5c4ee9df3c4ffa/scheduler-stats/pools/detail'}
        Body: b'{"pools": []}'


manila_tempest_tests.tests.api.******.test_scheduler_stats.SchedulerStatsAdminTest.test_pool_list_with_filters[api,id-8f4582c4-df82-4b64-be79-a8c6fdc58eac,positive]
-------------------------------------------------------------------------------------------------------------------------------------------------------------------

Captured traceback:
~~~~~~~~~~~~~~~~~~~
    Traceback (most recent call last):

      File "/opt/stack/tempest/manila-tempest-plugin/manila_tempest_tests/tests/api/******/test_scheduler_stats.py", line 74, in test_pool_list_with_filters
    self.assertNotEmpty(pool_list)

      File "/opt/stack/tempest/tempest/test.py", line 949, in assertNotEmpty
    self.assertTrue(items, msg)

      File "/usr/lib/python3.12/unittest/case.py", line 727, in assertTrue
    raise self.failureException(msg)

    AssertionError: [] is not true : sequence or collection is empty.


Captured pythonlogging:
~~~~~~~~~~~~~~~~~~~~~~~
    2026-02-06 07:09:51,909 167949 INFO     [tempest.lib.common.rest_client] Request (SchedulerStatsAdminTest:test_pool_list_with_filters): 200 GET http://10.132.46.216/share/v1/a8eeb7f2b5714dc58b5c4ee9df3c4ffa/scheduler-stats/pools 0.516s
2026-02-06 07:09:51,910 167949 DEBUG    [tempest.lib.common.rest_client] Request - Headers: {'Content-Type': 'application/json', 'Accept': 'application/json', 'X-Auth-Token': '<omitted>'}
        Body: None
    Response - Headers: {'date': 'Fri, 06 Feb 2026 07:09:51 GMT', 'server': 'Apache/2.4.58 (Ubuntu)', 'content-type': 'application/json', 'content-length': '13', 'x-compute-request-id': 'req-043c7a56-dbbd-4451-9f0c-fa977531d6c8', 'x-openstack-manila-api-version': '1.0', 'vary': 'X-OpenStack-Manila-API-Version', 'x-openstack-request-id': 'req-043c7a56-dbbd-4451-9f0c-fa977531d6c8', 'connection': 'close', 'status': '200', 'content-location': 'http://10.132.46.216/share/v1/a8eeb7f2b5714dc58b5c4ee9df3c4ffa/scheduler-stats/pools'}
        Body: b'{"pools": []}'


manila_tempest_tests.tests.api.******.test_scheduler_stats.SchedulerStatsAdminTest.test_pool_list_with_share_type_filter_with_detail_1__True___name__[api_with_backend,id-f027fb62-1ec3-4f52-a782-e9dd9db34fda,positive]
-----------------------------------------------------------------------------------------------------------------------------------------------------------------------------------------------------------------------

Captured traceback:
~~~~~~~~~~~~~~~~~~~
    Traceback (most recent call last):

      File "/usr/lib/python3/dist-packages/ddt.py", line 220, in wrapper
    return func(self, *args, **kwargs)
           ^^^^^^^^^^^^^^^^^^^^^^^^^^^

      File "/opt/stack/tempest/manila-tempest-plugin/manila_tempest_tests/tests/api/******/test_scheduler_stats.py", line 189, in test_pool_list_with_share_type_filter_with_detail
    self.assertNotEmpty(pools)

      File "/opt/stack/tempest/tempest/test.py", line 949, in assertNotEmpty
    self.assertTrue(items, msg)

      File "/usr/lib/python3.12/unittest/case.py", line 727, in assertTrue
    raise self.failureException(msg)

    AssertionError: [] is not true : sequence or collection is empty.


Captured pythonlogging:
~~~~~~~~~~~~~~~~~~~~~~~
    2026-02-06 07:09:52,482 167949 INFO     [tempest.lib.common.rest_client] Request (SchedulerStatsAdminTest:test_pool_list_with_share_type_filter_with_detail): 200 POST http://10.132.46.216/share/v2/a8eeb7f2b5714dc58b5c4ee9df3c4ffa/types 0.024s
2026-02-06 07:09:52,482 167949 DEBUG    [tempest.lib.common.rest_client] Request - Headers: {'Content-Type': 'application/json', 'Accept': 'application/json', 'x-openstack-manila-api-version': '2.90', 'X-Auth-Token': '<omitted>'}
        Body: {"share_type": {"name": "tempest-typeshare-type-779527089", "extra_specs": {"driver_handles_share_servers": "False"}, "share_type_access:is_public": true}}
    Response - Headers: {'date': 'Fri, 06 Feb 2026 07:09:52 GMT', 'server': 'Apache/2.4.58 (Ubuntu)', 'content-type': 'application/json', 'content-length': '621', 'x-compute-request-id': 'req-21bdc1eb-26e9-4fbe-bb4d-b6d75a2165f1', 'x-openstack-manila-api-version': '2.90', 'vary': 'X-OpenStack-Manila-API-Version', 'x-openstack-request-id': 'req-21bdc1eb-26e9-4fbe-bb4d-b6d75a2165f1', 'connection': 'close', 'status': '200', 'content-location': 'http://10.132.46.216/share/v2/a8eeb7f2b5714dc58b5c4ee9df3c4ffa/types'}
        Body: b'{"volume_type": {"id": "08ce29c4-8a58-46d4-8102-34c4011bc38b", "name": "tempest-typeshare-type-779527089", "extra_specs": {"driver_handles_share_servers": "False"}, "required_extra_specs": {"driver_handles_share_servers": "False"}, "share_type_access:is_public": true, "description": null, "is_default": false}, "share_type": {"id": "08ce29c4-8a58-46d4-8102-34c4011bc38b", "name": "tempest-typeshare-type-779527089", "extra_specs": {"driver_handles_share_servers": "False"}, "required_extra_specs": {"driver_handles_share_servers": "False"}, "share_type_access:is_public": true, "description": null, "is_default": false}}'
2026-02-06 07:09:53,001 167949 INFO     [tempest.lib.common.rest_client] Request (SchedulerStatsAdminTest:test_pool_list_with_share_type_filter_with_detail): 200 GET http://10.132.46.216/share/v2/a8eeb7f2b5714dc58b5c4ee9df3c4ffa/scheduler-stats/pools/detail?share_type=tempest-typeshare-type-779527089 0.518s
2026-02-06 07:09:53,002 167949 DEBUG    [tempest.lib.common.rest_client] Request - Headers: {'Content-Type': 'application/json', 'Accept': 'application/json', 'x-openstack-manila-api-version': '2.90', 'X-Auth-Token': '<omitted>'}
        Body: None
    Response - Headers: {'date': 'Fri, 06 Feb 2026 07:09:52 GMT', 'server': 'Apache/2.4.58 (Ubuntu)', 'content-type': 'application/json', 'content-length': '13', 'x-compute-request-id': 'req-740c5419-341b-44ef-acf0-66cb2df650ba', 'x-openstack-manila-api-version': '2.90', 'vary': 'X-OpenStack-Manila-API-Version', 'x-openstack-request-id': 'req-740c5419-341b-44ef-acf0-66cb2df650ba', 'connection': 'close', 'status': '200', 'content-location': 'http://10.132.46.216/share/v2/a8eeb7f2b5714dc58b5c4ee9df3c4ffa/scheduler-stats/pools/detail?share_type=tempest-typeshare-type-779527089'}
        Body: b'{"pools": []}'


manila_tempest_tests.tests.api.******.test_scheduler_stats.SchedulerStatsAdminTest.test_pool_list_with_share_type_filter_with_detail_2__True___id__[api_with_backend,id-f027fb62-1ec3-4f52-a782-e9dd9db34fda,positive]
---------------------------------------------------------------------------------------------------------------------------------------------------------------------------------------------------------------------

Captured traceback:
~~~~~~~~~~~~~~~~~~~
    Traceback (most recent call last):

      File "/usr/lib/python3/dist-packages/ddt.py", line 220, in wrapper
    return func(self, *args, **kwargs)
           ^^^^^^^^^^^^^^^^^^^^^^^^^^^

      File "/opt/stack/tempest/manila-tempest-plugin/manila_tempest_tests/tests/api/******/test_scheduler_stats.py", line 189, in test_pool_list_with_share_type_filter_with_detail
    self.assertNotEmpty(pools)

      File "/opt/stack/tempest/tempest/test.py", line 949, in assertNotEmpty
    self.assertTrue(items, msg)

      File "/usr/lib/python3.12/unittest/case.py", line 727, in assertTrue
    raise self.failureException(msg)

    AssertionError: [] is not true : sequence or collection is empty.


Captured pythonlogging:
~~~~~~~~~~~~~~~~~~~~~~~
    2026-02-06 07:09:53,031 167949 INFO     [tempest.lib.common.rest_client] Request (SchedulerStatsAdminTest:test_pool_list_with_share_type_filter_with_detail): 200 POST http://10.132.46.216/share/v2/a8eeb7f2b5714dc58b5c4ee9df3c4ffa/types 0.024s
2026-02-06 07:09:53,032 167949 DEBUG    [tempest.lib.common.rest_client] Request - Headers: {'Content-Type': 'application/json', 'Accept': 'application/json', 'x-openstack-manila-api-version': '2.90', 'X-Auth-Token': '<omitted>'}
        Body: {"share_type": {"name": "tempest-typeshare-type-1773380084", "extra_specs": {"driver_handles_share_servers": "False"}, "share_type_access:is_public": true}}
    Response - Headers: {'date': 'Fri, 06 Feb 2026 07:09:53 GMT', 'server': 'Apache/2.4.58 (Ubuntu)', 'content-type': 'application/json', 'content-length': '623', 'x-compute-request-id': 'req-c9ee0105-3310-4390-b062-565d9cca371c', 'x-openstack-manila-api-version': '2.90', 'vary': 'X-OpenStack-Manila-API-Version', 'x-openstack-request-id': 'req-c9ee0105-3310-4390-b062-565d9cca371c', 'connection': 'close', 'status': '200', 'content-location': 'http://10.132.46.216/share/v2/a8eeb7f2b5714dc58b5c4ee9df3c4ffa/types'}
        Body: b'{"volume_type": {"id": "9a8060ea-54ba-46e9-b188-6de45be4268b", "name": "tempest-typeshare-type-1773380084", "extra_specs": {"driver_handles_share_servers": "False"}, "required_extra_specs": {"driver_handles_share_servers": "False"}, "share_type_access:is_public": true, "description": null, "is_default": false}, "share_type": {"id": "9a8060ea-54ba-46e9-b188-6de45be4268b", "name": "tempest-typeshare-type-1773380084", "extra_specs": {"driver_handles_share_servers": "False"}, "required_extra_specs": {"driver_handles_share_servers": "False"}, "share_type_access:is_public": true, "description": null, "is_default": false}}'
2026-02-06 07:09:53,548 167949 INFO     [tempest.lib.common.rest_client] Request (SchedulerStatsAdminTest:test_pool_list_with_share_type_filter_with_detail): 200 GET http://10.132.46.216/share/v2/a8eeb7f2b5714dc58b5c4ee9df3c4ffa/scheduler-stats/pools/detail?share_type=9a8060ea-54ba-46e9-b188-6de45be4268b 0.515s
2026-02-06 07:09:53,548 167949 DEBUG    [tempest.lib.common.rest_client] Request - Headers: {'Content-Type': 'application/json', 'Accept': 'application/json', 'x-openstack-manila-api-version': '2.90', 'X-Auth-Token': '<omitted>'}
        Body: None
    Response - Headers: {'date': 'Fri, 06 Feb 2026 07:09:53 GMT', 'server': 'Apache/2.4.58 (Ubuntu)', 'content-type': 'application/json', 'content-length': '13', 'x-compute-request-id': 'req-dd59f7c6-930d-417a-9e86-f8afcf3dc0a6', 'x-openstack-manila-api-version': '2.90', 'vary': 'X-OpenStack-Manila-API-Version', 'x-openstack-request-id': 'req-dd59f7c6-930d-417a-9e86-f8afcf3dc0a6', 'connection': 'close', 'status': '200', 'content-location': 'http://10.132.46.216/share/v2/a8eeb7f2b5714dc58b5c4ee9df3c4ffa/scheduler-stats/pools/detail?share_type=9a8060ea-54ba-46e9-b188-6de45be4268b'}
        Body: b'{"pools": []}'


manila_tempest_tests.tests.api.******.test_scheduler_stats.SchedulerStatsAdminTest.test_pool_list_with_share_type_filter_with_detail_3__False___name__[api_with_backend,id-f027fb62-1ec3-4f52-a782-e9dd9db34fda,positive]
------------------------------------------------------------------------------------------------------------------------------------------------------------------------------------------------------------------------

Captured traceback:
~~~~~~~~~~~~~~~~~~~
    Traceback (most recent call last):

      File "/usr/lib/python3/dist-packages/ddt.py", line 220, in wrapper
    return func(self, *args, **kwargs)
           ^^^^^^^^^^^^^^^^^^^^^^^^^^^

      File "/opt/stack/tempest/manila-tempest-plugin/manila_tempest_tests/tests/api/******/test_scheduler_stats.py", line 189, in test_pool_list_with_share_type_filter_with_detail
    self.assertNotEmpty(pools)

      File "/opt/stack/tempest/tempest/test.py", line 949, in assertNotEmpty
    self.assertTrue(items, msg)

      File "/usr/lib/python3.12/unittest/case.py", line 727, in assertTrue
    raise self.failureException(msg)

    AssertionError: [] is not true : sequence or collection is empty.


Captured pythonlogging:
~~~~~~~~~~~~~~~~~~~~~~~
    2026-02-06 07:09:53,576 167949 INFO     [tempest.lib.common.rest_client] Request (SchedulerStatsAdminTest:test_pool_list_with_share_type_filter_with_detail): 200 POST http://10.132.46.216/share/v2/a8eeb7f2b5714dc58b5c4ee9df3c4ffa/types 0.023s
2026-02-06 07:09:53,576 167949 DEBUG    [tempest.lib.common.rest_client] Request - Headers: {'Content-Type': 'application/json', 'Accept': 'application/json', 'x-openstack-manila-api-version': '2.90', 'X-Auth-Token': '<omitted>'}
        Body: {"share_type": {"name": "tempest-typeshare-type-1795356160", "extra_specs": {"driver_handles_share_servers": "False"}, "share_type_access:is_public": true}}
    Response - Headers: {'date': 'Fri, 06 Feb 2026 07:09:53 GMT', 'server': 'Apache/2.4.58 (Ubuntu)', 'content-type': 'application/json', 'content-length': '623', 'x-compute-request-id': 'req-c7181f8e-db74-491c-b27e-2126d2491eab', 'x-openstack-manila-api-version': '2.90', 'vary': 'X-OpenStack-Manila-API-Version', 'x-openstack-request-id': 'req-c7181f8e-db74-491c-b27e-2126d2491eab', 'connection': 'close', 'status': '200', 'content-location': 'http://10.132.46.216/share/v2/a8eeb7f2b5714dc58b5c4ee9df3c4ffa/types'}
        Body: b'{"volume_type": {"id": "a224f9f5-6961-4a76-838c-6412b838f1af", "name": "tempest-typeshare-type-1795356160", "extra_specs": {"driver_handles_share_servers": "False"}, "required_extra_specs": {"driver_handles_share_servers": "False"}, "share_type_access:is_public": true, "description": null, "is_default": false}, "share_type": {"id": "a224f9f5-6961-4a76-838c-6412b838f1af", "name": "tempest-typeshare-type-1795356160", "extra_specs": {"driver_handles_share_servers": "False"}, "required_extra_specs": {"driver_handles_share_servers": "False"}, "share_type_access:is_public": true, "description": null, "is_default": false}}'
2026-02-06 07:09:54,092 167949 INFO     [tempest.lib.common.rest_client] Request (SchedulerStatsAdminTest:test_pool_list_with_share_type_filter_with_detail): 200 GET http://10.132.46.216/share/v2/a8eeb7f2b5714dc58b5c4ee9df3c4ffa/scheduler-stats/pools?share_type=tempest-typeshare-type-1795356160 0.516s
2026-02-06 07:09:54,093 167949 DEBUG    [tempest.lib.common.rest_client] Request - Headers: {'Content-Type': 'application/json', 'Accept': 'application/json', 'x-openstack-manila-api-version': '2.90', 'X-Auth-Token': '<omitted>'}
        Body: None
    Response - Headers: {'date': 'Fri, 06 Feb 2026 07:09:53 GMT', 'server': 'Apache/2.4.58 (Ubuntu)', 'content-type': 'application/json', 'content-length': '13', 'x-compute-request-id': 'req-4d41f6ca-f87b-428c-a25a-cc66d8b0d48a', 'x-openstack-manila-api-version': '2.90', 'vary': 'X-OpenStack-Manila-API-Version', 'x-openstack-request-id': 'req-4d41f6ca-f87b-428c-a25a-cc66d8b0d48a', 'connection': 'close', 'status': '200', 'content-location': 'http://10.132.46.216/share/v2/a8eeb7f2b5714dc58b5c4ee9df3c4ffa/scheduler-stats/pools?share_type=tempest-typeshare-type-1795356160'}
        Body: b'{"pools": []}'


manila_tempest_tests.tests.api.******.test_share_manage_negative.ManageNFSShareNegativeTest.test_delete_share_in_manage_error[api_with_backend,id-162b6b96-e801-40f4-b111-7e533cf8b943,negative]
-----------------------------------------------------------------------------------------------------------------------------------------------------------------------------------------------

Captured traceback:
~~~~~~~~~~~~~~~~~~~
    Traceback (most recent call last):

      File "/opt/stack/tempest/manila-tempest-plugin/manila_tempest_tests/tests/api/******/test_share_manage_negative.py", line 258, in test_delete_share_in_manage_error
    share = self._create_share_for_manage()
            ^^^^^^^^^^^^^^^^^^^^^^^^^^^^^^^

      File "/opt/stack/tempest/manila-tempest-plugin/manila_tempest_tests/tests/api/base.py", line 1174, in _create_share_for_manage
    share = self.create_share(**creation_data)
            ^^^^^^^^^^^^^^^^^^^^^^^^^^^^^^^^^^

      File "/opt/stack/tempest/manila-tempest-plugin/manila_tempest_tests/tests/api/base.py", line 411, in create_share
    result = cls.create_shares([{"args": args, "kwargs": kwargs}])
             ^^^^^^^^^^^^^^^^^^^^^^^^^^^^^^^^^^^^^^^^^^^^^^^^^^^^^

      File "/opt/stack/tempest/manila-tempest-plugin/manila_tempest_tests/tests/api/base.py", line 469, in create_shares
    waiters.wait_for_resource_status(

      File "/opt/stack/tempest/manila-tempest-plugin/manila_tempest_tests/common/waiters.py", line 109, in wait_for_resource_status
    raise resource_exception(resource_id=resource_id)

    manila_tempest_tests.share_exceptions.ShareBuildErrorException: Share ddbe1f05-5a31-451c-a7f0-6879836fadca failed to build and is in ERROR status


Captured pythonlogging:
~~~~~~~~~~~~~~~~~~~~~~~
    2026-02-06 07:09:51,525 167951 INFO     [tempest.lib.common.rest_client] Request (ManageNFSShareNegativeTest:test_delete_share_in_manage_error): 200 POST http://10.132.46.216/share/v2/16111d98202d4b47aa933fbac21739f7/shares 0.245s
2026-02-06 07:09:51,525 167951 DEBUG    [tempest.lib.common.rest_client] Request - Headers: {'Content-Type': 'application/json', 'Accept': 'application/json', 'x-openstack-manila-api-version': '2.90', 'X-Auth-Token': '<omitted>'}
        Body: {"share": {"share_proto": "nfs", "description": "Tempest's share", "snapshot_id": null, "name": "tempest-tempest-created-share-540436784", "size": 1, "metadata": {}, "is_public": false, "share_type": "03d98168-fdcc-459a-90d1-d54d82ea202b"}}
    Response - Headers: {'date': 'Fri, 06 Feb 2026 07:09:51 GMT', 'server': 'Apache/2.4.58 (Ubuntu)', 'content-type': 'application/json', 'content-length': '1378', 'x-compute-request-id': 'req-f3a1052a-3513-4089-b3f5-e08ed32e4aed', 'x-openstack-manila-api-version': '2.90', 'vary': 'X-OpenStack-Manila-API-Version', 'x-openstack-request-id': 'req-f3a1052a-3513-4089-b3f5-e08ed32e4aed', 'connection': 'close', 'status': '200', 'content-location': 'http://10.132.46.216/share/v2/16111d98202d4b47aa933fbac21739f7/shares'}
        Body: b'{"share": {"id": "ddbe1f05-5a31-451c-a7f0-6879836fadca", "size": 1, "availability_zone": null, "created_at": "2026-02-06T07:09:51.378944", "status": "creating", "name": "tempest-tempest-created-share-540436784", "description": "Tempest\'s share", "project_id": "16111d98202d4b47aa933fbac21739f7", "snapshot_id": null, "share_network_id": null, "share_proto": "NFS", "metadata": {}, "share_type": "03d98168-fdcc-459a-90d1-d54d82ea202b", "volume_type": "tempest-manage-st-name-1958774490", "links": [{"rel": "self", "href": "http://10.132.46.216/share/v2/16111d98202d4b47aa933fbac21739f7/shares/ddbe1f05-5a31-451c-a7f0-6879836fadca"}, {"rel": "bookmark", "href": "http://10.132.46.216/share/16111d98202d4b47aa933fbac21739f7/shares/ddbe1f05-5a31-451c-a7f0-6879836fadca"}], "is_public": false, "snapshot_support": false, "task_state": null, "share_type_name": "tempest-manage-st-name-1958774490", "access_rules_status": "active", "replication_type": null, "has_replicas": false, "user_id": "2319d2989b8043cfb078882688aab826", "create_share_from_snapshot_support": false, "revert_to_snapshot_support": false, "share_group_id": null, "source_share_group_snapshot_member_id": null, "mount_snapshot_support": false, "progress": null, "is_soft_deleted": false, "scheduled_to_be_deleted_at": null, "source_backup_id": null, "encryption_key_ref": null, "share_server_id": null, "host": ""}}'
2026-02-06 07:09:51,557 167951 INFO     [tempest.lib.common.rest_client] Request (ManageNFSShareNegativeTest:test_delete_share_in_manage_error): 200 GET http://10.132.46.216/share/v2/16111d98202d4b47aa933fbac21739f7/shares/ddbe1f05-5a31-451c-a7f0-6879836fadca 0.030s
2026-02-06 07:09:51,557 167951 DEBUG    [tempest.lib.common.rest_client] Request - Headers: {'Content-Type': 'application/json', 'Accept': 'application/json', 'x-openstack-manila-api-version': '2.90', 'X-Auth-Token': '<omitted>'}
        Body: None
    Response - Headers: {'date': 'Fri, 06 Feb 2026 07:09:51 GMT', 'server': 'Apache/2.4.58 (Ubuntu)', 'content-type': 'application/json', 'content-length': '1378', 'x-compute-request-id': 'req-85f9a341-ede5-46bb-baa1-825b61137aa0', 'x-openstack-manila-api-version': '2.90', 'vary': 'X-OpenStack-Manila-API-Version', 'x-openstack-request-id': 'req-85f9a341-ede5-46bb-baa1-825b61137aa0', 'connection': 'close', 'status': '200', 'content-location': 'http://10.132.46.216/share/v2/16111d98202d4b47aa933fbac21739f7/shares/ddbe1f05-5a31-451c-a7f0-6879836fadca'}
        Body: b'{"share": {"id": "ddbe1f05-5a31-451c-a7f0-6879836fadca", "size": 1, "availability_zone": null, "created_at": "2026-02-06T07:09:51.378944", "status": "creating", "name": "tempest-tempest-created-share-540436784", "description": "Tempest\'s share", "project_id": "16111d98202d4b47aa933fbac21739f7", "snapshot_id": null, "share_network_id": null, "share_proto": "NFS", "metadata"
    : {}, "share_type": "03d98168-fdcc-459a-90d1-d54d82ea202b", "volume_type": "tempest-manage-st-name-1958774490", "links": [{"rel": "self", "href": "http://10.132.46.216/share/v2/16111d98202d4b47aa933fbac21739f7/shares/ddbe1f05-5a31-451c-a7f0-6879836fadca"}, {"rel": "bookmark", "href": "http://10.132.46.216/share/16111d98202d4b47aa933fbac21739f7/shares/ddbe1f05-5a31-451c-a7f0-6879836fadca"}], "is_public": false, "snapshot_support": false, "task_state": null, "share_type_name": "tempest-manage-st-name-1958774490", "access_rules_status": "active", "replication_type": null, "has_replicas": false, "user_id": "2319d2989b8043cfb078882688aab826", "create_share_from_snapshot_support": false, "revert_to_snapshot_support": false, "share_group_id": null, "source_share_group_snapshot_member_id": null, "mount_snapshot_support": false, "progress": null, "is_soft_deleted": false, "scheduled_to_be_deleted_at": null, "source_backup_id": null, "encryption_key_ref": null, "share_server_id": null, "host": ""}}'
2026-02-06 07:09:54,592 167951 INFO     [tempest.lib.common.rest_client] Request (ManageNFSShareNegativeTest:test_delete_share_in_manage_error): 200 GET http://10.132.46.216/share/v2/16111d98202d4b47aa933fbac21739f7/shares/ddbe1f05-5a31-451c-a7f0-6879836fadca 0.034s
2026-02-06 07:09:54,592 167951 DEBUG    [tempest.lib.common.rest_client] Request - Headers: {'Content-Type': 'application/json', 'Accept': 'application/json', 'x-openstack-manila-api-version': '2.90', 'X-Auth-Token': '<omitted>'}
        Body: None
    Response - Headers: {'date': 'Fri, 06 Feb 2026 07:09:54 GMT', 'server': 'Apache/2.4.58 (Ubuntu)', 'content-type': 'application/json', 'content-length': '1375', 'x-compute-request-id': 'req-886c1319-e9bb-48ef-a66e-cbcc030f5c8e', 'x-openstack-manila-api-version': '2.90', 'vary': 'X-OpenStack-Manila-API-Version', 'x-openstack-request-id': 'req-886c1319-e9bb-48ef-a66e-cbcc030f5c8e', 'connection': 'close', 'status': '200', 'content-location': 'http://10.132.46.216/share/v2/16111d98202d4b47aa933fbac21739f7/shares/ddbe1f05-5a31-451c-a7f0-6879836fadca'}
        Body: b'{"share": {"id": "ddbe1f05-5a31-451c-a7f0-6879836fadca", "size": 1, "availability_zone": null, "created_at": "2026-02-06T07:09:51.378944", "status": "error", "name": "tempest-tempest-created-share-540436784", "description": "Tempest\'s share", "project_id": "16111d98202d4b47aa933fbac21739f7", "snapshot_id": null, "share_network_id": null, "share_proto": "NFS", "metadata": {}, "share_type": "03d98168-fdcc-459a-90d1-d54d82ea202b", "volume_type": "tempest-manage-st-name-1958774490", "links": [{"rel": "self", "href": "http://10.132.46.216/share/v2/16111d98202d4b47aa933fbac21739f7/shares/ddbe1f05-5a31-451c-a7f0-6879836fadca"}, {"rel": "bookmark", "href": "http://10.132.46.216/share/16111d98202d4b47aa933fbac21739f7/shares/ddbe1f05-5a31-451c-a7f0-6879836fadca"}], "is_public": false, "snapshot_support": false, "task_state": null, "share_type_name": "tempest-manage-st-name-1958774490", "access_rules_status": "active", "replication_type": null, "has_replicas": false, "user_id": "2319d2989b8043cfb078882688aab826", "create_share_from_snapshot_support": false, "revert_to_snapshot_support": false, "share_group_id": null, "source_share_group_snapshot_member_id": null, "mount_snapshot_support": false, "progress": null, "is_soft_deleted": false, "scheduled_to_be_deleted_at": null, "source_backup_id": null, "encryption_key_ref": null, "share_server_id": null, "host": ""}}'


manila_tempest_tests.tests.api.******.test_scheduler_stats.SchedulerStatsAdminTest.test_pool_list_with_share_type_filter_with_detail_4__False___id__[api_with_backend,id-f027fb62-1ec3-4f52-a782-e9dd9db34fda,positive]
----------------------------------------------------------------------------------------------------------------------------------------------------------------------------------------------------------------------

Captured traceback:
~~~~~~~~~~~~~~~~~~~
    Traceback (most recent call last):

      File "/usr/lib/python3/dist-packages/ddt.py", line 220, in wrapper
    return func(self, *args, **kwargs)
           ^^^^^^^^^^^^^^^^^^^^^^^^^^^

      File "/opt/stack/tempest/manila-tempest-plugin/manila_tempest_tests/tests/api/******/test_scheduler_stats.py", line 189, in test_pool_list_with_share_type_filter_with_detail
    self.assertNotEmpty(pools)

      File "/opt/stack/tempest/tempest/test.py", line 949, in assertNotEmpty
    self.assertTrue(items, msg)

      File "/usr/lib/python3.12/unittest/case.py", line 727, in assertTrue
    raise self.failureException(msg)

    AssertionError: [] is not true : sequence or collection is empty.


Captured pythonlogging:
~~~~~~~~~~~~~~~~~~~~~~~
    2026-02-06 07:09:54,124 167949 INFO     [tempest.lib.common.rest_client] Request (SchedulerStatsAdminTest:test_pool_list_with_share_type_filter_with_detail): 200 POST http://10.132.46.216/share/v2/a8eeb7f2b5714dc58b5c4ee9df3c4ffa/types 0.027s
2026-02-06 07:09:54,124 167949 DEBUG    [tempest.lib.common.rest_client] Request - Headers: {'Content-Type': 'application/json', 'Accept': 'application/json', 'x-openstack-manila-api-version': '2.90', 'X-Auth-Token': '<omitted>'}
        Body: {"share_type": {"name": "tempest-typeshare-type-1466977760", "extra_specs": {"driver_handles_share_servers": "False"}, "share_type_access:is_public": true}}
    Response - Headers: {'date': 'Fri, 06 Feb 2026 07:09:54 GMT', 'server': 'Apache/2.4.58 (Ubuntu)', 'content-type': 'application/json', 'content-length': '623', 'x-compute-request-id': 'req-0db6f8fa-4f9b-4e4d-a242-423ed26440bd', 'x-openstack-manila-api-version': '2.90', 'vary': 'X-OpenStack-Manila-API-Version', 'x-openstack-request-id': 'req-0db6f8fa-4f9b-4e4d-a242-423ed26440bd', 'connection': 'close', 'status': '200', 'content-location': 'http://10.132.46.216/share/v2/a8eeb7f2b5714dc58b5c4ee9df3c4ffa/types'}
        Body: b'{"volume_type": {"id": "8d191595-6e0b-48e9-b6fc-8e6a9568d25a", "name": "tempest-typeshare-type-1466977760", "extra_specs": {"driver_handles_share_servers": "False"}, "required_extra_specs": {"driver_handles_share_servers": "False"}, "share_type_access:is_public": true, "description": null, "is_default": false}, "share_type": {"id": "8d191595-6e0b-48e9-b6fc-8e6a9568d25a", "name": "tempest-typeshare-type-1466977760", "extra_specs": {"driver_handles_share_servers": "False"}, "required_extra_specs": {"driver_handles_share_servers": "False"}, "share_type_access:is_public": true, "description": null, "is_default": false}}'
2026-02-06 07:09:54,640 167949 INFO     [tempest.lib.common.rest_client] Request (SchedulerStatsAdminTest:test_pool_list_with_share_type_filter_with_detail): 200 GET http://10.132.46.216/share/v2/a8eeb7f2b5714dc58b5c4ee9df3c4ffa/scheduler-stats/pools?share_type=8d191595-6e0b-48e9-b6fc-8e6a9568d25a 0.516s
2026-02-06 07:09:54,641 167949 DEBUG    [tempest.lib.common.rest_client] Request - Headers: {'Content-Type': 'application/json', 'Accept': 'application/json', 'x-openstack-manila-api-version': '2.90', 'X-Auth-Token': '<omitted>'}
        Body: None
    Response - Headers: {'date': 'Fri, 06 Feb 2026 07:09:54 GMT', 'server': 'Apache/2.4.58 (Ubuntu)', 'content-type': 'application/json', 'content-length': '13', 'x-compute-request-id': 'req-de74596a-650f-4d8f-a8c3-6054234c5a7d', 'x-openstack-manila-api-version': '2.90', 'vary': 'X-OpenStack-Manila-API-Version', 'x-openstack-request-id': 'req-de74596a-650f-4d8f-a8c3-6054234c5a7d', 'connection': 'close', 'status': '200', 'content-location': 'http://10.132.46.216/share/v2/a8eeb7f2b5714dc58b5c4ee9df3c4ffa/scheduler-stats/pools?share_type=8d191595-6e0b-48e9-b6fc-8e6a9568d25a'}
        Body: b'{"pools": []}'


setUpClass (manila_tempest_tests.tests.api.******.test_export_locations_negative.ExportLocationsNegativeTest)
------------------------------------------------------------------------------------------------------------

Captured traceback:
~~~~~~~~~~~~~~~~~~~
    Traceback (most recent call last):

      File "/opt/stack/tempest/tempest/test.py", line 185, in setUpClass
    raise value.with_traceback(trace)

      File "/opt/stack/tempest/tempest/test.py", line 178, in setUpClass
    cls.resource_setup()

      File "/opt/stack/tempest/manila-tempest-plugin/manila_tempest_tests/tests/api/******/test_export_locations_negative.py", line 47, in resource_setup
    cls.share = cls.create_share(client=cls.******_client,
                ^^^^^^^^^^^^^^^^^^^^^^^^^^^^^^^^^^^^^^^^^

      File "/opt/stack/tempest/manila-tempest-plugin/manila_tempest_tests/tests/api/base.py", line 411, in create_share
    result = cls.create_shares([{"args": args, "kwargs": kwargs}])
             ^^^^^^^^^^^^^^^^^^^^^^^^^^^^^^^^^^^^^^^^^^^^^^^^^^^^^

      File "/opt/stack/tempest/manila-tempest-plugin/manila_tempest_tests/tests/api/base.py", line 469, in create_shares
    waiters.wait_for_resource_status(

      File "/opt/stack/tempest/manila-tempest-plugin/manila_tempest_tests/common/waiters.py", line 109, in wait_for_resource_status
    raise resource_exception(resource_id=resource_id)

    manila_tempest_tests.share_exceptions.ShareBuildErrorException: Share 1f1bb091-9534-4756-a0d1-db1ab5980cf6 failed to build and is in ERROR status


manila_tempest_tests.tests.api.******.test_share_manage_negative.ManageNFSShareNegativeTest.test_manage_invalid_param_manage_error[api_with_backend,id-01b36343-c503-4c14-bb74-71f131ae96b6,negative]
----------------------------------------------------------------------------------------------------------------------------------------------------------------------------------------------------

Captured traceback:
~~~~~~~~~~~~~~~~~~~
    Traceback (most recent call last):

      File "/opt/stack/tempest/manila-tempest-plugin/manila_tempest_tests/tests/api/******/test_share_manage_negative.py", line 153, in test_manage_invalid_param_manage_error
    share = self._create_share_for_manage()
            ^^^^^^^^^^^^^^^^^^^^^^^^^^^^^^^

      File "/opt/stack/tempest/manila-tempest-plugin/manila_tempest_tests/tests/api/base.py", line 1174, in _create_share_for_manage
    share = self.create_share(**creation_data)
            ^^^^^^^^^^^^^^^^^^^^^^^^^^^^^^^^^^

      File "/opt/stack/tempest/manila-tempest-plugin/manila_tempest_tests/tests/api/base.py", line 411, in create_share
    result = cls.create_shares([{"args": args, "kwargs": kwargs}])
             ^^^^^^^^^^^^^^^^^^^^^^^^^^^^^^^^^^^^^^^^^^^^^^^^^^^^^

      File "/opt/stack/tempest/manila-tempest-plugin/manila_tempest_tests/tests/api/base.py", line 469, in create_shares
    waiters.wait_for_resource_status(

      File "/opt/stack/tempest/manila-tempest-plugin/manila_tempest_tests/common/waiters.py", line 109, in wait_for_resource_status
    raise resource_exception(resource_id=resource_id)

    manila_tempest_tests.share_exceptions.ShareBuildErrorException: Share fc65e0c9-965b-465b-b885-58b16c533bb3 failed to build and is in ERROR status


Captured pythonlogging:
~~~~~~~~~~~~~~~~~~~~~~~
    2026-02-06 07:09:54,800 167951 INFO     [tempest.lib.common.rest_client] Request (ManageNFSShareNegativeTest:test_manage_invalid_param_manage_error): 200 POST http://10.132.46.216/share/v2/16111d98202d4b47aa933fbac21739f7/shares 0.204s
2026-02-06 07:09:54,801 167951 DEBUG    [tempest.lib.common.rest_client] Request - Headers: {'Content-Type': 'application/json', 'Accept': 'application/json', 'x-openstack-manila-api-version': '2.90', 'X-Auth-Token': '<omitted>'}
        Body: {"share": {"share_proto": "nfs", "description": "Tempest's share", "snapshot_id": null, "name": "tempest-tempest-created-share-1387920241", "size": 1, "metadata": {}, "is_public": false, "share_type": "03d98168-fdcc-459a-90d1-d54d82ea202b"}}
    Response - Headers: {'date': 'Fri, 06 Feb 2026 07:09:54 GMT', 'server': 'Apache/2.4.58 (Ubuntu)', 'content-type': 'application/json', 'content-length': '1379', 'x-compute-request-id': 'req-0e2b3db6-59a5-46b2-bd99-316efba3136b', 'x-openstack-manila-api-version': '2.90', 'vary': 'X-OpenStack-Manila-API-Version', 'x-openstack-request-id': 'req-0e2b3db6-59a5-46b2-bd99-316efba3136b', 'connection': 'close', 'status': '200', 'content-location': 'http://10.132.46.216/share/v2/16111d98202d4b47aa933fbac21739f7/shares'}
        Body: b'{"share": {"id": "fc65e0c9-965b-465b-b885-58b16c533bb3", "size": 1, "availability_zone": null, "created_at": "2026-02-06T07:09:54.676243", "status": "creating", "name": "tempest-tempest-created-share-1387920241", "description": "Tempest\'s share", "project_id": "16111d98202d4b47aa933fbac21739f7", "snapshot_id": null, "share_network_id": null, "share_proto": "NFS", "metadata": {}, "share_type": "03d98168-fdcc-459a-90d1-d54d82ea202b", "volume_type": "tempest-manage-st-name-1958774490", "links": [{"rel": "self", "href": "http://10.132.46.216/share/v2/16111d98202d4b47aa933fbac21739f7/shares/fc65e0c9-965b-465b-b885-58b16c533bb3"}, {"rel": "bookmark", "href": "http://10.132.46.216/share/16111d98202d4b47aa933fbac21739f7/shares/fc65e0c9-965b-465b-b885-58b16c533bb3"}], "is_public": false, "snapshot_support": false, "task_state": null, "share_type_name": "tempest-manage-st-name-1958774490", "access_rules_status": "active", "replication_type": null, "has_replicas": false, "user_id": "2319d2989b8043cfb078882688aab826", "create_share_from_snapshot_support": false, "revert_to_snapshot_support": false, "share_group_id": null, "source_share_group_snapshot_member_id": null, "mount_snapshot_support": false, "progress": null, "is_soft_deleted": false, "scheduled_to_be_deleted_at": null, "source_backup_id": null, "encryption_key_ref": null, "share_server_id": null, "host": ""}}'
2026-02-06 07:09:54,831 167951 INFO     [tempest.lib.common.rest_client] Request (ManageNFSShareNegativeTest:test_manage_invalid_param_manage_error): 200 GET http://10.132.46.216/share/v2/16111d98202d4b47aa933fbac21739f7/shares/fc65e0c9-965b-465b-b885-58b16c533bb3 0.029s
2026-02-06 07:09:54,831 167951 DEBUG    [tempest.lib.common.rest_client] Request - Headers: {'Content-Type': 'application/json', 'Accept': 'application/json', 'x-openstack-manila-api-version': '2.90', 'X-Auth-Token': '<omitted>'}
        Body: None
    Response - Headers: {'date': 'Fri, 06 Feb 2026 07:09:54 GMT', 'server': 'Apache/2.4.58 (Ubuntu)', 'content-type': 'application/json', 'content-length': '1379', 'x-compute-request-id': 'req-06e2cd5c-891f-4221-b03f-7f1bbf150f7d', 'x-openstack-manila-api-version': '2.90', 'vary': 'X-OpenStack-Manila-API-Version', 'x-openstack-request-id': 'req-06e2cd5c-891f-4221-b03f-7f1bbf150f7d', 'connection': 'close', 'status': '200', 'content-location': 'http://10.132.46.216/share/v2/16111d98202d4b47aa933fbac21739f7/shares/fc65e0c9-965b-465b-b885-58b16c533bb3'}
        Body: b'{"share": {"id": "fc65e0c9-965b-465b-b885-58b16c533bb3", "size": 1, "availability_zone": null, "created_at": "2026-02-06T07:09:54.676243", "status": "creating", "name": "tempest-tempest-created-share-1387920241", "description": "Tempest\'s share", "project_id": "16111d98202d4b47aa933fbac21739f7", "snapshot_id": null, "share_network_id": null, "share_proto": "NFS
    ", "metadata": {}, "share_type": "03d98168-fdcc-459a-90d1-d54d82ea202b", "volume_type": "tempest-manage-st-name-1958774490", "links": [{"rel": "self", "href": "http://10.132.46.216/share/v2/16111d98202d4b47aa933fbac21739f7/shares/fc65e0c9-965b-465b-b885-58b16c533bb3"}, {"rel": "bookmark", "href": "http://10.132.46.216/share/16111d98202d4b47aa933fbac21739f7/shares/fc65e0c9-965b-465b-b885-58b16c533bb3"}], "is_public": false, "snapshot_support": false, "task_state": null, "share_type_name": "tempest-manage-st-name-1958774490", "access_rules_status": "active", "replication_type": null, "has_replicas": false, "user_id": "2319d2989b8043cfb078882688aab826", "create_share_from_snapshot_support": false, "revert_to_snapshot_support": false, "share_group_id": null, "source_share_group_snapshot_member_id": null, "mount_snapshot_support": false, "progress": null, "is_soft_deleted": false, "scheduled_to_be_deleted_at": null, "source_backup_id": null, "encryption_key_ref": null, "share_server_id": null, "host": ""}}'
2026-02-06 07:09:57,862 167951 INFO     [tempest.lib.common.rest_client] Request (ManageNFSShareNegativeTest:test_manage_invalid_param_manage_error): 200 GET http://10.132.46.216/share/v2/16111d98202d4b47aa933fbac21739f7/shares/fc65e0c9-965b-465b-b885-58b16c533bb3 0.030s
2026-02-06 07:09:57,863 167951 DEBUG    [tempest.lib.common.rest_client] Request - Headers: {'Content-Type': 'application/json', 'Accept': 'application/json', 'x-openstack-manila-api-version': '2.90', 'X-Auth-Token': '<omitted>'}
        Body: None
    Response - Headers: {'date': 'Fri, 06 Feb 2026 07:09:57 GMT', 'server': 'Apache/2.4.58 (Ubuntu)', 'content-type': 'application/json', 'content-length': '1376', 'x-compute-request-id': 'req-165a866d-2e9a-4edc-a3e2-02cbe559818b', 'x-openstack-manila-api-version': '2.90', 'vary': 'X-OpenStack-Manila-API-Version', 'x-openstack-request-id': 'req-165a866d-2e9a-4edc-a3e2-02cbe559818b', 'connection': 'close', 'status': '200', 'content-location': 'http://10.132.46.216/share/v2/16111d98202d4b47aa933fbac21739f7/shares/fc65e0c9-965b-465b-b885-58b16c533bb3'}
        Body: b'{"share": {"id": "fc65e0c9-965b-465b-b885-58b16c533bb3", "size": 1, "availability_zone": null, "created_at": "2026-02-06T07:09:54.676243", "status": "error", "name": "tempest-tempest-created-share-1387920241", "description": "Tempest\'s share", "project_id": "16111d98202d4b47aa933fbac21739f7", "snapshot_id": null, "share_network_id": null, "share_proto": "NFS", "metadata": {}, "share_type": "03d98168-fdcc-459a-90d1-d54d82ea202b", "volume_type": "tempest-manage-st-name-1958774490", "links": [{"rel": "self", "href": "http://10.132.46.216/share/v2/16111d98202d4b47aa933fbac21739f7/shares/fc65e0c9-965b-465b-b885-58b16c533bb3"}, {"rel": "bookmark", "href": "http://10.132.46.216/share/16111d98202d4b47aa933fbac21739f7/shares/fc65e0c9-965b-465b-b885-58b16c533bb3"}], "is_public": false, "snapshot_support": false, "task_state": null, "share_type_name": "tempest-manage-st-name-1958774490", "access_rules_status": "active", "replication_type": null, "has_replicas": false, "user_id": "2319d2989b8043cfb078882688aab826", "create_share_from_snapshot_support": false, "revert_to_snapshot_support": false, "share_group_id": null, "source_share_group_snapshot_member_id": null, "mount_snapshot_support": false, "progress": null, "is_soft_deleted": false, "scheduled_to_be_deleted_at": null, "source_backup_id": null, "encryption_key_ref": null, "share_server_id": null, "host": ""}}'


manila_tempest_tests.tests.api.******.test_share_manage_negative.ManageNFSShareNegativeTest.test_manage_invalid_param_raises_exception[api_with_backend,id-8267161e-4f55-44eb-9af5-30d1a3fb2606,negative]
--------------------------------------------------------------------------------------------------------------------------------------------------------------------------------------------------------

Captured traceback:
~~~~~~~~~~~~~~~~~~~
    Traceback (most recent call last):

      File "/opt/stack/tempest/manila-tempest-plugin/manila_tempest_tests/tests/api/******/test_share_manage_negative.py", line 104, in test_manage_invalid_param_raises_exception
    share = self._create_share_for_manage()
            ^^^^^^^^^^^^^^^^^^^^^^^^^^^^^^^

      File "/opt/stack/tempest/manila-tempest-plugin/manila_tempest_tests/tests/api/base.py", line 1174, in _create_share_for_manage
    share = self.create_share(**creation_data)
            ^^^^^^^^^^^^^^^^^^^^^^^^^^^^^^^^^^

      File "/opt/stack/tempest/manila-tempest-plugin/manila_tempest_tests/tests/api/base.py", line 411, in create_share
    result = cls.create_shares([{"args": args, "kwargs": kwargs}])
             ^^^^^^^^^^^^^^^^^^^^^^^^^^^^^^^^^^^^^^^^^^^^^^^^^^^^^

      File "/opt/stack/tempest/manila-tempest-plugin/manila_tempest_tests/tests/api/base.py", line 469, in create_shares
    waiters.wait_for_resource_status(

      File "/opt/stack/tempest/manila-tempest-plugin/manila_tempest_tests/common/waiters.py", line 109, in wait_for_resource_status
    raise resource_exception(resource_id=resource_id)

    manila_tempest_tests.share_exceptions.ShareBuildErrorException: Share 5acbead4-f788-46dd-8987-b20e18cc4d2f failed to build and is in ERROR status


Captured pythonlogging:
~~~~~~~~~~~~~~~~~~~~~~~
    2026-02-06 07:09:58,073 167951 INFO     [tempest.lib.common.rest_client] Request (ManageNFSShareNegativeTest:test_manage_invalid_param_raises_exception): 200 POST http://10.132.46.216/share/v2/16111d98202d4b47aa933fbac21739f7/shares 0.204s
2026-02-06 07:09:58,074 167951 DEBUG    [tempest.lib.common.rest_client] Request - Headers: {'Content-Type': 'application/json', 'Accept': 'application/json', 'x-openstack-manila-api-version': '2.90', 'X-Auth-Token': '<omitted>'}
        Body: {"share": {"share_proto": "nfs", "description": "Tempest's share", "snapshot_id": null, "name": "tempest-tempest-created-share-2041125917", "size": 1, "metadata": {}, "is_public": false, "share_type": "03d98168-fdcc-459a-90d1-d54d82ea202b"}}
    Response - Headers: {'date': 'Fri, 06 Feb 2026 07:09:57 GMT', 'server': 'Apache/2.4.58 (Ubuntu)', 'content-type': 'application/json', 'content-length': '1379', 'x-compute-request-id': 'req-86ce7118-315a-4dc6-9ae1-3bc26e40973a', 'x-openstack-manila-api-version': '2.90', 'vary': 'X-OpenStack-Manila-API-Version', 'x-openstack-request-id': 'req-86ce7118-315a-4dc6-9ae1-3bc26e40973a', 'connection': 'close', 'status': '200', 'content-location': 'http://10.132.46.216/share/v2/16111d98202d4b47aa933fbac21739f7/shares'}
        Body: b'{"share": {"id": "5acbead4-f788-46dd-8987-b20e18cc4d2f", "size": 1, "availability_zone": null, "created_at": "2026-02-06T07:09:57.936924", "status": "creating", "name": "tempest-tempest-created-share-2041125917", "description": "Tempest\'s share", "project_id": "16111d98202d4b47aa933fbac21739f7", "snapshot_id": null, "share_network_id": null, "share_proto": "NFS", "metadata": {}, "share_type": "03d98168-fdcc-459a-90d1-d54d82ea202b", "volume_type": "tempest-manage-st-name-1958774490", "links": [{"rel": "self", "href": "http://10.132.46.216/share/v2/16111d98202d4b47aa933fbac21739f7/shares/5acbead4-f788-46dd-8987-b20e18cc4d2f"}, {"rel": "bookmark", "href": "http://10.132.46.216/share/16111d98202d4b47aa933fbac21739f7/shares/5acbead4-f788-46dd-8987-b20e18cc4d2f"}], "is_public": false, "snapshot_support": false, "task_state": null, "share_type_name": "tempest-manage-st-name-1958774490", "access_rules_status": "active", "replication_type": null, "has_replicas": false, "user_id": "2319d2989b8043cfb078882688aab826", "create_share_from_snapshot_support": false, "revert_to_snapshot_support": false, "share_group_id": null, "source_share_group_snapshot_member_id": null, "mount_snapshot_support": false, "progress": null, "is_soft_deleted": false, "scheduled_to_be_deleted_at": null, "source_backup_id": null, "encryption_key_ref": null, "share_server_id": null, "host": ""}}'
2026-02-06 07:09:58,131 167951 INFO     [tempest.lib.common.rest_client] Request (ManageNFSShareNegativeTest:test_manage_invalid_param_raises_exception): 200 GET http://10.132.46.216/share/v2/16111d98202d4b47aa933fbac21739f7/shares/5acbead4-f788-46dd-8987-b20e18cc4d2f 0.057s
2026-02-06 07:09:58,131 167951 DEBUG    [tempest.lib.common.rest_client] Request - Headers: {'Content-Type': 'application/json', 'Accept': 'application/json', 'x-openstack-manila-api-version': '2.90', 'X-Auth-Token': '<omitted>'}
        Body: None
    Response - Headers: {'date': 'Fri, 06 Feb 2026 07:09:58 GMT', 'server': 'Apache/2.4.58 (Ubuntu)', 'content-type': 'application/json', 'content-length': '1379', 'x-compute-request-id': 'req-c904aab3-249c-4e50-a07c-4fb45764843c', 'x-openstack-manila-api-version': '2.90', 'vary': 'X-OpenStack-Manila-API-Version', 'x-openstack-request-id': 'req-c904aab3-249c-4e50-a07c-4fb45764843c', 'connection': 'close', 'status': '200', 'content-location': 'http://10.132.46.216/share/v2/16111d98202d4b47aa933fbac21739f7/shares/5acbead4-f788-46dd-8987-b20e18cc4d2f'}
        Body: b'{"share": {"id": "5acbead4-f788-46dd-8987-b20e18cc4d2f", "size": 1, "availability_zone": null, "created_at": "2026-02-06T07:09:57.936924", "status": "creating", "name": "tempest-tempest-created-share-2041125917", "description": "Tempest\'s share", "project_id": "16111d98202d4b47aa933fbac21739f7", "snapshot_id": null, "share_network_id": null, "share_prot
    o": "NFS", "metadata": {}, "share_type": "03d98168-fdcc-459a-90d1-d54d82ea202b", "volume_type": "tempest-manage-st-name-1958774490", "links": [{"rel": "self", "href": "http://10.132.46.216/share/v2/16111d98202d4b47aa933fbac21739f7/shares/5acbead4-f788-46dd-8987-b20e18cc4d2f"}, {"rel": "bookmark", "href": "http://10.132.46.216/share/16111d98202d4b47aa933fbac21739f7/shares/5acbead4-f788-46dd-8987-b20e18cc4d2f"}], "is_public": false, "snapshot_support": false, "task_state": null, "share_type_name": "tempest-manage-st-name-1958774490", "access_rules_status": "active", "replication_type": null, "has_replicas": false, "user_id": "2319d2989b8043cfb078882688aab826", "create_share_from_snapshot_support": false, "revert_to_snapshot_support": false, "share_group_id": null, "source_share_group_snapshot_member_id": null, "mount_snapshot_support": false, "progress": null, "is_soft_deleted": false, "scheduled_to_be_deleted_at": null, "source_backup_id": null, "encryption_key_ref": null, "share_server_id": null, "host": ""}}'
2026-02-06 07:10:01,165 167951 INFO     [tempest.lib.common.rest_client] Request (ManageNFSShareNegativeTest:test_manage_invalid_param_raises_exception): 200 GET http://10.132.46.216/share/v2/16111d98202d4b47aa933fbac21739f7/shares/5acbead4-f788-46dd-8987-b20e18cc4d2f 0.033s
2026-02-06 07:10:01,165 167951 DEBUG    [tempest.lib.common.rest_client] Request - Headers: {'Content-Type': 'application/json', 'Accept': 'application/json', 'x-openstack-manila-api-version': '2.90', 'X-Auth-Token': '<omitted>'}
        Body: None
    Response - Headers: {'date': 'Fri, 06 Feb 2026 07:10:01 GMT', 'server': 'Apache/2.4.58 (Ubuntu)', 'content-type': 'application/json', 'content-length': '1376', 'x-compute-request-id': 'req-5d6f6986-038e-4d15-9a71-52e07b7c1822', 'x-openstack-manila-api-version': '2.90', 'vary': 'X-OpenStack-Manila-API-Version', 'x-openstack-request-id': 'req-5d6f6986-038e-4d15-9a71-52e07b7c1822', 'connection': 'close', 'status': '200', 'content-location': 'http://10.132.46.216/share/v2/16111d98202d4b47aa933fbac21739f7/shares/5acbead4-f788-46dd-8987-b20e18cc4d2f'}
        Body: b'{"share": {"id": "5acbead4-f788-46dd-8987-b20e18cc4d2f", "size": 1, "availability_zone": null, "created_at": "2026-02-06T07:09:57.936924", "status": "error", "name": "tempest-tempest-created-share-2041125917", "description": "Tempest\'s share", "project_id": "16111d98202d4b47aa933fbac21739f7", "snapshot_id": null, "share_network_id": null, "share_proto": "NFS", "metadata": {}, "share_type": "03d98168-fdcc-459a-90d1-d54d82ea202b", "volume_type": "tempest-manage-st-name-1958774490", "links": [{"rel": "self", "href": "http://10.132.46.216/share/v2/16111d98202d4b47aa933fbac21739f7/shares/5acbead4-f788-46dd-8987-b20e18cc4d2f"}, {"rel": "bookmark", "href": "http://10.132.46.216/share/16111d98202d4b47aa933fbac21739f7/shares/5acbead4-f788-46dd-8987-b20e18cc4d2f"}], "is_public": false, "snapshot_support": false, "task_state": null, "share_type_name": "tempest-manage-st-name-1958774490", "access_rules_status": "active", "replication_type": null, "has_replicas": false, "user_id": "2319d2989b8043cfb078882688aab826", "create_share_from_snapshot_support": false, "revert_to_snapshot_support": false, "share_group_id": null, "source_share_group_snapshot_member_id": null, "mount_snapshot_support": false, "progress": null, "is_soft_deleted": false, "scheduled_to_be_deleted_at": null, "source_backup_id": null, "encryption_key_ref": null, "share_server_id": null, "host": ""}}'


manila_tempest_tests.tests.api.******.test_share_manage_negative.ManageNFSShareNegativeTest.test_manage_share_duplicate[api_with_backend,id-832b1c4d-e6f2-4a75-9ea5-d99f780db743,negative]
-----------------------------------------------------------------------------------------------------------------------------------------------------------------------------------------

Captured traceback:
~~~~~~~~~~~~~~~~~~~
    Traceback (most recent call last):

      File "/opt/stack/tempest/manila-tempest-plugin/manila_tempest_tests/tests/api/******/test_share_manage_negative.py", line 195, in test_manage_share_duplicate
    share = self._create_share_for_manage()
            ^^^^^^^^^^^^^^^^^^^^^^^^^^^^^^^

      File "/opt/stack/tempest/manila-tempest-plugin/manila_tempest_tests/tests/api/base.py", line 1174, in _create_share_for_manage
    share = self.create_share(**creation_data)
            ^^^^^^^^^^^^^^^^^^^^^^^^^^^^^^^^^^

      File "/opt/stack/tempest/manila-tempest-plugin/manila_tempest_tests/tests/api/base.py", line 411, in create_share
    result = cls.create_shares([{"args": args, "kwargs": kwargs}])
             ^^^^^^^^^^^^^^^^^^^^^^^^^^^^^^^^^^^^^^^^^^^^^^^^^^^^^

      File "/opt/stack/tempest/manila-tempest-plugin/manila_tempest_tests/tests/api/base.py", line 469, in create_shares
    waiters.wait_for_resource_status(

      File "/opt/stack/tempest/manila-tempest-plugin/manila_tempest_tests/common/waiters.py", line 109, in wait_for_resource_status
    raise resource_exception(resource_id=resource_id)

    manila_tempest_tests.share_exceptions.ShareBuildErrorException: Share c5183a88-d5ab-4b1b-851a-6944608aa36e failed to build and is in ERROR status


Captured pythonlogging:
~~~~~~~~~~~~~~~~~~~~~~~
    2026-02-06 07:10:01,409 167951 INFO     [tempest.lib.common.rest_client] Request (ManageNFSShareNegativeTest:test_manage_share_duplicate): 200 POST http://10.132.46.216/share/v2/16111d98202d4b47aa933fbac21739f7/shares 0.240s
2026-02-06 07:10:01,409 167951 DEBUG    [tempest.lib.common.rest_client] Request - Headers: {'Content-Type': 'application/json', 'Accept': 'application/json', 'x-openstack-manila-api-version': '2.90', 'X-Auth-Token': '<omitted>'}
        Body: {"share": {"share_proto": "nfs", "description": "Tempest's share", "snapshot_id": null, "name": "tempest-tempest-created-share-211459188", "size": 1, "metadata": {}, "is_public": false, "share_type": "03d98168-fdcc-459a-90d1-d54d82ea202b"}}
    Response - Headers: {'date': 'Fri, 06 Feb 2026 07:10:01 GMT', 'server': 'Apache/2.4.58 (Ubuntu)', 'content-type': 'application/json', 'content-length': '1378', 'x-compute-request-id': 'req-3293e0bb-223f-4268-88f5-7ad0dc3b7149', 'x-openstack-manila-api-version': '2.90', 'vary': 'X-OpenStack-Manila-API-Version', 'x-openstack-request-id': 'req-3293e0bb-223f-4268-88f5-7ad0dc3b7149', 'connection': 'close', 'status': '200', 'content-location': 'http://10.132.46.216/share/v2/16111d98202d4b47aa933fbac21739f7/shares'}
        Body: b'{"share": {"id": "c5183a88-d5ab-4b1b-851a-6944608aa36e", "size": 1, "availability_zone": null, "created_at": "2026-02-06T07:10:01.249499", "status": "creating", "name": "tempest-tempest-created-share-211459188", "description": "Tempest\'s share", "project_id": "16111d98202d4b47aa933fbac21739f7", "snapshot_id": null, "share_network_id": null, "share_proto": "NFS", "metadata": {}, "share_type": "03d98168-fdcc-459a-90d1-d54d82ea202b", "volume_type": "tempest-manage-st-name-1958774490", "links": [{"rel": "self", "href": "http://10.132.46.216/share/v2/16111d98202d4b47aa933fbac21739f7/shares/c5183a88-d5ab-4b1b-851a-6944608aa36e"}, {"rel": "bookmark", "href": "http://10.132.46.216/share/16111d98202d4b47aa933fbac21739f7/shares/c5183a88-d5ab-4b1b-851a-6944608aa36e"}], "is_public": false, "snapshot_support": false, "task_state": null, "share_type_name": "tempest-manage-st-name-1958774490", "access_rules_status": "active", "replication_type": null, "has_replicas": false, "user_id": "2319d2989b8043cfb078882688aab826", "create_share_from_snapshot_support": false, "revert_to_snapshot_support": false, "share_group_id": null, "source_share_group_snapshot_member_id": null, "mount_snapshot_support": false, "progress": null, "is_soft_deleted": false, "scheduled_to_be_deleted_at": null, "source_backup_id": null, "encryption_key_ref": null, "share_server_id": null, "host": ""}}'
2026-02-06 07:10:01,452 167951 INFO     [tempest.lib.common.rest_client] Request (ManageNFSShareNegativeTest:test_manage_share_duplicate): 200 GET http://10.132.46.216/share/v2/16111d98202d4b47aa933fbac21739f7/shares/c5183a88-d5ab-4b1b-851a-6944608aa36e 0.042s
2026-02-06 07:10:01,452 167951 DEBUG    [tempest.lib.common.rest_client] Request - Headers: {'Content-Type': 'application/json', 'Accept': 'application/json', 'x-openstack-manila-api-version': '2.90', 'X-Auth-Token': '<omitted>'}
        Body: None
    Response - Headers: {'date': 'Fri, 06 Feb 2026 07:10:01 GMT', 'server': 'Apache/2.4.58 (Ubuntu)', 'content-type': 'application/json', 'content-length': '1378', 'x-compute-request-id': 'req-1100e601-c7fe-49f4-914e-a8ecb15adfeb', 'x-openstack-manila-api-version': '2.90', 'vary': 'X-OpenStack-Manila-API-Version', 'x-openstack-request-id': 'req-1100e601-c7fe-49f4-914e-a8ecb15adfeb', 'connection': 'close', 'status': '200', 'content-location': 'http://10.132.46.216/share/v2/16111d98202d4b47aa933fbac21739f7/shares/c5183a88-d5ab-4b1b-851a-6944608aa36e'}
        Body: b'{"share": {"id": "c5183a88-d5ab-4b1b-851a-6944608aa36e", "size": 1, "availability_zone": null, "created_at": "2026-02-06T07:10:01.249499", "status": "creating", "name": "tempest-tempest-created-share-211459188", "description": "Tempest\'s share", "project_id": "16111d98202d4b47aa933fbac21739f7", "snapshot_id": null, "share_network_id": null, "share_proto": "NFS", "metadata": {}, "share
    _type": "03d98168-fdcc-459a-90d1-d54d82ea202b", "volume_type": "tempest-manage-st-name-1958774490", "links": [{"rel": "self", "href": "http://10.132.46.216/share/v2/16111d98202d4b47aa933fbac21739f7/shares/c5183a88-d5ab-4b1b-851a-6944608aa36e"}, {"rel": "bookmark", "href": "http://10.132.46.216/share/16111d98202d4b47aa933fbac21739f7/shares/c5183a88-d5ab-4b1b-851a-6944608aa36e"}], "is_public": false, "snapshot_support": false, "task_state": null, "share_type_name": "tempest-manage-st-name-1958774490", "access_rules_status": "active", "replication_type": null, "has_replicas": false, "user_id": "2319d2989b8043cfb078882688aab826", "create_share_from_snapshot_support": false, "revert_to_snapshot_support": false, "share_group_id": null, "source_share_group_snapshot_member_id": null, "mount_snapshot_support": false, "progress": null, "is_soft_deleted": false, "scheduled_to_be_deleted_at": null, "source_backup_id": null, "encryption_key_ref": null, "share_server_id": null, "host": ""}}'
2026-02-06 07:10:04,485 167951 INFO     [tempest.lib.common.rest_client] Request (ManageNFSShareNegativeTest:test_manage_share_duplicate): 200 GET http://10.132.46.216/share/v2/16111d98202d4b47aa933fbac21739f7/shares/c5183a88-d5ab-4b1b-851a-6944608aa36e 0.032s
2026-02-06 07:10:04,485 167951 DEBUG    [tempest.lib.common.rest_client] Request - Headers: {'Content-Type': 'application/json', 'Accept': 'application/json', 'x-openstack-manila-api-version': '2.90', 'X-Auth-Token': '<omitted>'}
        Body: None
    Response - Headers: {'date': 'Fri, 06 Feb 2026 07:10:04 GMT', 'server': 'Apache/2.4.58 (Ubuntu)', 'content-type': 'application/json', 'content-length': '1375', 'x-compute-request-id': 'req-84343cf4-f8ab-4fd3-af5a-a4224b38b754', 'x-openstack-manila-api-version': '2.90', 'vary': 'X-OpenStack-Manila-API-Version', 'x-openstack-request-id': 'req-84343cf4-f8ab-4fd3-af5a-a4224b38b754', 'connection': 'close', 'status': '200', 'content-location': 'http://10.132.46.216/share/v2/16111d98202d4b47aa933fbac21739f7/shares/c5183a88-d5ab-4b1b-851a-6944608aa36e'}
        Body: b'{"share": {"id": "c5183a88-d5ab-4b1b-851a-6944608aa36e", "size": 1, "availability_zone": null, "created_at": "2026-02-06T07:10:01.249499", "status": "error", "name": "tempest-tempest-created-share-211459188", "description": "Tempest\'s share", "project_id": "16111d98202d4b47aa933fbac21739f7", "snapshot_id": null, "share_network_id": null, "share_proto": "NFS", "metadata": {}, "share_type": "03d98168-fdcc-459a-90d1-d54d82ea202b", "volume_type": "tempest-manage-st-name-1958774490", "links": [{"rel": "self", "href": "http://10.132.46.216/share/v2/16111d98202d4b47aa933fbac21739f7/shares/c5183a88-d5ab-4b1b-851a-6944608aa36e"}, {"rel": "bookmark", "href": "http://10.132.46.216/share/16111d98202d4b47aa933fbac21739f7/shares/c5183a88-d5ab-4b1b-851a-6944608aa36e"}], "is_public": false, "snapshot_support": false, "task_state": null, "share_type_name": "tempest-manage-st-name-1958774490", "access_rules_status": "active", "replication_type": null, "has_replicas": false, "user_id": "2319d2989b8043cfb078882688aab826", "create_share_from_snapshot_support": false, "revert_to_snapshot_support": false, "share_group_id": null, "source_share_group_snapshot_member_id": null, "mount_snapshot_support": false, "progress": null, "is_soft_deleted": false, "scheduled_to_be_deleted_at": null, "source_backup_id": null, "encryption_key_ref": null, "share_server_id": null, "host": ""}}'


manila_tempest_tests.tests.api.******.test_quotas.SharesAdminQuotasUpdateTest.test_quotas_usages[api_with_backend,id-4687eb25-17b3-4995-ace2-62f8bda29c57,positive]
------------------------------------------------------------------------------------------------------------------------------------------------------------------

Captured traceback:
~~~~~~~~~~~~~~~~~~~
    Traceback (most recent call last):

      File "/opt/stack/tempest/manila-tempest-plugin/manila_tempest_tests/tests/api/******/test_quotas.py", line 880, in test_quotas_usages
    share_1 = self.create_share(
              ^^^^^^^^^^^^^^^^^^

      File "/opt/stack/tempest/manila-tempest-plugin/manila_tempest_tests/tests/api/base.py", line 411, in create_share
    result = cls.create_shares([{"args": args, "kwargs": kwargs}])
             ^^^^^^^^^^^^^^^^^^^^^^^^^^^^^^^^^^^^^^^^^^^^^^^^^^^^^

      File "/opt/stack/tempest/manila-tempest-plugin/manila_tempest_tests/tests/api/base.py", line 469, in create_shares
    waiters.wait_for_resource_status(

      File "/opt/stack/tempest/manila-tempest-plugin/manila_tempest_tests/common/waiters.py", line 109, in wait_for_resource_status
    raise resource_exception(resource_id=resource_id)

    manila_tempest_tests.share_exceptions.ShareBuildErrorException: Share 3e0d0ba6-8738-415a-99db-21f325dec63f failed to build and is in ERROR status


Captured pythonlogging:
~~~~~~~~~~~~~~~~~~~~~~~
    2026-02-06 07:10:02,085 167945 INFO     [tempest.lib.common.rest_client] Request (SharesAdminQuotasUpdateTest:test_quotas_usages): 200 POST http://10.132.46.216/share/v2/cfe40a4c998a429f92aea5a8b8a0ad3a/types 0.024s
2026-02-06 07:10:02,085 167945 DEBUG    [tempest.lib.common.rest_client] Request - Headers: {'Content-Type': 'application/json', 'Accept': 'application/json', 'x-openstack-manila-api-version': '2.90', 'X-Auth-Token': '<omitted>'}
        Body: {"share_type": {"name": "tempest-typeshare-type-2046793529", "extra_specs": {"driver_handles_share_servers": "False"}, "share_type_access:is_public": true}}
    Response - Headers: {'date': 'Fri, 06 Feb 2026 07:10:02 GMT', 'server': 'Apache/2.4.58 (Ubuntu)', 'content-type': 'application/json', 'content-length': '623', 'x-compute-request-id': 'req-00e8a1e0-73ac-4b17-b7b7-265785d28607', 'x-openstack-manila-api-version': '2.90', 'vary': 'X-OpenStack-Manila-API-Version', 'x-openstack-request-id': 'req-00e8a1e0-73ac-4b17-b7b7-265785d28607', 'connection': 'close', 'status': '200', 'content-location': 'http://10.132.46.216/share/v2/cfe40a4c998a429f92aea5a8b8a0ad3a/types'}
        Body: b'{"volume_type": {"id": "c52ab3f7-8001-435f-8e17-4e47fb0afcdd", "name": "tempest-typeshare-type-2046793529", "extra_specs": {"driver_handles_share_servers": "False"}, "required_extra_specs": {"driver_handles_share_servers": "False"}, "share_type_access:is_public": true, "description": null, "is_default": false}, "share_type": {"id": "c52ab3f7-8001-435f-8e17-4e47fb0afcdd", "name": "tempest-typeshare-type-2046793529", "extra_specs": {"driver_handles_share_servers": "False"}, "required_extra_specs": {"driver_handles_share_servers": "False"}, "share_type_access:is_public": true, "description": null, "is_default": false}}'
2026-02-06 07:10:02,105 167945 INFO     [tempest.lib.common.rest_client] Request (SharesAdminQuotasUpdateTest:test_quotas_usages): 200 POST http://10.132.46.216/share/v2/cfe40a4c998a429f92aea5a8b8a0ad3a/types 0.019s
2026-02-06 07:10:02,106 167945 DEBUG    [tempest.lib.common.rest_client] Request - Headers: {'Content-Type': 'application/json', 'Accept': 'application/json', 'x-openstack-manila-api-version': '2.90', 'X-Auth-Token': '<omitted>'}
        Body: {"share_type": {"name": "tempest-typeshare-type-1324012671", "extra_specs": {"driver_handles_share_servers": "False"}, "share_type_access:is_public": true}}
    Response - Headers: {'date': 'Fri, 06 Feb 2026 07:10:02 GMT', 'server': 'Apache/2.4.58 (Ubuntu)', 'content-type': 'application/json', 'content-length': '623', 'x-compute-request-id': 'req-0a0605ec-74b3-4ee7-a664-beb60964c8bc', 'x-openstack-manila-api-version': '2.90', 'vary': 'X-OpenStack-Manila-API-Version', 'x-openstack-request-id': 'req-0a0605ec-74b3-4ee7-a664-beb60964c8bc', 'connection': 'close', 'status': '200', 'content-location': 'http://10.132.46.216/share/v2/cfe40a4c998a429f92aea5a8b8a0ad3a/types'}
        Body: b'{"volume_type": {"id": "554bcd9d-6a96-43cb-bcb4-48cc58c57092", "name": "tempest-typeshare-type-1324012671", "extra_specs": {"driver_handles_share_servers": "False"}, "required_extra_specs": {"driver_handles_share_servers": "False"}, "share_type_access:is_public": true, "description": null, "is_default": false}, "share_type": {"id": "554bcd9d-6a96-43cb-bcb4-48cc58c57092", "name": "tempest-typeshare-type-1324012671", "extra_specs": {"driver_handles_share_servers": "False"}, "required_extra_specs": {"driver_handles_share_servers": "False"}, "share_type_access:is_public": true, "description": null, "is_default": false}}'
2026-02-06 07:10:02,162 167945 INFO     [tempest.lib.common.rest_client] Request (SharesAdminQuotasUpdateTest:test_quotas_usages): 200 PUT http://10.132.46.216/share/v2/cfe40a4c998a429f92aea5a8b8a0ad3a/quota-sets/cfe40a4c998a429f92aea5a8b8a0ad3a 0.056s
2026-02-06 07:10:02,163 167945 DEBUG    [tempest.lib.common.rest_client] Request - Headers: {'Content-Type': 'application/json', 'Accept': 'application/json', 'x-openstack-manila-api-version': '2.90', 'X-Auth-Token': '<omitted>'}
        Body: {"quota_set": {"tenant_id": "cfe40a4c998a429f92ae
    a5a8b8a0ad3a", "force": "true", "shares": 3, "gigabytes": 10}}
    Response - Headers: {'date': 'Fri, 06 Feb 2026 07:10:02 GMT', 'server': 'Apache/2.4.58 (Ubuntu)', 'content-type': 'application/json', 'content-length': '303', 'x-compute-request-id': 'req-0ca68353-5ac5-4851-b7de-422b24a79e88', 'x-openstack-manila-api-version': '2.90', 'vary': 'X-OpenStack-Manila-API-Version', 'x-openstack-request-id': 'req-0ca68353-5ac5-4851-b7de-422b24a79e88', 'connection': 'close', 'status': '200', 'content-location': 'http://10.132.46.216/share/v2/cfe40a4c998a429f92aea5a8b8a0ad3a/quota-sets/cfe40a4c998a429f92aea5a8b8a0ad3a'}
        Body: b'{"quota_set": {"shares": 3, "gigabytes": 10, "snapshots": 50, "snapshot_gigabytes": 1000, "share_networks": 10, "share_groups": 50, "share_group_snapshots": 50, "share_replicas": 100, "replica_gigabytes": 1000, "per_share_gigabytes": -1, "backups": 10, "backup_gigabytes": 1000, "encryption_keys": 100}}'
2026-02-06 07:10:02,240 167945 INFO     [tempest.lib.common.rest_client] Request (SharesAdminQuotasUpdateTest:test_quotas_usages): 200 PUT http://10.132.46.216/share/v2/cfe40a4c998a429f92aea5a8b8a0ad3a/quota-sets/cfe40a4c998a429f92aea5a8b8a0ad3a?user_id=364c13a4df984913b7da3bd3d83350e8 0.077s
2026-02-06 07:10:02,241 167945 DEBUG    [tempest.lib.common.rest_client] Request - Headers: {'Content-Type': 'application/json', 'Accept': 'application/json', 'x-openstack-manila-api-version': '2.90', 'X-Auth-Token': '<omitted>'}
        Body: {"quota_set": {"tenant_id": "cfe40a4c998a429f92aea5a8b8a0ad3a", "force": "true", "shares": 2, "gigabytes": 7}}
    Response - Headers: {'date': 'Fri, 06 Feb 2026 07:10:02 GMT', 'server': 'Apache/2.4.58 (Ubuntu)', 'content-type': 'application/json', 'content-length': '302', 'x-compute-request-id': 'req-24bba450-b4fa-42e1-babe-d9173a502562', 'x-openstack-manila-api-version': '2.90', 'vary': 'X-OpenStack-Manila-API-Version', 'x-openstack-request-id': 'req-24bba450-b4fa-42e1-babe-d9173a502562', 'connection': 'close', 'status': '200', 'content-location': 'http://10.132.46.216/share/v2/cfe40a4c998a429f92aea5a8b8a0ad3a/quota-sets/cfe40a4c998a429f92aea5a8b8a0ad3a?user_id=364c13a4df984913b7da3bd3d83350e8'}
        Body: b'{"quota_set": {"shares": 2, "gigabytes": 7, "snapshots": 50, "snapshot_gigabytes": 1000, "share_networks": 10, "share_groups": 50, "share_group_snapshots": 50, "share_replicas": 100, "replica_gigabytes": 1000, "per_share_gigabytes": -1, "backups": 10, "backup_gigabytes": 1000, "encryption_keys": 100}}'
2026-02-06 07:10:02,324 167945 INFO     [tempest.lib.common.rest_client] Request (SharesAdminQuotasUpdateTest:test_quotas_usages): 200 PUT http://10.132.46.216/share/v2/cfe40a4c998a429f92aea5a8b8a0ad3a/quota-sets/cfe40a4c998a429f92aea5a8b8a0ad3a?share_type=c52ab3f7-8001-435f-8e17-4e47fb0afcdd 0.083s
2026-02-06 07:10:02,324 167945 DEBUG    [tempest.lib.common.rest_client] Request - Headers: {'Content-Type': 'application/json', 'Accept': 'application/json', 'x-openstack-manila-api-version': '2.90', 'X-Auth-Token': '<omitted>'}
        Body: {"quota_set": {"tenant_id": "cfe40a4c998a429f92aea5a8b8a0ad3a", "force": "true", "shares": 2, "gigabytes": 4}}
    Response - Headers: {'date': 'Fri, 06 Feb 2026 07:10:02 GMT', 'server': 'Apache/2.4.58 (Ubuntu)', 'content-type': 'application/json', 'content-length': '231', 'x-compute-request-id': 'req-adc558b8-4a26-423a-833a-3d524230f395', 'x-openstack-manila-api-version': '2.90', 'vary': 'X-OpenStack-Manila-API-Version', 'x-openstack-request-id': 'req-adc558b8-4a26-423a-833a-3d524230f395', 'connection': 'close', 'status': '200', 'content-location': 'http://10.132.46.216/share/v2/cfe40a4c998a429f92aea5a8b8a0ad3a/quota-sets/cfe40a4c998a429f92aea5a8b8a0ad3a?share_type=c52ab3f7-8001-435f-8e17-4e47fb0afcdd'}
        Body: b'{"quota_set": {"shares": 2, "gigabytes": 4, "snapshots": 50, "snapshot_gigabytes": 1000, "share_replicas": 100, "replica_gigabytes": 1000, "per_share_gigabytes": -1, "backups": 10, "backup_gigabytes": 1000, "encryption_keys": 100}}'
2026-02-06 07:10:02,391 167945 INFO     [tempest.lib.common.rest_client] Request (Sh
    aresAdminQuotasUpdateTest:test_quotas_usages): 200 PUT http://10.132.46.216/share/v2/cfe40a4c998a429f92aea5a8b8a0ad3a/quota-sets/cfe40a4c998a429f92aea5a8b8a0ad3a?share_type=tempest-typeshare-type-1324012671 0.066s
2026-02-06 07:10:02,392 167945 DEBUG    [tempest.lib.common.rest_client] Request - Headers: {'Content-Type': 'application/json', 'Accept': 'application/json', 'x-openstack-manila-api-version': '2.90', 'X-Auth-Token': '<omitted>'}
        Body: {"quota_set": {"tenant_id": "cfe40a4c998a429f92aea5a8b8a0ad3a", "force": "true", "shares": 2, "gigabytes": 4}}
    Response - Headers: {'date': 'Fri, 06 Feb 2026 07:10:02 GMT', 'server': 'Apache/2.4.58 (Ubuntu)', 'content-type': 'application/json', 'content-length': '231', 'x-compute-request-id': 'req-0f453650-24bd-48ec-91d8-a18efe1193dc', 'x-openstack-manila-api-version': '2.90', 'vary': 'X-OpenStack-Manila-API-Version', 'x-openstack-request-id': 'req-0f453650-24bd-48ec-91d8-a18efe1193dc', 'connection': 'close', 'status': '200', 'content-location': 'http://10.132.46.216/share/v2/cfe40a4c998a429f92aea5a8b8a0ad3a/quota-sets/cfe40a4c998a429f92aea5a8b8a0ad3a?share_type=tempest-typeshare-type-1324012671'}
        Body: b'{"quota_set": {"shares": 2, "gigabytes": 4, "snapshots": 50, "snapshot_gigabytes": 1000, "share_replicas": 100, "replica_gigabytes": 1000, "per_share_gigabytes": -1, "backups": 10, "backup_gigabytes": 1000, "encryption_keys": 100}}'
2026-02-06 07:10:02,607 167945 INFO     [tempest.lib.common.rest_client] Request (SharesAdminQuotasUpdateTest:test_quotas_usages): 200 POST http://10.132.46.216/share/v2/cfe40a4c998a429f92aea5a8b8a0ad3a/shares 0.214s
2026-02-06 07:10:02,607 167945 DEBUG    [tempest.lib.common.rest_client] Request - Headers: {'Content-Type': 'application/json', 'Accept': 'application/json', 'x-openstack-manila-api-version': '2.90', 'X-Auth-Token': '<omitted>'}
        Body: {"share": {"share_proto": "nfs", "description": "Tempest's share", "snapshot_id": null, "name": "tempest-tempest-created-share-1538311059", "size": 4, "metadata": {}, "is_public": false, "share_type": "c52ab3f7-8001-435f-8e17-4e47fb0afcdd"}}
    Response - Headers: {'date': 'Fri, 06 Feb 2026 07:10:02 GMT', 'server': 'Apache/2.4.58 (Ubuntu)', 'content-type': 'application/json', 'content-length': '1379', 'x-compute-request-id': 'req-183277d4-3fbb-450c-8544-cdb55be8e2c3', 'x-openstack-manila-api-version': '2.90', 'vary': 'X-OpenStack-Manila-API-Version', 'x-openstack-request-id': 'req-183277d4-3fbb-450c-8544-cdb55be8e2c3', 'connection': 'close', 'status': '200', 'content-location': 'http://10.132.46.216/share/v2/cfe40a4c998a429f92aea5a8b8a0ad3a/shares'}
        Body: b'{"share": {"id": "3e0d0ba6-8738-415a-99db-21f325dec63f", "size": 4, "availability_zone": null, "created_at": "2026-02-06T07:10:02.490579", "status": "creating", "name": "tempest-tempest-created-share-1538311059", "description": "Tempest\'s share", "project_id": "cfe40a4c998a429f92aea5a8b8a0ad3a", "snapshot_id": null, "share_network_id": null, "share_proto": "NFS", "metadata": {}, "share_type": "c52ab3f7-8001-435f-8e17-4e47fb0afcdd", "volume_type": "tempest-typeshare-type-2046793529", "links": [{"rel": "self", "href": "http://10.132.46.216/share/v2/cfe40a4c998a429f92aea5a8b8a0ad3a/shares/3e0d0ba6-8738-415a-99db-21f325dec63f"}, {"rel": "bookmark", "href": "http://10.132.46.216/share/cfe40a4c998a429f92aea5a8b8a0ad3a/shares/3e0d0ba6-8738-415a-99db-21f325dec63f"}], "is_public": false, "snapshot_support": false, "task_state": null, "share_type_name": "tempest-typeshare-type-2046793529", "access_rules_status": "active", "replication_type": null, "has_replicas": false, "user_id": "364c13a4df984913b7da3bd3d83350e8", "create_share_from_snapshot_support": false, "revert_to_snapshot_support": false, "share_group_id": null, "source_share_group_snapshot_member_id": null, "mount_snapshot_support": false, "progress": null, "is_soft_deleted": false, "scheduled_to_be_deleted_at": null, "source_backup_id": null, "encryption_key_ref": null, "share_server_id": null, "host": ""}}'
2026-02-06 07:10:02,643 167945 INFO     [tempest.lib.commo
    n.rest_client] Request (SharesAdminQuotasUpdateTest:test_quotas_usages): 200 GET http://10.132.46.216/share/v2/cfe40a4c998a429f92aea5a8b8a0ad3a/shares/3e0d0ba6-8738-415a-99db-21f325dec63f 0.035s
2026-02-06 07:10:02,644 167945 DEBUG    [tempest.lib.common.rest_client] Request - Headers: {'Content-Type': 'application/json', 'Accept': 'application/json', 'x-openstack-manila-api-version': '2.90', 'X-Auth-Token': '<omitted>'}
        Body: None
    Response - Headers: {'date': 'Fri, 06 Feb 2026 07:10:02 GMT', 'server': 'Apache/2.4.58 (Ubuntu)', 'content-type': 'application/json', 'content-length': '1379', 'x-compute-request-id': 'req-f90f3f71-5b3d-4510-8b30-6cc2617feec2', 'x-openstack-manila-api-version': '2.90', 'vary': 'X-OpenStack-Manila-API-Version', 'x-openstack-request-id': 'req-f90f3f71-5b3d-4510-8b30-6cc2617feec2', 'connection': 'close', 'status': '200', 'content-location': 'http://10.132.46.216/share/v2/cfe40a4c998a429f92aea5a8b8a0ad3a/shares/3e0d0ba6-8738-415a-99db-21f325dec63f'}
        Body: b'{"share": {"id": "3e0d0ba6-8738-415a-99db-21f325dec63f", "size": 4, "availability_zone": null, "created_at": "2026-02-06T07:10:02.490579", "status": "creating", "name": "tempest-tempest-created-share-1538311059", "description": "Tempest\'s share", "project_id": "cfe40a4c998a429f92aea5a8b8a0ad3a", "snapshot_id": null, "share_network_id": null, "share_proto": "NFS", "metadata": {}, "share_type": "c52ab3f7-8001-435f-8e17-4e47fb0afcdd", "volume_type": "tempest-typeshare-type-2046793529", "links": [{"rel": "self", "href": "http://10.132.46.216/share/v2/cfe40a4c998a429f92aea5a8b8a0ad3a/shares/3e0d0ba6-8738-415a-99db-21f325dec63f"}, {"rel": "bookmark", "href": "http://10.132.46.216/share/cfe40a4c998a429f92aea5a8b8a0ad3a/shares/3e0d0ba6-8738-415a-99db-21f325dec63f"}], "is_public": false, "snapshot_support": false, "task_state": null, "share_type_name": "tempest-typeshare-type-2046793529", "access_rules_status": "active", "replication_type": null, "has_replicas": false, "user_id": "364c13a4df984913b7da3bd3d83350e8", "create_share_from_snapshot_support": false, "revert_to_snapshot_support": false, "share_group_id": null, "source_share_group_snapshot_member_id": null, "mount_snapshot_support": false, "progress": null, "is_soft_deleted": false, "scheduled_to_be_deleted_at": null, "source_backup_id": null, "encryption_key_ref": null, "share_server_id": null, "host": ""}}'
2026-02-06 07:10:05,676 167945 INFO     [tempest.lib.common.rest_client] Request (SharesAdminQuotasUpdateTest:test_quotas_usages): 200 GET http://10.132.46.216/share/v2/cfe40a4c998a429f92aea5a8b8a0ad3a/shares/3e0d0ba6-8738-415a-99db-21f325dec63f 0.031s
2026-02-06 07:10:05,676 167945 DEBUG    [tempest.lib.common.rest_client] Request - Headers: {'Content-Type': 'application/json', 'Accept': 'application/json', 'x-openstack-manila-api-version': '2.90', 'X-Auth-Token': '<omitted>'}
        Body: None
    Response - Headers: {'date': 'Fri, 06 Feb 2026 07:10:05 GMT', 'server': 'Apache/2.4.58 (Ubuntu)', 'content-type': 'application/json', 'content-length': '1376', 'x-compute-request-id': 'req-9633834a-93d8-4252-9901-6e4a938d48ef', 'x-openstack-manila-api-version': '2.90', 'vary': 'X-OpenStack-Manila-API-Version', 'x-openstack-request-id': 'req-9633834a-93d8-4252-9901-6e4a938d48ef', 'connection': 'close', 'status': '200', 'content-location': 'http://10.132.46.216/share/v2/cfe40a4c998a429f92aea5a8b8a0ad3a/shares/3e0d0ba6-8738-415a-99db-21f325dec63f'}
        Body: b'{"share": {"id": "3e0d0ba6-8738-415a-99db-21f325dec63f", "size": 4, "availability_zone": null, "created_at": "2026-02-06T07:10:02.490579", "status": "error", "name": "tempest-tempest-created-share-1538311059", "description": "Tempest\'s share", "project_id": "cfe40a4c998a429f92aea5a8b8a0ad3a", "snapshot_id": null, "share_network_id": null, "share_proto": "NFS", "metadata": {}, "share_type": "c52ab3f7-8001-435f-8e17-4e47fb0afcdd", "volume_type": "tempest-typeshare-type-2046793529", "links": [{"rel": "self", "href": "http://10.132.46.216/share/v2/cfe40a4c998a429f92aea5a8b8a0ad3a/shares/3e0d0ba6-8738-415a-99db-21f325dec
    63f"}, {"rel": "bookmark", "href": "http://10.132.46.216/share/cfe40a4c998a429f92aea5a8b8a0ad3a/shares/3e0d0ba6-8738-415a-99db-21f325dec63f"}], "is_public": false, "snapshot_support": false, "task_state": null, "share_type_name": "tempest-typeshare-type-2046793529", "access_rules_status": "active", "replication_type": null, "has_replicas": false, "user_id": "364c13a4df984913b7da3bd3d83350e8", "create_share_from_snapshot_support": false, "revert_to_snapshot_support": false, "share_group_id": null, "source_share_group_snapshot_member_id": null, "mount_snapshot_support": false, "progress": null, "is_soft_deleted": false, "scheduled_to_be_deleted_at": null, "source_backup_id": null, "encryption_key_ref": null, "share_server_id": null, "host": ""}}'
2026-02-06 07:10:05,703 167945 INFO     [tempest.lib.common.rest_client] Request (SharesAdminQuotasUpdateTest:_run_cleanups): 200 GET http://10.132.46.216/share/v2/cfe40a4c998a429f92aea5a8b8a0ad3a/share-replicas/detail?share_id=3e0d0ba6-8738-415a-99db-21f325dec63f 0.022s
2026-02-06 07:10:05,703 167945 DEBUG    [tempest.lib.common.rest_client] Request - Headers: {'Content-Type': 'application/json', 'Accept': 'application/json', 'x-openstack-manila-api-version': '2.90', 'X-Auth-Token': '<omitted>'}
        Body: None
    Response - Headers: {'date': 'Fri, 06 Feb 2026 07:10:05 GMT', 'server': 'Apache/2.4.58 (Ubuntu)', 'content-type': 'application/json', 'content-length': '22', 'x-compute-request-id': 'req-b07d1ed7-bc12-43cc-b79e-539cba0d83d0', 'x-openstack-manila-api-version': '2.90', 'vary': 'X-OpenStack-Manila-API-Version', 'x-openstack-request-id': 'req-b07d1ed7-bc12-43cc-b79e-539cba0d83d0', 'connection': 'close', 'status': '200', 'content-location': 'http://10.132.46.216/share/v2/cfe40a4c998a429f92aea5a8b8a0ad3a/share-replicas/detail?share_id=3e0d0ba6-8738-415a-99db-21f325dec63f'}
        Body: b'{"share_replicas": []}'
2026-02-06 07:10:06,101 167945 INFO     [tempest.lib.common.rest_client] Request (SharesAdminQuotasUpdateTest:_run_cleanups): 202 DELETE http://10.132.46.216/share/v2/cfe40a4c998a429f92aea5a8b8a0ad3a/shares/3e0d0ba6-8738-415a-99db-21f325dec63f 0.397s
2026-02-06 07:10:06,101 167945 DEBUG    [tempest.lib.common.rest_client] Request - Headers: {'Content-Type': 'application/json', 'Accept': 'application/json', 'x-openstack-manila-api-version': '2.90', 'X-Auth-Token': '<omitted>'}
        Body: None
    Response - Headers: {'date': 'Fri, 06 Feb 2026 07:10:05 GMT', 'server': 'Apache/2.4.58 (Ubuntu)', 'content-length': '0', 'content-type': 'text/html; charset=UTF-8', 'x-compute-request-id': 'req-8ff8d75c-019e-4b42-aec5-4cc4b0cad19d', 'x-openstack-manila-api-version': '2.90', 'vary': 'X-OpenStack-Manila-API-Version', 'x-openstack-request-id': 'req-8ff8d75c-019e-4b42-aec5-4cc4b0cad19d', 'connection': 'close', 'status': '202', 'content-location': 'http://10.132.46.216/share/v2/cfe40a4c998a429f92aea5a8b8a0ad3a/shares/3e0d0ba6-8738-415a-99db-21f325dec63f'}
        Body: b''
2026-02-06 07:10:06,115 167945 INFO     [tempest.lib.common.rest_client] Request (SharesAdminQuotasUpdateTest:_run_cleanups): 404 GET http://10.132.46.216/share/v2/cfe40a4c998a429f92aea5a8b8a0ad3a/shares/3e0d0ba6-8738-415a-99db-21f325dec63f 0.013s
2026-02-06 07:10:06,115 167945 DEBUG    [tempest.lib.common.rest_client] Request - Headers: {'Content-Type': 'application/json', 'Accept': 'application/json', 'x-openstack-manila-api-version': '2.90', 'X-Auth-Token': '<omitted>'}
        Body: None
    Response - Headers: {'date': 'Fri, 06 Feb 2026 07:10:06 GMT', 'server': 'Apache/2.4.58 (Ubuntu)', 'x-openstack-manila-api-version': '2.90', 'vary': 'X-OpenStack-Manila-API-Version', 'content-length': '78', 'content-type': 'application/json', 'x-compute-request-id': 'req-73ca36f8-4a15-4583-b9fb-877469fe7a88', 'x-openstack-request-id': 'req-73ca36f8-4a15-4583-b9fb-877469fe7a88', 'connection': 'close', 'status': '404', 'content-location': 'http://10.132.46.216/share/v2/cfe40a4c998a429f92aea5a8b8a0ad3a/shares/3e0d0ba6-8738-415a-99db-21f325dec63f'}
        Body: b'{"itemNotFound": {"code": 404, "message": "The resource 
    could not be found."}}'
2026-02-06 07:10:06,135 167945 INFO     [tempest.lib.common.rest_client] Request (SharesAdminQuotasUpdateTest:_run_cleanups): 202 DELETE http://10.132.46.216/share/v2/cfe40a4c998a429f92aea5a8b8a0ad3a/quota-sets/cfe40a4c998a429f92aea5a8b8a0ad3a?user_id=364c13a4df984913b7da3bd3d83350e8 0.019s
2026-02-06 07:10:06,135 167945 DEBUG    [tempest.lib.common.rest_client] Request - Headers: {'Content-Type': 'application/json', 'Accept': 'application/json', 'x-openstack-manila-api-version': '2.90', 'X-Auth-Token': '<omitted>'}
        Body: None
    Response - Headers: {'date': 'Fri, 06 Feb 2026 07:10:06 GMT', 'server': 'Apache/2.4.58 (Ubuntu)', 'content-length': '0', 'content-type': 'text/html; charset=UTF-8', 'x-compute-request-id': 'req-cd67e584-57af-4cf9-a307-e55cf1091b7e', 'x-openstack-manila-api-version': '2.90', 'vary': 'X-OpenStack-Manila-API-Version', 'x-openstack-request-id': 'req-cd67e584-57af-4cf9-a307-e55cf1091b7e', 'connection': 'close', 'status': '202', 'content-location': 'http://10.132.46.216/share/v2/cfe40a4c998a429f92aea5a8b8a0ad3a/quota-sets/cfe40a4c998a429f92aea5a8b8a0ad3a?user_id=364c13a4df984913b7da3bd3d83350e8'}
        Body: b''
2026-02-06 07:10:06,158 167945 INFO     [tempest.lib.common.rest_client] Request (SharesAdminQuotasUpdateTest:_run_cleanups): 202 DELETE http://10.132.46.216/share/v2/cfe40a4c998a429f92aea5a8b8a0ad3a/quota-sets/cfe40a4c998a429f92aea5a8b8a0ad3a 0.023s
2026-02-06 07:10:06,159 167945 DEBUG    [tempest.lib.common.rest_client] Request - Headers: {'Content-Type': 'application/json', 'Accept': 'application/json', 'x-openstack-manila-api-version': '2.90', 'X-Auth-Token': '<omitted>'}
        Body: None
    Response - Headers: {'date': 'Fri, 06 Feb 2026 07:10:06 GMT', 'server': 'Apache/2.4.58 (Ubuntu)', 'content-length': '0', 'content-type': 'text/html; charset=UTF-8', 'x-compute-request-id': 'req-e939a0c0-9d52-4a8b-bf0a-c2597f2e0cc9', 'x-openstack-manila-api-version': '2.90', 'vary': 'X-OpenStack-Manila-API-Version', 'x-openstack-request-id': 'req-e939a0c0-9d52-4a8b-bf0a-c2597f2e0cc9', 'connection': 'close', 'status': '202', 'content-location': 'http://10.132.46.216/share/v2/cfe40a4c998a429f92aea5a8b8a0ad3a/quota-sets/cfe40a4c998a429f92aea5a8b8a0ad3a'}
        Body: b''


setUpClass (manila_tempest_tests.tests.api.test_rules.ShareIpRulesForNFSTest)
-----------------------------------------------------------------------------

Captured traceback:
~~~~~~~~~~~~~~~~~~~
    Traceback (most recent call last):

      File "/opt/stack/tempest/tempest/test.py", line 185, in setUpClass
    raise value.with_traceback(trace)

      File "/opt/stack/tempest/tempest/test.py", line 178, in setUpClass
    cls.resource_setup()

      File "/opt/stack/tempest/manila-tempest-plugin/manila_tempest_tests/tests/api/test_rules.py", line 89, in resource_setup
    cls.share = cls.create_share(cls.protocol,
                ^^^^^^^^^^^^^^^^^^^^^^^^^^^^^^

      File "/opt/stack/tempest/manila-tempest-plugin/manila_tempest_tests/tests/api/base.py", line 411, in create_share
    result = cls.create_shares([{"args": args, "kwargs": kwargs}])
             ^^^^^^^^^^^^^^^^^^^^^^^^^^^^^^^^^^^^^^^^^^^^^^^^^^^^^

      File "/opt/stack/tempest/manila-tempest-plugin/manila_tempest_tests/tests/api/base.py", line 469, in create_shares
    waiters.wait_for_resource_status(

      File "/opt/stack/tempest/manila-tempest-plugin/manila_tempest_tests/common/waiters.py", line 109, in wait_for_resource_status
    raise resource_exception(resource_id=resource_id)

    manila_tempest_tests.share_exceptions.ShareBuildErrorException: Share 656d9295-13d3-4247-b9ba-c3cd1ce211c6 failed to build and is in ERROR status


manila_tempest_tests.tests.api.******.test_share_manage_negative.ManageNFSShareNegativeTest.test_unmanage_share_transitional_state[api_with_backend,id-f71bcb3c-836e-4e9e-972a-50debeb8c285,negative]
----------------------------------------------------------------------------------------------------------------------------------------------------------------------------------------------------

Captured traceback:
~~~~~~~~~~~~~~~~~~~
    Traceback (most recent call last):

      File "/opt/stack/tempest/manila-tempest-plugin/manila_tempest_tests/tests/api/******/test_share_manage_negative.py", line 321, in test_unmanage_share_transitional_state
    share = self._create_share_for_manage()
            ^^^^^^^^^^^^^^^^^^^^^^^^^^^^^^^

      File "/opt/stack/tempest/manila-tempest-plugin/manila_tempest_tests/tests/api/base.py", line 1174, in _create_share_for_manage
    share = self.create_share(**creation_data)
            ^^^^^^^^^^^^^^^^^^^^^^^^^^^^^^^^^^

      File "/opt/stack/tempest/manila-tempest-plugin/manila_tempest_tests/tests/api/base.py", line 411, in create_share
    result = cls.create_shares([{"args": args, "kwargs": kwargs}])
             ^^^^^^^^^^^^^^^^^^^^^^^^^^^^^^^^^^^^^^^^^^^^^^^^^^^^^

      File "/opt/stack/tempest/manila-tempest-plugin/manila_tempest_tests/tests/api/base.py", line 469, in create_shares
    waiters.wait_for_resource_status(

      File "/opt/stack/tempest/manila-tempest-plugin/manila_tempest_tests/common/waiters.py", line 109, in wait_for_resource_status
    raise resource_exception(resource_id=resource_id)

    manila_tempest_tests.share_exceptions.ShareBuildErrorException: Share 57698eea-a943-46fe-a7f5-b2cf55f63e6f failed to build and is in ERROR status


Captured pythonlogging:
~~~~~~~~~~~~~~~~~~~~~~~
    2026-02-06 07:10:04,698 167951 INFO     [tempest.lib.common.rest_client] Request (ManageNFSShareNegativeTest:test_unmanage_share_transitional_state): 200 POST http://10.132.46.216/share/v2/16111d98202d4b47aa933fbac21739f7/shares 0.208s
2026-02-06 07:10:04,698 167951 DEBUG    [tempest.lib.common.rest_client] Request - Headers: {'Content-Type': 'application/json', 'Accept': 'application/json', 'x-openstack-manila-api-version': '2.90', 'X-Auth-Token': '<omitted>'}
        Body: {"share": {"share_proto": "nfs", "description": "Tempest's share", "snapshot_id": null, "name": "tempest-tempest-created-share-953514609", "size": 1, "metadata": {}, "is_public": false, "share_type": "03d98168-fdcc-459a-90d1-d54d82ea202b"}}
    Response - Headers: {'date': 'Fri, 06 Feb 2026 07:10:04 GMT', 'server': 'Apache/2.4.58 (Ubuntu)', 'content-type': 'application/json', 'content-length': '1378', 'x-compute-request-id': 'req-9bf2b640-94ba-4cd7-930d-507f21fd7c5c', 'x-openstack-manila-api-version': '2.90', 'vary': 'X-OpenStack-Manila-API-Version', 'x-openstack-request-id': 'req-9bf2b640-94ba-4cd7-930d-507f21fd7c5c', 'connection': 'close', 'status': '200', 'content-location': 'http://10.132.46.216/share/v2/16111d98202d4b47aa933fbac21739f7/shares'}
        Body: b'{"share": {"id": "57698eea-a943-46fe-a7f5-b2cf55f63e6f", "size": 1, "availability_zone": null, "created_at": "2026-02-06T07:10:04.572114", "status": "creating", "name": "tempest-tempest-created-share-953514609", "description": "Tempest\'s share", "project_id": "16111d98202d4b47aa933fbac21739f7", "snapshot_id": null, "share_network_id": null, "share_proto": "NFS", "metadata": {}, "share_type": "03d98168-fdcc-459a-90d1-d54d82ea202b", "volume_type": "tempest-manage-st-name-1958774490", "links": [{"rel": "self", "href": "http://10.132.46.216/share/v2/16111d98202d4b47aa933fbac21739f7/shares/57698eea-a943-46fe-a7f5-b2cf55f63e6f"}, {"rel": "bookmark", "href": "http://10.132.46.216/share/16111d98202d4b47aa933fbac21739f7/shares/57698eea-a943-46fe-a7f5-b2cf55f63e6f"}], "is_public": false, "snapshot_support": false, "task_state": null, "share_type_name": "tempest-manage-st-name-1958774490", "access_rules_status": "active", "replication_type": null, "has_replicas": false, "user_id": "2319d2989b8043cfb078882688aab826", "create_share_from_snapshot_support": false, "revert_to_snapshot_support": false, "share_group_id": null, "source_share_group_snapshot_member_id": null, "mount_snapshot_support": false, "progress": null, "is_soft_deleted": false, "scheduled_to_be_deleted_at": null, "source_backup_id": null, "encryption_key_ref": null, "share_server_id": null, "host": ""}}'
2026-02-06 07:10:04,725 167951 INFO     [tempest.lib.common.rest_client] Request (ManageNFSShareNegativeTest:test_unmanage_share_transitional_state): 200 GET http://10.132.46.216/share/v2/16111d98202d4b47aa933fbac21739f7/shares/57698eea-a943-46fe-a7f5-b2cf55f63e6f 0.026s
2026-02-06 07:10:04,725 167951 DEBUG    [tempest.lib.common.rest_client] Request - Headers: {'Content-Type': 'application/json', 'Accept': 'application/json', 'x-openstack-manila-api-version': '2.90', 'X-Auth-Token': '<omitted>'}
        Body: None
    Response - Headers: {'date': 'Fri, 06 Feb 2026 07:10:04 GMT', 'server': 'Apache/2.4.58 (Ubuntu)', 'content-type': 'application/json', 'content-length': '1378', 'x-compute-request-id': 'req-7f59409f-b0f4-4f71-9037-afbbff067a2d', 'x-openstack-manila-api-version': '2.90', 'vary': 'X-OpenStack-Manila-API-Version', 'x-openstack-request-id': 'req-7f59409f-b0f4-4f71-9037-afbbff067a2d', 'connection': 'close', 'status': '200', 'content-location': 'http://10.132.46.216/share/v2/16111d98202d4b47aa933fbac21739f7/shares/57698eea-a943-46fe-a7f5-b2cf55f63e6f'}
        Body: b'{"share": {"id": "57698eea-a943-46fe-a7f5-b2cf55f63e6f", "size": 1, "availability_zone": null, "created_at": "2026-02-06T07:10:04.572114", "status": "creating", "name": "tempest-tempest-created-share-953514609", "description": "Tempest\'s share", "project_id": "16111d98202d4b47aa933fbac21739f7", "snapshot_id": null, "share_network_id": null, "share_proto": "NFS", 
    "metadata": {}, "share_type": "03d98168-fdcc-459a-90d1-d54d82ea202b", "volume_type": "tempest-manage-st-name-1958774490", "links": [{"rel": "self", "href": "http://10.132.46.216/share/v2/16111d98202d4b47aa933fbac21739f7/shares/57698eea-a943-46fe-a7f5-b2cf55f63e6f"}, {"rel": "bookmark", "href": "http://10.132.46.216/share/16111d98202d4b47aa933fbac21739f7/shares/57698eea-a943-46fe-a7f5-b2cf55f63e6f"}], "is_public": false, "snapshot_support": false, "task_state": null, "share_type_name": "tempest-manage-st-name-1958774490", "access_rules_status": "active", "replication_type": null, "has_replicas": false, "user_id": "2319d2989b8043cfb078882688aab826", "create_share_from_snapshot_support": false, "revert_to_snapshot_support": false, "share_group_id": null, "source_share_group_snapshot_member_id": null, "mount_snapshot_support": false, "progress": null, "is_soft_deleted": false, "scheduled_to_be_deleted_at": null, "source_backup_id": null, "encryption_key_ref": null, "share_server_id": null, "host": ""}}'
2026-02-06 07:10:07,760 167951 INFO     [tempest.lib.common.rest_client] Request (ManageNFSShareNegativeTest:test_unmanage_share_transitional_state): 200 GET http://10.132.46.216/share/v2/16111d98202d4b47aa933fbac21739f7/shares/57698eea-a943-46fe-a7f5-b2cf55f63e6f 0.034s
2026-02-06 07:10:07,760 167951 DEBUG    [tempest.lib.common.rest_client] Request - Headers: {'Content-Type': 'application/json', 'Accept': 'application/json', 'x-openstack-manila-api-version': '2.90', 'X-Auth-Token': '<omitted>'}
        Body: None
    Response - Headers: {'date': 'Fri, 06 Feb 2026 07:10:07 GMT', 'server': 'Apache/2.4.58 (Ubuntu)', 'content-type': 'application/json', 'content-length': '1375', 'x-compute-request-id': 'req-4f2489e8-b752-4181-932b-3e33bfeb5f00', 'x-openstack-manila-api-version': '2.90', 'vary': 'X-OpenStack-Manila-API-Version', 'x-openstack-request-id': 'req-4f2489e8-b752-4181-932b-3e33bfeb5f00', 'connection': 'close', 'status': '200', 'content-location': 'http://10.132.46.216/share/v2/16111d98202d4b47aa933fbac21739f7/shares/57698eea-a943-46fe-a7f5-b2cf55f63e6f'}
        Body: b'{"share": {"id": "57698eea-a943-46fe-a7f5-b2cf55f63e6f", "size": 1, "availability_zone": null, "created_at": "2026-02-06T07:10:04.572114", "status": "error", "name": "tempest-tempest-created-share-953514609", "description": "Tempest\'s share", "project_id": "16111d98202d4b47aa933fbac21739f7", "snapshot_id": null, "share_network_id": null, "share_proto": "NFS", "metadata": {}, "share_type": "03d98168-fdcc-459a-90d1-d54d82ea202b", "volume_type": "tempest-manage-st-name-1958774490", "links": [{"rel": "self", "href": "http://10.132.46.216/share/v2/16111d98202d4b47aa933fbac21739f7/shares/57698eea-a943-46fe-a7f5-b2cf55f63e6f"}, {"rel": "bookmark", "href": "http://10.132.46.216/share/16111d98202d4b47aa933fbac21739f7/shares/57698eea-a943-46fe-a7f5-b2cf55f63e6f"}], "is_public": false, "snapshot_support": false, "task_state": null, "share_type_name": "tempest-manage-st-name-1958774490", "access_rules_status": "active", "replication_type": null, "has_replicas": false, "user_id": "2319d2989b8043cfb078882688aab826", "create_share_from_snapshot_support": false, "revert_to_snapshot_support": false, "share_group_id": null, "source_share_group_snapshot_member_id": null, "mount_snapshot_support": false, "progress": null, "is_soft_deleted": false, "scheduled_to_be_deleted_at": null, "source_backup_id": null, "encryption_key_ref": null, "share_server_id": null, "host": ""}}'


setUpClass (manila_tempest_tests.tests.api.******.test_share_instances.ShareInstancesTest)
-----------------------------------------------------------------------------------------

Captured traceback:
~~~~~~~~~~~~~~~~~~~
    Traceback (most recent call last):

      File "/opt/stack/tempest/tempest/test.py", line 185, in setUpClass
    raise value.with_traceback(trace)

      File "/opt/stack/tempest/tempest/test.py", line 178, in setUpClass
    cls.resource_setup()

      File "/opt/stack/tempest/manila-tempest-plugin/manila_tempest_tests/tests/api/******/test_share_instances.py", line 34, in resource_setup
    cls.share = cls.create_share(share_type_id=cls.share_type_id)
                ^^^^^^^^^^^^^^^^^^^^^^^^^^^^^^^^^^^^^^^^^^^^^^^^^

      File "/opt/stack/tempest/manila-tempest-plugin/manila_tempest_tests/tests/api/base.py", line 411, in create_share
    result = cls.create_shares([{"args": args, "kwargs": kwargs}])
             ^^^^^^^^^^^^^^^^^^^^^^^^^^^^^^^^^^^^^^^^^^^^^^^^^^^^^

      File "/opt/stack/tempest/manila-tempest-plugin/manila_tempest_tests/tests/api/base.py", line 469, in create_shares
    waiters.wait_for_resource_status(

      File "/opt/stack/tempest/manila-tempest-plugin/manila_tempest_tests/common/waiters.py", line 109, in wait_for_resource_status
    raise resource_exception(resource_id=resource_id)

    manila_tempest_tests.share_exceptions.ShareBuildErrorException: Share d5fa5bc6-ecea-4f14-a8af-4b2e063be24e failed to build and is in ERROR status


manila_tempest_tests.tests.api.******.test_share_manage.ManageNFSShareTest.test_manage[backend,id-24ec7840-0174-484f-8b3a-8c6f162bf576,positive]
-----------------------------------------------------------------------------------------------------------------------------------------------

Captured traceback:
~~~~~~~~~~~~~~~~~~~
    Traceback (most recent call last):

      File "/opt/stack/tempest/manila-tempest-plugin/manila_tempest_tests/tests/api/******/test_share_manage.py", line 172, in test_manage
    self._test_manage(check_manage=True)

      File "/opt/stack/tempest/manila-tempest-plugin/manila_tempest_tests/tests/api/******/test_share_manage.py", line 70, in _test_manage
    share = self._create_share_for_manage()
            ^^^^^^^^^^^^^^^^^^^^^^^^^^^^^^^

      File "/opt/stack/tempest/manila-tempest-plugin/manila_tempest_tests/tests/api/base.py", line 1174, in _create_share_for_manage
    share = self.create_share(**creation_data)
            ^^^^^^^^^^^^^^^^^^^^^^^^^^^^^^^^^^

      File "/opt/stack/tempest/manila-tempest-plugin/manila_tempest_tests/tests/api/base.py", line 411, in create_share
    result = cls.create_shares([{"args": args, "kwargs": kwargs}])
             ^^^^^^^^^^^^^^^^^^^^^^^^^^^^^^^^^^^^^^^^^^^^^^^^^^^^^

      File "/opt/stack/tempest/manila-tempest-plugin/manila_tempest_tests/tests/api/base.py", line 469, in create_shares
    waiters.wait_for_resource_status(

      File "/opt/stack/tempest/manila-tempest-plugin/manila_tempest_tests/common/waiters.py", line 109, in wait_for_resource_status
    raise resource_exception(resource_id=resource_id)

    manila_tempest_tests.share_exceptions.ShareBuildErrorException: Share b72e101b-9ed7-4047-94ad-e91a8a361a95 failed to build and is in ERROR status


Captured pythonlogging:
~~~~~~~~~~~~~~~~~~~~~~~
    2026-02-06 07:10:10,636 167949 INFO     [tempest.lib.common.rest_client] Request (ManageNFSShareTest:test_manage): 200 POST http://10.132.46.216/share/v2/f34adde3316a49fa8311cb9070b4c356/shares 0.216s
2026-02-06 07:10:10,636 167949 DEBUG    [tempest.lib.common.rest_client] Request - Headers: {'Content-Type': 'application/json', 'Accept': 'application/json', 'x-openstack-manila-api-version': '2.90', 'X-Auth-Token': '<omitted>'}
        Body: {"share": {"share_proto": "nfs", "description": "Tempest's share", "snapshot_id": null, "name": "tempest-tempest-created-share-1475621411", "size": 1, "metadata": {}, "is_public": false, "share_type": "5b417337-7858-4b1e-9595-cfc8671178c9"}}
    Response - Headers: {'date': 'Fri, 06 Feb 2026 07:10:10 GMT', 'server': 'Apache/2.4.58 (Ubuntu)', 'content-type': 'application/json', 'content-length': '1375', 'x-compute-request-id': 'req-e11bf81a-527d-48b7-a0e8-2dba6655bbc9', 'x-openstack-manila-api-version': '2.90', 'vary': 'X-OpenStack-Manila-API-Version', 'x-openstack-request-id': 'req-e11bf81a-527d-48b7-a0e8-2dba6655bbc9', 'connection': 'close', 'status': '200', 'content-location': 'http://10.132.46.216/share/v2/f34adde3316a49fa8311cb9070b4c356/shares'}
        Body: b'{"share": {"id": "b72e101b-9ed7-4047-94ad-e91a8a361a95", "size": 1, "availability_zone": null, "created_at": "2026-02-06T07:10:10.514397", "status": "creating", "name": "tempest-tempest-created-share-1475621411", "description": "Tempest\'s share", "project_id": "f34adde3316a49fa8311cb9070b4c356", "snapshot_id": null, "share_network_id": null, "share_proto": "NFS", "metadata": {}, "share_type": "5b417337-7858-4b1e-9595-cfc8671178c9", "volume_type": "tempest-manage-st-name-76734615", "links": [{"rel": "self", "href": "http://10.132.46.216/share/v2/f34adde3316a49fa8311cb9070b4c356/shares/b72e101b-9ed7-4047-94ad-e91a8a361a95"}, {"rel": "bookmark", "href": "http://10.132.46.216/share/f34adde3316a49fa8311cb9070b4c356/shares/b72e101b-9ed7-4047-94ad-e91a8a361a95"}], "is_public": false, "snapshot_support": false, "task_state": null, "share_type_name": "tempest-manage-st-name-76734615", "access_rules_status": "active", "replication_type": null, "has_replicas": false, "user_id": "cea0cc6678ed4e78af7f53dd0a9bb0e1", "create_share_from_snapshot_support": false, "revert_to_snapshot_support": false, "share_group_id": null, "source_share_group_snapshot_member_id": null, "mount_snapshot_support": false, "progress": null, "is_soft_deleted": false, "scheduled_to_be_deleted_at": null, "source_backup_id": null, "encryption_key_ref": null, "share_server_id": null, "host": ""}}'
2026-02-06 07:10:10,673 167949 INFO     [tempest.lib.common.rest_client] Request (ManageNFSShareTest:test_manage): 200 GET http://10.132.46.216/share/v2/f34adde3316a49fa8311cb9070b4c356/shares/b72e101b-9ed7-4047-94ad-e91a8a361a95 0.036s
2026-02-06 07:10:10,674 167949 DEBUG    [tempest.lib.common.rest_client] Request - Headers: {'Content-Type': 'application/json', 'Accept': 'application/json', 'x-openstack-manila-api-version': '2.90', 'X-Auth-Token': '<omitted>'}
        Body: None
    Response - Headers: {'date': 'Fri, 06 Feb 2026 07:10:10 GMT', 'server': 'Apache/2.4.58 (Ubuntu)', 'content-type': 'application/json', 'content-length': '1375', 'x-compute-request-id': 'req-20aecd75-b4f2-4998-be48-695d39b5a5a4', 'x-openstack-manila-api-version': '2.90', 'vary': 'X-OpenStack-Manila-API-Version', 'x-openstack-request-id': 'req-20aecd75-b4f2-4998-be48-695d39b5a5a4', 'connection': 'close', 'status': '200', 'content-location': 'http://10.132.46.216/share/v2/f34adde3316a49fa8311cb9070b4c356/shares/b72e101b-9ed7-4047-94ad-e91a8a361a95'}
        Body: b'{"share": {"id": "b72e101b-9ed7-4047-94ad-e91a8a361a95", "size": 1, "availability_zone": null, "created_at": "2026-02-06T07:10:10.514397", "status": "creating", "name": "tempest-tempest-created-share-1475621411", "description": "Tempest\'s share", "project_id": "f34adde3316a49fa8311cb9070b4c356", "snapshot_id": null, "share_network_id": null, "share_proto": "NFS", "metadata": {}, "share_type": "5b417337-7858-4b1e-9595-cfc8671178c9", "
    volume_type": "tempest-manage-st-name-76734615", "links": [{"rel": "self", "href": "http://10.132.46.216/share/v2/f34adde3316a49fa8311cb9070b4c356/shares/b72e101b-9ed7-4047-94ad-e91a8a361a95"}, {"rel": "bookmark", "href": "http://10.132.46.216/share/f34adde3316a49fa8311cb9070b4c356/shares/b72e101b-9ed7-4047-94ad-e91a8a361a95"}], "is_public": false, "snapshot_support": false, "task_state": null, "share_type_name": "tempest-manage-st-name-76734615", "access_rules_status": "active", "replication_type": null, "has_replicas": false, "user_id": "cea0cc6678ed4e78af7f53dd0a9bb0e1", "create_share_from_snapshot_support": false, "revert_to_snapshot_support": false, "share_group_id": null, "source_share_group_snapshot_member_id": null, "mount_snapshot_support": false, "progress": null, "is_soft_deleted": false, "scheduled_to_be_deleted_at": null, "source_backup_id": null, "encryption_key_ref": null, "share_server_id": null, "host": ""}}'
2026-02-06 07:10:13,708 167949 INFO     [tempest.lib.common.rest_client] Request (ManageNFSShareTest:test_manage): 200 GET http://10.132.46.216/share/v2/f34adde3316a49fa8311cb9070b4c356/shares/b72e101b-9ed7-4047-94ad-e91a8a361a95 0.033s
2026-02-06 07:10:13,708 167949 DEBUG    [tempest.lib.common.rest_client] Request - Headers: {'Content-Type': 'application/json', 'Accept': 'application/json', 'x-openstack-manila-api-version': '2.90', 'X-Auth-Token': '<omitted>'}
        Body: None
    Response - Headers: {'date': 'Fri, 06 Feb 2026 07:10:13 GMT', 'server': 'Apache/2.4.58 (Ubuntu)', 'content-type': 'application/json', 'content-length': '1372', 'x-compute-request-id': 'req-d78f1465-0ec2-4a5c-b59b-24c221090361', 'x-openstack-manila-api-version': '2.90', 'vary': 'X-OpenStack-Manila-API-Version', 'x-openstack-request-id': 'req-d78f1465-0ec2-4a5c-b59b-24c221090361', 'connection': 'close', 'status': '200', 'content-location': 'http://10.132.46.216/share/v2/f34adde3316a49fa8311cb9070b4c356/shares/b72e101b-9ed7-4047-94ad-e91a8a361a95'}
        Body: b'{"share": {"id": "b72e101b-9ed7-4047-94ad-e91a8a361a95", "size": 1, "availability_zone": null, "created_at": "2026-02-06T07:10:10.514397", "status": "error", "name": "tempest-tempest-created-share-1475621411", "description": "Tempest\'s share", "project_id": "f34adde3316a49fa8311cb9070b4c356", "snapshot_id": null, "share_network_id": null, "share_proto": "NFS", "metadata": {}, "share_type": "5b417337-7858-4b1e-9595-cfc8671178c9", "volume_type": "tempest-manage-st-name-76734615", "links": [{"rel": "self", "href": "http://10.132.46.216/share/v2/f34adde3316a49fa8311cb9070b4c356/shares/b72e101b-9ed7-4047-94ad-e91a8a361a95"}, {"rel": "bookmark", "href": "http://10.132.46.216/share/f34adde3316a49fa8311cb9070b4c356/shares/b72e101b-9ed7-4047-94ad-e91a8a361a95"}], "is_public": false, "snapshot_support": false, "task_state": null, "share_type_name": "tempest-manage-st-name-76734615", "access_rules_status": "active", "replication_type": null, "has_replicas": false, "user_id": "cea0cc6678ed4e78af7f53dd0a9bb0e1", "create_share_from_snapshot_support": false, "revert_to_snapshot_support": false, "share_group_id": null, "source_share_group_snapshot_member_id": null, "mount_snapshot_support": false, "progress": null, "is_soft_deleted": false, "scheduled_to_be_deleted_at": null, "source_backup_id": null, "encryption_key_ref": null, "share_server_id": null, "host": ""}}'


setUpClass (manila_tempest_tests.tests.api.test_rules_negative.ShareIpRulesForNFSNegativeTest)
----------------------------------------------------------------------------------------------

Captured traceback:
~~~~~~~~~~~~~~~~~~~
    Traceback (most recent call last):

      File "/opt/stack/tempest/tempest/test.py", line 185, in setUpClass
    raise value.with_traceback(trace)

      File "/opt/stack/tempest/tempest/test.py", line 178, in setUpClass
    cls.resource_setup()

      File "/opt/stack/tempest/manila-tempest-plugin/manila_tempest_tests/tests/api/test_rules_negative.py", line 58, in resource_setup
    cls.share = cls.create_share(cls.protocol,
                ^^^^^^^^^^^^^^^^^^^^^^^^^^^^^^

      File "/opt/stack/tempest/manila-tempest-plugin/manila_tempest_tests/tests/api/base.py", line 411, in create_share
    result = cls.create_shares([{"args": args, "kwargs": kwargs}])
             ^^^^^^^^^^^^^^^^^^^^^^^^^^^^^^^^^^^^^^^^^^^^^^^^^^^^^

      File "/opt/stack/tempest/manila-tempest-plugin/manila_tempest_tests/tests/api/base.py", line 469, in create_shares
    waiters.wait_for_resource_status(

      File "/opt/stack/tempest/manila-tempest-plugin/manila_tempest_tests/common/waiters.py", line 109, in wait_for_resource_status
    raise resource_exception(resource_id=resource_id)

    manila_tempest_tests.share_exceptions.ShareBuildErrorException: Share 96fefc7c-629c-43cc-8ca1-6de20f94167a failed to build and is in ERROR status


manila_tempest_tests.tests.api.******.test_share_manage.ManageNFSShareTest.test_manage_show_user_id[api_with_backend,id-da7b7a4f-6693-4460-bdb7-1f8d42032bc6,positive]
---------------------------------------------------------------------------------------------------------------------------------------------------------------------

Captured traceback:
~~~~~~~~~~~~~~~~~~~
    Traceback (most recent call last):

      File "/opt/stack/tempest/manila-tempest-plugin/manila_tempest_tests/tests/api/******/test_share_manage.py", line 167, in test_manage_show_user_id
    self._test_manage(version="2.16")

      File "/opt/stack/tempest/manila-tempest-plugin/manila_tempest_tests/tests/api/******/test_share_manage.py", line 70, in _test_manage
    share = self._create_share_for_manage()
            ^^^^^^^^^^^^^^^^^^^^^^^^^^^^^^^

      File "/opt/stack/tempest/manila-tempest-plugin/manila_tempest_tests/tests/api/base.py", line 1174, in _create_share_for_manage
    share = self.create_share(**creation_data)
            ^^^^^^^^^^^^^^^^^^^^^^^^^^^^^^^^^^

      File "/opt/stack/tempest/manila-tempest-plugin/manila_tempest_tests/tests/api/base.py", line 411, in create_share
    result = cls.create_shares([{"args": args, "kwargs": kwargs}])
             ^^^^^^^^^^^^^^^^^^^^^^^^^^^^^^^^^^^^^^^^^^^^^^^^^^^^^

      File "/opt/stack/tempest/manila-tempest-plugin/manila_tempest_tests/tests/api/base.py", line 469, in create_shares
    waiters.wait_for_resource_status(

      File "/opt/stack/tempest/manila-tempest-plugin/manila_tempest_tests/common/waiters.py", line 109, in wait_for_resource_status
    raise resource_exception(resource_id=resource_id)

    manila_tempest_tests.share_exceptions.ShareBuildErrorException: Share 259256a9-d7c5-46b9-bdb9-2fcc85398318 failed to build and is in ERROR status


Captured pythonlogging:
~~~~~~~~~~~~~~~~~~~~~~~
    2026-02-06 07:10:13,896 167949 INFO     [tempest.lib.common.rest_client] Request (ManageNFSShareTest:test_manage_show_user_id): 200 POST http://10.132.46.216/share/v2/f34adde3316a49fa8311cb9070b4c356/shares 0.183s
2026-02-06 07:10:13,896 167949 DEBUG    [tempest.lib.common.rest_client] Request - Headers: {'Content-Type': 'application/json', 'Accept': 'application/json', 'x-openstack-manila-api-version': '2.90', 'X-Auth-Token': '<omitted>'}
        Body: {"share": {"share_proto": "nfs", "description": "Tempest's share", "snapshot_id": null, "name": "tempest-tempest-created-share-970285761", "size": 1, "metadata": {}, "is_public": false, "share_type": "5b417337-7858-4b1e-9595-cfc8671178c9"}}
    Response - Headers: {'date': 'Fri, 06 Feb 2026 07:10:13 GMT', 'server': 'Apache/2.4.58 (Ubuntu)', 'content-type': 'application/json', 'content-length': '1374', 'x-compute-request-id': 'req-0983a66f-bcf1-431b-bd83-1049d57ce762', 'x-openstack-manila-api-version': '2.90', 'vary': 'X-OpenStack-Manila-API-Version', 'x-openstack-request-id': 'req-0983a66f-bcf1-431b-bd83-1049d57ce762', 'connection': 'close', 'status': '200', 'content-location': 'http://10.132.46.216/share/v2/f34adde3316a49fa8311cb9070b4c356/shares'}
        Body: b'{"share": {"id": "259256a9-d7c5-46b9-bdb9-2fcc85398318", "size": 1, "availability_zone": null, "created_at": "2026-02-06T07:10:13.784434", "status": "creating", "name": "tempest-tempest-created-share-970285761", "description": "Tempest\'s share", "project_id": "f34adde3316a49fa8311cb9070b4c356", "snapshot_id": null, "share_network_id": null, "share_proto": "NFS", "metadata": {}, "share_type": "5b417337-7858-4b1e-9595-cfc8671178c9", "volume_type": "tempest-manage-st-name-76734615", "links": [{"rel": "self", "href": "http://10.132.46.216/share/v2/f34adde3316a49fa8311cb9070b4c356/shares/259256a9-d7c5-46b9-bdb9-2fcc85398318"}, {"rel": "bookmark", "href": "http://10.132.46.216/share/f34adde3316a49fa8311cb9070b4c356/shares/259256a9-d7c5-46b9-bdb9-2fcc85398318"}], "is_public": false, "snapshot_support": false, "task_state": null, "share_type_name": "tempest-manage-st-name-76734615", "access_rules_status": "active", "replication_type": null, "has_replicas": false, "user_id": "cea0cc6678ed4e78af7f53dd0a9bb0e1", "create_share_from_snapshot_support": false, "revert_to_snapshot_support": false, "share_group_id": null, "source_share_group_snapshot_member_id": null, "mount_snapshot_support": false, "progress": null, "is_soft_deleted": false, "scheduled_to_be_deleted_at": null, "source_backup_id": null, "encryption_key_ref": null, "share_server_id": null, "host": ""}}'
2026-02-06 07:10:13,941 167949 INFO     [tempest.lib.common.rest_client] Request (ManageNFSShareTest:test_manage_show_user_id): 200 GET http://10.132.46.216/share/v2/f34adde3316a49fa8311cb9070b4c356/shares/259256a9-d7c5-46b9-bdb9-2fcc85398318 0.044s
2026-02-06 07:10:13,942 167949 DEBUG    [tempest.lib.common.rest_client] Request - Headers: {'Content-Type': 'application/json', 'Accept': 'application/json', 'x-openstack-manila-api-version': '2.90', 'X-Auth-Token': '<omitted>'}
        Body: None
    Response - Headers: {'date': 'Fri, 06 Feb 2026 07:10:13 GMT', 'server': 'Apache/2.4.58 (Ubuntu)', 'content-type': 'application/json', 'content-length': '1374', 'x-compute-request-id': 'req-99371701-6e6a-4b48-af7c-5ac38b70de87', 'x-openstack-manila-api-version': '2.90', 'vary': 'X-OpenStack-Manila-API-Version', 'x-openstack-request-id': 'req-99371701-6e6a-4b48-af7c-5ac38b70de87', 'connection': 'close', 'status': '200', 'content-location': 'http://10.132.46.216/share/v2/f34adde3316a49fa8311cb9070b4c356/shares/259256a9-d7c5-46b9-bdb9-2fcc85398318'}
        Body: b'{"share": {"id": "259256a9-d7c5-46b9-bdb9-2fcc85398318", "size": 1, "availability_zone": null, "created_at": "2026-02-06T07:10:13.784434", "status": "creating", "name": "tempest-tempest-created-share-970285761", "description": "Tempest\'s share", "project_id": "f34adde3316a49fa8311cb9070b4c356", "snapshot_id": null, "share_network_id": null, "share_proto": "NFS", "metadata": {}, "share_type": "5b417337-7858-4b1
    e-9595-cfc8671178c9", "volume_type": "tempest-manage-st-name-76734615", "links": [{"rel": "self", "href": "http://10.132.46.216/share/v2/f34adde3316a49fa8311cb9070b4c356/shares/259256a9-d7c5-46b9-bdb9-2fcc85398318"}, {"rel": "bookmark", "href": "http://10.132.46.216/share/f34adde3316a49fa8311cb9070b4c356/shares/259256a9-d7c5-46b9-bdb9-2fcc85398318"}], "is_public": false, "snapshot_support": false, "task_state": null, "share_type_name": "tempest-manage-st-name-76734615", "access_rules_status": "active", "replication_type": null, "has_replicas": false, "user_id": "cea0cc6678ed4e78af7f53dd0a9bb0e1", "create_share_from_snapshot_support": false, "revert_to_snapshot_support": false, "share_group_id": null, "source_share_group_snapshot_member_id": null, "mount_snapshot_support": false, "progress": null, "is_soft_deleted": false, "scheduled_to_be_deleted_at": null, "source_backup_id": null, "encryption_key_ref": null, "share_server_id": null, "host": ""}}'
2026-02-06 07:10:16,973 167949 INFO     [tempest.lib.common.rest_client] Request (ManageNFSShareTest:test_manage_show_user_id): 200 GET http://10.132.46.216/share/v2/f34adde3316a49fa8311cb9070b4c356/shares/259256a9-d7c5-46b9-bdb9-2fcc85398318 0.031s
2026-02-06 07:10:16,974 167949 DEBUG    [tempest.lib.common.rest_client] Request - Headers: {'Content-Type': 'application/json', 'Accept': 'application/json', 'x-openstack-manila-api-version': '2.90', 'X-Auth-Token': '<omitted>'}
        Body: None
    Response - Headers: {'date': 'Fri, 06 Feb 2026 07:10:16 GMT', 'server': 'Apache/2.4.58 (Ubuntu)', 'content-type': 'application/json', 'content-length': '1371', 'x-compute-request-id': 'req-435e8421-f494-4c24-8a61-8a5dd71f6133', 'x-openstack-manila-api-version': '2.90', 'vary': 'X-OpenStack-Manila-API-Version', 'x-openstack-request-id': 'req-435e8421-f494-4c24-8a61-8a5dd71f6133', 'connection': 'close', 'status': '200', 'content-location': 'http://10.132.46.216/share/v2/f34adde3316a49fa8311cb9070b4c356/shares/259256a9-d7c5-46b9-bdb9-2fcc85398318'}
        Body: b'{"share": {"id": "259256a9-d7c5-46b9-bdb9-2fcc85398318", "size": 1, "availability_zone": null, "created_at": "2026-02-06T07:10:13.784434", "status": "error", "name": "tempest-tempest-created-share-970285761", "description": "Tempest\'s share", "project_id": "f34adde3316a49fa8311cb9070b4c356", "snapshot_id": null, "share_network_id": null, "share_proto": "NFS", "metadata": {}, "share_type": "5b417337-7858-4b1e-9595-cfc8671178c9", "volume_type": "tempest-manage-st-name-76734615", "links": [{"rel": "self", "href": "http://10.132.46.216/share/v2/f34adde3316a49fa8311cb9070b4c356/shares/259256a9-d7c5-46b9-bdb9-2fcc85398318"}, {"rel": "bookmark", "href": "http://10.132.46.216/share/f34adde3316a49fa8311cb9070b4c356/shares/259256a9-d7c5-46b9-bdb9-2fcc85398318"}], "is_public": false, "snapshot_support": false, "task_state": null, "share_type_name": "tempest-manage-st-name-76734615", "access_rules_status": "active", "replication_type": null, "has_replicas": false, "user_id": "cea0cc6678ed4e78af7f53dd0a9bb0e1", "create_share_from_snapshot_support": false, "revert_to_snapshot_support": false, "share_group_id": null, "source_share_group_snapshot_member_id": null, "mount_snapshot_support": false, "progress": null, "is_soft_deleted": false, "scheduled_to_be_deleted_at": null, "source_backup_id": null, "encryption_key_ref": null, "share_server_id": null, "host": ""}}'


manila_tempest_tests.tests.api.******.test_quotas_negative.SharesAdminQuotasNegativeTest.test_create_share_over_quota_limit[api_with_backend,id-6396daab-ba73-4140-8a0a-8eef0a01804d,negative]
---------------------------------------------------------------------------------------------------------------------------------------------------------------------------------------------

Captured traceback:
~~~~~~~~~~~~~~~~~~~
    Traceback (most recent call last):

      File "/opt/stack/tempest/manila-tempest-plugin/manila_tempest_tests/tests/api/******/test_quotas_negative.py", line 422, in test_create_share_over_quota_limit
    self.create_share(share_type_id=self.share_type_id)

      File "/opt/stack/tempest/manila-tempest-plugin/manila_tempest_tests/tests/api/base.py", line 411, in create_share
    result = cls.create_shares([{"args": args, "kwargs": kwargs}])
             ^^^^^^^^^^^^^^^^^^^^^^^^^^^^^^^^^^^^^^^^^^^^^^^^^^^^^

      File "/opt/stack/tempest/manila-tempest-plugin/manila_tempest_tests/tests/api/base.py", line 469, in create_shares
    waiters.wait_for_resource_status(

      File "/opt/stack/tempest/manila-tempest-plugin/manila_tempest_tests/common/waiters.py", line 109, in wait_for_resource_status
    raise resource_exception(resource_id=resource_id)

    manila_tempest_tests.share_exceptions.ShareBuildErrorException: Share 70568f3f-186e-4df5-8198-6017dee9ef56 failed to build and is in ERROR status


Captured pythonlogging:
~~~~~~~~~~~~~~~~~~~~~~~
    2026-02-06 07:10:15,181 167945 INFO     [tempest.lib.common.rest_client] Request (SharesAdminQuotasNegativeTest:test_create_share_over_quota_limit): 200 POST http://10.132.46.216/share/v2/cd19c9add0114adea2fcd6e6891fba86/shares 0.187s
2026-02-06 07:10:15,182 167945 DEBUG    [tempest.lib.common.rest_client] Request - Headers: {'Content-Type': 'application/json', 'Accept': 'application/json', 'x-openstack-manila-api-version': '2.90', 'X-Auth-Token': '<omitted>'}
        Body: {"share": {"share_proto": "nfs", "description": "Tempest's share", "snapshot_id": null, "name": "tempest-tempest-created-share-928814596", "size": 1, "metadata": {}, "is_public": false, "share_type": "450c168b-5898-4ea9-b8b7-f5035bfa3931"}}
    Response - Headers: {'date': 'Fri, 06 Feb 2026 07:10:14 GMT', 'server': 'Apache/2.4.58 (Ubuntu)', 'content-type': 'application/json', 'content-length': '1378', 'x-compute-request-id': 'req-41f982bf-18c7-4a08-8f29-24f8090d5ef2', 'x-openstack-manila-api-version': '2.90', 'vary': 'X-OpenStack-Manila-API-Version', 'x-openstack-request-id': 'req-41f982bf-18c7-4a08-8f29-24f8090d5ef2', 'connection': 'close', 'status': '200', 'content-location': 'http://10.132.46.216/share/v2/cd19c9add0114adea2fcd6e6891fba86/shares'}
        Body: b'{"share": {"id": "70568f3f-186e-4df5-8198-6017dee9ef56", "size": 1, "availability_zone": null, "created_at": "2026-02-06T07:10:15.071703", "status": "creating", "name": "tempest-tempest-created-share-928814596", "description": "Tempest\'s share", "project_id": "cd19c9add0114adea2fcd6e6891fba86", "snapshot_id": null, "share_network_id": null, "share_proto": "NFS", "metadata": {}, "share_type": "450c168b-5898-4ea9-b8b7-f5035bfa3931", "volume_type": "tempest-typeshare-type-1514075275", "links": [{"rel": "self", "href": "http://10.132.46.216/share/v2/cd19c9add0114adea2fcd6e6891fba86/shares/70568f3f-186e-4df5-8198-6017dee9ef56"}, {"rel": "bookmark", "href": "http://10.132.46.216/share/cd19c9add0114adea2fcd6e6891fba86/shares/70568f3f-186e-4df5-8198-6017dee9ef56"}], "is_public": false, "snapshot_support": false, "task_state": null, "share_type_name": "tempest-typeshare-type-1514075275", "access_rules_status": "active", "replication_type": null, "has_replicas": false, "user_id": "9423c472fd0b417fa88b9099c56eed2f", "create_share_from_snapshot_support": false, "revert_to_snapshot_support": false, "share_group_id": null, "source_share_group_snapshot_member_id": null, "mount_snapshot_support": false, "progress": null, "is_soft_deleted": false, "scheduled_to_be_deleted_at": null, "source_backup_id": null, "encryption_key_ref": null, "share_server_id": null, "host": ""}}'
2026-02-06 07:10:15,231 167945 INFO     [tempest.lib.common.rest_client] Request (SharesAdminQuotasNegativeTest:test_create_share_over_quota_limit): 200 GET http://10.132.46.216/share/v2/cd19c9add0114adea2fcd6e6891fba86/shares/70568f3f-186e-4df5-8198-6017dee9ef56 0.049s
2026-02-06 07:10:15,232 167945 DEBUG    [tempest.lib.common.rest_client] Request - Headers: {'Content-Type': 'application/json', 'Accept': 'application/json', 'x-openstack-manila-api-version': '2.90', 'X-Auth-Token': '<omitted>'}
        Body: None
    Response - Headers: {'date': 'Fri, 06 Feb 2026 07:10:15 GMT', 'server': 'Apache/2.4.58 (Ubuntu)', 'content-type': 'application/json', 'content-length': '1378', 'x-compute-request-id': 'req-85dc96a9-5ec2-4876-834c-fdb90a6e6594', 'x-openstack-manila-api-version': '2.90', 'vary': 'X-OpenStack-Manila-API-Version', 'x-openstack-request-id': 'req-85dc96a9-5ec2-4876-834c-fdb90a6e6594', 'connection': 'close', 'status': '200', 'content-location': 'http://10.132.46.216/share/v2/cd19c9add0114adea2fcd6e6891fba86/shares/70568f3f-186e-4df5-8198-6017dee9ef56'}
        Body: b'{"share": {"id": "70568f3f-186e-4df5-8198-6017dee9ef56", "size": 1, "availability_zone": null, "created_at": "2026-02-06T07:10:15.071703", "status": "creating", "name": "tempest-tempest-created-share-928814596", "description": "Tempest\'s share", "project_id": "cd19c9add0114adea2fcd6e6891fba86", "snapshot_id": null, "share_network_id": null, "share_proto": "NFS", "m
    etadata": {}, "share_type": "450c168b-5898-4ea9-b8b7-f5035bfa3931", "volume_type": "tempest-typeshare-type-1514075275", "links": [{"rel": "self", "href": "http://10.132.46.216/share/v2/cd19c9add0114adea2fcd6e6891fba86/shares/70568f3f-186e-4df5-8198-6017dee9ef56"}, {"rel": "bookmark", "href": "http://10.132.46.216/share/cd19c9add0114adea2fcd6e6891fba86/shares/70568f3f-186e-4df5-8198-6017dee9ef56"}], "is_public": false, "snapshot_support": false, "task_state": null, "share_type_name": "tempest-typeshare-type-1514075275", "access_rules_status": "active", "replication_type": null, "has_replicas": false, "user_id": "9423c472fd0b417fa88b9099c56eed2f", "create_share_from_snapshot_support": false, "revert_to_snapshot_support": false, "share_group_id": null, "source_share_group_snapshot_member_id": null, "mount_snapshot_support": false, "progress": null, "is_soft_deleted": false, "scheduled_to_be_deleted_at": null, "source_backup_id": null, "encryption_key_ref": null, "share_server_id": null, "host": ""}}'
2026-02-06 07:10:18,261 167945 INFO     [tempest.lib.common.rest_client] Request (SharesAdminQuotasNegativeTest:test_create_share_over_quota_limit): 200 GET http://10.132.46.216/share/v2/cd19c9add0114adea2fcd6e6891fba86/shares/70568f3f-186e-4df5-8198-6017dee9ef56 0.028s
2026-02-06 07:10:18,261 167945 DEBUG    [tempest.lib.common.rest_client] Request - Headers: {'Content-Type': 'application/json', 'Accept': 'application/json', 'x-openstack-manila-api-version': '2.90', 'X-Auth-Token': '<omitted>'}
        Body: None
    Response - Headers: {'date': 'Fri, 06 Feb 2026 07:10:18 GMT', 'server': 'Apache/2.4.58 (Ubuntu)', 'content-type': 'application/json', 'content-length': '1375', 'x-compute-request-id': 'req-a5a4f7b5-42ec-45dd-89b4-52f854fe45b5', 'x-openstack-manila-api-version': '2.90', 'vary': 'X-OpenStack-Manila-API-Version', 'x-openstack-request-id': 'req-a5a4f7b5-42ec-45dd-89b4-52f854fe45b5', 'connection': 'close', 'status': '200', 'content-location': 'http://10.132.46.216/share/v2/cd19c9add0114adea2fcd6e6891fba86/shares/70568f3f-186e-4df5-8198-6017dee9ef56'}
        Body: b'{"share": {"id": "70568f3f-186e-4df5-8198-6017dee9ef56", "size": 1, "availability_zone": null, "created_at": "2026-02-06T07:10:15.071703", "status": "error", "name": "tempest-tempest-created-share-928814596", "description": "Tempest\'s share", "project_id": "cd19c9add0114adea2fcd6e6891fba86", "snapshot_id": null, "share_network_id": null, "share_proto": "NFS", "metadata": {}, "share_type": "450c168b-5898-4ea9-b8b7-f5035bfa3931", "volume_type": "tempest-typeshare-type-1514075275", "links": [{"rel": "self", "href": "http://10.132.46.216/share/v2/cd19c9add0114adea2fcd6e6891fba86/shares/70568f3f-186e-4df5-8198-6017dee9ef56"}, {"rel": "bookmark", "href": "http://10.132.46.216/share/cd19c9add0114adea2fcd6e6891fba86/shares/70568f3f-186e-4df5-8198-6017dee9ef56"}], "is_public": false, "snapshot_support": false, "task_state": null, "share_type_name": "tempest-typeshare-type-1514075275", "access_rules_status": "active", "replication_type": null, "has_replicas": false, "user_id": "9423c472fd0b417fa88b9099c56eed2f", "create_share_from_snapshot_support": false, "revert_to_snapshot_support": false, "share_group_id": null, "source_share_group_snapshot_member_id": null, "mount_snapshot_support": false, "progress": null, "is_soft_deleted": false, "scheduled_to_be_deleted_at": null, "source_backup_id": null, "encryption_key_ref": null, "share_server_id": null, "host": ""}}'


manila_tempest_tests.tests.api.******.test_share_types.ShareTypesAdminTest.test_get_share_with_share_type[api_with_backend,id-4e2ad320-9f3d-4797-a3ad-bf800bcd1831,positive]
---------------------------------------------------------------------------------------------------------------------------------------------------------------------------

Captured traceback:
~~~~~~~~~~~~~~~~~~~
    Traceback (most recent call last):

      File "/opt/stack/tempest/manila-tempest-plugin/manila_tempest_tests/tests/api/******/test_share_types.py", line 246, in test_get_share_with_share_type
    share = self.create_share(
            ^^^^^^^^^^^^^^^^^^

      File "/opt/stack/tempest/manila-tempest-plugin/manila_tempest_tests/tests/api/base.py", line 411, in create_share
    result = cls.create_shares([{"args": args, "kwargs": kwargs}])
             ^^^^^^^^^^^^^^^^^^^^^^^^^^^^^^^^^^^^^^^^^^^^^^^^^^^^^

      File "/opt/stack/tempest/manila-tempest-plugin/manila_tempest_tests/tests/api/base.py", line 469, in create_shares
    waiters.wait_for_resource_status(

      File "/opt/stack/tempest/manila-tempest-plugin/manila_tempest_tests/common/waiters.py", line 109, in wait_for_resource_status
    raise resource_exception(resource_id=resource_id)

    manila_tempest_tests.share_exceptions.ShareBuildErrorException: Share 09bc0533-dee2-42bc-82f5-6020b042d5d6 failed to build and is in ERROR status


Captured pythonlogging:
~~~~~~~~~~~~~~~~~~~~~~~
    2026-02-06 07:10:16,518 167951 INFO     [tempest.lib.common.rest_client] Request (ShareTypesAdminTest:test_get_share_with_share_type): 200 POST http://10.132.46.216/share/v2/4ac8c06efaea494d9f607f805e06f2ad/types 0.184s
2026-02-06 07:10:16,519 167951 DEBUG    [tempest.lib.common.rest_client] Request - Headers: {'Content-Type': 'application/json', 'Accept': 'application/json', 'x-openstack-manila-api-version': '2.90', 'X-Auth-Token': '<omitted>'}
        Body: {"share_type": {"name": "tempest-share-type-540864557", "extra_specs": {"driver_handles_share_servers": "False", "storage_protocol": "NFS"}, "share_type_access:is_public": true}}
    Response - Headers: {'date': 'Fri, 06 Feb 2026 07:10:16 GMT', 'server': 'Apache/2.4.58 (Ubuntu)', 'content-type': 'application/json', 'content-length': '667', 'x-compute-request-id': 'req-bcdf6d95-6946-4112-b103-9a53da3ec3d0', 'x-openstack-manila-api-version': '2.90', 'vary': 'X-OpenStack-Manila-API-Version', 'x-openstack-request-id': 'req-bcdf6d95-6946-4112-b103-9a53da3ec3d0', 'connection': 'close', 'status': '200', 'content-location': 'http://10.132.46.216/share/v2/4ac8c06efaea494d9f607f805e06f2ad/types'}
        Body: b'{"volume_type": {"id": "7a78576c-11c4-4f03-8924-dbcb3b2222ce", "name": "tempest-share-type-540864557", "extra_specs": {"driver_handles_share_servers": "False", "storage_protocol": "NFS"}, "required_extra_specs": {"driver_handles_share_servers": "False"}, "share_type_access:is_public": true, "description": null, "is_default": false}, "share_type": {"id": "7a78576c-11c4-4f03-8924-dbcb3b2222ce", "name": "tempest-share-type-540864557", "extra_specs": {"driver_handles_share_servers": "False", "storage_protocol": "NFS"}, "required_extra_specs": {"driver_handles_share_servers": "False"}, "share_type_access:is_public": true, "description": null, "is_default": false}}'
2026-02-06 07:10:16,714 167951 INFO     [tempest.lib.common.rest_client] Request (ShareTypesAdminTest:test_get_share_with_share_type): 200 POST http://10.132.46.216/share/v2/4ac8c06efaea494d9f607f805e06f2ad/shares 0.195s
2026-02-06 07:10:16,715 167951 DEBUG    [tempest.lib.common.rest_client] Request - Headers: {'Content-Type': 'application/json', 'Accept': 'application/json', 'x-openstack-manila-api-version': '2.90', 'X-Auth-Token': '<omitted>'}
        Body: {"share": {"share_proto": "nfs", "description": "Tempest's share", "snapshot_id": null, "name": "tempest-share-510769808", "size": 1, "metadata": {}, "is_public": false, "share_type": "7a78576c-11c4-4f03-8924-dbcb3b2222ce"}}
    Response - Headers: {'date': 'Fri, 06 Feb 2026 07:10:16 GMT', 'server': 'Apache/2.4.58 (Ubuntu)', 'content-type': 'application/json', 'content-length': '1352', 'x-compute-request-id': 'req-674aa52a-6a9b-4a85-ad56-4825f8dbe531', 'x-openstack-manila-api-version': '2.90', 'vary': 'X-OpenStack-Manila-API-Version', 'x-openstack-request-id': 'req-674aa52a-6a9b-4a85-ad56-4825f8dbe531', 'connection': 'close', 'status': '200', 'content-location': 'http://10.132.46.216/share/v2/4ac8c06efaea494d9f607f805e06f2ad/shares'}
        Body: b'{"share": {"id": "09bc0533-dee2-42bc-82f5-6020b042d5d6", "size": 1, "availability_zone": null, "created_at": "2026-02-06T07:10:16.597858", "status": "creating", "name": "tempest-share-510769808", "description": "Tempest\'s share", "project_id": "4ac8c06efaea494d9f607f805e06f2ad", "snapshot_id": null, "share_network_id": null, "share_proto": "NFS", "metadata": {}, "share_type": "7a78576c-11c4-4f03-8924-dbcb3b2222ce", "volume_type": "tempest-share-type-540864557", "links": [{"rel": "self", "href": "http://10.132.46.216/share/v2/4ac8c06efaea494d9f607f805e06f2ad/shares/09bc0533-dee2-42bc-82f5-6020b042d5d6"}, {"rel": "bookmark", "href": "http://10.132.46.216/share/4ac8c06efaea494d9f607f805e06f2ad/shares/09bc0533-dee2-42bc-82f5-6020b042d5d6"}], "is_public": false, "snapshot_support": false, "task_state": null, "share_type_name": "tempest-share-type-540864557", "access_rules_status": "active", "replication_type": null, "has_replicas": false, "user_id": "107213bb57094c88bae8638298ac032d", "create_share_from_snapshot_su
    pport": false, "revert_to_snapshot_support": false, "share_group_id": null, "source_share_group_snapshot_member_id": null, "mount_snapshot_support": false, "progress": null, "is_soft_deleted": false, "scheduled_to_be_deleted_at": null, "source_backup_id": null, "encryption_key_ref": null, "share_server_id": null, "host": ""}}'
2026-02-06 07:10:16,748 167951 INFO     [tempest.lib.common.rest_client] Request (ShareTypesAdminTest:test_get_share_with_share_type): 200 GET http://10.132.46.216/share/v2/4ac8c06efaea494d9f607f805e06f2ad/shares/09bc0533-dee2-42bc-82f5-6020b042d5d6 0.033s
2026-02-06 07:10:16,748 167951 DEBUG    [tempest.lib.common.rest_client] Request - Headers: {'Content-Type': 'application/json', 'Accept': 'application/json', 'x-openstack-manila-api-version': '2.90', 'X-Auth-Token': '<omitted>'}
        Body: None
    Response - Headers: {'date': 'Fri, 06 Feb 2026 07:10:16 GMT', 'server': 'Apache/2.4.58 (Ubuntu)', 'content-type': 'application/json', 'content-length': '1352', 'x-compute-request-id': 'req-f711b515-40eb-4196-92e5-7ffff7c036cc', 'x-openstack-manila-api-version': '2.90', 'vary': 'X-OpenStack-Manila-API-Version', 'x-openstack-request-id': 'req-f711b515-40eb-4196-92e5-7ffff7c036cc', 'connection': 'close', 'status': '200', 'content-location': 'http://10.132.46.216/share/v2/4ac8c06efaea494d9f607f805e06f2ad/shares/09bc0533-dee2-42bc-82f5-6020b042d5d6'}
        Body: b'{"share": {"id": "09bc0533-dee2-42bc-82f5-6020b042d5d6", "size": 1, "availability_zone": null, "created_at": "2026-02-06T07:10:16.597858", "status": "creating", "name": "tempest-share-510769808", "description": "Tempest\'s share", "project_id": "4ac8c06efaea494d9f607f805e06f2ad", "snapshot_id": null, "share_network_id": null, "share_proto": "NFS", "metadata": {}, "share_type": "7a78576c-11c4-4f03-8924-dbcb3b2222ce", "volume_type": "tempest-share-type-540864557", "links": [{"rel": "self", "href": "http://10.132.46.216/share/v2/4ac8c06efaea494d9f607f805e06f2ad/shares/09bc0533-dee2-42bc-82f5-6020b042d5d6"}, {"rel": "bookmark", "href": "http://10.132.46.216/share/4ac8c06efaea494d9f607f805e06f2ad/shares/09bc0533-dee2-42bc-82f5-6020b042d5d6"}], "is_public": false, "snapshot_support": false, "task_state": null, "share_type_name": "tempest-share-type-540864557", "access_rules_status": "active", "replication_type": null, "has_replicas": false, "user_id": "107213bb57094c88bae8638298ac032d", "create_share_from_snapshot_support": false, "revert_to_snapshot_support": false, "share_group_id": null, "source_share_group_snapshot_member_id": null, "mount_snapshot_support": false, "progress": null, "is_soft_deleted": false, "scheduled_to_be_deleted_at": null, "source_backup_id": null, "encryption_key_ref": null, "share_server_id": null, "host": ""}}'
2026-02-06 07:10:19,788 167951 INFO     [tempest.lib.common.rest_client] Request (ShareTypesAdminTest:test_get_share_with_share_type): 200 GET http://10.132.46.216/share/v2/4ac8c06efaea494d9f607f805e06f2ad/shares/09bc0533-dee2-42bc-82f5-6020b042d5d6 0.039s
2026-02-06 07:10:19,789 167951 DEBUG    [tempest.lib.common.rest_client] Request - Headers: {'Content-Type': 'application/json', 'Accept': 'application/json', 'x-openstack-manila-api-version': '2.90', 'X-Auth-Token': '<omitted>'}
        Body: None
    Response - Headers: {'date': 'Fri, 06 Feb 2026 07:10:19 GMT', 'server': 'Apache/2.4.58 (Ubuntu)', 'content-type': 'application/json', 'content-length': '1349', 'x-compute-request-id': 'req-310639ee-cf0d-4521-8059-031ddf966a06', 'x-openstack-manila-api-version': '2.90', 'vary': 'X-OpenStack-Manila-API-Version', 'x-openstack-request-id': 'req-310639ee-cf0d-4521-8059-031ddf966a06', 'connection': 'close', 'status': '200', 'content-location': 'http://10.132.46.216/share/v2/4ac8c06efaea494d9f607f805e06f2ad/shares/09bc0533-dee2-42bc-82f5-6020b042d5d6'}
        Body: b'{"share": {"id": "09bc0533-dee2-42bc-82f5-6020b042d5d6", "size": 1, "availability_zone": null, "created_at": "2026-02-06T07:10:16.597858", "status": "error", "name": "tempest-share-510769808", "description": "Tempest\'s share", "project_id": "4ac8c06efaea4
    94d9f607f805e06f2ad", "snapshot_id": null, "share_network_id": null, "share_proto": "NFS", "metadata": {}, "share_type": "7a78576c-11c4-4f03-8924-dbcb3b2222ce", "volume_type": "tempest-share-type-540864557", "links": [{"rel": "self", "href": "http://10.132.46.216/share/v2/4ac8c06efaea494d9f607f805e06f2ad/shares/09bc0533-dee2-42bc-82f5-6020b042d5d6"}, {"rel": "bookmark", "href": "http://10.132.46.216/share/4ac8c06efaea494d9f607f805e06f2ad/shares/09bc0533-dee2-42bc-82f5-6020b042d5d6"}], "is_public": false, "snapshot_support": false, "task_state": null, "share_type_name": "tempest-share-type-540864557", "access_rules_status": "active", "replication_type": null, "has_replicas": false, "user_id": "107213bb57094c88bae8638298ac032d", "create_share_from_snapshot_support": false, "revert_to_snapshot_support": false, "share_group_id": null, "source_share_group_snapshot_member_id": null, "mount_snapshot_support": false, "progress": null, "is_soft_deleted": false, "scheduled_to_be_deleted_at": null, "source_backup_id": null, "encryption_key_ref": null, "share_server_id": null, "host": ""}}'


manila_tempest_tests.tests.api.******.test_share_manage.ManageNFSShareTest.test_manage_with_is_public_True[api_with_backend,id-8c0beefb-19da-441e-b73f-d90eb8000ff3,positive]
----------------------------------------------------------------------------------------------------------------------------------------------------------------------------

Captured traceback:
~~~~~~~~~~~~~~~~~~~
    Traceback (most recent call last):

      File "/opt/stack/tempest/manila-tempest-plugin/manila_tempest_tests/tests/api/******/test_share_manage.py", line 161, in test_manage_with_is_public_True
    self._test_manage(is_public=True, version="2.8")

      File "/opt/stack/tempest/manila-tempest-plugin/manila_tempest_tests/tests/api/******/test_share_manage.py", line 70, in _test_manage
    share = self._create_share_for_manage()
            ^^^^^^^^^^^^^^^^^^^^^^^^^^^^^^^

      File "/opt/stack/tempest/manila-tempest-plugin/manila_tempest_tests/tests/api/base.py", line 1174, in _create_share_for_manage
    share = self.create_share(**creation_data)
            ^^^^^^^^^^^^^^^^^^^^^^^^^^^^^^^^^^

      File "/opt/stack/tempest/manila-tempest-plugin/manila_tempest_tests/tests/api/base.py", line 411, in create_share
    result = cls.create_shares([{"args": args, "kwargs": kwargs}])
             ^^^^^^^^^^^^^^^^^^^^^^^^^^^^^^^^^^^^^^^^^^^^^^^^^^^^^

      File "/opt/stack/tempest/manila-tempest-plugin/manila_tempest_tests/tests/api/base.py", line 469, in create_shares
    waiters.wait_for_resource_status(

      File "/opt/stack/tempest/manila-tempest-plugin/manila_tempest_tests/common/waiters.py", line 109, in wait_for_resource_status
    raise resource_exception(resource_id=resource_id)

    manila_tempest_tests.share_exceptions.ShareBuildErrorException: Share 30ba4ff9-9ae1-42b3-abd0-1e2bd7f27afd failed to build and is in ERROR status


Captured pythonlogging:
~~~~~~~~~~~~~~~~~~~~~~~
    2026-02-06 07:10:17,169 167949 INFO     [tempest.lib.common.rest_client] Request (ManageNFSShareTest:test_manage_with_is_public_True): 200 POST http://10.132.46.216/share/v2/f34adde3316a49fa8311cb9070b4c356/shares 0.192s
2026-02-06 07:10:17,169 167949 DEBUG    [tempest.lib.common.rest_client] Request - Headers: {'Content-Type': 'application/json', 'Accept': 'application/json', 'x-openstack-manila-api-version': '2.90', 'X-Auth-Token': '<omitted>'}
        Body: {"share": {"share_proto": "nfs", "description": "Tempest's share", "snapshot_id": null, "name": "tempest-tempest-created-share-1389673038", "size": 1, "metadata": {}, "is_public": false, "share_type": "5b417337-7858-4b1e-9595-cfc8671178c9"}}
    Response - Headers: {'date': 'Fri, 06 Feb 2026 07:10:16 GMT', 'server': 'Apache/2.4.58 (Ubuntu)', 'content-type': 'application/json', 'content-length': '1375', 'x-compute-request-id': 'req-0ba9602d-2612-4922-a407-e861886ad909', 'x-openstack-manila-api-version': '2.90', 'vary': 'X-OpenStack-Manila-API-Version', 'x-openstack-request-id': 'req-0ba9602d-2612-4922-a407-e861886ad909', 'connection': 'close', 'status': '200', 'content-location': 'http://10.132.46.216/share/v2/f34adde3316a49fa8311cb9070b4c356/shares'}
        Body: b'{"share": {"id": "30ba4ff9-9ae1-42b3-abd0-1e2bd7f27afd", "size": 1, "availability_zone": null, "created_at": "2026-02-06T07:10:17.033982", "status": "creating", "name": "tempest-tempest-created-share-1389673038", "description": "Tempest\'s share", "project_id": "f34adde3316a49fa8311cb9070b4c356", "snapshot_id": null, "share_network_id": null, "share_proto": "NFS", "metadata": {}, "share_type": "5b417337-7858-4b1e-9595-cfc8671178c9", "volume_type": "tempest-manage-st-name-76734615", "links": [{"rel": "self", "href": "http://10.132.46.216/share/v2/f34adde3316a49fa8311cb9070b4c356/shares/30ba4ff9-9ae1-42b3-abd0-1e2bd7f27afd"}, {"rel": "bookmark", "href": "http://10.132.46.216/share/f34adde3316a49fa8311cb9070b4c356/shares/30ba4ff9-9ae1-42b3-abd0-1e2bd7f27afd"}], "is_public": false, "snapshot_support": false, "task_state": null, "share_type_name": "tempest-manage-st-name-76734615", "access_rules_status": "active", "replication_type": null, "has_replicas": false, "user_id": "cea0cc6678ed4e78af7f53dd0a9bb0e1", "create_share_from_snapshot_support": false, "revert_to_snapshot_support": false, "share_group_id": null, "source_share_group_snapshot_member_id": null, "mount_snapshot_support": false, "progress": null, "is_soft_deleted": false, "scheduled_to_be_deleted_at": null, "source_backup_id": null, "encryption_key_ref": null, "share_server_id": null, "host": ""}}'
2026-02-06 07:10:17,209 167949 INFO     [tempest.lib.common.rest_client] Request (ManageNFSShareTest:test_manage_with_is_public_True): 200 GET http://10.132.46.216/share/v2/f34adde3316a49fa8311cb9070b4c356/shares/30ba4ff9-9ae1-42b3-abd0-1e2bd7f27afd 0.039s
2026-02-06 07:10:17,210 167949 DEBUG    [tempest.lib.common.rest_client] Request - Headers: {'Content-Type': 'application/json', 'Accept': 'application/json', 'x-openstack-manila-api-version': '2.90', 'X-Auth-Token': '<omitted>'}
        Body: None
    Response - Headers: {'date': 'Fri, 06 Feb 2026 07:10:17 GMT', 'server': 'Apache/2.4.58 (Ubuntu)', 'content-type': 'application/json', 'content-length': '1375', 'x-compute-request-id': 'req-a293584b-add2-44a4-8f07-47e7fd445f4b', 'x-openstack-manila-api-version': '2.90', 'vary': 'X-OpenStack-Manila-API-Version', 'x-openstack-request-id': 'req-a293584b-add2-44a4-8f07-47e7fd445f4b', 'connection': 'close', 'status': '200', 'content-location': 'http://10.132.46.216/share/v2/f34adde3316a49fa8311cb9070b4c356/shares/30ba4ff9-9ae1-42b3-abd0-1e2bd7f27afd'}
        Body: b'{"share": {"id": "30ba4ff9-9ae1-42b3-abd0-1e2bd7f27afd", "size": 1, "availability_zone": null, "created_at": "2026-02-06T07:10:17.033982", "status": "creating", "name": "tempest-tempest-created-share-1389673038", "description": "Tempest\'s share", "project_id": "f34adde3316a49fa8311cb9070b4c356", "snapshot_id": null, "share_network_id": null, "share_proto": "NFS", "metadata": {}, "share_type": "
    5b417337-7858-4b1e-9595-cfc8671178c9", "volume_type": "tempest-manage-st-name-76734615", "links": [{"rel": "self", "href": "http://10.132.46.216/share/v2/f34adde3316a49fa8311cb9070b4c356/shares/30ba4ff9-9ae1-42b3-abd0-1e2bd7f27afd"}, {"rel": "bookmark", "href": "http://10.132.46.216/share/f34adde3316a49fa8311cb9070b4c356/shares/30ba4ff9-9ae1-42b3-abd0-1e2bd7f27afd"}], "is_public": false, "snapshot_support": false, "task_state": null, "share_type_name": "tempest-manage-st-name-76734615", "access_rules_status": "active", "replication_type": null, "has_replicas": false, "user_id": "cea0cc6678ed4e78af7f53dd0a9bb0e1", "create_share_from_snapshot_support": false, "revert_to_snapshot_support": false, "share_group_id": null, "source_share_group_snapshot_member_id": null, "mount_snapshot_support": false, "progress": null, "is_soft_deleted": false, "scheduled_to_be_deleted_at": null, "source_backup_id": null, "encryption_key_ref": null, "share_server_id": null, "host": ""}}'
2026-02-06 07:10:20,238 167949 INFO     [tempest.lib.common.rest_client] Request (ManageNFSShareTest:test_manage_with_is_public_True): 200 GET http://10.132.46.216/share/v2/f34adde3316a49fa8311cb9070b4c356/shares/30ba4ff9-9ae1-42b3-abd0-1e2bd7f27afd 0.028s
2026-02-06 07:10:20,239 167949 DEBUG    [tempest.lib.common.rest_client] Request - Headers: {'Content-Type': 'application/json', 'Accept': 'application/json', 'x-openstack-manila-api-version': '2.90', 'X-Auth-Token': '<omitted>'}
        Body: None
    Response - Headers: {'date': 'Fri, 06 Feb 2026 07:10:20 GMT', 'server': 'Apache/2.4.58 (Ubuntu)', 'content-type': 'application/json', 'content-length': '1372', 'x-compute-request-id': 'req-51199b9f-b4c4-402d-b823-905b278372ee', 'x-openstack-manila-api-version': '2.90', 'vary': 'X-OpenStack-Manila-API-Version', 'x-openstack-request-id': 'req-51199b9f-b4c4-402d-b823-905b278372ee', 'connection': 'close', 'status': '200', 'content-location': 'http://10.132.46.216/share/v2/f34adde3316a49fa8311cb9070b4c356/shares/30ba4ff9-9ae1-42b3-abd0-1e2bd7f27afd'}
        Body: b'{"share": {"id": "30ba4ff9-9ae1-42b3-abd0-1e2bd7f27afd", "size": 1, "availability_zone": null, "created_at": "2026-02-06T07:10:17.033982", "status": "error", "name": "tempest-tempest-created-share-1389673038", "description": "Tempest\'s share", "project_id": "f34adde3316a49fa8311cb9070b4c356", "snapshot_id": null, "share_network_id": null, "share_proto": "NFS", "metadata": {}, "share_type": "5b417337-7858-4b1e-9595-cfc8671178c9", "volume_type": "tempest-manage-st-name-76734615", "links": [{"rel": "self", "href": "http://10.132.46.216/share/v2/f34adde3316a49fa8311cb9070b4c356/shares/30ba4ff9-9ae1-42b3-abd0-1e2bd7f27afd"}, {"rel": "bookmark", "href": "http://10.132.46.216/share/f34adde3316a49fa8311cb9070b4c356/shares/30ba4ff9-9ae1-42b3-abd0-1e2bd7f27afd"}], "is_public": false, "snapshot_support": false, "task_state": null, "share_type_name": "tempest-manage-st-name-76734615", "access_rules_status": "active", "replication_type": null, "has_replicas": false, "user_id": "cea0cc6678ed4e78af7f53dd0a9bb0e1", "create_share_from_snapshot_support": false, "revert_to_snapshot_support": false, "share_group_id": null, "source_share_group_snapshot_member_id": null, "mount_snapshot_support": false, "progress": null, "is_soft_deleted": false, "scheduled_to_be_deleted_at": null, "source_backup_id": null, "encryption_key_ref": null, "share_server_id": null, "host": ""}}'


manila_tempest_tests.tests.api.******.test_share_manage.ManageNFSShareTest.test_manage_with_os_share_manage_url[api_with_backend,id-15b654d0-34ed-4154-9f5f-b96d2e4e9d1c,positive]
---------------------------------------------------------------------------------------------------------------------------------------------------------------------------------

Captured traceback:
~~~~~~~~~~~~~~~~~~~
    Traceback (most recent call last):

      File "/opt/stack/tempest/manila-tempest-plugin/manila_tempest_tests/tests/api/******/test_share_manage.py", line 155, in test_manage_with_os_share_manage_url
    self._test_manage(version="2.5")

      File "/opt/stack/tempest/manila-tempest-plugin/manila_tempest_tests/tests/api/******/test_share_manage.py", line 70, in _test_manage
    share = self._create_share_for_manage()
            ^^^^^^^^^^^^^^^^^^^^^^^^^^^^^^^

      File "/opt/stack/tempest/manila-tempest-plugin/manila_tempest_tests/tests/api/base.py", line 1174, in _create_share_for_manage
    share = self.create_share(**creation_data)
            ^^^^^^^^^^^^^^^^^^^^^^^^^^^^^^^^^^

      File "/opt/stack/tempest/manila-tempest-plugin/manila_tempest_tests/tests/api/base.py", line 411, in create_share
    result = cls.create_shares([{"args": args, "kwargs": kwargs}])
             ^^^^^^^^^^^^^^^^^^^^^^^^^^^^^^^^^^^^^^^^^^^^^^^^^^^^^

      File "/opt/stack/tempest/manila-tempest-plugin/manila_tempest_tests/tests/api/base.py", line 469, in create_shares
    waiters.wait_for_resource_status(

      File "/opt/stack/tempest/manila-tempest-plugin/manila_tempest_tests/common/waiters.py", line 109, in wait_for_resource_status
    raise resource_exception(resource_id=resource_id)

    manila_tempest_tests.share_exceptions.ShareBuildErrorException: Share 601c01cc-b036-4720-868c-abadef96344a failed to build and is in ERROR status


Captured pythonlogging:
~~~~~~~~~~~~~~~~~~~~~~~
    2026-02-06 07:10:20,435 167949 INFO     [tempest.lib.common.rest_client] Request (ManageNFSShareTest:test_manage_with_os_share_manage_url): 200 POST http://10.132.46.216/share/v2/f34adde3316a49fa8311cb9070b4c356/shares 0.194s
2026-02-06 07:10:20,436 167949 DEBUG    [tempest.lib.common.rest_client] Request - Headers: {'Content-Type': 'application/json', 'Accept': 'application/json', 'x-openstack-manila-api-version': '2.90', 'X-Auth-Token': '<omitted>'}
        Body: {"share": {"share_proto": "nfs", "description": "Tempest's share", "snapshot_id": null, "name": "tempest-tempest-created-share-169712680", "size": 1, "metadata": {}, "is_public": false, "share_type": "5b417337-7858-4b1e-9595-cfc8671178c9"}}
    Response - Headers: {'date': 'Fri, 06 Feb 2026 07:10:20 GMT', 'server': 'Apache/2.4.58 (Ubuntu)', 'content-type': 'application/json', 'content-length': '1374', 'x-compute-request-id': 'req-bab41ff5-51f2-4842-af83-058c02b7d283', 'x-openstack-manila-api-version': '2.90', 'vary': 'X-OpenStack-Manila-API-Version', 'x-openstack-request-id': 'req-bab41ff5-51f2-4842-af83-058c02b7d283', 'connection': 'close', 'status': '200', 'content-location': 'http://10.132.46.216/share/v2/f34adde3316a49fa8311cb9070b4c356/shares'}
        Body: b'{"share": {"id": "601c01cc-b036-4720-868c-abadef96344a", "size": 1, "availability_zone": null, "created_at": "2026-02-06T07:10:20.313274", "status": "creating", "name": "tempest-tempest-created-share-169712680", "description": "Tempest\'s share", "project_id": "f34adde3316a49fa8311cb9070b4c356", "snapshot_id": null, "share_network_id": null, "share_proto": "NFS", "metadata": {}, "share_type": "5b417337-7858-4b1e-9595-cfc8671178c9", "volume_type": "tempest-manage-st-name-76734615", "links": [{"rel": "self", "href": "http://10.132.46.216/share/v2/f34adde3316a49fa8311cb9070b4c356/shares/601c01cc-b036-4720-868c-abadef96344a"}, {"rel": "bookmark", "href": "http://10.132.46.216/share/f34adde3316a49fa8311cb9070b4c356/shares/601c01cc-b036-4720-868c-abadef96344a"}], "is_public": false, "snapshot_support": false, "task_state": null, "share_type_name": "tempest-manage-st-name-76734615", "access_rules_status": "active", "replication_type": null, "has_replicas": false, "user_id": "cea0cc6678ed4e78af7f53dd0a9bb0e1", "create_share_from_snapshot_support": false, "revert_to_snapshot_support": false, "share_group_id": null, "source_share_group_snapshot_member_id": null, "mount_snapshot_support": false, "progress": null, "is_soft_deleted": false, "scheduled_to_be_deleted_at": null, "source_backup_id": null, "encryption_key_ref": null, "share_server_id": null, "host": ""}}'
2026-02-06 07:10:20,477 167949 INFO     [tempest.lib.common.rest_client] Request (ManageNFSShareTest:test_manage_with_os_share_manage_url): 200 GET http://10.132.46.216/share/v2/f34adde3316a49fa8311cb9070b4c356/shares/601c01cc-b036-4720-868c-abadef96344a 0.040s
2026-02-06 07:10:20,477 167949 DEBUG    [tempest.lib.common.rest_client] Request - Headers: {'Content-Type': 'application/json', 'Accept': 'application/json', 'x-openstack-manila-api-version': '2.90', 'X-Auth-Token': '<omitted>'}
        Body: None
    Response - Headers: {'date': 'Fri, 06 Feb 2026 07:10:20 GMT', 'server': 'Apache/2.4.58 (Ubuntu)', 'content-type': 'application/json', 'content-length': '1374', 'x-compute-request-id': 'req-15bfb87a-5ffc-4197-9293-f7f481fbe2d5', 'x-openstack-manila-api-version': '2.90', 'vary': 'X-OpenStack-Manila-API-Version', 'x-openstack-request-id': 'req-15bfb87a-5ffc-4197-9293-f7f481fbe2d5', 'connection': 'close', 'status': '200', 'content-location': 'http://10.132.46.216/share/v2/f34adde3316a49fa8311cb9070b4c356/shares/601c01cc-b036-4720-868c-abadef96344a'}
        Body: b'{"share": {"id": "601c01cc-b036-4720-868c-abadef96344a", "size": 1, "availability_zone": null, "created_at": "2026-02-06T07:10:20.313274", "status": "creating", "name": "tempest-tempest-created-share-169712680", "description": "Tempest\'s share", "project_id": "f34adde3316a49fa8311cb9070b4c356", "snapshot_id": null, "share_network_id": null, "share_proto": "NFS", "metadata": {}, "share_t
    ype": "5b417337-7858-4b1e-9595-cfc8671178c9", "volume_type": "tempest-manage-st-name-76734615", "links": [{"rel": "self", "href": "http://10.132.46.216/share/v2/f34adde3316a49fa8311cb9070b4c356/shares/601c01cc-b036-4720-868c-abadef96344a"}, {"rel": "bookmark", "href": "http://10.132.46.216/share/f34adde3316a49fa8311cb9070b4c356/shares/601c01cc-b036-4720-868c-abadef96344a"}], "is_public": false, "snapshot_support": false, "task_state": null, "share_type_name": "tempest-manage-st-name-76734615", "access_rules_status": "active", "replication_type": null, "has_replicas": false, "user_id": "cea0cc6678ed4e78af7f53dd0a9bb0e1", "create_share_from_snapshot_support": false, "revert_to_snapshot_support": false, "share_group_id": null, "source_share_group_snapshot_member_id": null, "mount_snapshot_support": false, "progress": null, "is_soft_deleted": false, "scheduled_to_be_deleted_at": null, "source_backup_id": null, "encryption_key_ref": null, "share_server_id": null, "host": ""}}'
2026-02-06 07:10:23,509 167949 INFO     [tempest.lib.common.rest_client] Request (ManageNFSShareTest:test_manage_with_os_share_manage_url): 200 GET http://10.132.46.216/share/v2/f34adde3316a49fa8311cb9070b4c356/shares/601c01cc-b036-4720-868c-abadef96344a 0.030s
2026-02-06 07:10:23,509 167949 DEBUG    [tempest.lib.common.rest_client] Request - Headers: {'Content-Type': 'application/json', 'Accept': 'application/json', 'x-openstack-manila-api-version': '2.90', 'X-Auth-Token': '<omitted>'}
        Body: None
    Response - Headers: {'date': 'Fri, 06 Feb 2026 07:10:23 GMT', 'server': 'Apache/2.4.58 (Ubuntu)', 'content-type': 'application/json', 'content-length': '1371', 'x-compute-request-id': 'req-9dfc26c9-5b5c-4f68-bcb4-7d7991ef4e59', 'x-openstack-manila-api-version': '2.90', 'vary': 'X-OpenStack-Manila-API-Version', 'x-openstack-request-id': 'req-9dfc26c9-5b5c-4f68-bcb4-7d7991ef4e59', 'connection': 'close', 'status': '200', 'content-location': 'http://10.132.46.216/share/v2/f34adde3316a49fa8311cb9070b4c356/shares/601c01cc-b036-4720-868c-abadef96344a'}
        Body: b'{"share": {"id": "601c01cc-b036-4720-868c-abadef96344a", "size": 1, "availability_zone": null, "created_at": "2026-02-06T07:10:20.313274", "status": "error", "name": "tempest-tempest-created-share-169712680", "description": "Tempest\'s share", "project_id": "f34adde3316a49fa8311cb9070b4c356", "snapshot_id": null, "share_network_id": null, "share_proto": "NFS", "metadata": {}, "share_type": "5b417337-7858-4b1e-9595-cfc8671178c9", "volume_type": "tempest-manage-st-name-76734615", "links": [{"rel": "self", "href": "http://10.132.46.216/share/v2/f34adde3316a49fa8311cb9070b4c356/shares/601c01cc-b036-4720-868c-abadef96344a"}, {"rel": "bookmark", "href": "http://10.132.46.216/share/f34adde3316a49fa8311cb9070b4c356/shares/601c01cc-b036-4720-868c-abadef96344a"}], "is_public": false, "snapshot_support": false, "task_state": null, "share_type_name": "tempest-manage-st-name-76734615", "access_rules_status": "active", "replication_type": null, "has_replicas": false, "user_id": "cea0cc6678ed4e78af7f53dd0a9bb0e1", "create_share_from_snapshot_support": false, "revert_to_snapshot_support": false, "share_group_id": null, "source_share_group_snapshot_member_id": null, "mount_snapshot_support": false, "progress": null, "is_soft_deleted": false, "scheduled_to_be_deleted_at": null, "source_backup_id": null, "encryption_key_ref": null, "share_server_id": null, "host": ""}}'


manila_tempest_tests.tests.api.test_share_type_availability_zones.ShareTypeAvailabilityZonesTest.test_share_type_azs_old_version_api_ignores_spec[api_with_backend,id-00a3e4ab-00a5-4683-a773-166353a69f28,positive]
--------------------------------------------------------------------------------------------------------------------------------------------------------------------------------------------------------------------

Captured traceback:
~~~~~~~~~~~~~~~~~~~
    Traceback (most recent call last):

      File "/opt/stack/tempest/manila-tempest-plugin/manila_tempest_tests/tests/api/test_share_type_availability_zones.py", line 101, in test_share_type_azs_old_version_api_ignores_spec
    self.******_shares_v2_client.update_share_type_extra_spec(

      File "/opt/stack/tempest/manila-tempest-plugin/manila_tempest_tests/services/share/v2/json/shares_client.py", line 729, in update_share_type_extra_spec
    resp, body = self.put(uri, post_body, version=version)
                 ^^^^^^^^^^^^^^^^^^^^^^^^^^^^^^^^^^^^^^^^^

      File "/opt/stack/tempest/manila-tempest-plugin/manila_tempest_tests/services/share/v2/json/shares_client.py", line 100, in put
    resp, body = super(SharesV2Client, self).put(url, body,
                 ^^^^^^^^^^^^^^^^^^^^^^^^^^^^^^^^^^^^^^^^^^

      File "/opt/stack/tempest/tempest/lib/common/rest_client.py", line 392, in put
    return self.request('PUT', url, extra_headers, headers, body, chunked)
           ^^^^^^^^^^^^^^^^^^^^^^^^^^^^^^^^^^^^^^^^^^^^^^^^^^^^^^^^^^^^^^^

      File "/opt/stack/tempest/tempest/lib/common/rest_client.py", line 762, in request
    self._error_checker(resp, resp_body)

      File "/opt/stack/tempest/tempest/lib/common/rest_client.py", line 877, in _error_checker
    raise exceptions.BadRequest(resp_body, resp=resp)

    tempest.lib.exceptions.BadRequest: Bad request
Details: {'code': 400, 'message': 'Invalid extra_spec: availability_zones: '}


Captured pythonlogging:
~~~~~~~~~~~~~~~~~~~~~~~
    2026-02-06 07:10:28,604 167947 INFO     [tempest.lib.common.rest_client] Request (ShareTypeAvailabilityZonesTest:test_share_type_azs_old_version_api_ignores_spec): 400 PUT http://10.132.46.216/share/v2/1dd1a5b9fe4b421ea53c8285399aeb4c/types/4a81cf97-fc69-482b-b6aa-801ad794c50c/extra_specs/availability_zones 0.016s
2026-02-06 07:10:28,605 167947 DEBUG    [tempest.lib.common.rest_client] Request - Headers: {'Content-Type': 'application/json', 'Accept': 'application/json', 'x-openstack-manila-api-version': '2.90', 'X-Auth-Token': '<omitted>'}
        Body: {"availability_zones": ""}
    Response - Headers: {'date': 'Fri, 06 Feb 2026 07:10:28 GMT', 'server': 'Apache/2.4.58 (Ubuntu)', 'x-openstack-manila-api-version': '2.90', 'vary': 'X-OpenStack-Manila-API-Version', 'content-length': '84', 'content-type': 'application/json', 'x-compute-request-id': 'req-a0ee328c-eb2c-4de5-bd33-e45446dcb501', 'x-openstack-request-id': 'req-a0ee328c-eb2c-4de5-bd33-e45446dcb501', 'connection': 'close', 'status': '400', 'content-location': 'http://10.132.46.216/share/v2/1dd1a5b9fe4b421ea53c8285399aeb4c/types/4a81cf97-fc69-482b-b6aa-801ad794c50c/extra_specs/availability_zones'}
        Body: b'{"badRequest": {"code": 400, "message": "Invalid extra_spec: availability_zones: "}}'


manila_tempest_tests.tests.api.test_share_type_availability_zones.ShareTypeAvailabilityZonesTest.test_share_type_azs_share_groups_az_in_create_req_1_True[api_with_backend,id-fa5618ad-c452-41bd-8dc3-cc85abd6cee5,positive]
----------------------------------------------------------------------------------------------------------------------------------------------------------------------------------------------------------------------------

Captured traceback:
~~~~~~~~~~~~~~~~~~~
    Traceback (most recent call last):

      File "/usr/lib/python3/dist-packages/ddt.py", line 220, in wrapper
    return func(self, *args, **kwargs)
           ^^^^^^^^^^^^^^^^^^^^^^^^^^^

      File "/opt/stack/tempest/manila-tempest-plugin/manila_tempest_tests/tests/api/test_share_type_availability_zones.py", line 139, in test_share_type_azs_share_groups_az_in_create_req
    self.******_shares_v2_client.update_share_type_extra_spec(

      File "/opt/stack/tempest/manila-tempest-plugin/manila_tempest_tests/services/share/v2/json/shares_client.py", line 729, in update_share_type_extra_spec
    resp, body = self.put(uri, post_body, version=version)
                 ^^^^^^^^^^^^^^^^^^^^^^^^^^^^^^^^^^^^^^^^^

      File "/opt/stack/tempest/manila-tempest-plugin/manila_tempest_tests/services/share/v2/json/shares_client.py", line 100, in put
    resp, body = super(SharesV2Client, self).put(url, body,
                 ^^^^^^^^^^^^^^^^^^^^^^^^^^^^^^^^^^^^^^^^^^

      File "/opt/stack/tempest/tempest/lib/common/rest_client.py", line 392, in put
    return self.request('PUT', url, extra_headers, headers, body, chunked)
           ^^^^^^^^^^^^^^^^^^^^^^^^^^^^^^^^^^^^^^^^^^^^^^^^^^^^^^^^^^^^^^^

      File "/opt/stack/tempest/tempest/lib/common/rest_client.py", line 762, in request
    self._error_checker(resp, resp_body)

      File "/opt/stack/tempest/tempest/lib/common/rest_client.py", line 877, in _error_checker
    raise exceptions.BadRequest(resp_body, resp=resp)

    tempest.lib.exceptions.BadRequest: Bad request
Details: {'code': 400, 'message': 'Invalid extra_spec: availability_zones: '}


Captured pythonlogging:
~~~~~~~~~~~~~~~~~~~~~~~
    2026-02-06 07:10:28,627 167947 INFO     [tempest.lib.common.rest_client] Request (ShareTypeAvailabilityZonesTest:test_share_type_azs_share_groups_az_in_create_req): 400 PUT http://10.132.46.216/share/v2/1dd1a5b9fe4b421ea53c8285399aeb4c/types/4a81cf97-fc69-482b-b6aa-801ad794c50c/extra_specs/availability_zones 0.018s
2026-02-06 07:10:28,627 167947 DEBUG    [tempest.lib.common.rest_client] Request - Headers: {'Content-Type': 'application/json', 'Accept': 'application/json', 'x-openstack-manila-api-version': '2.90', 'X-Auth-Token': '<omitted>'}
        Body: {"availability_zones": ""}
    Response - Headers: {'date': 'Fri, 06 Feb 2026 07:10:28 GMT', 'server': 'Apache/2.4.58 (Ubuntu)', 'x-openstack-manila-api-version': '2.90', 'vary': 'X-OpenStack-Manila-API-Version', 'content-length': '84', 'content-type': 'application/json', 'x-compute-request-id': 'req-9ee653ce-45f5-43d9-985d-454eb2180bf0', 'x-openstack-request-id': 'req-9ee653ce-45f5-43d9-985d-454eb2180bf0', 'connection': 'close', 'status': '400', 'content-location': 'http://10.132.46.216/share/v2/1dd1a5b9fe4b421ea53c8285399aeb4c/types/4a81cf97-fc69-482b-b6aa-801ad794c50c/extra_specs/availability_zones'}
        Body: b'{"badRequest": {"code": 400, "message": "Invalid extra_spec: availability_zones: "}}'


manila_tempest_tests.tests.api.test_share_type_availability_zones.ShareTypeAvailabilityZonesTest.test_share_type_azs_share_groups_az_in_create_req_2_False[api_with_backend,id-fa5618ad-c452-41bd-8dc3-cc85abd6cee5,positive]
-----------------------------------------------------------------------------------------------------------------------------------------------------------------------------------------------------------------------------

Captured traceback:
~~~~~~~~~~~~~~~~~~~
    Traceback (most recent call last):

      File "/usr/lib/python3/dist-packages/ddt.py", line 220, in wrapper
    return func(self, *args, **kwargs)
           ^^^^^^^^^^^^^^^^^^^^^^^^^^^

      File "/opt/stack/tempest/manila-tempest-plugin/manila_tempest_tests/tests/api/test_share_type_availability_zones.py", line 139, in test_share_type_azs_share_groups_az_in_create_req
    self.******_shares_v2_client.update_share_type_extra_spec(

      File "/opt/stack/tempest/manila-tempest-plugin/manila_tempest_tests/services/share/v2/json/shares_client.py", line 729, in update_share_type_extra_spec
    resp, body = self.put(uri, post_body, version=version)
                 ^^^^^^^^^^^^^^^^^^^^^^^^^^^^^^^^^^^^^^^^^

      File "/opt/stack/tempest/manila-tempest-plugin/manila_tempest_tests/services/share/v2/json/shares_client.py", line 100, in put
    resp, body = super(SharesV2Client, self).put(url, body,
                 ^^^^^^^^^^^^^^^^^^^^^^^^^^^^^^^^^^^^^^^^^^

      File "/opt/stack/tempest/tempest/lib/common/rest_client.py", line 392, in put
    return self.request('PUT', url, extra_headers, headers, body, chunked)
           ^^^^^^^^^^^^^^^^^^^^^^^^^^^^^^^^^^^^^^^^^^^^^^^^^^^^^^^^^^^^^^^

      File "/opt/stack/tempest/tempest/lib/common/rest_client.py", line 762, in request
    self._error_checker(resp, resp_body)

      File "/opt/stack/tempest/tempest/lib/common/rest_client.py", line 877, in _error_checker
    raise exceptions.BadRequest(resp_body, resp=resp)

    tempest.lib.exceptions.BadRequest: Bad request
Details: {'code': 400, 'message': 'Invalid extra_spec: availability_zones: '}


Captured pythonlogging:
~~~~~~~~~~~~~~~~~~~~~~~
    2026-02-06 07:10:28,647 167947 INFO     [tempest.lib.common.rest_client] Request (ShareTypeAvailabilityZonesTest:test_share_type_azs_share_groups_az_in_create_req): 400 PUT http://10.132.46.216/share/v2/1dd1a5b9fe4b421ea53c8285399aeb4c/types/4a81cf97-fc69-482b-b6aa-801ad794c50c/extra_specs/availability_zones 0.015s
2026-02-06 07:10:28,647 167947 DEBUG    [tempest.lib.common.rest_client] Request - Headers: {'Content-Type': 'application/json', 'Accept': 'application/json', 'x-openstack-manila-api-version': '2.90', 'X-Auth-Token': '<omitted>'}
        Body: {"availability_zones": ""}
    Response - Headers: {'date': 'Fri, 06 Feb 2026 07:10:28 GMT', 'server': 'Apache/2.4.58 (Ubuntu)', 'x-openstack-manila-api-version': '2.90', 'vary': 'X-OpenStack-Manila-API-Version', 'content-length': '84', 'content-type': 'application/json', 'x-compute-request-id': 'req-bdfb745d-a654-4097-b633-e1ad021ae497', 'x-openstack-request-id': 'req-bdfb745d-a654-4097-b633-e1ad021ae497', 'connection': 'close', 'status': '400', 'content-location': 'http://10.132.46.216/share/v2/1dd1a5b9fe4b421ea53c8285399aeb4c/types/4a81cf97-fc69-482b-b6aa-801ad794c50c/extra_specs/availability_zones'}
        Body: b'{"badRequest": {"code": 400, "message": "Invalid extra_spec: availability_zones: "}}'


manila_tempest_tests.tests.api.test_share_type_availability_zones.ShareTypeAvailabilityZonesTest.test_share_type_azs_shares_az_in_create_req_1_True[api_with_backend,id-3399c706-5dcb-41b2-9701-4550bf4f81cb,positive]
----------------------------------------------------------------------------------------------------------------------------------------------------------------------------------------------------------------------

Captured traceback:
~~~~~~~~~~~~~~~~~~~
    Traceback (most recent call last):

      File "/usr/lib/python3/dist-packages/ddt.py", line 220, in wrapper
    return func(self, *args, **kwargs)
           ^^^^^^^^^^^^^^^^^^^^^^^^^^^

      File "/opt/stack/tempest/manila-tempest-plugin/manila_tempest_tests/tests/api/test_share_type_availability_zones.py", line 121, in test_share_type_azs_shares_az_in_create_req
    self.******_shares_v2_client.update_share_type_extra_spec(

      File "/opt/stack/tempest/manila-tempest-plugin/manila_tempest_tests/services/share/v2/json/shares_client.py", line 729, in update_share_type_extra_spec
    resp, body = self.put(uri, post_body, version=version)
                 ^^^^^^^^^^^^^^^^^^^^^^^^^^^^^^^^^^^^^^^^^

      File "/opt/stack/tempest/manila-tempest-plugin/manila_tempest_tests/services/share/v2/json/shares_client.py", line 100, in put
    resp, body = super(SharesV2Client, self).put(url, body,
                 ^^^^^^^^^^^^^^^^^^^^^^^^^^^^^^^^^^^^^^^^^^

      File "/opt/stack/tempest/tempest/lib/common/rest_client.py", line 392, in put
    return self.request('PUT', url, extra_headers, headers, body, chunked)
           ^^^^^^^^^^^^^^^^^^^^^^^^^^^^^^^^^^^^^^^^^^^^^^^^^^^^^^^^^^^^^^^

      File "/opt/stack/tempest/tempest/lib/common/rest_client.py", line 762, in request
    self._error_checker(resp, resp_body)

      File "/opt/stack/tempest/tempest/lib/common/rest_client.py", line 877, in _error_checker
    raise exceptions.BadRequest(resp_body, resp=resp)

    tempest.lib.exceptions.BadRequest: Bad request
Details: {'code': 400, 'message': 'Invalid extra_spec: availability_zones: '}


Captured pythonlogging:
~~~~~~~~~~~~~~~~~~~~~~~
    2026-02-06 07:10:28,668 167947 INFO     [tempest.lib.common.rest_client] Request (ShareTypeAvailabilityZonesTest:test_share_type_azs_shares_az_in_create_req): 400 PUT http://10.132.46.216/share/v2/1dd1a5b9fe4b421ea53c8285399aeb4c/types/4a81cf97-fc69-482b-b6aa-801ad794c50c/extra_specs/availability_zones 0.018s
2026-02-06 07:10:28,669 167947 DEBUG    [tempest.lib.common.rest_client] Request - Headers: {'Content-Type': 'application/json', 'Accept': 'application/json', 'x-openstack-manila-api-version': '2.90', 'X-Auth-Token': '<omitted>'}
        Body: {"availability_zones": ""}
    Response - Headers: {'date': 'Fri, 06 Feb 2026 07:10:28 GMT', 'server': 'Apache/2.4.58 (Ubuntu)', 'x-openstack-manila-api-version': '2.90', 'vary': 'X-OpenStack-Manila-API-Version', 'content-length': '84', 'content-type': 'application/json', 'x-compute-request-id': 'req-65b177f3-e3cf-4e6f-9a60-4a9b398180bd', 'x-openstack-request-id': 'req-65b177f3-e3cf-4e6f-9a60-4a9b398180bd', 'connection': 'close', 'status': '400', 'content-location': 'http://10.132.46.216/share/v2/1dd1a5b9fe4b421ea53c8285399aeb4c/types/4a81cf97-fc69-482b-b6aa-801ad794c50c/extra_specs/availability_zones'}
        Body: b'{"badRequest": {"code": 400, "message": "Invalid extra_spec: availability_zones: "}}'


manila_tempest_tests.tests.api.test_share_type_availability_zones.ShareTypeAvailabilityZonesTest.test_share_type_azs_shares_az_in_create_req_2_False[api_with_backend,id-3399c706-5dcb-41b2-9701-4550bf4f81cb,positive]
-----------------------------------------------------------------------------------------------------------------------------------------------------------------------------------------------------------------------

Captured traceback:
~~~~~~~~~~~~~~~~~~~
    Traceback (most recent call last):

      File "/usr/lib/python3/dist-packages/ddt.py", line 220, in wrapper
    return func(self, *args, **kwargs)
           ^^^^^^^^^^^^^^^^^^^^^^^^^^^

      File "/opt/stack/tempest/manila-tempest-plugin/manila_tempest_tests/tests/api/test_share_type_availability_zones.py", line 121, in test_share_type_azs_shares_az_in_create_req
    self.******_shares_v2_client.update_share_type_extra_spec(

      File "/opt/stack/tempest/manila-tempest-plugin/manila_tempest_tests/services/share/v2/json/shares_client.py", line 729, in update_share_type_extra_spec
    resp, body = self.put(uri, post_body, version=version)
                 ^^^^^^^^^^^^^^^^^^^^^^^^^^^^^^^^^^^^^^^^^

      File "/opt/stack/tempest/manila-tempest-plugin/manila_tempest_tests/services/share/v2/json/shares_client.py", line 100, in put
    resp, body = super(SharesV2Client, self).put(url, body,
                 ^^^^^^^^^^^^^^^^^^^^^^^^^^^^^^^^^^^^^^^^^^

      File "/opt/stack/tempest/tempest/lib/common/rest_client.py", line 392, in put
    return self.request('PUT', url, extra_headers, headers, body, chunked)
           ^^^^^^^^^^^^^^^^^^^^^^^^^^^^^^^^^^^^^^^^^^^^^^^^^^^^^^^^^^^^^^^

      File "/opt/stack/tempest/tempest/lib/common/rest_client.py", line 762, in request
    self._error_checker(resp, resp_body)

      File "/opt/stack/tempest/tempest/lib/common/rest_client.py", line 877, in _error_checker
    raise exceptions.BadRequest(resp_body, resp=resp)

    tempest.lib.exceptions.BadRequest: Bad request
Details: {'code': 400, 'message': 'Invalid extra_spec: availability_zones: '}


Captured pythonlogging:
~~~~~~~~~~~~~~~~~~~~~~~
    2026-02-06 07:10:28,689 167947 INFO     [tempest.lib.common.rest_client] Request (ShareTypeAvailabilityZonesTest:test_share_type_azs_shares_az_in_create_req): 400 PUT http://10.132.46.216/share/v2/1dd1a5b9fe4b421ea53c8285399aeb4c/types/4a81cf97-fc69-482b-b6aa-801ad794c50c/extra_specs/availability_zones 0.015s
2026-02-06 07:10:28,689 167947 DEBUG    [tempest.lib.common.rest_client] Request - Headers: {'Content-Type': 'application/json', 'Accept': 'application/json', 'x-openstack-manila-api-version': '2.90', 'X-Auth-Token': '<omitted>'}
        Body: {"availability_zones": ""}
    Response - Headers: {'date': 'Fri, 06 Feb 2026 07:10:28 GMT', 'server': 'Apache/2.4.58 (Ubuntu)', 'x-openstack-manila-api-version': '2.90', 'vary': 'X-OpenStack-Manila-API-Version', 'content-length': '84', 'content-type': 'application/json', 'x-compute-request-id': 'req-e9063e2b-dd6c-4595-9045-da257e9bf797', 'x-openstack-request-id': 'req-e9063e2b-dd6c-4595-9045-da257e9bf797', 'connection': 'close', 'status': '400', 'content-location': 'http://10.132.46.216/share/v2/1dd1a5b9fe4b421ea53c8285399aeb4c/types/4a81cf97-fc69-482b-b6aa-801ad794c50c/extra_specs/availability_zones'}
        Body: b'{"badRequest": {"code": 400, "message": "Invalid extra_spec: availability_zones: "}}'


setUpClass (manila_tempest_tests.tests.api.******.test_shares_actions.SharesActionsAdminTest)
--------------------------------------------------------------------------------------------

Captured traceback:
~~~~~~~~~~~~~~~~~~~
    Traceback (most recent call last):

      File "/opt/stack/tempest/tempest/test.py", line 185, in setUpClass
    raise value.with_traceback(trace)

      File "/opt/stack/tempest/tempest/test.py", line 178, in setUpClass
    cls.resource_setup()

      File "/opt/stack/tempest/manila-tempest-plugin/manila_tempest_tests/tests/api/******/test_shares_actions.py", line 55, in resource_setup
    cls.shares.append(cls.create_share(
                      ^^^^^^^^^^^^^^^^^

      File "/opt/stack/tempest/manila-tempest-plugin/manila_tempest_tests/tests/api/base.py", line 411, in create_share
    result = cls.create_shares([{"args": args, "kwargs": kwargs}])
             ^^^^^^^^^^^^^^^^^^^^^^^^^^^^^^^^^^^^^^^^^^^^^^^^^^^^^

      File "/opt/stack/tempest/manila-tempest-plugin/manila_tempest_tests/tests/api/base.py", line 469, in create_shares
    waiters.wait_for_resource_status(

      File "/opt/stack/tempest/manila-tempest-plugin/manila_tempest_tests/common/waiters.py", line 109, in wait_for_resource_status
    raise resource_exception(resource_id=resource_id)

    manila_tempest_tests.share_exceptions.ShareBuildErrorException: Share 6adc61b8-697e-4894-990c-1d24ae050d27 failed to build and is in ERROR status


setUpClass (manila_tempest_tests.tests.api.test_access_rules_metadata_negative.AccessesMetadataNegativeTest)
------------------------------------------------------------------------------------------------------------

Captured traceback:
~~~~~~~~~~~~~~~~~~~
    Traceback (most recent call last):

      File "/opt/stack/tempest/tempest/test.py", line 185, in setUpClass
    raise value.with_traceback(trace)

      File "/opt/stack/tempest/tempest/test.py", line 178, in setUpClass
    cls.resource_setup()

      File "/opt/stack/tempest/manila-tempest-plugin/manila_tempest_tests/tests/api/test_access_rules_metadata_negative.py", line 67, in resource_setup
    cls.share = cls.create_share(share_type_id=cls.share_type_id)
                ^^^^^^^^^^^^^^^^^^^^^^^^^^^^^^^^^^^^^^^^^^^^^^^^^

      File "/opt/stack/tempest/manila-tempest-plugin/manila_tempest_tests/tests/api/base.py", line 411, in create_share
    result = cls.create_shares([{"args": args, "kwargs": kwargs}])
             ^^^^^^^^^^^^^^^^^^^^^^^^^^^^^^^^^^^^^^^^^^^^^^^^^^^^^

      File "/opt/stack/tempest/manila-tempest-plugin/manila_tempest_tests/tests/api/base.py", line 469, in create_shares
    waiters.wait_for_resource_status(

      File "/opt/stack/tempest/manila-tempest-plugin/manila_tempest_tests/common/waiters.py", line 109, in wait_for_resource_status
    raise resource_exception(resource_id=resource_id)

    manila_tempest_tests.share_exceptions.ShareBuildErrorException: Share 180ca0ae-2298-464f-b5ab-58a7430dd93f failed to build and is in ERROR status


setUpClass (manila_tempest_tests.tests.api.test_shares_actions_negative.SharesActionsNegativeTest)
--------------------------------------------------------------------------------------------------

Captured traceback:
~~~~~~~~~~~~~~~~~~~
    Traceback (most recent call last):

      File "/opt/stack/tempest/tempest/test.py", line 185, in setUpClass
    raise value.with_traceback(trace)

      File "/opt/stack/tempest/tempest/test.py", line 178, in setUpClass
    cls.resource_setup()

      File "/opt/stack/tempest/manila-tempest-plugin/manila_tempest_tests/tests/api/test_shares_actions_negative.py", line 47, in resource_setup
    cls.share = cls.create_share(
                ^^^^^^^^^^^^^^^^^

      File "/opt/stack/tempest/manila-tempest-plugin/manila_tempest_tests/tests/api/base.py", line 411, in create_share
    result = cls.create_shares([{"args": args, "kwargs": kwargs}])
             ^^^^^^^^^^^^^^^^^^^^^^^^^^^^^^^^^^^^^^^^^^^^^^^^^^^^^

      File "/opt/stack/tempest/manila-tempest-plugin/manila_tempest_tests/tests/api/base.py", line 469, in create_shares
    waiters.wait_for_resource_status(

      File "/opt/stack/tempest/manila-tempest-plugin/manila_tempest_tests/common/waiters.py", line 109, in wait_for_resource_status
    raise resource_exception(resource_id=resource_id)

    manila_tempest_tests.share_exceptions.ShareBuildErrorException: Share f0d13335-c62d-4d39-9aef-08bcdfbb097a failed to build and is in ERROR status


setUpClass (manila_tempest_tests.tests.api.test_metadata_negative.SharesMetadataNegativeTest)
---------------------------------------------------------------------------------------------

Captured traceback:
~~~~~~~~~~~~~~~~~~~
    Traceback (most recent call last):

      File "/opt/stack/tempest/tempest/test.py", line 185, in setUpClass
    raise value.with_traceback(trace)

      File "/opt/stack/tempest/tempest/test.py", line 178, in setUpClass
    cls.resource_setup()

      File "/opt/stack/tempest/manila-tempest-plugin/manila_tempest_tests/tests/api/test_metadata_negative.py", line 58, in resource_setup
    cls.share = cls.create_share(share_type_id=cls.share_type_id)
                ^^^^^^^^^^^^^^^^^^^^^^^^^^^^^^^^^^^^^^^^^^^^^^^^^

      File "/opt/stack/tempest/manila-tempest-plugin/manila_tempest_tests/tests/api/base.py", line 411, in create_share
    result = cls.create_shares([{"args": args, "kwargs": kwargs}])
             ^^^^^^^^^^^^^^^^^^^^^^^^^^^^^^^^^^^^^^^^^^^^^^^^^^^^^

      File "/opt/stack/tempest/manila-tempest-plugin/manila_tempest_tests/tests/api/base.py", line 469, in create_shares
    waiters.wait_for_resource_status(

      File "/opt/stack/tempest/manila-tempest-plugin/manila_tempest_tests/common/waiters.py", line 109, in wait_for_resource_status
    raise resource_exception(resource_id=resource_id)

    manila_tempest_tests.share_exceptions.ShareBuildErrorException: Share 12e26a91-1805-47fc-982b-3cb3d94732f4 failed to build and is in ERROR status


manila_tempest_tests.tests.api.test_public_shares.PublicSharesTest.test_list_shares_public_with_detail[api_with_backend,id-557a0474-9e30-47b4-a766-19e2afb13e66,positive]
-------------------------------------------------------------------------------------------------------------------------------------------------------------------------

Captured traceback:
~~~~~~~~~~~~~~~~~~~
    Traceback (most recent call last):

      File "/opt/stack/tempest/manila-tempest-plugin/manila_tempest_tests/tests/api/test_public_shares.py", line 38, in test_list_shares_public_with_detail
    public_share = self.create_share(
                   ^^^^^^^^^^^^^^^^^^

      File "/opt/stack/tempest/manila-tempest-plugin/manila_tempest_tests/tests/api/base.py", line 411, in create_share
    result = cls.create_shares([{"args": args, "kwargs": kwargs}])
             ^^^^^^^^^^^^^^^^^^^^^^^^^^^^^^^^^^^^^^^^^^^^^^^^^^^^^

      File "/opt/stack/tempest/manila-tempest-plugin/manila_tempest_tests/tests/api/base.py", line 469, in create_shares
    waiters.wait_for_resource_status(

      File "/opt/stack/tempest/manila-tempest-plugin/manila_tempest_tests/common/waiters.py", line 109, in wait_for_resource_status
    raise resource_exception(resource_id=resource_id)

    manila_tempest_tests.share_exceptions.ShareBuildErrorException: Share 6c88ee81-edb5-42aa-899d-27179df79bd2 failed to build and is in ERROR status


Captured pythonlogging:
~~~~~~~~~~~~~~~~~~~~~~~
    2026-02-06 07:10:49,277 167949 INFO     [tempest.lib.common.rest_client] Request (PublicSharesTest:test_list_shares_public_with_detail): 200 POST http://10.132.46.216/share/v2/d62f33465c944bb1b2d9a119e0558b54/shares 0.169s
2026-02-06 07:10:49,277 167949 DEBUG    [tempest.lib.common.rest_client] Request - Headers: {'Content-Type': 'application/json', 'Accept': 'application/json', 'x-openstack-manila-api-version': '2.90', 'X-Auth-Token': '<omitted>'}
        Body: {"share": {"share_proto": "nfs", "description": "public_share_desc", "snapshot_id": null, "name": "public_share - must be visible to all projects in the cloud", "size": 1, "metadata": {}, "is_public": true, "share_type": "06759f01-8205-4083-bca5-8428b75c9e8b"}}
    Response - Headers: {'date': 'Fri, 06 Feb 2026 07:10:49 GMT', 'server': 'Apache/2.4.58 (Ubuntu)', 'content-type': 'application/json', 'content-length': '1397', 'x-compute-request-id': 'req-3609a576-f718-4dbe-8d68-8b7d6d717d74', 'x-openstack-manila-api-version': '2.90', 'vary': 'X-OpenStack-Manila-API-Version', 'x-openstack-request-id': 'req-3609a576-f718-4dbe-8d68-8b7d6d717d74', 'connection': 'close', 'status': '200', 'content-location': 'http://10.132.46.216/share/v2/d62f33465c944bb1b2d9a119e0558b54/shares'}
        Body: b'{"share": {"id": "6c88ee81-edb5-42aa-899d-27179df79bd2", "size": 1, "availability_zone": null, "created_at": "2026-02-06T07:10:49.177714", "status": "creating", "name": "public_share - must be visible to all projects in the cloud", "description": "public_share_desc", "project_id": "d62f33465c944bb1b2d9a119e0558b54", "snapshot_id": null, "share_network_id": null, "share_proto": "NFS", "metadata": {}, "share_type": "06759f01-8205-4083-bca5-8428b75c9e8b", "volume_type": "tempest-typeshare-type-240289489", "links": [{"rel": "self", "href": "http://10.132.46.216/share/v2/d62f33465c944bb1b2d9a119e0558b54/shares/6c88ee81-edb5-42aa-899d-27179df79bd2"}, {"rel": "bookmark", "href": "http://10.132.46.216/share/d62f33465c944bb1b2d9a119e0558b54/shares/6c88ee81-edb5-42aa-899d-27179df79bd2"}], "is_public": true, "snapshot_support": false, "task_state": null, "share_type_name": "tempest-typeshare-type-240289489", "access_rules_status": "active", "replication_type": null, "has_replicas": false, "user_id": "573f87d5d68b495a93cdaa59b8787614", "create_share_from_snapshot_support": false, "revert_to_snapshot_support": false, "share_group_id": null, "source_share_group_snapshot_member_id": null, "mount_snapshot_support": false, "progress": null, "is_soft_deleted": false, "scheduled_to_be_deleted_at": null, "source_backup_id": null, "encryption_key_ref": null, "share_server_id": null, "host": ""}}'
2026-02-06 07:10:49,303 167949 INFO     [tempest.lib.common.rest_client] Request (PublicSharesTest:test_list_shares_public_with_detail): 200 GET http://10.132.46.216/share/v2/d62f33465c944bb1b2d9a119e0558b54/shares/6c88ee81-edb5-42aa-899d-27179df79bd2 0.025s
2026-02-06 07:10:49,303 167949 DEBUG    [tempest.lib.common.rest_client] Request - Headers: {'Content-Type': 'application/json', 'Accept': 'application/json', 'x-openstack-manila-api-version': '2.90', 'X-Auth-Token': '<omitted>'}
        Body: None
    Response - Headers: {'date': 'Fri, 06 Feb 2026 07:10:49 GMT', 'server': 'Apache/2.4.58 (Ubuntu)', 'content-type': 'application/json', 'content-length': '1397', 'x-compute-request-id': 'req-ac00a5cc-509c-4083-a481-60ef4bf8cd6a', 'x-openstack-manila-api-version': '2.90', 'vary': 'X-OpenStack-Manila-API-Version', 'x-openstack-request-id': 'req-ac00a5cc-509c-4083-a481-60ef4bf8cd6a', 'connection': 'close', 'status': '200', 'content-location': 'http://10.132.46.216/share/v2/d62f33465c944bb1b2d9a119e0558b54/shares/6c88ee81-edb5-42aa-899d-27179df79bd2'}
        Body: b'{"share": {"id": "6c88ee81-edb5-42aa-899d-27179df79bd2", "size": 1, "availability_zone": null, "created_at": "2026-02-06T07:10:49.177714", "status": "creating", "name": "public_share - must be visible to all projects in the cloud", "description": "public_share_desc", "project_id": "d62f33465c944bb1b2d9a119e0558b54", "snapshot_id": null, "share_network
    _id": null, "share_proto": "NFS", "metadata": {}, "share_type": "06759f01-8205-4083-bca5-8428b75c9e8b", "volume_type": "tempest-typeshare-type-240289489", "links": [{"rel": "self", "href": "http://10.132.46.216/share/v2/d62f33465c944bb1b2d9a119e0558b54/shares/6c88ee81-edb5-42aa-899d-27179df79bd2"}, {"rel": "bookmark", "href": "http://10.132.46.216/share/d62f33465c944bb1b2d9a119e0558b54/shares/6c88ee81-edb5-42aa-899d-27179df79bd2"}], "is_public": true, "snapshot_support": false, "task_state": null, "share_type_name": "tempest-typeshare-type-240289489", "access_rules_status": "active", "replication_type": null, "has_replicas": false, "user_id": "573f87d5d68b495a93cdaa59b8787614", "create_share_from_snapshot_support": false, "revert_to_snapshot_support": false, "share_group_id": null, "source_share_group_snapshot_member_id": null, "mount_snapshot_support": false, "progress": null, "is_soft_deleted": false, "scheduled_to_be_deleted_at": null, "source_backup_id": null, "encryption_key_ref": null, "share_server_id": null, "host": ""}}'
2026-02-06 07:10:52,332 167949 INFO     [tempest.lib.common.rest_client] Request (PublicSharesTest:test_list_shares_public_with_detail): 200 GET http://10.132.46.216/share/v2/d62f33465c944bb1b2d9a119e0558b54/shares/6c88ee81-edb5-42aa-899d-27179df79bd2 0.028s
2026-02-06 07:10:52,332 167949 DEBUG    [tempest.lib.common.rest_client] Request - Headers: {'Content-Type': 'application/json', 'Accept': 'application/json', 'x-openstack-manila-api-version': '2.90', 'X-Auth-Token': '<omitted>'}
        Body: None
    Response - Headers: {'date': 'Fri, 06 Feb 2026 07:10:52 GMT', 'server': 'Apache/2.4.58 (Ubuntu)', 'content-type': 'application/json', 'content-length': '1394', 'x-compute-request-id': 'req-615f38fe-6995-4dc7-9d0b-2b8a22d79c6d', 'x-openstack-manila-api-version': '2.90', 'vary': 'X-OpenStack-Manila-API-Version', 'x-openstack-request-id': 'req-615f38fe-6995-4dc7-9d0b-2b8a22d79c6d', 'connection': 'close', 'status': '200', 'content-location': 'http://10.132.46.216/share/v2/d62f33465c944bb1b2d9a119e0558b54/shares/6c88ee81-edb5-42aa-899d-27179df79bd2'}
        Body: b'{"share": {"id": "6c88ee81-edb5-42aa-899d-27179df79bd2", "size": 1, "availability_zone": null, "created_at": "2026-02-06T07:10:49.177714", "status": "error", "name": "public_share - must be visible to all projects in the cloud", "description": "public_share_desc", "project_id": "d62f33465c944bb1b2d9a119e0558b54", "snapshot_id": null, "share_network_id": null, "share_proto": "NFS", "metadata": {}, "share_type": "06759f01-8205-4083-bca5-8428b75c9e8b", "volume_type": "tempest-typeshare-type-240289489", "links": [{"rel": "self", "href": "http://10.132.46.216/share/v2/d62f33465c944bb1b2d9a119e0558b54/shares/6c88ee81-edb5-42aa-899d-27179df79bd2"}, {"rel": "bookmark", "href": "http://10.132.46.216/share/d62f33465c944bb1b2d9a119e0558b54/shares/6c88ee81-edb5-42aa-899d-27179df79bd2"}], "is_public": true, "snapshot_support": false, "task_state": null, "share_type_name": "tempest-typeshare-type-240289489", "access_rules_status": "active", "replication_type": null, "has_replicas": false, "user_id": "573f87d5d68b495a93cdaa59b8787614", "create_share_from_snapshot_support": false, "revert_to_snapshot_support": false, "share_group_id": null, "source_share_group_snapshot_member_id": null, "mount_snapshot_support": false, "progress": null, "is_soft_deleted": false, "scheduled_to_be_deleted_at": null, "source_backup_id": null, "encryption_key_ref": null, "share_server_id": null, "host": ""}}'
2026-02-06 07:10:52,427 167949 INFO     [tempest.lib.common.rest_client] Request (PublicSharesTest:_run_cleanups): 200 GET http://10.132.46.216/share/v2/b33f60e6a31346798623b642679110d5/share-replicas/detail?share_id=6c88ee81-edb5-42aa-899d-27179df79bd2 0.093s
2026-02-06 07:10:52,427 167949 DEBUG    [tempest.lib.common.rest_client] Request - Headers: {'Content-Type': 'application/json', 'Accept': 'application/json', 'x-openstack-manila-api-version': '2.90', 'X-Auth-Token': '<omitted>'}
        Body: None
    Response - Headers: {'date': 'Fri, 06 Feb 2026 07:10:52 GMT'
    , 'server': 'Apache/2.4.58 (Ubuntu)', 'content-type': 'application/json', 'content-length': '22', 'x-compute-request-id': 'req-189bf75f-ab6a-43ae-95a7-7a3aa1d64d3d', 'x-openstack-manila-api-version': '2.90', 'vary': 'X-OpenStack-Manila-API-Version', 'x-openstack-request-id': 'req-189bf75f-ab6a-43ae-95a7-7a3aa1d64d3d', 'connection': 'close', 'status': '200', 'content-location': 'http://10.132.46.216/share/v2/b33f60e6a31346798623b642679110d5/share-replicas/detail?share_id=6c88ee81-edb5-42aa-899d-27179df79bd2'}
        Body: b'{"share_replicas": []}'
2026-02-06 07:10:52,640 167949 INFO     [tempest.lib.common.rest_client] Request (PublicSharesTest:_run_cleanups): 202 DELETE http://10.132.46.216/share/v2/d62f33465c944bb1b2d9a119e0558b54/shares/6c88ee81-edb5-42aa-899d-27179df79bd2 0.212s
2026-02-06 07:10:52,640 167949 DEBUG    [tempest.lib.common.rest_client] Request - Headers: {'Content-Type': 'application/json', 'Accept': 'application/json', 'x-openstack-manila-api-version': '2.90', 'X-Auth-Token': '<omitted>'}
        Body: None
    Response - Headers: {'date': 'Fri, 06 Feb 2026 07:10:52 GMT', 'server': 'Apache/2.4.58 (Ubuntu)', 'content-length': '0', 'content-type': 'text/html; charset=UTF-8', 'x-compute-request-id': 'req-f00a5c3e-7974-4dd6-bcea-59cf588f8d35', 'x-openstack-manila-api-version': '2.90', 'vary': 'X-OpenStack-Manila-API-Version', 'x-openstack-request-id': 'req-f00a5c3e-7974-4dd6-bcea-59cf588f8d35', 'connection': 'close', 'status': '202', 'content-location': 'http://10.132.46.216/share/v2/d62f33465c944bb1b2d9a119e0558b54/shares/6c88ee81-edb5-42aa-899d-27179df79bd2'}
        Body: b''
2026-02-06 07:10:52,653 167949 INFO     [tempest.lib.common.rest_client] Request (PublicSharesTest:_run_cleanups): 404 GET http://10.132.46.216/share/v2/d62f33465c944bb1b2d9a119e0558b54/shares/6c88ee81-edb5-42aa-899d-27179df79bd2 0.012s
2026-02-06 07:10:52,654 167949 DEBUG    [tempest.lib.common.rest_client] Request - Headers: {'Content-Type': 'application/json', 'Accept': 'application/json', 'x-openstack-manila-api-version': '2.90', 'X-Auth-Token': '<omitted>'}
        Body: None
    Response - Headers: {'date': 'Fri, 06 Feb 2026 07:10:52 GMT', 'server': 'Apache/2.4.58 (Ubuntu)', 'x-openstack-manila-api-version': '2.90', 'vary': 'X-OpenStack-Manila-API-Version', 'content-length': '78', 'content-type': 'application/json', 'x-compute-request-id': 'req-db8e67bf-e66e-4cb8-8325-82df18d9328d', 'x-openstack-request-id': 'req-db8e67bf-e66e-4cb8-8325-82df18d9328d', 'connection': 'close', 'status': '404', 'content-location': 'http://10.132.46.216/share/v2/d62f33465c944bb1b2d9a119e0558b54/shares/6c88ee81-edb5-42aa-899d-27179df79bd2'}
        Body: b'{"itemNotFound": {"code": 404, "message": "The resource could not be found."}}'


manila_tempest_tests.tests.api.test_public_shares.PublicSharesTest.test_update_share_set_is_public[api_with_backend,id-e073182e-459d-4e08-9300-5bc964ca806b,positive]
---------------------------------------------------------------------------------------------------------------------------------------------------------------------

Captured traceback:
~~~~~~~~~~~~~~~~~~~
    Traceback (most recent call last):

      File "/opt/stack/tempest/manila-tempest-plugin/manila_tempest_tests/tests/api/test_public_shares.py", line 81, in test_update_share_set_is_public
    share = self.create_share(name=share_name,
            ^^^^^^^^^^^^^^^^^^^^^^^^^^^^^^^^^^

      File "/opt/stack/tempest/manila-tempest-plugin/manila_tempest_tests/tests/api/base.py", line 411, in create_share
    result = cls.create_shares([{"args": args, "kwargs": kwargs}])
             ^^^^^^^^^^^^^^^^^^^^^^^^^^^^^^^^^^^^^^^^^^^^^^^^^^^^^

      File "/opt/stack/tempest/manila-tempest-plugin/manila_tempest_tests/tests/api/base.py", line 469, in create_shares
    waiters.wait_for_resource_status(

      File "/opt/stack/tempest/manila-tempest-plugin/manila_tempest_tests/common/waiters.py", line 109, in wait_for_resource_status
    raise resource_exception(resource_id=resource_id)

    manila_tempest_tests.share_exceptions.ShareBuildErrorException: Share f23be4ad-dbb5-4884-a74c-fc8aebd0cbe6 failed to build and is in ERROR status


Captured pythonlogging:
~~~~~~~~~~~~~~~~~~~~~~~
    2026-02-06 07:10:52,839 167949 INFO     [tempest.lib.common.rest_client] Request (PublicSharesTest:test_update_share_set_is_public): 200 POST http://10.132.46.216/share/v2/b33f60e6a31346798623b642679110d5/shares 0.181s
2026-02-06 07:10:52,839 167949 DEBUG    [tempest.lib.common.rest_client] Request - Headers: {'Content-Type': 'application/json', 'Accept': 'application/json', 'x-openstack-manila-api-version': '2.90', 'X-Auth-Token': '<omitted>'}
        Body: {"share": {"share_proto": "nfs", "description": "a share we will update", "snapshot_id": null, "name": "tempest-tempest-share-name-2087332340", "size": 1, "metadata": {}, "is_public": false, "share_type": "06759f01-8205-4083-bca5-8428b75c9e8b"}}
    Response - Headers: {'date': 'Fri, 06 Feb 2026 07:10:52 GMT', 'server': 'Apache/2.4.58 (Ubuntu)', 'content-type': 'application/json', 'content-length': '1344', 'x-compute-request-id': 'req-894fcf10-ca9c-4400-a5ce-ccbb8000e57c', 'x-openstack-manila-api-version': '2.90', 'vary': 'X-OpenStack-Manila-API-Version', 'x-openstack-request-id': 'req-894fcf10-ca9c-4400-a5ce-ccbb8000e57c', 'connection': 'close', 'status': '200', 'content-location': 'http://10.132.46.216/share/v2/b33f60e6a31346798623b642679110d5/shares'}
        Body: b'{"share": {"id": "f23be4ad-dbb5-4884-a74c-fc8aebd0cbe6", "size": 1, "availability_zone": null, "created_at": "2026-02-06T07:10:52.732845", "status": "creating", "name": "tempest-tempest-share-name-2087332340", "description": "a share we will update", "project_id": "b33f60e6a31346798623b642679110d5", "snapshot_id": null, "share_network_id": null, "share_proto": "NFS", "metadata": {}, "share_type": "06759f01-8205-4083-bca5-8428b75c9e8b", "volume_type": "tempest-typeshare-type-240289489", "links": [{"rel": "self", "href": "http://10.132.46.216/share/v2/b33f60e6a31346798623b642679110d5/shares/f23be4ad-dbb5-4884-a74c-fc8aebd0cbe6"}, {"rel": "bookmark", "href": "http://10.132.46.216/share/b33f60e6a31346798623b642679110d5/shares/f23be4ad-dbb5-4884-a74c-fc8aebd0cbe6"}], "is_public": false, "snapshot_support": false, "task_state": null, "share_type_name": "tempest-typeshare-type-240289489", "access_rules_status": "active", "replication_type": null, "has_replicas": false, "user_id": "048d3efa2e0e4942af5ad8170342656e", "create_share_from_snapshot_support": false, "revert_to_snapshot_support": false, "share_group_id": null, "source_share_group_snapshot_member_id": null, "mount_snapshot_support": false, "progress": null, "is_soft_deleted": false, "scheduled_to_be_deleted_at": null, "source_backup_id": null, "encryption_key_ref": null}}'
2026-02-06 07:10:52,869 167949 INFO     [tempest.lib.common.rest_client] Request (PublicSharesTest:test_update_share_set_is_public): 200 GET http://10.132.46.216/share/v2/b33f60e6a31346798623b642679110d5/shares/f23be4ad-dbb5-4884-a74c-fc8aebd0cbe6 0.029s
2026-02-06 07:10:52,869 167949 DEBUG    [tempest.lib.common.rest_client] Request - Headers: {'Content-Type': 'application/json', 'Accept': 'application/json', 'x-openstack-manila-api-version': '2.90', 'X-Auth-Token': '<omitted>'}
        Body: None
    Response - Headers: {'date': 'Fri, 06 Feb 2026 07:10:52 GMT', 'server': 'Apache/2.4.58 (Ubuntu)', 'content-type': 'application/json', 'content-length': '1344', 'x-compute-request-id': 'req-3290616c-0da7-4a3c-8191-76bf9e2f1c42', 'x-openstack-manila-api-version': '2.90', 'vary': 'X-OpenStack-Manila-API-Version', 'x-openstack-request-id': 'req-3290616c-0da7-4a3c-8191-76bf9e2f1c42', 'connection': 'close', 'status': '200', 'content-location': 'http://10.132.46.216/share/v2/b33f60e6a31346798623b642679110d5/shares/f23be4ad-dbb5-4884-a74c-fc8aebd0cbe6'}
        Body: b'{"share": {"id": "f23be4ad-dbb5-4884-a74c-fc8aebd0cbe6", "size": 1, "availability_zone": null, "created_at": "2026-02-06T07:10:52.732845", "status": "creating", "name": "tempest-tempest-share-name-2087332340", "description": "a share we will update", "project_id": "b33f60e6a31346798623b642679110d5", "snapshot_id": null, "share_network_id": null, "share_proto": "NFS", "metadata": {}, "share_type": "06759f01-8205-4083-bca5-8428b
    75c9e8b", "volume_type": "tempest-typeshare-type-240289489", "links": [{"rel": "self", "href": "http://10.132.46.216/share/v2/b33f60e6a31346798623b642679110d5/shares/f23be4ad-dbb5-4884-a74c-fc8aebd0cbe6"}, {"rel": "bookmark", "href": "http://10.132.46.216/share/b33f60e6a31346798623b642679110d5/shares/f23be4ad-dbb5-4884-a74c-fc8aebd0cbe6"}], "is_public": false, "snapshot_support": false, "task_state": null, "share_type_name": "tempest-typeshare-type-240289489", "access_rules_status": "active", "replication_type": null, "has_replicas": false, "user_id": "048d3efa2e0e4942af5ad8170342656e", "create_share_from_snapshot_support": false, "revert_to_snapshot_support": false, "share_group_id": null, "source_share_group_snapshot_member_id": null, "mount_snapshot_support": false, "progress": null, "is_soft_deleted": false, "scheduled_to_be_deleted_at": null, "source_backup_id": null, "encryption_key_ref": null}}'
2026-02-06 07:10:55,912 167949 INFO     [tempest.lib.common.rest_client] Request (PublicSharesTest:test_update_share_set_is_public): 200 GET http://10.132.46.216/share/v2/b33f60e6a31346798623b642679110d5/shares/f23be4ad-dbb5-4884-a74c-fc8aebd0cbe6 0.042s
2026-02-06 07:10:55,913 167949 DEBUG    [tempest.lib.common.rest_client] Request - Headers: {'Content-Type': 'application/json', 'Accept': 'application/json', 'x-openstack-manila-api-version': '2.90', 'X-Auth-Token': '<omitted>'}
        Body: None
    Response - Headers: {'date': 'Fri, 06 Feb 2026 07:10:55 GMT', 'server': 'Apache/2.4.58 (Ubuntu)', 'content-type': 'application/json', 'content-length': '1341', 'x-compute-request-id': 'req-b6048872-cc95-408d-87b7-a5ccd99da51c', 'x-openstack-manila-api-version': '2.90', 'vary': 'X-OpenStack-Manila-API-Version', 'x-openstack-request-id': 'req-b6048872-cc95-408d-87b7-a5ccd99da51c', 'connection': 'close', 'status': '200', 'content-location': 'http://10.132.46.216/share/v2/b33f60e6a31346798623b642679110d5/shares/f23be4ad-dbb5-4884-a74c-fc8aebd0cbe6'}
        Body: b'{"share": {"id": "f23be4ad-dbb5-4884-a74c-fc8aebd0cbe6", "size": 1, "availability_zone": null, "created_at": "2026-02-06T07:10:52.732845", "status": "error", "name": "tempest-tempest-share-name-2087332340", "description": "a share we will update", "project_id": "b33f60e6a31346798623b642679110d5", "snapshot_id": null, "share_network_id": null, "share_proto": "NFS", "metadata": {}, "share_type": "06759f01-8205-4083-bca5-8428b75c9e8b", "volume_type": "tempest-typeshare-type-240289489", "links": [{"rel": "self", "href": "http://10.132.46.216/share/v2/b33f60e6a31346798623b642679110d5/shares/f23be4ad-dbb5-4884-a74c-fc8aebd0cbe6"}, {"rel": "bookmark", "href": "http://10.132.46.216/share/b33f60e6a31346798623b642679110d5/shares/f23be4ad-dbb5-4884-a74c-fc8aebd0cbe6"}], "is_public": false, "snapshot_support": false, "task_state": null, "share_type_name": "tempest-typeshare-type-240289489", "access_rules_status": "active", "replication_type": null, "has_replicas": false, "user_id": "048d3efa2e0e4942af5ad8170342656e", "create_share_from_snapshot_support": false, "revert_to_snapshot_support": false, "share_group_id": null, "source_share_group_snapshot_member_id": null, "mount_snapshot_support": false, "progress": null, "is_soft_deleted": false, "scheduled_to_be_deleted_at": null, "source_backup_id": null, "encryption_key_ref": null}}'
2026-02-06 07:10:55,941 167949 INFO     [tempest.lib.common.rest_client] Request (PublicSharesTest:_run_cleanups): 200 GET http://10.132.46.216/share/v2/b33f60e6a31346798623b642679110d5/share-replicas/detail?share_id=f23be4ad-dbb5-4884-a74c-fc8aebd0cbe6 0.024s
2026-02-06 07:10:55,941 167949 DEBUG    [tempest.lib.common.rest_client] Request - Headers: {'Content-Type': 'application/json', 'Accept': 'application/json', 'x-openstack-manila-api-version': '2.90', 'X-Auth-Token': '<omitted>'}
        Body: None
    Response - Headers: {'date': 'Fri, 06 Feb 2026 07:10:55 GMT', 'server': 'Apache/2.4.58 (Ubuntu)', 'content-type': 'application/json', 'content-length': '22', 'x-compute-request-id': 'req-675c1f22-1982-4395-9295-636435150f6a', 'x-openstack-manila-a
    pi-version': '2.90', 'vary': 'X-OpenStack-Manila-API-Version', 'x-openstack-request-id': 'req-675c1f22-1982-4395-9295-636435150f6a', 'connection': 'close', 'status': '200', 'content-location': 'http://10.132.46.216/share/v2/b33f60e6a31346798623b642679110d5/share-replicas/detail?share_id=f23be4ad-dbb5-4884-a74c-fc8aebd0cbe6'}
        Body: b'{"share_replicas": []}'
2026-02-06 07:10:56,180 167949 INFO     [tempest.lib.common.rest_client] Request (PublicSharesTest:_run_cleanups): 202 DELETE http://10.132.46.216/share/v2/b33f60e6a31346798623b642679110d5/shares/f23be4ad-dbb5-4884-a74c-fc8aebd0cbe6 0.238s
2026-02-06 07:10:56,181 167949 DEBUG    [tempest.lib.common.rest_client] Request - Headers: {'Content-Type': 'application/json', 'Accept': 'application/json', 'x-openstack-manila-api-version': '2.90', 'X-Auth-Token': '<omitted>'}
        Body: None
    Response - Headers: {'date': 'Fri, 06 Feb 2026 07:10:55 GMT', 'server': 'Apache/2.4.58 (Ubuntu)', 'content-length': '0', 'content-type': 'text/html; charset=UTF-8', 'x-compute-request-id': 'req-6e18601f-9141-42cf-b4a3-23f9c6298040', 'x-openstack-manila-api-version': '2.90', 'vary': 'X-OpenStack-Manila-API-Version', 'x-openstack-request-id': 'req-6e18601f-9141-42cf-b4a3-23f9c6298040', 'connection': 'close', 'status': '202', 'content-location': 'http://10.132.46.216/share/v2/b33f60e6a31346798623b642679110d5/shares/f23be4ad-dbb5-4884-a74c-fc8aebd0cbe6'}
        Body: b''
2026-02-06 07:10:56,199 167949 INFO     [tempest.lib.common.rest_client] Request (PublicSharesTest:_run_cleanups): 404 GET http://10.132.46.216/share/v2/b33f60e6a31346798623b642679110d5/shares/f23be4ad-dbb5-4884-a74c-fc8aebd0cbe6 0.017s
2026-02-06 07:10:56,199 167949 DEBUG    [tempest.lib.common.rest_client] Request - Headers: {'Content-Type': 'application/json', 'Accept': 'application/json', 'x-openstack-manila-api-version': '2.90', 'X-Auth-Token': '<omitted>'}
        Body: None
    Response - Headers: {'date': 'Fri, 06 Feb 2026 07:10:56 GMT', 'server': 'Apache/2.4.58 (Ubuntu)', 'x-openstack-manila-api-version': '2.90', 'vary': 'X-OpenStack-Manila-API-Version', 'content-length': '78', 'content-type': 'application/json', 'x-compute-request-id': 'req-f85d0caf-497a-4f28-a182-743b4a5ec4d2', 'x-openstack-request-id': 'req-f85d0caf-497a-4f28-a182-743b4a5ec4d2', 'connection': 'close', 'status': '404', 'content-location': 'http://10.132.46.216/share/v2/b33f60e6a31346798623b642679110d5/shares/f23be4ad-dbb5-4884-a74c-fc8aebd0cbe6'}
        Body: b'{"itemNotFound": {"code": 404, "message": "The resource could not be found."}}'


setUpClass (manila_tempest_tests.tests.api.test_public_shares_negative.PublicSharesNegativeTest)
------------------------------------------------------------------------------------------------

Captured traceback:
~~~~~~~~~~~~~~~~~~~
    Traceback (most recent call last):

      File "/opt/stack/tempest/tempest/test.py", line 185, in setUpClass
    raise value.with_traceback(trace)

      File "/opt/stack/tempest/tempest/test.py", line 178, in setUpClass
    cls.resource_setup()

      File "/opt/stack/tempest/manila-tempest-plugin/manila_tempest_tests/tests/api/test_public_shares_negative.py", line 30, in resource_setup
    cls.share = cls.create_share(
                ^^^^^^^^^^^^^^^^^

      File "/opt/stack/tempest/manila-tempest-plugin/manila_tempest_tests/tests/api/base.py", line 411, in create_share
    result = cls.create_shares([{"args": args, "kwargs": kwargs}])
             ^^^^^^^^^^^^^^^^^^^^^^^^^^^^^^^^^^^^^^^^^^^^^^^^^^^^^

      File "/opt/stack/tempest/manila-tempest-plugin/manila_tempest_tests/tests/api/base.py", line 469, in create_shares
    waiters.wait_for_resource_status(

      File "/opt/stack/tempest/manila-tempest-plugin/manila_tempest_tests/common/waiters.py", line 109, in wait_for_resource_status
    raise resource_exception(resource_id=resource_id)

    manila_tempest_tests.share_exceptions.ShareBuildErrorException: Share 0d1aae59-2dc1-4915-8fea-9ff2fb0964d5 failed to build and is in ERROR status


setUpClass (manila_tempest_tests.tests.api.test_resource_locks.ResourceLockCRUTest)
-----------------------------------------------------------------------------------

Captured traceback:
~~~~~~~~~~~~~~~~~~~
    Traceback (most recent call last):

      File "/opt/stack/tempest/tempest/test.py", line 185, in setUpClass
    raise value.with_traceback(trace)

      File "/opt/stack/tempest/tempest/test.py", line 178, in setUpClass
    cls.resource_setup()

      File "/opt/stack/tempest/manila-tempest-plugin/manila_tempest_tests/tests/api/test_resource_locks.py", line 58, in resource_setup
    cls.share = cls.create_share(share_type_id=cls.share_type_id)
                ^^^^^^^^^^^^^^^^^^^^^^^^^^^^^^^^^^^^^^^^^^^^^^^^^

      File "/opt/stack/tempest/manila-tempest-plugin/manila_tempest_tests/tests/api/base.py", line 411, in create_share
    result = cls.create_shares([{"args": args, "kwargs": kwargs}])
             ^^^^^^^^^^^^^^^^^^^^^^^^^^^^^^^^^^^^^^^^^^^^^^^^^^^^^

      File "/opt/stack/tempest/manila-tempest-plugin/manila_tempest_tests/tests/api/base.py", line 469, in create_shares
    waiters.wait_for_resource_status(

      File "/opt/stack/tempest/manila-tempest-plugin/manila_tempest_tests/common/waiters.py", line 109, in wait_for_resource_status
    raise resource_exception(resource_id=resource_id)

    manila_tempest_tests.share_exceptions.ShareBuildErrorException: Share 93b49184-c945-4543-9467-7f87ebe6e5ab failed to build and is in ERROR status


manila_tempest_tests.tests.api.test_resource_locks.ResourceLockDeleteTest.test_delete_lock[api_with_backend,id-835fd617-4600-40a0-9ba1-40e5e0097b01,positive]
-------------------------------------------------------------------------------------------------------------------------------------------------------------

Captured traceback:
~~~~~~~~~~~~~~~~~~~
    Traceback (most recent call last):

      File "/opt/stack/tempest/manila-tempest-plugin/manila_tempest_tests/tests/api/test_resource_locks.py", line 242, in test_delete_lock
    share = self.create_share(share_type_id=self.share_type_id)
            ^^^^^^^^^^^^^^^^^^^^^^^^^^^^^^^^^^^^^^^^^^^^^^^^^^^

      File "/opt/stack/tempest/manila-tempest-plugin/manila_tempest_tests/tests/api/base.py", line 411, in create_share
    result = cls.create_shares([{"args": args, "kwargs": kwargs}])
             ^^^^^^^^^^^^^^^^^^^^^^^^^^^^^^^^^^^^^^^^^^^^^^^^^^^^^

      File "/opt/stack/tempest/manila-tempest-plugin/manila_tempest_tests/tests/api/base.py", line 469, in create_shares
    waiters.wait_for_resource_status(

      File "/opt/stack/tempest/manila-tempest-plugin/manila_tempest_tests/common/waiters.py", line 109, in wait_for_resource_status
    raise resource_exception(resource_id=resource_id)

    manila_tempest_tests.share_exceptions.ShareBuildErrorException: Share 0fe35ffb-7c8f-4af9-880d-34caaaf2d09f failed to build and is in ERROR status


Captured pythonlogging:
~~~~~~~~~~~~~~~~~~~~~~~
    2026-02-06 07:11:18,372 167949 INFO     [tempest.lib.common.rest_client] Request (ResourceLockDeleteTest:test_delete_lock): 200 POST http://10.132.46.216/share/v2/7bb1900797634e6b83dadebea109466f/shares 0.312s
2026-02-06 07:11:18,372 167949 DEBUG    [tempest.lib.common.rest_client] Request - Headers: {'Content-Type': 'application/json', 'Accept': 'application/json', 'x-openstack-manila-api-version': '2.90', 'X-Auth-Token': '<omitted>'}
        Body: {"share": {"share_proto": "nfs", "description": "Tempest's share", "snapshot_id": null, "name": "tempest-tempest-created-share-622481339", "size": 1, "metadata": {}, "is_public": false, "share_type": "9e5b3653-436f-419a-9b45-52f844e4eda9"}}
    Response - Headers: {'date': 'Fri, 06 Feb 2026 07:11:18 GMT', 'server': 'Apache/2.4.58 (Ubuntu)', 'content-type': 'application/json', 'content-length': '1339', 'x-compute-request-id': 'req-779f982a-3921-4158-aff6-58b835ec1148', 'x-openstack-manila-api-version': '2.90', 'vary': 'X-OpenStack-Manila-API-Version', 'x-openstack-request-id': 'req-779f982a-3921-4158-aff6-58b835ec1148', 'connection': 'close', 'status': '200', 'content-location': 'http://10.132.46.216/share/v2/7bb1900797634e6b83dadebea109466f/shares'}
        Body: b'{"share": {"id": "0fe35ffb-7c8f-4af9-880d-34caaaf2d09f", "size": 1, "availability_zone": null, "created_at": "2026-02-06T07:11:18.249832", "status": "creating", "name": "tempest-tempest-created-share-622481339", "description": "Tempest\'s share", "project_id": "7bb1900797634e6b83dadebea109466f", "snapshot_id": null, "share_network_id": null, "share_proto": "NFS", "metadata": {}, "share_type": "9e5b3653-436f-419a-9b45-52f844e4eda9", "volume_type": "tempest-typeshare-type-463725876", "links": [{"rel": "self", "href": "http://10.132.46.216/share/v2/7bb1900797634e6b83dadebea109466f/shares/0fe35ffb-7c8f-4af9-880d-34caaaf2d09f"}, {"rel": "bookmark", "href": "http://10.132.46.216/share/7bb1900797634e6b83dadebea109466f/shares/0fe35ffb-7c8f-4af9-880d-34caaaf2d09f"}], "is_public": false, "snapshot_support": false, "task_state": null, "share_type_name": "tempest-typeshare-type-463725876", "access_rules_status": "active", "replication_type": null, "has_replicas": false, "user_id": "a59b1498623946ea8147b47864b28bf3", "create_share_from_snapshot_support": false, "revert_to_snapshot_support": false, "share_group_id": null, "source_share_group_snapshot_member_id": null, "mount_snapshot_support": false, "progress": null, "is_soft_deleted": false, "scheduled_to_be_deleted_at": null, "source_backup_id": null, "encryption_key_ref": null}}'
2026-02-06 07:11:18,400 167949 INFO     [tempest.lib.common.rest_client] Request (ResourceLockDeleteTest:test_delete_lock): 200 GET http://10.132.46.216/share/v2/7bb1900797634e6b83dadebea109466f/shares/0fe35ffb-7c8f-4af9-880d-34caaaf2d09f 0.027s
2026-02-06 07:11:18,401 167949 DEBUG    [tempest.lib.common.rest_client] Request - Headers: {'Content-Type': 'application/json', 'Accept': 'application/json', 'x-openstack-manila-api-version': '2.90', 'X-Auth-Token': '<omitted>'}
        Body: None
    Response - Headers: {'date': 'Fri, 06 Feb 2026 07:11:18 GMT', 'server': 'Apache/2.4.58 (Ubuntu)', 'content-type': 'application/json', 'content-length': '1339', 'x-compute-request-id': 'req-d61df6c8-3f02-4c78-8788-0bf68562344c', 'x-openstack-manila-api-version': '2.90', 'vary': 'X-OpenStack-Manila-API-Version', 'x-openstack-request-id': 'req-d61df6c8-3f02-4c78-8788-0bf68562344c', 'connection': 'close', 'status': '200', 'content-location': 'http://10.132.46.216/share/v2/7bb1900797634e6b83dadebea109466f/shares/0fe35ffb-7c8f-4af9-880d-34caaaf2d09f'}
        Body: b'{"share": {"id": "0fe35ffb-7c8f-4af9-880d-34caaaf2d09f", "size": 1, "availability_zone": null, "created_at": "2026-02-06T07:11:18.249832", "status": "creating", "name": "tempest-tempest-created-share-622481339", "description": "Tempest\'s share", "project_id": "7bb1900797634e6b83dadebea109466f", "snapshot_id": null, "share_network_id": null, "share_proto": "NFS", "metadata": {}, "share_type": "9e5b3653-436f-419a-9b45-52f844e4eda9", "volume_type": "tempe
    st-typeshare-type-463725876", "links": [{"rel": "self", "href": "http://10.132.46.216/share/v2/7bb1900797634e6b83dadebea109466f/shares/0fe35ffb-7c8f-4af9-880d-34caaaf2d09f"}, {"rel": "bookmark", "href": "http://10.132.46.216/share/7bb1900797634e6b83dadebea109466f/shares/0fe35ffb-7c8f-4af9-880d-34caaaf2d09f"}], "is_public": false, "snapshot_support": false, "task_state": null, "share_type_name": "tempest-typeshare-type-463725876", "access_rules_status": "active", "replication_type": null, "has_replicas": false, "user_id": "a59b1498623946ea8147b47864b28bf3", "create_share_from_snapshot_support": false, "revert_to_snapshot_support": false, "share_group_id": null, "source_share_group_snapshot_member_id": null, "mount_snapshot_support": false, "progress": null, "is_soft_deleted": false, "scheduled_to_be_deleted_at": null, "source_backup_id": null, "encryption_key_ref": null}}'
2026-02-06 07:11:21,441 167949 INFO     [tempest.lib.common.rest_client] Request (ResourceLockDeleteTest:test_delete_lock): 200 GET http://10.132.46.216/share/v2/7bb1900797634e6b83dadebea109466f/shares/0fe35ffb-7c8f-4af9-880d-34caaaf2d09f 0.039s
2026-02-06 07:11:21,442 167949 DEBUG    [tempest.lib.common.rest_client] Request - Headers: {'Content-Type': 'application/json', 'Accept': 'application/json', 'x-openstack-manila-api-version': '2.90', 'X-Auth-Token': '<omitted>'}
        Body: None
    Response - Headers: {'date': 'Fri, 06 Feb 2026 07:11:21 GMT', 'server': 'Apache/2.4.58 (Ubuntu)', 'content-type': 'application/json', 'content-length': '1336', 'x-compute-request-id': 'req-bd859dec-09ae-4169-89a2-c726ef21bb00', 'x-openstack-manila-api-version': '2.90', 'vary': 'X-OpenStack-Manila-API-Version', 'x-openstack-request-id': 'req-bd859dec-09ae-4169-89a2-c726ef21bb00', 'connection': 'close', 'status': '200', 'content-location': 'http://10.132.46.216/share/v2/7bb1900797634e6b83dadebea109466f/shares/0fe35ffb-7c8f-4af9-880d-34caaaf2d09f'}
        Body: b'{"share": {"id": "0fe35ffb-7c8f-4af9-880d-34caaaf2d09f", "size": 1, "availability_zone": null, "created_at": "2026-02-06T07:11:18.249832", "status": "error", "name": "tempest-tempest-created-share-622481339", "description": "Tempest\'s share", "project_id": "7bb1900797634e6b83dadebea109466f", "snapshot_id": null, "share_network_id": null, "share_proto": "NFS", "metadata": {}, "share_type": "9e5b3653-436f-419a-9b45-52f844e4eda9", "volume_type": "tempest-typeshare-type-463725876", "links": [{"rel": "self", "href": "http://10.132.46.216/share/v2/7bb1900797634e6b83dadebea109466f/shares/0fe35ffb-7c8f-4af9-880d-34caaaf2d09f"}, {"rel": "bookmark", "href": "http://10.132.46.216/share/7bb1900797634e6b83dadebea109466f/shares/0fe35ffb-7c8f-4af9-880d-34caaaf2d09f"}], "is_public": false, "snapshot_support": false, "task_state": null, "share_type_name": "tempest-typeshare-type-463725876", "access_rules_status": "active", "replication_type": null, "has_replicas": false, "user_id": "a59b1498623946ea8147b47864b28bf3", "create_share_from_snapshot_support": false, "revert_to_snapshot_support": false, "share_group_id": null, "source_share_group_snapshot_member_id": null, "mount_snapshot_support": false, "progress": null, "is_soft_deleted": false, "scheduled_to_be_deleted_at": null, "source_backup_id": null, "encryption_key_ref": null}}'


manila_tempest_tests.tests.api.test_resource_locks.ResourceLockDeleteTest.test_delete_locked_resource[api_with_backend,id-a96e70c7-0afe-4335-9abc-4b45ef778bd7,positive]
------------------------------------------------------------------------------------------------------------------------------------------------------------------------

Captured traceback:
~~~~~~~~~~~~~~~~~~~
    Traceback (most recent call last):

      File "/opt/stack/tempest/manila-tempest-plugin/manila_tempest_tests/tests/api/test_resource_locks.py", line 260, in test_delete_locked_resource
    share = self.create_share(share_type_id=self.share_type_id)
            ^^^^^^^^^^^^^^^^^^^^^^^^^^^^^^^^^^^^^^^^^^^^^^^^^^^

      File "/opt/stack/tempest/manila-tempest-plugin/manila_tempest_tests/tests/api/base.py", line 411, in create_share
    result = cls.create_shares([{"args": args, "kwargs": kwargs}])
             ^^^^^^^^^^^^^^^^^^^^^^^^^^^^^^^^^^^^^^^^^^^^^^^^^^^^^

      File "/opt/stack/tempest/manila-tempest-plugin/manila_tempest_tests/tests/api/base.py", line 469, in create_shares
    waiters.wait_for_resource_status(

      File "/opt/stack/tempest/manila-tempest-plugin/manila_tempest_tests/common/waiters.py", line 109, in wait_for_resource_status
    raise resource_exception(resource_id=resource_id)

    manila_tempest_tests.share_exceptions.ShareBuildErrorException: Share df0b8954-ffa4-49e5-af7f-39cfbe31e4bc failed to build and is in ERROR status


Captured pythonlogging:
~~~~~~~~~~~~~~~~~~~~~~~
    2026-02-06 07:11:21,634 167949 INFO     [tempest.lib.common.rest_client] Request (ResourceLockDeleteTest:test_delete_locked_resource): 200 POST http://10.132.46.216/share/v2/7bb1900797634e6b83dadebea109466f/shares 0.187s
2026-02-06 07:11:21,635 167949 DEBUG    [tempest.lib.common.rest_client] Request - Headers: {'Content-Type': 'application/json', 'Accept': 'application/json', 'x-openstack-manila-api-version': '2.90', 'X-Auth-Token': '<omitted>'}
        Body: {"share": {"share_proto": "nfs", "description": "Tempest's share", "snapshot_id": null, "name": "tempest-tempest-created-share-119044693", "size": 1, "metadata": {}, "is_public": false, "share_type": "9e5b3653-436f-419a-9b45-52f844e4eda9"}}
    Response - Headers: {'date': 'Fri, 06 Feb 2026 07:11:21 GMT', 'server': 'Apache/2.4.58 (Ubuntu)', 'content-type': 'application/json', 'content-length': '1339', 'x-compute-request-id': 'req-ab66e944-d37f-4557-bda6-8c5a90e97f56', 'x-openstack-manila-api-version': '2.90', 'vary': 'X-OpenStack-Manila-API-Version', 'x-openstack-request-id': 'req-ab66e944-d37f-4557-bda6-8c5a90e97f56', 'connection': 'close', 'status': '200', 'content-location': 'http://10.132.46.216/share/v2/7bb1900797634e6b83dadebea109466f/shares'}
        Body: b'{"share": {"id": "df0b8954-ffa4-49e5-af7f-39cfbe31e4bc", "size": 1, "availability_zone": null, "created_at": "2026-02-06T07:11:21.512842", "status": "creating", "name": "tempest-tempest-created-share-119044693", "description": "Tempest\'s share", "project_id": "7bb1900797634e6b83dadebea109466f", "snapshot_id": null, "share_network_id": null, "share_proto": "NFS", "metadata": {}, "share_type": "9e5b3653-436f-419a-9b45-52f844e4eda9", "volume_type": "tempest-typeshare-type-463725876", "links": [{"rel": "self", "href": "http://10.132.46.216/share/v2/7bb1900797634e6b83dadebea109466f/shares/df0b8954-ffa4-49e5-af7f-39cfbe31e4bc"}, {"rel": "bookmark", "href": "http://10.132.46.216/share/7bb1900797634e6b83dadebea109466f/shares/df0b8954-ffa4-49e5-af7f-39cfbe31e4bc"}], "is_public": false, "snapshot_support": false, "task_state": null, "share_type_name": "tempest-typeshare-type-463725876", "access_rules_status": "active", "replication_type": null, "has_replicas": false, "user_id": "a59b1498623946ea8147b47864b28bf3", "create_share_from_snapshot_support": false, "revert_to_snapshot_support": false, "share_group_id": null, "source_share_group_snapshot_member_id": null, "mount_snapshot_support": false, "progress": null, "is_soft_deleted": false, "scheduled_to_be_deleted_at": null, "source_backup_id": null, "encryption_key_ref": null}}'
2026-02-06 07:11:21,674 167949 INFO     [tempest.lib.common.rest_client] Request (ResourceLockDeleteTest:test_delete_locked_resource): 200 GET http://10.132.46.216/share/v2/7bb1900797634e6b83dadebea109466f/shares/df0b8954-ffa4-49e5-af7f-39cfbe31e4bc 0.038s
2026-02-06 07:11:21,674 167949 DEBUG    [tempest.lib.common.rest_client] Request - Headers: {'Content-Type': 'application/json', 'Accept': 'application/json', 'x-openstack-manila-api-version': '2.90', 'X-Auth-Token': '<omitted>'}
        Body: None
    Response - Headers: {'date': 'Fri, 06 Feb 2026 07:11:21 GMT', 'server': 'Apache/2.4.58 (Ubuntu)', 'content-type': 'application/json', 'content-length': '1339', 'x-compute-request-id': 'req-ca73a9ed-3279-4321-bc57-97f1a25f2da2', 'x-openstack-manila-api-version': '2.90', 'vary': 'X-OpenStack-Manila-API-Version', 'x-openstack-request-id': 'req-ca73a9ed-3279-4321-bc57-97f1a25f2da2', 'connection': 'close', 'status': '200', 'content-location': 'http://10.132.46.216/share/v2/7bb1900797634e6b83dadebea109466f/shares/df0b8954-ffa4-49e5-af7f-39cfbe31e4bc'}
        Body: b'{"share": {"id": "df0b8954-ffa4-49e5-af7f-39cfbe31e4bc", "size": 1, "availability_zone": null, "created_at": "2026-02-06T07:11:21.512842", "status": "creating", "name": "tempest-tempest-created-share-119044693", "description": "Tempest\'s share", "project_id": "7bb1900797634e6b83dadebea109466f", "snapshot_id": null, "share_network_id": null, "share_proto": "NFS", "metadata": {}, "share_type": "9e5b3653-436f-419a-9b45-52f844e4eda9",
     "volume_type": "tempest-typeshare-type-463725876", "links": [{"rel": "self", "href": "http://10.132.46.216/share/v2/7bb1900797634e6b83dadebea109466f/shares/df0b8954-ffa4-49e5-af7f-39cfbe31e4bc"}, {"rel": "bookmark", "href": "http://10.132.46.216/share/7bb1900797634e6b83dadebea109466f/shares/df0b8954-ffa4-49e5-af7f-39cfbe31e4bc"}], "is_public": false, "snapshot_support": false, "task_state": null, "share_type_name": "tempest-typeshare-type-463725876", "access_rules_status": "active", "replication_type": null, "has_replicas": false, "user_id": "a59b1498623946ea8147b47864b28bf3", "create_share_from_snapshot_support": false, "revert_to_snapshot_support": false, "share_group_id": null, "source_share_group_snapshot_member_id": null, "mount_snapshot_support": false, "progress": null, "is_soft_deleted": false, "scheduled_to_be_deleted_at": null, "source_backup_id": null, "encryption_key_ref": null}}'
2026-02-06 07:11:24,707 167949 INFO     [tempest.lib.common.rest_client] Request (ResourceLockDeleteTest:test_delete_locked_resource): 200 GET http://10.132.46.216/share/v2/7bb1900797634e6b83dadebea109466f/shares/df0b8954-ffa4-49e5-af7f-39cfbe31e4bc 0.031s
2026-02-06 07:11:24,707 167949 DEBUG    [tempest.lib.common.rest_client] Request - Headers: {'Content-Type': 'application/json', 'Accept': 'application/json', 'x-openstack-manila-api-version': '2.90', 'X-Auth-Token': '<omitted>'}
        Body: None
    Response - Headers: {'date': 'Fri, 06 Feb 2026 07:11:24 GMT', 'server': 'Apache/2.4.58 (Ubuntu)', 'content-type': 'application/json', 'content-length': '1336', 'x-compute-request-id': 'req-e1c03d9f-2438-4d64-8de7-836c8780de65', 'x-openstack-manila-api-version': '2.90', 'vary': 'X-OpenStack-Manila-API-Version', 'x-openstack-request-id': 'req-e1c03d9f-2438-4d64-8de7-836c8780de65', 'connection': 'close', 'status': '200', 'content-location': 'http://10.132.46.216/share/v2/7bb1900797634e6b83dadebea109466f/shares/df0b8954-ffa4-49e5-af7f-39cfbe31e4bc'}
        Body: b'{"share": {"id": "df0b8954-ffa4-49e5-af7f-39cfbe31e4bc", "size": 1, "availability_zone": null, "created_at": "2026-02-06T07:11:21.512842", "status": "error", "name": "tempest-tempest-created-share-119044693", "description": "Tempest\'s share", "project_id": "7bb1900797634e6b83dadebea109466f", "snapshot_id": null, "share_network_id": null, "share_proto": "NFS", "metadata": {}, "share_type": "9e5b3653-436f-419a-9b45-52f844e4eda9", "volume_type": "tempest-typeshare-type-463725876", "links": [{"rel": "self", "href": "http://10.132.46.216/share/v2/7bb1900797634e6b83dadebea109466f/shares/df0b8954-ffa4-49e5-af7f-39cfbe31e4bc"}, {"rel": "bookmark", "href": "http://10.132.46.216/share/7bb1900797634e6b83dadebea109466f/shares/df0b8954-ffa4-49e5-af7f-39cfbe31e4bc"}], "is_public": false, "snapshot_support": false, "task_state": null, "share_type_name": "tempest-typeshare-type-463725876", "access_rules_status": "active", "replication_type": null, "has_replicas": false, "user_id": "a59b1498623946ea8147b47864b28bf3", "create_share_from_snapshot_support": false, "revert_to_snapshot_support": false, "share_group_id": null, "source_share_group_snapshot_member_id": null, "mount_snapshot_support": false, "progress": null, "is_soft_deleted": false, "scheduled_to_be_deleted_at": null, "source_backup_id": null, "encryption_key_ref": null}}'


setUpClass (manila_tempest_tests.tests.api.test_rules.ShareRulesTest)
---------------------------------------------------------------------

Captured traceback:
~~~~~~~~~~~~~~~~~~~
    Traceback (most recent call last):

      File "/opt/stack/tempest/tempest/test.py", line 185, in setUpClass
    raise value.with_traceback(trace)

      File "/opt/stack/tempest/tempest/test.py", line 178, in setUpClass
    cls.resource_setup()

      File "/opt/stack/tempest/manila-tempest-plugin/manila_tempest_tests/tests/api/test_rules.py", line 476, in resource_setup
    cls.share = cls.create_share(share_type_id=cls.share_type_id)
                ^^^^^^^^^^^^^^^^^^^^^^^^^^^^^^^^^^^^^^^^^^^^^^^^^

      File "/opt/stack/tempest/manila-tempest-plugin/manila_tempest_tests/tests/api/base.py", line 411, in create_share
    result = cls.create_shares([{"args": args, "kwargs": kwargs}])
             ^^^^^^^^^^^^^^^^^^^^^^^^^^^^^^^^^^^^^^^^^^^^^^^^^^^^^

      File "/opt/stack/tempest/manila-tempest-plugin/manila_tempest_tests/tests/api/base.py", line 469, in create_shares
    waiters.wait_for_resource_status(

      File "/opt/stack/tempest/manila-tempest-plugin/manila_tempest_tests/common/waiters.py", line 109, in wait_for_resource_status
    raise resource_exception(resource_id=resource_id)

    manila_tempest_tests.share_exceptions.ShareBuildErrorException: Share ca6b44eb-614c-4a73-97ed-5260154c43c1 failed to build and is in ERROR status


setUpClass (manila_tempest_tests.tests.api.test_resource_locks_negative.ResourceLockNegativeTestWithShares)
-----------------------------------------------------------------------------------------------------------

Captured traceback:
~~~~~~~~~~~~~~~~~~~
    Traceback (most recent call last):

      File "/opt/stack/tempest/tempest/test.py", line 185, in setUpClass
    raise value.with_traceback(trace)

      File "/opt/stack/tempest/tempest/test.py", line 178, in setUpClass
    cls.resource_setup()

      File "/opt/stack/tempest/manila-tempest-plugin/manila_tempest_tests/tests/api/test_resource_locks_negative.py", line 62, in resource_setup
    cls.share = cls.create_share(share_type_id=share_type['id'])
                ^^^^^^^^^^^^^^^^^^^^^^^^^^^^^^^^^^^^^^^^^^^^^^^^

      File "/opt/stack/tempest/manila-tempest-plugin/manila_tempest_tests/tests/api/base.py", line 411, in create_share
    result = cls.create_shares([{"args": args, "kwargs": kwargs}])
             ^^^^^^^^^^^^^^^^^^^^^^^^^^^^^^^^^^^^^^^^^^^^^^^^^^^^^

      File "/opt/stack/tempest/manila-tempest-plugin/manila_tempest_tests/tests/api/base.py", line 469, in create_shares
    waiters.wait_for_resource_status(

      File "/opt/stack/tempest/manila-tempest-plugin/manila_tempest_tests/common/waiters.py", line 109, in wait_for_resource_status
    raise resource_exception(resource_id=resource_id)

    manila_tempest_tests.share_exceptions.ShareBuildErrorException: Share 2178daf9-15bf-4a2e-b06f-9c369ebff338 failed to build and is in ERROR status


setUpClass (manila_tempest_tests.tests.api.test_rules_negative.ShareRulesNegativeTest)
--------------------------------------------------------------------------------------

Captured traceback:
~~~~~~~~~~~~~~~~~~~
    Traceback (most recent call last):

      File "/opt/stack/tempest/tempest/test.py", line 185, in setUpClass
    raise value.with_traceback(trace)

      File "/opt/stack/tempest/tempest/test.py", line 178, in setUpClass
    cls.resource_setup()

      File "/opt/stack/tempest/manila-tempest-plugin/manila_tempest_tests/tests/api/test_rules_negative.py", line 612, in resource_setup
    cls.share = cls.create_share(share_type_id=cls.share_type_id)
                ^^^^^^^^^^^^^^^^^^^^^^^^^^^^^^^^^^^^^^^^^^^^^^^^^

      File "/opt/stack/tempest/manila-tempest-plugin/manila_tempest_tests/tests/api/base.py", line 411, in create_share
    result = cls.create_shares([{"args": args, "kwargs": kwargs}])
             ^^^^^^^^^^^^^^^^^^^^^^^^^^^^^^^^^^^^^^^^^^^^^^^^^^^^^

      File "/opt/stack/tempest/manila-tempest-plugin/manila_tempest_tests/tests/api/base.py", line 469, in create_shares
    waiters.wait_for_resource_status(

      File "/opt/stack/tempest/manila-tempest-plugin/manila_tempest_tests/common/waiters.py", line 109, in wait_for_resource_status
    raise resource_exception(resource_id=resource_id)

    manila_tempest_tests.share_exceptions.ShareBuildErrorException: Share 0c0d3014-50c0-491e-bdbb-7ce8b2eede48 failed to build and is in ERROR status


manila_tempest_tests.tests.api.******.test_user_messages.UserMessageTest.test_show_message[api,id-a92971c5-a72a-4de2-8e9b-dc612b798a7a,positive]
-----------------------------------------------------------------------------------------------------------------------------------------------

Captured traceback:
~~~~~~~~~~~~~~~~~~~
    Traceback (most recent call last):

      File "/opt/stack/tempest/manila-tempest-plugin/manila_tempest_tests/tests/api/******/test_user_messages.py", line 102, in test_show_message
    self.assertEqual('001', message['action_id'])

      File "/usr/lib/python3/dist-packages/testtools/testcase.py", line 395, in assertEqual
    self.assertThat(observed, matcher, message)

      File "/usr/lib/python3/dist-packages/testtools/testcase.py", line 482, in assertThat
    raise mismatch_error

    testtools.matchers._impl.MismatchError: '001' != '002'


Captured pythonlogging:
~~~~~~~~~~~~~~~~~~~~~~~
    2026-02-06 07:11:38,600 167951 INFO     [tempest.lib.common.rest_client] Request (UserMessageTest:setUp): 200 POST http://10.132.46.216/share/v2/31cee69ef02040faa2328214f2a171b7/types 0.019s
2026-02-06 07:11:38,600 167951 DEBUG    [tempest.lib.common.rest_client] Request - Headers: {'Content-Type': 'application/json', 'Accept': 'application/json', 'x-openstack-manila-api-version': '2.90', 'X-Auth-Token': '<omitted>'}
        Body: {"share_type": {"name": "tempest-share-type-518006861", "extra_specs": {"driver_handles_share_servers": false, "vendor_name": "foobar"}, "share_type_access:is_public": true}}
    Response - Headers: {'date': 'Fri, 06 Feb 2026 07:11:38 GMT', 'server': 'Apache/2.4.58 (Ubuntu)', 'content-type': 'application/json', 'content-length': '659', 'x-compute-request-id': 'req-09bf9b75-9384-41ff-a85c-62891a0a7b07', 'x-openstack-manila-api-version': '2.90', 'vary': 'X-OpenStack-Manila-API-Version', 'x-openstack-request-id': 'req-09bf9b75-9384-41ff-a85c-62891a0a7b07', 'connection': 'close', 'status': '200', 'content-location': 'http://10.132.46.216/share/v2/31cee69ef02040faa2328214f2a171b7/types'}
        Body: b'{"volume_type": {"id": "b3d26e52-897c-4381-9a9b-51f55e9853fd", "name": "tempest-share-type-518006861", "extra_specs": {"driver_handles_share_servers": "False", "vendor_name": "foobar"}, "required_extra_specs": {"driver_handles_share_servers": false}, "share_type_access:is_public": true, "description": null, "is_default": false}, "share_type": {"id": "b3d26e52-897c-4381-9a9b-51f55e9853fd", "name": "tempest-share-type-518006861", "extra_specs": {"driver_handles_share_servers": "False", "vendor_name": "foobar"}, "required_extra_specs": {"driver_handles_share_servers": false}, "share_type_access:is_public": true, "description": null, "is_default": false}}'
2026-02-06 07:11:38,790 167951 INFO     [tempest.lib.common.rest_client] Request (UserMessageTest:setUp): 200 POST http://10.132.46.216/share/v2/31cee69ef02040faa2328214f2a171b7/shares 0.190s
2026-02-06 07:11:38,792 167951 DEBUG    [tempest.lib.common.rest_client] Request - Headers: {'Content-Type': 'application/json', 'Accept': 'application/json', 'x-openstack-manila-api-version': '2.90', 'X-Auth-Token': '<omitted>'}
        Body: {"share": {"share_proto": "nfs", "description": "tempest-tempest-created-share-desc-1571472010", "snapshot_id": null, "name": "tempest-tempest-created-share-1282144771", "size": 1, "metadata": {}, "is_public": false, "share_type": "b3d26e52-897c-4381-9a9b-51f55e9853fd"}}
    Response - Headers: {'date': 'Fri, 06 Feb 2026 07:11:38 GMT', 'server': 'Apache/2.4.58 (Ubuntu)', 'content-type': 'application/json', 'content-length': '1399', 'x-compute-request-id': 'req-59dff38a-d03c-48a5-baac-cd37779df4f8', 'x-openstack-manila-api-version': '2.90', 'vary': 'X-OpenStack-Manila-API-Version', 'x-openstack-request-id': 'req-59dff38a-d03c-48a5-baac-cd37779df4f8', 'connection': 'close', 'status': '200', 'content-location': 'http://10.132.46.216/share/v2/31cee69ef02040faa2328214f2a171b7/shares'}
        Body: b'{"share": {"id": "9f7d67cd-df25-443f-b6f3-9535ff9a850a", "size": 1, "availability_zone": null, "created_at": "2026-02-06T07:11:38.674042", "status": "creating", "name": "tempest-tempest-created-share-1282144771", "description": "tempest-tempest-created-share-desc-1571472010", "project_id": "31cee69ef02040faa2328214f2a171b7", "snapshot_id": null, "share_network_id": null, "share_proto": "NFS", "metadata": {}, "share_type": "b3d26e52-897c-4381-9a9b-51f55e9853fd", "volume_type": "tempest-share-type-518006861", "links": [{"rel": "self", "href": "http://10.132.46.216/share/v2/31cee69ef02040faa2328214f2a171b7/shares/9f7d67cd-df25-443f-b6f3-9535ff9a850a"}, {"rel": "bookmark", "href": "http://10.132.46.216/share/31cee69ef02040faa2328214f2a171b7/shares/9f7d67cd-df25-443f-b6f3-9535ff9a850a"}], "is_public": false, "snapshot_support": false, "task_state": null, "share_type_name": "tempest-share-type-518006861", "access_rules_status": "active", "replication_type": null, "has_replicas": false, "user_id": "c82c966e6cb649c89c1a5fa189fbe97e", "create
    _share_from_snapshot_support": false, "revert_to_snapshot_support": false, "share_group_id": null, "source_share_group_snapshot_member_id": null, "mount_snapshot_support": false, "progress": null, "is_soft_deleted": false, "scheduled_to_be_deleted_at": null, "source_backup_id": null, "encryption_key_ref": null, "share_server_id": null, "host": ""}}'
2026-02-06 07:11:38,826 167951 INFO     [tempest.lib.common.rest_client] Request (UserMessageTest:setUp): 200 GET http://10.132.46.216/share/v2/31cee69ef02040faa2328214f2a171b7/shares/9f7d67cd-df25-443f-b6f3-9535ff9a850a 0.033s
2026-02-06 07:11:38,826 167951 DEBUG    [tempest.lib.common.rest_client] Request - Headers: {'Content-Type': 'application/json', 'Accept': 'application/json', 'x-openstack-manila-api-version': '2.90', 'X-Auth-Token': '<omitted>'}
        Body: None
    Response - Headers: {'date': 'Fri, 06 Feb 2026 07:11:38 GMT', 'server': 'Apache/2.4.58 (Ubuntu)', 'content-type': 'application/json', 'content-length': '1399', 'x-compute-request-id': 'req-886e6c62-bc90-4b13-9925-a2ef49166ee2', 'x-openstack-manila-api-version': '2.90', 'vary': 'X-OpenStack-Manila-API-Version', 'x-openstack-request-id': 'req-886e6c62-bc90-4b13-9925-a2ef49166ee2', 'connection': 'close', 'status': '200', 'content-location': 'http://10.132.46.216/share/v2/31cee69ef02040faa2328214f2a171b7/shares/9f7d67cd-df25-443f-b6f3-9535ff9a850a'}
        Body: b'{"share": {"id": "9f7d67cd-df25-443f-b6f3-9535ff9a850a", "size": 1, "availability_zone": null, "created_at": "2026-02-06T07:11:38.674042", "status": "creating", "name": "tempest-tempest-created-share-1282144771", "description": "tempest-tempest-created-share-desc-1571472010", "project_id": "31cee69ef02040faa2328214f2a171b7", "snapshot_id": null, "share_network_id": null, "share_proto": "NFS", "metadata": {}, "share_type": "b3d26e52-897c-4381-9a9b-51f55e9853fd", "volume_type": "tempest-share-type-518006861", "links": [{"rel": "self", "href": "http://10.132.46.216/share/v2/31cee69ef02040faa2328214f2a171b7/shares/9f7d67cd-df25-443f-b6f3-9535ff9a850a"}, {"rel": "bookmark", "href": "http://10.132.46.216/share/31cee69ef02040faa2328214f2a171b7/shares/9f7d67cd-df25-443f-b6f3-9535ff9a850a"}], "is_public": false, "snapshot_support": false, "task_state": null, "share_type_name": "tempest-share-type-518006861", "access_rules_status": "active", "replication_type": null, "has_replicas": false, "user_id": "c82c966e6cb649c89c1a5fa189fbe97e", "create_share_from_snapshot_support": false, "revert_to_snapshot_support": false, "share_group_id": null, "source_share_group_snapshot_member_id": null, "mount_snapshot_support": false, "progress": null, "is_soft_deleted": false, "scheduled_to_be_deleted_at": null, "source_backup_id": null, "encryption_key_ref": null, "share_server_id": null, "host": ""}}'
2026-02-06 07:11:41,861 167951 INFO     [tempest.lib.common.rest_client] Request (UserMessageTest:setUp): 200 GET http://10.132.46.216/share/v2/31cee69ef02040faa2328214f2a171b7/shares/9f7d67cd-df25-443f-b6f3-9535ff9a850a 0.035s
2026-02-06 07:11:41,862 167951 DEBUG    [tempest.lib.common.rest_client] Request - Headers: {'Content-Type': 'application/json', 'Accept': 'application/json', 'x-openstack-manila-api-version': '2.90', 'X-Auth-Token': '<omitted>'}
        Body: None
    Response - Headers: {'date': 'Fri, 06 Feb 2026 07:11:41 GMT', 'server': 'Apache/2.4.58 (Ubuntu)', 'content-type': 'application/json', 'content-length': '1396', 'x-compute-request-id': 'req-dc5b4d81-b169-42e2-a6cd-a43380a123c5', 'x-openstack-manila-api-version': '2.90', 'vary': 'X-OpenStack-Manila-API-Version', 'x-openstack-request-id': 'req-dc5b4d81-b169-42e2-a6cd-a43380a123c5', 'connection': 'close', 'status': '200', 'content-location': 'http://10.132.46.216/share/v2/31cee69ef02040faa2328214f2a171b7/shares/9f7d67cd-df25-443f-b6f3-9535ff9a850a'}
        Body: b'{"share": {"id": "9f7d67cd-df25-443f-b6f3-9535ff9a850a", "size": 1, "availability_zone": null, "created_at": "2026-02-06T07:11:38.674042", "status": "error", "name": "tempest-tempest-created-share-1282144771", "description": "tempest-tempest-cre
    ated-share-desc-1571472010", "project_id": "31cee69ef02040faa2328214f2a171b7", "snapshot_id": null, "share_network_id": null, "share_proto": "NFS", "metadata": {}, "share_type": "b3d26e52-897c-4381-9a9b-51f55e9853fd", "volume_type": "tempest-share-type-518006861", "links": [{"rel": "self", "href": "http://10.132.46.216/share/v2/31cee69ef02040faa2328214f2a171b7/shares/9f7d67cd-df25-443f-b6f3-9535ff9a850a"}, {"rel": "bookmark", "href": "http://10.132.46.216/share/31cee69ef02040faa2328214f2a171b7/shares/9f7d67cd-df25-443f-b6f3-9535ff9a850a"}], "is_public": false, "snapshot_support": false, "task_state": null, "share_type_name": "tempest-share-type-518006861", "access_rules_status": "active", "replication_type": null, "has_replicas": false, "user_id": "c82c966e6cb649c89c1a5fa189fbe97e", "create_share_from_snapshot_support": false, "revert_to_snapshot_support": false, "share_group_id": null, "source_share_group_snapshot_member_id": null, "mount_snapshot_support": false, "progress": null, "is_soft_deleted": false, "scheduled_to_be_deleted_at": null, "source_backup_id": null, "encryption_key_ref": null, "share_server_id": null, "host": ""}}'
2026-02-06 07:11:44,917 167951 INFO     [tempest.lib.common.rest_client] Request (UserMessageTest:setUp): 200 GET http://10.132.46.216/share/v2/31cee69ef02040faa2328214f2a171b7/messages 0.055s
2026-02-06 07:11:44,918 167951 DEBUG    [tempest.lib.common.rest_client] Request - Headers: {'Content-Type': 'application/json', 'Accept': 'application/json', 'x-openstack-manila-api-version': '2.90', 'X-Auth-Token': '<omitted>'}
        Body: None
    Response - Headers: {'date': 'Fri, 06 Feb 2026 07:11:44 GMT', 'server': 'Apache/2.4.58 (Ubuntu)', 'content-type': 'application/json', 'content-length': '40434', 'x-compute-request-id': 'req-4ed3b8d6-7bb4-4b82-a7de-e5833defb3a0', 'x-openstack-manila-api-version': '2.90', 'vary': 'X-OpenStack-Manila-API-Version', 'x-openstack-request-id': 'req-4ed3b8d6-7bb4-4b82-a7de-e5833defb3a0', 'connection': 'close', 'status': '200', 'content-location': 'http://10.132.46.216/share/v2/31cee69ef02040faa2328214f2a171b7/messages'}
        Body: b'{"messages": [{"id": "ddf7c817-292b-4393-83ff-59261f890e13", "project_id": "31cee69ef02040faa2328214f2a171b7", "action_id": "002", "detail_id": "028", "message_level": "ERROR", "created_at": "2026-02-06T07:11:38.782256", "expires_at": "2026-03-08T07:11:39.000000", "request_id": "req-59dff38a-d03c-48a5-baac-cd37779df4f8", "links": [{"rel": "self", "href": "http://10.132.46.216/share/v2/31cee69ef02040faa2328214f2a171b7/messages/ddf7c817-292b-4393-83ff-59261f890e13"}, {"rel": "bookmark", "href": "http://10.132.46.216/share/31cee69ef02040faa2328214f2a171b7/messages/ddf7c817-292b-4393-83ff-59261f890e13"}], "resource_type": "SHARE", "resource_id": "9f7d67cd-df25-443f-b6f3-9535ff9a850a", "user_message": "create: No storage could be allocated for this share request. Share back end services are not ready yet. Contact your ******istrator in case retrying does not help."}, {"id": "7b953e10-0ae8-4821-8739-a82eec7814a8", "project_id": "4a8dd9d3f9a2468e9075dcbb4a2b8df0", "action_id": "002", "detail_id": "028", "message_level": "ERROR", "created_at": "2026-02-06T07:11:37.942725", "expires_at": "2026-03-08T07:11:38.000000", "request_id": "req-ffd47451-06ae-4ab8-a9cb-1acfbcc466ff", "links": [{"rel": "self", "href": "http://10.132.46.216/share/v2/31cee69ef02040faa2328214f2a171b7/messages/7b953e10-0ae8-4821-8739-a82eec7814a8"}, {"rel": "bookmark", "href": "http://10.132.46.216/share/31cee69ef02040faa2328214f2a171b7/messages/7b953e10-0ae8-4821-8739-a82eec7814a8"}], "resource_type": "SHARE", "resource_id": "0c0d3014-50c0-491e-bdbb-7ce8b2eede48", "user_message": "create: No storage could be allocated for this share request. Share back end services are not ready yet. Contact your ******istrator in case retrying does not help."}, {"id": "a877c038-ca1f-4752-acd4-a07326032802", "project_id": "31cee69ef02040faa2328214f2a171b7", "action_id": "002", "detail_id": "028", "message_level": "ERROR", "created_at": "2026-02-06T07:11:31.905424", "expires_at": "2026-03
    -08T07:11:32.000000", "request_id": "req-886693d6-af65-4e8e-8ed5-7ce150ba615b", "links": [{"rel": "self", "href": "http://10.132.46.216/share/v2/31cee69ef02040faa2328214f2a171b7/messages/a877c038-ca1f-4752-acd4-a07326032802"}, {"rel": "bookmark", "href": "http://10.132.46.216/share/31cee69ef02040faa2328214f2a171b7/messages/a877c038-ca1f-4752-acd4-a07326032802"}], "resource_type": "SHARE", "resource_id": "06776781-f684-487f-84c4-2e08d10c21a9", "user_message": "create: No storage could be allocated for this share request. Share back end services are not ready yet. Contact your ******istrator in case retrying does not help."}, {"id": "0060d95e-4fbb-410e-bbaa-5e14b0d185cb", "project_id": "a38d2b2acd714824b491ac87300d9932", "action_id": "002", "detail_id": "028", "message_level": "ERROR", "created_at": "2026-02-06T07:11:30.178341", "expires_at": "2026-03-08T07:11:30.000000", "request_id": "req-12faa300-7bb1-4bff-a8c9-b7ed12de3651", "links": [{"rel": "self", "href": "http://10.132.46.216/share/v2/31cee69ef02040faa2328214f2a171b7/messages/0060d95e-4fbb-410e-bbaa-5e14b0d185cb"}, {"rel": "bookmark", "href": "http://10.132.46.216/share/31cee69ef02040faa2328214f2a171b7/messages/0060d95e-4fbb-410e-bbaa-5e14b0d185cb"}], "resource_type": "SHARE", "resource_id": "2178daf9-15bf-4a2e-b06f-9c369ebff338", "user_message": "create: No storage could be allocated for this share request. Share back end services are not ready yet. Contact your ******istrator in case retrying does not help."}, {"id": "125e0ffc-8c78-467e-8e82-2bb7139d5650", "project_id": "31cee69ef02040faa2328214f2a171b7", "action_id": "002", "detail_id": "028", "message_level": "ERROR", "created_at": "2026-02-06T07:11:25.598115", "expires_at": "2026-03-08T07:11:26.000000", "request_id": "req-989d5e3b-c90a-4954-931a-d073787ccd66", "links": [{"rel": "self", "href": "http://10.132.46.216/share/v2/31cee69ef02040faa2328214f2a171b7/messages/125e0ffc-8c78-467e-8e82-2bb7139d5650"}, {"rel": "bookmark", "href": "http://10.132.46.216/share/31cee69ef02040faa2328214f2a171b7/messages/125e0ffc-8c78-467e-8e82-2bb7139d5650"}], "resource_type": "SHARE", "resource_id": "bd8
2026-02-06 07:11:44,938 167951 INFO     [tempest.lib.common.rest_client] Request (UserMessageTest:test_show_message): 200 GET http://10.132.46.216/share/v2/31cee69ef02040faa2328214f2a171b7/messages/ddf7c817-292b-4393-83ff-59261f890e13 0.019s
2026-02-06 07:11:44,938 167951 DEBUG    [tempest.lib.common.rest_client] Request - Headers: {'Content-Type': 'application/json', 'Accept': 'application/json', 'x-openstack-manila-api-version': '2.90', 'X-Auth-Token': '<omitted>'}
        Body: None
    Response - Headers: {'date': 'Fri, 06 Feb 2026 07:11:44 GMT', 'server': 'Apache/2.4.58 (Ubuntu)', 'content-type': 'application/json', 'content-length': '871', 'x-compute-request-id': 'req-a711657e-14b0-411d-a00a-32613ecbdbca', 'x-openstack-manila-api-version': '2.90', 'vary': 'X-OpenStack-Manila-API-Version', 'x-openstack-request-id': 'req-a711657e-14b0-411d-a00a-32613ecbdbca', 'connection': 'close', 'status': '200', 'content-location': 'http://10.132.46.216/share/v2/31cee69ef02040faa2328214f2a171b7/messages/ddf7c817-292b-4393-83ff-59261f890e13'}
        Body: b'{"message": {"id": "ddf7c817-292b-4393-83ff-59261f890e13", "project_id": "31cee69ef02040faa2328214f2a171b7", "action_id": "002", "detail_id": "028", "message_level": "ERROR", "created_at": "2026-02-06T07:11:38.782256", "expires_at": "2026-03-08T07:11:39.000000", "request_id": "req-59dff38a-d03c-48a5-baac-cd37779df4f8", "links": [{"rel": "self", "href": "http://10.132.46.216/share/v2/31cee69ef02040faa2328214f2a171b7/messages/ddf7c817-292b-4393-83ff-59261f890e13"}, {"rel": "bookmark", "href": "http://10.132.46.216/share/31cee69ef02040faa2328214f2a171b7/messages/ddf7c817-292b-4393-83ff-59261f890e13"}], "resource_type": "SHARE", "resource_id": "9f7d67cd-df25-443f-b6f3-9535ff9a850a", "user_message": "create: No storage could be allocated for this share request. Share back end services are not ready yet. Contact your ******istrator in case retrying does not help."}}'
2026-02-06 07:11:44,971 167
    951 INFO     [tempest.lib.common.rest_client] Request (UserMessageTest:_run_cleanups): 204 DELETE http://10.132.46.216/share/v2/31cee69ef02040faa2328214f2a171b7/messages/ddf7c817-292b-4393-83ff-59261f890e13 0.023s
2026-02-06 07:11:44,971 167951 DEBUG    [tempest.lib.common.rest_client] Request - Headers: {'Content-Type': 'application/json', 'Accept': 'application/json', 'x-openstack-manila-api-version': '2.90', 'X-Auth-Token': '<omitted>'}
        Body: None
    Response - Headers: {'date': 'Fri, 06 Feb 2026 07:11:44 GMT', 'server': 'Apache/2.4.58 (Ubuntu)', 'content-type': 'text/html; charset=UTF-8', 'x-compute-request-id': 'req-83c6c62f-9d84-4a0a-b7c5-6245d33565e0', 'x-openstack-manila-api-version': '2.90', 'vary': 'X-OpenStack-Manila-API-Version', 'x-openstack-request-id': 'req-83c6c62f-9d84-4a0a-b7c5-6245d33565e0', 'connection': 'close', 'status': '204', 'content-location': 'http://10.132.46.216/share/v2/31cee69ef02040faa2328214f2a171b7/messages/ddf7c817-292b-4393-83ff-59261f890e13'}
        Body: b''
2026-02-06 07:11:45,228 167951 INFO     [tempest.lib.common.rest_client] Request (UserMessageTest:_run_cleanups): 202 DELETE http://10.132.46.216/share/v2/31cee69ef02040faa2328214f2a171b7/shares/9f7d67cd-df25-443f-b6f3-9535ff9a850a 0.256s
2026-02-06 07:11:45,228 167951 DEBUG    [tempest.lib.common.rest_client] Request - Headers: {'Content-Type': 'application/json', 'Accept': 'application/json', 'x-openstack-manila-api-version': '2.90', 'X-Auth-Token': '<omitted>'}
        Body: None
    Response - Headers: {'date': 'Fri, 06 Feb 2026 07:11:44 GMT', 'server': 'Apache/2.4.58 (Ubuntu)', 'content-length': '0', 'content-type': 'text/html; charset=UTF-8', 'x-compute-request-id': 'req-0bf52e51-64b5-4156-9b84-38fe4c7c11e9', 'x-openstack-manila-api-version': '2.90', 'vary': 'X-OpenStack-Manila-API-Version', 'x-openstack-request-id': 'req-0bf52e51-64b5-4156-9b84-38fe4c7c11e9', 'connection': 'close', 'status': '202', 'content-location': 'http://10.132.46.216/share/v2/31cee69ef02040faa2328214f2a171b7/shares/9f7d67cd-df25-443f-b6f3-9535ff9a850a'}
        Body: b''


setUpClass (manila_tempest_tests.tests.api.test_access_rules_metadata.AccessRulesMetadataTest)
----------------------------------------------------------------------------------------------

Captured traceback:
~~~~~~~~~~~~~~~~~~~
    Traceback (most recent call last):

      File "/opt/stack/tempest/tempest/test.py", line 185, in setUpClass
    raise value.with_traceback(trace)

      File "/opt/stack/tempest/tempest/test.py", line 178, in setUpClass
    cls.resource_setup()

      File "/opt/stack/tempest/manila-tempest-plugin/manila_tempest_tests/tests/api/test_access_rules_metadata.py", line 75, in resource_setup
    cls.share = cls.create_share(share_type_id=cls.share_type_id)
                ^^^^^^^^^^^^^^^^^^^^^^^^^^^^^^^^^^^^^^^^^^^^^^^^^

      File "/opt/stack/tempest/manila-tempest-plugin/manila_tempest_tests/tests/api/base.py", line 411, in create_share
    result = cls.create_shares([{"args": args, "kwargs": kwargs}])
             ^^^^^^^^^^^^^^^^^^^^^^^^^^^^^^^^^^^^^^^^^^^^^^^^^^^^^

      File "/opt/stack/tempest/manila-tempest-plugin/manila_tempest_tests/tests/api/base.py", line 469, in create_shares
    waiters.wait_for_resource_status(

      File "/opt/stack/tempest/manila-tempest-plugin/manila_tempest_tests/common/waiters.py", line 109, in wait_for_resource_status
    raise resource_exception(resource_id=resource_id)

    manila_tempest_tests.share_exceptions.ShareBuildErrorException: Share 8785e54c-e649-4a72-87a1-562d32453863 failed to build and is in ERROR status


manila_tempest_tests.tests.api.test_share_transfers_negative.ShareTransferNegativeTest.test_accept_transfer_with_incorrect_auth_key[api,id-05a6a345-7609-421f-be21-d79041970674,negative]
-----------------------------------------------------------------------------------------------------------------------------------------------------------------------------------------

Captured traceback:
~~~~~~~~~~~~~~~~~~~
    Traceback (most recent call last):

      File "/opt/stack/tempest/manila-tempest-plugin/manila_tempest_tests/tests/api/test_share_transfers_negative.py", line 128, in test_accept_transfer_with_incorrect_auth_key
    share = self.create_share(
            ^^^^^^^^^^^^^^^^^^

      File "/opt/stack/tempest/manila-tempest-plugin/manila_tempest_tests/tests/api/base.py", line 411, in create_share
    result = cls.create_shares([{"args": args, "kwargs": kwargs}])
             ^^^^^^^^^^^^^^^^^^^^^^^^^^^^^^^^^^^^^^^^^^^^^^^^^^^^^

      File "/opt/stack/tempest/manila-tempest-plugin/manila_tempest_tests/tests/api/base.py", line 469, in create_shares
    waiters.wait_for_resource_status(

      File "/opt/stack/tempest/manila-tempest-plugin/manila_tempest_tests/common/waiters.py", line 109, in wait_for_resource_status
    raise resource_exception(resource_id=resource_id)

    manila_tempest_tests.share_exceptions.ShareBuildErrorException: Share a24ca828-1333-4f08-8a06-192697d379ff failed to build and is in ERROR status


Captured pythonlogging:
~~~~~~~~~~~~~~~~~~~~~~~
    2026-02-06 07:12:01,442 167945 INFO     [tempest.lib.common.rest_client] Request (ShareTransferNegativeTest:test_accept_transfer_with_incorrect_auth_key): 200 POST http://10.132.46.216/share/v2/a1ba3d7696c748d1b5aa86f04230689e/shares 0.256s
2026-02-06 07:12:01,443 167945 DEBUG    [tempest.lib.common.rest_client] Request - Headers: {'Content-Type': 'application/json', 'Accept': 'application/json', 'x-openstack-manila-api-version': '2.90', 'X-Auth-Token': '<omitted>'}
        Body: {"share": {"share_proto": "nfs", "description": "Tempest's share", "snapshot_id": null, "name": "tempest-tempest-share-name-835046647", "size": 1, "metadata": {}, "is_public": false, "share_type": "4c5096bf-d214-4119-885c-1b4f92814be6"}}
    Response - Headers: {'date': 'Fri, 06 Feb 2026 07:12:01 GMT', 'server': 'Apache/2.4.58 (Ubuntu)', 'content-type': 'application/json', 'content-length': '1336', 'x-compute-request-id': 'req-c8be320c-276b-4fd4-84f7-c08bbcad2fe1', 'x-openstack-manila-api-version': '2.90', 'vary': 'X-OpenStack-Manila-API-Version', 'x-openstack-request-id': 'req-c8be320c-276b-4fd4-84f7-c08bbcad2fe1', 'connection': 'close', 'status': '200', 'content-location': 'http://10.132.46.216/share/v2/a1ba3d7696c748d1b5aa86f04230689e/shares'}
        Body: b'{"share": {"id": "a24ca828-1333-4f08-8a06-192697d379ff", "size": 1, "availability_zone": null, "created_at": "2026-02-06T07:12:01.334464", "status": "creating", "name": "tempest-tempest-share-name-835046647", "description": "Tempest\'s share", "project_id": "a1ba3d7696c748d1b5aa86f04230689e", "snapshot_id": null, "share_network_id": null, "share_proto": "NFS", "metadata": {}, "share_type": "4c5096bf-d214-4119-885c-1b4f92814be6", "volume_type": "tempest-typeshare-type-792025684", "links": [{"rel": "self", "href": "http://10.132.46.216/share/v2/a1ba3d7696c748d1b5aa86f04230689e/shares/a24ca828-1333-4f08-8a06-192697d379ff"}, {"rel": "bookmark", "href": "http://10.132.46.216/share/a1ba3d7696c748d1b5aa86f04230689e/shares/a24ca828-1333-4f08-8a06-192697d379ff"}], "is_public": false, "snapshot_support": false, "task_state": null, "share_type_name": "tempest-typeshare-type-792025684", "access_rules_status": "active", "replication_type": null, "has_replicas": false, "user_id": "efe70438227141db9e2832adfbf2803b", "create_share_from_snapshot_support": false, "revert_to_snapshot_support": false, "share_group_id": null, "source_share_group_snapshot_member_id": null, "mount_snapshot_support": false, "progress": null, "is_soft_deleted": false, "scheduled_to_be_deleted_at": null, "source_backup_id": null, "encryption_key_ref": null}}'
2026-02-06 07:12:01,480 167945 INFO     [tempest.lib.common.rest_client] Request (ShareTransferNegativeTest:test_accept_transfer_with_incorrect_auth_key): 200 GET http://10.132.46.216/share/v2/a1ba3d7696c748d1b5aa86f04230689e/shares/a24ca828-1333-4f08-8a06-192697d379ff 0.036s
2026-02-06 07:12:01,480 167945 DEBUG    [tempest.lib.common.rest_client] Request - Headers: {'Content-Type': 'application/json', 'Accept': 'application/json', 'x-openstack-manila-api-version': '2.90', 'X-Auth-Token': '<omitted>'}
        Body: None
    Response - Headers: {'date': 'Fri, 06 Feb 2026 07:12:01 GMT', 'server': 'Apache/2.4.58 (Ubuntu)', 'content-type': 'application/json', 'content-length': '1336', 'x-compute-request-id': 'req-e7237221-2a19-4e20-8a21-4c6b6bdd0a59', 'x-openstack-manila-api-version': '2.90', 'vary': 'X-OpenStack-Manila-API-Version', 'x-openstack-request-id': 'req-e7237221-2a19-4e20-8a21-4c6b6bdd0a59', 'connection': 'close', 'status': '200', 'content-location': 'http://10.132.46.216/share/v2/a1ba3d7696c748d1b5aa86f04230689e/shares/a24ca828-1333-4f08-8a06-192697d379ff'}
        Body: b'{"share": {"id": "a24ca828-1333-4f08-8a06-192697d379ff", "size": 1, "availability_zone": null, "created_at": "2026-02-06T07:12:01.334464", "status": "creating", "name": "tempest-tempest-share-name-835046647", "description": "Tempest\'s share", "project_id": "a1ba3d7696c748d1b5aa86f04230689e", "snapshot_id": null, "share_network_id": null, "share_proto": "NFS", "metadata": {}, "share_type": "4c5096b
    f-d214-4119-885c-1b4f92814be6", "volume_type": "tempest-typeshare-type-792025684", "links": [{"rel": "self", "href": "http://10.132.46.216/share/v2/a1ba3d7696c748d1b5aa86f04230689e/shares/a24ca828-1333-4f08-8a06-192697d379ff"}, {"rel": "bookmark", "href": "http://10.132.46.216/share/a1ba3d7696c748d1b5aa86f04230689e/shares/a24ca828-1333-4f08-8a06-192697d379ff"}], "is_public": false, "snapshot_support": false, "task_state": null, "share_type_name": "tempest-typeshare-type-792025684", "access_rules_status": "active", "replication_type": null, "has_replicas": false, "user_id": "efe70438227141db9e2832adfbf2803b", "create_share_from_snapshot_support": false, "revert_to_snapshot_support": false, "share_group_id": null, "source_share_group_snapshot_member_id": null, "mount_snapshot_support": false, "progress": null, "is_soft_deleted": false, "scheduled_to_be_deleted_at": null, "source_backup_id": null, "encryption_key_ref": null}}'
2026-02-06 07:12:04,514 167945 INFO     [tempest.lib.common.rest_client] Request (ShareTransferNegativeTest:test_accept_transfer_with_incorrect_auth_key): 200 GET http://10.132.46.216/share/v2/a1ba3d7696c748d1b5aa86f04230689e/shares/a24ca828-1333-4f08-8a06-192697d379ff 0.034s
2026-02-06 07:12:04,515 167945 DEBUG    [tempest.lib.common.rest_client] Request - Headers: {'Content-Type': 'application/json', 'Accept': 'application/json', 'x-openstack-manila-api-version': '2.90', 'X-Auth-Token': '<omitted>'}
        Body: None
    Response - Headers: {'date': 'Fri, 06 Feb 2026 07:12:04 GMT', 'server': 'Apache/2.4.58 (Ubuntu)', 'content-type': 'application/json', 'content-length': '1333', 'x-compute-request-id': 'req-d417c2c1-b58f-42f8-8ce6-8a352386a56f', 'x-openstack-manila-api-version': '2.90', 'vary': 'X-OpenStack-Manila-API-Version', 'x-openstack-request-id': 'req-d417c2c1-b58f-42f8-8ce6-8a352386a56f', 'connection': 'close', 'status': '200', 'content-location': 'http://10.132.46.216/share/v2/a1ba3d7696c748d1b5aa86f04230689e/shares/a24ca828-1333-4f08-8a06-192697d379ff'}
        Body: b'{"share": {"id": "a24ca828-1333-4f08-8a06-192697d379ff", "size": 1, "availability_zone": null, "created_at": "2026-02-06T07:12:01.334464", "status": "error", "name": "tempest-tempest-share-name-835046647", "description": "Tempest\'s share", "project_id": "a1ba3d7696c748d1b5aa86f04230689e", "snapshot_id": null, "share_network_id": null, "share_proto": "NFS", "metadata": {}, "share_type": "4c5096bf-d214-4119-885c-1b4f92814be6", "volume_type": "tempest-typeshare-type-792025684", "links": [{"rel": "self", "href": "http://10.132.46.216/share/v2/a1ba3d7696c748d1b5aa86f04230689e/shares/a24ca828-1333-4f08-8a06-192697d379ff"}, {"rel": "bookmark", "href": "http://10.132.46.216/share/a1ba3d7696c748d1b5aa86f04230689e/shares/a24ca828-1333-4f08-8a06-192697d379ff"}], "is_public": false, "snapshot_support": false, "task_state": null, "share_type_name": "tempest-typeshare-type-792025684", "access_rules_status": "active", "replication_type": null, "has_replicas": false, "user_id": "efe70438227141db9e2832adfbf2803b", "create_share_from_snapshot_support": false, "revert_to_snapshot_support": false, "share_group_id": null, "source_share_group_snapshot_member_id": null, "mount_snapshot_support": false, "progress": null, "is_soft_deleted": false, "scheduled_to_be_deleted_at": null, "source_backup_id": null, "encryption_key_ref": null}}'


manila_tempest_tests.tests.api.test_share_type_availability_zones_negative.ShareTypeAvailabilityZonesNegativeTest.test_share_type_azs_filter_by_invalid_azs_extra_spec[api,id-78f1afba-6087-415c-aaa1-a880ae341bfc,negative]
----------------------------------------------------------------------------------------------------------------------------------------------------------------------------------------------------------------------------

Captured traceback:
~~~~~~~~~~~~~~~~~~~
    Traceback (most recent call last):

      File "/opt/stack/tempest/manila-tempest-plugin/manila_tempest_tests/tests/api/test_share_type_availability_zones_negative.py", line 64, in test_share_type_azs_filter_by_invalid_azs_extra_spec
    self.******_shares_v2_client.update_share_type_extra_spec(

      File "/opt/stack/tempest/manila-tempest-plugin/manila_tempest_tests/services/share/v2/json/shares_client.py", line 729, in update_share_type_extra_spec
    resp, body = self.put(uri, post_body, version=version)
                 ^^^^^^^^^^^^^^^^^^^^^^^^^^^^^^^^^^^^^^^^^

      File "/opt/stack/tempest/manila-tempest-plugin/manila_tempest_tests/services/share/v2/json/shares_client.py", line 100, in put
    resp, body = super(SharesV2Client, self).put(url, body,
                 ^^^^^^^^^^^^^^^^^^^^^^^^^^^^^^^^^^^^^^^^^^

      File "/opt/stack/tempest/tempest/lib/common/rest_client.py", line 392, in put
    return self.request('PUT', url, extra_headers, headers, body, chunked)
           ^^^^^^^^^^^^^^^^^^^^^^^^^^^^^^^^^^^^^^^^^^^^^^^^^^^^^^^^^^^^^^^

      File "/opt/stack/tempest/tempest/lib/common/rest_client.py", line 762, in request
    self._error_checker(resp, resp_body)

      File "/opt/stack/tempest/tempest/lib/common/rest_client.py", line 877, in _error_checker
    raise exceptions.BadRequest(resp_body, resp=resp)

    tempest.lib.exceptions.BadRequest: Bad request
Details: {'code': 400, 'message': 'Invalid extra_spec: availability_zones: '}


Captured pythonlogging:
~~~~~~~~~~~~~~~~~~~~~~~
    2026-02-06 07:12:06,294 167949 INFO     [tempest.lib.common.rest_client] Request (ShareTypeAvailabilityZonesNegativeTest:test_share_type_azs_filter_by_invalid_azs_extra_spec): 400 PUT http://10.132.46.216/share/v2/1aa9b7d91db74b22992e1f0fc2be95c1/types/1ca4b8d5-92ba-41f7-b2a1-d7995077c02a/extra_specs/availability_zones 0.014s
2026-02-06 07:12:06,294 167949 DEBUG    [tempest.lib.common.rest_client] Request - Headers: {'Content-Type': 'application/json', 'Accept': 'application/json', 'x-openstack-manila-api-version': '2.90', 'X-Auth-Token': '<omitted>'}
        Body: {"availability_zones": ""}
    Response - Headers: {'date': 'Fri, 06 Feb 2026 07:12:06 GMT', 'server': 'Apache/2.4.58 (Ubuntu)', 'x-openstack-manila-api-version': '2.90', 'vary': 'X-OpenStack-Manila-API-Version', 'content-length': '84', 'content-type': 'application/json', 'x-compute-request-id': 'req-6e2610d2-4176-41f7-8470-3c29b510159e', 'x-openstack-request-id': 'req-6e2610d2-4176-41f7-8470-3c29b510159e', 'connection': 'close', 'status': '400', 'content-location': 'http://10.132.46.216/share/v2/1aa9b7d91db74b22992e1f0fc2be95c1/types/1ca4b8d5-92ba-41f7-b2a1-d7995077c02a/extra_specs/availability_zones'}
        Body: b'{"badRequest": {"code": 400, "message": "Invalid extra_spec: availability_zones: "}}'


manila_tempest_tests.tests.api.test_share_type_availability_zones_negative.ShareTypeAvailabilityZonesNegativeTest.test_share_type_azs_share_groups_unsupported[api,id-5712abae-52a5-46ec-8850-46e732b18b06,negative]
--------------------------------------------------------------------------------------------------------------------------------------------------------------------------------------------------------------------

Captured traceback:
~~~~~~~~~~~~~~~~~~~
    Traceback (most recent call last):

      File "/opt/stack/tempest/manila-tempest-plugin/manila_tempest_tests/tests/api/test_share_type_availability_zones_negative.py", line 100, in test_share_type_azs_share_groups_unsupported
    availability_zone=self.valid_azs[0],
                      ~~~~~~~~~~~~~~^^^

    IndexError: list index out of range


Captured pythonlogging:
~~~~~~~~~~~~~~~~~~~~~~~
    2026-02-06 07:12:06,322 167949 INFO     [tempest.lib.common.rest_client] Request (ShareTypeAvailabilityZonesNegativeTest:test_share_type_azs_share_groups_unsupported): 200 PUT http://10.132.46.216/share/v2/1aa9b7d91db74b22992e1f0fc2be95c1/types/1ca4b8d5-92ba-41f7-b2a1-d7995077c02a/extra_specs/availability_zones 0.023s
2026-02-06 07:12:06,322 167949 DEBUG    [tempest.lib.common.rest_client] Request - Headers: {'Content-Type': 'application/json', 'Accept': 'application/json', 'x-openstack-manila-api-version': '2.90', 'X-Auth-Token': '<omitted>'}
        Body: {"availability_zones": "az_that_doesnt_exist"}
    Response - Headers: {'date': 'Fri, 06 Feb 2026 07:12:06 GMT', 'server': 'Apache/2.4.58 (Ubuntu)', 'content-type': 'application/json', 'content-length': '46', 'x-compute-request-id': 'req-687c72a8-c2f7-41da-a0c2-d1fbf7b8a28c', 'x-openstack-manila-api-version': '2.90', 'vary': 'X-OpenStack-Manila-API-Version', 'x-openstack-request-id': 'req-687c72a8-c2f7-41da-a0c2-d1fbf7b8a28c', 'connection': 'close', 'status': '200', 'content-location': 'http://10.132.46.216/share/v2/1aa9b7d91db74b22992e1f0fc2be95c1/types/1ca4b8d5-92ba-41f7-b2a1-d7995077c02a/extra_specs/availability_zones'}
        Body: b'{"availability_zones": "az_that_doesnt_exist"}'


manila_tempest_tests.tests.api.test_share_type_availability_zones_negative.ShareTypeAvailabilityZonesNegativeTest.test_share_type_azs_shares_unsupported_az[api,id-9285d7d5-cb40-462d-998c-891f0f934fdd,negative]
-----------------------------------------------------------------------------------------------------------------------------------------------------------------------------------------------------------------

Captured traceback:
~~~~~~~~~~~~~~~~~~~
    Traceback (most recent call last):

      File "/opt/stack/tempest/manila-tempest-plugin/manila_tempest_tests/tests/api/test_share_type_availability_zones_negative.py", line 88, in test_share_type_azs_shares_unsupported_az
    availability_zone=self.valid_azs[0],
                      ~~~~~~~~~~~~~~^^^

    IndexError: list index out of range


Captured pythonlogging:
~~~~~~~~~~~~~~~~~~~~~~~
    2026-02-06 07:12:06,342 167949 INFO     [tempest.lib.common.rest_client] Request (ShareTypeAvailabilityZonesNegativeTest:test_share_type_azs_shares_unsupported_az): 200 PUT http://10.132.46.216/share/v2/1aa9b7d91db74b22992e1f0fc2be95c1/types/1ca4b8d5-92ba-41f7-b2a1-d7995077c02a/extra_specs/availability_zones 0.017s
2026-02-06 07:12:06,342 167949 DEBUG    [tempest.lib.common.rest_client] Request - Headers: {'Content-Type': 'application/json', 'Accept': 'application/json', 'x-openstack-manila-api-version': '2.90', 'X-Auth-Token': '<omitted>'}
        Body: {"availability_zones": "az_that_doesnt_exist"}
    Response - Headers: {'date': 'Fri, 06 Feb 2026 07:12:06 GMT', 'server': 'Apache/2.4.58 (Ubuntu)', 'content-type': 'application/json', 'content-length': '46', 'x-compute-request-id': 'req-9cefe38a-e213-4b6b-bef5-f36fd84d5910', 'x-openstack-manila-api-version': '2.90', 'vary': 'X-OpenStack-Manila-API-Version', 'x-openstack-request-id': 'req-9cefe38a-e213-4b6b-bef5-f36fd84d5910', 'connection': 'close', 'status': '200', 'content-location': 'http://10.132.46.216/share/v2/1aa9b7d91db74b22992e1f0fc2be95c1/types/1ca4b8d5-92ba-41f7-b2a1-d7995077c02a/extra_specs/availability_zones'}
        Body: b'{"availability_zones": "az_that_doesnt_exist"}'


setUpClass (manila_tempest_tests.tests.api.test_metadata.SharesMetadataTest)
----------------------------------------------------------------------------

Captured traceback:
~~~~~~~~~~~~~~~~~~~
    Traceback (most recent call last):

      File "/opt/stack/tempest/tempest/test.py", line 185, in setUpClass
    raise value.with_traceback(trace)

      File "/opt/stack/tempest/tempest/test.py", line 178, in setUpClass
    cls.resource_setup()

      File "/opt/stack/tempest/manila-tempest-plugin/manila_tempest_tests/tests/api/test_metadata.py", line 35, in resource_setup
    cls.share = cls.create_share(share_type_id=cls.share_type_id)
                ^^^^^^^^^^^^^^^^^^^^^^^^^^^^^^^^^^^^^^^^^^^^^^^^^

      File "/opt/stack/tempest/manila-tempest-plugin/manila_tempest_tests/tests/api/base.py", line 411, in create_share
    result = cls.create_shares([{"args": args, "kwargs": kwargs}])
             ^^^^^^^^^^^^^^^^^^^^^^^^^^^^^^^^^^^^^^^^^^^^^^^^^^^^^

      File "/opt/stack/tempest/manila-tempest-plugin/manila_tempest_tests/tests/api/base.py", line 469, in create_shares
    waiters.wait_for_resource_status(

      File "/opt/stack/tempest/manila-tempest-plugin/manila_tempest_tests/common/waiters.py", line 109, in wait_for_resource_status
    raise resource_exception(resource_id=resource_id)

    manila_tempest_tests.share_exceptions.ShareBuildErrorException: Share 298385c1-4418-492b-9f01-031167aab129 failed to build and is in ERROR status


manila_tempest_tests.tests.api.test_share_transfers_negative.ShareTransferNegativeTest.test_accept_transfer_without_auth_key[api_with_backend,id-cc7af032-0504-417e-8ab9-73b37bed7f85,negative]
-----------------------------------------------------------------------------------------------------------------------------------------------------------------------------------------------

Captured traceback:
~~~~~~~~~~~~~~~~~~~
    Traceback (most recent call last):

      File "/opt/stack/tempest/manila-tempest-plugin/manila_tempest_tests/tests/api/test_share_transfers_negative.py", line 112, in test_accept_transfer_without_auth_key
    share = self.create_share(
            ^^^^^^^^^^^^^^^^^^

      File "/opt/stack/tempest/manila-tempest-plugin/manila_tempest_tests/tests/api/base.py", line 411, in create_share
    result = cls.create_shares([{"args": args, "kwargs": kwargs}])
             ^^^^^^^^^^^^^^^^^^^^^^^^^^^^^^^^^^^^^^^^^^^^^^^^^^^^^

      File "/opt/stack/tempest/manila-tempest-plugin/manila_tempest_tests/tests/api/base.py", line 469, in create_shares
    waiters.wait_for_resource_status(

      File "/opt/stack/tempest/manila-tempest-plugin/manila_tempest_tests/common/waiters.py", line 109, in wait_for_resource_status
    raise resource_exception(resource_id=resource_id)

    manila_tempest_tests.share_exceptions.ShareBuildErrorException: Share baeb8e05-4e61-43be-b307-798f408ac58c failed to build and is in ERROR status


Captured pythonlogging:
~~~~~~~~~~~~~~~~~~~~~~~
    2026-02-06 07:12:04,714 167945 INFO     [tempest.lib.common.rest_client] Request (ShareTransferNegativeTest:test_accept_transfer_without_auth_key): 200 POST http://10.132.46.216/share/v2/a1ba3d7696c748d1b5aa86f04230689e/shares 0.194s
2026-02-06 07:12:04,714 167945 DEBUG    [tempest.lib.common.rest_client] Request - Headers: {'Content-Type': 'application/json', 'Accept': 'application/json', 'x-openstack-manila-api-version': '2.90', 'X-Auth-Token': '<omitted>'}
        Body: {"share": {"share_proto": "nfs", "description": "Tempest's share", "snapshot_id": null, "name": "tempest-tempest-share-name-1504616074", "size": 1, "metadata": {}, "is_public": false, "share_type": "4c5096bf-d214-4119-885c-1b4f92814be6"}}
    Response - Headers: {'date': 'Fri, 06 Feb 2026 07:12:04 GMT', 'server': 'Apache/2.4.58 (Ubuntu)', 'content-type': 'application/json', 'content-length': '1337', 'x-compute-request-id': 'req-a0f68d8d-d13e-4d34-8449-83acfee33811', 'x-openstack-manila-api-version': '2.90', 'vary': 'X-OpenStack-Manila-API-Version', 'x-openstack-request-id': 'req-a0f68d8d-d13e-4d34-8449-83acfee33811', 'connection': 'close', 'status': '200', 'content-location': 'http://10.132.46.216/share/v2/a1ba3d7696c748d1b5aa86f04230689e/shares'}
        Body: b'{"share": {"id": "baeb8e05-4e61-43be-b307-798f408ac58c", "size": 1, "availability_zone": null, "created_at": "2026-02-06T07:12:04.601914", "status": "creating", "name": "tempest-tempest-share-name-1504616074", "description": "Tempest\'s share", "project_id": "a1ba3d7696c748d1b5aa86f04230689e", "snapshot_id": null, "share_network_id": null, "share_proto": "NFS", "metadata": {}, "share_type": "4c5096bf-d214-4119-885c-1b4f92814be6", "volume_type": "tempest-typeshare-type-792025684", "links": [{"rel": "self", "href": "http://10.132.46.216/share/v2/a1ba3d7696c748d1b5aa86f04230689e/shares/baeb8e05-4e61-43be-b307-798f408ac58c"}, {"rel": "bookmark", "href": "http://10.132.46.216/share/a1ba3d7696c748d1b5aa86f04230689e/shares/baeb8e05-4e61-43be-b307-798f408ac58c"}], "is_public": false, "snapshot_support": false, "task_state": null, "share_type_name": "tempest-typeshare-type-792025684", "access_rules_status": "active", "replication_type": null, "has_replicas": false, "user_id": "efe70438227141db9e2832adfbf2803b", "create_share_from_snapshot_support": false, "revert_to_snapshot_support": false, "share_group_id": null, "source_share_group_snapshot_member_id": null, "mount_snapshot_support": false, "progress": null, "is_soft_deleted": false, "scheduled_to_be_deleted_at": null, "source_backup_id": null, "encryption_key_ref": null}}'
2026-02-06 07:12:04,744 167945 INFO     [tempest.lib.common.rest_client] Request (ShareTransferNegativeTest:test_accept_transfer_without_auth_key): 200 GET http://10.132.46.216/share/v2/a1ba3d7696c748d1b5aa86f04230689e/shares/baeb8e05-4e61-43be-b307-798f408ac58c 0.029s
2026-02-06 07:12:04,744 167945 DEBUG    [tempest.lib.common.rest_client] Request - Headers: {'Content-Type': 'application/json', 'Accept': 'application/json', 'x-openstack-manila-api-version': '2.90', 'X-Auth-Token': '<omitted>'}
        Body: None
    Response - Headers: {'date': 'Fri, 06 Feb 2026 07:12:04 GMT', 'server': 'Apache/2.4.58 (Ubuntu)', 'content-type': 'application/json', 'content-length': '1337', 'x-compute-request-id': 'req-5db816dc-b265-4bdc-a160-2da04417ea12', 'x-openstack-manila-api-version': '2.90', 'vary': 'X-OpenStack-Manila-API-Version', 'x-openstack-request-id': 'req-5db816dc-b265-4bdc-a160-2da04417ea12', 'connection': 'close', 'status': '200', 'content-location': 'http://10.132.46.216/share/v2/a1ba3d7696c748d1b5aa86f04230689e/shares/baeb8e05-4e61-43be-b307-798f408ac58c'}
        Body: b'{"share": {"id": "baeb8e05-4e61-43be-b307-798f408ac58c", "size": 1, "availability_zone": null, "created_at": "2026-02-06T07:12:04.601914", "status": "creating", "name": "tempest-tempest-share-name-1504616074", "description": "Tempest\'s share", "project_id": "a1ba3d7696c748d1b5aa86f04230689e", "snapshot_id": null, "share_network_id": null, "share_proto": "NFS", "metadata": {}, "share_type": "4c5096bf-d214-4119
    -885c-1b4f92814be6", "volume_type": "tempest-typeshare-type-792025684", "links": [{"rel": "self", "href": "http://10.132.46.216/share/v2/a1ba3d7696c748d1b5aa86f04230689e/shares/baeb8e05-4e61-43be-b307-798f408ac58c"}, {"rel": "bookmark", "href": "http://10.132.46.216/share/a1ba3d7696c748d1b5aa86f04230689e/shares/baeb8e05-4e61-43be-b307-798f408ac58c"}], "is_public": false, "snapshot_support": false, "task_state": null, "share_type_name": "tempest-typeshare-type-792025684", "access_rules_status": "active", "replication_type": null, "has_replicas": false, "user_id": "efe70438227141db9e2832adfbf2803b", "create_share_from_snapshot_support": false, "revert_to_snapshot_support": false, "share_group_id": null, "source_share_group_snapshot_member_id": null, "mount_snapshot_support": false, "progress": null, "is_soft_deleted": false, "scheduled_to_be_deleted_at": null, "source_backup_id": null, "encryption_key_ref": null}}'
2026-02-06 07:12:07,794 167945 INFO     [tempest.lib.common.rest_client] Request (ShareTransferNegativeTest:test_accept_transfer_without_auth_key): 200 GET http://10.132.46.216/share/v2/a1ba3d7696c748d1b5aa86f04230689e/shares/baeb8e05-4e61-43be-b307-798f408ac58c 0.048s
2026-02-06 07:12:07,794 167945 DEBUG    [tempest.lib.common.rest_client] Request - Headers: {'Content-Type': 'application/json', 'Accept': 'application/json', 'x-openstack-manila-api-version': '2.90', 'X-Auth-Token': '<omitted>'}
        Body: None
    Response - Headers: {'date': 'Fri, 06 Feb 2026 07:12:07 GMT', 'server': 'Apache/2.4.58 (Ubuntu)', 'content-type': 'application/json', 'content-length': '1334', 'x-compute-request-id': 'req-33c0d232-5fcf-4acd-af53-00d71a86d05c', 'x-openstack-manila-api-version': '2.90', 'vary': 'X-OpenStack-Manila-API-Version', 'x-openstack-request-id': 'req-33c0d232-5fcf-4acd-af53-00d71a86d05c', 'connection': 'close', 'status': '200', 'content-location': 'http://10.132.46.216/share/v2/a1ba3d7696c748d1b5aa86f04230689e/shares/baeb8e05-4e61-43be-b307-798f408ac58c'}
        Body: b'{"share": {"id": "baeb8e05-4e61-43be-b307-798f408ac58c", "size": 1, "availability_zone": null, "created_at": "2026-02-06T07:12:04.601914", "status": "error", "name": "tempest-tempest-share-name-1504616074", "description": "Tempest\'s share", "project_id": "a1ba3d7696c748d1b5aa86f04230689e", "snapshot_id": null, "share_network_id": null, "share_proto": "NFS", "metadata": {}, "share_type": "4c5096bf-d214-4119-885c-1b4f92814be6", "volume_type": "tempest-typeshare-type-792025684", "links": [{"rel": "self", "href": "http://10.132.46.216/share/v2/a1ba3d7696c748d1b5aa86f04230689e/shares/baeb8e05-4e61-43be-b307-798f408ac58c"}, {"rel": "bookmark", "href": "http://10.132.46.216/share/a1ba3d7696c748d1b5aa86f04230689e/shares/baeb8e05-4e61-43be-b307-798f408ac58c"}], "is_public": false, "snapshot_support": false, "task_state": null, "share_type_name": "tempest-typeshare-type-792025684", "access_rules_status": "active", "replication_type": null, "has_replicas": false, "user_id": "efe70438227141db9e2832adfbf2803b", "create_share_from_snapshot_support": false, "revert_to_snapshot_support": false, "share_group_id": null, "source_share_group_snapshot_member_id": null, "mount_snapshot_support": false, "progress": null, "is_soft_deleted": false, "scheduled_to_be_deleted_at": null, "source_backup_id": null, "encryption_key_ref": null}}'


manila_tempest_tests.tests.api.test_share_transfers_negative.ShareTransferNegativeTest.test_delete_transfer_of_other_tenants[api_with_backend,id-b3e26356-5eb0-4f73-b5a7-d3594cc2f30e,negative]
-----------------------------------------------------------------------------------------------------------------------------------------------------------------------------------------------

Captured traceback:
~~~~~~~~~~~~~~~~~~~
    Traceback (most recent call last):

      File "/opt/stack/tempest/manila-tempest-plugin/manila_tempest_tests/tests/api/test_share_transfers_negative.py", line 89, in test_delete_transfer_of_other_tenants
    share = self.create_share(
            ^^^^^^^^^^^^^^^^^^

      File "/opt/stack/tempest/manila-tempest-plugin/manila_tempest_tests/tests/api/base.py", line 411, in create_share
    result = cls.create_shares([{"args": args, "kwargs": kwargs}])
             ^^^^^^^^^^^^^^^^^^^^^^^^^^^^^^^^^^^^^^^^^^^^^^^^^^^^^

      File "/opt/stack/tempest/manila-tempest-plugin/manila_tempest_tests/tests/api/base.py", line 469, in create_shares
    waiters.wait_for_resource_status(

      File "/opt/stack/tempest/manila-tempest-plugin/manila_tempest_tests/common/waiters.py", line 109, in wait_for_resource_status
    raise resource_exception(resource_id=resource_id)

    manila_tempest_tests.share_exceptions.ShareBuildErrorException: Share 1ea917e1-8198-4862-81fe-bd92d193c628 failed to build and is in ERROR status


Captured pythonlogging:
~~~~~~~~~~~~~~~~~~~~~~~
    2026-02-06 07:12:08,309 167945 INFO     [tempest.lib.common.rest_client] Request (ShareTransferNegativeTest:test_delete_transfer_of_other_tenants): 200 POST http://10.132.46.216/share/v2/a1ba3d7696c748d1b5aa86f04230689e/shares 0.201s
2026-02-06 07:12:08,309 167945 DEBUG    [tempest.lib.common.rest_client] Request - Headers: {'Content-Type': 'application/json', 'Accept': 'application/json', 'x-openstack-manila-api-version': '2.90', 'X-Auth-Token': '<omitted>'}
        Body: {"share": {"share_proto": "nfs", "description": "Tempest's share", "snapshot_id": null, "name": "tempest-tempest-share-name-1488304705", "size": 1, "metadata": {}, "is_public": false, "share_type": "4c5096bf-d214-4119-885c-1b4f92814be6"}}
    Response - Headers: {'date': 'Fri, 06 Feb 2026 07:12:08 GMT', 'server': 'Apache/2.4.58 (Ubuntu)', 'content-type': 'application/json', 'content-length': '1337', 'x-compute-request-id': 'req-62ac639f-588a-4899-a30c-fc518adfb629', 'x-openstack-manila-api-version': '2.90', 'vary': 'X-OpenStack-Manila-API-Version', 'x-openstack-request-id': 'req-62ac639f-588a-4899-a30c-fc518adfb629', 'connection': 'close', 'status': '200', 'content-location': 'http://10.132.46.216/share/v2/a1ba3d7696c748d1b5aa86f04230689e/shares'}
        Body: b'{"share": {"id": "1ea917e1-8198-4862-81fe-bd92d193c628", "size": 1, "availability_zone": null, "created_at": "2026-02-06T07:12:08.188242", "status": "creating", "name": "tempest-tempest-share-name-1488304705", "description": "Tempest\'s share", "project_id": "a1ba3d7696c748d1b5aa86f04230689e", "snapshot_id": null, "share_network_id": null, "share_proto": "NFS", "metadata": {}, "share_type": "4c5096bf-d214-4119-885c-1b4f92814be6", "volume_type": "tempest-typeshare-type-792025684", "links": [{"rel": "self", "href": "http://10.132.46.216/share/v2/a1ba3d7696c748d1b5aa86f04230689e/shares/1ea917e1-8198-4862-81fe-bd92d193c628"}, {"rel": "bookmark", "href": "http://10.132.46.216/share/a1ba3d7696c748d1b5aa86f04230689e/shares/1ea917e1-8198-4862-81fe-bd92d193c628"}], "is_public": false, "snapshot_support": false, "task_state": null, "share_type_name": "tempest-typeshare-type-792025684", "access_rules_status": "active", "replication_type": null, "has_replicas": false, "user_id": "efe70438227141db9e2832adfbf2803b", "create_share_from_snapshot_support": false, "revert_to_snapshot_support": false, "share_group_id": null, "source_share_group_snapshot_member_id": null, "mount_snapshot_support": false, "progress": null, "is_soft_deleted": false, "scheduled_to_be_deleted_at": null, "source_backup_id": null, "encryption_key_ref": null}}'
2026-02-06 07:12:08,563 167945 INFO     [tempest.lib.common.rest_client] Request (ShareTransferNegativeTest:test_delete_transfer_of_other_tenants): 200 GET http://10.132.46.216/share/v2/a1ba3d7696c748d1b5aa86f04230689e/shares/1ea917e1-8198-4862-81fe-bd92d193c628 0.253s
2026-02-06 07:12:08,564 167945 DEBUG    [tempest.lib.common.rest_client] Request - Headers: {'Content-Type': 'application/json', 'Accept': 'application/json', 'x-openstack-manila-api-version': '2.90', 'X-Auth-Token': '<omitted>'}
        Body: None
    Response - Headers: {'date': 'Fri, 06 Feb 2026 07:12:08 GMT', 'server': 'Apache/2.4.58 (Ubuntu)', 'content-type': 'application/json', 'content-length': '1337', 'x-compute-request-id': 'req-e15403fa-8b6a-4d25-800d-3ce66e41df8e', 'x-openstack-manila-api-version': '2.90', 'vary': 'X-OpenStack-Manila-API-Version', 'x-openstack-request-id': 'req-e15403fa-8b6a-4d25-800d-3ce66e41df8e', 'connection': 'close', 'status': '200', 'content-location': 'http://10.132.46.216/share/v2/a1ba3d7696c748d1b5aa86f04230689e/shares/1ea917e1-8198-4862-81fe-bd92d193c628'}
        Body: b'{"share": {"id": "1ea917e1-8198-4862-81fe-bd92d193c628", "size": 1, "availability_zone": null, "created_at": "2026-02-06T07:12:08.188242", "status": "creating", "name": "tempest-tempest-share-name-1488304705", "description": "Tempest\'s share", "project_id": "a1ba3d7696c748d1b5aa86f04230689e", "snapshot_id": null, "share_network_id": null, "share_proto": "NFS", "metadata": {}, "share_type": "4c5096bf-d214-4119
    -885c-1b4f92814be6", "volume_type": "tempest-typeshare-type-792025684", "links": [{"rel": "self", "href": "http://10.132.46.216/share/v2/a1ba3d7696c748d1b5aa86f04230689e/shares/1ea917e1-8198-4862-81fe-bd92d193c628"}, {"rel": "bookmark", "href": "http://10.132.46.216/share/a1ba3d7696c748d1b5aa86f04230689e/shares/1ea917e1-8198-4862-81fe-bd92d193c628"}], "is_public": false, "snapshot_support": false, "task_state": null, "share_type_name": "tempest-typeshare-type-792025684", "access_rules_status": "active", "replication_type": null, "has_replicas": false, "user_id": "efe70438227141db9e2832adfbf2803b", "create_share_from_snapshot_support": false, "revert_to_snapshot_support": false, "share_group_id": null, "source_share_group_snapshot_member_id": null, "mount_snapshot_support": false, "progress": null, "is_soft_deleted": false, "scheduled_to_be_deleted_at": null, "source_backup_id": null, "encryption_key_ref": null}}'
2026-02-06 07:12:11,594 167945 INFO     [tempest.lib.common.rest_client] Request (ShareTransferNegativeTest:test_delete_transfer_of_other_tenants): 200 GET http://10.132.46.216/share/v2/a1ba3d7696c748d1b5aa86f04230689e/shares/1ea917e1-8198-4862-81fe-bd92d193c628 0.029s
2026-02-06 07:12:11,594 167945 DEBUG    [tempest.lib.common.rest_client] Request - Headers: {'Content-Type': 'application/json', 'Accept': 'application/json', 'x-openstack-manila-api-version': '2.90', 'X-Auth-Token': '<omitted>'}
        Body: None
    Response - Headers: {'date': 'Fri, 06 Feb 2026 07:12:11 GMT', 'server': 'Apache/2.4.58 (Ubuntu)', 'content-type': 'application/json', 'content-length': '1334', 'x-compute-request-id': 'req-aeb7396c-69df-4c53-8796-8e09caeeca74', 'x-openstack-manila-api-version': '2.90', 'vary': 'X-OpenStack-Manila-API-Version', 'x-openstack-request-id': 'req-aeb7396c-69df-4c53-8796-8e09caeeca74', 'connection': 'close', 'status': '200', 'content-location': 'http://10.132.46.216/share/v2/a1ba3d7696c748d1b5aa86f04230689e/shares/1ea917e1-8198-4862-81fe-bd92d193c628'}
        Body: b'{"share": {"id": "1ea917e1-8198-4862-81fe-bd92d193c628", "size": 1, "availability_zone": null, "created_at": "2026-02-06T07:12:08.188242", "status": "error", "name": "tempest-tempest-share-name-1488304705", "description": "Tempest\'s share", "project_id": "a1ba3d7696c748d1b5aa86f04230689e", "snapshot_id": null, "share_network_id": null, "share_proto": "NFS", "metadata": {}, "share_type": "4c5096bf-d214-4119-885c-1b4f92814be6", "volume_type": "tempest-typeshare-type-792025684", "links": [{"rel": "self", "href": "http://10.132.46.216/share/v2/a1ba3d7696c748d1b5aa86f04230689e/shares/1ea917e1-8198-4862-81fe-bd92d193c628"}, {"rel": "bookmark", "href": "http://10.132.46.216/share/a1ba3d7696c748d1b5aa86f04230689e/shares/1ea917e1-8198-4862-81fe-bd92d193c628"}], "is_public": false, "snapshot_support": false, "task_state": null, "share_type_name": "tempest-typeshare-type-792025684", "access_rules_status": "active", "replication_type": null, "has_replicas": false, "user_id": "efe70438227141db9e2832adfbf2803b", "create_share_from_snapshot_support": false, "revert_to_snapshot_support": false, "share_group_id": null, "source_share_group_snapshot_member_id": null, "mount_snapshot_support": false, "progress": null, "is_soft_deleted": false, "scheduled_to_be_deleted_at": null, "source_backup_id": null, "encryption_key_ref": null}}'


manila_tempest_tests.tests.api.test_shares.SharesNFSTest.test_create_get_delete_share[backend,id-21ad41fb-04cf-493c-bc2f-66c80220898b,positive]
-----------------------------------------------------------------------------------------------------------------------------------------------

Captured traceback:
~~~~~~~~~~~~~~~~~~~
    Traceback (most recent call last):

      File "/opt/stack/tempest/manila-tempest-plugin/manila_tempest_tests/tests/api/test_shares.py", line 50, in test_create_get_delete_share
    share = self.create_share(self.protocol,
            ^^^^^^^^^^^^^^^^^^^^^^^^^^^^^^^^

      File "/opt/stack/tempest/manila-tempest-plugin/manila_tempest_tests/tests/api/base.py", line 411, in create_share
    result = cls.create_shares([{"args": args, "kwargs": kwargs}])
             ^^^^^^^^^^^^^^^^^^^^^^^^^^^^^^^^^^^^^^^^^^^^^^^^^^^^^

      File "/opt/stack/tempest/manila-tempest-plugin/manila_tempest_tests/tests/api/base.py", line 469, in create_shares
    waiters.wait_for_resource_status(

      File "/opt/stack/tempest/manila-tempest-plugin/manila_tempest_tests/common/waiters.py", line 109, in wait_for_resource_status
    raise resource_exception(resource_id=resource_id)

    manila_tempest_tests.share_exceptions.ShareBuildErrorException: Share e23d0b9e-7321-4d32-80e4-9c2a7768fb4e failed to build and is in ERROR status


Captured pythonlogging:
~~~~~~~~~~~~~~~~~~~~~~~
    2026-02-06 07:12:11,571 167949 INFO     [tempest.lib.common.rest_client] Request (SharesNFSTest:test_create_get_delete_share): 200 POST http://10.132.46.216/share/v2/8af3487372a64ee9999b94fdca5c6ac6/shares 0.318s
2026-02-06 07:12:11,571 167949 DEBUG    [tempest.lib.common.rest_client] Request - Headers: {'Content-Type': 'application/json', 'Accept': 'application/json', 'x-openstack-manila-api-version': '2.90', 'X-Auth-Token': '<omitted>'}
        Body: {"share": {"share_proto": "nfs", "description": "Tempest's share", "snapshot_id": null, "name": "tempest-tempest-created-share-545953764", "size": 1, "metadata": {}, "is_public": false, "share_type": "ca72a8bf-818e-4d52-90e2-107104f585f3"}}
    Response - Headers: {'date': 'Fri, 06 Feb 2026 07:12:11 GMT', 'server': 'Apache/2.4.58 (Ubuntu)', 'content-type': 'application/json', 'content-length': '1339', 'x-compute-request-id': 'req-1d0c5472-f41a-43cb-9786-2aa63842301a', 'x-openstack-manila-api-version': '2.90', 'vary': 'X-OpenStack-Manila-API-Version', 'x-openstack-request-id': 'req-1d0c5472-f41a-43cb-9786-2aa63842301a', 'connection': 'close', 'status': '200', 'content-location': 'http://10.132.46.216/share/v2/8af3487372a64ee9999b94fdca5c6ac6/shares'}
        Body: b'{"share": {"id": "e23d0b9e-7321-4d32-80e4-9c2a7768fb4e", "size": 1, "availability_zone": null, "created_at": "2026-02-06T07:12:11.449330", "status": "creating", "name": "tempest-tempest-created-share-545953764", "description": "Tempest\'s share", "project_id": "8af3487372a64ee9999b94fdca5c6ac6", "snapshot_id": null, "share_network_id": null, "share_proto": "NFS", "metadata": {}, "share_type": "ca72a8bf-818e-4d52-90e2-107104f585f3", "volume_type": "tempest-typeshare-type-824004695", "links": [{"rel": "self", "href": "http://10.132.46.216/share/v2/8af3487372a64ee9999b94fdca5c6ac6/shares/e23d0b9e-7321-4d32-80e4-9c2a7768fb4e"}, {"rel": "bookmark", "href": "http://10.132.46.216/share/8af3487372a64ee9999b94fdca5c6ac6/shares/e23d0b9e-7321-4d32-80e4-9c2a7768fb4e"}], "is_public": false, "snapshot_support": false, "task_state": null, "share_type_name": "tempest-typeshare-type-824004695", "access_rules_status": "active", "replication_type": null, "has_replicas": false, "user_id": "bc073105a81942f8b98eb4c3ca3e2640", "create_share_from_snapshot_support": false, "revert_to_snapshot_support": false, "share_group_id": null, "source_share_group_snapshot_member_id": null, "mount_snapshot_support": false, "progress": null, "is_soft_deleted": false, "scheduled_to_be_deleted_at": null, "source_backup_id": null, "encryption_key_ref": null}}'
2026-02-06 07:12:11,607 167949 INFO     [tempest.lib.common.rest_client] Request (SharesNFSTest:test_create_get_delete_share): 200 GET http://10.132.46.216/share/v2/8af3487372a64ee9999b94fdca5c6ac6/shares/e23d0b9e-7321-4d32-80e4-9c2a7768fb4e 0.035s
2026-02-06 07:12:11,608 167949 DEBUG    [tempest.lib.common.rest_client] Request - Headers: {'Content-Type': 'application/json', 'Accept': 'application/json', 'x-openstack-manila-api-version': '2.90', 'X-Auth-Token': '<omitted>'}
        Body: None
    Response - Headers: {'date': 'Fri, 06 Feb 2026 07:12:11 GMT', 'server': 'Apache/2.4.58 (Ubuntu)', 'content-type': 'application/json', 'content-length': '1339', 'x-compute-request-id': 'req-4bf5c882-a02b-4ee5-be81-84476503454e', 'x-openstack-manila-api-version': '2.90', 'vary': 'X-OpenStack-Manila-API-Version', 'x-openstack-request-id': 'req-4bf5c882-a02b-4ee5-be81-84476503454e', 'connection': 'close', 'status': '200', 'content-location': 'http://10.132.46.216/share/v2/8af3487372a64ee9999b94fdca5c6ac6/shares/e23d0b9e-7321-4d32-80e4-9c2a7768fb4e'}
        Body: b'{"share": {"id": "e23d0b9e-7321-4d32-80e4-9c2a7768fb4e", "size": 1, "availability_zone": null, "created_at": "2026-02-06T07:12:11.449330", "status": "creating", "name": "tempest-tempest-created-share-545953764", "description": "Tempest\'s share", "project_id": "8af3487372a64ee9999b94fdca5c6ac6", "snapshot_id": null, "share_network_id": null, "share_proto": "NFS", "metadata": {}, "share_type": "ca72a8bf-818e-4d52-90e2-107104f585f3", "volume_type": 
    "tempest-typeshare-type-824004695", "links": [{"rel": "self", "href": "http://10.132.46.216/share/v2/8af3487372a64ee9999b94fdca5c6ac6/shares/e23d0b9e-7321-4d32-80e4-9c2a7768fb4e"}, {"rel": "bookmark", "href": "http://10.132.46.216/share/8af3487372a64ee9999b94fdca5c6ac6/shares/e23d0b9e-7321-4d32-80e4-9c2a7768fb4e"}], "is_public": false, "snapshot_support": false, "task_state": null, "share_type_name": "tempest-typeshare-type-824004695", "access_rules_status": "active", "replication_type": null, "has_replicas": false, "user_id": "bc073105a81942f8b98eb4c3ca3e2640", "create_share_from_snapshot_support": false, "revert_to_snapshot_support": false, "share_group_id": null, "source_share_group_snapshot_member_id": null, "mount_snapshot_support": false, "progress": null, "is_soft_deleted": false, "scheduled_to_be_deleted_at": null, "source_backup_id": null, "encryption_key_ref": null}}'
2026-02-06 07:12:14,636 167949 INFO     [tempest.lib.common.rest_client] Request (SharesNFSTest:test_create_get_delete_share): 200 GET http://10.132.46.216/share/v2/8af3487372a64ee9999b94fdca5c6ac6/shares/e23d0b9e-7321-4d32-80e4-9c2a7768fb4e 0.027s
2026-02-06 07:12:14,636 167949 DEBUG    [tempest.lib.common.rest_client] Request - Headers: {'Content-Type': 'application/json', 'Accept': 'application/json', 'x-openstack-manila-api-version': '2.90', 'X-Auth-Token': '<omitted>'}
        Body: None
    Response - Headers: {'date': 'Fri, 06 Feb 2026 07:12:14 GMT', 'server': 'Apache/2.4.58 (Ubuntu)', 'content-type': 'application/json', 'content-length': '1336', 'x-compute-request-id': 'req-695f6f3e-712b-4a85-88e0-86f50d3cc23e', 'x-openstack-manila-api-version': '2.90', 'vary': 'X-OpenStack-Manila-API-Version', 'x-openstack-request-id': 'req-695f6f3e-712b-4a85-88e0-86f50d3cc23e', 'connection': 'close', 'status': '200', 'content-location': 'http://10.132.46.216/share/v2/8af3487372a64ee9999b94fdca5c6ac6/shares/e23d0b9e-7321-4d32-80e4-9c2a7768fb4e'}
        Body: b'{"share": {"id": "e23d0b9e-7321-4d32-80e4-9c2a7768fb4e", "size": 1, "availability_zone": null, "created_at": "2026-02-06T07:12:11.449330", "status": "error", "name": "tempest-tempest-created-share-545953764", "description": "Tempest\'s share", "project_id": "8af3487372a64ee9999b94fdca5c6ac6", "snapshot_id": null, "share_network_id": null, "share_proto": "NFS", "metadata": {}, "share_type": "ca72a8bf-818e-4d52-90e2-107104f585f3", "volume_type": "tempest-typeshare-type-824004695", "links": [{"rel": "self", "href": "http://10.132.46.216/share/v2/8af3487372a64ee9999b94fdca5c6ac6/shares/e23d0b9e-7321-4d32-80e4-9c2a7768fb4e"}, {"rel": "bookmark", "href": "http://10.132.46.216/share/8af3487372a64ee9999b94fdca5c6ac6/shares/e23d0b9e-7321-4d32-80e4-9c2a7768fb4e"}], "is_public": false, "snapshot_support": false, "task_state": null, "share_type_name": "tempest-typeshare-type-824004695", "access_rules_status": "active", "replication_type": null, "has_replicas": false, "user_id": "bc073105a81942f8b98eb4c3ca3e2640", "create_share_from_snapshot_support": false, "revert_to_snapshot_support": false, "share_group_id": null, "source_share_group_snapshot_member_id": null, "mount_snapshot_support": false, "progress": null, "is_soft_deleted": false, "scheduled_to_be_deleted_at": null, "source_backup_id": null, "encryption_key_ref": null}}'


manila_tempest_tests.tests.api.test_share_transfers_negative.ShareTransferNegativeTest.test_show_transfer_of_other_tenants[api_with_backend,id-baf66f62-253e-40dd-a6a9-109bc7613e52,negative]
---------------------------------------------------------------------------------------------------------------------------------------------------------------------------------------------

Captured traceback:
~~~~~~~~~~~~~~~~~~~
    Traceback (most recent call last):

      File "/opt/stack/tempest/manila-tempest-plugin/manila_tempest_tests/tests/api/test_share_transfers_negative.py", line 66, in test_show_transfer_of_other_tenants
    share = self.create_share(
            ^^^^^^^^^^^^^^^^^^

      File "/opt/stack/tempest/manila-tempest-plugin/manila_tempest_tests/tests/api/base.py", line 411, in create_share
    result = cls.create_shares([{"args": args, "kwargs": kwargs}])
             ^^^^^^^^^^^^^^^^^^^^^^^^^^^^^^^^^^^^^^^^^^^^^^^^^^^^^

      File "/opt/stack/tempest/manila-tempest-plugin/manila_tempest_tests/tests/api/base.py", line 469, in create_shares
    waiters.wait_for_resource_status(

      File "/opt/stack/tempest/manila-tempest-plugin/manila_tempest_tests/common/waiters.py", line 109, in wait_for_resource_status
    raise resource_exception(resource_id=resource_id)

    manila_tempest_tests.share_exceptions.ShareBuildErrorException: Share 4d39900c-7314-4a2a-ba76-4bac5c5b54ed failed to build and is in ERROR status


Captured pythonlogging:
~~~~~~~~~~~~~~~~~~~~~~~
    2026-02-06 07:12:11,815 167945 INFO     [tempest.lib.common.rest_client] Request (ShareTransferNegativeTest:test_show_transfer_of_other_tenants): 200 POST http://10.132.46.216/share/v2/a1ba3d7696c748d1b5aa86f04230689e/shares 0.190s
2026-02-06 07:12:11,815 167945 DEBUG    [tempest.lib.common.rest_client] Request - Headers: {'Content-Type': 'application/json', 'Accept': 'application/json', 'x-openstack-manila-api-version': '2.90', 'X-Auth-Token': '<omitted>'}
        Body: {"share": {"share_proto": "nfs", "description": "Tempest's share", "snapshot_id": null, "name": "tempest-tempest-share-name-833718206", "size": 1, "metadata": {}, "is_public": false, "share_type": "4c5096bf-d214-4119-885c-1b4f92814be6"}}
    Response - Headers: {'date': 'Fri, 06 Feb 2026 07:12:11 GMT', 'server': 'Apache/2.4.58 (Ubuntu)', 'content-type': 'application/json', 'content-length': '1336', 'x-compute-request-id': 'req-734b1a21-b94b-4833-b066-9712dbee0359', 'x-openstack-manila-api-version': '2.90', 'vary': 'X-OpenStack-Manila-API-Version', 'x-openstack-request-id': 'req-734b1a21-b94b-4833-b066-9712dbee0359', 'connection': 'close', 'status': '200', 'content-location': 'http://10.132.46.216/share/v2/a1ba3d7696c748d1b5aa86f04230689e/shares'}
        Body: b'{"share": {"id": "4d39900c-7314-4a2a-ba76-4bac5c5b54ed", "size": 1, "availability_zone": null, "created_at": "2026-02-06T07:12:11.686613", "status": "creating", "name": "tempest-tempest-share-name-833718206", "description": "Tempest\'s share", "project_id": "a1ba3d7696c748d1b5aa86f04230689e", "snapshot_id": null, "share_network_id": null, "share_proto": "NFS", "metadata": {}, "share_type": "4c5096bf-d214-4119-885c-1b4f92814be6", "volume_type": "tempest-typeshare-type-792025684", "links": [{"rel": "self", "href": "http://10.132.46.216/share/v2/a1ba3d7696c748d1b5aa86f04230689e/shares/4d39900c-7314-4a2a-ba76-4bac5c5b54ed"}, {"rel": "bookmark", "href": "http://10.132.46.216/share/a1ba3d7696c748d1b5aa86f04230689e/shares/4d39900c-7314-4a2a-ba76-4bac5c5b54ed"}], "is_public": false, "snapshot_support": false, "task_state": null, "share_type_name": "tempest-typeshare-type-792025684", "access_rules_status": "active", "replication_type": null, "has_replicas": false, "user_id": "efe70438227141db9e2832adfbf2803b", "create_share_from_snapshot_support": false, "revert_to_snapshot_support": false, "share_group_id": null, "source_share_group_snapshot_member_id": null, "mount_snapshot_support": false, "progress": null, "is_soft_deleted": false, "scheduled_to_be_deleted_at": null, "source_backup_id": null, "encryption_key_ref": null}}'
2026-02-06 07:12:11,849 167945 INFO     [tempest.lib.common.rest_client] Request (ShareTransferNegativeTest:test_show_transfer_of_other_tenants): 200 GET http://10.132.46.216/share/v2/a1ba3d7696c748d1b5aa86f04230689e/shares/4d39900c-7314-4a2a-ba76-4bac5c5b54ed 0.032s
2026-02-06 07:12:11,849 167945 DEBUG    [tempest.lib.common.rest_client] Request - Headers: {'Content-Type': 'application/json', 'Accept': 'application/json', 'x-openstack-manila-api-version': '2.90', 'X-Auth-Token': '<omitted>'}
        Body: None
    Response - Headers: {'date': 'Fri, 06 Feb 2026 07:12:11 GMT', 'server': 'Apache/2.4.58 (Ubuntu)', 'content-type': 'application/json', 'content-length': '1336', 'x-compute-request-id': 'req-5eab304f-da42-4d65-b792-1b14c5ee1c71', 'x-openstack-manila-api-version': '2.90', 'vary': 'X-OpenStack-Manila-API-Version', 'x-openstack-request-id': 'req-5eab304f-da42-4d65-b792-1b14c5ee1c71', 'connection': 'close', 'status': '200', 'content-location': 'http://10.132.46.216/share/v2/a1ba3d7696c748d1b5aa86f04230689e/shares/4d39900c-7314-4a2a-ba76-4bac5c5b54ed'}
        Body: b'{"share": {"id": "4d39900c-7314-4a2a-ba76-4bac5c5b54ed", "size": 1, "availability_zone": null, "created_at": "2026-02-06T07:12:11.686613", "status": "creating", "name": "tempest-tempest-share-name-833718206", "description": "Tempest\'s share", "project_id": "a1ba3d7696c748d1b5aa86f04230689e", "snapshot_id": null, "share_network_id": null, "share_proto": "NFS", "metadata": {}, "share_type": "4c5096bf-d214-4119-885c-1
    b4f92814be6", "volume_type": "tempest-typeshare-type-792025684", "links": [{"rel": "self", "href": "http://10.132.46.216/share/v2/a1ba3d7696c748d1b5aa86f04230689e/shares/4d39900c-7314-4a2a-ba76-4bac5c5b54ed"}, {"rel": "bookmark", "href": "http://10.132.46.216/share/a1ba3d7696c748d1b5aa86f04230689e/shares/4d39900c-7314-4a2a-ba76-4bac5c5b54ed"}], "is_public": false, "snapshot_support": false, "task_state": null, "share_type_name": "tempest-typeshare-type-792025684", "access_rules_status": "active", "replication_type": null, "has_replicas": false, "user_id": "efe70438227141db9e2832adfbf2803b", "create_share_from_snapshot_support": false, "revert_to_snapshot_support": false, "share_group_id": null, "source_share_group_snapshot_member_id": null, "mount_snapshot_support": false, "progress": null, "is_soft_deleted": false, "scheduled_to_be_deleted_at": null, "source_backup_id": null, "encryption_key_ref": null}}'
2026-02-06 07:12:14,880 167945 INFO     [tempest.lib.common.rest_client] Request (ShareTransferNegativeTest:test_show_transfer_of_other_tenants): 200 GET http://10.132.46.216/share/v2/a1ba3d7696c748d1b5aa86f04230689e/shares/4d39900c-7314-4a2a-ba76-4bac5c5b54ed 0.030s
2026-02-06 07:12:14,880 167945 DEBUG    [tempest.lib.common.rest_client] Request - Headers: {'Content-Type': 'application/json', 'Accept': 'application/json', 'x-openstack-manila-api-version': '2.90', 'X-Auth-Token': '<omitted>'}
        Body: None
    Response - Headers: {'date': 'Fri, 06 Feb 2026 07:12:14 GMT', 'server': 'Apache/2.4.58 (Ubuntu)', 'content-type': 'application/json', 'content-length': '1333', 'x-compute-request-id': 'req-6b7cf532-4edc-40c2-8660-b2215e224d90', 'x-openstack-manila-api-version': '2.90', 'vary': 'X-OpenStack-Manila-API-Version', 'x-openstack-request-id': 'req-6b7cf532-4edc-40c2-8660-b2215e224d90', 'connection': 'close', 'status': '200', 'content-location': 'http://10.132.46.216/share/v2/a1ba3d7696c748d1b5aa86f04230689e/shares/4d39900c-7314-4a2a-ba76-4bac5c5b54ed'}
        Body: b'{"share": {"id": "4d39900c-7314-4a2a-ba76-4bac5c5b54ed", "size": 1, "availability_zone": null, "created_at": "2026-02-06T07:12:11.686613", "status": "error", "name": "tempest-tempest-share-name-833718206", "description": "Tempest\'s share", "project_id": "a1ba3d7696c748d1b5aa86f04230689e", "snapshot_id": null, "share_network_id": null, "share_proto": "NFS", "metadata": {}, "share_type": "4c5096bf-d214-4119-885c-1b4f92814be6", "volume_type": "tempest-typeshare-type-792025684", "links": [{"rel": "self", "href": "http://10.132.46.216/share/v2/a1ba3d7696c748d1b5aa86f04230689e/shares/4d39900c-7314-4a2a-ba76-4bac5c5b54ed"}, {"rel": "bookmark", "href": "http://10.132.46.216/share/a1ba3d7696c748d1b5aa86f04230689e/shares/4d39900c-7314-4a2a-ba76-4bac5c5b54ed"}], "is_public": false, "snapshot_support": false, "task_state": null, "share_type_name": "tempest-typeshare-type-792025684", "access_rules_status": "active", "replication_type": null, "has_replicas": false, "user_id": "efe70438227141db9e2832adfbf2803b", "create_share_from_snapshot_support": false, "revert_to_snapshot_support": false, "share_group_id": null, "source_share_group_snapshot_member_id": null, "mount_snapshot_support": false, "progress": null, "is_soft_deleted": false, "scheduled_to_be_deleted_at": null, "source_backup_id": null, "encryption_key_ref": null}}'


setUpClass (manila_tempest_tests.tests.api.test_shares_actions.SharesActionsTest)
---------------------------------------------------------------------------------

Captured traceback:
~~~~~~~~~~~~~~~~~~~
    Traceback (most recent call last):

      File "/opt/stack/tempest/tempest/test.py", line 185, in setUpClass
    raise value.with_traceback(trace)

      File "/opt/stack/tempest/tempest/test.py", line 178, in setUpClass
    cls.resource_setup()

      File "/opt/stack/tempest/manila-tempest-plugin/manila_tempest_tests/tests/api/test_shares_actions.py", line 58, in resource_setup
    cls.shares.append(cls.create_share(
                      ^^^^^^^^^^^^^^^^^

      File "/opt/stack/tempest/manila-tempest-plugin/manila_tempest_tests/tests/api/base.py", line 411, in create_share
    result = cls.create_shares([{"args": args, "kwargs": kwargs}])
             ^^^^^^^^^^^^^^^^^^^^^^^^^^^^^^^^^^^^^^^^^^^^^^^^^^^^^

      File "/opt/stack/tempest/manila-tempest-plugin/manila_tempest_tests/tests/api/base.py", line 469, in create_shares
    waiters.wait_for_resource_status(

      File "/opt/stack/tempest/manila-tempest-plugin/manila_tempest_tests/common/waiters.py", line 109, in wait_for_resource_status
    raise resource_exception(resource_id=resource_id)

    manila_tempest_tests.share_exceptions.ShareBuildErrorException: Share 31ac38b7-d56b-4d00-b229-39e4213a98a0 failed to build and is in ERROR status


manila_tempest_tests.tests.api.test_share_transfers.ShareTransferTest.test_create_and_accept_share_transfer[api_with_backend,id-3c2622ab-3368-4693-afb6-e60bd27e61ef,positive]
------------------------------------------------------------------------------------------------------------------------------------------------------------------------------

Captured traceback:
~~~~~~~~~~~~~~~~~~~
    Traceback (most recent call last):

      File "/opt/stack/tempest/manila-tempest-plugin/manila_tempest_tests/tests/api/test_share_transfers.py", line 83, in test_create_and_accept_share_transfer
    share = self.create_share(name=share_name,
            ^^^^^^^^^^^^^^^^^^^^^^^^^^^^^^^^^^

      File "/opt/stack/tempest/manila-tempest-plugin/manila_tempest_tests/tests/api/base.py", line 411, in create_share
    result = cls.create_shares([{"args": args, "kwargs": kwargs}])
             ^^^^^^^^^^^^^^^^^^^^^^^^^^^^^^^^^^^^^^^^^^^^^^^^^^^^^

      File "/opt/stack/tempest/manila-tempest-plugin/manila_tempest_tests/tests/api/base.py", line 469, in create_shares
    waiters.wait_for_resource_status(

      File "/opt/stack/tempest/manila-tempest-plugin/manila_tempest_tests/common/waiters.py", line 109, in wait_for_resource_status
    raise resource_exception(resource_id=resource_id)

    manila_tempest_tests.share_exceptions.ShareBuildErrorException: Share ed563a52-b996-4c78-934c-5d7f115df821 failed to build and is in ERROR status


Captured pythonlogging:
~~~~~~~~~~~~~~~~~~~~~~~
    2026-02-06 07:12:28,536 167951 INFO     [tempest.lib.common.rest_client] Request (ShareTransferTest:test_create_and_accept_share_transfer): 200 POST http://10.132.46.216/share/v2/754a2e5dd2194dfb9125c608df1694d5/shares 0.324s
2026-02-06 07:12:28,537 167951 DEBUG    [tempest.lib.common.rest_client] Request - Headers: {'Content-Type': 'application/json', 'Accept': 'application/json', 'x-openstack-manila-api-version': '2.90', 'X-Auth-Token': '<omitted>'}
        Body: {"share": {"share_proto": "nfs", "description": "Tempest's share", "snapshot_id": null, "name": "tempest-tempest-share-name-558994083", "size": 1, "metadata": {}, "is_public": false, "share_type": "90420d7c-69c9-44a7-b372-06687b829007"}}
    Response - Headers: {'date': 'Fri, 06 Feb 2026 07:12:28 GMT', 'server': 'Apache/2.4.58 (Ubuntu)', 'content-type': 'application/json', 'content-length': '1338', 'x-compute-request-id': 'req-7d2e9b16-f364-44bf-9259-29bdffe25a5e', 'x-openstack-manila-api-version': '2.90', 'vary': 'X-OpenStack-Manila-API-Version', 'x-openstack-request-id': 'req-7d2e9b16-f364-44bf-9259-29bdffe25a5e', 'connection': 'close', 'status': '200', 'content-location': 'http://10.132.46.216/share/v2/754a2e5dd2194dfb9125c608df1694d5/shares'}
        Body: b'{"share": {"id": "ed563a52-b996-4c78-934c-5d7f115df821", "size": 1, "availability_zone": null, "created_at": "2026-02-06T07:12:28.416307", "status": "creating", "name": "tempest-tempest-share-name-558994083", "description": "Tempest\'s share", "project_id": "754a2e5dd2194dfb9125c608df1694d5", "snapshot_id": null, "share_network_id": null, "share_proto": "NFS", "metadata": {}, "share_type": "90420d7c-69c9-44a7-b372-06687b829007", "volume_type": "tempest-typeshare-type-1583348948", "links": [{"rel": "self", "href": "http://10.132.46.216/share/v2/754a2e5dd2194dfb9125c608df1694d5/shares/ed563a52-b996-4c78-934c-5d7f115df821"}, {"rel": "bookmark", "href": "http://10.132.46.216/share/754a2e5dd2194dfb9125c608df1694d5/shares/ed563a52-b996-4c78-934c-5d7f115df821"}], "is_public": false, "snapshot_support": false, "task_state": null, "share_type_name": "tempest-typeshare-type-1583348948", "access_rules_status": "active", "replication_type": null, "has_replicas": false, "user_id": "17bde81ff72e434288cc2a86aa014171", "create_share_from_snapshot_support": false, "revert_to_snapshot_support": false, "share_group_id": null, "source_share_group_snapshot_member_id": null, "mount_snapshot_support": false, "progress": null, "is_soft_deleted": false, "scheduled_to_be_deleted_at": null, "source_backup_id": null, "encryption_key_ref": null}}'
2026-02-06 07:12:28,571 167951 INFO     [tempest.lib.common.rest_client] Request (ShareTransferTest:test_create_and_accept_share_transfer): 200 GET http://10.132.46.216/share/v2/754a2e5dd2194dfb9125c608df1694d5/shares/ed563a52-b996-4c78-934c-5d7f115df821 0.034s
2026-02-06 07:12:28,572 167951 DEBUG    [tempest.lib.common.rest_client] Request - Headers: {'Content-Type': 'application/json', 'Accept': 'application/json', 'x-openstack-manila-api-version': '2.90', 'X-Auth-Token': '<omitted>'}
        Body: None
    Response - Headers: {'date': 'Fri, 06 Feb 2026 07:12:28 GMT', 'server': 'Apache/2.4.58 (Ubuntu)', 'content-type': 'application/json', 'content-length': '1338', 'x-compute-request-id': 'req-13231d94-6881-4f64-96d2-7aeb55cc29fe', 'x-openstack-manila-api-version': '2.90', 'vary': 'X-OpenStack-Manila-API-Version', 'x-openstack-request-id': 'req-13231d94-6881-4f64-96d2-7aeb55cc29fe', 'connection': 'close', 'status': '200', 'content-location': 'http://10.132.46.216/share/v2/754a2e5dd2194dfb9125c608df1694d5/shares/ed563a52-b996-4c78-934c-5d7f115df821'}
        Body: b'{"share": {"id": "ed563a52-b996-4c78-934c-5d7f115df821", "size": 1, "availability_zone": null, "created_at": "2026-02-06T07:12:28.416307", "status": "creating", "name": "tempest-tempest-share-name-558994083", "description": "Tempest\'s share", "project_id": "754a2e5dd2194dfb9125c608df1694d5", "snapshot_id": null, "share_network_id": null, "share_proto": "NFS", "metadata": {}, "share_type": "90420d7c-69c9-44a7-b372-06687b82900
    7", "volume_type": "tempest-typeshare-type-1583348948", "links": [{"rel": "self", "href": "http://10.132.46.216/share/v2/754a2e5dd2194dfb9125c608df1694d5/shares/ed563a52-b996-4c78-934c-5d7f115df821"}, {"rel": "bookmark", "href": "http://10.132.46.216/share/754a2e5dd2194dfb9125c608df1694d5/shares/ed563a52-b996-4c78-934c-5d7f115df821"}], "is_public": false, "snapshot_support": false, "task_state": null, "share_type_name": "tempest-typeshare-type-1583348948", "access_rules_status": "active", "replication_type": null, "has_replicas": false, "user_id": "17bde81ff72e434288cc2a86aa014171", "create_share_from_snapshot_support": false, "revert_to_snapshot_support": false, "share_group_id": null, "source_share_group_snapshot_member_id": null, "mount_snapshot_support": false, "progress": null, "is_soft_deleted": false, "scheduled_to_be_deleted_at": null, "source_backup_id": null, "encryption_key_ref": null}}'
2026-02-06 07:12:31,613 167951 INFO     [tempest.lib.common.rest_client] Request (ShareTransferTest:test_create_and_accept_share_transfer): 200 GET http://10.132.46.216/share/v2/754a2e5dd2194dfb9125c608df1694d5/shares/ed563a52-b996-4c78-934c-5d7f115df821 0.040s
2026-02-06 07:12:31,614 167951 DEBUG    [tempest.lib.common.rest_client] Request - Headers: {'Content-Type': 'application/json', 'Accept': 'application/json', 'x-openstack-manila-api-version': '2.90', 'X-Auth-Token': '<omitted>'}
        Body: None
    Response - Headers: {'date': 'Fri, 06 Feb 2026 07:12:31 GMT', 'server': 'Apache/2.4.58 (Ubuntu)', 'content-type': 'application/json', 'content-length': '1335', 'x-compute-request-id': 'req-e053950e-dcfa-46a1-ac96-0304ebbdc56e', 'x-openstack-manila-api-version': '2.90', 'vary': 'X-OpenStack-Manila-API-Version', 'x-openstack-request-id': 'req-e053950e-dcfa-46a1-ac96-0304ebbdc56e', 'connection': 'close', 'status': '200', 'content-location': 'http://10.132.46.216/share/v2/754a2e5dd2194dfb9125c608df1694d5/shares/ed563a52-b996-4c78-934c-5d7f115df821'}
        Body: b'{"share": {"id": "ed563a52-b996-4c78-934c-5d7f115df821", "size": 1, "availability_zone": null, "created_at": "2026-02-06T07:12:28.416307", "status": "error", "name": "tempest-tempest-share-name-558994083", "description": "Tempest\'s share", "project_id": "754a2e5dd2194dfb9125c608df1694d5", "snapshot_id": null, "share_network_id": null, "share_proto": "NFS", "metadata": {}, "share_type": "90420d7c-69c9-44a7-b372-06687b829007", "volume_type": "tempest-typeshare-type-1583348948", "links": [{"rel": "self", "href": "http://10.132.46.216/share/v2/754a2e5dd2194dfb9125c608df1694d5/shares/ed563a52-b996-4c78-934c-5d7f115df821"}, {"rel": "bookmark", "href": "http://10.132.46.216/share/754a2e5dd2194dfb9125c608df1694d5/shares/ed563a52-b996-4c78-934c-5d7f115df821"}], "is_public": false, "snapshot_support": false, "task_state": null, "share_type_name": "tempest-typeshare-type-1583348948", "access_rules_status": "active", "replication_type": null, "has_replicas": false, "user_id": "17bde81ff72e434288cc2a86aa014171", "create_share_from_snapshot_support": false, "revert_to_snapshot_support": false, "share_group_id": null, "source_share_group_snapshot_member_id": null, "mount_snapshot_support": false, "progress": null, "is_soft_deleted": false, "scheduled_to_be_deleted_at": null, "source_backup_id": null, "encryption_key_ref": null}}'


manila_tempest_tests.tests.api.test_share_transfers.ShareTransferTest.test_create_and_delete_share_transfer[api_with_backend,id-716e71a0-8265-4410-9170-08714095d9e8,positive]
------------------------------------------------------------------------------------------------------------------------------------------------------------------------------

Captured traceback:
~~~~~~~~~~~~~~~~~~~
    Traceback (most recent call last):

      File "/opt/stack/tempest/manila-tempest-plugin/manila_tempest_tests/tests/api/test_share_transfers.py", line 53, in test_create_and_delete_share_transfer
    share = self.create_share(name=share_name,
            ^^^^^^^^^^^^^^^^^^^^^^^^^^^^^^^^^^

      File "/opt/stack/tempest/manila-tempest-plugin/manila_tempest_tests/tests/api/base.py", line 411, in create_share
    result = cls.create_shares([{"args": args, "kwargs": kwargs}])
             ^^^^^^^^^^^^^^^^^^^^^^^^^^^^^^^^^^^^^^^^^^^^^^^^^^^^^

      File "/opt/stack/tempest/manila-tempest-plugin/manila_tempest_tests/tests/api/base.py", line 469, in create_shares
    waiters.wait_for_resource_status(

      File "/opt/stack/tempest/manila-tempest-plugin/manila_tempest_tests/common/waiters.py", line 109, in wait_for_resource_status
    raise resource_exception(resource_id=resource_id)

    manila_tempest_tests.share_exceptions.ShareBuildErrorException: Share 91d57892-8c2b-4e9d-8562-f9c8b1d44226 failed to build and is in ERROR status


Captured pythonlogging:
~~~~~~~~~~~~~~~~~~~~~~~
    2026-02-06 07:12:31,800 167951 INFO     [tempest.lib.common.rest_client] Request (ShareTransferTest:test_create_and_delete_share_transfer): 200 POST http://10.132.46.216/share/v2/754a2e5dd2194dfb9125c608df1694d5/shares 0.181s
2026-02-06 07:12:31,800 167951 DEBUG    [tempest.lib.common.rest_client] Request - Headers: {'Content-Type': 'application/json', 'Accept': 'application/json', 'x-openstack-manila-api-version': '2.90', 'X-Auth-Token': '<omitted>'}
        Body: {"share": {"share_proto": "nfs", "description": "Tempest's share", "snapshot_id": null, "name": "tempest-tempest-share-name-1174446320", "size": 1, "metadata": {}, "is_public": false, "share_type": "90420d7c-69c9-44a7-b372-06687b829007"}}
    Response - Headers: {'date': 'Fri, 06 Feb 2026 07:12:31 GMT', 'server': 'Apache/2.4.58 (Ubuntu)', 'content-type': 'application/json', 'content-length': '1339', 'x-compute-request-id': 'req-2bd5c3f5-99d4-4ca1-9250-09db8ebd3224', 'x-openstack-manila-api-version': '2.90', 'vary': 'X-OpenStack-Manila-API-Version', 'x-openstack-request-id': 'req-2bd5c3f5-99d4-4ca1-9250-09db8ebd3224', 'connection': 'close', 'status': '200', 'content-location': 'http://10.132.46.216/share/v2/754a2e5dd2194dfb9125c608df1694d5/shares'}
        Body: b'{"share": {"id": "91d57892-8c2b-4e9d-8562-f9c8b1d44226", "size": 1, "availability_zone": null, "created_at": "2026-02-06T07:12:31.687373", "status": "creating", "name": "tempest-tempest-share-name-1174446320", "description": "Tempest\'s share", "project_id": "754a2e5dd2194dfb9125c608df1694d5", "snapshot_id": null, "share_network_id": null, "share_proto": "NFS", "metadata": {}, "share_type": "90420d7c-69c9-44a7-b372-06687b829007", "volume_type": "tempest-typeshare-type-1583348948", "links": [{"rel": "self", "href": "http://10.132.46.216/share/v2/754a2e5dd2194dfb9125c608df1694d5/shares/91d57892-8c2b-4e9d-8562-f9c8b1d44226"}, {"rel": "bookmark", "href": "http://10.132.46.216/share/754a2e5dd2194dfb9125c608df1694d5/shares/91d57892-8c2b-4e9d-8562-f9c8b1d44226"}], "is_public": false, "snapshot_support": false, "task_state": null, "share_type_name": "tempest-typeshare-type-1583348948", "access_rules_status": "active", "replication_type": null, "has_replicas": false, "user_id": "17bde81ff72e434288cc2a86aa014171", "create_share_from_snapshot_support": false, "revert_to_snapshot_support": false, "share_group_id": null, "source_share_group_snapshot_member_id": null, "mount_snapshot_support": false, "progress": null, "is_soft_deleted": false, "scheduled_to_be_deleted_at": null, "source_backup_id": null, "encryption_key_ref": null}}'
2026-02-06 07:12:31,835 167951 INFO     [tempest.lib.common.rest_client] Request (ShareTransferTest:test_create_and_delete_share_transfer): 200 GET http://10.132.46.216/share/v2/754a2e5dd2194dfb9125c608df1694d5/shares/91d57892-8c2b-4e9d-8562-f9c8b1d44226 0.034s
2026-02-06 07:12:31,835 167951 DEBUG    [tempest.lib.common.rest_client] Request - Headers: {'Content-Type': 'application/json', 'Accept': 'application/json', 'x-openstack-manila-api-version': '2.90', 'X-Auth-Token': '<omitted>'}
        Body: None
    Response - Headers: {'date': 'Fri, 06 Feb 2026 07:12:31 GMT', 'server': 'Apache/2.4.58 (Ubuntu)', 'content-type': 'application/json', 'content-length': '1339', 'x-compute-request-id': 'req-75e961fa-096f-440f-b53a-c77b2ac642ca', 'x-openstack-manila-api-version': '2.90', 'vary': 'X-OpenStack-Manila-API-Version', 'x-openstack-request-id': 'req-75e961fa-096f-440f-b53a-c77b2ac642ca', 'connection': 'close', 'status': '200', 'content-location': 'http://10.132.46.216/share/v2/754a2e5dd2194dfb9125c608df1694d5/shares/91d57892-8c2b-4e9d-8562-f9c8b1d44226'}
        Body: b'{"share": {"id": "91d57892-8c2b-4e9d-8562-f9c8b1d44226", "size": 1, "availability_zone": null, "created_at": "2026-02-06T07:12:31.687373", "status": "creating", "name": "tempest-tempest-share-name-1174446320", "description": "Tempest\'s share", "project_id": "754a2e5dd2194dfb9125c608df1694d5", "snapshot_id": null, "share_network_id": null, "share_proto": "NFS", "metadata": {}, "share_type": "90420d7c-69c9-44a7-b372-06687b82
    9007", "volume_type": "tempest-typeshare-type-1583348948", "links": [{"rel": "self", "href": "http://10.132.46.216/share/v2/754a2e5dd2194dfb9125c608df1694d5/shares/91d57892-8c2b-4e9d-8562-f9c8b1d44226"}, {"rel": "bookmark", "href": "http://10.132.46.216/share/754a2e5dd2194dfb9125c608df1694d5/shares/91d57892-8c2b-4e9d-8562-f9c8b1d44226"}], "is_public": false, "snapshot_support": false, "task_state": null, "share_type_name": "tempest-typeshare-type-1583348948", "access_rules_status": "active", "replication_type": null, "has_replicas": false, "user_id": "17bde81ff72e434288cc2a86aa014171", "create_share_from_snapshot_support": false, "revert_to_snapshot_support": false, "share_group_id": null, "source_share_group_snapshot_member_id": null, "mount_snapshot_support": false, "progress": null, "is_soft_deleted": false, "scheduled_to_be_deleted_at": null, "source_backup_id": null, "encryption_key_ref": null}}'
2026-02-06 07:12:34,867 167951 INFO     [tempest.lib.common.rest_client] Request (ShareTransferTest:test_create_and_delete_share_transfer): 200 GET http://10.132.46.216/share/v2/754a2e5dd2194dfb9125c608df1694d5/shares/91d57892-8c2b-4e9d-8562-f9c8b1d44226 0.031s
2026-02-06 07:12:34,867 167951 DEBUG    [tempest.lib.common.rest_client] Request - Headers: {'Content-Type': 'application/json', 'Accept': 'application/json', 'x-openstack-manila-api-version': '2.90', 'X-Auth-Token': '<omitted>'}
        Body: None
    Response - Headers: {'date': 'Fri, 06 Feb 2026 07:12:34 GMT', 'server': 'Apache/2.4.58 (Ubuntu)', 'content-type': 'application/json', 'content-length': '1336', 'x-compute-request-id': 'req-736a25aa-469c-49fd-9fb6-73de37ec91a9', 'x-openstack-manila-api-version': '2.90', 'vary': 'X-OpenStack-Manila-API-Version', 'x-openstack-request-id': 'req-736a25aa-469c-49fd-9fb6-73de37ec91a9', 'connection': 'close', 'status': '200', 'content-location': 'http://10.132.46.216/share/v2/754a2e5dd2194dfb9125c608df1694d5/shares/91d57892-8c2b-4e9d-8562-f9c8b1d44226'}
        Body: b'{"share": {"id": "91d57892-8c2b-4e9d-8562-f9c8b1d44226", "size": 1, "availability_zone": null, "created_at": "2026-02-06T07:12:31.687373", "status": "error", "name": "tempest-tempest-share-name-1174446320", "description": "Tempest\'s share", "project_id": "754a2e5dd2194dfb9125c608df1694d5", "snapshot_id": null, "share_network_id": null, "share_proto": "NFS", "metadata": {}, "share_type": "90420d7c-69c9-44a7-b372-06687b829007", "volume_type": "tempest-typeshare-type-1583348948", "links": [{"rel": "self", "href": "http://10.132.46.216/share/v2/754a2e5dd2194dfb9125c608df1694d5/shares/91d57892-8c2b-4e9d-8562-f9c8b1d44226"}, {"rel": "bookmark", "href": "http://10.132.46.216/share/754a2e5dd2194dfb9125c608df1694d5/shares/91d57892-8c2b-4e9d-8562-f9c8b1d44226"}], "is_public": false, "snapshot_support": false, "task_state": null, "share_type_name": "tempest-typeshare-type-1583348948", "access_rules_status": "active", "replication_type": null, "has_replicas": false, "user_id": "17bde81ff72e434288cc2a86aa014171", "create_share_from_snapshot_support": false, "revert_to_snapshot_support": false, "share_group_id": null, "source_share_group_snapshot_member_id": null, "mount_snapshot_support": false, "progress": null, "is_soft_deleted": false, "scheduled_to_be_deleted_at": null, "source_backup_id": null, "encryption_key_ref": null}}'
2026-02-06 07:12:34,889 167951 INFO     [tempest.lib.common.rest_client] Request (ShareTransferTest:_run_cleanups): 200 GET http://10.132.46.216/share/v2/754a2e5dd2194dfb9125c608df1694d5/share-replicas/detail?share_id=91d57892-8c2b-4e9d-8562-f9c8b1d44226 0.020s
2026-02-06 07:12:34,889 167951 DEBUG    [tempest.lib.common.rest_client] Request - Headers: {'Content-Type': 'application/json', 'Accept': 'application/json', 'x-openstack-manila-api-version': '2.90', 'X-Auth-Token': '<omitted>'}
        Body: None
    Response - Headers: {'date': 'Fri, 06 Feb 2026 07:12:34 GMT', 'server': 'Apache/2.4.58 (Ubuntu)', 'content-type': 'application/json', 'content-length': '22', 'x-compute-request-id': 'req-47ff4337-1e47-4725-ba38-0023ae47500a', 'x-openstack-manil
    a-api-version': '2.90', 'vary': 'X-OpenStack-Manila-API-Version', 'x-openstack-request-id': 'req-47ff4337-1e47-4725-ba38-0023ae47500a', 'connection': 'close', 'status': '200', 'content-location': 'http://10.132.46.216/share/v2/754a2e5dd2194dfb9125c608df1694d5/share-replicas/detail?share_id=91d57892-8c2b-4e9d-8562-f9c8b1d44226'}
        Body: b'{"share_replicas": []}'
2026-02-06 07:12:35,107 167951 INFO     [tempest.lib.common.rest_client] Request (ShareTransferTest:_run_cleanups): 202 DELETE http://10.132.46.216/share/v2/754a2e5dd2194dfb9125c608df1694d5/shares/91d57892-8c2b-4e9d-8562-f9c8b1d44226 0.217s
2026-02-06 07:12:35,108 167951 DEBUG    [tempest.lib.common.rest_client] Request - Headers: {'Content-Type': 'application/json', 'Accept': 'application/json', 'x-openstack-manila-api-version': '2.90', 'X-Auth-Token': '<omitted>'}
        Body: None
    Response - Headers: {'date': 'Fri, 06 Feb 2026 07:12:34 GMT', 'server': 'Apache/2.4.58 (Ubuntu)', 'content-length': '0', 'content-type': 'text/html; charset=UTF-8', 'x-compute-request-id': 'req-24f5a481-eb90-4289-87f0-c430b9cf738e', 'x-openstack-manila-api-version': '2.90', 'vary': 'X-OpenStack-Manila-API-Version', 'x-openstack-request-id': 'req-24f5a481-eb90-4289-87f0-c430b9cf738e', 'connection': 'close', 'status': '202', 'content-location': 'http://10.132.46.216/share/v2/754a2e5dd2194dfb9125c608df1694d5/shares/91d57892-8c2b-4e9d-8562-f9c8b1d44226'}
        Body: b''
2026-02-06 07:12:35,122 167951 INFO     [tempest.lib.common.rest_client] Request (ShareTransferTest:_run_cleanups): 404 GET http://10.132.46.216/share/v2/754a2e5dd2194dfb9125c608df1694d5/shares/91d57892-8c2b-4e9d-8562-f9c8b1d44226 0.013s
2026-02-06 07:12:35,122 167951 DEBUG    [tempest.lib.common.rest_client] Request - Headers: {'Content-Type': 'application/json', 'Accept': 'application/json', 'x-openstack-manila-api-version': '2.90', 'X-Auth-Token': '<omitted>'}
        Body: None
    Response - Headers: {'date': 'Fri, 06 Feb 2026 07:12:35 GMT', 'server': 'Apache/2.4.58 (Ubuntu)', 'x-openstack-manila-api-version': '2.90', 'vary': 'X-OpenStack-Manila-API-Version', 'content-length': '78', 'content-type': 'application/json', 'x-compute-request-id': 'req-1bb3b65f-2127-4b83-a345-9cc55782d82b', 'x-openstack-request-id': 'req-1bb3b65f-2127-4b83-a345-9cc55782d82b', 'connection': 'close', 'status': '404', 'content-location': 'http://10.132.46.216/share/v2/754a2e5dd2194dfb9125c608df1694d5/shares/91d57892-8c2b-4e9d-8562-f9c8b1d44226'}
        Body: b'{"itemNotFound": {"code": 404, "message": "The resource could not be found."}}'


setUpClass (manila_tempest_tests.tests.api.test_shares_actions.SharesRenameTest)
--------------------------------------------------------------------------------

Captured traceback:
~~~~~~~~~~~~~~~~~~~
    Traceback (most recent call last):

      File "/opt/stack/tempest/tempest/test.py", line 185, in setUpClass
    raise value.with_traceback(trace)

      File "/opt/stack/tempest/tempest/test.py", line 178, in setUpClass
    cls.resource_setup()

      File "/opt/stack/tempest/manila-tempest-plugin/manila_tempest_tests/tests/api/test_shares_actions.py", line 759, in resource_setup
    cls.share = cls.create_share(
                ^^^^^^^^^^^^^^^^^

      File "/opt/stack/tempest/manila-tempest-plugin/manila_tempest_tests/tests/api/base.py", line 411, in create_share
    result = cls.create_shares([{"args": args, "kwargs": kwargs}])
             ^^^^^^^^^^^^^^^^^^^^^^^^^^^^^^^^^^^^^^^^^^^^^^^^^^^^^

      File "/opt/stack/tempest/manila-tempest-plugin/manila_tempest_tests/tests/api/base.py", line 469, in create_shares
    waiters.wait_for_resource_status(

      File "/opt/stack/tempest/manila-tempest-plugin/manila_tempest_tests/common/waiters.py", line 109, in wait_for_resource_status
    raise resource_exception(resource_id=resource_id)

    manila_tempest_tests.share_exceptions.ShareBuildErrorException: Share d82be775-8bec-42fa-aec5-86f5fa94c2b3 failed to build and is in ERROR status



======
Totals
======
Ran: 646 tests in 185.7074 sec.
 - Passed: 441
 - Skipped: 144
 - Expected Fail: 0
 - Unexpected Success: 0
 - Failed: 61
Sum of execute time for each test: 223.4692 sec.

==============
Worker Balance
==============
 - Worker 0 (244 tests) => 0:02:57.298405
 - Worker 1 (117 tests) => 0:01:14.386705
 - Worker 2 (130 tests) => 0:02:54.699805
 - Worker 3 (155 tests) => 0:02:58.335323
